record_id,model,condition,gold_family,response_parseable,any_renderer_executable,top1_renderer_executable,renderer_executable_fraction,top1_registered_compliant,registered_compliant_fraction,candidate_count
nvbench2:dev:17,gemma3:27b,direct,line,1.0,1.0,1.0,1.0,0.0,0.5,4
nvbench2:dev:22,gemma3:27b,direct,boxplot,1.0,1.0,0.0,0.5,0.0,0.0,2
nvbench2:dev:23,gemma3:27b,direct,point,1.0,1.0,1.0,1.0,1.0,1.0,2
nvbench2:dev:25,gemma3:27b,direct,rect,1.0,1.0,1.0,1.0,0.0,0.0,1
nvbench2:dev:33,gemma3:27b,direct,arc,1.0,1.0,1.0,1.0,1.0,0.5,2
nvbench2:dev:34,gemma3:27b,direct,point,1.0,1.0,1.0,1.0,1.0,0.5,2
nvbench2:dev:35,gemma3:27b,direct,bar+line+point+rect,1.0,1.0,1.0,0.5,1.0,1.0,2
nvbench2:dev:39,gemma3:27b,direct,arc,1.0,1.0,1.0,1.0,1.0,0.5,2
nvbench2:dev:40,gemma3:27b,direct,rect,1.0,1.0,1.0,1.0,1.0,1.0,1
nvbench2:dev:41,gemma3:27b,direct,arc,1.0,1.0,1.0,1.0,1.0,1.0,2
nvbench2:dev:48,gemma3:27b,direct,arc,1.0,1.0,1.0,1.0,1.0,1.0,1
nvbench2:dev:49,gemma3:27b,direct,line,1.0,1.0,1.0,1.0,0.0,0.0,1
nvbench2:dev:51,gemma3:27b,direct,bar,1.0,1.0,1.0,1.0,0.0,0.6666666666666666,3
nvbench2:dev:54,gemma3:27b,direct,bar,1.0,1.0,1.0,1.0,1.0,1.0,2
nvbench2:dev:57,gemma3:27b,direct,rect,1.0,1.0,1.0,1.0,0.0,0.0,1
nvbench2:dev:61,gemma3:27b,direct,arc,1.0,1.0,1.0,1.0,0.0,0.0,1
nvbench2:dev:63,gemma3:27b,direct,arc,1.0,1.0,1.0,1.0,0.0,0.0,3
nvbench2:dev:68,gemma3:27b,direct,arc,1.0,1.0,1.0,1.0,1.0,0.5,2
nvbench2:dev:72,gemma3:27b,direct,arc,1.0,0.0,0.0,0.0,0.0,0.0,3
nvbench2:dev:73,gemma3:27b,direct,arc,1.0,1.0,1.0,1.0,0.0,0.0,3
nvbench2:dev:76,gemma3:27b,direct,bar,1.0,1.0,1.0,1.0,0.0,0.5,4
nvbench2:dev:83,gemma3:27b,direct,arc,1.0,1.0,1.0,1.0,1.0,0.5,2
nvbench2:dev:84,gemma3:27b,direct,rect,1.0,1.0,1.0,1.0,0.0,0.0,3
nvbench2:dev:89,gemma3:27b,direct,arc,1.0,1.0,1.0,1.0,1.0,1.0,2
nvbench2:dev:92,gemma3:27b,direct,arc,1.0,1.0,1.0,1.0,0.0,0.0,2
nvbench2:dev:97,gemma3:27b,direct,line,1.0,1.0,1.0,1.0,0.0,0.0,2
nvbench2:dev:103,gemma3:27b,direct,boxplot,1.0,1.0,1.0,1.0,1.0,0.5,2
nvbench2:dev:105,gemma3:27b,direct,arc,1.0,1.0,1.0,1.0,0.0,0.0,3
nvbench2:dev:108,gemma3:27b,direct,boxplot,1.0,1.0,1.0,1.0,0.0,0.0,1
nvbench2:dev:112,gemma3:27b,direct,boxplot,1.0,0.0,0.0,0.0,0.0,0.0,2
nvbench2:dev:114,gemma3:27b,direct,line,1.0,1.0,1.0,1.0,0.0,0.6666666666666666,3
nvbench2:dev:116,gemma3:27b,direct,arc,1.0,1.0,1.0,1.0,1.0,0.75,4
nvbench2:dev:118,gemma3:27b,direct,rect,1.0,1.0,1.0,1.0,1.0,1.0,2
nvbench2:dev:127,gemma3:27b,direct,arc,1.0,1.0,1.0,1.0,0.0,0.0,2
nvbench2:dev:136,gemma3:27b,direct,boxplot,1.0,0.0,0.0,0.0,0.0,0.0,1
nvbench2:dev:138,gemma3:27b,direct,bar,1.0,1.0,1.0,1.0,0.0,0.5,2
nvbench2:dev:139,gemma3:27b,direct,line,1.0,1.0,1.0,1.0,0.0,0.3333333333333333,3
nvbench2:dev:143,gemma3:27b,direct,rect,1.0,1.0,1.0,1.0,1.0,1.0,2
nvbench2:dev:144,gemma3:27b,direct,bar,1.0,1.0,1.0,1.0,0.0,0.0,1
nvbench2:dev:149,gemma3:27b,direct,point,1.0,1.0,1.0,1.0,1.0,1.0,2
nvbench2:dev:157,gemma3:27b,direct,point,1.0,1.0,1.0,1.0,0.0,0.6666666666666666,3
nvbench2:dev:158,gemma3:27b,direct,point,1.0,1.0,1.0,1.0,0.0,0.0,2
nvbench2:dev:165,gemma3:27b,direct,line,1.0,1.0,1.0,1.0,1.0,0.6666666666666666,3
nvbench2:dev:167,gemma3:27b,direct,bar,1.0,0.0,0.0,0.0,0.0,0.0,1
nvbench2:dev:176,gemma3:27b,direct,line,1.0,1.0,1.0,1.0,1.0,1.0,2
nvbench2:dev:182,gemma3:27b,direct,rect,1.0,1.0,1.0,1.0,0.0,0.5,2
nvbench2:dev:188,gemma3:27b,direct,rect,1.0,1.0,1.0,1.0,1.0,1.0,2
nvbench2:dev:191,gemma3:27b,direct,rect,1.0,1.0,1.0,1.0,1.0,1.0,1
nvbench2:dev:203,gemma3:27b,direct,bar+line,1.0,1.0,1.0,1.0,0.0,0.6666666666666666,3
nvbench2:dev:214,gemma3:27b,direct,rect,1.0,1.0,1.0,1.0,0.0,0.0,1
nvbench2:dev:223,gemma3:27b,direct,boxplot,1.0,1.0,1.0,1.0,0.0,0.0,2
nvbench2:dev:228,gemma3:27b,direct,rect,1.0,1.0,1.0,1.0,0.0,0.0,2
nvbench2:dev:232,gemma3:27b,direct,arc,1.0,1.0,1.0,1.0,0.0,0.0,1
nvbench2:dev:245,gemma3:27b,direct,line,1.0,1.0,1.0,1.0,1.0,1.0,4
nvbench2:dev:252,gemma3:27b,direct,rect,1.0,1.0,1.0,1.0,1.0,1.0,2
nvbench2:dev:253,gemma3:27b,direct,arc+bar+line,1.0,1.0,1.0,1.0,0.0,0.0,3
nvbench2:dev:255,gemma3:27b,direct,bar,1.0,1.0,1.0,1.0,0.0,0.0,2
nvbench2:dev:256,gemma3:27b,direct,rect,1.0,1.0,1.0,1.0,1.0,1.0,5
nvbench2:dev:259,gemma3:27b,direct,point,1.0,1.0,1.0,1.0,0.0,0.0,1
nvbench2:dev:278,gemma3:27b,direct,arc,1.0,1.0,1.0,1.0,1.0,0.3333333333333333,3
nvbench2:dev:283,gemma3:27b,direct,rect,1.0,0.0,0.0,0.0,1.0,1.0,3
nvbench2:dev:286,gemma3:27b,direct,bar,1.0,1.0,1.0,1.0,1.0,1.0,3
nvbench2:dev:292,gemma3:27b,direct,rect,1.0,1.0,0.0,0.6666666666666666,0.0,0.6666666666666666,3
nvbench2:dev:296,gemma3:27b,direct,bar,1.0,1.0,1.0,0.6666666666666666,0.0,0.6666666666666666,3
nvbench2:dev:298,gemma3:27b,direct,bar,1.0,1.0,1.0,0.6666666666666666,0.0,0.3333333333333333,3
nvbench2:dev:300,gemma3:27b,direct,arc,1.0,1.0,1.0,1.0,0.0,0.0,4
nvbench2:dev:302,gemma3:27b,direct,rect,1.0,1.0,1.0,1.0,1.0,1.0,2
nvbench2:dev:307,gemma3:27b,direct,rect,1.0,1.0,1.0,0.5,0.0,0.0,4
nvbench2:dev:314,gemma3:27b,direct,arc,1.0,1.0,1.0,1.0,0.0,0.0,1
nvbench2:dev:315,gemma3:27b,direct,bar,1.0,1.0,1.0,1.0,1.0,1.0,3
nvbench2:dev:317,gemma3:27b,direct,rect,1.0,1.0,0.0,0.5,1.0,1.0,4
nvbench2:dev:319,gemma3:27b,direct,boxplot,1.0,1.0,1.0,1.0,1.0,0.5,2
nvbench2:dev:326,gemma3:27b,direct,rect,1.0,1.0,1.0,1.0,0.0,0.0,2
nvbench2:dev:327,gemma3:27b,direct,boxplot,1.0,1.0,1.0,1.0,0.0,0.25,4
nvbench2:dev:331,gemma3:27b,direct,bar,1.0,1.0,1.0,1.0,0.0,0.0,2
nvbench2:dev:332,gemma3:27b,direct,arc,1.0,1.0,1.0,1.0,0.0,0.0,2
nvbench2:dev:336,gemma3:27b,direct,arc,1.0,1.0,1.0,1.0,0.0,0.0,3
nvbench2:dev:338,gemma3:27b,direct,rect,1.0,1.0,1.0,1.0,0.0,0.0,2
nvbench2:dev:340,gemma3:27b,direct,rect,1.0,1.0,1.0,1.0,0.0,0.5,2
nvbench2:dev:346,gemma3:27b,direct,bar+line+rect,1.0,1.0,1.0,1.0,1.0,1.0,3
nvbench2:dev:358,gemma3:27b,direct,bar,1.0,1.0,1.0,0.6666666666666666,0.0,0.6666666666666666,3
nvbench2:dev:362,gemma3:27b,direct,rect,1.0,1.0,1.0,1.0,0.0,0.0,3
nvbench2:dev:367,gemma3:27b,direct,bar,1.0,1.0,1.0,1.0,0.0,0.0,2
nvbench2:dev:381,gemma3:27b,direct,rect,1.0,1.0,1.0,1.0,1.0,1.0,2
nvbench2:dev:383,gemma3:27b,direct,rect,1.0,1.0,1.0,1.0,0.0,0.5,2
nvbench2:dev:384,gemma3:27b,direct,bar,1.0,1.0,1.0,1.0,1.0,1.0,2
nvbench2:dev:388,gemma3:27b,direct,rect,1.0,1.0,1.0,1.0,0.0,0.0,3
nvbench2:dev:394,gemma3:27b,direct,arc,1.0,1.0,1.0,1.0,1.0,0.5,2
nvbench2:dev:398,gemma3:27b,direct,line,1.0,1.0,1.0,1.0,1.0,1.0,2
nvbench2:dev:403,gemma3:27b,direct,point,1.0,0.0,0.0,0.0,1.0,0.8,5
nvbench2:dev:405,gemma3:27b,direct,bar,1.0,1.0,1.0,1.0,1.0,1.0,3
nvbench2:dev:421,gemma3:27b,direct,arc,1.0,1.0,1.0,1.0,0.0,0.0,1
nvbench2:dev:422,gemma3:27b,direct,arc,1.0,1.0,1.0,0.5,0.0,0.25,4
nvbench2:dev:436,gemma3:27b,direct,point,1.0,1.0,1.0,1.0,1.0,1.0,2
nvbench2:dev:444,gemma3:27b,direct,point,1.0,1.0,0.0,0.4,0.0,0.6,5
nvbench2:dev:445,gemma3:27b,direct,boxplot,1.0,1.0,1.0,1.0,0.0,0.0,1
nvbench2:dev:455,gemma3:27b,direct,bar,1.0,1.0,1.0,1.0,1.0,1.0,2
nvbench2:dev:457,gemma3:27b,direct,arc,1.0,1.0,1.0,1.0,1.0,0.5,2
nvbench2:dev:462,gemma3:27b,direct,bar,1.0,1.0,1.0,1.0,1.0,1.0,2
nvbench2:dev:463,gemma3:27b,direct,bar+line+point,1.0,0.0,0.0,0.0,1.0,1.0,3
nvbench2:dev:465,gemma3:27b,direct,arc,1.0,1.0,1.0,1.0,0.0,0.0,1
nvbench2:dev:470,gemma3:27b,direct,boxplot,1.0,1.0,1.0,1.0,0.0,0.5,2
nvbench2:dev:475,gemma3:27b,direct,bar+line,1.0,1.0,1.0,1.0,1.0,1.0,2
nvbench2:dev:485,gemma3:27b,direct,bar,1.0,0.0,0.0,0.0,0.0,0.5,2
nvbench2:dev:492,gemma3:27b,direct,arc,1.0,1.0,1.0,1.0,0.0,0.0,2
nvbench2:dev:495,gemma3:27b,direct,boxplot,1.0,1.0,1.0,1.0,1.0,1.0,2
nvbench2:dev:498,gemma3:27b,direct,arc,1.0,1.0,1.0,1.0,0.0,0.0,2
nvbench2:dev:499,gemma3:27b,direct,line,1.0,1.0,1.0,1.0,0.0,0.0,2
nvbench2:dev:507,gemma3:27b,direct,rect,1.0,1.0,1.0,1.0,1.0,1.0,2
nvbench2:dev:508,gemma3:27b,direct,arc,1.0,1.0,1.0,1.0,0.0,0.0,2
nvbench2:dev:515,gemma3:27b,direct,line,1.0,1.0,1.0,1.0,1.0,1.0,2
nvbench2:dev:531,gemma3:27b,direct,bar,1.0,1.0,1.0,1.0,0.0,0.0,3
nvbench2:dev:538,gemma3:27b,direct,arc,1.0,1.0,1.0,1.0,1.0,1.0,2
nvbench2:dev:540,gemma3:27b,direct,bar,1.0,1.0,1.0,1.0,0.0,0.5,2
nvbench2:dev:551,gemma3:27b,direct,line,1.0,1.0,1.0,1.0,0.0,0.5,2
nvbench2:dev:554,gemma3:27b,direct,point,1.0,1.0,1.0,1.0,1.0,1.0,1
nvbench2:dev:562,gemma3:27b,direct,bar,1.0,1.0,1.0,1.0,0.0,0.0,1
nvbench2:dev:568,gemma3:27b,direct,line,1.0,1.0,1.0,1.0,0.0,0.0,2
nvbench2:dev:571,gemma3:27b,direct,rect,1.0,0.0,0.0,0.0,0.0,0.0,1
nvbench2:dev:572,gemma3:27b,direct,bar,1.0,1.0,1.0,1.0,1.0,1.0,2
nvbench2:dev:573,gemma3:27b,direct,point,1.0,1.0,1.0,1.0,0.0,0.0,3
nvbench2:dev:603,gemma3:27b,direct,rect,1.0,1.0,1.0,1.0,0.0,0.0,2
nvbench2:dev:605,gemma3:27b,direct,line,1.0,1.0,1.0,1.0,0.0,0.0,2
nvbench2:dev:606,gemma3:27b,direct,bar,1.0,1.0,1.0,1.0,0.0,0.0,1
nvbench2:dev:612,gemma3:27b,direct,arc,1.0,1.0,1.0,1.0,1.0,1.0,3
nvbench2:dev:614,gemma3:27b,direct,bar,1.0,1.0,1.0,1.0,1.0,1.0,3
nvbench2:dev:628,gemma3:27b,direct,rect,1.0,1.0,1.0,1.0,1.0,1.0,4
nvbench2:dev:641,gemma3:27b,direct,rect,1.0,1.0,1.0,1.0,0.0,0.0,2
nvbench2:dev:642,gemma3:27b,direct,line,1.0,1.0,1.0,1.0,0.0,0.0,2
nvbench2:dev:644,gemma3:27b,direct,bar+line,1.0,1.0,1.0,1.0,0.0,0.3333333333333333,3
nvbench2:dev:647,gemma3:27b,direct,bar,1.0,1.0,1.0,1.0,0.0,0.5,2
nvbench2:dev:651,gemma3:27b,direct,bar,1.0,1.0,1.0,1.0,0.0,0.75,4
nvbench2:dev:655,gemma3:27b,direct,line,1.0,1.0,1.0,1.0,0.0,0.3333333333333333,3
nvbench2:dev:666,gemma3:27b,direct,line,1.0,1.0,1.0,1.0,1.0,1.0,2
nvbench2:dev:672,gemma3:27b,direct,bar,1.0,1.0,1.0,1.0,0.0,0.0,2
nvbench2:dev:675,gemma3:27b,direct,bar,1.0,1.0,1.0,1.0,0.0,0.0,3
nvbench2:dev:681,gemma3:27b,direct,bar,1.0,1.0,1.0,1.0,1.0,1.0,3
nvbench2:dev:683,gemma3:27b,direct,bar,1.0,1.0,1.0,1.0,0.0,0.0,4
nvbench2:dev:684,gemma3:27b,direct,bar,1.0,1.0,1.0,1.0,0.0,0.0,3
nvbench2:dev:713,gemma3:27b,direct,bar,1.0,0.0,0.0,0.0,0.0,0.0,3
nvbench2:dev:715,gemma3:27b,direct,point,1.0,1.0,1.0,1.0,0.0,0.5,2
nvbench2:dev:716,gemma3:27b,direct,boxplot,1.0,1.0,1.0,1.0,1.0,1.0,3
nvbench2:dev:717,gemma3:27b,direct,boxplot,1.0,1.0,1.0,1.0,0.0,0.0,3
nvbench2:dev:718,gemma3:27b,direct,boxplot,1.0,1.0,1.0,1.0,0.0,0.0,1
nvbench2:dev:719,gemma3:27b,direct,arc,1.0,1.0,1.0,1.0,0.0,0.5,2
nvbench2:dev:721,gemma3:27b,direct,boxplot,1.0,1.0,1.0,1.0,0.0,0.6666666666666666,3
nvbench2:dev:723,gemma3:27b,direct,boxplot,1.0,1.0,1.0,1.0,0.0,0.3333333333333333,3
nvbench2:dev:725,gemma3:27b,direct,boxplot,1.0,1.0,1.0,1.0,0.0,0.0,1
nvbench2:dev:732,gemma3:27b,direct,bar+line+rect,1.0,1.0,1.0,1.0,1.0,1.0,2
nvbench2:dev:733,gemma3:27b,direct,bar+line+rect,1.0,1.0,1.0,1.0,0.0,0.3333333333333333,3
nvbench2:dev:17,gemma3:27b,direct_rich,line,1.0,1.0,1.0,1.0,0.0,0.0,3
nvbench2:dev:22,gemma3:27b,direct_rich,boxplot,1.0,0.0,0.0,0.0,0.0,0.0,1
nvbench2:dev:23,gemma3:27b,direct_rich,point,1.0,1.0,1.0,1.0,1.0,1.0,2
nvbench2:dev:25,gemma3:27b,direct_rich,rect,1.0,1.0,1.0,1.0,0.0,0.0,1
nvbench2:dev:33,gemma3:27b,direct_rich,arc,1.0,1.0,1.0,1.0,1.0,1.0,3
nvbench2:dev:34,gemma3:27b,direct_rich,point,1.0,1.0,1.0,1.0,1.0,1.0,1
nvbench2:dev:35,gemma3:27b,direct_rich,bar+line+point+rect,1.0,1.0,1.0,1.0,0.0,0.5,2
nvbench2:dev:39,gemma3:27b,direct_rich,arc,1.0,1.0,1.0,1.0,0.0,0.0,2
nvbench2:dev:40,gemma3:27b,direct_rich,rect,1.0,1.0,1.0,1.0,0.0,0.0,1
nvbench2:dev:41,gemma3:27b,direct_rich,arc,1.0,1.0,1.0,1.0,0.0,0.0,3
nvbench2:dev:48,gemma3:27b,direct_rich,arc,1.0,1.0,1.0,1.0,1.0,0.5,2
nvbench2:dev:49,gemma3:27b,direct_rich,line,1.0,1.0,1.0,1.0,0.0,0.0,2
nvbench2:dev:51,gemma3:27b,direct_rich,bar,1.0,1.0,1.0,1.0,0.0,0.5,2
nvbench2:dev:54,gemma3:27b,direct_rich,bar,1.0,1.0,1.0,1.0,0.0,0.0,1
nvbench2:dev:57,gemma3:27b,direct_rich,rect,1.0,1.0,1.0,1.0,0.0,0.0,1
nvbench2:dev:61,gemma3:27b,direct_rich,arc,1.0,1.0,1.0,1.0,0.0,0.0,2
nvbench2:dev:63,gemma3:27b,direct_rich,arc,1.0,1.0,1.0,1.0,0.0,0.0,3
nvbench2:dev:68,gemma3:27b,direct_rich,arc,1.0,1.0,1.0,1.0,1.0,0.3333333333333333,3
nvbench2:dev:72,gemma3:27b,direct_rich,arc,1.0,0.0,0.0,0.0,0.0,0.0,3
nvbench2:dev:73,gemma3:27b,direct_rich,arc,1.0,1.0,1.0,1.0,0.0,0.0,3
nvbench2:dev:76,gemma3:27b,direct_rich,bar,1.0,1.0,1.0,1.0,1.0,1.0,3
nvbench2:dev:83,gemma3:27b,direct_rich,arc,1.0,1.0,1.0,1.0,0.0,0.0,2
nvbench2:dev:84,gemma3:27b,direct_rich,rect,1.0,1.0,1.0,1.0,0.0,0.0,1
nvbench2:dev:89,gemma3:27b,direct_rich,arc,1.0,1.0,1.0,1.0,0.0,0.5,2
nvbench2:dev:92,gemma3:27b,direct_rich,arc,1.0,1.0,1.0,1.0,0.0,0.0,2
nvbench2:dev:97,gemma3:27b,direct_rich,line,1.0,0.0,0.0,0.0,0.0,0.0,1
nvbench2:dev:103,gemma3:27b,direct_rich,boxplot,1.0,1.0,1.0,1.0,1.0,1.0,1
nvbench2:dev:105,gemma3:27b,direct_rich,arc,1.0,1.0,1.0,1.0,0.0,0.0,2
nvbench2:dev:108,gemma3:27b,direct_rich,boxplot,1.0,1.0,1.0,1.0,0.0,0.0,1
nvbench2:dev:112,gemma3:27b,direct_rich,boxplot,1.0,0.0,0.0,0.0,0.0,0.0,1
nvbench2:dev:114,gemma3:27b,direct_rich,line,1.0,1.0,1.0,1.0,0.0,0.5,2
nvbench2:dev:116,gemma3:27b,direct_rich,arc,1.0,1.0,1.0,1.0,1.0,0.5,2
nvbench2:dev:118,gemma3:27b,direct_rich,rect,1.0,1.0,1.0,1.0,0.0,0.0,1
nvbench2:dev:127,gemma3:27b,direct_rich,arc,1.0,1.0,1.0,1.0,0.0,0.0,2
nvbench2:dev:136,gemma3:27b,direct_rich,boxplot,1.0,1.0,1.0,1.0,0.0,0.0,1
nvbench2:dev:138,gemma3:27b,direct_rich,bar,1.0,1.0,1.0,1.0,1.0,1.0,2
nvbench2:dev:139,gemma3:27b,direct_rich,line,1.0,1.0,1.0,1.0,0.0,0.0,2
nvbench2:dev:143,gemma3:27b,direct_rich,rect,1.0,1.0,1.0,1.0,0.0,0.0,1
nvbench2:dev:144,gemma3:27b,direct_rich,bar,1.0,1.0,1.0,1.0,0.0,0.0,1
nvbench2:dev:149,gemma3:27b,direct_rich,point,1.0,1.0,1.0,1.0,1.0,1.0,3
nvbench2:dev:157,gemma3:27b,direct_rich,point,1.0,1.0,1.0,1.0,0.0,0.0,2
nvbench2:dev:158,gemma3:27b,direct_rich,point,1.0,1.0,1.0,1.0,0.0,0.0,1
nvbench2:dev:165,gemma3:27b,direct_rich,line,1.0,1.0,1.0,1.0,1.0,0.6666666666666666,3
nvbench2:dev:167,gemma3:27b,direct_rich,bar,1.0,1.0,0.0,0.3333333333333333,0.0,0.6666666666666666,3
nvbench2:dev:176,gemma3:27b,direct_rich,line,1.0,1.0,1.0,1.0,1.0,1.0,1
nvbench2:dev:182,gemma3:27b,direct_rich,rect,1.0,1.0,1.0,1.0,0.0,0.0,1
nvbench2:dev:188,gemma3:27b,direct_rich,rect,1.0,1.0,1.0,1.0,0.0,0.0,1
nvbench2:dev:191,gemma3:27b,direct_rich,rect,1.0,1.0,1.0,1.0,1.0,1.0,1
nvbench2:dev:203,gemma3:27b,direct_rich,bar+line,1.0,1.0,1.0,1.0,0.0,0.5,4
nvbench2:dev:214,gemma3:27b,direct_rich,rect,1.0,1.0,1.0,1.0,0.0,0.0,1
nvbench2:dev:223,gemma3:27b,direct_rich,boxplot,1.0,1.0,1.0,1.0,0.0,0.0,1
nvbench2:dev:228,gemma3:27b,direct_rich,rect,1.0,1.0,1.0,1.0,0.0,0.0,2
nvbench2:dev:232,gemma3:27b,direct_rich,arc,1.0,1.0,1.0,1.0,0.0,0.0,2
nvbench2:dev:245,gemma3:27b,direct_rich,line,1.0,1.0,1.0,1.0,0.0,0.0,3
nvbench2:dev:252,gemma3:27b,direct_rich,rect,1.0,1.0,1.0,1.0,0.0,0.0,2
nvbench2:dev:253,gemma3:27b,direct_rich,arc+bar+line,1.0,1.0,1.0,1.0,0.0,0.0,3
nvbench2:dev:255,gemma3:27b,direct_rich,bar,1.0,1.0,1.0,1.0,0.0,0.0,1
nvbench2:dev:256,gemma3:27b,direct_rich,rect,1.0,1.0,1.0,1.0,1.0,1.0,2
nvbench2:dev:259,gemma3:27b,direct_rich,point,1.0,1.0,1.0,1.0,0.0,0.0,4
nvbench2:dev:278,gemma3:27b,direct_rich,arc,1.0,1.0,1.0,1.0,1.0,0.5,2
nvbench2:dev:283,gemma3:27b,direct_rich,rect,1.0,1.0,1.0,1.0,1.0,1.0,4
nvbench2:dev:286,gemma3:27b,direct_rich,bar,1.0,1.0,1.0,1.0,1.0,1.0,3
nvbench2:dev:292,gemma3:27b,direct_rich,rect,1.0,0.0,0.0,0.0,0.0,0.0,1
nvbench2:dev:296,gemma3:27b,direct_rich,bar,1.0,1.0,1.0,1.0,0.0,0.3333333333333333,3
nvbench2:dev:298,gemma3:27b,direct_rich,bar,1.0,1.0,1.0,1.0,0.0,0.0,2
nvbench2:dev:300,gemma3:27b,direct_rich,arc,1.0,1.0,1.0,1.0,0.0,0.0,4
nvbench2:dev:302,gemma3:27b,direct_rich,rect,1.0,1.0,1.0,1.0,0.0,0.0,3
nvbench2:dev:307,gemma3:27b,direct_rich,rect,1.0,1.0,1.0,1.0,0.0,0.0,2
nvbench2:dev:314,gemma3:27b,direct_rich,arc,1.0,1.0,1.0,1.0,0.0,0.0,3
nvbench2:dev:315,gemma3:27b,direct_rich,bar,1.0,1.0,1.0,1.0,1.0,1.0,3
nvbench2:dev:317,gemma3:27b,direct_rich,rect,1.0,1.0,1.0,0.5,1.0,1.0,4
nvbench2:dev:319,gemma3:27b,direct_rich,boxplot,1.0,1.0,1.0,1.0,1.0,1.0,2
nvbench2:dev:326,gemma3:27b,direct_rich,rect,1.0,1.0,1.0,1.0,0.0,0.0,2
nvbench2:dev:327,gemma3:27b,direct_rich,boxplot,1.0,1.0,1.0,1.0,0.0,0.0,1
nvbench2:dev:331,gemma3:27b,direct_rich,bar,1.0,1.0,1.0,1.0,0.0,0.0,2
nvbench2:dev:332,gemma3:27b,direct_rich,arc,1.0,1.0,1.0,1.0,0.0,0.0,2
nvbench2:dev:336,gemma3:27b,direct_rich,arc,1.0,1.0,1.0,1.0,0.0,0.0,3
nvbench2:dev:338,gemma3:27b,direct_rich,rect,1.0,1.0,1.0,1.0,0.0,0.0,1
nvbench2:dev:340,gemma3:27b,direct_rich,rect,1.0,1.0,1.0,1.0,1.0,1.0,1
nvbench2:dev:346,gemma3:27b,direct_rich,bar+line+rect,1.0,1.0,1.0,1.0,0.0,0.0,1
nvbench2:dev:358,gemma3:27b,direct_rich,bar,1.0,1.0,1.0,1.0,0.0,0.3333333333333333,3
nvbench2:dev:362,gemma3:27b,direct_rich,rect,1.0,1.0,1.0,1.0,0.0,0.0,1
nvbench2:dev:367,gemma3:27b,direct_rich,bar,1.0,1.0,1.0,1.0,0.0,0.5,2
nvbench2:dev:381,gemma3:27b,direct_rich,rect,1.0,1.0,1.0,1.0,0.0,0.0,2
nvbench2:dev:383,gemma3:27b,direct_rich,rect,1.0,1.0,1.0,1.0,0.0,0.5,2
nvbench2:dev:384,gemma3:27b,direct_rich,bar,1.0,1.0,1.0,1.0,1.0,1.0,1
nvbench2:dev:388,gemma3:27b,direct_rich,rect,1.0,1.0,1.0,1.0,0.0,0.0,1
nvbench2:dev:394,gemma3:27b,direct_rich,arc,1.0,1.0,1.0,1.0,0.0,0.0,1
nvbench2:dev:398,gemma3:27b,direct_rich,line,1.0,1.0,1.0,1.0,1.0,1.0,1
nvbench2:dev:403,gemma3:27b,direct_rich,point,1.0,1.0,1.0,1.0,1.0,1.0,4
nvbench2:dev:405,gemma3:27b,direct_rich,bar,1.0,1.0,1.0,1.0,1.0,1.0,3
nvbench2:dev:421,gemma3:27b,direct_rich,arc,1.0,1.0,1.0,1.0,0.0,0.0,1
nvbench2:dev:422,gemma3:27b,direct_rich,arc,1.0,1.0,1.0,1.0,1.0,0.3333333333333333,3
nvbench2:dev:436,gemma3:27b,direct_rich,point,1.0,1.0,1.0,1.0,0.0,0.0,2
nvbench2:dev:444,gemma3:27b,direct_rich,point,1.0,1.0,1.0,1.0,1.0,0.3333333333333333,3
nvbench2:dev:445,gemma3:27b,direct_rich,boxplot,1.0,1.0,0.0,0.6666666666666666,1.0,0.3333333333333333,3
nvbench2:dev:455,gemma3:27b,direct_rich,bar,1.0,1.0,1.0,1.0,0.0,0.6666666666666666,3
nvbench2:dev:457,gemma3:27b,direct_rich,arc,1.0,1.0,1.0,1.0,0.0,0.0,2
nvbench2:dev:462,gemma3:27b,direct_rich,bar,1.0,1.0,1.0,1.0,1.0,0.5,2
nvbench2:dev:463,gemma3:27b,direct_rich,bar+line+point,1.0,1.0,1.0,1.0,0.0,0.6666666666666666,3
nvbench2:dev:465,gemma3:27b,direct_rich,arc,1.0,1.0,1.0,1.0,0.0,0.0,3
nvbench2:dev:470,gemma3:27b,direct_rich,boxplot,1.0,1.0,1.0,1.0,1.0,1.0,1
nvbench2:dev:475,gemma3:27b,direct_rich,bar+line,1.0,1.0,1.0,1.0,1.0,0.75,4
nvbench2:dev:485,gemma3:27b,direct_rich,bar,1.0,0.0,0.0,0.0,0.0,0.2,5
nvbench2:dev:492,gemma3:27b,direct_rich,arc,1.0,1.0,1.0,1.0,0.0,0.0,3
nvbench2:dev:495,gemma3:27b,direct_rich,boxplot,1.0,1.0,1.0,1.0,1.0,1.0,1
nvbench2:dev:498,gemma3:27b,direct_rich,arc,1.0,1.0,1.0,1.0,0.0,0.0,4
nvbench2:dev:499,gemma3:27b,direct_rich,line,1.0,1.0,1.0,1.0,0.0,0.0,2
nvbench2:dev:507,gemma3:27b,direct_rich,rect,1.0,1.0,1.0,1.0,0.0,0.3333333333333333,3
nvbench2:dev:508,gemma3:27b,direct_rich,arc,1.0,1.0,1.0,1.0,0.0,0.0,2
nvbench2:dev:515,gemma3:27b,direct_rich,line,1.0,1.0,1.0,1.0,0.0,0.0,2
nvbench2:dev:531,gemma3:27b,direct_rich,bar,1.0,1.0,1.0,1.0,0.0,0.3333333333333333,3
nvbench2:dev:538,gemma3:27b,direct_rich,arc,1.0,1.0,1.0,1.0,0.0,0.0,1
nvbench2:dev:540,gemma3:27b,direct_rich,bar,1.0,1.0,1.0,1.0,1.0,1.0,1
nvbench2:dev:551,gemma3:27b,direct_rich,line,1.0,1.0,1.0,1.0,0.0,0.0,2
nvbench2:dev:554,gemma3:27b,direct_rich,point,1.0,1.0,1.0,1.0,1.0,1.0,1
nvbench2:dev:562,gemma3:27b,direct_rich,bar,1.0,1.0,1.0,1.0,0.0,0.5,2
nvbench2:dev:568,gemma3:27b,direct_rich,line,1.0,1.0,1.0,1.0,0.0,0.0,2
nvbench2:dev:571,gemma3:27b,direct_rich,rect,1.0,0.0,0.0,0.0,0.0,0.0,1
nvbench2:dev:572,gemma3:27b,direct_rich,bar,1.0,1.0,1.0,1.0,0.0,0.0,2
nvbench2:dev:573,gemma3:27b,direct_rich,point,1.0,1.0,1.0,1.0,0.0,0.0,2
nvbench2:dev:603,gemma3:27b,direct_rich,rect,1.0,1.0,1.0,1.0,0.0,0.0,2
nvbench2:dev:605,gemma3:27b,direct_rich,line,1.0,1.0,1.0,1.0,0.0,0.0,2
nvbench2:dev:606,gemma3:27b,direct_rich,bar,1.0,1.0,1.0,1.0,0.0,0.0,2
nvbench2:dev:612,gemma3:27b,direct_rich,arc,1.0,1.0,1.0,1.0,1.0,1.0,3
nvbench2:dev:614,gemma3:27b,direct_rich,bar,1.0,1.0,1.0,1.0,1.0,1.0,3
nvbench2:dev:628,gemma3:27b,direct_rich,rect,1.0,1.0,1.0,1.0,0.0,0.0,1
nvbench2:dev:641,gemma3:27b,direct_rich,rect,1.0,1.0,1.0,1.0,0.0,0.0,1
nvbench2:dev:642,gemma3:27b,direct_rich,line,1.0,1.0,1.0,1.0,0.0,0.0,2
nvbench2:dev:644,gemma3:27b,direct_rich,bar+line,1.0,1.0,1.0,1.0,0.0,0.3333333333333333,3
nvbench2:dev:647,gemma3:27b,direct_rich,bar,1.0,1.0,1.0,1.0,0.0,0.0,2
nvbench2:dev:651,gemma3:27b,direct_rich,bar,1.0,1.0,1.0,1.0,0.0,0.75,4
nvbench2:dev:655,gemma3:27b,direct_rich,line,1.0,1.0,1.0,1.0,0.0,0.3333333333333333,3
nvbench2:dev:666,gemma3:27b,direct_rich,line,1.0,1.0,1.0,1.0,1.0,1.0,2
nvbench2:dev:672,gemma3:27b,direct_rich,bar,1.0,1.0,1.0,1.0,0.0,0.3333333333333333,3
nvbench2:dev:675,gemma3:27b,direct_rich,bar,1.0,1.0,1.0,1.0,0.0,0.0,2
nvbench2:dev:681,gemma3:27b,direct_rich,bar,1.0,1.0,1.0,1.0,1.0,1.0,3
nvbench2:dev:683,gemma3:27b,direct_rich,bar,1.0,1.0,1.0,1.0,0.0,0.0,3
nvbench2:dev:684,gemma3:27b,direct_rich,bar,1.0,1.0,1.0,1.0,0.0,0.0,3
nvbench2:dev:713,gemma3:27b,direct_rich,bar,1.0,1.0,1.0,1.0,0.0,0.5,4
nvbench2:dev:715,gemma3:27b,direct_rich,point,1.0,1.0,1.0,1.0,0.0,0.5,2
nvbench2:dev:716,gemma3:27b,direct_rich,boxplot,1.0,1.0,1.0,1.0,1.0,1.0,3
nvbench2:dev:717,gemma3:27b,direct_rich,boxplot,1.0,1.0,1.0,1.0,0.0,0.0,1
nvbench2:dev:718,gemma3:27b,direct_rich,boxplot,1.0,1.0,1.0,1.0,0.0,0.6666666666666666,3
nvbench2:dev:719,gemma3:27b,direct_rich,arc,1.0,1.0,1.0,1.0,0.0,0.0,2
nvbench2:dev:721,gemma3:27b,direct_rich,boxplot,1.0,1.0,1.0,1.0,0.0,0.3333333333333333,3
nvbench2:dev:723,gemma3:27b,direct_rich,boxplot,1.0,1.0,1.0,1.0,0.0,0.0,1
nvbench2:dev:725,gemma3:27b,direct_rich,boxplot,1.0,1.0,1.0,1.0,0.0,0.0,2
nvbench2:dev:732,gemma3:27b,direct_rich,bar+line+rect,1.0,1.0,1.0,1.0,1.0,1.0,2
nvbench2:dev:733,gemma3:27b,direct_rich,bar+line+rect,1.0,1.0,1.0,1.0,0.0,0.25,4
nvbench2:dev:17,gemma3:27b,staged,line,1.0,0.0,0.0,0.0,1.0,1.0,2
nvbench2:dev:22,gemma3:27b,staged,boxplot,1.0,0.0,0.0,0.0,1.0,1.0,1
nvbench2:dev:23,gemma3:27b,staged,point,1.0,1.0,1.0,1.0,1.0,1.0,1
nvbench2:dev:25,gemma3:27b,staged,rect,1.0,1.0,1.0,1.0,0.0,0.0,1
nvbench2:dev:33,gemma3:27b,staged,arc,1.0,0.0,0.0,0.0,1.0,1.0,1
nvbench2:dev:34,gemma3:27b,staged,point,1.0,1.0,1.0,1.0,1.0,1.0,1
nvbench2:dev:35,gemma3:27b,staged,bar+line+point+rect,1.0,0.0,0.0,0.0,0.0,0.0,1
nvbench2:dev:39,gemma3:27b,staged,arc,1.0,0.0,0.0,0.0,1.0,1.0,1
nvbench2:dev:40,gemma3:27b,staged,rect,1.0,1.0,1.0,1.0,1.0,1.0,1
nvbench2:dev:41,gemma3:27b,staged,arc,1.0,1.0,1.0,1.0,1.0,1.0,1
nvbench2:dev:48,gemma3:27b,staged,arc,1.0,1.0,1.0,1.0,1.0,1.0,1
nvbench2:dev:49,gemma3:27b,staged,line,1.0,1.0,1.0,1.0,1.0,1.0,1
nvbench2:dev:51,gemma3:27b,staged,bar,1.0,0.0,0.0,0.0,1.0,1.0,1
nvbench2:dev:54,gemma3:27b,staged,bar,1.0,1.0,1.0,1.0,0.0,0.0,1
nvbench2:dev:57,gemma3:27b,staged,rect,1.0,1.0,1.0,1.0,1.0,1.0,1
nvbench2:dev:61,gemma3:27b,staged,arc,1.0,1.0,1.0,1.0,1.0,1.0,1
nvbench2:dev:63,gemma3:27b,staged,arc,1.0,1.0,1.0,1.0,0.0,0.0,3
nvbench2:dev:68,gemma3:27b,staged,arc,1.0,0.0,0.0,0.0,0.0,0.0,1
nvbench2:dev:72,gemma3:27b,staged,arc,1.0,0.0,0.0,0.0,0.0,0.0,1
nvbench2:dev:73,gemma3:27b,staged,arc,1.0,1.0,1.0,1.0,0.0,0.0,1
nvbench2:dev:76,gemma3:27b,staged,bar,1.0,0.0,0.0,0.0,0.0,0.0,1
nvbench2:dev:83,gemma3:27b,staged,arc,1.0,1.0,1.0,1.0,0.0,0.0,1
nvbench2:dev:84,gemma3:27b,staged,rect,1.0,1.0,1.0,1.0,1.0,1.0,1
nvbench2:dev:89,gemma3:27b,staged,arc,1.0,1.0,1.0,1.0,0.0,0.0,2
nvbench2:dev:92,gemma3:27b,staged,arc,1.0,0.0,0.0,0.0,1.0,1.0,1
nvbench2:dev:97,gemma3:27b,staged,line,1.0,0.0,0.0,0.0,1.0,1.0,1
nvbench2:dev:103,gemma3:27b,staged,boxplot,1.0,1.0,1.0,1.0,1.0,1.0,1
nvbench2:dev:105,gemma3:27b,staged,arc,1.0,1.0,1.0,1.0,1.0,1.0,1
nvbench2:dev:108,gemma3:27b,staged,boxplot,1.0,1.0,1.0,1.0,0.0,0.0,1
nvbench2:dev:112,gemma3:27b,staged,boxplot,1.0,0.0,0.0,0.0,1.0,1.0,1
nvbench2:dev:114,gemma3:27b,staged,line,1.0,0.0,0.0,0.0,1.0,1.0,3
nvbench2:dev:116,gemma3:27b,staged,arc,1.0,0.0,0.0,0.0,1.0,1.0,1
nvbench2:dev:118,gemma3:27b,staged,rect,1.0,1.0,1.0,1.0,1.0,1.0,1
nvbench2:dev:127,gemma3:27b,staged,arc,1.0,1.0,1.0,1.0,1.0,1.0,2
nvbench2:dev:136,gemma3:27b,staged,boxplot,1.0,1.0,1.0,1.0,1.0,1.0,1
nvbench2:dev:138,gemma3:27b,staged,bar,1.0,0.0,0.0,0.0,1.0,1.0,1
nvbench2:dev:139,gemma3:27b,staged,line,1.0,1.0,1.0,1.0,1.0,1.0,1
nvbench2:dev:143,gemma3:27b,staged,rect,1.0,1.0,1.0,1.0,1.0,1.0,1
nvbench2:dev:144,gemma3:27b,staged,bar,1.0,1.0,1.0,1.0,1.0,1.0,1
nvbench2:dev:149,gemma3:27b,staged,point,1.0,1.0,1.0,1.0,1.0,1.0,1
nvbench2:dev:157,gemma3:27b,staged,point,1.0,1.0,1.0,1.0,1.0,1.0,1
nvbench2:dev:158,gemma3:27b,staged,point,1.0,0.0,0.0,0.0,1.0,1.0,1
nvbench2:dev:165,gemma3:27b,staged,line,1.0,0.0,0.0,0.0,1.0,1.0,1
nvbench2:dev:167,gemma3:27b,staged,bar,1.0,0.0,0.0,0.0,1.0,1.0,1
nvbench2:dev:176,gemma3:27b,staged,line,1.0,1.0,1.0,1.0,1.0,1.0,1
nvbench2:dev:182,gemma3:27b,staged,rect,1.0,0.0,0.0,0.0,0.0,0.0,1
nvbench2:dev:188,gemma3:27b,staged,rect,1.0,1.0,1.0,1.0,1.0,1.0,1
nvbench2:dev:191,gemma3:27b,staged,rect,1.0,1.0,1.0,1.0,1.0,1.0,1
nvbench2:dev:203,gemma3:27b,staged,bar+line,1.0,1.0,1.0,1.0,0.0,0.0,2
nvbench2:dev:214,gemma3:27b,staged,rect,1.0,1.0,1.0,1.0,1.0,1.0,1
nvbench2:dev:223,gemma3:27b,staged,boxplot,1.0,1.0,1.0,1.0,0.0,0.0,1
nvbench2:dev:228,gemma3:27b,staged,rect,1.0,0.0,0.0,0.0,1.0,0.5,2
nvbench2:dev:232,gemma3:27b,staged,arc,1.0,1.0,1.0,1.0,0.0,0.0,1
nvbench2:dev:245,gemma3:27b,staged,line,1.0,0.0,0.0,0.0,1.0,1.0,1
nvbench2:dev:252,gemma3:27b,staged,rect,1.0,0.0,0.0,0.0,1.0,1.0,1
nvbench2:dev:253,gemma3:27b,staged,arc+bar+line,1.0,1.0,1.0,1.0,1.0,1.0,3
nvbench2:dev:255,gemma3:27b,staged,bar,1.0,0.0,0.0,0.0,1.0,1.0,1
nvbench2:dev:256,gemma3:27b,staged,rect,1.0,0.0,0.0,0.0,1.0,1.0,1
nvbench2:dev:259,gemma3:27b,staged,point,1.0,1.0,1.0,1.0,1.0,1.0,1
nvbench2:dev:278,gemma3:27b,staged,arc,1.0,1.0,1.0,1.0,1.0,1.0,1
nvbench2:dev:283,gemma3:27b,staged,rect,1.0,0.0,0.0,0.0,1.0,1.0,2
nvbench2:dev:286,gemma3:27b,staged,bar,1.0,1.0,1.0,1.0,1.0,1.0,1
nvbench2:dev:292,gemma3:27b,staged,rect,1.0,0.0,0.0,0.0,1.0,1.0,1
nvbench2:dev:296,gemma3:27b,staged,bar,1.0,1.0,1.0,1.0,0.0,0.0,1
nvbench2:dev:298,gemma3:27b,staged,bar,1.0,1.0,1.0,1.0,0.0,0.0,1
nvbench2:dev:300,gemma3:27b,staged,arc,1.0,1.0,1.0,1.0,1.0,1.0,5
nvbench2:dev:302,gemma3:27b,staged,rect,1.0,1.0,1.0,1.0,1.0,1.0,1
nvbench2:dev:307,gemma3:27b,staged,rect,1.0,0.0,0.0,0.0,0.0,0.0,1
nvbench2:dev:314,gemma3:27b,staged,arc,1.0,1.0,1.0,1.0,0.0,0.0,1
nvbench2:dev:315,gemma3:27b,staged,bar,1.0,1.0,1.0,1.0,1.0,1.0,1
nvbench2:dev:317,gemma3:27b,staged,rect,1.0,0.0,0.0,0.0,1.0,1.0,1
nvbench2:dev:319,gemma3:27b,staged,boxplot,1.0,1.0,1.0,1.0,1.0,1.0,1
nvbench2:dev:326,gemma3:27b,staged,rect,1.0,0.0,0.0,0.0,1.0,1.0,1
nvbench2:dev:327,gemma3:27b,staged,boxplot,1.0,0.0,0.0,0.0,1.0,1.0,1
nvbench2:dev:331,gemma3:27b,staged,bar,1.0,0.0,0.0,0.0,1.0,1.0,1
nvbench2:dev:332,gemma3:27b,staged,arc,1.0,1.0,1.0,1.0,0.0,0.0,1
nvbench2:dev:336,gemma3:27b,staged,arc,1.0,0.0,0.0,0.0,1.0,1.0,1
nvbench2:dev:338,gemma3:27b,staged,rect,1.0,1.0,1.0,1.0,1.0,1.0,1
nvbench2:dev:340,gemma3:27b,staged,rect,1.0,1.0,1.0,1.0,1.0,1.0,1
nvbench2:dev:346,gemma3:27b,staged,bar+line+rect,1.0,0.0,0.0,0.0,0.0,0.0,1
nvbench2:dev:358,gemma3:27b,staged,bar,1.0,1.0,1.0,1.0,0.0,0.0,1
nvbench2:dev:362,gemma3:27b,staged,rect,1.0,0.0,0.0,0.0,1.0,1.0,1
nvbench2:dev:367,gemma3:27b,staged,bar,1.0,1.0,1.0,1.0,1.0,1.0,1
nvbench2:dev:381,gemma3:27b,staged,rect,1.0,1.0,1.0,1.0,1.0,1.0,1
nvbench2:dev:383,gemma3:27b,staged,rect,1.0,1.0,1.0,1.0,1.0,1.0,1
nvbench2:dev:384,gemma3:27b,staged,bar,1.0,0.0,0.0,0.0,1.0,1.0,1
nvbench2:dev:388,gemma3:27b,staged,rect,1.0,0.0,0.0,0.0,1.0,1.0,1
nvbench2:dev:394,gemma3:27b,staged,arc,1.0,1.0,1.0,1.0,0.0,0.0,1
nvbench2:dev:398,gemma3:27b,staged,line,1.0,1.0,1.0,1.0,1.0,1.0,1
nvbench2:dev:403,gemma3:27b,staged,point,1.0,1.0,1.0,1.0,1.0,1.0,1
nvbench2:dev:405,gemma3:27b,staged,bar,1.0,1.0,1.0,1.0,1.0,1.0,1
nvbench2:dev:421,gemma3:27b,staged,arc,1.0,1.0,1.0,1.0,1.0,1.0,1
nvbench2:dev:422,gemma3:27b,staged,arc,1.0,0.0,0.0,0.0,0.0,0.0,1
nvbench2:dev:436,gemma3:27b,staged,point,1.0,1.0,1.0,1.0,0.0,0.0,1
nvbench2:dev:444,gemma3:27b,staged,point,1.0,1.0,1.0,1.0,0.0,0.0,1
nvbench2:dev:445,gemma3:27b,staged,boxplot,1.0,1.0,1.0,1.0,1.0,1.0,1
nvbench2:dev:455,gemma3:27b,staged,bar,1.0,1.0,1.0,1.0,0.0,0.0,1
nvbench2:dev:457,gemma3:27b,staged,arc,1.0,1.0,1.0,1.0,1.0,1.0,1
nvbench2:dev:462,gemma3:27b,staged,bar,1.0,0.0,0.0,0.0,1.0,1.0,1
nvbench2:dev:463,gemma3:27b,staged,bar+line+point,1.0,0.0,0.0,0.0,1.0,1.0,1
nvbench2:dev:465,gemma3:27b,staged,arc,1.0,1.0,1.0,1.0,1.0,1.0,1
nvbench2:dev:470,gemma3:27b,staged,boxplot,1.0,1.0,1.0,1.0,1.0,1.0,1
nvbench2:dev:475,gemma3:27b,staged,bar+line,1.0,1.0,1.0,1.0,1.0,1.0,2
nvbench2:dev:485,gemma3:27b,staged,bar,1.0,0.0,0.0,0.0,1.0,1.0,1
nvbench2:dev:492,gemma3:27b,staged,arc,1.0,1.0,1.0,1.0,1.0,1.0,1
nvbench2:dev:495,gemma3:27b,staged,boxplot,1.0,1.0,1.0,1.0,1.0,1.0,1
nvbench2:dev:498,gemma3:27b,staged,arc,1.0,0.0,0.0,0.0,0.0,0.0,1
nvbench2:dev:499,gemma3:27b,staged,line,1.0,1.0,1.0,1.0,1.0,1.0,1
nvbench2:dev:507,gemma3:27b,staged,rect,1.0,0.0,0.0,0.0,1.0,1.0,1
nvbench2:dev:508,gemma3:27b,staged,arc,1.0,1.0,1.0,1.0,1.0,1.0,2
nvbench2:dev:515,gemma3:27b,staged,line,1.0,1.0,1.0,1.0,0.0,0.0,2
nvbench2:dev:531,gemma3:27b,staged,bar,1.0,1.0,1.0,1.0,1.0,1.0,2
nvbench2:dev:538,gemma3:27b,staged,arc,1.0,1.0,1.0,1.0,1.0,1.0,1
nvbench2:dev:540,gemma3:27b,staged,bar,1.0,1.0,1.0,1.0,1.0,1.0,1
nvbench2:dev:551,gemma3:27b,staged,line,1.0,0.0,0.0,0.0,1.0,1.0,1
nvbench2:dev:554,gemma3:27b,staged,point,1.0,1.0,1.0,1.0,1.0,1.0,1
nvbench2:dev:562,gemma3:27b,staged,bar,1.0,1.0,1.0,1.0,1.0,1.0,1
nvbench2:dev:568,gemma3:27b,staged,line,1.0,1.0,1.0,1.0,0.0,0.0,1
nvbench2:dev:571,gemma3:27b,staged,rect,1.0,0.0,0.0,0.0,1.0,1.0,1
nvbench2:dev:572,gemma3:27b,staged,bar,1.0,1.0,1.0,1.0,0.0,0.0,1
nvbench2:dev:573,gemma3:27b,staged,point,1.0,1.0,1.0,1.0,1.0,1.0,1
nvbench2:dev:603,gemma3:27b,staged,rect,1.0,1.0,1.0,1.0,1.0,1.0,1
nvbench2:dev:605,gemma3:27b,staged,line,1.0,1.0,1.0,1.0,1.0,1.0,1
nvbench2:dev:606,gemma3:27b,staged,bar,1.0,1.0,1.0,1.0,0.0,0.0,1
nvbench2:dev:612,gemma3:27b,staged,arc,1.0,1.0,1.0,1.0,1.0,1.0,1
nvbench2:dev:614,gemma3:27b,staged,bar,1.0,1.0,1.0,1.0,0.0,0.0,1
nvbench2:dev:628,gemma3:27b,staged,rect,1.0,0.0,0.0,0.0,0.0,0.0,1
nvbench2:dev:641,gemma3:27b,staged,rect,1.0,1.0,1.0,1.0,1.0,1.0,1
nvbench2:dev:642,gemma3:27b,staged,line,1.0,0.0,0.0,0.0,1.0,1.0,1
nvbench2:dev:644,gemma3:27b,staged,bar+line,1.0,1.0,1.0,1.0,0.0,0.0,1
nvbench2:dev:647,gemma3:27b,staged,bar,1.0,1.0,1.0,1.0,0.0,0.0,1
nvbench2:dev:651,gemma3:27b,staged,bar,1.0,1.0,1.0,1.0,0.0,0.0,1
nvbench2:dev:655,gemma3:27b,staged,line,1.0,0.0,0.0,0.0,0.0,0.0,1
nvbench2:dev:666,gemma3:27b,staged,line,1.0,1.0,1.0,1.0,1.0,1.0,2
nvbench2:dev:672,gemma3:27b,staged,bar,1.0,1.0,1.0,1.0,1.0,1.0,1
nvbench2:dev:675,gemma3:27b,staged,bar,1.0,1.0,1.0,1.0,1.0,1.0,1
nvbench2:dev:681,gemma3:27b,staged,bar,1.0,1.0,1.0,1.0,0.0,0.0,1
nvbench2:dev:683,gemma3:27b,staged,bar,1.0,0.0,0.0,0.0,0.0,0.0,1
nvbench2:dev:684,gemma3:27b,staged,bar,1.0,1.0,1.0,1.0,0.0,0.0,1
nvbench2:dev:713,gemma3:27b,staged,bar,1.0,0.0,0.0,0.0,1.0,1.0,1
nvbench2:dev:715,gemma3:27b,staged,point,1.0,1.0,1.0,1.0,1.0,1.0,1
nvbench2:dev:716,gemma3:27b,staged,boxplot,1.0,1.0,1.0,1.0,1.0,1.0,1
nvbench2:dev:717,gemma3:27b,staged,boxplot,1.0,0.0,0.0,0.0,1.0,1.0,1
nvbench2:dev:718,gemma3:27b,staged,boxplot,1.0,0.0,0.0,0.0,1.0,1.0,1
nvbench2:dev:719,gemma3:27b,staged,arc,1.0,1.0,1.0,1.0,1.0,1.0,1
nvbench2:dev:721,gemma3:27b,staged,boxplot,1.0,0.0,0.0,0.0,1.0,1.0,1
nvbench2:dev:723,gemma3:27b,staged,boxplot,1.0,1.0,1.0,1.0,0.0,0.0,1
nvbench2:dev:725,gemma3:27b,staged,boxplot,1.0,1.0,1.0,1.0,1.0,1.0,1
nvbench2:dev:732,gemma3:27b,staged,bar+line+rect,1.0,1.0,1.0,1.0,0.0,0.5,2
nvbench2:dev:733,gemma3:27b,staged,bar+line+rect,1.0,1.0,1.0,1.0,1.0,0.5,2
nvbench2:dev:17,llama3.2:3b,direct,line,1.0,1.0,1.0,1.0,0.0,0.8,5
nvbench2:dev:22,llama3.2:3b,direct,boxplot,1.0,0.0,0.0,0.0,0.0,0.0,2
nvbench2:dev:23,llama3.2:3b,direct,point,1.0,1.0,1.0,1.0,0.0,0.0,5
nvbench2:dev:25,llama3.2:3b,direct,rect,1.0,1.0,1.0,1.0,1.0,0.8,5
nvbench2:dev:33,llama3.2:3b,direct,arc,1.0,1.0,1.0,0.8,0.0,0.0,5
nvbench2:dev:34,llama3.2:3b,direct,point,1.0,1.0,1.0,1.0,0.0,0.4,5
nvbench2:dev:35,llama3.2:3b,direct,bar+line+point+rect,1.0,1.0,1.0,1.0,0.0,0.6,5
nvbench2:dev:39,llama3.2:3b,direct,arc,1.0,1.0,1.0,0.8,0.0,0.0,5
nvbench2:dev:40,llama3.2:3b,direct,rect,1.0,1.0,1.0,0.8,0.0,0.0,5
nvbench2:dev:41,llama3.2:3b,direct,arc,1.0,1.0,1.0,1.0,0.0,0.0,5
nvbench2:dev:48,llama3.2:3b,direct,arc,1.0,1.0,1.0,1.0,1.0,0.8,5
nvbench2:dev:49,llama3.2:3b,direct,line,1.0,1.0,1.0,1.0,1.0,0.8,5
nvbench2:dev:51,llama3.2:3b,direct,bar,1.0,0.0,0.0,0.0,0.0,0.0,1
nvbench2:dev:54,llama3.2:3b,direct,bar,1.0,1.0,1.0,1.0,0.0,0.6,5
nvbench2:dev:57,llama3.2:3b,direct,rect,1.0,1.0,1.0,1.0,0.0,0.2,5
nvbench2:dev:61,llama3.2:3b,direct,arc,1.0,1.0,1.0,1.0,0.0,0.0,5
nvbench2:dev:63,llama3.2:3b,direct,arc,1.0,1.0,1.0,0.8,1.0,0.2,5
nvbench2:dev:68,llama3.2:3b,direct,arc,1.0,1.0,1.0,0.8,0.0,0.8,5
nvbench2:dev:72,llama3.2:3b,direct,arc,1.0,1.0,1.0,1.0,0.0,0.2,5
nvbench2:dev:73,llama3.2:3b,direct,arc,1.0,1.0,1.0,0.8,0.0,0.0,5
nvbench2:dev:76,llama3.2:3b,direct,bar,1.0,1.0,1.0,1.0,1.0,1.0,5
nvbench2:dev:83,llama3.2:3b,direct,arc,1.0,1.0,1.0,1.0,0.0,0.0,5
nvbench2:dev:84,llama3.2:3b,direct,rect,1.0,1.0,1.0,1.0,0.0,0.2,5
nvbench2:dev:89,llama3.2:3b,direct,arc,1.0,1.0,1.0,1.0,0.0,0.2,5
nvbench2:dev:92,llama3.2:3b,direct,arc,1.0,1.0,1.0,1.0,0.0,0.0,5
nvbench2:dev:97,llama3.2:3b,direct,line,1.0,1.0,1.0,1.0,0.0,0.2,5
nvbench2:dev:103,llama3.2:3b,direct,boxplot,1.0,1.0,1.0,1.0,0.0,0.2,5
nvbench2:dev:105,llama3.2:3b,direct,arc,1.0,1.0,1.0,1.0,0.0,0.6,5
nvbench2:dev:108,llama3.2:3b,direct,boxplot,1.0,1.0,1.0,1.0,0.0,0.6,5
nvbench2:dev:112,llama3.2:3b,direct,boxplot,1.0,0.0,0.0,0.0,1.0,1.0,5
nvbench2:dev:114,llama3.2:3b,direct,line,1.0,1.0,1.0,1.0,1.0,0.8,5
nvbench2:dev:116,llama3.2:3b,direct,arc,1.0,1.0,1.0,1.0,0.0,0.2,5
nvbench2:dev:118,llama3.2:3b,direct,rect,1.0,1.0,1.0,1.0,0.0,0.4,5
nvbench2:dev:127,llama3.2:3b,direct,arc,1.0,1.0,1.0,1.0,0.0,0.2,5
nvbench2:dev:136,llama3.2:3b,direct,boxplot,1.0,1.0,1.0,1.0,0.0,0.4,5
nvbench2:dev:138,llama3.2:3b,direct,bar,1.0,1.0,1.0,1.0,0.0,0.2,5
nvbench2:dev:139,llama3.2:3b,direct,line,1.0,1.0,1.0,1.0,0.0,0.2,5
nvbench2:dev:143,llama3.2:3b,direct,rect,1.0,1.0,1.0,1.0,0.0,0.2,5
nvbench2:dev:144,llama3.2:3b,direct,bar,1.0,1.0,1.0,1.0,0.0,0.0,5
nvbench2:dev:149,llama3.2:3b,direct,point,1.0,1.0,1.0,0.8,0.0,0.0,5
nvbench2:dev:157,llama3.2:3b,direct,point,1.0,1.0,1.0,1.0,0.0,0.8,5
nvbench2:dev:158,llama3.2:3b,direct,point,1.0,1.0,1.0,1.0,1.0,1.0,5
nvbench2:dev:165,llama3.2:3b,direct,line,1.0,1.0,1.0,1.0,1.0,0.6,5
nvbench2:dev:167,llama3.2:3b,direct,bar,1.0,1.0,1.0,1.0,0.0,0.2,5
nvbench2:dev:176,llama3.2:3b,direct,line,1.0,1.0,1.0,1.0,1.0,0.8,5
nvbench2:dev:182,llama3.2:3b,direct,rect,1.0,1.0,1.0,1.0,0.0,0.2,5
nvbench2:dev:188,llama3.2:3b,direct,rect,1.0,1.0,1.0,1.0,0.0,0.4,5
nvbench2:dev:191,llama3.2:3b,direct,rect,1.0,1.0,1.0,0.8,0.0,0.0,5
nvbench2:dev:203,llama3.2:3b,direct,bar+line,1.0,1.0,1.0,1.0,0.0,0.4,5
nvbench2:dev:214,llama3.2:3b,direct,rect,1.0,1.0,1.0,1.0,1.0,1.0,5
nvbench2:dev:223,llama3.2:3b,direct,boxplot,1.0,1.0,1.0,1.0,1.0,0.6,5
nvbench2:dev:228,llama3.2:3b,direct,rect,1.0,1.0,1.0,1.0,0.0,0.2,5
nvbench2:dev:232,llama3.2:3b,direct,arc,1.0,1.0,1.0,1.0,1.0,0.4,5
nvbench2:dev:245,llama3.2:3b,direct,line,1.0,1.0,0.0,0.8,0.0,0.0,5
nvbench2:dev:252,llama3.2:3b,direct,rect,1.0,1.0,1.0,1.0,0.0,0.0,5
nvbench2:dev:253,llama3.2:3b,direct,arc+bar+line,1.0,1.0,1.0,1.0,1.0,1.0,1
nvbench2:dev:255,llama3.2:3b,direct,bar,1.0,1.0,1.0,1.0,0.0,0.5,2
nvbench2:dev:256,llama3.2:3b,direct,rect,1.0,1.0,1.0,1.0,0.0,0.8,5
nvbench2:dev:259,llama3.2:3b,direct,point,1.0,1.0,1.0,1.0,1.0,0.4,5
nvbench2:dev:278,llama3.2:3b,direct,arc,1.0,1.0,1.0,0.8,0.0,0.0,5
nvbench2:dev:283,llama3.2:3b,direct,rect,1.0,1.0,1.0,1.0,0.0,0.2,5
nvbench2:dev:286,llama3.2:3b,direct,bar,1.0,1.0,1.0,1.0,0.0,0.0,1
nvbench2:dev:292,llama3.2:3b,direct,rect,1.0,1.0,1.0,0.8,0.0,0.0,5
nvbench2:dev:296,llama3.2:3b,direct,bar,1.0,1.0,1.0,1.0,0.0,0.4,5
nvbench2:dev:298,llama3.2:3b,direct,bar,1.0,1.0,1.0,1.0,0.0,0.0,5
nvbench2:dev:300,llama3.2:3b,direct,arc,1.0,1.0,1.0,0.8,0.0,0.0,5
nvbench2:dev:302,llama3.2:3b,direct,rect,1.0,1.0,1.0,1.0,0.0,0.2,5
nvbench2:dev:307,llama3.2:3b,direct,rect,1.0,1.0,1.0,1.0,0.0,0.2,5
nvbench2:dev:314,llama3.2:3b,direct,arc,1.0,1.0,1.0,1.0,0.0,0.0,5
nvbench2:dev:315,llama3.2:3b,direct,bar,1.0,1.0,1.0,1.0,0.0,0.0,5
nvbench2:dev:317,llama3.2:3b,direct,rect,1.0,1.0,1.0,0.6,0.0,0.0,5
nvbench2:dev:319,llama3.2:3b,direct,boxplot,1.0,1.0,1.0,1.0,0.0,0.4,5
nvbench2:dev:326,llama3.2:3b,direct,rect,1.0,1.0,1.0,1.0,0.0,0.6,5
nvbench2:dev:327,llama3.2:3b,direct,boxplot,1.0,1.0,1.0,1.0,0.0,0.6,5
nvbench2:dev:331,llama3.2:3b,direct,bar,1.0,1.0,1.0,1.0,1.0,0.8,5
nvbench2:dev:332,llama3.2:3b,direct,arc,1.0,1.0,1.0,1.0,0.0,0.2,5
nvbench2:dev:336,llama3.2:3b,direct,arc,1.0,1.0,0.0,0.6,0.0,0.0,5
nvbench2:dev:338,llama3.2:3b,direct,rect,1.0,1.0,1.0,1.0,0.0,0.2,5
nvbench2:dev:340,llama3.2:3b,direct,rect,1.0,1.0,1.0,1.0,0.0,0.2,5
nvbench2:dev:346,llama3.2:3b,direct,bar+line+rect,1.0,1.0,1.0,1.0,0.0,0.4,5
nvbench2:dev:358,llama3.2:3b,direct,bar,1.0,1.0,1.0,1.0,0.0,0.2,5
nvbench2:dev:362,llama3.2:3b,direct,rect,1.0,1.0,1.0,1.0,0.0,0.2,5
nvbench2:dev:367,llama3.2:3b,direct,bar,1.0,1.0,1.0,1.0,0.0,0.6,5
nvbench2:dev:381,llama3.2:3b,direct,rect,1.0,1.0,1.0,1.0,0.0,0.2,5
nvbench2:dev:383,llama3.2:3b,direct,rect,1.0,1.0,1.0,1.0,1.0,1.0,5
nvbench2:dev:384,llama3.2:3b,direct,bar,1.0,1.0,1.0,1.0,0.0,0.2,5
nvbench2:dev:388,llama3.2:3b,direct,rect,1.0,1.0,1.0,1.0,0.0,0.0,5
nvbench2:dev:394,llama3.2:3b,direct,arc,1.0,1.0,1.0,1.0,0.0,0.0,5
nvbench2:dev:398,llama3.2:3b,direct,line,1.0,1.0,1.0,1.0,0.0,0.0,2
nvbench2:dev:403,llama3.2:3b,direct,point,1.0,1.0,1.0,1.0,1.0,0.4,5
nvbench2:dev:405,llama3.2:3b,direct,bar,1.0,1.0,1.0,1.0,0.0,0.4,5
nvbench2:dev:421,llama3.2:3b,direct,arc,1.0,1.0,1.0,0.8,0.0,0.0,5
nvbench2:dev:422,llama3.2:3b,direct,arc,1.0,1.0,1.0,0.8,0.0,0.0,5
nvbench2:dev:436,llama3.2:3b,direct,point,1.0,1.0,1.0,1.0,0.0,0.2,5
nvbench2:dev:444,llama3.2:3b,direct,point,1.0,1.0,1.0,1.0,0.0,0.6,5
nvbench2:dev:445,llama3.2:3b,direct,boxplot,1.0,1.0,1.0,1.0,0.0,0.2,5
nvbench2:dev:455,llama3.2:3b,direct,bar,1.0,1.0,1.0,1.0,0.0,0.6,5
nvbench2:dev:457,llama3.2:3b,direct,arc,1.0,1.0,1.0,1.0,0.0,0.0,5
nvbench2:dev:462,llama3.2:3b,direct,bar,1.0,0.0,0.0,0.0,0.0,0.0,1
nvbench2:dev:463,llama3.2:3b,direct,bar+line+point,1.0,1.0,1.0,1.0,1.0,1.0,5
nvbench2:dev:465,llama3.2:3b,direct,arc,1.0,1.0,1.0,0.8,0.0,0.0,5
nvbench2:dev:470,llama3.2:3b,direct,boxplot,1.0,1.0,1.0,1.0,1.0,0.5,2
nvbench2:dev:475,llama3.2:3b,direct,bar+line,1.0,1.0,1.0,1.0,0.0,0.6,5
nvbench2:dev:485,llama3.2:3b,direct,bar,1.0,1.0,1.0,1.0,1.0,1.0,5
nvbench2:dev:492,llama3.2:3b,direct,arc,1.0,1.0,1.0,1.0,0.0,0.6,5
nvbench2:dev:495,llama3.2:3b,direct,boxplot,1.0,1.0,1.0,1.0,0.0,0.4,5
nvbench2:dev:498,llama3.2:3b,direct,arc,1.0,1.0,1.0,1.0,0.0,0.0,5
nvbench2:dev:499,llama3.2:3b,direct,line,1.0,1.0,1.0,1.0,0.0,0.2,5
nvbench2:dev:507,llama3.2:3b,direct,rect,1.0,1.0,1.0,1.0,0.0,0.4,5
nvbench2:dev:508,llama3.2:3b,direct,arc,1.0,1.0,1.0,1.0,0.0,0.4,5
nvbench2:dev:515,llama3.2:3b,direct,line,1.0,1.0,1.0,1.0,1.0,0.6666666666666666,3
nvbench2:dev:531,llama3.2:3b,direct,bar,1.0,1.0,1.0,1.0,0.0,0.2,5
nvbench2:dev:538,llama3.2:3b,direct,arc,1.0,1.0,1.0,1.0,1.0,0.6,5
nvbench2:dev:540,llama3.2:3b,direct,bar,1.0,1.0,1.0,1.0,0.0,0.0,5
nvbench2:dev:551,llama3.2:3b,direct,line,1.0,1.0,1.0,1.0,0.0,0.0,2
nvbench2:dev:554,llama3.2:3b,direct,point,1.0,1.0,1.0,1.0,0.0,0.6,5
nvbench2:dev:562,llama3.2:3b,direct,bar,1.0,1.0,1.0,1.0,0.0,0.2,5
nvbench2:dev:568,llama3.2:3b,direct,line,1.0,1.0,0.0,0.25,1.0,0.75,4
nvbench2:dev:571,llama3.2:3b,direct,rect,1.0,1.0,1.0,1.0,0.0,0.2,5
nvbench2:dev:572,llama3.2:3b,direct,bar,1.0,0.0,0.0,0.0,0.0,0.4,5
nvbench2:dev:573,llama3.2:3b,direct,point,1.0,1.0,1.0,1.0,0.0,0.6,5
nvbench2:dev:603,llama3.2:3b,direct,rect,1.0,1.0,1.0,1.0,0.0,0.2,5
nvbench2:dev:605,llama3.2:3b,direct,line,1.0,1.0,0.0,0.2,0.0,0.2,5
nvbench2:dev:606,llama3.2:3b,direct,bar,1.0,1.0,1.0,1.0,0.0,0.0,5
nvbench2:dev:612,llama3.2:3b,direct,arc,1.0,1.0,1.0,0.8,0.0,0.0,5
nvbench2:dev:614,llama3.2:3b,direct,bar,1.0,1.0,1.0,1.0,0.0,0.4,5
nvbench2:dev:628,llama3.2:3b,direct,rect,1.0,1.0,1.0,0.75,0.0,0.0,4
nvbench2:dev:641,llama3.2:3b,direct,rect,1.0,1.0,1.0,1.0,0.0,0.0,5
nvbench2:dev:642,llama3.2:3b,direct,line,1.0,1.0,1.0,1.0,0.0,0.0,4
nvbench2:dev:644,llama3.2:3b,direct,bar+line,1.0,1.0,0.0,0.4,0.0,0.4,5
nvbench2:dev:647,llama3.2:3b,direct,bar,1.0,1.0,1.0,1.0,0.0,0.4,5
nvbench2:dev:651,llama3.2:3b,direct,bar,1.0,1.0,1.0,1.0,0.0,0.2,5
nvbench2:dev:655,llama3.2:3b,direct,line,1.0,1.0,1.0,1.0,1.0,1.0,5
nvbench2:dev:666,llama3.2:3b,direct,line,1.0,1.0,0.0,0.2,1.0,1.0,5
nvbench2:dev:672,llama3.2:3b,direct,bar,1.0,1.0,1.0,1.0,0.0,0.2,5
nvbench2:dev:675,llama3.2:3b,direct,bar,1.0,1.0,1.0,1.0,0.0,0.2,5
nvbench2:dev:681,llama3.2:3b,direct,bar,1.0,1.0,1.0,1.0,0.0,0.4,5
nvbench2:dev:683,llama3.2:3b,direct,bar,1.0,1.0,1.0,1.0,0.0,0.0,5
nvbench2:dev:684,llama3.2:3b,direct,bar,1.0,1.0,1.0,1.0,0.0,0.0,5
nvbench2:dev:713,llama3.2:3b,direct,bar,1.0,1.0,1.0,1.0,0.0,0.2,5
nvbench2:dev:715,llama3.2:3b,direct,point,1.0,1.0,1.0,1.0,1.0,0.8,5
nvbench2:dev:716,llama3.2:3b,direct,boxplot,1.0,1.0,1.0,1.0,1.0,1.0,5
nvbench2:dev:717,llama3.2:3b,direct,boxplot,1.0,1.0,1.0,1.0,0.0,0.0,5
nvbench2:dev:718,llama3.2:3b,direct,boxplot,1.0,1.0,1.0,1.0,0.0,0.2,5
nvbench2:dev:719,llama3.2:3b,direct,arc,1.0,1.0,1.0,1.0,0.0,0.0,5
nvbench2:dev:721,llama3.2:3b,direct,boxplot,1.0,1.0,1.0,1.0,0.0,0.2,5
nvbench2:dev:723,llama3.2:3b,direct,boxplot,1.0,1.0,1.0,1.0,1.0,0.6,5
nvbench2:dev:725,llama3.2:3b,direct,boxplot,1.0,1.0,1.0,1.0,0.0,0.2,5
nvbench2:dev:732,llama3.2:3b,direct,bar+line+rect,1.0,1.0,1.0,1.0,0.0,0.6,5
nvbench2:dev:733,llama3.2:3b,direct,bar+line+rect,1.0,1.0,1.0,1.0,1.0,0.8,5
nvbench2:dev:17,llama3.2:3b,direct_rich,line,1.0,1.0,0.0,0.4,1.0,1.0,5
nvbench2:dev:22,llama3.2:3b,direct_rich,boxplot,1.0,1.0,1.0,1.0,0.0,0.2,5
nvbench2:dev:23,llama3.2:3b,direct_rich,point,1.0,1.0,1.0,1.0,0.0,0.6,5
nvbench2:dev:25,llama3.2:3b,direct_rich,rect,1.0,1.0,1.0,1.0,0.0,0.4,5
nvbench2:dev:33,llama3.2:3b,direct_rich,arc,1.0,1.0,1.0,0.8,0.0,0.0,5
nvbench2:dev:34,llama3.2:3b,direct_rich,point,1.0,1.0,0.0,0.4,1.0,1.0,5
nvbench2:dev:35,llama3.2:3b,direct_rich,bar+line+point+rect,1.0,1.0,1.0,1.0,0.0,0.4,5
nvbench2:dev:39,llama3.2:3b,direct_rich,arc,1.0,1.0,1.0,1.0,0.0,0.0,2
nvbench2:dev:40,llama3.2:3b,direct_rich,rect,1.0,1.0,1.0,1.0,0.0,0.4,5
nvbench2:dev:41,llama3.2:3b,direct_rich,arc,1.0,1.0,1.0,1.0,0.0,0.8,5
nvbench2:dev:48,llama3.2:3b,direct_rich,arc,1.0,1.0,1.0,1.0,1.0,0.6,5
nvbench2:dev:49,llama3.2:3b,direct_rich,line,1.0,1.0,1.0,1.0,1.0,0.6666666666666666,3
nvbench2:dev:51,llama3.2:3b,direct_rich,bar,1.0,1.0,1.0,1.0,1.0,0.8,5
nvbench2:dev:54,llama3.2:3b,direct_rich,bar,1.0,1.0,1.0,1.0,0.0,0.6,5
nvbench2:dev:57,llama3.2:3b,direct_rich,rect,1.0,1.0,1.0,1.0,0.0,0.6,5
nvbench2:dev:61,llama3.2:3b,direct_rich,arc,1.0,1.0,1.0,1.0,1.0,0.6,5
nvbench2:dev:63,llama3.2:3b,direct_rich,arc,1.0,1.0,1.0,1.0,0.0,0.0,5
nvbench2:dev:68,llama3.2:3b,direct_rich,arc,1.0,1.0,1.0,1.0,1.0,0.6,5
nvbench2:dev:72,llama3.2:3b,direct_rich,arc,1.0,1.0,1.0,1.0,0.0,0.0,5
nvbench2:dev:73,llama3.2:3b,direct_rich,arc,1.0,1.0,1.0,1.0,0.0,0.0,5
nvbench2:dev:76,llama3.2:3b,direct_rich,bar,1.0,1.0,1.0,1.0,1.0,1.0,5
nvbench2:dev:83,llama3.2:3b,direct_rich,arc,1.0,1.0,1.0,0.8,0.0,0.4,5
nvbench2:dev:84,llama3.2:3b,direct_rich,rect,1.0,1.0,1.0,1.0,0.0,0.2,5
nvbench2:dev:89,llama3.2:3b,direct_rich,arc,1.0,1.0,1.0,1.0,0.0,0.0,5
nvbench2:dev:92,llama3.2:3b,direct_rich,arc,1.0,1.0,1.0,1.0,1.0,0.5,2
nvbench2:dev:97,llama3.2:3b,direct_rich,line,1.0,1.0,1.0,1.0,0.0,0.0,5
nvbench2:dev:103,llama3.2:3b,direct_rich,boxplot,1.0,1.0,1.0,1.0,0.0,0.4,5
nvbench2:dev:105,llama3.2:3b,direct_rich,arc,1.0,1.0,1.0,1.0,0.0,0.8,5
nvbench2:dev:108,llama3.2:3b,direct_rich,boxplot,1.0,1.0,1.0,1.0,0.0,0.4,5
nvbench2:dev:112,llama3.2:3b,direct_rich,boxplot,1.0,1.0,0.0,0.5,1.0,0.5,2
nvbench2:dev:114,llama3.2:3b,direct_rich,line,1.0,1.0,1.0,1.0,1.0,1.0,5
nvbench2:dev:116,llama3.2:3b,direct_rich,arc,1.0,1.0,1.0,1.0,0.0,0.4,5
nvbench2:dev:118,llama3.2:3b,direct_rich,rect,1.0,1.0,1.0,0.8,0.0,0.0,5
nvbench2:dev:127,llama3.2:3b,direct_rich,arc,1.0,1.0,1.0,1.0,0.0,0.2,5
nvbench2:dev:136,llama3.2:3b,direct_rich,boxplot,1.0,1.0,1.0,1.0,0.0,0.8,5
nvbench2:dev:138,llama3.2:3b,direct_rich,bar,1.0,1.0,1.0,1.0,0.0,0.2,5
nvbench2:dev:139,llama3.2:3b,direct_rich,line,1.0,1.0,0.0,0.6,0.0,0.0,5
nvbench2:dev:143,llama3.2:3b,direct_rich,rect,1.0,1.0,1.0,1.0,0.0,0.2,5
nvbench2:dev:144,llama3.2:3b,direct_rich,bar,1.0,1.0,1.0,1.0,0.0,0.2,5
nvbench2:dev:149,llama3.2:3b,direct_rich,point,1.0,1.0,1.0,1.0,1.0,0.8,5
nvbench2:dev:157,llama3.2:3b,direct_rich,point,1.0,1.0,1.0,1.0,0.0,0.8,5
nvbench2:dev:158,llama3.2:3b,direct_rich,point,1.0,1.0,1.0,1.0,1.0,0.8,5
nvbench2:dev:165,llama3.2:3b,direct_rich,line,1.0,1.0,1.0,1.0,1.0,1.0,1
nvbench2:dev:167,llama3.2:3b,direct_rich,bar,1.0,1.0,1.0,1.0,0.0,0.2,5
nvbench2:dev:176,llama3.2:3b,direct_rich,line,1.0,1.0,1.0,1.0,0.0,0.0,2
nvbench2:dev:182,llama3.2:3b,direct_rich,rect,1.0,1.0,0.0,0.2,0.0,0.2,5
nvbench2:dev:188,llama3.2:3b,direct_rich,rect,1.0,1.0,1.0,1.0,0.0,0.6,5
nvbench2:dev:191,llama3.2:3b,direct_rich,rect,1.0,1.0,1.0,1.0,0.0,0.0,5
nvbench2:dev:203,llama3.2:3b,direct_rich,bar+line,1.0,1.0,1.0,1.0,1.0,1.0,5
nvbench2:dev:214,llama3.2:3b,direct_rich,rect,1.0,1.0,1.0,1.0,0.0,0.6,5
nvbench2:dev:223,llama3.2:3b,direct_rich,boxplot,1.0,1.0,1.0,1.0,0.0,0.2,5
nvbench2:dev:228,llama3.2:3b,direct_rich,rect,1.0,1.0,1.0,1.0,0.0,0.0,5
nvbench2:dev:232,llama3.2:3b,direct_rich,arc,1.0,1.0,1.0,1.0,0.0,0.0,2
nvbench2:dev:245,llama3.2:3b,direct_rich,line,1.0,1.0,0.0,0.6,1.0,0.8,5
nvbench2:dev:252,llama3.2:3b,direct_rich,rect,1.0,0.0,0.0,0.0,1.0,0.4,5
nvbench2:dev:253,llama3.2:3b,direct_rich,arc+bar+line,1.0,1.0,1.0,1.0,0.0,0.0,1
nvbench2:dev:255,llama3.2:3b,direct_rich,bar,1.0,1.0,1.0,1.0,0.0,0.0,1
nvbench2:dev:256,llama3.2:3b,direct_rich,rect,1.0,1.0,0.0,0.8,0.0,0.0,5
nvbench2:dev:259,llama3.2:3b,direct_rich,point,1.0,1.0,1.0,1.0,1.0,0.6,5
nvbench2:dev:278,llama3.2:3b,direct_rich,arc,1.0,1.0,1.0,1.0,1.0,0.4,5
nvbench2:dev:283,llama3.2:3b,direct_rich,rect,1.0,1.0,1.0,1.0,0.0,0.0,5
nvbench2:dev:286,llama3.2:3b,direct_rich,bar,1.0,1.0,1.0,0.6666666666666666,0.0,0.0,3
nvbench2:dev:292,llama3.2:3b,direct_rich,rect,1.0,1.0,1.0,0.8,0.0,0.0,5
nvbench2:dev:296,llama3.2:3b,direct_rich,bar,1.0,1.0,1.0,1.0,0.0,0.6,5
nvbench2:dev:298,llama3.2:3b,direct_rich,bar,1.0,1.0,1.0,1.0,0.0,0.0,5
nvbench2:dev:300,llama3.2:3b,direct_rich,arc,1.0,1.0,1.0,0.8,0.0,0.0,5
nvbench2:dev:302,llama3.2:3b,direct_rich,rect,1.0,1.0,1.0,1.0,0.0,0.6,5
nvbench2:dev:307,llama3.2:3b,direct_rich,rect,1.0,1.0,1.0,0.8,0.0,0.0,5
nvbench2:dev:314,llama3.2:3b,direct_rich,arc,1.0,1.0,1.0,1.0,0.0,0.0,5
nvbench2:dev:315,llama3.2:3b,direct_rich,bar,1.0,1.0,1.0,1.0,0.0,0.0,5
nvbench2:dev:317,llama3.2:3b,direct_rich,rect,1.0,1.0,1.0,1.0,0.0,0.8,5
nvbench2:dev:319,llama3.2:3b,direct_rich,boxplot,1.0,1.0,1.0,1.0,0.0,0.8,5
nvbench2:dev:326,llama3.2:3b,direct_rich,rect,1.0,1.0,1.0,1.0,1.0,0.8,5
nvbench2:dev:327,llama3.2:3b,direct_rich,boxplot,1.0,1.0,1.0,1.0,0.0,0.4,5
nvbench2:dev:331,llama3.2:3b,direct_rich,bar,1.0,1.0,1.0,1.0,1.0,0.8,5
nvbench2:dev:332,llama3.2:3b,direct_rich,arc,1.0,1.0,1.0,1.0,0.0,0.6,5
nvbench2:dev:336,llama3.2:3b,direct_rich,arc,1.0,1.0,1.0,1.0,0.0,0.4,5
nvbench2:dev:338,llama3.2:3b,direct_rich,rect,1.0,1.0,1.0,0.6,0.0,0.0,5
nvbench2:dev:340,llama3.2:3b,direct_rich,rect,1.0,1.0,1.0,1.0,0.0,0.2,5
nvbench2:dev:346,llama3.2:3b,direct_rich,bar+line+rect,1.0,1.0,1.0,1.0,1.0,0.6,5
nvbench2:dev:358,llama3.2:3b,direct_rich,bar,1.0,1.0,1.0,0.8,0.0,0.0,5
nvbench2:dev:362,llama3.2:3b,direct_rich,rect,1.0,1.0,1.0,1.0,0.0,0.0,2
nvbench2:dev:367,llama3.2:3b,direct_rich,bar,1.0,1.0,1.0,1.0,0.0,0.2,5
nvbench2:dev:381,llama3.2:3b,direct_rich,rect,1.0,1.0,1.0,0.8,0.0,0.0,5
nvbench2:dev:383,llama3.2:3b,direct_rich,rect,1.0,1.0,1.0,1.0,1.0,0.8,5
nvbench2:dev:384,llama3.2:3b,direct_rich,bar,1.0,1.0,1.0,1.0,1.0,1.0,5
nvbench2:dev:388,llama3.2:3b,direct_rich,rect,1.0,1.0,1.0,1.0,0.0,0.2,5
nvbench2:dev:394,llama3.2:3b,direct_rich,arc,1.0,1.0,1.0,1.0,0.0,0.0,2
nvbench2:dev:398,llama3.2:3b,direct_rich,line,1.0,1.0,1.0,1.0,0.0,0.0,2
nvbench2:dev:403,llama3.2:3b,direct_rich,point,1.0,1.0,1.0,1.0,1.0,0.6,5
nvbench2:dev:405,llama3.2:3b,direct_rich,bar,1.0,1.0,1.0,1.0,0.0,0.0,1
nvbench2:dev:421,llama3.2:3b,direct_rich,arc,1.0,1.0,1.0,0.8,0.0,0.0,5
nvbench2:dev:422,llama3.2:3b,direct_rich,arc,1.0,1.0,1.0,1.0,0.0,0.0,5
nvbench2:dev:436,llama3.2:3b,direct_rich,point,1.0,1.0,1.0,1.0,0.0,0.2,5
nvbench2:dev:444,llama3.2:3b,direct_rich,point,1.0,1.0,1.0,1.0,0.0,0.2,5
nvbench2:dev:445,llama3.2:3b,direct_rich,boxplot,1.0,1.0,1.0,1.0,0.0,0.2,5
nvbench2:dev:455,llama3.2:3b,direct_rich,bar,1.0,1.0,1.0,1.0,0.0,0.4,5
nvbench2:dev:457,llama3.2:3b,direct_rich,arc,1.0,1.0,1.0,1.0,0.0,0.0,5
nvbench2:dev:462,llama3.2:3b,direct_rich,bar,1.0,1.0,1.0,1.0,0.0,0.2,5
nvbench2:dev:463,llama3.2:3b,direct_rich,bar+line+point,1.0,1.0,1.0,1.0,1.0,1.0,5
nvbench2:dev:465,llama3.2:3b,direct_rich,arc,1.0,1.0,1.0,0.8,0.0,0.0,5
nvbench2:dev:470,llama3.2:3b,direct_rich,boxplot,1.0,1.0,1.0,1.0,1.0,0.5,2
nvbench2:dev:475,llama3.2:3b,direct_rich,bar+line,1.0,1.0,1.0,1.0,0.0,0.6,5
nvbench2:dev:485,llama3.2:3b,direct_rich,bar,1.0,1.0,1.0,1.0,1.0,0.75,4
nvbench2:dev:492,llama3.2:3b,direct_rich,arc,1.0,1.0,1.0,1.0,0.0,0.2,5
nvbench2:dev:495,llama3.2:3b,direct_rich,boxplot,1.0,1.0,1.0,1.0,0.0,0.0,2
nvbench2:dev:498,llama3.2:3b,direct_rich,arc,1.0,1.0,1.0,1.0,0.0,0.0,2
nvbench2:dev:499,llama3.2:3b,direct_rich,line,1.0,1.0,1.0,1.0,0.0,0.0,5
nvbench2:dev:507,llama3.2:3b,direct_rich,rect,1.0,1.0,1.0,1.0,0.0,0.0,5
nvbench2:dev:508,llama3.2:3b,direct_rich,arc,1.0,1.0,1.0,0.8,0.0,0.0,5
nvbench2:dev:515,llama3.2:3b,direct_rich,line,1.0,1.0,1.0,1.0,0.0,0.2,5
nvbench2:dev:531,llama3.2:3b,direct_rich,bar,1.0,1.0,1.0,1.0,0.0,0.2,5
nvbench2:dev:538,llama3.2:3b,direct_rich,arc,1.0,1.0,1.0,1.0,0.0,0.0,1
nvbench2:dev:540,llama3.2:3b,direct_rich,bar,1.0,1.0,1.0,1.0,0.0,0.2,5
nvbench2:dev:551,llama3.2:3b,direct_rich,line,1.0,1.0,0.0,0.5,0.0,0.0,2
nvbench2:dev:554,llama3.2:3b,direct_rich,point,1.0,1.0,1.0,1.0,1.0,0.8,5
nvbench2:dev:562,llama3.2:3b,direct_rich,bar,1.0,1.0,1.0,1.0,0.0,0.2,5
nvbench2:dev:568,llama3.2:3b,direct_rich,line,1.0,1.0,1.0,1.0,0.0,0.0,2
nvbench2:dev:571,llama3.2:3b,direct_rich,rect,1.0,1.0,1.0,1.0,1.0,0.6,5
nvbench2:dev:572,llama3.2:3b,direct_rich,bar,1.0,0.0,0.0,0.0,0.0,0.4,5
nvbench2:dev:573,llama3.2:3b,direct_rich,point,1.0,1.0,1.0,1.0,0.0,0.2,5
nvbench2:dev:603,llama3.2:3b,direct_rich,rect,1.0,1.0,1.0,0.8,0.0,0.0,5
nvbench2:dev:605,llama3.2:3b,direct_rich,line,1.0,1.0,0.0,0.2,0.0,0.2,5
nvbench2:dev:606,llama3.2:3b,direct_rich,bar,1.0,1.0,1.0,1.0,0.0,0.0,5
nvbench2:dev:612,llama3.2:3b,direct_rich,arc,1.0,1.0,1.0,0.8,0.0,0.0,5
nvbench2:dev:614,llama3.2:3b,direct_rich,bar,1.0,1.0,1.0,1.0,0.0,0.4,5
nvbench2:dev:628,llama3.2:3b,direct_rich,rect,1.0,1.0,1.0,0.8,0.0,0.0,5
nvbench2:dev:641,llama3.2:3b,direct_rich,rect,1.0,1.0,1.0,0.75,0.0,0.0,4
nvbench2:dev:642,llama3.2:3b,direct_rich,line,1.0,1.0,1.0,1.0,0.0,0.0,4
nvbench2:dev:644,llama3.2:3b,direct_rich,bar+line,1.0,1.0,0.0,0.4,0.0,0.4,5
nvbench2:dev:647,llama3.2:3b,direct_rich,bar,1.0,1.0,1.0,1.0,0.0,0.4,5
nvbench2:dev:651,llama3.2:3b,direct_rich,bar,1.0,1.0,1.0,1.0,0.0,0.4,5
nvbench2:dev:655,llama3.2:3b,direct_rich,line,1.0,1.0,1.0,1.0,1.0,1.0,5
nvbench2:dev:666,llama3.2:3b,direct_rich,line,1.0,0.0,0.0,0.0,1.0,0.8,5
nvbench2:dev:672,llama3.2:3b,direct_rich,bar,1.0,1.0,1.0,1.0,0.0,0.2,5
nvbench2:dev:675,llama3.2:3b,direct_rich,bar,1.0,1.0,1.0,1.0,0.0,0.6,5
nvbench2:dev:681,llama3.2:3b,direct_rich,bar,1.0,1.0,1.0,0.8,0.0,0.0,5
nvbench2:dev:683,llama3.2:3b,direct_rich,bar,1.0,1.0,1.0,1.0,0.0,0.0,4
nvbench2:dev:684,llama3.2:3b,direct_rich,bar,1.0,1.0,1.0,1.0,0.0,0.0,5
nvbench2:dev:713,llama3.2:3b,direct_rich,bar,1.0,1.0,1.0,1.0,0.0,0.2,5
nvbench2:dev:715,llama3.2:3b,direct_rich,point,1.0,1.0,1.0,1.0,0.0,0.6,5
nvbench2:dev:716,llama3.2:3b,direct_rich,boxplot,1.0,1.0,1.0,1.0,1.0,0.8,5
nvbench2:dev:717,llama3.2:3b,direct_rich,boxplot,1.0,1.0,1.0,1.0,0.0,0.6,5
nvbench2:dev:718,llama3.2:3b,direct_rich,boxplot,1.0,1.0,1.0,1.0,0.0,0.2,5
nvbench2:dev:719,llama3.2:3b,direct_rich,arc,1.0,1.0,1.0,1.0,0.0,0.0,5
nvbench2:dev:721,llama3.2:3b,direct_rich,boxplot,1.0,1.0,1.0,1.0,0.0,0.4,5
nvbench2:dev:723,llama3.2:3b,direct_rich,boxplot,1.0,1.0,1.0,1.0,1.0,0.6,5
nvbench2:dev:725,llama3.2:3b,direct_rich,boxplot,1.0,1.0,1.0,1.0,0.0,0.0,5
nvbench2:dev:732,llama3.2:3b,direct_rich,bar+line+rect,1.0,1.0,1.0,1.0,0.0,0.4,5
nvbench2:dev:733,llama3.2:3b,direct_rich,bar+line+rect,1.0,1.0,1.0,1.0,0.0,0.2,5
nvbench2:dev:17,llama3.2:3b,staged,line,1.0,0.0,0.0,0.0,0.0,0.0,5
nvbench2:dev:22,llama3.2:3b,staged,boxplot,1.0,0.0,0.0,0.0,0.0,0.0,1
nvbench2:dev:23,llama3.2:3b,staged,point,1.0,0.0,0.0,0.0,0.0,0.0,1
nvbench2:dev:25,llama3.2:3b,staged,rect,1.0,1.0,1.0,1.0,0.0,0.4,5
nvbench2:dev:33,llama3.2:3b,staged,arc,1.0,0.0,0.0,0.0,0.0,0.0,2
nvbench2:dev:34,llama3.2:3b,staged,point,1.0,1.0,1.0,1.0,0.0,0.0,2
nvbench2:dev:35,llama3.2:3b,staged,bar+line+point+rect,1.0,0.0,0.0,0.0,0.0,0.0,1
nvbench2:dev:39,llama3.2:3b,staged,arc,1.0,1.0,1.0,1.0,0.0,0.0,1
nvbench2:dev:40,llama3.2:3b,staged,rect,1.0,1.0,1.0,1.0,0.0,0.6,5
nvbench2:dev:41,llama3.2:3b,staged,arc,1.0,0.0,0.0,0.0,0.0,0.0,2
nvbench2:dev:48,llama3.2:3b,staged,arc,1.0,0.0,0.0,0.0,0.0,0.0,1
nvbench2:dev:49,llama3.2:3b,staged,line,1.0,1.0,1.0,1.0,1.0,1.0,5
nvbench2:dev:51,llama3.2:3b,staged,bar,1.0,0.0,0.0,0.0,0.0,0.0,1
nvbench2:dev:54,llama3.2:3b,staged,bar,1.0,0.0,0.0,0.0,0.0,0.0,1
nvbench2:dev:57,llama3.2:3b,staged,rect,1.0,1.0,1.0,1.0,0.0,0.0,3
nvbench2:dev:61,llama3.2:3b,staged,arc,1.0,0.0,0.0,0.0,0.0,0.0,1
nvbench2:dev:63,llama3.2:3b,staged,arc,1.0,1.0,1.0,1.0,0.0,0.2,5
nvbench2:dev:68,llama3.2:3b,staged,arc,1.0,1.0,1.0,0.6,0.0,0.0,5
nvbench2:dev:72,llama3.2:3b,staged,arc,1.0,0.0,0.0,0.0,0.0,0.0,1
nvbench2:dev:73,llama3.2:3b,staged,arc,1.0,1.0,1.0,1.0,0.0,0.5,2
nvbench2:dev:76,llama3.2:3b,staged,bar,1.0,0.0,0.0,0.0,0.0,0.0,1
nvbench2:dev:83,llama3.2:3b,staged,arc,1.0,0.0,0.0,0.0,0.0,0.0,0
nvbench2:dev:84,llama3.2:3b,staged,rect,1.0,1.0,1.0,1.0,0.0,0.0,5
nvbench2:dev:89,llama3.2:3b,staged,arc,1.0,1.0,1.0,1.0,0.0,0.2,5
nvbench2:dev:92,llama3.2:3b,staged,arc,1.0,1.0,1.0,1.0,0.0,0.0,1
nvbench2:dev:97,llama3.2:3b,staged,line,1.0,0.0,0.0,0.0,0.0,0.0,2
nvbench2:dev:103,llama3.2:3b,staged,boxplot,1.0,0.0,0.0,0.0,0.0,0.0,5
nvbench2:dev:105,llama3.2:3b,staged,arc,1.0,0.0,0.0,0.0,0.0,0.0,1
nvbench2:dev:108,llama3.2:3b,staged,boxplot,1.0,0.0,0.0,0.0,0.0,0.0,1
nvbench2:dev:112,llama3.2:3b,staged,boxplot,1.0,0.0,0.0,0.0,0.0,0.0,1
nvbench2:dev:114,llama3.2:3b,staged,line,1.0,1.0,1.0,1.0,0.0,0.0,1
nvbench2:dev:116,llama3.2:3b,staged,arc,1.0,1.0,1.0,1.0,0.0,0.0,1
nvbench2:dev:118,llama3.2:3b,staged,rect,1.0,1.0,1.0,1.0,0.0,0.0,2
nvbench2:dev:127,llama3.2:3b,staged,arc,1.0,1.0,1.0,1.0,0.0,0.0,5
nvbench2:dev:136,llama3.2:3b,staged,boxplot,1.0,1.0,1.0,1.0,0.0,0.0,1
nvbench2:dev:138,llama3.2:3b,staged,bar,1.0,1.0,1.0,1.0,0.0,0.0,1
nvbench2:dev:139,llama3.2:3b,staged,line,1.0,1.0,1.0,1.0,0.0,0.0,2
nvbench2:dev:143,llama3.2:3b,staged,rect,1.0,1.0,1.0,1.0,0.0,0.0,3
nvbench2:dev:144,llama3.2:3b,staged,bar,1.0,1.0,1.0,1.0,0.0,0.0,2
nvbench2:dev:149,llama3.2:3b,staged,point,1.0,1.0,1.0,0.4,1.0,0.2,5
nvbench2:dev:157,llama3.2:3b,staged,point,1.0,0.0,0.0,0.0,0.0,0.0,1
nvbench2:dev:158,llama3.2:3b,staged,point,1.0,1.0,1.0,1.0,0.0,0.0,1
nvbench2:dev:165,llama3.2:3b,staged,line,1.0,1.0,1.0,1.0,0.0,0.0,1
nvbench2:dev:167,llama3.2:3b,staged,bar,1.0,1.0,1.0,1.0,0.0,0.0,1
nvbench2:dev:176,llama3.2:3b,staged,line,1.0,0.0,0.0,0.0,0.0,0.0,1
nvbench2:dev:182,llama3.2:3b,staged,rect,1.0,1.0,1.0,1.0,0.0,0.0,2
nvbench2:dev:188,llama3.2:3b,staged,rect,1.0,0.0,0.0,0.0,0.0,0.0,2
nvbench2:dev:191,llama3.2:3b,staged,rect,1.0,1.0,1.0,1.0,0.0,0.2,5
nvbench2:dev:203,llama3.2:3b,staged,bar+line,1.0,0.0,0.0,0.0,0.0,0.0,2
nvbench2:dev:214,llama3.2:3b,staged,rect,1.0,1.0,1.0,1.0,1.0,0.5,2
nvbench2:dev:223,llama3.2:3b,staged,boxplot,1.0,1.0,0.0,0.6,0.0,0.2,5
nvbench2:dev:228,llama3.2:3b,staged,rect,1.0,1.0,0.0,0.8,0.0,0.0,5
nvbench2:dev:232,llama3.2:3b,staged,arc,1.0,1.0,1.0,1.0,0.0,0.0,1
nvbench2:dev:245,llama3.2:3b,staged,line,1.0,1.0,1.0,1.0,0.0,0.0,1
nvbench2:dev:252,llama3.2:3b,staged,rect,1.0,0.0,0.0,0.0,0.0,0.0,2
nvbench2:dev:253,llama3.2:3b,staged,arc+bar+line,1.0,1.0,1.0,1.0,0.0,0.0,1
nvbench2:dev:255,llama3.2:3b,staged,bar,1.0,1.0,1.0,1.0,0.0,0.0,1
nvbench2:dev:256,llama3.2:3b,staged,rect,1.0,1.0,1.0,1.0,0.0,0.0,5
nvbench2:dev:259,llama3.2:3b,staged,point,1.0,1.0,1.0,1.0,0.0,0.6,5
nvbench2:dev:278,llama3.2:3b,staged,arc,1.0,1.0,1.0,1.0,0.0,0.6,5
nvbench2:dev:283,llama3.2:3b,staged,rect,1.0,1.0,1.0,1.0,0.0,0.0,2
nvbench2:dev:286,llama3.2:3b,staged,bar,1.0,1.0,1.0,1.0,0.0,0.0,1
nvbench2:dev:292,llama3.2:3b,staged,rect,1.0,1.0,1.0,1.0,0.0,0.0,2
nvbench2:dev:296,llama3.2:3b,staged,bar,1.0,1.0,1.0,1.0,0.0,0.0,5
nvbench2:dev:298,llama3.2:3b,staged,bar,1.0,1.0,1.0,1.0,0.0,0.0,5
nvbench2:dev:300,llama3.2:3b,staged,arc,1.0,1.0,1.0,1.0,0.0,0.0,1
nvbench2:dev:302,llama3.2:3b,staged,rect,1.0,1.0,1.0,1.0,0.0,0.0,2
nvbench2:dev:307,llama3.2:3b,staged,rect,1.0,1.0,1.0,1.0,0.0,0.0,1
nvbench2:dev:314,llama3.2:3b,staged,arc,1.0,1.0,1.0,1.0,0.0,0.0,1
nvbench2:dev:315,llama3.2:3b,staged,bar,1.0,1.0,1.0,1.0,0.0,0.0,3
nvbench2:dev:317,llama3.2:3b,staged,rect,1.0,0.0,0.0,0.0,0.0,0.0,2
nvbench2:dev:319,llama3.2:3b,staged,boxplot,1.0,1.0,1.0,1.0,0.0,0.0,2
nvbench2:dev:326,llama3.2:3b,staged,rect,1.0,1.0,1.0,1.0,0.0,0.0,3
nvbench2:dev:327,llama3.2:3b,staged,boxplot,1.0,1.0,1.0,1.0,0.0,0.0,5
nvbench2:dev:331,llama3.2:3b,staged,bar,1.0,1.0,1.0,1.0,0.0,0.0,1
nvbench2:dev:332,llama3.2:3b,staged,arc,1.0,1.0,1.0,1.0,0.0,0.0,2
nvbench2:dev:336,llama3.2:3b,staged,arc,1.0,1.0,1.0,1.0,0.0,0.0,5
nvbench2:dev:338,llama3.2:3b,staged,rect,1.0,1.0,0.0,0.6,0.0,0.0,5
nvbench2:dev:340,llama3.2:3b,staged,rect,1.0,1.0,1.0,1.0,0.0,0.4,5
nvbench2:dev:346,llama3.2:3b,staged,bar+line+rect,1.0,1.0,1.0,1.0,0.0,0.0,2
nvbench2:dev:358,llama3.2:3b,staged,bar,1.0,1.0,1.0,0.6,0.0,0.0,5
nvbench2:dev:362,llama3.2:3b,staged,rect,1.0,0.0,0.0,0.0,0.0,0.0,1
nvbench2:dev:367,llama3.2:3b,staged,bar,1.0,1.0,0.0,0.6,0.0,0.4,5
nvbench2:dev:381,llama3.2:3b,staged,rect,1.0,1.0,1.0,1.0,0.0,0.0,3
nvbench2:dev:383,llama3.2:3b,staged,rect,1.0,0.0,0.0,0.0,0.0,0.0,3
nvbench2:dev:384,llama3.2:3b,staged,bar,1.0,1.0,1.0,1.0,0.0,0.0,1
nvbench2:dev:388,llama3.2:3b,staged,rect,1.0,0.0,0.0,0.0,0.0,0.0,1
nvbench2:dev:394,llama3.2:3b,staged,arc,1.0,1.0,1.0,1.0,0.0,0.0,1
nvbench2:dev:398,llama3.2:3b,staged,line,1.0,0.0,0.0,0.0,0.0,0.0,3
nvbench2:dev:403,llama3.2:3b,staged,point,1.0,1.0,1.0,1.0,0.0,0.0,1
nvbench2:dev:405,llama3.2:3b,staged,bar,1.0,1.0,1.0,0.8,0.0,0.2,5
nvbench2:dev:421,llama3.2:3b,staged,arc,1.0,1.0,1.0,0.6,0.0,0.0,5
nvbench2:dev:422,llama3.2:3b,staged,arc,1.0,0.0,0.0,0.0,0.0,0.0,1
nvbench2:dev:436,llama3.2:3b,staged,point,1.0,1.0,1.0,1.0,0.0,0.0,2
nvbench2:dev:444,llama3.2:3b,staged,point,1.0,1.0,1.0,1.0,0.0,0.0,1
nvbench2:dev:445,llama3.2:3b,staged,boxplot,1.0,1.0,1.0,1.0,0.0,0.0,3
nvbench2:dev:455,llama3.2:3b,staged,bar,1.0,1.0,1.0,1.0,0.0,0.0,4
nvbench2:dev:457,llama3.2:3b,staged,arc,1.0,0.0,0.0,0.0,0.0,0.0,1
nvbench2:dev:462,llama3.2:3b,staged,bar,1.0,1.0,1.0,1.0,0.0,0.0,2
nvbench2:dev:463,llama3.2:3b,staged,bar+line+point,1.0,1.0,1.0,1.0,0.0,0.4,5
nvbench2:dev:465,llama3.2:3b,staged,arc,1.0,0.0,0.0,0.0,0.0,0.0,1
nvbench2:dev:470,llama3.2:3b,staged,boxplot,1.0,0.0,0.0,0.0,0.0,0.0,1
nvbench2:dev:475,llama3.2:3b,staged,bar+line,1.0,1.0,1.0,1.0,0.0,0.0,1
nvbench2:dev:485,llama3.2:3b,staged,bar,1.0,1.0,1.0,1.0,0.0,0.0,1
nvbench2:dev:492,llama3.2:3b,staged,arc,1.0,1.0,1.0,1.0,0.0,0.6,5
nvbench2:dev:495,llama3.2:3b,staged,boxplot,1.0,1.0,1.0,1.0,0.0,0.0,3
nvbench2:dev:498,llama3.2:3b,staged,arc,1.0,1.0,1.0,1.0,0.0,0.0,1
nvbench2:dev:499,llama3.2:3b,staged,line,1.0,1.0,1.0,1.0,0.0,0.0,2
nvbench2:dev:507,llama3.2:3b,staged,rect,1.0,0.0,0.0,0.0,0.0,0.0,2
nvbench2:dev:508,llama3.2:3b,staged,arc,1.0,0.0,0.0,0.0,0.0,0.0,5
nvbench2:dev:515,llama3.2:3b,staged,line,1.0,1.0,1.0,1.0,0.0,0.0,1
nvbench2:dev:531,llama3.2:3b,staged,bar,1.0,1.0,1.0,1.0,0.0,0.0,1
nvbench2:dev:538,llama3.2:3b,staged,arc,1.0,1.0,1.0,1.0,0.0,0.0,2
nvbench2:dev:540,llama3.2:3b,staged,bar,1.0,0.0,0.0,0.0,0.0,0.0,5
nvbench2:dev:551,llama3.2:3b,staged,line,1.0,1.0,1.0,1.0,0.0,0.0,1
nvbench2:dev:554,llama3.2:3b,staged,point,1.0,1.0,1.0,1.0,0.0,0.0,3
nvbench2:dev:562,llama3.2:3b,staged,bar,1.0,1.0,1.0,1.0,0.0,0.0,2
nvbench2:dev:568,llama3.2:3b,staged,line,1.0,1.0,1.0,1.0,0.0,0.6,5
nvbench2:dev:571,llama3.2:3b,staged,rect,1.0,0.0,0.0,0.0,0.0,0.0,1
nvbench2:dev:572,llama3.2:3b,staged,bar,1.0,0.0,0.0,0.0,0.0,0.2,5
nvbench2:dev:573,llama3.2:3b,staged,point,1.0,1.0,1.0,1.0,0.0,0.0,2
nvbench2:dev:603,llama3.2:3b,staged,rect,1.0,0.0,0.0,0.0,0.0,0.0,2
nvbench2:dev:605,llama3.2:3b,staged,line,1.0,1.0,0.0,0.8,0.0,0.2,5
nvbench2:dev:606,llama3.2:3b,staged,bar,1.0,0.0,0.0,0.0,0.0,0.0,3
nvbench2:dev:612,llama3.2:3b,staged,arc,1.0,1.0,1.0,1.0,0.0,0.0,2
nvbench2:dev:614,llama3.2:3b,staged,bar,1.0,1.0,1.0,1.0,0.0,0.0,2
nvbench2:dev:628,llama3.2:3b,staged,rect,1.0,0.0,0.0,0.0,0.0,0.0,1
nvbench2:dev:641,llama3.2:3b,staged,rect,1.0,0.0,0.0,0.0,0.0,0.0,4
nvbench2:dev:642,llama3.2:3b,staged,line,1.0,1.0,1.0,1.0,0.0,0.0,1
nvbench2:dev:644,llama3.2:3b,staged,bar+line,1.0,1.0,1.0,1.0,0.0,0.4,5
nvbench2:dev:647,llama3.2:3b,staged,bar,1.0,1.0,0.0,0.8,0.0,0.4,5
nvbench2:dev:651,llama3.2:3b,staged,bar,1.0,1.0,1.0,1.0,0.0,0.0,5
nvbench2:dev:655,llama3.2:3b,staged,line,1.0,1.0,1.0,1.0,0.0,0.0,2
nvbench2:dev:666,llama3.2:3b,staged,line,1.0,1.0,0.0,0.4,0.0,0.4,5
nvbench2:dev:672,llama3.2:3b,staged,bar,1.0,1.0,1.0,1.0,0.0,0.0,1
nvbench2:dev:675,llama3.2:3b,staged,bar,1.0,1.0,1.0,1.0,0.0,0.0,2
nvbench2:dev:681,llama3.2:3b,staged,bar,1.0,0.0,0.0,0.0,0.0,0.0,3
nvbench2:dev:683,llama3.2:3b,staged,bar,1.0,1.0,1.0,1.0,0.0,0.3333333333333333,3
nvbench2:dev:684,llama3.2:3b,staged,bar,1.0,1.0,1.0,1.0,0.0,0.0,1
nvbench2:dev:713,llama3.2:3b,staged,bar,1.0,1.0,1.0,1.0,0.0,0.0,1
nvbench2:dev:715,llama3.2:3b,staged,point,1.0,0.0,0.0,0.0,0.0,0.0,2
nvbench2:dev:716,llama3.2:3b,staged,boxplot,1.0,0.0,0.0,0.0,0.0,0.0,2
nvbench2:dev:717,llama3.2:3b,staged,boxplot,1.0,1.0,1.0,1.0,0.0,0.0,5
nvbench2:dev:718,llama3.2:3b,staged,boxplot,1.0,1.0,0.0,0.8,0.0,0.2,5
nvbench2:dev:719,llama3.2:3b,staged,arc,1.0,1.0,1.0,1.0,0.0,0.0,1
nvbench2:dev:721,llama3.2:3b,staged,boxplot,1.0,1.0,1.0,1.0,0.0,0.2,5
nvbench2:dev:723,llama3.2:3b,staged,boxplot,1.0,1.0,1.0,1.0,0.0,0.0,1
nvbench2:dev:725,llama3.2:3b,staged,boxplot,1.0,1.0,1.0,1.0,0.0,0.2,5
nvbench2:dev:732,llama3.2:3b,staged,bar+line+rect,1.0,1.0,1.0,1.0,0.0,0.0,3
nvbench2:dev:733,llama3.2:3b,staged,bar+line+rect,1.0,1.0,1.0,1.0,1.0,0.4,5
nvbench2:dev:17,mistral-small:24b,direct,line,1.0,1.0,1.0,1.0,0.0,0.0,1
nvbench2:dev:22,mistral-small:24b,direct,boxplot,1.0,0.0,0.0,0.0,1.0,1.0,5
nvbench2:dev:23,mistral-small:24b,direct,point,1.0,1.0,1.0,1.0,1.0,1.0,3
nvbench2:dev:25,mistral-small:24b,direct,rect,1.0,1.0,1.0,1.0,1.0,1.0,5
nvbench2:dev:33,mistral-small:24b,direct,arc,1.0,1.0,1.0,1.0,1.0,1.0,3
nvbench2:dev:34,mistral-small:24b,direct,point,1.0,1.0,1.0,1.0,1.0,0.6666666666666666,3
nvbench2:dev:35,mistral-small:24b,direct,bar+line+point+rect,1.0,1.0,1.0,1.0,0.0,0.6666666666666666,3
nvbench2:dev:39,mistral-small:24b,direct,arc,1.0,1.0,1.0,1.0,1.0,1.0,1
nvbench2:dev:40,mistral-small:24b,direct,rect,1.0,1.0,1.0,1.0,0.0,0.8,5
nvbench2:dev:41,mistral-small:24b,direct,arc,1.0,1.0,1.0,1.0,1.0,1.0,2
nvbench2:dev:48,mistral-small:24b,direct,arc,1.0,1.0,1.0,1.0,1.0,1.0,2
nvbench2:dev:49,mistral-small:24b,direct,line,1.0,1.0,1.0,1.0,1.0,1.0,2
nvbench2:dev:51,mistral-small:24b,direct,bar,1.0,1.0,1.0,1.0,1.0,1.0,1
nvbench2:dev:54,mistral-small:24b,direct,bar,1.0,1.0,1.0,1.0,1.0,1.0,3
nvbench2:dev:57,mistral-small:24b,direct,rect,1.0,1.0,1.0,1.0,0.0,0.8,5
nvbench2:dev:61,mistral-small:24b,direct,arc,1.0,1.0,1.0,1.0,1.0,1.0,2
nvbench2:dev:63,mistral-small:24b,direct,arc,1.0,1.0,1.0,1.0,1.0,1.0,5
nvbench2:dev:68,mistral-small:24b,direct,arc,1.0,1.0,1.0,1.0,1.0,1.0,1
nvbench2:dev:72,mistral-small:24b,direct,arc,1.0,1.0,1.0,1.0,1.0,1.0,1
nvbench2:dev:73,mistral-small:24b,direct,arc,1.0,1.0,1.0,1.0,0.0,0.0,2
nvbench2:dev:76,mistral-small:24b,direct,bar,1.0,1.0,1.0,1.0,1.0,1.0,1
nvbench2:dev:83,mistral-small:24b,direct,arc,1.0,1.0,1.0,1.0,1.0,1.0,2
nvbench2:dev:84,mistral-small:24b,direct,rect,1.0,1.0,1.0,1.0,0.0,0.6,5
nvbench2:dev:89,mistral-small:24b,direct,arc,1.0,1.0,1.0,1.0,1.0,1.0,3
nvbench2:dev:92,mistral-small:24b,direct,arc,1.0,1.0,1.0,1.0,1.0,1.0,1
nvbench2:dev:97,mistral-small:24b,direct,line,1.0,1.0,1.0,1.0,0.0,0.0,1
nvbench2:dev:103,mistral-small:24b,direct,boxplot,1.0,1.0,1.0,1.0,1.0,1.0,3
nvbench2:dev:105,mistral-small:24b,direct,arc,1.0,1.0,1.0,1.0,1.0,1.0,2
nvbench2:dev:108,mistral-small:24b,direct,boxplot,1.0,1.0,1.0,1.0,0.0,0.6666666666666666,3
nvbench2:dev:112,mistral-small:24b,direct,boxplot,1.0,1.0,1.0,1.0,0.0,0.0,1
nvbench2:dev:114,mistral-small:24b,direct,line,1.0,0.0,0.0,0.0,0.0,0.0,1
nvbench2:dev:116,mistral-small:24b,direct,arc,1.0,1.0,1.0,1.0,1.0,1.0,1
nvbench2:dev:118,mistral-small:24b,direct,rect,1.0,1.0,1.0,1.0,1.0,1.0,2
nvbench2:dev:127,mistral-small:24b,direct,arc,1.0,1.0,1.0,1.0,1.0,1.0,2
nvbench2:dev:136,mistral-small:24b,direct,boxplot,1.0,1.0,1.0,0.8,0.0,0.4,5
nvbench2:dev:138,mistral-small:24b,direct,bar,1.0,1.0,1.0,1.0,0.0,0.0,1
nvbench2:dev:139,mistral-small:24b,direct,line,1.0,1.0,1.0,1.0,1.0,1.0,2
nvbench2:dev:143,mistral-small:24b,direct,rect,1.0,1.0,1.0,1.0,1.0,1.0,2
nvbench2:dev:144,mistral-small:24b,direct,bar,1.0,1.0,1.0,1.0,1.0,1.0,2
nvbench2:dev:149,mistral-small:24b,direct,point,1.0,1.0,1.0,1.0,1.0,1.0,4
nvbench2:dev:157,mistral-small:24b,direct,point,1.0,1.0,1.0,1.0,1.0,1.0,5
nvbench2:dev:158,mistral-small:24b,direct,point,1.0,1.0,1.0,1.0,0.0,0.0,1
nvbench2:dev:165,mistral-small:24b,direct,line,1.0,1.0,1.0,1.0,0.0,0.0,1
nvbench2:dev:167,mistral-small:24b,direct,bar,1.0,1.0,1.0,1.0,0.0,0.0,1
nvbench2:dev:176,mistral-small:24b,direct,line,1.0,1.0,1.0,1.0,1.0,1.0,2
nvbench2:dev:182,mistral-small:24b,direct,rect,1.0,1.0,1.0,1.0,0.0,0.8,5
nvbench2:dev:188,mistral-small:24b,direct,rect,1.0,1.0,1.0,1.0,1.0,1.0,5
nvbench2:dev:191,mistral-small:24b,direct,rect,1.0,1.0,1.0,1.0,1.0,1.0,4
nvbench2:dev:203,mistral-small:24b,direct,bar+line,1.0,1.0,1.0,1.0,1.0,1.0,5
nvbench2:dev:214,mistral-small:24b,direct,rect,1.0,1.0,1.0,1.0,0.0,0.0,5
nvbench2:dev:223,mistral-small:24b,direct,boxplot,1.0,0.0,0.0,0.0,1.0,1.0,2
nvbench2:dev:228,mistral-small:24b,direct,rect,1.0,1.0,1.0,1.0,1.0,0.5,2
nvbench2:dev:232,mistral-small:24b,direct,arc,1.0,1.0,1.0,1.0,1.0,1.0,3
nvbench2:dev:245,mistral-small:24b,direct,line,1.0,1.0,1.0,1.0,1.0,1.0,1
nvbench2:dev:252,mistral-small:24b,direct,rect,1.0,1.0,1.0,1.0,1.0,1.0,1
nvbench2:dev:253,mistral-small:24b,direct,arc+bar+line,1.0,1.0,1.0,1.0,1.0,1.0,3
nvbench2:dev:255,mistral-small:24b,direct,bar,1.0,1.0,1.0,1.0,0.0,0.0,1
nvbench2:dev:256,mistral-small:24b,direct,rect,1.0,1.0,1.0,1.0,0.0,0.0,1
nvbench2:dev:259,mistral-small:24b,direct,point,1.0,1.0,1.0,1.0,1.0,0.8,5
nvbench2:dev:278,mistral-small:24b,direct,arc,1.0,1.0,1.0,1.0,1.0,1.0,2
nvbench2:dev:283,mistral-small:24b,direct,rect,1.0,1.0,1.0,1.0,1.0,1.0,1
nvbench2:dev:286,mistral-small:24b,direct,bar,1.0,1.0,1.0,1.0,1.0,1.0,2
nvbench2:dev:292,mistral-small:24b,direct,rect,1.0,1.0,1.0,1.0,0.0,0.4,5
nvbench2:dev:296,mistral-small:24b,direct,bar,1.0,1.0,1.0,0.8,1.0,1.0,5
nvbench2:dev:298,mistral-small:24b,direct,bar,1.0,1.0,1.0,1.0,1.0,0.6666666666666666,3
nvbench2:dev:300,mistral-small:24b,direct,arc,1.0,1.0,1.0,1.0,0.0,0.0,5
nvbench2:dev:302,mistral-small:24b,direct,rect,1.0,1.0,1.0,1.0,0.0,0.5,2
nvbench2:dev:307,mistral-small:24b,direct,rect,1.0,1.0,1.0,1.0,0.0,0.0,1
nvbench2:dev:314,mistral-small:24b,direct,arc,1.0,1.0,1.0,1.0,1.0,1.0,2
nvbench2:dev:315,mistral-small:24b,direct,bar,1.0,1.0,1.0,1.0,1.0,0.3333333333333333,3
nvbench2:dev:317,mistral-small:24b,direct,rect,1.0,1.0,1.0,1.0,0.0,0.0,1
nvbench2:dev:319,mistral-small:24b,direct,boxplot,1.0,1.0,1.0,0.6666666666666666,1.0,1.0,3
nvbench2:dev:326,mistral-small:24b,direct,rect,1.0,1.0,1.0,1.0,1.0,1.0,1
nvbench2:dev:327,mistral-small:24b,direct,boxplot,1.0,1.0,0.0,0.6666666666666666,1.0,1.0,3
nvbench2:dev:331,mistral-small:24b,direct,bar,1.0,1.0,1.0,1.0,1.0,1.0,1
nvbench2:dev:332,mistral-small:24b,direct,arc,1.0,1.0,1.0,1.0,1.0,1.0,3
nvbench2:dev:336,mistral-small:24b,direct,arc,1.0,1.0,1.0,1.0,1.0,1.0,1
nvbench2:dev:338,mistral-small:24b,direct,rect,1.0,1.0,1.0,1.0,0.0,0.3333333333333333,3
nvbench2:dev:340,mistral-small:24b,direct,rect,1.0,1.0,1.0,1.0,0.0,0.5,2
nvbench2:dev:346,mistral-small:24b,direct,bar+line+rect,1.0,1.0,1.0,1.0,1.0,1.0,1
nvbench2:dev:358,mistral-small:24b,direct,bar,1.0,1.0,1.0,1.0,1.0,1.0,5
nvbench2:dev:362,mistral-small:24b,direct,rect,1.0,1.0,1.0,1.0,0.0,0.75,4
nvbench2:dev:367,mistral-small:24b,direct,bar,1.0,1.0,1.0,1.0,1.0,1.0,2
nvbench2:dev:381,mistral-small:24b,direct,rect,1.0,1.0,1.0,1.0,1.0,1.0,3
nvbench2:dev:383,mistral-small:24b,direct,rect,1.0,1.0,1.0,1.0,0.0,0.5,2
nvbench2:dev:384,mistral-small:24b,direct,bar,1.0,1.0,1.0,1.0,0.0,0.0,1
nvbench2:dev:388,mistral-small:24b,direct,rect,1.0,1.0,1.0,1.0,1.0,1.0,1
nvbench2:dev:394,mistral-small:24b,direct,arc,1.0,1.0,1.0,1.0,0.0,0.0,3
nvbench2:dev:398,mistral-small:24b,direct,line,1.0,1.0,1.0,1.0,1.0,1.0,2
nvbench2:dev:403,mistral-small:24b,direct,point,1.0,1.0,1.0,1.0,0.0,0.0,1
nvbench2:dev:405,mistral-small:24b,direct,bar,1.0,1.0,1.0,1.0,1.0,1.0,3
nvbench2:dev:421,mistral-small:24b,direct,arc,1.0,1.0,1.0,1.0,1.0,1.0,5
nvbench2:dev:422,mistral-small:24b,direct,arc,1.0,0.0,0.0,0.0,0.0,0.0,1
nvbench2:dev:436,mistral-small:24b,direct,point,1.0,1.0,1.0,1.0,1.0,1.0,2
nvbench2:dev:444,mistral-small:24b,direct,point,1.0,1.0,1.0,1.0,0.0,0.0,3
nvbench2:dev:445,mistral-small:24b,direct,boxplot,1.0,1.0,0.0,0.5,1.0,0.5,2
nvbench2:dev:455,mistral-small:24b,direct,bar,1.0,1.0,1.0,1.0,1.0,1.0,2
nvbench2:dev:457,mistral-small:24b,direct,arc,1.0,1.0,1.0,1.0,1.0,1.0,2
nvbench2:dev:462,mistral-small:24b,direct,bar,1.0,1.0,1.0,1.0,0.0,0.0,1
nvbench2:dev:463,mistral-small:24b,direct,bar+line+point,1.0,1.0,1.0,1.0,0.0,0.0,1
nvbench2:dev:465,mistral-small:24b,direct,arc,1.0,1.0,1.0,1.0,1.0,1.0,2
nvbench2:dev:470,mistral-small:24b,direct,boxplot,1.0,1.0,1.0,1.0,0.0,0.5,2
nvbench2:dev:475,mistral-small:24b,direct,bar+line,1.0,1.0,1.0,1.0,1.0,1.0,4
nvbench2:dev:485,mistral-small:24b,direct,bar,1.0,1.0,1.0,1.0,0.0,0.0,1
nvbench2:dev:492,mistral-small:24b,direct,arc,1.0,1.0,1.0,1.0,1.0,1.0,2
nvbench2:dev:495,mistral-small:24b,direct,boxplot,1.0,1.0,1.0,1.0,1.0,1.0,3
nvbench2:dev:498,mistral-small:24b,direct,arc,1.0,1.0,1.0,1.0,1.0,1.0,3
nvbench2:dev:499,mistral-small:24b,direct,line,1.0,1.0,1.0,1.0,1.0,1.0,2
nvbench2:dev:507,mistral-small:24b,direct,rect,1.0,1.0,1.0,1.0,1.0,1.0,3
nvbench2:dev:508,mistral-small:24b,direct,arc,1.0,1.0,1.0,1.0,0.0,0.0,2
nvbench2:dev:515,mistral-small:24b,direct,line,1.0,1.0,1.0,1.0,1.0,1.0,1
nvbench2:dev:531,mistral-small:24b,direct,bar,1.0,1.0,1.0,1.0,1.0,0.6666666666666666,3
nvbench2:dev:538,mistral-small:24b,direct,arc,1.0,1.0,1.0,1.0,1.0,1.0,2
nvbench2:dev:540,mistral-small:24b,direct,bar,1.0,1.0,1.0,1.0,1.0,1.0,2
nvbench2:dev:551,mistral-small:24b,direct,line,1.0,1.0,1.0,1.0,1.0,1.0,2
nvbench2:dev:554,mistral-small:24b,direct,point,1.0,1.0,1.0,1.0,1.0,1.0,2
nvbench2:dev:562,mistral-small:24b,direct,bar,1.0,1.0,1.0,1.0,1.0,1.0,5
nvbench2:dev:568,mistral-small:24b,direct,line,1.0,1.0,1.0,1.0,1.0,1.0,2
nvbench2:dev:571,mistral-small:24b,direct,rect,1.0,0.0,0.0,0.0,0.0,0.0,1
nvbench2:dev:572,mistral-small:24b,direct,bar,1.0,1.0,1.0,1.0,1.0,1.0,2
nvbench2:dev:573,mistral-small:24b,direct,point,1.0,1.0,1.0,1.0,1.0,1.0,5
nvbench2:dev:603,mistral-small:24b,direct,rect,1.0,1.0,1.0,1.0,1.0,1.0,2
nvbench2:dev:605,mistral-small:24b,direct,line,1.0,1.0,1.0,1.0,1.0,1.0,2
nvbench2:dev:606,mistral-small:24b,direct,bar,1.0,1.0,1.0,1.0,1.0,1.0,2
nvbench2:dev:612,mistral-small:24b,direct,arc,1.0,1.0,1.0,1.0,1.0,1.0,2
nvbench2:dev:614,mistral-small:24b,direct,bar,1.0,1.0,1.0,1.0,1.0,1.0,5
nvbench2:dev:628,mistral-small:24b,direct,rect,1.0,1.0,1.0,1.0,1.0,1.0,1
nvbench2:dev:641,mistral-small:24b,direct,rect,1.0,1.0,1.0,1.0,1.0,1.0,3
nvbench2:dev:642,mistral-small:24b,direct,line,1.0,1.0,1.0,1.0,0.0,0.0,1
nvbench2:dev:644,mistral-small:24b,direct,bar+line,1.0,1.0,1.0,1.0,1.0,0.75,4
nvbench2:dev:647,mistral-small:24b,direct,bar,1.0,1.0,1.0,1.0,1.0,0.4,5
nvbench2:dev:651,mistral-small:24b,direct,bar,1.0,1.0,1.0,1.0,1.0,1.0,5
nvbench2:dev:655,mistral-small:24b,direct,line,1.0,1.0,1.0,1.0,1.0,1.0,3
nvbench2:dev:666,mistral-small:24b,direct,line,1.0,1.0,1.0,1.0,1.0,0.75,4
nvbench2:dev:672,mistral-small:24b,direct,bar,1.0,1.0,1.0,1.0,1.0,1.0,3
nvbench2:dev:675,mistral-small:24b,direct,bar,1.0,1.0,1.0,1.0,1.0,1.0,5
nvbench2:dev:681,mistral-small:24b,direct,bar,1.0,1.0,1.0,1.0,1.0,1.0,3
nvbench2:dev:683,mistral-small:24b,direct,bar,1.0,1.0,1.0,1.0,0.0,0.0,1
nvbench2:dev:684,mistral-small:24b,direct,bar,1.0,1.0,1.0,1.0,0.0,0.0,2
nvbench2:dev:713,mistral-small:24b,direct,bar,1.0,1.0,1.0,1.0,0.0,0.0,1
nvbench2:dev:715,mistral-small:24b,direct,point,1.0,1.0,1.0,1.0,0.0,0.5,2
nvbench2:dev:716,mistral-small:24b,direct,boxplot,1.0,1.0,1.0,0.6666666666666666,1.0,1.0,3
nvbench2:dev:717,mistral-small:24b,direct,boxplot,1.0,1.0,1.0,1.0,0.0,0.0,2
nvbench2:dev:718,mistral-small:24b,direct,boxplot,1.0,1.0,0.0,0.6666666666666666,1.0,1.0,3
nvbench2:dev:719,mistral-small:24b,direct,arc,1.0,1.0,1.0,1.0,0.0,0.0,1
nvbench2:dev:721,mistral-small:24b,direct,boxplot,1.0,0.0,0.0,0.0,1.0,1.0,1
nvbench2:dev:723,mistral-small:24b,direct,boxplot,1.0,1.0,1.0,1.0,0.0,0.0,2
nvbench2:dev:725,mistral-small:24b,direct,boxplot,1.0,1.0,1.0,1.0,1.0,1.0,3
nvbench2:dev:732,mistral-small:24b,direct,bar+line+rect,1.0,1.0,1.0,1.0,1.0,1.0,3
nvbench2:dev:733,mistral-small:24b,direct,bar+line+rect,1.0,1.0,1.0,1.0,1.0,1.0,5
nvbench2:dev:17,mistral-small:24b,direct_rich,line,1.0,1.0,1.0,1.0,0.0,0.0,1
nvbench2:dev:22,mistral-small:24b,direct_rich,boxplot,1.0,1.0,1.0,1.0,0.0,0.6666666666666666,3
nvbench2:dev:23,mistral-small:24b,direct_rich,point,1.0,1.0,1.0,1.0,1.0,1.0,3
nvbench2:dev:25,mistral-small:24b,direct_rich,rect,1.0,1.0,1.0,1.0,1.0,1.0,5
nvbench2:dev:33,mistral-small:24b,direct_rich,arc,1.0,1.0,1.0,1.0,1.0,1.0,1
nvbench2:dev:34,mistral-small:24b,direct_rich,point,1.0,1.0,1.0,1.0,1.0,0.6666666666666666,3
nvbench2:dev:35,mistral-small:24b,direct_rich,bar+line+point+rect,1.0,1.0,1.0,1.0,0.0,0.0,1
nvbench2:dev:39,mistral-small:24b,direct_rich,arc,1.0,1.0,1.0,1.0,0.0,0.0,1
nvbench2:dev:40,mistral-small:24b,direct_rich,rect,1.0,1.0,1.0,1.0,0.0,0.5,2
nvbench2:dev:41,mistral-small:24b,direct_rich,arc,1.0,1.0,1.0,1.0,1.0,1.0,2
nvbench2:dev:48,mistral-small:24b,direct_rich,arc,1.0,1.0,1.0,1.0,1.0,1.0,2
nvbench2:dev:49,mistral-small:24b,direct_rich,line,1.0,1.0,1.0,1.0,1.0,1.0,2
nvbench2:dev:51,mistral-small:24b,direct_rich,bar,1.0,1.0,1.0,1.0,0.0,0.0,1
nvbench2:dev:54,mistral-small:24b,direct_rich,bar,1.0,1.0,1.0,1.0,1.0,1.0,3
nvbench2:dev:57,mistral-small:24b,direct_rich,rect,1.0,1.0,1.0,1.0,0.0,0.75,4
nvbench2:dev:61,mistral-small:24b,direct_rich,arc,1.0,1.0,1.0,1.0,1.0,1.0,2
nvbench2:dev:63,mistral-small:24b,direct_rich,arc,1.0,1.0,1.0,1.0,1.0,1.0,5
nvbench2:dev:68,mistral-small:24b,direct_rich,arc,1.0,1.0,1.0,1.0,1.0,1.0,1
nvbench2:dev:72,mistral-small:24b,direct_rich,arc,1.0,1.0,1.0,1.0,0.0,0.0,1
nvbench2:dev:73,mistral-small:24b,direct_rich,arc,1.0,1.0,1.0,1.0,0.0,0.0,1
nvbench2:dev:76,mistral-small:24b,direct_rich,bar,1.0,1.0,1.0,1.0,0.0,0.0,1
nvbench2:dev:83,mistral-small:24b,direct_rich,arc,1.0,1.0,1.0,1.0,1.0,1.0,2
nvbench2:dev:84,mistral-small:24b,direct_rich,rect,1.0,1.0,1.0,1.0,0.0,0.6,5
nvbench2:dev:89,mistral-small:24b,direct_rich,arc,1.0,1.0,1.0,1.0,1.0,1.0,2
nvbench2:dev:92,mistral-small:24b,direct_rich,arc,1.0,1.0,1.0,1.0,1.0,1.0,1
nvbench2:dev:97,mistral-small:24b,direct_rich,line,1.0,1.0,1.0,1.0,0.0,0.0,1
nvbench2:dev:103,mistral-small:24b,direct_rich,boxplot,1.0,1.0,1.0,0.6666666666666666,1.0,1.0,3
nvbench2:dev:105,mistral-small:24b,direct_rich,arc,1.0,1.0,1.0,1.0,1.0,1.0,2
nvbench2:dev:108,mistral-small:24b,direct_rich,boxplot,1.0,1.0,0.0,0.5,1.0,1.0,2
nvbench2:dev:112,mistral-small:24b,direct_rich,boxplot,1.0,0.0,0.0,0.0,0.0,0.0,1
nvbench2:dev:114,mistral-small:24b,direct_rich,line,1.0,1.0,1.0,1.0,0.0,0.0,1
nvbench2:dev:116,mistral-small:24b,direct_rich,arc,1.0,1.0,1.0,1.0,0.0,0.0,1
nvbench2:dev:118,mistral-small:24b,direct_rich,rect,1.0,1.0,1.0,1.0,1.0,1.0,2
nvbench2:dev:127,mistral-small:24b,direct_rich,arc,1.0,1.0,1.0,1.0,1.0,1.0,2
nvbench2:dev:136,mistral-small:24b,direct_rich,boxplot,1.0,0.0,0.0,0.0,1.0,1.0,2
nvbench2:dev:138,mistral-small:24b,direct_rich,bar,1.0,1.0,1.0,1.0,0.0,0.0,1
nvbench2:dev:139,mistral-small:24b,direct_rich,line,1.0,1.0,1.0,1.0,1.0,1.0,2
nvbench2:dev:143,mistral-small:24b,direct_rich,rect,1.0,1.0,1.0,1.0,1.0,1.0,1
nvbench2:dev:144,mistral-small:24b,direct_rich,bar,1.0,1.0,1.0,1.0,1.0,1.0,2
nvbench2:dev:149,mistral-small:24b,direct_rich,point,1.0,1.0,1.0,1.0,1.0,1.0,5
nvbench2:dev:157,mistral-small:24b,direct_rich,point,1.0,1.0,1.0,1.0,1.0,1.0,5
nvbench2:dev:158,mistral-small:24b,direct_rich,point,1.0,1.0,1.0,1.0,0.0,0.0,1
nvbench2:dev:165,mistral-small:24b,direct_rich,line,1.0,1.0,1.0,1.0,0.0,0.0,1
nvbench2:dev:167,mistral-small:24b,direct_rich,bar,1.0,1.0,1.0,1.0,0.0,0.0,1
nvbench2:dev:176,mistral-small:24b,direct_rich,line,1.0,1.0,1.0,1.0,1.0,1.0,2
nvbench2:dev:182,mistral-small:24b,direct_rich,rect,1.0,1.0,1.0,1.0,1.0,1.0,5
nvbench2:dev:188,mistral-small:24b,direct_rich,rect,1.0,1.0,1.0,1.0,0.0,0.0,2
nvbench2:dev:191,mistral-small:24b,direct_rich,rect,1.0,1.0,1.0,1.0,1.0,1.0,4
nvbench2:dev:203,mistral-small:24b,direct_rich,bar+line,1.0,1.0,1.0,1.0,1.0,1.0,5
nvbench2:dev:214,mistral-small:24b,direct_rich,rect,1.0,1.0,1.0,1.0,0.0,0.0,1
nvbench2:dev:223,mistral-small:24b,direct_rich,boxplot,1.0,0.0,0.0,0.0,1.0,1.0,2
nvbench2:dev:228,mistral-small:24b,direct_rich,rect,1.0,1.0,1.0,1.0,0.0,0.0,1
nvbench2:dev:232,mistral-small:24b,direct_rich,arc,1.0,1.0,1.0,1.0,1.0,1.0,3
nvbench2:dev:245,mistral-small:24b,direct_rich,line,1.0,1.0,1.0,1.0,0.0,0.0,1
nvbench2:dev:252,mistral-small:24b,direct_rich,rect,1.0,1.0,1.0,1.0,0.0,0.0,1
nvbench2:dev:253,mistral-small:24b,direct_rich,arc+bar+line,1.0,1.0,1.0,1.0,1.0,1.0,3
nvbench2:dev:255,mistral-small:24b,direct_rich,bar,1.0,1.0,1.0,1.0,0.0,0.0,1
nvbench2:dev:256,mistral-small:24b,direct_rich,rect,1.0,1.0,1.0,1.0,0.0,0.0,1
nvbench2:dev:259,mistral-small:24b,direct_rich,point,1.0,1.0,1.0,1.0,1.0,0.8,5
nvbench2:dev:278,mistral-small:24b,direct_rich,arc,1.0,1.0,1.0,1.0,1.0,1.0,2
nvbench2:dev:283,mistral-small:24b,direct_rich,rect,1.0,1.0,1.0,1.0,0.0,0.0,3
nvbench2:dev:286,mistral-small:24b,direct_rich,bar,1.0,1.0,1.0,1.0,1.0,1.0,2
nvbench2:dev:292,mistral-small:24b,direct_rich,rect,1.0,0.0,0.0,0.0,0.0,0.0,1
nvbench2:dev:296,mistral-small:24b,direct_rich,bar,1.0,1.0,1.0,1.0,1.0,1.0,5
nvbench2:dev:298,mistral-small:24b,direct_rich,bar,1.0,1.0,1.0,1.0,1.0,1.0,3
nvbench2:dev:300,mistral-small:24b,direct_rich,arc,1.0,1.0,1.0,1.0,1.0,1.0,5
nvbench2:dev:302,mistral-small:24b,direct_rich,rect,1.0,1.0,1.0,1.0,1.0,1.0,1
nvbench2:dev:307,mistral-small:24b,direct_rich,rect,1.0,1.0,1.0,1.0,1.0,0.5,2
nvbench2:dev:314,mistral-small:24b,direct_rich,arc,1.0,1.0,1.0,1.0,1.0,1.0,1
nvbench2:dev:315,mistral-small:24b,direct_rich,bar,1.0,1.0,1.0,1.0,1.0,0.3333333333333333,3
nvbench2:dev:317,mistral-small:24b,direct_rich,rect,1.0,1.0,1.0,1.0,0.0,0.0,5
nvbench2:dev:319,mistral-small:24b,direct_rich,boxplot,1.0,1.0,1.0,1.0,1.0,1.0,3
nvbench2:dev:326,mistral-small:24b,direct_rich,rect,1.0,1.0,1.0,1.0,1.0,1.0,1
nvbench2:dev:327,mistral-small:24b,direct_rich,boxplot,1.0,1.0,0.0,0.6666666666666666,1.0,1.0,3
nvbench2:dev:331,mistral-small:24b,direct_rich,bar,1.0,1.0,1.0,1.0,1.0,1.0,1
nvbench2:dev:332,mistral-small:24b,direct_rich,arc,1.0,1.0,1.0,1.0,1.0,1.0,3
nvbench2:dev:336,mistral-small:24b,direct_rich,arc,1.0,1.0,1.0,1.0,0.0,0.0,1
nvbench2:dev:338,mistral-small:24b,direct_rich,rect,1.0,1.0,1.0,1.0,1.0,1.0,1
nvbench2:dev:340,mistral-small:24b,direct_rich,rect,1.0,1.0,1.0,1.0,0.0,0.5,2
nvbench2:dev:346,mistral-small:24b,direct_rich,bar+line+rect,1.0,1.0,1.0,1.0,0.0,0.0,2
nvbench2:dev:358,mistral-small:24b,direct_rich,bar,1.0,1.0,1.0,1.0,1.0,1.0,5
nvbench2:dev:362,mistral-small:24b,direct_rich,rect,1.0,1.0,1.0,1.0,0.0,0.0,1
nvbench2:dev:367,mistral-small:24b,direct_rich,bar,1.0,1.0,1.0,1.0,1.0,1.0,2
nvbench2:dev:381,mistral-small:24b,direct_rich,rect,1.0,1.0,1.0,1.0,1.0,1.0,2
nvbench2:dev:383,mistral-small:24b,direct_rich,rect,1.0,1.0,1.0,1.0,0.0,0.0,1
nvbench2:dev:384,mistral-small:24b,direct_rich,bar,1.0,1.0,1.0,1.0,0.0,0.0,1
nvbench2:dev:388,mistral-small:24b,direct_rich,rect,1.0,1.0,1.0,1.0,0.0,0.0,1
nvbench2:dev:394,mistral-small:24b,direct_rich,arc,1.0,1.0,1.0,1.0,1.0,1.0,2
nvbench2:dev:398,mistral-small:24b,direct_rich,line,1.0,1.0,1.0,1.0,1.0,1.0,2
nvbench2:dev:403,mistral-small:24b,direct_rich,point,1.0,1.0,1.0,1.0,0.0,0.0,1
nvbench2:dev:405,mistral-small:24b,direct_rich,bar,1.0,1.0,1.0,1.0,1.0,1.0,2
nvbench2:dev:421,mistral-small:24b,direct_rich,arc,1.0,1.0,1.0,1.0,1.0,1.0,5
nvbench2:dev:422,mistral-small:24b,direct_rich,arc,1.0,0.0,0.0,0.0,0.0,0.0,1
nvbench2:dev:436,mistral-small:24b,direct_rich,point,1.0,1.0,1.0,1.0,1.0,1.0,2
nvbench2:dev:444,mistral-small:24b,direct_rich,point,1.0,1.0,1.0,1.0,0.0,0.0,1
nvbench2:dev:445,mistral-small:24b,direct_rich,boxplot,1.0,1.0,0.0,0.5,1.0,0.5,2
nvbench2:dev:455,mistral-small:24b,direct_rich,bar,1.0,1.0,1.0,1.0,1.0,1.0,2
nvbench2:dev:457,mistral-small:24b,direct_rich,arc,1.0,1.0,1.0,1.0,1.0,0.5,2
nvbench2:dev:462,mistral-small:24b,direct_rich,bar,1.0,1.0,1.0,1.0,0.0,0.0,1
nvbench2:dev:463,mistral-small:24b,direct_rich,bar+line+point,1.0,1.0,1.0,1.0,0.0,0.0,3
nvbench2:dev:465,mistral-small:24b,direct_rich,arc,1.0,1.0,1.0,1.0,1.0,1.0,2
nvbench2:dev:470,mistral-small:24b,direct_rich,boxplot,1.0,1.0,1.0,1.0,0.0,0.5,2
nvbench2:dev:475,mistral-small:24b,direct_rich,bar+line,1.0,1.0,1.0,1.0,1.0,1.0,4
nvbench2:dev:485,mistral-small:24b,direct_rich,bar,1.0,1.0,1.0,1.0,0.0,0.0,1
nvbench2:dev:492,mistral-small:24b,direct_rich,arc,1.0,1.0,1.0,1.0,1.0,1.0,2
nvbench2:dev:495,mistral-small:24b,direct_rich,boxplot,1.0,1.0,1.0,1.0,0.0,0.5,2
nvbench2:dev:498,mistral-small:24b,direct_rich,arc,1.0,1.0,1.0,1.0,1.0,1.0,2
nvbench2:dev:499,mistral-small:24b,direct_rich,line,1.0,1.0,1.0,1.0,1.0,1.0,2
nvbench2:dev:507,mistral-small:24b,direct_rich,rect,1.0,1.0,1.0,1.0,1.0,1.0,1
nvbench2:dev:508,mistral-small:24b,direct_rich,arc,1.0,1.0,1.0,1.0,0.0,0.0,2
nvbench2:dev:515,mistral-small:24b,direct_rich,line,1.0,1.0,1.0,1.0,0.0,0.0,1
nvbench2:dev:531,mistral-small:24b,direct_rich,bar,1.0,1.0,1.0,1.0,1.0,1.0,3
nvbench2:dev:538,mistral-small:24b,direct_rich,arc,1.0,1.0,1.0,1.0,1.0,1.0,2
nvbench2:dev:540,mistral-small:24b,direct_rich,bar,1.0,1.0,1.0,1.0,1.0,1.0,2
nvbench2:dev:551,mistral-small:24b,direct_rich,line,1.0,1.0,1.0,1.0,1.0,1.0,2
nvbench2:dev:554,mistral-small:24b,direct_rich,point,1.0,1.0,1.0,1.0,1.0,0.6666666666666666,3
nvbench2:dev:562,mistral-small:24b,direct_rich,bar,1.0,1.0,1.0,1.0,1.0,1.0,3
nvbench2:dev:568,mistral-small:24b,direct_rich,line,1.0,1.0,1.0,1.0,1.0,1.0,2
nvbench2:dev:571,mistral-small:24b,direct_rich,rect,1.0,1.0,1.0,1.0,0.0,0.0,1
nvbench2:dev:572,mistral-small:24b,direct_rich,bar,1.0,1.0,1.0,1.0,1.0,1.0,3
nvbench2:dev:573,mistral-small:24b,direct_rich,point,1.0,1.0,1.0,1.0,1.0,1.0,1
nvbench2:dev:603,mistral-small:24b,direct_rich,rect,1.0,1.0,1.0,1.0,1.0,1.0,1
nvbench2:dev:605,mistral-small:24b,direct_rich,line,1.0,1.0,1.0,1.0,1.0,1.0,2
nvbench2:dev:606,mistral-small:24b,direct_rich,bar,1.0,1.0,1.0,1.0,1.0,1.0,2
nvbench2:dev:612,mistral-small:24b,direct_rich,arc,1.0,1.0,1.0,1.0,1.0,1.0,2
nvbench2:dev:614,mistral-small:24b,direct_rich,bar,1.0,1.0,1.0,1.0,1.0,1.0,5
nvbench2:dev:628,mistral-small:24b,direct_rich,rect,1.0,1.0,1.0,1.0,0.0,0.0,1
nvbench2:dev:641,mistral-small:24b,direct_rich,rect,1.0,1.0,1.0,1.0,1.0,1.0,1
nvbench2:dev:642,mistral-small:24b,direct_rich,line,1.0,1.0,1.0,1.0,0.0,0.0,1
nvbench2:dev:644,mistral-small:24b,direct_rich,bar+line,1.0,1.0,1.0,1.0,1.0,0.75,4
nvbench2:dev:647,mistral-small:24b,direct_rich,bar,1.0,1.0,1.0,1.0,1.0,0.6,5
nvbench2:dev:651,mistral-small:24b,direct_rich,bar,1.0,1.0,1.0,1.0,1.0,1.0,5
nvbench2:dev:655,mistral-small:24b,direct_rich,line,1.0,0.0,0.0,0.0,1.0,1.0,1
nvbench2:dev:666,mistral-small:24b,direct_rich,line,1.0,1.0,1.0,1.0,1.0,1.0,5
nvbench2:dev:672,mistral-small:24b,direct_rich,bar,1.0,1.0,1.0,1.0,1.0,1.0,3
nvbench2:dev:675,mistral-small:24b,direct_rich,bar,1.0,1.0,1.0,1.0,1.0,1.0,2
nvbench2:dev:681,mistral-small:24b,direct_rich,bar,1.0,1.0,1.0,1.0,1.0,1.0,3
nvbench2:dev:683,mistral-small:24b,direct_rich,bar,1.0,1.0,1.0,1.0,1.0,1.0,1
nvbench2:dev:684,mistral-small:24b,direct_rich,bar,1.0,1.0,1.0,1.0,0.0,0.0,2
nvbench2:dev:713,mistral-small:24b,direct_rich,bar,1.0,1.0,1.0,1.0,0.0,0.0,1
nvbench2:dev:715,mistral-small:24b,direct_rich,point,1.0,1.0,1.0,1.0,0.0,0.0,2
nvbench2:dev:716,mistral-small:24b,direct_rich,boxplot,1.0,1.0,1.0,0.6666666666666666,1.0,1.0,3
nvbench2:dev:717,mistral-small:24b,direct_rich,boxplot,1.0,1.0,1.0,1.0,0.0,0.0,2
nvbench2:dev:718,mistral-small:24b,direct_rich,boxplot,1.0,1.0,0.0,0.8,1.0,1.0,5
nvbench2:dev:719,mistral-small:24b,direct_rich,arc,1.0,1.0,1.0,1.0,0.0,0.0,1
nvbench2:dev:721,mistral-small:24b,direct_rich,boxplot,1.0,0.0,0.0,0.0,0.0,0.0,1
nvbench2:dev:723,mistral-small:24b,direct_rich,boxplot,1.0,1.0,1.0,1.0,0.0,0.0,2
nvbench2:dev:725,mistral-small:24b,direct_rich,boxplot,1.0,1.0,1.0,1.0,1.0,1.0,3
nvbench2:dev:732,mistral-small:24b,direct_rich,bar+line+rect,1.0,1.0,1.0,1.0,1.0,1.0,2
nvbench2:dev:733,mistral-small:24b,direct_rich,bar+line+rect,1.0,1.0,1.0,1.0,1.0,1.0,5
nvbench2:dev:17,mistral-small:24b,staged,line,1.0,1.0,1.0,1.0,0.0,0.0,1
nvbench2:dev:22,mistral-small:24b,staged,boxplot,1.0,0.0,0.0,0.0,1.0,1.0,1
nvbench2:dev:23,mistral-small:24b,staged,point,1.0,1.0,1.0,1.0,1.0,1.0,1
nvbench2:dev:25,mistral-small:24b,staged,rect,1.0,1.0,1.0,1.0,1.0,1.0,1
nvbench2:dev:33,mistral-small:24b,staged,arc,1.0,1.0,1.0,1.0,0.0,0.0,1
nvbench2:dev:34,mistral-small:24b,staged,point,1.0,1.0,1.0,1.0,1.0,1.0,1
nvbench2:dev:35,mistral-small:24b,staged,bar+line+point+rect,1.0,1.0,1.0,1.0,0.0,0.0,1
nvbench2:dev:39,mistral-small:24b,staged,arc,1.0,1.0,1.0,1.0,0.0,0.0,1
nvbench2:dev:40,mistral-small:24b,staged,rect,1.0,1.0,1.0,1.0,1.0,1.0,2
nvbench2:dev:41,mistral-small:24b,staged,arc,1.0,1.0,1.0,1.0,1.0,1.0,1
nvbench2:dev:48,mistral-small:24b,staged,arc,1.0,1.0,1.0,1.0,1.0,1.0,1
nvbench2:dev:49,mistral-small:24b,staged,line,1.0,1.0,1.0,1.0,1.0,1.0,1
nvbench2:dev:51,mistral-small:24b,staged,bar,1.0,1.0,1.0,1.0,0.0,0.0,1
nvbench2:dev:54,mistral-small:24b,staged,bar,1.0,1.0,1.0,1.0,0.0,0.0,1
nvbench2:dev:57,mistral-small:24b,staged,rect,1.0,1.0,1.0,1.0,1.0,1.0,3
nvbench2:dev:61,mistral-small:24b,staged,arc,1.0,1.0,1.0,1.0,1.0,1.0,1
nvbench2:dev:63,mistral-small:24b,staged,arc,1.0,1.0,1.0,1.0,0.0,0.0,2
nvbench2:dev:68,mistral-small:24b,staged,arc,1.0,1.0,1.0,1.0,0.0,0.0,1
nvbench2:dev:72,mistral-small:24b,staged,arc,1.0,1.0,1.0,1.0,0.0,0.0,1
nvbench2:dev:73,mistral-small:24b,staged,arc,1.0,1.0,1.0,1.0,0.0,0.0,1
nvbench2:dev:76,mistral-small:24b,staged,bar,1.0,1.0,1.0,1.0,0.0,0.0,1
nvbench2:dev:83,mistral-small:24b,staged,arc,1.0,1.0,1.0,1.0,1.0,1.0,1
nvbench2:dev:84,mistral-small:24b,staged,rect,1.0,1.0,1.0,1.0,1.0,1.0,1
nvbench2:dev:89,mistral-small:24b,staged,arc,1.0,1.0,1.0,1.0,0.0,0.0,1
nvbench2:dev:92,mistral-small:24b,staged,arc,1.0,1.0,1.0,1.0,0.0,0.0,1
nvbench2:dev:97,mistral-small:24b,staged,line,1.0,1.0,1.0,1.0,0.0,0.0,1
nvbench2:dev:103,mistral-small:24b,staged,boxplot,1.0,1.0,1.0,1.0,1.0,1.0,1
nvbench2:dev:105,mistral-small:24b,staged,arc,1.0,1.0,1.0,1.0,0.0,0.0,1
nvbench2:dev:108,mistral-small:24b,staged,boxplot,1.0,1.0,1.0,1.0,0.0,0.0,2
nvbench2:dev:112,mistral-small:24b,staged,boxplot,1.0,0.0,0.0,0.0,0.0,0.0,1
nvbench2:dev:114,mistral-small:24b,staged,line,1.0,1.0,1.0,1.0,0.0,0.0,1
nvbench2:dev:116,mistral-small:24b,staged,arc,1.0,1.0,1.0,1.0,1.0,1.0,1
nvbench2:dev:118,mistral-small:24b,staged,rect,1.0,1.0,1.0,1.0,1.0,1.0,1
nvbench2:dev:127,mistral-small:24b,staged,arc,1.0,1.0,1.0,1.0,1.0,1.0,2
nvbench2:dev:136,mistral-small:24b,staged,boxplot,1.0,1.0,1.0,1.0,0.0,0.0,1
nvbench2:dev:138,mistral-small:24b,staged,bar,1.0,1.0,1.0,1.0,0.0,0.0,1
nvbench2:dev:139,mistral-small:24b,staged,line,1.0,1.0,1.0,1.0,1.0,1.0,1
nvbench2:dev:143,mistral-small:24b,staged,rect,1.0,1.0,1.0,1.0,1.0,1.0,1
nvbench2:dev:144,mistral-small:24b,staged,bar,1.0,1.0,1.0,1.0,1.0,1.0,1
nvbench2:dev:149,mistral-small:24b,staged,point,1.0,1.0,1.0,1.0,0.0,0.0,1
nvbench2:dev:157,mistral-small:24b,staged,point,1.0,1.0,1.0,1.0,1.0,1.0,1
nvbench2:dev:158,mistral-small:24b,staged,point,1.0,1.0,1.0,1.0,0.0,0.0,1
nvbench2:dev:165,mistral-small:24b,staged,line,1.0,0.0,0.0,0.0,1.0,1.0,1
nvbench2:dev:167,mistral-small:24b,staged,bar,1.0,1.0,1.0,1.0,0.0,0.0,1
nvbench2:dev:176,mistral-small:24b,staged,line,1.0,1.0,1.0,1.0,0.0,0.0,1
nvbench2:dev:182,mistral-small:24b,staged,rect,1.0,1.0,1.0,1.0,0.0,0.0,1
nvbench2:dev:188,mistral-small:24b,staged,rect,1.0,1.0,1.0,1.0,1.0,1.0,1
nvbench2:dev:191,mistral-small:24b,staged,rect,1.0,1.0,1.0,1.0,1.0,1.0,1
nvbench2:dev:203,mistral-small:24b,staged,bar+line,1.0,1.0,1.0,1.0,0.0,0.0,1
nvbench2:dev:214,mistral-small:24b,staged,rect,1.0,1.0,1.0,1.0,1.0,1.0,2
nvbench2:dev:223,mistral-small:24b,staged,boxplot,1.0,0.0,0.0,0.0,1.0,1.0,1
nvbench2:dev:228,mistral-small:24b,staged,rect,1.0,1.0,1.0,1.0,0.0,0.0,1
nvbench2:dev:232,mistral-small:24b,staged,arc,1.0,1.0,1.0,1.0,1.0,1.0,3
nvbench2:dev:245,mistral-small:24b,staged,line,1.0,1.0,1.0,1.0,0.0,0.0,1
nvbench2:dev:252,mistral-small:24b,staged,rect,1.0,1.0,1.0,1.0,1.0,1.0,1
nvbench2:dev:253,mistral-small:24b,staged,arc+bar+line,1.0,1.0,1.0,1.0,1.0,1.0,2
nvbench2:dev:255,mistral-small:24b,staged,bar,1.0,1.0,1.0,1.0,0.0,0.0,1
nvbench2:dev:256,mistral-small:24b,staged,rect,1.0,1.0,1.0,1.0,1.0,1.0,1
nvbench2:dev:259,mistral-small:24b,staged,point,1.0,1.0,1.0,1.0,1.0,1.0,1
nvbench2:dev:278,mistral-small:24b,staged,arc,1.0,1.0,1.0,1.0,1.0,1.0,1
nvbench2:dev:283,mistral-small:24b,staged,rect,1.0,0.0,0.0,0.0,1.0,1.0,2
nvbench2:dev:286,mistral-small:24b,staged,bar,1.0,1.0,1.0,1.0,1.0,1.0,1
nvbench2:dev:292,mistral-small:24b,staged,rect,1.0,1.0,1.0,1.0,0.0,0.0,1
nvbench2:dev:296,mistral-small:24b,staged,bar,1.0,1.0,1.0,1.0,0.0,0.0,2
nvbench2:dev:298,mistral-small:24b,staged,bar,1.0,1.0,1.0,1.0,0.0,0.0,1
nvbench2:dev:300,mistral-small:24b,staged,arc,1.0,1.0,1.0,1.0,1.0,1.0,5
nvbench2:dev:302,mistral-small:24b,staged,rect,1.0,1.0,1.0,1.0,1.0,1.0,2
nvbench2:dev:307,mistral-small:24b,staged,rect,1.0,1.0,1.0,1.0,0.0,0.0,1
nvbench2:dev:314,mistral-small:24b,staged,arc,1.0,1.0,1.0,1.0,0.0,0.0,1
nvbench2:dev:315,mistral-small:24b,staged,bar,1.0,1.0,1.0,1.0,1.0,1.0,1
nvbench2:dev:317,mistral-small:24b,staged,rect,1.0,1.0,1.0,1.0,0.0,0.0,1
nvbench2:dev:319,mistral-small:24b,staged,boxplot,1.0,1.0,1.0,1.0,1.0,1.0,1
nvbench2:dev:326,mistral-small:24b,staged,rect,1.0,1.0,1.0,1.0,0.0,0.0,1
nvbench2:dev:327,mistral-small:24b,staged,boxplot,1.0,0.0,0.0,0.0,1.0,1.0,1
nvbench2:dev:331,mistral-small:24b,staged,bar,1.0,1.0,1.0,1.0,0.0,0.0,1
nvbench2:dev:332,mistral-small:24b,staged,arc,1.0,1.0,1.0,1.0,0.0,0.0,1
nvbench2:dev:336,mistral-small:24b,staged,arc,1.0,1.0,1.0,1.0,1.0,1.0,1
nvbench2:dev:338,mistral-small:24b,staged,rect,1.0,1.0,1.0,1.0,1.0,1.0,2
nvbench2:dev:340,mistral-small:24b,staged,rect,1.0,1.0,1.0,1.0,1.0,1.0,1
nvbench2:dev:346,mistral-small:24b,staged,bar+line+rect,1.0,1.0,1.0,1.0,0.0,0.0,1
nvbench2:dev:358,mistral-small:24b,staged,bar,1.0,1.0,1.0,1.0,0.0,0.0,2
nvbench2:dev:362,mistral-small:24b,staged,rect,1.0,1.0,1.0,1.0,0.0,0.0,1
nvbench2:dev:367,mistral-small:24b,staged,bar,1.0,1.0,1.0,1.0,0.0,0.0,1
nvbench2:dev:381,mistral-small:24b,staged,rect,1.0,1.0,1.0,1.0,1.0,1.0,2
nvbench2:dev:383,mistral-small:24b,staged,rect,1.0,1.0,1.0,1.0,0.0,0.0,1
nvbench2:dev:384,mistral-small:24b,staged,bar,1.0,0.0,0.0,0.0,0.0,0.0,1
nvbench2:dev:388,mistral-small:24b,staged,rect,1.0,1.0,1.0,1.0,0.0,0.0,2
nvbench2:dev:394,mistral-small:24b,staged,arc,1.0,1.0,1.0,1.0,0.0,0.0,1
nvbench2:dev:398,mistral-small:24b,staged,line,1.0,1.0,1.0,1.0,1.0,1.0,1
nvbench2:dev:403,mistral-small:24b,staged,point,1.0,1.0,1.0,1.0,0.0,0.0,1
nvbench2:dev:405,mistral-small:24b,staged,bar,1.0,1.0,1.0,1.0,1.0,1.0,1
nvbench2:dev:421,mistral-small:24b,staged,arc,1.0,1.0,1.0,1.0,1.0,1.0,1
nvbench2:dev:422,mistral-small:24b,staged,arc,1.0,1.0,1.0,1.0,0.0,0.0,1
nvbench2:dev:436,mistral-small:24b,staged,point,1.0,1.0,1.0,1.0,1.0,1.0,2
nvbench2:dev:444,mistral-small:24b,staged,point,1.0,1.0,1.0,1.0,0.0,0.0,1
nvbench2:dev:445,mistral-small:24b,staged,boxplot,1.0,1.0,1.0,1.0,0.0,0.0,1
nvbench2:dev:455,mistral-small:24b,staged,bar,1.0,1.0,1.0,1.0,1.0,1.0,2
nvbench2:dev:457,mistral-small:24b,staged,arc,1.0,1.0,1.0,1.0,1.0,1.0,1
nvbench2:dev:462,mistral-small:24b,staged,bar,1.0,1.0,1.0,1.0,0.0,0.0,1
nvbench2:dev:463,mistral-small:24b,staged,bar+line+point,1.0,1.0,1.0,1.0,0.0,0.0,2
nvbench2:dev:465,mistral-small:24b,staged,arc,1.0,1.0,1.0,1.0,0.0,0.0,1
nvbench2:dev:470,mistral-small:24b,staged,boxplot,1.0,0.0,0.0,0.0,1.0,1.0,1
nvbench2:dev:475,mistral-small:24b,staged,bar+line,1.0,1.0,1.0,1.0,1.0,1.0,3
nvbench2:dev:485,mistral-small:24b,staged,bar,1.0,0.0,0.0,0.0,1.0,1.0,1
nvbench2:dev:492,mistral-small:24b,staged,arc,1.0,1.0,1.0,1.0,1.0,1.0,1
nvbench2:dev:495,mistral-small:24b,staged,boxplot,1.0,1.0,1.0,1.0,0.0,0.0,1
nvbench2:dev:498,mistral-small:24b,staged,arc,1.0,1.0,1.0,1.0,0.0,0.0,1
nvbench2:dev:499,mistral-small:24b,staged,line,1.0,1.0,1.0,1.0,0.0,0.0,1
nvbench2:dev:507,mistral-small:24b,staged,rect,1.0,1.0,1.0,1.0,0.0,0.0,2
nvbench2:dev:508,mistral-small:24b,staged,arc,1.0,1.0,1.0,1.0,1.0,1.0,2
nvbench2:dev:515,mistral-small:24b,staged,line,1.0,1.0,1.0,1.0,0.0,0.0,1
nvbench2:dev:531,mistral-small:24b,staged,bar,1.0,1.0,1.0,1.0,0.0,0.0,1
nvbench2:dev:538,mistral-small:24b,staged,arc,1.0,1.0,1.0,1.0,1.0,1.0,2
nvbench2:dev:540,mistral-small:24b,staged,bar,1.0,1.0,1.0,1.0,1.0,1.0,1
nvbench2:dev:551,mistral-small:24b,staged,line,1.0,1.0,1.0,1.0,1.0,1.0,1
nvbench2:dev:554,mistral-small:24b,staged,point,1.0,1.0,1.0,1.0,1.0,1.0,1
nvbench2:dev:562,mistral-small:24b,staged,bar,1.0,1.0,1.0,1.0,1.0,1.0,1
nvbench2:dev:568,mistral-small:24b,staged,line,1.0,1.0,1.0,1.0,0.0,0.0,1
nvbench2:dev:571,mistral-small:24b,staged,rect,1.0,1.0,1.0,1.0,0.0,0.0,1
nvbench2:dev:572,mistral-small:24b,staged,bar,1.0,1.0,1.0,1.0,1.0,1.0,1
nvbench2:dev:573,mistral-small:24b,staged,point,1.0,1.0,1.0,1.0,1.0,1.0,1
nvbench2:dev:603,mistral-small:24b,staged,rect,1.0,1.0,1.0,1.0,0.0,0.0,1
nvbench2:dev:605,mistral-small:24b,staged,line,1.0,1.0,1.0,1.0,0.0,0.0,1
nvbench2:dev:606,mistral-small:24b,staged,bar,1.0,1.0,1.0,1.0,1.0,1.0,1
nvbench2:dev:612,mistral-small:24b,staged,arc,1.0,1.0,1.0,1.0,1.0,1.0,1
nvbench2:dev:614,mistral-small:24b,staged,bar,1.0,1.0,1.0,1.0,0.0,0.0,1
nvbench2:dev:628,mistral-small:24b,staged,rect,1.0,1.0,1.0,1.0,0.0,0.0,1
nvbench2:dev:641,mistral-small:24b,staged,rect,1.0,1.0,1.0,1.0,1.0,1.0,1
nvbench2:dev:642,mistral-small:24b,staged,line,1.0,1.0,1.0,1.0,0.0,0.0,1
nvbench2:dev:644,mistral-small:24b,staged,bar+line,1.0,1.0,1.0,1.0,1.0,1.0,2
nvbench2:dev:647,mistral-small:24b,staged,bar,1.0,1.0,1.0,1.0,1.0,1.0,1
nvbench2:dev:651,mistral-small:24b,staged,bar,1.0,1.0,1.0,1.0,0.0,0.0,3
nvbench2:dev:655,mistral-small:24b,staged,line,1.0,0.0,0.0,0.0,0.0,0.5,2
nvbench2:dev:666,mistral-small:24b,staged,line,1.0,1.0,1.0,1.0,1.0,1.0,1
nvbench2:dev:672,mistral-small:24b,staged,bar,1.0,1.0,1.0,1.0,1.0,1.0,2
nvbench2:dev:675,mistral-small:24b,staged,bar,1.0,1.0,1.0,1.0,1.0,1.0,1
nvbench2:dev:681,mistral-small:24b,staged,bar,1.0,1.0,1.0,1.0,1.0,1.0,2
nvbench2:dev:683,mistral-small:24b,staged,bar,1.0,1.0,1.0,1.0,0.0,0.0,1
nvbench2:dev:684,mistral-small:24b,staged,bar,1.0,1.0,1.0,1.0,0.0,0.0,1
nvbench2:dev:713,mistral-small:24b,staged,bar,1.0,1.0,1.0,1.0,0.0,0.0,1
nvbench2:dev:715,mistral-small:24b,staged,point,1.0,1.0,1.0,1.0,1.0,1.0,1
nvbench2:dev:716,mistral-small:24b,staged,boxplot,1.0,1.0,1.0,1.0,1.0,1.0,1
nvbench2:dev:717,mistral-small:24b,staged,boxplot,1.0,0.0,0.0,0.0,1.0,1.0,1
nvbench2:dev:718,mistral-small:24b,staged,boxplot,1.0,0.0,0.0,0.0,1.0,1.0,1
nvbench2:dev:719,mistral-small:24b,staged,arc,1.0,1.0,1.0,1.0,1.0,1.0,1
nvbench2:dev:721,mistral-small:24b,staged,boxplot,1.0,0.0,0.0,0.0,0.0,0.0,1
nvbench2:dev:723,mistral-small:24b,staged,boxplot,1.0,1.0,1.0,1.0,0.0,0.0,1
nvbench2:dev:725,mistral-small:24b,staged,boxplot,1.0,1.0,1.0,1.0,0.0,0.0,1
nvbench2:dev:732,mistral-small:24b,staged,bar+line+rect,1.0,1.0,1.0,1.0,1.0,1.0,1
nvbench2:dev:733,mistral-small:24b,staged,bar+line+rect,1.0,1.0,1.0,1.0,1.0,1.0,2
nvbench2:dev:17,qwen3:14b,direct,line,1.0,1.0,1.0,1.0,0.0,0.0,1
nvbench2:dev:22,qwen3:14b,direct,boxplot,1.0,1.0,1.0,1.0,1.0,1.0,5
nvbench2:dev:23,qwen3:14b,direct,point,1.0,1.0,1.0,1.0,1.0,1.0,5
nvbench2:dev:25,qwen3:14b,direct,rect,1.0,1.0,1.0,1.0,1.0,1.0,5
nvbench2:dev:33,qwen3:14b,direct,arc,1.0,1.0,1.0,1.0,0.0,0.0,5
nvbench2:dev:34,qwen3:14b,direct,point,1.0,1.0,1.0,1.0,1.0,1.0,2
nvbench2:dev:35,qwen3:14b,direct,bar+line+point+rect,1.0,1.0,1.0,1.0,1.0,1.0,1
nvbench2:dev:39,qwen3:14b,direct,arc,1.0,1.0,1.0,1.0,1.0,0.2,5
nvbench2:dev:40,qwen3:14b,direct,rect,1.0,1.0,1.0,1.0,1.0,1.0,5
nvbench2:dev:41,qwen3:14b,direct,arc,1.0,1.0,1.0,1.0,0.0,0.0,1
nvbench2:dev:48,qwen3:14b,direct,arc,1.0,1.0,1.0,0.8,1.0,1.0,5
nvbench2:dev:49,qwen3:14b,direct,line,1.0,1.0,1.0,1.0,1.0,1.0,5
nvbench2:dev:51,qwen3:14b,direct,bar,1.0,1.0,1.0,1.0,1.0,0.75,4
nvbench2:dev:54,qwen3:14b,direct,bar,1.0,1.0,1.0,1.0,0.0,0.0,2
nvbench2:dev:57,qwen3:14b,direct,rect,1.0,1.0,1.0,1.0,1.0,1.0,5
nvbench2:dev:61,qwen3:14b,direct,arc,1.0,1.0,1.0,1.0,0.0,0.0,1
nvbench2:dev:63,qwen3:14b,direct,arc,1.0,1.0,1.0,1.0,0.0,0.0,5
nvbench2:dev:68,qwen3:14b,direct,arc,1.0,1.0,1.0,1.0,0.0,0.0,1
nvbench2:dev:72,qwen3:14b,direct,arc,1.0,0.0,0.0,0.0,0.0,0.0,5
nvbench2:dev:73,qwen3:14b,direct,arc,1.0,1.0,1.0,1.0,0.0,0.0,1
nvbench2:dev:76,qwen3:14b,direct,bar,1.0,1.0,1.0,1.0,1.0,0.25,4
nvbench2:dev:83,qwen3:14b,direct,arc,1.0,1.0,1.0,1.0,0.0,0.0,1
nvbench2:dev:84,qwen3:14b,direct,rect,1.0,1.0,1.0,1.0,1.0,1.0,5
nvbench2:dev:89,qwen3:14b,direct,arc,1.0,1.0,1.0,1.0,0.0,0.0,5
nvbench2:dev:92,qwen3:14b,direct,arc,1.0,1.0,1.0,1.0,1.0,1.0,5
nvbench2:dev:97,qwen3:14b,direct,line,1.0,1.0,1.0,1.0,0.0,0.0,1
nvbench2:dev:103,qwen3:14b,direct,boxplot,1.0,1.0,1.0,1.0,1.0,1.0,3
nvbench2:dev:105,qwen3:14b,direct,arc,1.0,1.0,1.0,1.0,0.0,0.2,5
nvbench2:dev:108,qwen3:14b,direct,boxplot,1.0,0.0,0.0,0.0,1.0,1.0,1
nvbench2:dev:112,qwen3:14b,direct,boxplot,1.0,0.0,0.0,0.0,1.0,1.0,1
nvbench2:dev:114,qwen3:14b,direct,line,1.0,1.0,1.0,1.0,1.0,1.0,5
nvbench2:dev:116,qwen3:14b,direct,arc,1.0,1.0,1.0,1.0,0.0,0.0,5
nvbench2:dev:118,qwen3:14b,direct,rect,1.0,1.0,1.0,1.0,1.0,1.0,5
nvbench2:dev:127,qwen3:14b,direct,arc,1.0,1.0,1.0,1.0,0.0,0.0,5
nvbench2:dev:136,qwen3:14b,direct,boxplot,1.0,1.0,1.0,0.8,1.0,0.6,5
nvbench2:dev:138,qwen3:14b,direct,bar,1.0,1.0,1.0,1.0,1.0,1.0,2
nvbench2:dev:139,qwen3:14b,direct,line,1.0,1.0,1.0,1.0,1.0,1.0,3
nvbench2:dev:143,qwen3:14b,direct,rect,1.0,1.0,1.0,1.0,1.0,1.0,5
nvbench2:dev:144,qwen3:14b,direct,bar,1.0,1.0,1.0,1.0,1.0,1.0,1
nvbench2:dev:149,qwen3:14b,direct,point,1.0,1.0,1.0,1.0,1.0,0.6,5
nvbench2:dev:157,qwen3:14b,direct,point,1.0,1.0,1.0,1.0,1.0,1.0,5
nvbench2:dev:158,qwen3:14b,direct,point,1.0,1.0,1.0,1.0,1.0,1.0,5
nvbench2:dev:165,qwen3:14b,direct,line,1.0,1.0,1.0,1.0,1.0,1.0,1
nvbench2:dev:167,qwen3:14b,direct,bar,1.0,1.0,1.0,1.0,0.0,0.0,1
nvbench2:dev:176,qwen3:14b,direct,line,1.0,1.0,1.0,1.0,1.0,1.0,5
nvbench2:dev:182,qwen3:14b,direct,rect,1.0,1.0,1.0,1.0,0.0,0.0,5
nvbench2:dev:188,qwen3:14b,direct,rect,1.0,1.0,1.0,1.0,1.0,1.0,5
nvbench2:dev:191,qwen3:14b,direct,rect,1.0,1.0,1.0,1.0,1.0,1.0,1
nvbench2:dev:203,qwen3:14b,direct,bar+line,1.0,1.0,1.0,1.0,1.0,1.0,5
nvbench2:dev:214,qwen3:14b,direct,rect,1.0,1.0,1.0,1.0,0.0,0.0,1
nvbench2:dev:223,qwen3:14b,direct,boxplot,1.0,1.0,1.0,1.0,1.0,1.0,5
nvbench2:dev:228,qwen3:14b,direct,rect,1.0,1.0,1.0,0.8,1.0,1.0,5
nvbench2:dev:232,qwen3:14b,direct,arc,1.0,1.0,1.0,1.0,0.0,0.0,5
nvbench2:dev:245,qwen3:14b,direct,line,1.0,1.0,1.0,1.0,1.0,1.0,5
nvbench2:dev:252,qwen3:14b,direct,rect,1.0,1.0,1.0,1.0,0.0,0.0,3
nvbench2:dev:253,qwen3:14b,direct,arc+bar+line,1.0,1.0,1.0,1.0,1.0,1.0,3
nvbench2:dev:255,qwen3:14b,direct,bar,1.0,1.0,1.0,1.0,1.0,0.6666666666666666,3
nvbench2:dev:256,qwen3:14b,direct,rect,1.0,1.0,1.0,1.0,1.0,1.0,5
nvbench2:dev:259,qwen3:14b,direct,point,1.0,1.0,1.0,1.0,1.0,0.6,5
nvbench2:dev:278,qwen3:14b,direct,arc,1.0,1.0,1.0,1.0,0.0,0.0,1
nvbench2:dev:283,qwen3:14b,direct,rect,1.0,1.0,1.0,1.0,0.0,0.0,5
nvbench2:dev:286,qwen3:14b,direct,bar,1.0,1.0,1.0,1.0,1.0,1.0,1
nvbench2:dev:292,qwen3:14b,direct,rect,1.0,1.0,1.0,1.0,0.0,0.0,2
nvbench2:dev:296,qwen3:14b,direct,bar,1.0,1.0,1.0,0.8,0.0,0.4,5
nvbench2:dev:298,qwen3:14b,direct,bar,1.0,1.0,1.0,1.0,0.0,0.0,5
nvbench2:dev:300,qwen3:14b,direct,arc,1.0,1.0,1.0,1.0,0.0,0.0,5
nvbench2:dev:302,qwen3:14b,direct,rect,1.0,1.0,1.0,1.0,1.0,0.8,5
nvbench2:dev:307,qwen3:14b,direct,rect,1.0,1.0,1.0,1.0,0.0,0.25,4
nvbench2:dev:314,qwen3:14b,direct,arc,1.0,1.0,1.0,1.0,0.0,0.0,1
nvbench2:dev:315,qwen3:14b,direct,bar,1.0,1.0,1.0,1.0,0.0,0.2,5
nvbench2:dev:317,qwen3:14b,direct,rect,1.0,1.0,1.0,1.0,0.0,0.2,5
nvbench2:dev:319,qwen3:14b,direct,boxplot,1.0,1.0,1.0,1.0,1.0,1.0,5
nvbench2:dev:326,qwen3:14b,direct,rect,1.0,1.0,1.0,1.0,0.0,0.0,2
nvbench2:dev:327,qwen3:14b,direct,boxplot,1.0,1.0,0.0,0.8,1.0,1.0,5
nvbench2:dev:331,qwen3:14b,direct,bar,1.0,1.0,1.0,1.0,1.0,1.0,3
nvbench2:dev:332,qwen3:14b,direct,arc,1.0,1.0,1.0,1.0,1.0,1.0,2
nvbench2:dev:336,qwen3:14b,direct,arc,1.0,1.0,1.0,1.0,0.0,0.0,5
nvbench2:dev:338,qwen3:14b,direct,rect,1.0,1.0,1.0,1.0,1.0,1.0,5
nvbench2:dev:340,qwen3:14b,direct,rect,1.0,1.0,1.0,1.0,1.0,0.8,5
nvbench2:dev:346,qwen3:14b,direct,bar+line+rect,1.0,1.0,1.0,1.0,1.0,0.6,5
nvbench2:dev:358,qwen3:14b,direct,bar,1.0,1.0,1.0,1.0,0.0,0.0,5
nvbench2:dev:362,qwen3:14b,direct,rect,1.0,1.0,1.0,1.0,1.0,1.0,3
nvbench2:dev:367,qwen3:14b,direct,bar,1.0,1.0,1.0,1.0,0.0,0.0,1
nvbench2:dev:381,qwen3:14b,direct,rect,1.0,1.0,1.0,1.0,1.0,1.0,5
nvbench2:dev:383,qwen3:14b,direct,rect,1.0,1.0,1.0,1.0,1.0,1.0,5
nvbench2:dev:384,qwen3:14b,direct,bar,1.0,1.0,1.0,1.0,1.0,0.2,5
nvbench2:dev:388,qwen3:14b,direct,rect,1.0,1.0,1.0,1.0,1.0,0.8,5
nvbench2:dev:394,qwen3:14b,direct,arc,1.0,1.0,1.0,1.0,0.0,0.0,1
nvbench2:dev:398,qwen3:14b,direct,line,1.0,1.0,1.0,1.0,1.0,1.0,1
nvbench2:dev:403,qwen3:14b,direct,point,1.0,1.0,1.0,1.0,0.0,0.0,5
nvbench2:dev:405,qwen3:14b,direct,bar,1.0,1.0,1.0,1.0,0.0,0.0,5
nvbench2:dev:421,qwen3:14b,direct,arc,1.0,1.0,1.0,1.0,0.0,0.0,5
nvbench2:dev:422,qwen3:14b,direct,arc,1.0,1.0,1.0,1.0,0.0,0.0,5
nvbench2:dev:436,qwen3:14b,direct,point,1.0,1.0,1.0,1.0,1.0,1.0,5
nvbench2:dev:444,qwen3:14b,direct,point,1.0,1.0,1.0,1.0,0.0,0.0,5
nvbench2:dev:445,qwen3:14b,direct,boxplot,1.0,1.0,1.0,1.0,0.0,0.0,1
nvbench2:dev:455,qwen3:14b,direct,bar,1.0,1.0,1.0,1.0,0.0,0.8,5
nvbench2:dev:457,qwen3:14b,direct,arc,1.0,1.0,1.0,1.0,0.0,0.0,1
nvbench2:dev:462,qwen3:14b,direct,bar,1.0,1.0,1.0,1.0,1.0,1.0,3
nvbench2:dev:463,qwen3:14b,direct,bar+line+point,1.0,0.0,0.0,0.0,0.0,0.0,1
nvbench2:dev:465,qwen3:14b,direct,arc,1.0,1.0,1.0,1.0,0.0,0.0,1
nvbench2:dev:470,qwen3:14b,direct,boxplot,1.0,1.0,1.0,1.0,1.0,0.8,5
nvbench2:dev:475,qwen3:14b,direct,bar+line,1.0,1.0,1.0,1.0,1.0,1.0,4
nvbench2:dev:485,qwen3:14b,direct,bar,1.0,1.0,1.0,1.0,1.0,1.0,3
nvbench2:dev:492,qwen3:14b,direct,arc,1.0,1.0,1.0,1.0,0.0,0.2,5
nvbench2:dev:495,qwen3:14b,direct,boxplot,1.0,1.0,1.0,1.0,1.0,1.0,3
nvbench2:dev:498,qwen3:14b,direct,arc,1.0,1.0,1.0,1.0,0.0,0.0,1
nvbench2:dev:499,qwen3:14b,direct,line,1.0,1.0,1.0,0.8,1.0,1.0,5
nvbench2:dev:507,qwen3:14b,direct,rect,1.0,1.0,1.0,1.0,1.0,1.0,4
nvbench2:dev:508,qwen3:14b,direct,arc,1.0,1.0,1.0,1.0,0.0,0.0,5
nvbench2:dev:515,qwen3:14b,direct,line,1.0,1.0,1.0,1.0,0.0,0.0,5
nvbench2:dev:531,qwen3:14b,direct,bar,1.0,1.0,1.0,1.0,1.0,1.0,5
nvbench2:dev:538,qwen3:14b,direct,arc,1.0,1.0,1.0,1.0,0.0,0.0,2
nvbench2:dev:540,qwen3:14b,direct,bar,1.0,1.0,1.0,1.0,1.0,0.8,5
nvbench2:dev:551,qwen3:14b,direct,line,1.0,1.0,1.0,1.0,0.0,0.0,2
nvbench2:dev:554,qwen3:14b,direct,point,1.0,1.0,1.0,1.0,1.0,0.8,5
nvbench2:dev:562,qwen3:14b,direct,bar,1.0,1.0,1.0,1.0,1.0,1.0,5
nvbench2:dev:568,qwen3:14b,direct,line,1.0,1.0,1.0,1.0,0.0,0.0,1
nvbench2:dev:571,qwen3:14b,direct,rect,1.0,1.0,1.0,1.0,0.0,0.0,1
nvbench2:dev:572,qwen3:14b,direct,bar,1.0,1.0,1.0,1.0,1.0,0.8,5
nvbench2:dev:573,qwen3:14b,direct,point,1.0,1.0,1.0,1.0,1.0,1.0,1
nvbench2:dev:603,qwen3:14b,direct,rect,1.0,1.0,1.0,1.0,1.0,1.0,5
nvbench2:dev:605,qwen3:14b,direct,line,1.0,1.0,1.0,1.0,0.0,0.0,3
nvbench2:dev:606,qwen3:14b,direct,bar,1.0,1.0,1.0,1.0,0.0,0.0,3
nvbench2:dev:612,qwen3:14b,direct,arc,1.0,1.0,1.0,1.0,0.0,0.0,1
nvbench2:dev:614,qwen3:14b,direct,bar,1.0,1.0,1.0,1.0,0.0,0.0,5
nvbench2:dev:628,qwen3:14b,direct,rect,1.0,1.0,1.0,1.0,1.0,1.0,1
nvbench2:dev:641,qwen3:14b,direct,rect,1.0,1.0,1.0,1.0,0.0,0.0,3
nvbench2:dev:642,qwen3:14b,direct,line,1.0,1.0,1.0,1.0,1.0,1.0,3
nvbench2:dev:644,qwen3:14b,direct,bar+line,1.0,1.0,1.0,1.0,1.0,1.0,5
nvbench2:dev:647,qwen3:14b,direct,bar,1.0,1.0,1.0,1.0,0.0,0.0,5
nvbench2:dev:651,qwen3:14b,direct,bar,1.0,1.0,1.0,1.0,1.0,1.0,5
nvbench2:dev:655,qwen3:14b,direct,line,1.0,1.0,1.0,0.8,1.0,0.8,5
nvbench2:dev:666,qwen3:14b,direct,line,1.0,1.0,1.0,1.0,1.0,1.0,5
nvbench2:dev:672,qwen3:14b,direct,bar,1.0,1.0,1.0,1.0,1.0,1.0,5
nvbench2:dev:675,qwen3:14b,direct,bar,1.0,1.0,1.0,1.0,0.0,0.0,3
nvbench2:dev:681,qwen3:14b,direct,bar,1.0,1.0,1.0,1.0,1.0,1.0,5
nvbench2:dev:683,qwen3:14b,direct,bar,1.0,1.0,1.0,1.0,0.0,0.0,2
nvbench2:dev:684,qwen3:14b,direct,bar,1.0,1.0,1.0,1.0,0.0,0.0,4
nvbench2:dev:713,qwen3:14b,direct,bar,1.0,1.0,1.0,1.0,1.0,1.0,1
nvbench2:dev:715,qwen3:14b,direct,point,1.0,1.0,1.0,1.0,1.0,0.6,5
nvbench2:dev:716,qwen3:14b,direct,boxplot,1.0,1.0,1.0,0.8,1.0,1.0,5
nvbench2:dev:717,qwen3:14b,direct,boxplot,1.0,1.0,1.0,1.0,0.0,0.0,1
nvbench2:dev:718,qwen3:14b,direct,boxplot,1.0,0.0,0.0,0.0,1.0,1.0,5
nvbench2:dev:719,qwen3:14b,direct,arc,1.0,1.0,1.0,1.0,1.0,1.0,1
nvbench2:dev:721,qwen3:14b,direct,boxplot,1.0,1.0,1.0,1.0,1.0,1.0,1
nvbench2:dev:723,qwen3:14b,direct,boxplot,1.0,1.0,1.0,1.0,0.0,0.0,1
nvbench2:dev:725,qwen3:14b,direct,boxplot,1.0,1.0,1.0,1.0,0.0,0.0,5
nvbench2:dev:732,qwen3:14b,direct,bar+line+rect,1.0,1.0,1.0,1.0,0.0,0.6666666666666666,3
nvbench2:dev:733,qwen3:14b,direct,bar+line+rect,1.0,1.0,1.0,1.0,1.0,1.0,5
nvbench2:dev:17,qwen3:14b,direct_rich,line,1.0,1.0,1.0,1.0,0.0,0.2,5
nvbench2:dev:22,qwen3:14b,direct_rich,boxplot,1.0,1.0,1.0,1.0,1.0,1.0,5
nvbench2:dev:23,qwen3:14b,direct_rich,point,1.0,1.0,1.0,1.0,1.0,1.0,3
nvbench2:dev:25,qwen3:14b,direct_rich,rect,1.0,1.0,1.0,1.0,1.0,1.0,5
nvbench2:dev:33,qwen3:14b,direct_rich,arc,1.0,1.0,1.0,1.0,0.0,0.0,5
nvbench2:dev:34,qwen3:14b,direct_rich,point,1.0,1.0,1.0,1.0,1.0,1.0,1
nvbench2:dev:35,qwen3:14b,direct_rich,bar+line+point+rect,1.0,1.0,1.0,1.0,1.0,1.0,1
nvbench2:dev:39,qwen3:14b,direct_rich,arc,1.0,1.0,1.0,1.0,1.0,1.0,1
nvbench2:dev:40,qwen3:14b,direct_rich,rect,1.0,1.0,1.0,1.0,1.0,1.0,5
nvbench2:dev:41,qwen3:14b,direct_rich,arc,1.0,1.0,1.0,1.0,0.0,0.0,1
nvbench2:dev:48,qwen3:14b,direct_rich,arc,1.0,1.0,1.0,1.0,0.0,0.0,1
nvbench2:dev:49,qwen3:14b,direct_rich,line,1.0,1.0,1.0,1.0,1.0,1.0,2
nvbench2:dev:51,qwen3:14b,direct_rich,bar,1.0,1.0,1.0,1.0,1.0,1.0,1
nvbench2:dev:54,qwen3:14b,direct_rich,bar,1.0,1.0,1.0,1.0,1.0,1.0,1
nvbench2:dev:57,qwen3:14b,direct_rich,rect,1.0,1.0,1.0,1.0,1.0,1.0,3
nvbench2:dev:61,qwen3:14b,direct_rich,arc,1.0,1.0,1.0,1.0,0.0,0.0,1
nvbench2:dev:63,qwen3:14b,direct_rich,arc,1.0,1.0,1.0,1.0,0.0,0.0,5
nvbench2:dev:68,qwen3:14b,direct_rich,arc,1.0,1.0,1.0,1.0,1.0,1.0,1
nvbench2:dev:72,qwen3:14b,direct_rich,arc,1.0,1.0,1.0,1.0,0.0,0.0,1
nvbench2:dev:73,qwen3:14b,direct_rich,arc,1.0,1.0,1.0,1.0,0.0,0.0,1
nvbench2:dev:76,qwen3:14b,direct_rich,bar,1.0,1.0,1.0,1.0,0.0,0.0,1
nvbench2:dev:83,qwen3:14b,direct_rich,arc,1.0,1.0,1.0,1.0,0.0,0.0,1
nvbench2:dev:84,qwen3:14b,direct_rich,rect,1.0,1.0,1.0,1.0,1.0,1.0,5
nvbench2:dev:89,qwen3:14b,direct_rich,arc,1.0,1.0,1.0,1.0,0.0,0.2,5
nvbench2:dev:92,qwen3:14b,direct_rich,arc,1.0,1.0,1.0,0.8,1.0,1.0,5
nvbench2:dev:97,qwen3:14b,direct_rich,line,1.0,1.0,1.0,1.0,0.0,0.0,3
nvbench2:dev:103,qwen3:14b,direct_rich,boxplot,1.0,1.0,1.0,1.0,1.0,1.0,1
nvbench2:dev:105,qwen3:14b,direct_rich,arc,1.0,1.0,1.0,1.0,1.0,1.0,1
nvbench2:dev:108,qwen3:14b,direct_rich,boxplot,1.0,1.0,1.0,1.0,0.0,0.0,1
nvbench2:dev:112,qwen3:14b,direct_rich,boxplot,1.0,0.0,0.0,0.0,0.0,0.0,1
nvbench2:dev:114,qwen3:14b,direct_rich,line,1.0,1.0,1.0,1.0,1.0,1.0,1
nvbench2:dev:116,qwen3:14b,direct_rich,arc,1.0,1.0,1.0,1.0,0.0,0.0,3
nvbench2:dev:118,qwen3:14b,direct_rich,rect,1.0,1.0,1.0,1.0,0.0,0.0,5
nvbench2:dev:127,qwen3:14b,direct_rich,arc,1.0,1.0,1.0,1.0,0.0,0.0,5
nvbench2:dev:136,qwen3:14b,direct_rich,boxplot,1.0,1.0,1.0,1.0,1.0,0.6,5
nvbench2:dev:138,qwen3:14b,direct_rich,bar,1.0,1.0,1.0,1.0,1.0,1.0,1
nvbench2:dev:139,qwen3:14b,direct_rich,line,1.0,1.0,1.0,1.0,1.0,1.0,1
nvbench2:dev:143,qwen3:14b,direct_rich,rect,1.0,1.0,1.0,1.0,1.0,1.0,1
nvbench2:dev:144,qwen3:14b,direct_rich,bar,1.0,1.0,1.0,1.0,1.0,1.0,1
nvbench2:dev:149,qwen3:14b,direct_rich,point,1.0,1.0,1.0,1.0,1.0,0.2,5
nvbench2:dev:157,qwen3:14b,direct_rich,point,1.0,1.0,1.0,1.0,1.0,1.0,5
nvbench2:dev:158,qwen3:14b,direct_rich,point,1.0,1.0,1.0,1.0,1.0,1.0,1
nvbench2:dev:165,qwen3:14b,direct_rich,line,1.0,1.0,1.0,1.0,1.0,1.0,1
nvbench2:dev:167,qwen3:14b,direct_rich,bar,1.0,1.0,1.0,1.0,1.0,1.0,1
nvbench2:dev:176,qwen3:14b,direct_rich,line,1.0,1.0,1.0,1.0,1.0,1.0,5
nvbench2:dev:182,qwen3:14b,direct_rich,rect,1.0,1.0,1.0,1.0,1.0,1.0,1
nvbench2:dev:188,qwen3:14b,direct_rich,rect,1.0,1.0,1.0,1.0,1.0,1.0,5
nvbench2:dev:191,qwen3:14b,direct_rich,rect,1.0,1.0,1.0,1.0,1.0,1.0,1
nvbench2:dev:203,qwen3:14b,direct_rich,bar+line,1.0,1.0,1.0,1.0,1.0,0.8,5
nvbench2:dev:214,qwen3:14b,direct_rich,rect,1.0,1.0,1.0,1.0,1.0,1.0,5
nvbench2:dev:223,qwen3:14b,direct_rich,boxplot,1.0,1.0,1.0,1.0,1.0,1.0,1
nvbench2:dev:228,qwen3:14b,direct_rich,rect,1.0,1.0,1.0,0.8,0.0,0.0,5
nvbench2:dev:232,qwen3:14b,direct_rich,arc,1.0,1.0,1.0,1.0,0.0,0.0,5
nvbench2:dev:245,qwen3:14b,direct_rich,line,1.0,1.0,1.0,1.0,1.0,1.0,5
nvbench2:dev:252,qwen3:14b,direct_rich,rect,1.0,1.0,1.0,1.0,0.0,0.0,1
nvbench2:dev:253,qwen3:14b,direct_rich,arc+bar+line,1.0,1.0,1.0,1.0,1.0,1.0,3
nvbench2:dev:255,qwen3:14b,direct_rich,bar,1.0,1.0,1.0,1.0,1.0,1.0,1
nvbench2:dev:256,qwen3:14b,direct_rich,rect,1.0,1.0,1.0,1.0,1.0,1.0,4
nvbench2:dev:259,qwen3:14b,direct_rich,point,1.0,1.0,1.0,1.0,1.0,0.6,5
nvbench2:dev:278,qwen3:14b,direct_rich,arc,1.0,1.0,1.0,1.0,0.0,0.0,1
nvbench2:dev:283,qwen3:14b,direct_rich,rect,1.0,1.0,1.0,1.0,1.0,1.0,5
nvbench2:dev:286,qwen3:14b,direct_rich,bar,1.0,1.0,1.0,1.0,1.0,1.0,1
nvbench2:dev:292,qwen3:14b,direct_rich,rect,1.0,1.0,1.0,1.0,0.0,0.4,5
nvbench2:dev:296,qwen3:14b,direct_rich,bar,1.0,1.0,1.0,1.0,0.0,0.0,3
nvbench2:dev:298,qwen3:14b,direct_rich,bar,1.0,1.0,1.0,1.0,0.0,0.0,3
nvbench2:dev:300,qwen3:14b,direct_rich,arc,1.0,1.0,1.0,1.0,0.0,0.0,5
nvbench2:dev:302,qwen3:14b,direct_rich,rect,1.0,1.0,1.0,1.0,1.0,1.0,1
nvbench2:dev:307,qwen3:14b,direct_rich,rect,1.0,1.0,1.0,1.0,0.0,0.0,3
nvbench2:dev:314,qwen3:14b,direct_rich,arc,1.0,1.0,1.0,1.0,0.0,0.0,1
nvbench2:dev:315,qwen3:14b,direct_rich,bar,1.0,1.0,1.0,1.0,1.0,1.0,5
nvbench2:dev:317,qwen3:14b,direct_rich,rect,1.0,1.0,1.0,0.8,0.0,0.0,5
nvbench2:dev:319,qwen3:14b,direct_rich,boxplot,1.0,1.0,1.0,1.0,1.0,1.0,5
nvbench2:dev:326,qwen3:14b,direct_rich,rect,1.0,1.0,1.0,1.0,1.0,1.0,1
nvbench2:dev:327,qwen3:14b,direct_rich,boxplot,1.0,1.0,1.0,1.0,0.0,0.0,1
nvbench2:dev:331,qwen3:14b,direct_rich,bar,1.0,1.0,1.0,1.0,1.0,1.0,1
nvbench2:dev:332,qwen3:14b,direct_rich,arc,1.0,1.0,1.0,1.0,1.0,1.0,1
nvbench2:dev:336,qwen3:14b,direct_rich,arc,1.0,1.0,1.0,1.0,0.0,0.0,1
nvbench2:dev:338,qwen3:14b,direct_rich,rect,1.0,1.0,1.0,1.0,1.0,1.0,5
nvbench2:dev:340,qwen3:14b,direct_rich,rect,1.0,1.0,1.0,1.0,1.0,1.0,1
nvbench2:dev:346,qwen3:14b,direct_rich,bar+line+rect,1.0,1.0,1.0,1.0,0.0,0.0,5
nvbench2:dev:358,qwen3:14b,direct_rich,bar,1.0,1.0,1.0,1.0,0.0,0.0,5
nvbench2:dev:362,qwen3:14b,direct_rich,rect,1.0,1.0,1.0,1.0,1.0,1.0,1
nvbench2:dev:367,qwen3:14b,direct_rich,bar,1.0,1.0,1.0,1.0,1.0,1.0,1
nvbench2:dev:381,qwen3:14b,direct_rich,rect,1.0,1.0,1.0,1.0,1.0,1.0,1
nvbench2:dev:383,qwen3:14b,direct_rich,rect,1.0,1.0,1.0,1.0,1.0,1.0,1
nvbench2:dev:384,qwen3:14b,direct_rich,bar,1.0,1.0,1.0,1.0,1.0,1.0,3
nvbench2:dev:388,qwen3:14b,direct_rich,rect,1.0,1.0,1.0,1.0,1.0,1.0,3
nvbench2:dev:394,qwen3:14b,direct_rich,arc,1.0,1.0,1.0,1.0,0.0,0.0,1
nvbench2:dev:398,qwen3:14b,direct_rich,line,1.0,1.0,1.0,1.0,1.0,1.0,1
nvbench2:dev:403,qwen3:14b,direct_rich,point,1.0,0.0,0.0,0.0,1.0,0.6,5
nvbench2:dev:405,qwen3:14b,direct_rich,bar,1.0,1.0,1.0,1.0,0.0,0.0,5
nvbench2:dev:421,qwen3:14b,direct_rich,arc,1.0,1.0,1.0,1.0,0.0,0.0,1
nvbench2:dev:422,qwen3:14b,direct_rich,arc,1.0,1.0,1.0,1.0,0.0,0.0,1
nvbench2:dev:436,qwen3:14b,direct_rich,point,1.0,1.0,1.0,1.0,1.0,1.0,3
nvbench2:dev:444,qwen3:14b,direct_rich,point,1.0,1.0,1.0,1.0,1.0,1.0,1
nvbench2:dev:445,qwen3:14b,direct_rich,boxplot,1.0,1.0,1.0,1.0,0.0,0.0,1
nvbench2:dev:455,qwen3:14b,direct_rich,bar,1.0,1.0,1.0,1.0,0.0,0.0,1
nvbench2:dev:457,qwen3:14b,direct_rich,arc,1.0,1.0,1.0,1.0,0.0,0.0,1
nvbench2:dev:462,qwen3:14b,direct_rich,bar,1.0,1.0,1.0,1.0,1.0,1.0,3
nvbench2:dev:463,qwen3:14b,direct_rich,bar+line+point,1.0,0.0,0.0,0.0,0.0,0.0,1
nvbench2:dev:465,qwen3:14b,direct_rich,arc,1.0,1.0,1.0,1.0,0.0,0.0,1
nvbench2:dev:470,qwen3:14b,direct_rich,boxplot,1.0,1.0,1.0,1.0,1.0,1.0,1
nvbench2:dev:475,qwen3:14b,direct_rich,bar+line,1.0,1.0,1.0,1.0,1.0,1.0,5
nvbench2:dev:485,qwen3:14b,direct_rich,bar,1.0,1.0,1.0,1.0,1.0,1.0,5
nvbench2:dev:492,qwen3:14b,direct_rich,arc,1.0,1.0,1.0,1.0,0.0,0.0,1
nvbench2:dev:495,qwen3:14b,direct_rich,boxplot,1.0,1.0,1.0,1.0,1.0,1.0,3
nvbench2:dev:498,qwen3:14b,direct_rich,arc,1.0,1.0,1.0,1.0,0.0,0.0,1
nvbench2:dev:499,qwen3:14b,direct_rich,line,1.0,1.0,1.0,1.0,1.0,1.0,1
nvbench2:dev:507,qwen3:14b,direct_rich,rect,1.0,1.0,1.0,1.0,0.0,0.0,5
nvbench2:dev:508,qwen3:14b,direct_rich,arc,1.0,1.0,1.0,1.0,0.0,0.0,5
nvbench2:dev:515,qwen3:14b,direct_rich,line,1.0,1.0,1.0,1.0,0.0,0.0,3
nvbench2:dev:531,qwen3:14b,direct_rich,bar,1.0,1.0,1.0,1.0,1.0,0.6666666666666666,3
nvbench2:dev:538,qwen3:14b,direct_rich,arc,1.0,1.0,1.0,1.0,0.0,0.0,2
nvbench2:dev:540,qwen3:14b,direct_rich,bar,1.0,1.0,1.0,1.0,1.0,1.0,1
nvbench2:dev:551,qwen3:14b,direct_rich,line,1.0,1.0,1.0,1.0,1.0,1.0,5
nvbench2:dev:554,qwen3:14b,direct_rich,point,1.0,1.0,1.0,1.0,1.0,1.0,1
nvbench2:dev:562,qwen3:14b,direct_rich,bar,1.0,1.0,1.0,1.0,1.0,0.8,5
nvbench2:dev:568,qwen3:14b,direct_rich,line,1.0,1.0,1.0,1.0,1.0,1.0,1
nvbench2:dev:571,qwen3:14b,direct_rich,rect,1.0,0.0,0.0,0.0,0.0,0.0,1
nvbench2:dev:572,qwen3:14b,direct_rich,bar,1.0,1.0,1.0,1.0,1.0,1.0,1
nvbench2:dev:573,qwen3:14b,direct_rich,point,1.0,1.0,1.0,1.0,1.0,1.0,1
nvbench2:dev:603,qwen3:14b,direct_rich,rect,1.0,1.0,1.0,0.8,1.0,1.0,5
nvbench2:dev:605,qwen3:14b,direct_rich,line,1.0,1.0,1.0,1.0,0.0,0.0,1
nvbench2:dev:606,qwen3:14b,direct_rich,bar,1.0,1.0,1.0,1.0,1.0,1.0,5
nvbench2:dev:612,qwen3:14b,direct_rich,arc,1.0,1.0,1.0,1.0,0.0,0.0,1
nvbench2:dev:614,qwen3:14b,direct_rich,bar,1.0,1.0,1.0,1.0,0.0,0.0,5
nvbench2:dev:628,qwen3:14b,direct_rich,rect,1.0,1.0,1.0,1.0,0.0,0.0,1
nvbench2:dev:641,qwen3:14b,direct_rich,rect,1.0,1.0,1.0,1.0,0.0,0.0,1
nvbench2:dev:642,qwen3:14b,direct_rich,line,1.0,1.0,1.0,1.0,1.0,1.0,1
nvbench2:dev:644,qwen3:14b,direct_rich,bar+line,1.0,1.0,1.0,1.0,1.0,1.0,5
nvbench2:dev:647,qwen3:14b,direct_rich,bar,1.0,1.0,1.0,1.0,0.0,0.2,5
nvbench2:dev:651,qwen3:14b,direct_rich,bar,1.0,1.0,1.0,1.0,1.0,1.0,5
nvbench2:dev:655,qwen3:14b,direct_rich,line,1.0,1.0,1.0,1.0,1.0,0.2,5
nvbench2:dev:666,qwen3:14b,direct_rich,line,1.0,1.0,1.0,1.0,1.0,1.0,5
nvbench2:dev:672,qwen3:14b,direct_rich,bar,1.0,1.0,1.0,1.0,1.0,1.0,5
nvbench2:dev:675,qwen3:14b,direct_rich,bar,1.0,1.0,1.0,1.0,0.0,0.0,5
nvbench2:dev:681,qwen3:14b,direct_rich,bar,1.0,1.0,1.0,1.0,1.0,0.8,5
nvbench2:dev:683,qwen3:14b,direct_rich,bar,1.0,1.0,1.0,1.0,0.0,0.0,5
nvbench2:dev:684,qwen3:14b,direct_rich,bar,1.0,1.0,1.0,1.0,0.0,0.0,3
nvbench2:dev:713,qwen3:14b,direct_rich,bar,1.0,1.0,1.0,1.0,1.0,1.0,2
nvbench2:dev:715,qwen3:14b,direct_rich,point,1.0,1.0,1.0,1.0,1.0,1.0,1
nvbench2:dev:716,qwen3:14b,direct_rich,boxplot,1.0,1.0,1.0,0.8,1.0,1.0,5
nvbench2:dev:717,qwen3:14b,direct_rich,boxplot,1.0,1.0,1.0,1.0,0.0,0.0,1
nvbench2:dev:718,qwen3:14b,direct_rich,boxplot,1.0,1.0,1.0,0.6,1.0,1.0,5
nvbench2:dev:719,qwen3:14b,direct_rich,arc,1.0,1.0,1.0,1.0,1.0,1.0,1
nvbench2:dev:721,qwen3:14b,direct_rich,boxplot,1.0,1.0,1.0,1.0,0.0,0.0,5
nvbench2:dev:723,qwen3:14b,direct_rich,boxplot,1.0,1.0,1.0,1.0,0.0,0.0,1
nvbench2:dev:725,qwen3:14b,direct_rich,boxplot,1.0,1.0,1.0,1.0,1.0,1.0,3
nvbench2:dev:732,qwen3:14b,direct_rich,bar+line+rect,1.0,1.0,1.0,1.0,1.0,1.0,1
nvbench2:dev:733,qwen3:14b,direct_rich,bar+line+rect,1.0,1.0,1.0,1.0,1.0,1.0,5
nvbench2:dev:17,qwen3:14b,staged,line,1.0,1.0,1.0,1.0,0.0,0.0,1
nvbench2:dev:22,qwen3:14b,staged,boxplot,1.0,1.0,0.0,0.3333333333333333,1.0,1.0,3
nvbench2:dev:23,qwen3:14b,staged,point,1.0,1.0,1.0,1.0,1.0,1.0,2
nvbench2:dev:25,qwen3:14b,staged,rect,1.0,1.0,1.0,1.0,1.0,1.0,2
nvbench2:dev:33,qwen3:14b,staged,arc,1.0,0.0,0.0,0.0,0.0,0.0,1
nvbench2:dev:34,qwen3:14b,staged,point,1.0,1.0,1.0,1.0,1.0,1.0,1
nvbench2:dev:35,qwen3:14b,staged,bar+line+point+rect,1.0,1.0,1.0,1.0,1.0,0.5,2
nvbench2:dev:39,qwen3:14b,staged,arc,1.0,1.0,1.0,1.0,0.0,0.0,1
nvbench2:dev:40,qwen3:14b,staged,rect,1.0,1.0,1.0,1.0,1.0,1.0,5
nvbench2:dev:41,qwen3:14b,staged,arc,1.0,1.0,1.0,1.0,1.0,1.0,1
nvbench2:dev:48,qwen3:14b,staged,arc,1.0,1.0,1.0,1.0,0.0,0.0,1
nvbench2:dev:49,qwen3:14b,staged,line,1.0,1.0,1.0,1.0,1.0,1.0,1
nvbench2:dev:51,qwen3:14b,staged,bar,1.0,0.0,0.0,0.0,0.0,0.0,1
nvbench2:dev:54,qwen3:14b,staged,bar,1.0,1.0,1.0,1.0,0.0,0.0,1
nvbench2:dev:57,qwen3:14b,staged,rect,1.0,1.0,1.0,1.0,1.0,1.0,1
nvbench2:dev:61,qwen3:14b,staged,arc,1.0,1.0,1.0,1.0,0.0,0.0,1
nvbench2:dev:63,qwen3:14b,staged,arc,1.0,1.0,1.0,1.0,0.0,0.0,4
nvbench2:dev:68,qwen3:14b,staged,arc,1.0,1.0,1.0,1.0,0.0,0.0,1
nvbench2:dev:72,qwen3:14b,staged,arc,1.0,1.0,1.0,1.0,0.0,0.0,1
nvbench2:dev:73,qwen3:14b,staged,arc,1.0,1.0,1.0,1.0,0.0,0.0,1
nvbench2:dev:76,qwen3:14b,staged,bar,1.0,1.0,1.0,1.0,0.0,0.0,1
nvbench2:dev:83,qwen3:14b,staged,arc,1.0,1.0,1.0,1.0,0.0,0.0,1
nvbench2:dev:84,qwen3:14b,staged,rect,1.0,1.0,1.0,1.0,1.0,1.0,5
nvbench2:dev:89,qwen3:14b,staged,arc,1.0,1.0,1.0,1.0,1.0,1.0,2
nvbench2:dev:92,qwen3:14b,staged,arc,1.0,1.0,1.0,1.0,0.0,0.0,1
nvbench2:dev:97,qwen3:14b,staged,line,1.0,0.0,0.0,0.0,1.0,1.0,2
nvbench2:dev:103,qwen3:14b,staged,boxplot,1.0,1.0,1.0,1.0,1.0,1.0,1
nvbench2:dev:105,qwen3:14b,staged,arc,1.0,1.0,1.0,1.0,0.0,0.0,1
nvbench2:dev:108,qwen3:14b,staged,boxplot,1.0,1.0,1.0,1.0,0.0,0.0,1
nvbench2:dev:112,qwen3:14b,staged,boxplot,1.0,1.0,1.0,1.0,1.0,1.0,1
nvbench2:dev:114,qwen3:14b,staged,line,1.0,1.0,1.0,1.0,1.0,1.0,1
nvbench2:dev:116,qwen3:14b,staged,arc,1.0,0.0,0.0,0.0,0.0,0.0,1
nvbench2:dev:118,qwen3:14b,staged,rect,1.0,1.0,1.0,1.0,0.0,0.0,1
nvbench2:dev:127,qwen3:14b,staged,arc,1.0,1.0,1.0,1.0,0.0,0.0,2
nvbench2:dev:136,qwen3:14b,staged,boxplot,1.0,1.0,1.0,1.0,0.0,0.0,1
nvbench2:dev:138,qwen3:14b,staged,bar,1.0,1.0,1.0,1.0,1.0,1.0,1
nvbench2:dev:139,qwen3:14b,staged,line,1.0,1.0,1.0,1.0,1.0,1.0,1
nvbench2:dev:143,qwen3:14b,staged,rect,1.0,1.0,1.0,1.0,1.0,1.0,1
nvbench2:dev:144,qwen3:14b,staged,bar,1.0,1.0,1.0,1.0,1.0,1.0,1
nvbench2:dev:149,qwen3:14b,staged,point,1.0,1.0,1.0,1.0,1.0,1.0,3
nvbench2:dev:157,qwen3:14b,staged,point,1.0,1.0,1.0,1.0,1.0,1.0,2
nvbench2:dev:158,qwen3:14b,staged,point,1.0,0.0,0.0,0.0,1.0,1.0,1
nvbench2:dev:165,qwen3:14b,staged,line,1.0,1.0,1.0,1.0,1.0,1.0,1
nvbench2:dev:167,qwen3:14b,staged,bar,1.0,1.0,1.0,1.0,1.0,1.0,1
nvbench2:dev:176,qwen3:14b,staged,line,1.0,1.0,1.0,1.0,1.0,1.0,1
nvbench2:dev:182,qwen3:14b,staged,rect,1.0,0.0,0.0,0.0,0.0,0.0,1
nvbench2:dev:188,qwen3:14b,staged,rect,1.0,1.0,1.0,1.0,1.0,1.0,1
nvbench2:dev:191,qwen3:14b,staged,rect,1.0,1.0,1.0,1.0,0.0,0.0,1
nvbench2:dev:203,qwen3:14b,staged,bar+line,1.0,1.0,1.0,1.0,1.0,0.8,5
nvbench2:dev:214,qwen3:14b,staged,rect,1.0,1.0,1.0,1.0,1.0,1.0,2
nvbench2:dev:223,qwen3:14b,staged,boxplot,1.0,1.0,1.0,1.0,0.0,0.0,1
nvbench2:dev:228,qwen3:14b,staged,rect,1.0,1.0,1.0,1.0,1.0,1.0,3
nvbench2:dev:232,qwen3:14b,staged,arc,1.0,1.0,1.0,1.0,0.0,0.0,3
nvbench2:dev:245,qwen3:14b,staged,line,1.0,0.0,0.0,0.0,1.0,1.0,1
nvbench2:dev:252,qwen3:14b,staged,rect,1.0,1.0,1.0,1.0,1.0,1.0,1
nvbench2:dev:253,qwen3:14b,staged,arc+bar+line,1.0,1.0,1.0,1.0,0.0,0.0,1
nvbench2:dev:255,qwen3:14b,staged,bar,1.0,0.0,0.0,0.0,0.0,0.0,1
nvbench2:dev:256,qwen3:14b,staged,rect,1.0,0.0,0.0,0.0,0.0,0.0,1
nvbench2:dev:259,qwen3:14b,staged,point,1.0,1.0,1.0,1.0,1.0,1.0,1
nvbench2:dev:278,qwen3:14b,staged,arc,1.0,1.0,1.0,1.0,0.0,0.0,1
nvbench2:dev:283,qwen3:14b,staged,rect,1.0,1.0,1.0,1.0,1.0,1.0,4
nvbench2:dev:286,qwen3:14b,staged,bar,1.0,1.0,1.0,1.0,0.0,0.0,1
nvbench2:dev:292,qwen3:14b,staged,rect,1.0,1.0,1.0,1.0,1.0,1.0,1
nvbench2:dev:296,qwen3:14b,staged,bar,1.0,1.0,1.0,1.0,0.0,0.5,2
nvbench2:dev:298,qwen3:14b,staged,bar,1.0,1.0,1.0,1.0,0.0,0.0,1
nvbench2:dev:300,qwen3:14b,staged,arc,1.0,1.0,1.0,1.0,0.0,0.0,5
nvbench2:dev:302,qwen3:14b,staged,rect,1.0,1.0,1.0,1.0,1.0,1.0,2
nvbench2:dev:307,qwen3:14b,staged,rect,1.0,0.0,0.0,0.0,0.0,0.0,1
nvbench2:dev:314,qwen3:14b,staged,arc,1.0,1.0,1.0,1.0,0.0,0.0,1
nvbench2:dev:315,qwen3:14b,staged,bar,1.0,1.0,1.0,1.0,1.0,1.0,1
nvbench2:dev:317,qwen3:14b,staged,rect,1.0,1.0,1.0,1.0,1.0,1.0,1
nvbench2:dev:319,qwen3:14b,staged,boxplot,1.0,1.0,1.0,1.0,1.0,1.0,1
nvbench2:dev:326,qwen3:14b,staged,rect,1.0,0.0,0.0,0.0,0.0,0.0,1
nvbench2:dev:327,qwen3:14b,staged,boxplot,1.0,1.0,1.0,1.0,0.0,0.0,1
nvbench2:dev:331,qwen3:14b,staged,bar,1.0,1.0,1.0,1.0,0.0,0.0,2
nvbench2:dev:332,qwen3:14b,staged,arc,1.0,1.0,1.0,1.0,0.0,0.0,1
nvbench2:dev:336,qwen3:14b,staged,arc,1.0,1.0,1.0,1.0,0.0,0.0,1
nvbench2:dev:338,qwen3:14b,staged,rect,1.0,1.0,1.0,1.0,1.0,1.0,2
nvbench2:dev:340,qwen3:14b,staged,rect,1.0,1.0,1.0,1.0,1.0,1.0,1
nvbench2:dev:346,qwen3:14b,staged,bar+line+rect,1.0,1.0,1.0,1.0,0.0,0.0,2
nvbench2:dev:358,qwen3:14b,staged,bar,1.0,1.0,1.0,1.0,1.0,1.0,5
nvbench2:dev:362,qwen3:14b,staged,rect,1.0,1.0,1.0,1.0,0.0,0.0,1
nvbench2:dev:367,qwen3:14b,staged,bar,1.0,1.0,1.0,1.0,0.0,0.0,2
nvbench2:dev:381,qwen3:14b,staged,rect,1.0,1.0,1.0,1.0,1.0,1.0,1
nvbench2:dev:383,qwen3:14b,staged,rect,1.0,1.0,1.0,1.0,1.0,1.0,1
nvbench2:dev:384,qwen3:14b,staged,bar,1.0,1.0,1.0,1.0,1.0,1.0,2
nvbench2:dev:388,qwen3:14b,staged,rect,1.0,0.0,0.0,0.0,0.0,0.0,1
nvbench2:dev:394,qwen3:14b,staged,arc,1.0,1.0,1.0,1.0,0.0,0.0,1
nvbench2:dev:398,qwen3:14b,staged,line,1.0,1.0,1.0,1.0,1.0,1.0,1
nvbench2:dev:403,qwen3:14b,staged,point,1.0,0.0,0.0,0.0,1.0,1.0,1
nvbench2:dev:405,qwen3:14b,staged,bar,1.0,1.0,1.0,1.0,1.0,1.0,1
nvbench2:dev:421,qwen3:14b,staged,arc,1.0,1.0,1.0,1.0,0.0,0.0,1
nvbench2:dev:422,qwen3:14b,staged,arc,1.0,1.0,1.0,1.0,0.0,0.0,1
nvbench2:dev:436,qwen3:14b,staged,point,1.0,1.0,1.0,1.0,0.0,0.0,1
nvbench2:dev:444,qwen3:14b,staged,point,1.0,0.0,0.0,0.0,0.0,0.0,1
nvbench2:dev:445,qwen3:14b,staged,boxplot,1.0,0.0,0.0,0.0,1.0,1.0,1
nvbench2:dev:455,qwen3:14b,staged,bar,1.0,1.0,1.0,1.0,1.0,1.0,2
nvbench2:dev:457,qwen3:14b,staged,arc,1.0,1.0,1.0,1.0,0.0,0.0,1
nvbench2:dev:462,qwen3:14b,staged,bar,1.0,0.0,0.0,0.0,0.0,0.0,2
nvbench2:dev:463,qwen3:14b,staged,bar+line+point,1.0,1.0,1.0,1.0,1.0,1.0,2
nvbench2:dev:465,qwen3:14b,staged,arc,1.0,1.0,1.0,1.0,1.0,1.0,1
nvbench2:dev:470,qwen3:14b,staged,boxplot,1.0,1.0,1.0,1.0,1.0,1.0,1
nvbench2:dev:475,qwen3:14b,staged,bar+line,1.0,1.0,1.0,1.0,1.0,1.0,2
nvbench2:dev:485,qwen3:14b,staged,bar,1.0,0.0,0.0,0.0,1.0,1.0,1
nvbench2:dev:492,qwen3:14b,staged,arc,1.0,1.0,1.0,1.0,1.0,1.0,1
nvbench2:dev:495,qwen3:14b,staged,boxplot,1.0,1.0,1.0,1.0,0.0,0.0,1
nvbench2:dev:498,qwen3:14b,staged,arc,1.0,1.0,1.0,1.0,0.0,0.0,1
nvbench2:dev:499,qwen3:14b,staged,line,1.0,1.0,1.0,1.0,1.0,1.0,1
nvbench2:dev:507,qwen3:14b,staged,rect,1.0,0.0,0.0,0.0,0.0,0.0,2
nvbench2:dev:508,qwen3:14b,staged,arc,1.0,1.0,1.0,1.0,0.0,0.0,2
nvbench2:dev:515,qwen3:14b,staged,line,1.0,1.0,1.0,1.0,0.0,0.0,1
nvbench2:dev:531,qwen3:14b,staged,bar,1.0,1.0,1.0,1.0,0.0,0.0,1
nvbench2:dev:538,qwen3:14b,staged,arc,1.0,1.0,1.0,1.0,1.0,1.0,2
nvbench2:dev:540,qwen3:14b,staged,bar,1.0,1.0,1.0,1.0,1.0,1.0,1
nvbench2:dev:551,qwen3:14b,staged,line,1.0,1.0,1.0,1.0,1.0,1.0,2
nvbench2:dev:554,qwen3:14b,staged,point,1.0,1.0,1.0,1.0,1.0,1.0,1
nvbench2:dev:562,qwen3:14b,staged,bar,1.0,1.0,1.0,1.0,1.0,1.0,1
nvbench2:dev:568,qwen3:14b,staged,line,1.0,1.0,1.0,1.0,0.0,0.0,1
nvbench2:dev:571,qwen3:14b,staged,rect,1.0,0.0,0.0,0.0,1.0,1.0,1
nvbench2:dev:572,qwen3:14b,staged,bar,1.0,1.0,1.0,1.0,1.0,1.0,1
nvbench2:dev:573,qwen3:14b,staged,point,1.0,1.0,1.0,1.0,0.0,0.0,4
nvbench2:dev:603,qwen3:14b,staged,rect,1.0,1.0,1.0,1.0,0.0,0.0,1
nvbench2:dev:605,qwen3:14b,staged,line,1.0,1.0,1.0,1.0,0.0,0.0,1
nvbench2:dev:606,qwen3:14b,staged,bar,1.0,1.0,1.0,1.0,1.0,1.0,1
nvbench2:dev:612,qwen3:14b,staged,arc,1.0,1.0,1.0,1.0,0.0,0.0,1
nvbench2:dev:614,qwen3:14b,staged,bar,1.0,1.0,1.0,0.8,1.0,1.0,5
nvbench2:dev:628,qwen3:14b,staged,rect,1.0,1.0,1.0,1.0,0.0,0.0,1
nvbench2:dev:641,qwen3:14b,staged,rect,1.0,1.0,1.0,1.0,0.0,0.0,1
nvbench2:dev:642,qwen3:14b,staged,line,1.0,1.0,1.0,1.0,1.0,1.0,1
nvbench2:dev:644,qwen3:14b,staged,bar+line,1.0,1.0,1.0,1.0,1.0,1.0,2
nvbench2:dev:647,qwen3:14b,staged,bar,1.0,1.0,1.0,1.0,1.0,1.0,1
nvbench2:dev:651,qwen3:14b,staged,bar,1.0,1.0,1.0,1.0,0.0,0.0,1
nvbench2:dev:655,qwen3:14b,staged,line,1.0,0.0,0.0,0.0,0.0,0.0,1
nvbench2:dev:666,qwen3:14b,staged,line,1.0,1.0,1.0,1.0,1.0,1.0,2
nvbench2:dev:672,qwen3:14b,staged,bar,1.0,1.0,1.0,1.0,1.0,1.0,1
nvbench2:dev:675,qwen3:14b,staged,bar,1.0,1.0,1.0,1.0,0.0,0.0,1
nvbench2:dev:681,qwen3:14b,staged,bar,1.0,1.0,1.0,1.0,1.0,1.0,1
nvbench2:dev:683,qwen3:14b,staged,bar,1.0,1.0,1.0,1.0,1.0,1.0,1
nvbench2:dev:684,qwen3:14b,staged,bar,1.0,1.0,1.0,1.0,0.0,0.0,1
nvbench2:dev:713,qwen3:14b,staged,bar,1.0,1.0,1.0,1.0,1.0,1.0,2
nvbench2:dev:715,qwen3:14b,staged,point,1.0,1.0,1.0,1.0,1.0,1.0,1
nvbench2:dev:716,qwen3:14b,staged,boxplot,1.0,1.0,1.0,1.0,0.0,0.0,3
nvbench2:dev:717,qwen3:14b,staged,boxplot,1.0,1.0,1.0,1.0,0.0,0.0,1
nvbench2:dev:718,qwen3:14b,staged,boxplot,1.0,1.0,1.0,1.0,0.0,0.0,1
nvbench2:dev:719,qwen3:14b,staged,arc,1.0,1.0,1.0,1.0,1.0,1.0,1
nvbench2:dev:721,qwen3:14b,staged,boxplot,1.0,0.0,0.0,0.0,1.0,1.0,1
nvbench2:dev:723,qwen3:14b,staged,boxplot,1.0,1.0,1.0,1.0,0.0,0.0,1
nvbench2:dev:725,qwen3:14b,staged,boxplot,1.0,1.0,1.0,1.0,1.0,1.0,2
nvbench2:dev:732,qwen3:14b,staged,bar+line+rect,1.0,1.0,1.0,1.0,0.0,0.5,2
nvbench2:dev:733,qwen3:14b,staged,bar+line+rect,1.0,1.0,1.0,1.0,1.0,1.0,4
