pool,record_id,gold_family,raw_unique,rrf_constant,valid_unique,multi_source_candidates,mean_sources_per_candidate,oracle,hit1,hit5
direct-only,nvbench2:test:102,boxplot,11,10,5,0,1,0.0,0.0,0.0
direct-only,nvbench2:test:102,boxplot,11,30,5,0,1,0.0,0.0,0.0
direct-only,nvbench2:test:102,boxplot,11,60,5,0,1,0.0,0.0,0.0
direct-only,nvbench2:test:102,boxplot,11,100,5,0,1,0.0,0.0,0.0
direct-only,nvbench2:test:105,arc,14,10,3,0,1,0.0,0.0,0.0
direct-only,nvbench2:test:105,arc,14,30,3,0,1,0.0,0.0,0.0
direct-only,nvbench2:test:105,arc,14,60,3,0,1,0.0,0.0,0.0
direct-only,nvbench2:test:105,arc,14,100,3,0,1,0.0,0.0,0.0
direct-only,nvbench2:test:11,point,17,10,15,2,1.1333333333333333,0.0,0.0,0.0
direct-only,nvbench2:test:11,point,17,30,15,2,1.1333333333333333,0.0,0.0,0.0
direct-only,nvbench2:test:11,point,17,60,15,2,1.1333333333333333,0.0,0.0,0.0
direct-only,nvbench2:test:11,point,17,100,15,2,1.1333333333333333,0.0,0.0,0.0
direct-only,nvbench2:test:111,rect,16,10,6,0,1,0.0,0.0,0.0
direct-only,nvbench2:test:111,rect,16,30,6,0,1,0.0,0.0,0.0
direct-only,nvbench2:test:111,rect,16,60,6,0,1,0.0,0.0,0.0
direct-only,nvbench2:test:111,rect,16,100,6,0,1,0.0,0.0,0.0
direct-only,nvbench2:test:112,arc,16,10,5,0,1,0.0,0.0,0.0
direct-only,nvbench2:test:112,arc,16,30,5,0,1,0.0,0.0,0.0
direct-only,nvbench2:test:112,arc,16,60,5,0,1,0.0,0.0,0.0
direct-only,nvbench2:test:112,arc,16,100,5,0,1,0.0,0.0,0.0
direct-only,nvbench2:test:113,line,19,10,14,0,1,0.0,0.0,0.0
direct-only,nvbench2:test:113,line,19,30,14,0,1,0.0,0.0,0.0
direct-only,nvbench2:test:113,line,19,60,14,0,1,0.0,0.0,0.0
direct-only,nvbench2:test:113,line,19,100,14,0,1,0.0,0.0,0.0
direct-only,nvbench2:test:117,bar,9,10,3,1,1.3333333333333333,1.0,0.0,1.0
direct-only,nvbench2:test:117,bar,9,30,3,1,1.3333333333333333,1.0,0.0,1.0
direct-only,nvbench2:test:117,bar,9,60,3,1,1.3333333333333333,1.0,0.0,1.0
direct-only,nvbench2:test:117,bar,9,100,3,1,1.3333333333333333,1.0,0.0,1.0
direct-only,nvbench2:test:127,arc,19,10,8,0,1,0.0,0.0,0.0
direct-only,nvbench2:test:127,arc,19,30,8,0,1,0.0,0.0,0.0
direct-only,nvbench2:test:127,arc,19,60,8,0,1,0.0,0.0,0.0
direct-only,nvbench2:test:127,arc,19,100,8,0,1,0.0,0.0,0.0
direct-only,nvbench2:test:131,arc,14,10,7,1,1.1428571428571428,0.0,0.0,0.0
direct-only,nvbench2:test:131,arc,14,30,7,1,1.1428571428571428,0.0,0.0,0.0
direct-only,nvbench2:test:131,arc,14,60,7,1,1.1428571428571428,0.0,0.0,0.0
direct-only,nvbench2:test:131,arc,14,100,7,1,1.1428571428571428,0.0,0.0,0.0
direct-only,nvbench2:test:132,bar,16,10,1,0,1,0.0,0.0,0.0
direct-only,nvbench2:test:132,bar,16,30,1,0,1,0.0,0.0,0.0
direct-only,nvbench2:test:132,bar,16,60,1,0,1,0.0,0.0,0.0
direct-only,nvbench2:test:132,bar,16,100,1,0,1,0.0,0.0,0.0
direct-only,nvbench2:test:133,bar,13,10,3,0,1,0.0,0.0,0.0
direct-only,nvbench2:test:133,bar,13,30,3,0,1,0.0,0.0,0.0
direct-only,nvbench2:test:133,bar,13,60,3,0,1,0.0,0.0,0.0
direct-only,nvbench2:test:133,bar,13,100,3,0,1,0.0,0.0,0.0
direct-only,nvbench2:test:142,rect,16,10,11,0,1,1.0,0.0,1.0
direct-only,nvbench2:test:142,rect,16,30,11,0,1,1.0,0.0,1.0
direct-only,nvbench2:test:142,rect,16,60,11,0,1,1.0,0.0,1.0
direct-only,nvbench2:test:142,rect,16,100,11,0,1,1.0,0.0,1.0
direct-only,nvbench2:test:144,bar,19,10,8,0,1,0.0,0.0,0.0
direct-only,nvbench2:test:144,bar,19,30,8,0,1,0.0,0.0,0.0
direct-only,nvbench2:test:144,bar,19,60,8,0,1,0.0,0.0,0.0
direct-only,nvbench2:test:144,bar,19,100,8,0,1,0.0,0.0,0.0
direct-only,nvbench2:test:150,bar,20,10,6,0,1,0.0,0.0,0.0
direct-only,nvbench2:test:150,bar,20,30,6,0,1,0.0,0.0,0.0
direct-only,nvbench2:test:150,bar,20,60,6,0,1,0.0,0.0,0.0
direct-only,nvbench2:test:150,bar,20,100,6,0,1,0.0,0.0,0.0
direct-only,nvbench2:test:157,line,13,10,7,0,1,0.0,0.0,0.0
direct-only,nvbench2:test:157,line,13,30,7,0,1,0.0,0.0,0.0
direct-only,nvbench2:test:157,line,13,60,7,0,1,0.0,0.0,0.0
direct-only,nvbench2:test:157,line,13,100,7,0,1,0.0,0.0,0.0
direct-only,nvbench2:test:160,arc,13,10,8,0,1,0.0,0.0,0.0
direct-only,nvbench2:test:160,arc,13,30,8,0,1,0.0,0.0,0.0
direct-only,nvbench2:test:160,arc,13,60,8,0,1,0.0,0.0,0.0
direct-only,nvbench2:test:160,arc,13,100,8,0,1,0.0,0.0,0.0
direct-only,nvbench2:test:162,rect,12,10,8,0,1,0.0,0.0,0.0
direct-only,nvbench2:test:162,rect,12,30,8,0,1,0.0,0.0,0.0
direct-only,nvbench2:test:162,rect,12,60,8,0,1,0.0,0.0,0.0
direct-only,nvbench2:test:162,rect,12,100,8,0,1,0.0,0.0,0.0
direct-only,nvbench2:test:163,line,11,10,1,0,1,0.0,0.0,0.0
direct-only,nvbench2:test:163,line,11,30,1,0,1,0.0,0.0,0.0
direct-only,nvbench2:test:163,line,11,60,1,0,1,0.0,0.0,0.0
direct-only,nvbench2:test:163,line,11,100,1,0,1,0.0,0.0,0.0
direct-only,nvbench2:test:168,bar,13,10,4,1,1.25,1.0,0.0,1.0
direct-only,nvbench2:test:168,bar,13,30,4,1,1.25,1.0,0.0,1.0
direct-only,nvbench2:test:168,bar,13,60,4,1,1.25,1.0,0.0,1.0
direct-only,nvbench2:test:168,bar,13,100,4,1,1.25,1.0,0.0,1.0
direct-only,nvbench2:test:170,rect,16,10,8,0,1,0.0,0.0,0.0
direct-only,nvbench2:test:170,rect,16,30,8,0,1,0.0,0.0,0.0
direct-only,nvbench2:test:170,rect,16,60,8,0,1,0.0,0.0,0.0
direct-only,nvbench2:test:170,rect,16,100,8,0,1,0.0,0.0,0.0
direct-only,nvbench2:test:173,point,13,10,8,0,1,1.0,0.0,1.0
direct-only,nvbench2:test:173,point,13,30,8,0,1,1.0,0.0,1.0
direct-only,nvbench2:test:173,point,13,60,8,0,1,1.0,0.0,1.0
direct-only,nvbench2:test:173,point,13,100,8,0,1,1.0,0.0,1.0
direct-only,nvbench2:test:174,boxplot,15,10,9,0,1,0.0,0.0,0.0
direct-only,nvbench2:test:174,boxplot,15,30,9,0,1,0.0,0.0,0.0
direct-only,nvbench2:test:174,boxplot,15,60,9,0,1,0.0,0.0,0.0
direct-only,nvbench2:test:174,boxplot,15,100,9,0,1,0.0,0.0,0.0
direct-only,nvbench2:test:178,arc,9,10,1,0,1,0.0,0.0,0.0
direct-only,nvbench2:test:178,arc,9,30,1,0,1,0.0,0.0,0.0
direct-only,nvbench2:test:178,arc,9,60,1,0,1,0.0,0.0,0.0
direct-only,nvbench2:test:178,arc,9,100,1,0,1,0.0,0.0,0.0
direct-only,nvbench2:test:18,rect,14,10,8,1,1.125,0.0,0.0,0.0
direct-only,nvbench2:test:18,rect,14,30,8,1,1.125,0.0,0.0,0.0
direct-only,nvbench2:test:18,rect,14,60,8,1,1.125,0.0,0.0,0.0
direct-only,nvbench2:test:18,rect,14,100,8,1,1.125,0.0,0.0,0.0
direct-only,nvbench2:test:183,bar,5,10,3,0,1,0.0,0.0,0.0
direct-only,nvbench2:test:183,bar,5,30,3,0,1,0.0,0.0,0.0
direct-only,nvbench2:test:183,bar,5,60,3,0,1,0.0,0.0,0.0
direct-only,nvbench2:test:183,bar,5,100,3,0,1,0.0,0.0,0.0
direct-only,nvbench2:test:192,point,16,10,8,0,1,0.0,0.0,0.0
direct-only,nvbench2:test:192,point,16,30,8,0,1,0.0,0.0,0.0
direct-only,nvbench2:test:192,point,16,60,8,0,1,0.0,0.0,0.0
direct-only,nvbench2:test:192,point,16,100,8,0,1,0.0,0.0,0.0
direct-only,nvbench2:test:194,boxplot,10,10,8,0,1,0.0,0.0,0.0
direct-only,nvbench2:test:194,boxplot,10,30,8,0,1,0.0,0.0,0.0
direct-only,nvbench2:test:194,boxplot,10,60,8,0,1,0.0,0.0,0.0
direct-only,nvbench2:test:194,boxplot,10,100,8,0,1,0.0,0.0,0.0
direct-only,nvbench2:test:20,arc,11,10,10,0,1,1.0,0.0,0.0
direct-only,nvbench2:test:20,arc,11,30,10,0,1,1.0,0.0,0.0
direct-only,nvbench2:test:20,arc,11,60,10,0,1,1.0,0.0,0.0
direct-only,nvbench2:test:20,arc,11,100,10,0,1,1.0,0.0,0.0
direct-only,nvbench2:test:201,bar,16,10,7,0,1,0.0,0.0,0.0
direct-only,nvbench2:test:201,bar,16,30,7,0,1,0.0,0.0,0.0
direct-only,nvbench2:test:201,bar,16,60,7,0,1,0.0,0.0,0.0
direct-only,nvbench2:test:201,bar,16,100,7,0,1,0.0,0.0,0.0
direct-only,nvbench2:test:223,boxplot,8,10,6,0,1,0.0,0.0,0.0
direct-only,nvbench2:test:223,boxplot,8,30,6,0,1,0.0,0.0,0.0
direct-only,nvbench2:test:223,boxplot,8,60,6,0,1,0.0,0.0,0.0
direct-only,nvbench2:test:223,boxplot,8,100,6,0,1,0.0,0.0,0.0
direct-only,nvbench2:test:227,line,11,10,3,0,1,0.0,0.0,0.0
direct-only,nvbench2:test:227,line,11,30,3,0,1,0.0,0.0,0.0
direct-only,nvbench2:test:227,line,11,60,3,0,1,0.0,0.0,0.0
direct-only,nvbench2:test:227,line,11,100,3,0,1,0.0,0.0,0.0
direct-only,nvbench2:test:236,boxplot,16,10,11,1,1.0909090909090908,0.0,0.0,0.0
direct-only,nvbench2:test:236,boxplot,16,30,11,1,1.0909090909090908,0.0,0.0,0.0
direct-only,nvbench2:test:236,boxplot,16,60,11,1,1.0909090909090908,0.0,0.0,0.0
direct-only,nvbench2:test:236,boxplot,16,100,11,1,1.0909090909090908,0.0,0.0,0.0
direct-only,nvbench2:test:238,line,13,10,12,3,1.25,1.0,0.0,1.0
direct-only,nvbench2:test:238,line,13,30,12,3,1.25,1.0,0.0,1.0
direct-only,nvbench2:test:238,line,13,60,12,3,1.25,1.0,0.0,1.0
direct-only,nvbench2:test:238,line,13,100,12,3,1.25,1.0,0.0,1.0
direct-only,nvbench2:test:25,boxplot,17,10,4,0,1,0.0,0.0,0.0
direct-only,nvbench2:test:25,boxplot,17,30,4,0,1,0.0,0.0,0.0
direct-only,nvbench2:test:25,boxplot,17,60,4,0,1,0.0,0.0,0.0
direct-only,nvbench2:test:25,boxplot,17,100,4,0,1,0.0,0.0,0.0
direct-only,nvbench2:test:252,arc,12,10,5,0,1,0.0,0.0,0.0
direct-only,nvbench2:test:252,arc,12,30,5,0,1,0.0,0.0,0.0
direct-only,nvbench2:test:252,arc,12,60,5,0,1,0.0,0.0,0.0
direct-only,nvbench2:test:252,arc,12,100,5,0,1,0.0,0.0,0.0
direct-only,nvbench2:test:254,point,18,10,16,0,1,0.0,0.0,0.0
direct-only,nvbench2:test:254,point,18,30,16,0,1,0.0,0.0,0.0
direct-only,nvbench2:test:254,point,18,60,16,0,1,0.0,0.0,0.0
direct-only,nvbench2:test:254,point,18,100,16,0,1,0.0,0.0,0.0
direct-only,nvbench2:test:26,boxplot,19,10,6,0,1,0.0,0.0,0.0
direct-only,nvbench2:test:26,boxplot,19,30,6,0,1,0.0,0.0,0.0
direct-only,nvbench2:test:26,boxplot,19,60,6,0,1,0.0,0.0,0.0
direct-only,nvbench2:test:26,boxplot,19,100,6,0,1,0.0,0.0,0.0
direct-only,nvbench2:test:263,boxplot,8,10,3,1,1.3333333333333333,0.0,0.0,0.0
direct-only,nvbench2:test:263,boxplot,8,30,3,1,1.3333333333333333,0.0,0.0,0.0
direct-only,nvbench2:test:263,boxplot,8,60,3,1,1.3333333333333333,0.0,0.0,0.0
direct-only,nvbench2:test:263,boxplot,8,100,3,1,1.3333333333333333,0.0,0.0,0.0
direct-only,nvbench2:test:268,rect,11,10,2,0,1,0.0,0.0,0.0
direct-only,nvbench2:test:268,rect,11,30,2,0,1,0.0,0.0,0.0
direct-only,nvbench2:test:268,rect,11,60,2,0,1,0.0,0.0,0.0
direct-only,nvbench2:test:268,rect,11,100,2,0,1,0.0,0.0,0.0
direct-only,nvbench2:test:287,point,17,10,16,1,1.0625,0.0,0.0,0.0
direct-only,nvbench2:test:287,point,17,30,16,1,1.0625,0.0,0.0,0.0
direct-only,nvbench2:test:287,point,17,60,16,1,1.0625,0.0,0.0,0.0
direct-only,nvbench2:test:287,point,17,100,16,1,1.0625,0.0,0.0,0.0
direct-only,nvbench2:test:296,bar+line+rect,13,10,10,1,1.1,0.0,0.0,0.0
direct-only,nvbench2:test:296,bar+line+rect,13,30,10,1,1.1,0.0,0.0,0.0
direct-only,nvbench2:test:296,bar+line+rect,13,60,10,1,1.1,0.0,0.0,0.0
direct-only,nvbench2:test:296,bar+line+rect,13,100,10,1,1.1,0.0,0.0,0.0
direct-only,nvbench2:test:297,bar,8,10,6,1,1.1666666666666667,0.0,0.0,0.0
direct-only,nvbench2:test:297,bar,8,30,6,1,1.1666666666666667,0.0,0.0,0.0
direct-only,nvbench2:test:297,bar,8,60,6,1,1.1666666666666667,0.0,0.0,0.0
direct-only,nvbench2:test:297,bar,8,100,6,1,1.1666666666666667,0.0,0.0,0.0
direct-only,nvbench2:test:298,line,11,10,3,0,1,0.0,0.0,0.0
direct-only,nvbench2:test:298,line,11,30,3,0,1,0.0,0.0,0.0
direct-only,nvbench2:test:298,line,11,60,3,0,1,0.0,0.0,0.0
direct-only,nvbench2:test:298,line,11,100,3,0,1,0.0,0.0,0.0
direct-only,nvbench2:test:303,boxplot,15,10,9,0,1,0.0,0.0,0.0
direct-only,nvbench2:test:303,boxplot,15,30,9,0,1,0.0,0.0,0.0
direct-only,nvbench2:test:303,boxplot,15,60,9,0,1,0.0,0.0,0.0
direct-only,nvbench2:test:303,boxplot,15,100,9,0,1,0.0,0.0,0.0
direct-only,nvbench2:test:31,rect,19,10,12,0,1,0.0,0.0,0.0
direct-only,nvbench2:test:31,rect,19,30,12,0,1,0.0,0.0,0.0
direct-only,nvbench2:test:31,rect,19,60,12,0,1,0.0,0.0,0.0
direct-only,nvbench2:test:31,rect,19,100,12,0,1,0.0,0.0,0.0
direct-only,nvbench2:test:317,arc,16,10,2,0,1,0.0,0.0,0.0
direct-only,nvbench2:test:317,arc,16,30,2,0,1,0.0,0.0,0.0
direct-only,nvbench2:test:317,arc,16,60,2,0,1,0.0,0.0,0.0
direct-only,nvbench2:test:317,arc,16,100,2,0,1,0.0,0.0,0.0
direct-only,nvbench2:test:319,point,15,10,8,0,1,0.0,0.0,0.0
direct-only,nvbench2:test:319,point,15,30,8,0,1,0.0,0.0,0.0
direct-only,nvbench2:test:319,point,15,60,8,0,1,0.0,0.0,0.0
direct-only,nvbench2:test:319,point,15,100,8,0,1,0.0,0.0,0.0
direct-only,nvbench2:test:320,rect,13,10,6,0,1,0.0,0.0,0.0
direct-only,nvbench2:test:320,rect,13,30,6,0,1,0.0,0.0,0.0
direct-only,nvbench2:test:320,rect,13,60,6,0,1,0.0,0.0,0.0
direct-only,nvbench2:test:320,rect,13,100,6,0,1,0.0,0.0,0.0
direct-only,nvbench2:test:325,rect,16,10,4,0,1,0.0,0.0,0.0
direct-only,nvbench2:test:325,rect,16,30,4,0,1,0.0,0.0,0.0
direct-only,nvbench2:test:325,rect,16,60,4,0,1,0.0,0.0,0.0
direct-only,nvbench2:test:325,rect,16,100,4,0,1,0.0,0.0,0.0
direct-only,nvbench2:test:332,rect,12,10,6,0,1,0.0,0.0,0.0
direct-only,nvbench2:test:332,rect,12,30,6,0,1,0.0,0.0,0.0
direct-only,nvbench2:test:332,rect,12,60,6,0,1,0.0,0.0,0.0
direct-only,nvbench2:test:332,rect,12,100,6,0,1,0.0,0.0,0.0
direct-only,nvbench2:test:335,arc,12,10,1,0,1,0.0,0.0,0.0
direct-only,nvbench2:test:335,arc,12,30,1,0,1,0.0,0.0,0.0
direct-only,nvbench2:test:335,arc,12,60,1,0,1,0.0,0.0,0.0
direct-only,nvbench2:test:335,arc,12,100,1,0,1,0.0,0.0,0.0
direct-only,nvbench2:test:341,rect,13,10,12,0,1,0.0,0.0,0.0
direct-only,nvbench2:test:341,rect,13,30,12,0,1,0.0,0.0,0.0
direct-only,nvbench2:test:341,rect,13,60,12,0,1,0.0,0.0,0.0
direct-only,nvbench2:test:341,rect,13,100,12,0,1,0.0,0.0,0.0
direct-only,nvbench2:test:344,rect,13,10,9,0,1,0.0,0.0,0.0
direct-only,nvbench2:test:344,rect,13,30,9,0,1,0.0,0.0,0.0
direct-only,nvbench2:test:344,rect,13,60,9,0,1,0.0,0.0,0.0
direct-only,nvbench2:test:344,rect,13,100,9,0,1,0.0,0.0,0.0
direct-only,nvbench2:test:349,arc,19,10,11,0,1,0.0,0.0,0.0
direct-only,nvbench2:test:349,arc,19,30,11,0,1,0.0,0.0,0.0
direct-only,nvbench2:test:349,arc,19,60,11,0,1,0.0,0.0,0.0
direct-only,nvbench2:test:349,arc,19,100,11,0,1,0.0,0.0,0.0
direct-only,nvbench2:test:35,bar+line,16,10,15,0,1,0.0,0.0,0.0
direct-only,nvbench2:test:35,bar+line,16,30,15,0,1,0.0,0.0,0.0
direct-only,nvbench2:test:35,bar+line,16,60,15,0,1,0.0,0.0,0.0
direct-only,nvbench2:test:35,bar+line,16,100,15,0,1,0.0,0.0,0.0
direct-only,nvbench2:test:351,boxplot,16,10,8,2,1.25,0.0,0.0,0.0
direct-only,nvbench2:test:351,boxplot,16,30,8,2,1.25,0.0,0.0,0.0
direct-only,nvbench2:test:351,boxplot,16,60,8,2,1.25,0.0,0.0,0.0
direct-only,nvbench2:test:351,boxplot,16,100,8,2,1.25,0.0,0.0,0.0
direct-only,nvbench2:test:355,rect,18,10,13,0,1,0.0,0.0,0.0
direct-only,nvbench2:test:355,rect,18,30,13,0,1,0.0,0.0,0.0
direct-only,nvbench2:test:355,rect,18,60,13,0,1,0.0,0.0,0.0
direct-only,nvbench2:test:355,rect,18,100,13,0,1,0.0,0.0,0.0
direct-only,nvbench2:test:365,point,11,10,6,0,1,0.0,0.0,0.0
direct-only,nvbench2:test:365,point,11,30,6,0,1,0.0,0.0,0.0
direct-only,nvbench2:test:365,point,11,60,6,0,1,0.0,0.0,0.0
direct-only,nvbench2:test:365,point,11,100,6,0,1,0.0,0.0,0.0
direct-only,nvbench2:test:366,boxplot,13,10,10,0,1,1.0,0.0,1.0
direct-only,nvbench2:test:366,boxplot,13,30,10,0,1,1.0,0.0,1.0
direct-only,nvbench2:test:366,boxplot,13,60,10,0,1,1.0,0.0,1.0
direct-only,nvbench2:test:366,boxplot,13,100,10,0,1,1.0,0.0,1.0
direct-only,nvbench2:test:37,arc,15,10,14,0,1,0.0,0.0,0.0
direct-only,nvbench2:test:37,arc,15,30,14,0,1,0.0,0.0,0.0
direct-only,nvbench2:test:37,arc,15,60,14,0,1,0.0,0.0,0.0
direct-only,nvbench2:test:37,arc,15,100,14,0,1,0.0,0.0,0.0
direct-only,nvbench2:test:376,rect,11,10,2,0,1,0.0,0.0,0.0
direct-only,nvbench2:test:376,rect,11,30,2,0,1,0.0,0.0,0.0
direct-only,nvbench2:test:376,rect,11,60,2,0,1,0.0,0.0,0.0
direct-only,nvbench2:test:376,rect,11,100,2,0,1,0.0,0.0,0.0
direct-only,nvbench2:test:377,rect,9,10,4,0,1,0.0,0.0,0.0
direct-only,nvbench2:test:377,rect,9,30,4,0,1,0.0,0.0,0.0
direct-only,nvbench2:test:377,rect,9,60,4,0,1,0.0,0.0,0.0
direct-only,nvbench2:test:377,rect,9,100,4,0,1,0.0,0.0,0.0
direct-only,nvbench2:test:384,arc,14,10,7,0,1,0.0,0.0,0.0
direct-only,nvbench2:test:384,arc,14,30,7,0,1,0.0,0.0,0.0
direct-only,nvbench2:test:384,arc,14,60,7,0,1,0.0,0.0,0.0
direct-only,nvbench2:test:384,arc,14,100,7,0,1,0.0,0.0,0.0
direct-only,nvbench2:test:385,arc,11,10,2,0,1,0.0,0.0,0.0
direct-only,nvbench2:test:385,arc,11,30,2,0,1,0.0,0.0,0.0
direct-only,nvbench2:test:385,arc,11,60,2,0,1,0.0,0.0,0.0
direct-only,nvbench2:test:385,arc,11,100,2,0,1,0.0,0.0,0.0
direct-only,nvbench2:test:388,bar+line+rect,17,10,12,3,1.25,0.0,0.0,0.0
direct-only,nvbench2:test:388,bar+line+rect,17,30,12,3,1.25,0.0,0.0,0.0
direct-only,nvbench2:test:388,bar+line+rect,17,60,12,3,1.25,0.0,0.0,0.0
direct-only,nvbench2:test:388,bar+line+rect,17,100,12,3,1.25,0.0,0.0,0.0
direct-only,nvbench2:test:39,bar,13,10,6,0,1,0.0,0.0,0.0
direct-only,nvbench2:test:39,bar,13,30,6,0,1,0.0,0.0,0.0
direct-only,nvbench2:test:39,bar,13,60,6,0,1,0.0,0.0,0.0
direct-only,nvbench2:test:39,bar,13,100,6,0,1,0.0,0.0,0.0
direct-only,nvbench2:test:392,rect,19,10,5,0,1,0.0,0.0,0.0
direct-only,nvbench2:test:392,rect,19,30,5,0,1,0.0,0.0,0.0
direct-only,nvbench2:test:392,rect,19,60,5,0,1,0.0,0.0,0.0
direct-only,nvbench2:test:392,rect,19,100,5,0,1,0.0,0.0,0.0
direct-only,nvbench2:test:395,rect,18,10,6,0,1,0.0,0.0,0.0
direct-only,nvbench2:test:395,rect,18,30,6,0,1,0.0,0.0,0.0
direct-only,nvbench2:test:395,rect,18,60,6,0,1,0.0,0.0,0.0
direct-only,nvbench2:test:395,rect,18,100,6,0,1,0.0,0.0,0.0
direct-only,nvbench2:test:406,bar,16,10,8,0,1,0.0,0.0,0.0
direct-only,nvbench2:test:406,bar,16,30,8,0,1,0.0,0.0,0.0
direct-only,nvbench2:test:406,bar,16,60,8,0,1,0.0,0.0,0.0
direct-only,nvbench2:test:406,bar,16,100,8,0,1,0.0,0.0,0.0
direct-only,nvbench2:test:426,arc,17,10,1,0,1,0.0,0.0,0.0
direct-only,nvbench2:test:426,arc,17,30,1,0,1,0.0,0.0,0.0
direct-only,nvbench2:test:426,arc,17,60,1,0,1,0.0,0.0,0.0
direct-only,nvbench2:test:426,arc,17,100,1,0,1,0.0,0.0,0.0
direct-only,nvbench2:test:430,bar,16,10,4,0,1,0.0,0.0,0.0
direct-only,nvbench2:test:430,bar,16,30,4,0,1,0.0,0.0,0.0
direct-only,nvbench2:test:430,bar,16,60,4,0,1,0.0,0.0,0.0
direct-only,nvbench2:test:430,bar,16,100,4,0,1,0.0,0.0,0.0
direct-only,nvbench2:test:432,bar+line+rect,16,10,4,0,1,0.0,0.0,0.0
direct-only,nvbench2:test:432,bar+line+rect,16,30,4,0,1,0.0,0.0,0.0
direct-only,nvbench2:test:432,bar+line+rect,16,60,4,0,1,0.0,0.0,0.0
direct-only,nvbench2:test:432,bar+line+rect,16,100,4,0,1,0.0,0.0,0.0
direct-only,nvbench2:test:434,arc,15,10,3,0,1,1.0,1.0,1.0
direct-only,nvbench2:test:434,arc,15,30,3,0,1,1.0,1.0,1.0
direct-only,nvbench2:test:434,arc,15,60,3,0,1,1.0,1.0,1.0
direct-only,nvbench2:test:434,arc,15,100,3,0,1,1.0,1.0,1.0
direct-only,nvbench2:test:435,rect,19,10,11,0,1,0.0,0.0,0.0
direct-only,nvbench2:test:435,rect,19,30,11,0,1,0.0,0.0,0.0
direct-only,nvbench2:test:435,rect,19,60,11,0,1,0.0,0.0,0.0
direct-only,nvbench2:test:435,rect,19,100,11,0,1,0.0,0.0,0.0
direct-only,nvbench2:test:443,arc,16,10,3,0,1,0.0,0.0,0.0
direct-only,nvbench2:test:443,arc,16,30,3,0,1,0.0,0.0,0.0
direct-only,nvbench2:test:443,arc,16,60,3,0,1,0.0,0.0,0.0
direct-only,nvbench2:test:443,arc,16,100,3,0,1,0.0,0.0,0.0
direct-only,nvbench2:test:446,arc,12,10,4,0,1,0.0,0.0,0.0
direct-only,nvbench2:test:446,arc,12,30,4,0,1,0.0,0.0,0.0
direct-only,nvbench2:test:446,arc,12,60,4,0,1,0.0,0.0,0.0
direct-only,nvbench2:test:446,arc,12,100,4,0,1,0.0,0.0,0.0
direct-only,nvbench2:test:454,arc,11,10,2,0,1,0.0,0.0,0.0
direct-only,nvbench2:test:454,arc,11,30,2,0,1,0.0,0.0,0.0
direct-only,nvbench2:test:454,arc,11,60,2,0,1,0.0,0.0,0.0
direct-only,nvbench2:test:454,arc,11,100,2,0,1,0.0,0.0,0.0
direct-only,nvbench2:test:461,rect,17,10,12,0,1,1.0,0.0,1.0
direct-only,nvbench2:test:461,rect,17,30,12,0,1,1.0,0.0,1.0
direct-only,nvbench2:test:461,rect,17,60,12,0,1,1.0,0.0,1.0
direct-only,nvbench2:test:461,rect,17,100,12,0,1,1.0,0.0,1.0
direct-only,nvbench2:test:466,rect,15,10,6,1,1.1666666666666667,0.0,0.0,0.0
direct-only,nvbench2:test:466,rect,15,30,6,1,1.1666666666666667,0.0,0.0,0.0
direct-only,nvbench2:test:466,rect,15,60,6,1,1.1666666666666667,0.0,0.0,0.0
direct-only,nvbench2:test:466,rect,15,100,6,1,1.1666666666666667,0.0,0.0,0.0
direct-only,nvbench2:test:471,line,16,10,3,0,1,0.0,0.0,0.0
direct-only,nvbench2:test:471,line,16,30,3,0,1,0.0,0.0,0.0
direct-only,nvbench2:test:471,line,16,60,3,0,1,0.0,0.0,0.0
direct-only,nvbench2:test:471,line,16,100,3,0,1,0.0,0.0,0.0
direct-only,nvbench2:test:479,bar+line,18,10,10,0,1,0.0,0.0,0.0
direct-only,nvbench2:test:479,bar+line,18,30,10,0,1,0.0,0.0,0.0
direct-only,nvbench2:test:479,bar+line,18,60,10,0,1,0.0,0.0,0.0
direct-only,nvbench2:test:479,bar+line,18,100,10,0,1,0.0,0.0,0.0
direct-only,nvbench2:test:483,arc,11,10,3,0,1,0.0,0.0,0.0
direct-only,nvbench2:test:483,arc,11,30,3,0,1,0.0,0.0,0.0
direct-only,nvbench2:test:483,arc,11,60,3,0,1,0.0,0.0,0.0
direct-only,nvbench2:test:483,arc,11,100,3,0,1,0.0,0.0,0.0
direct-only,nvbench2:test:486,rect,16,10,14,0,1,0.0,0.0,0.0
direct-only,nvbench2:test:486,rect,16,30,14,0,1,0.0,0.0,0.0
direct-only,nvbench2:test:486,rect,16,60,14,0,1,0.0,0.0,0.0
direct-only,nvbench2:test:486,rect,16,100,14,0,1,0.0,0.0,0.0
direct-only,nvbench2:test:489,arc,12,10,3,0,1,0.0,0.0,0.0
direct-only,nvbench2:test:489,arc,12,30,3,0,1,0.0,0.0,0.0
direct-only,nvbench2:test:489,arc,12,60,3,0,1,0.0,0.0,0.0
direct-only,nvbench2:test:489,arc,12,100,3,0,1,0.0,0.0,0.0
direct-only,nvbench2:test:492,rect,12,10,8,0,1,0.0,0.0,0.0
direct-only,nvbench2:test:492,rect,12,30,8,0,1,0.0,0.0,0.0
direct-only,nvbench2:test:492,rect,12,60,8,0,1,0.0,0.0,0.0
direct-only,nvbench2:test:492,rect,12,100,8,0,1,0.0,0.0,0.0
direct-only,nvbench2:test:505,bar,12,10,2,0,1,0.0,0.0,0.0
direct-only,nvbench2:test:505,bar,12,30,2,0,1,0.0,0.0,0.0
direct-only,nvbench2:test:505,bar,12,60,2,0,1,0.0,0.0,0.0
direct-only,nvbench2:test:505,bar,12,100,2,0,1,0.0,0.0,0.0
direct-only,nvbench2:test:508,arc,14,10,3,0,1,0.0,0.0,0.0
direct-only,nvbench2:test:508,arc,14,30,3,0,1,0.0,0.0,0.0
direct-only,nvbench2:test:508,arc,14,60,3,0,1,0.0,0.0,0.0
direct-only,nvbench2:test:508,arc,14,100,3,0,1,0.0,0.0,0.0
direct-only,nvbench2:test:519,boxplot,12,10,8,0,1,0.0,0.0,0.0
direct-only,nvbench2:test:519,boxplot,12,30,8,0,1,0.0,0.0,0.0
direct-only,nvbench2:test:519,boxplot,12,60,8,0,1,0.0,0.0,0.0
direct-only,nvbench2:test:519,boxplot,12,100,8,0,1,0.0,0.0,0.0
direct-only,nvbench2:test:524,bar+line+rect,17,10,7,0,1,0.0,0.0,0.0
direct-only,nvbench2:test:524,bar+line+rect,17,30,7,0,1,0.0,0.0,0.0
direct-only,nvbench2:test:524,bar+line+rect,17,60,7,0,1,0.0,0.0,0.0
direct-only,nvbench2:test:524,bar+line+rect,17,100,7,0,1,0.0,0.0,0.0
direct-only,nvbench2:test:526,arc,16,10,4,0,1,0.0,0.0,0.0
direct-only,nvbench2:test:526,arc,16,30,4,0,1,0.0,0.0,0.0
direct-only,nvbench2:test:526,arc,16,60,4,0,1,0.0,0.0,0.0
direct-only,nvbench2:test:526,arc,16,100,4,0,1,0.0,0.0,0.0
direct-only,nvbench2:test:531,line,13,10,0,0,0.0,0.0,0.0,0.0
direct-only,nvbench2:test:531,line,13,30,0,0,0.0,0.0,0.0,0.0
direct-only,nvbench2:test:531,line,13,60,0,0,0.0,0.0,0.0,0.0
direct-only,nvbench2:test:531,line,13,100,0,0,0.0,0.0,0.0,0.0
direct-only,nvbench2:test:532,arc+bar+line,14,10,6,1,1.1666666666666667,0.0,0.0,0.0
direct-only,nvbench2:test:532,arc+bar+line,14,30,6,1,1.1666666666666667,0.0,0.0,0.0
direct-only,nvbench2:test:532,arc+bar+line,14,60,6,1,1.1666666666666667,0.0,0.0,0.0
direct-only,nvbench2:test:532,arc+bar+line,14,100,6,1,1.1666666666666667,0.0,0.0,0.0
direct-only,nvbench2:test:535,line,15,10,9,0,1,0.0,0.0,0.0
direct-only,nvbench2:test:535,line,15,30,9,0,1,0.0,0.0,0.0
direct-only,nvbench2:test:535,line,15,60,9,0,1,0.0,0.0,0.0
direct-only,nvbench2:test:535,line,15,100,9,0,1,0.0,0.0,0.0
direct-only,nvbench2:test:545,rect,15,10,4,0,1,0.0,0.0,0.0
direct-only,nvbench2:test:545,rect,15,30,4,0,1,0.0,0.0,0.0
direct-only,nvbench2:test:545,rect,15,60,4,0,1,0.0,0.0,0.0
direct-only,nvbench2:test:545,rect,15,100,4,0,1,0.0,0.0,0.0
direct-only,nvbench2:test:546,arc,11,10,3,0,1,0.0,0.0,0.0
direct-only,nvbench2:test:546,arc,11,30,3,0,1,0.0,0.0,0.0
direct-only,nvbench2:test:546,arc,11,60,3,0,1,0.0,0.0,0.0
direct-only,nvbench2:test:546,arc,11,100,3,0,1,0.0,0.0,0.0
direct-only,nvbench2:test:547,rect,12,10,5,0,1,1.0,0.0,1.0
direct-only,nvbench2:test:547,rect,12,30,5,0,1,1.0,0.0,1.0
direct-only,nvbench2:test:547,rect,12,60,5,0,1,1.0,0.0,1.0
direct-only,nvbench2:test:547,rect,12,100,5,0,1,1.0,0.0,1.0
direct-only,nvbench2:test:551,line,16,10,7,0,1,0.0,0.0,0.0
direct-only,nvbench2:test:551,line,16,30,7,0,1,0.0,0.0,0.0
direct-only,nvbench2:test:551,line,16,60,7,0,1,0.0,0.0,0.0
direct-only,nvbench2:test:551,line,16,100,7,0,1,0.0,0.0,0.0
direct-only,nvbench2:test:552,arc,11,10,2,0,1,0.0,0.0,0.0
direct-only,nvbench2:test:552,arc,11,30,2,0,1,0.0,0.0,0.0
direct-only,nvbench2:test:552,arc,11,60,2,0,1,0.0,0.0,0.0
direct-only,nvbench2:test:552,arc,11,100,2,0,1,0.0,0.0,0.0
direct-only,nvbench2:test:553,bar,12,10,3,0,1,0.0,0.0,0.0
direct-only,nvbench2:test:553,bar,12,30,3,0,1,0.0,0.0,0.0
direct-only,nvbench2:test:553,bar,12,60,3,0,1,0.0,0.0,0.0
direct-only,nvbench2:test:553,bar,12,100,3,0,1,0.0,0.0,0.0
direct-only,nvbench2:test:554,arc,12,10,2,0,1,0.0,0.0,0.0
direct-only,nvbench2:test:554,arc,12,30,2,0,1,0.0,0.0,0.0
direct-only,nvbench2:test:554,arc,12,60,2,0,1,0.0,0.0,0.0
direct-only,nvbench2:test:554,arc,12,100,2,0,1,0.0,0.0,0.0
direct-only,nvbench2:test:556,rect,9,10,5,0,1,0.0,0.0,0.0
direct-only,nvbench2:test:556,rect,9,30,5,0,1,0.0,0.0,0.0
direct-only,nvbench2:test:556,rect,9,60,5,0,1,0.0,0.0,0.0
direct-only,nvbench2:test:556,rect,9,100,5,0,1,0.0,0.0,0.0
direct-only,nvbench2:test:558,arc,16,10,6,0,1,0.0,0.0,0.0
direct-only,nvbench2:test:558,arc,16,30,6,0,1,0.0,0.0,0.0
direct-only,nvbench2:test:558,arc,16,60,6,0,1,0.0,0.0,0.0
direct-only,nvbench2:test:558,arc,16,100,6,0,1,0.0,0.0,0.0
direct-only,nvbench2:test:561,line,13,10,2,0,1,0.0,0.0,0.0
direct-only,nvbench2:test:561,line,13,30,2,0,1,0.0,0.0,0.0
direct-only,nvbench2:test:561,line,13,60,2,0,1,0.0,0.0,0.0
direct-only,nvbench2:test:561,line,13,100,2,0,1,0.0,0.0,0.0
direct-only,nvbench2:test:566,boxplot,10,10,7,0,1,0.0,0.0,0.0
direct-only,nvbench2:test:566,boxplot,10,30,7,0,1,0.0,0.0,0.0
direct-only,nvbench2:test:566,boxplot,10,60,7,0,1,0.0,0.0,0.0
direct-only,nvbench2:test:566,boxplot,10,100,7,0,1,0.0,0.0,0.0
direct-only,nvbench2:test:574,bar,15,10,9,0,1,0.0,0.0,0.0
direct-only,nvbench2:test:574,bar,15,30,9,0,1,0.0,0.0,0.0
direct-only,nvbench2:test:574,bar,15,60,9,0,1,0.0,0.0,0.0
direct-only,nvbench2:test:574,bar,15,100,9,0,1,0.0,0.0,0.0
direct-only,nvbench2:test:577,line,14,10,4,0,1,0.0,0.0,0.0
direct-only,nvbench2:test:577,line,14,30,4,0,1,0.0,0.0,0.0
direct-only,nvbench2:test:577,line,14,60,4,0,1,0.0,0.0,0.0
direct-only,nvbench2:test:577,line,14,100,4,0,1,0.0,0.0,0.0
direct-only,nvbench2:test:578,arc,13,10,2,0,1,0.0,0.0,0.0
direct-only,nvbench2:test:578,arc,13,30,2,0,1,0.0,0.0,0.0
direct-only,nvbench2:test:578,arc,13,60,2,0,1,0.0,0.0,0.0
direct-only,nvbench2:test:578,arc,13,100,2,0,1,0.0,0.0,0.0
direct-only,nvbench2:test:583,rect,18,10,17,0,1,0.0,0.0,0.0
direct-only,nvbench2:test:583,rect,18,30,17,0,1,0.0,0.0,0.0
direct-only,nvbench2:test:583,rect,18,60,17,0,1,0.0,0.0,0.0
direct-only,nvbench2:test:583,rect,18,100,17,0,1,0.0,0.0,0.0
direct-only,nvbench2:test:589,arc,17,10,5,0,1,1.0,0.0,1.0
direct-only,nvbench2:test:589,arc,17,30,5,0,1,1.0,0.0,1.0
direct-only,nvbench2:test:589,arc,17,60,5,0,1,1.0,0.0,1.0
direct-only,nvbench2:test:589,arc,17,100,5,0,1,1.0,0.0,1.0
direct-only,nvbench2:test:609,point,19,10,17,0,1,0.0,0.0,0.0
direct-only,nvbench2:test:609,point,19,30,17,0,1,0.0,0.0,0.0
direct-only,nvbench2:test:609,point,19,60,17,0,1,0.0,0.0,0.0
direct-only,nvbench2:test:609,point,19,100,17,0,1,0.0,0.0,0.0
direct-only,nvbench2:test:610,bar,14,10,12,0,1,0.0,0.0,0.0
direct-only,nvbench2:test:610,bar,14,30,12,0,1,0.0,0.0,0.0
direct-only,nvbench2:test:610,bar,14,60,12,0,1,0.0,0.0,0.0
direct-only,nvbench2:test:610,bar,14,100,12,0,1,0.0,0.0,0.0
direct-only,nvbench2:test:611,bar+line,17,10,12,1,1.0833333333333333,0.0,0.0,0.0
direct-only,nvbench2:test:611,bar+line,17,30,12,1,1.0833333333333333,0.0,0.0,0.0
direct-only,nvbench2:test:611,bar+line,17,60,12,1,1.0833333333333333,0.0,0.0,0.0
direct-only,nvbench2:test:611,bar+line,17,100,12,1,1.0833333333333333,0.0,0.0,0.0
direct-only,nvbench2:test:62,arc,15,10,4,0,1,0.0,0.0,0.0
direct-only,nvbench2:test:62,arc,15,30,4,0,1,0.0,0.0,0.0
direct-only,nvbench2:test:62,arc,15,60,4,0,1,0.0,0.0,0.0
direct-only,nvbench2:test:62,arc,15,100,4,0,1,0.0,0.0,0.0
direct-only,nvbench2:test:622,line,12,10,8,0,1,0.0,0.0,0.0
direct-only,nvbench2:test:622,line,12,30,8,0,1,0.0,0.0,0.0
direct-only,nvbench2:test:622,line,12,60,8,0,1,0.0,0.0,0.0
direct-only,nvbench2:test:622,line,12,100,8,0,1,0.0,0.0,0.0
direct-only,nvbench2:test:623,arc,15,10,9,0,1,0.0,0.0,0.0
direct-only,nvbench2:test:623,arc,15,30,9,0,1,0.0,0.0,0.0
direct-only,nvbench2:test:623,arc,15,60,9,0,1,0.0,0.0,0.0
direct-only,nvbench2:test:623,arc,15,100,9,0,1,0.0,0.0,0.0
direct-only,nvbench2:test:634,boxplot,17,10,5,0,1,0.0,0.0,0.0
direct-only,nvbench2:test:634,boxplot,17,30,5,0,1,0.0,0.0,0.0
direct-only,nvbench2:test:634,boxplot,17,60,5,0,1,0.0,0.0,0.0
direct-only,nvbench2:test:634,boxplot,17,100,5,0,1,0.0,0.0,0.0
direct-only,nvbench2:test:636,arc,16,10,6,0,1,0.0,0.0,0.0
direct-only,nvbench2:test:636,arc,16,30,6,0,1,0.0,0.0,0.0
direct-only,nvbench2:test:636,arc,16,60,6,0,1,0.0,0.0,0.0
direct-only,nvbench2:test:636,arc,16,100,6,0,1,0.0,0.0,0.0
direct-only,nvbench2:test:637,line,14,10,0,0,0.0,0.0,0.0,0.0
direct-only,nvbench2:test:637,line,14,30,0,0,0.0,0.0,0.0,0.0
direct-only,nvbench2:test:637,line,14,60,0,0,0.0,0.0,0.0,0.0
direct-only,nvbench2:test:637,line,14,100,0,0,0.0,0.0,0.0,0.0
direct-only,nvbench2:test:642,boxplot,5,10,2,0,1,0.0,0.0,0.0
direct-only,nvbench2:test:642,boxplot,5,30,2,0,1,0.0,0.0,0.0
direct-only,nvbench2:test:642,boxplot,5,60,2,0,1,0.0,0.0,0.0
direct-only,nvbench2:test:642,boxplot,5,100,2,0,1,0.0,0.0,0.0
direct-only,nvbench2:test:647,bar+line+point,11,10,7,0,1,0.0,0.0,0.0
direct-only,nvbench2:test:647,bar+line+point,11,30,7,0,1,0.0,0.0,0.0
direct-only,nvbench2:test:647,bar+line+point,11,60,7,0,1,0.0,0.0,0.0
direct-only,nvbench2:test:647,bar+line+point,11,100,7,0,1,0.0,0.0,0.0
direct-only,nvbench2:test:649,rect,16,10,9,0,1,0.0,0.0,0.0
direct-only,nvbench2:test:649,rect,16,30,9,0,1,0.0,0.0,0.0
direct-only,nvbench2:test:649,rect,16,60,9,0,1,0.0,0.0,0.0
direct-only,nvbench2:test:649,rect,16,100,9,0,1,0.0,0.0,0.0
direct-only,nvbench2:test:651,point,17,10,5,1,1.2,0.0,0.0,0.0
direct-only,nvbench2:test:651,point,17,30,5,1,1.2,0.0,0.0,0.0
direct-only,nvbench2:test:651,point,17,60,5,1,1.2,0.0,0.0,0.0
direct-only,nvbench2:test:651,point,17,100,5,1,1.2,0.0,0.0,0.0
direct-only,nvbench2:test:658,bar,16,10,10,0,1,0.0,0.0,0.0
direct-only,nvbench2:test:658,bar,16,30,10,0,1,0.0,0.0,0.0
direct-only,nvbench2:test:658,bar,16,60,10,0,1,0.0,0.0,0.0
direct-only,nvbench2:test:658,bar,16,100,10,0,1,0.0,0.0,0.0
direct-only,nvbench2:test:663,point,20,10,10,0,1,0.0,0.0,0.0
direct-only,nvbench2:test:663,point,20,30,10,0,1,0.0,0.0,0.0
direct-only,nvbench2:test:663,point,20,60,10,0,1,0.0,0.0,0.0
direct-only,nvbench2:test:663,point,20,100,10,0,1,0.0,0.0,0.0
direct-only,nvbench2:test:665,point,15,10,13,0,1,0.0,0.0,0.0
direct-only,nvbench2:test:665,point,15,30,13,0,1,0.0,0.0,0.0
direct-only,nvbench2:test:665,point,15,60,13,0,1,0.0,0.0,0.0
direct-only,nvbench2:test:665,point,15,100,13,0,1,0.0,0.0,0.0
direct-only,nvbench2:test:666,arc,18,10,7,0,1,0.0,0.0,0.0
direct-only,nvbench2:test:666,arc,18,30,7,0,1,0.0,0.0,0.0
direct-only,nvbench2:test:666,arc,18,60,7,0,1,0.0,0.0,0.0
direct-only,nvbench2:test:666,arc,18,100,7,0,1,0.0,0.0,0.0
direct-only,nvbench2:test:676,line,17,10,8,0,1,1.0,0.0,1.0
direct-only,nvbench2:test:676,line,17,30,8,0,1,1.0,0.0,1.0
direct-only,nvbench2:test:676,line,17,60,8,0,1,1.0,0.0,1.0
direct-only,nvbench2:test:676,line,17,100,8,0,1,1.0,0.0,1.0
direct-only,nvbench2:test:677,arc,11,10,2,0,1,0.0,0.0,0.0
direct-only,nvbench2:test:677,arc,11,30,2,0,1,0.0,0.0,0.0
direct-only,nvbench2:test:677,arc,11,60,2,0,1,0.0,0.0,0.0
direct-only,nvbench2:test:677,arc,11,100,2,0,1,0.0,0.0,0.0
direct-only,nvbench2:test:685,point,10,10,2,0,1,0.0,0.0,0.0
direct-only,nvbench2:test:685,point,10,30,2,0,1,0.0,0.0,0.0
direct-only,nvbench2:test:685,point,10,60,2,0,1,0.0,0.0,0.0
direct-only,nvbench2:test:685,point,10,100,2,0,1,0.0,0.0,0.0
direct-only,nvbench2:test:687,boxplot,7,10,2,0,1,0.0,0.0,0.0
direct-only,nvbench2:test:687,boxplot,7,30,2,0,1,0.0,0.0,0.0
direct-only,nvbench2:test:687,boxplot,7,60,2,0,1,0.0,0.0,0.0
direct-only,nvbench2:test:687,boxplot,7,100,2,0,1,0.0,0.0,0.0
direct-only,nvbench2:test:688,boxplot,20,10,11,0,1,0.0,0.0,0.0
direct-only,nvbench2:test:688,boxplot,20,30,11,0,1,0.0,0.0,0.0
direct-only,nvbench2:test:688,boxplot,20,60,11,0,1,0.0,0.0,0.0
direct-only,nvbench2:test:688,boxplot,20,100,11,0,1,0.0,0.0,0.0
direct-only,nvbench2:test:695,point,15,10,9,0,1,0.0,0.0,0.0
direct-only,nvbench2:test:695,point,15,30,9,0,1,0.0,0.0,0.0
direct-only,nvbench2:test:695,point,15,60,9,0,1,0.0,0.0,0.0
direct-only,nvbench2:test:695,point,15,100,9,0,1,0.0,0.0,0.0
direct-only,nvbench2:test:7,bar,15,10,15,0,1,1.0,0.0,0.0
direct-only,nvbench2:test:7,bar,15,30,15,0,1,1.0,0.0,0.0
direct-only,nvbench2:test:7,bar,15,60,15,0,1,1.0,0.0,0.0
direct-only,nvbench2:test:7,bar,15,100,15,0,1,1.0,0.0,0.0
direct-only,nvbench2:test:70,bar,16,10,6,0,1,0.0,0.0,0.0
direct-only,nvbench2:test:70,bar,16,30,6,0,1,0.0,0.0,0.0
direct-only,nvbench2:test:70,bar,16,60,6,0,1,0.0,0.0,0.0
direct-only,nvbench2:test:70,bar,16,100,6,0,1,0.0,0.0,0.0
direct-only,nvbench2:test:703,arc,14,10,2,0,1,0.0,0.0,0.0
direct-only,nvbench2:test:703,arc,14,30,2,0,1,0.0,0.0,0.0
direct-only,nvbench2:test:703,arc,14,60,2,0,1,0.0,0.0,0.0
direct-only,nvbench2:test:703,arc,14,100,2,0,1,0.0,0.0,0.0
direct-only,nvbench2:test:705,arc,16,10,9,0,1,0.0,0.0,0.0
direct-only,nvbench2:test:705,arc,16,30,9,0,1,0.0,0.0,0.0
direct-only,nvbench2:test:705,arc,16,60,9,0,1,0.0,0.0,0.0
direct-only,nvbench2:test:705,arc,16,100,9,0,1,0.0,0.0,0.0
direct-only,nvbench2:test:707,arc,17,10,12,0,1,1.0,0.0,0.0
direct-only,nvbench2:test:707,arc,17,30,12,0,1,1.0,0.0,0.0
direct-only,nvbench2:test:707,arc,17,60,12,0,1,1.0,0.0,0.0
direct-only,nvbench2:test:707,arc,17,100,12,0,1,1.0,0.0,0.0
direct-only,nvbench2:test:711,boxplot,20,10,19,0,1,0.0,0.0,0.0
direct-only,nvbench2:test:711,boxplot,20,30,19,0,1,0.0,0.0,0.0
direct-only,nvbench2:test:711,boxplot,20,60,19,0,1,0.0,0.0,0.0
direct-only,nvbench2:test:711,boxplot,20,100,19,0,1,0.0,0.0,0.0
direct-only,nvbench2:test:727,bar,15,10,13,2,1.1538461538461537,0.0,0.0,0.0
direct-only,nvbench2:test:727,bar,15,30,13,2,1.1538461538461537,0.0,0.0,0.0
direct-only,nvbench2:test:727,bar,15,60,13,2,1.1538461538461537,0.0,0.0,0.0
direct-only,nvbench2:test:727,bar,15,100,13,2,1.1538461538461537,0.0,0.0,0.0
direct-only,nvbench2:test:730,arc,15,10,3,0,1,0.0,0.0,0.0
direct-only,nvbench2:test:730,arc,15,30,3,0,1,0.0,0.0,0.0
direct-only,nvbench2:test:730,arc,15,60,3,0,1,0.0,0.0,0.0
direct-only,nvbench2:test:730,arc,15,100,3,0,1,0.0,0.0,0.0
direct-only,nvbench2:test:731,bar,16,10,3,0,1,0.0,0.0,0.0
direct-only,nvbench2:test:731,bar,16,30,3,0,1,0.0,0.0,0.0
direct-only,nvbench2:test:731,bar,16,60,3,0,1,0.0,0.0,0.0
direct-only,nvbench2:test:731,bar,16,100,3,0,1,0.0,0.0,0.0
direct-only,nvbench2:test:732,boxplot,9,10,4,0,1,0.0,0.0,0.0
direct-only,nvbench2:test:732,boxplot,9,30,4,0,1,0.0,0.0,0.0
direct-only,nvbench2:test:732,boxplot,9,60,4,0,1,0.0,0.0,0.0
direct-only,nvbench2:test:732,boxplot,9,100,4,0,1,0.0,0.0,0.0
direct-only,nvbench2:test:736,bar,11,10,5,0,1,0.0,0.0,0.0
direct-only,nvbench2:test:736,bar,11,30,5,0,1,0.0,0.0,0.0
direct-only,nvbench2:test:736,bar,11,60,5,0,1,0.0,0.0,0.0
direct-only,nvbench2:test:736,bar,11,100,5,0,1,0.0,0.0,0.0
direct-only,nvbench2:test:737,arc,9,10,0,0,0.0,0.0,0.0,0.0
direct-only,nvbench2:test:737,arc,9,30,0,0,0.0,0.0,0.0,0.0
direct-only,nvbench2:test:737,arc,9,60,0,0,0.0,0.0,0.0,0.0
direct-only,nvbench2:test:737,arc,9,100,0,0,0.0,0.0,0.0,0.0
direct-only,nvbench2:test:741,boxplot,10,10,2,0,1,0.0,0.0,0.0
direct-only,nvbench2:test:741,boxplot,10,30,2,0,1,0.0,0.0,0.0
direct-only,nvbench2:test:741,boxplot,10,60,2,0,1,0.0,0.0,0.0
direct-only,nvbench2:test:741,boxplot,10,100,2,0,1,0.0,0.0,0.0
direct-only,nvbench2:test:745,boxplot,15,10,3,0,1,0.0,0.0,0.0
direct-only,nvbench2:test:745,boxplot,15,30,3,0,1,0.0,0.0,0.0
direct-only,nvbench2:test:745,boxplot,15,60,3,0,1,0.0,0.0,0.0
direct-only,nvbench2:test:745,boxplot,15,100,3,0,1,0.0,0.0,0.0
direct-only,nvbench2:test:79,boxplot,20,10,20,0,1,0.0,0.0,0.0
direct-only,nvbench2:test:79,boxplot,20,30,20,0,1,0.0,0.0,0.0
direct-only,nvbench2:test:79,boxplot,20,60,20,0,1,0.0,0.0,0.0
direct-only,nvbench2:test:79,boxplot,20,100,20,0,1,0.0,0.0,0.0
direct-only,nvbench2:test:90,arc,14,10,6,0,1,0.0,0.0,0.0
direct-only,nvbench2:test:90,arc,14,30,6,0,1,0.0,0.0,0.0
direct-only,nvbench2:test:90,arc,14,60,6,0,1,0.0,0.0,0.0
direct-only,nvbench2:test:90,arc,14,100,6,0,1,0.0,0.0,0.0
direct-only,nvbench2:test:97,line,15,10,6,0,1,0.0,0.0,0.0
direct-only,nvbench2:test:97,line,15,30,6,0,1,0.0,0.0,0.0
direct-only,nvbench2:test:97,line,15,60,6,0,1,0.0,0.0,0.0
direct-only,nvbench2:test:97,line,15,100,6,0,1,0.0,0.0,0.0
direct-only,nvbench2:test:99,boxplot,9,10,5,0,1,0.0,0.0,0.0
direct-only,nvbench2:test:99,boxplot,9,30,5,0,1,0.0,0.0,0.0
direct-only,nvbench2:test:99,boxplot,9,60,5,0,1,0.0,0.0,0.0
direct-only,nvbench2:test:99,boxplot,9,100,5,0,1,0.0,0.0,0.0
staged-only,nvbench2:test:102,boxplot,4,10,2,0,1,0.0,0.0,0.0
staged-only,nvbench2:test:102,boxplot,4,30,2,0,1,0.0,0.0,0.0
staged-only,nvbench2:test:102,boxplot,4,60,2,0,1,0.0,0.0,0.0
staged-only,nvbench2:test:102,boxplot,4,100,2,0,1,0.0,0.0,0.0
staged-only,nvbench2:test:105,arc,5,10,1,0,1,0.0,0.0,0.0
staged-only,nvbench2:test:105,arc,5,30,1,0,1,0.0,0.0,0.0
staged-only,nvbench2:test:105,arc,5,60,1,0,1,0.0,0.0,0.0
staged-only,nvbench2:test:105,arc,5,100,1,0,1,0.0,0.0,0.0
staged-only,nvbench2:test:11,point,5,10,1,1,3,0.0,0.0,0.0
staged-only,nvbench2:test:11,point,5,30,1,1,3,0.0,0.0,0.0
staged-only,nvbench2:test:11,point,5,60,1,1,3,0.0,0.0,0.0
staged-only,nvbench2:test:11,point,5,100,1,1,3,0.0,0.0,0.0
staged-only,nvbench2:test:111,rect,12,10,0,0,0.0,0.0,0.0,0.0
staged-only,nvbench2:test:111,rect,12,30,0,0,0.0,0.0,0.0,0.0
staged-only,nvbench2:test:111,rect,12,60,0,0,0.0,0.0,0.0,0.0
staged-only,nvbench2:test:111,rect,12,100,0,0,0.0,0.0,0.0,0.0
staged-only,nvbench2:test:112,arc,4,10,1,0,1,0.0,0.0,0.0
staged-only,nvbench2:test:112,arc,4,30,1,0,1,0.0,0.0,0.0
staged-only,nvbench2:test:112,arc,4,60,1,0,1,0.0,0.0,0.0
staged-only,nvbench2:test:112,arc,4,100,1,0,1,0.0,0.0,0.0
staged-only,nvbench2:test:113,line,7,10,1,1,2,1.0,1.0,1.0
staged-only,nvbench2:test:113,line,7,30,1,1,2,1.0,1.0,1.0
staged-only,nvbench2:test:113,line,7,60,1,1,2,1.0,1.0,1.0
staged-only,nvbench2:test:113,line,7,100,1,1,2,1.0,1.0,1.0
staged-only,nvbench2:test:117,bar,3,10,1,0,1,1.0,1.0,1.0
staged-only,nvbench2:test:117,bar,3,30,1,0,1,1.0,1.0,1.0
staged-only,nvbench2:test:117,bar,3,60,1,0,1,1.0,1.0,1.0
staged-only,nvbench2:test:117,bar,3,100,1,0,1,1.0,1.0,1.0
staged-only,nvbench2:test:127,arc,10,10,7,0,1,0.0,0.0,0.0
staged-only,nvbench2:test:127,arc,10,30,7,0,1,0.0,0.0,0.0
staged-only,nvbench2:test:127,arc,10,60,7,0,1,0.0,0.0,0.0
staged-only,nvbench2:test:127,arc,10,100,7,0,1,0.0,0.0,0.0
staged-only,nvbench2:test:131,arc,3,10,1,1,3,1.0,1.0,1.0
staged-only,nvbench2:test:131,arc,3,30,1,1,3,1.0,1.0,1.0
staged-only,nvbench2:test:131,arc,3,60,1,1,3,1.0,1.0,1.0
staged-only,nvbench2:test:131,arc,3,100,1,1,3,1.0,1.0,1.0
staged-only,nvbench2:test:132,bar,5,10,0,0,0.0,0.0,0.0,0.0
staged-only,nvbench2:test:132,bar,5,30,0,0,0.0,0.0,0.0,0.0
staged-only,nvbench2:test:132,bar,5,60,0,0,0.0,0.0,0.0,0.0
staged-only,nvbench2:test:132,bar,5,100,0,0,0.0,0.0,0.0,0.0
staged-only,nvbench2:test:133,bar,8,10,1,0,1,0.0,0.0,0.0
staged-only,nvbench2:test:133,bar,8,30,1,0,1,0.0,0.0,0.0
staged-only,nvbench2:test:133,bar,8,60,1,0,1,0.0,0.0,0.0
staged-only,nvbench2:test:133,bar,8,100,1,0,1,0.0,0.0,0.0
staged-only,nvbench2:test:142,rect,8,10,6,0,1,1.0,0.0,1.0
staged-only,nvbench2:test:142,rect,8,30,6,0,1,1.0,0.0,1.0
staged-only,nvbench2:test:142,rect,8,60,6,0,1,1.0,0.0,1.0
staged-only,nvbench2:test:142,rect,8,100,6,0,1,1.0,0.0,1.0
staged-only,nvbench2:test:144,bar,4,10,0,0,0.0,0.0,0.0,0.0
staged-only,nvbench2:test:144,bar,4,30,0,0,0.0,0.0,0.0,0.0
staged-only,nvbench2:test:144,bar,4,60,0,0,0.0,0.0,0.0,0.0
staged-only,nvbench2:test:144,bar,4,100,0,0,0.0,0.0,0.0,0.0
staged-only,nvbench2:test:150,bar,6,10,5,0,1,1.0,1.0,1.0
staged-only,nvbench2:test:150,bar,6,30,5,0,1,1.0,1.0,1.0
staged-only,nvbench2:test:150,bar,6,60,5,0,1,1.0,1.0,1.0
staged-only,nvbench2:test:150,bar,6,100,5,0,1,1.0,1.0,1.0
staged-only,nvbench2:test:157,line,4,10,1,1,2,1.0,1.0,1.0
staged-only,nvbench2:test:157,line,4,30,1,1,2,1.0,1.0,1.0
staged-only,nvbench2:test:157,line,4,60,1,1,2,1.0,1.0,1.0
staged-only,nvbench2:test:157,line,4,100,1,1,2,1.0,1.0,1.0
staged-only,nvbench2:test:160,arc,10,10,1,0,1,0.0,0.0,0.0
staged-only,nvbench2:test:160,arc,10,30,1,0,1,0.0,0.0,0.0
staged-only,nvbench2:test:160,arc,10,60,1,0,1,0.0,0.0,0.0
staged-only,nvbench2:test:160,arc,10,100,1,0,1,0.0,0.0,0.0
staged-only,nvbench2:test:162,rect,5,10,2,0,1,0.0,0.0,0.0
staged-only,nvbench2:test:162,rect,5,30,2,0,1,0.0,0.0,0.0
staged-only,nvbench2:test:162,rect,5,60,2,0,1,0.0,0.0,0.0
staged-only,nvbench2:test:162,rect,5,100,2,0,1,0.0,0.0,0.0
staged-only,nvbench2:test:163,line,8,10,2,0,1,0.0,0.0,0.0
staged-only,nvbench2:test:163,line,8,30,2,0,1,0.0,0.0,0.0
staged-only,nvbench2:test:163,line,8,60,2,0,1,0.0,0.0,0.0
staged-only,nvbench2:test:163,line,8,100,2,0,1,0.0,0.0,0.0
staged-only,nvbench2:test:168,bar,3,10,0,0,0.0,0.0,0.0,0.0
staged-only,nvbench2:test:168,bar,3,30,0,0,0.0,0.0,0.0,0.0
staged-only,nvbench2:test:168,bar,3,60,0,0,0.0,0.0,0.0,0.0
staged-only,nvbench2:test:168,bar,3,100,0,0,0.0,0.0,0.0,0.0
staged-only,nvbench2:test:170,rect,6,10,1,0,1,0.0,0.0,0.0
staged-only,nvbench2:test:170,rect,6,30,1,0,1,0.0,0.0,0.0
staged-only,nvbench2:test:170,rect,6,60,1,0,1,0.0,0.0,0.0
staged-only,nvbench2:test:170,rect,6,100,1,0,1,0.0,0.0,0.0
staged-only,nvbench2:test:173,point,5,10,2,0,1,1.0,0.0,1.0
staged-only,nvbench2:test:173,point,5,30,2,0,1,1.0,0.0,1.0
staged-only,nvbench2:test:173,point,5,60,2,0,1,1.0,0.0,1.0
staged-only,nvbench2:test:173,point,5,100,2,0,1,1.0,0.0,1.0
staged-only,nvbench2:test:174,boxplot,7,10,1,1,2,0.0,0.0,0.0
staged-only,nvbench2:test:174,boxplot,7,30,1,1,2,0.0,0.0,0.0
staged-only,nvbench2:test:174,boxplot,7,60,1,1,2,0.0,0.0,0.0
staged-only,nvbench2:test:174,boxplot,7,100,1,1,2,0.0,0.0,0.0
staged-only,nvbench2:test:178,arc,5,10,1,0,1,1.0,1.0,1.0
staged-only,nvbench2:test:178,arc,5,30,1,0,1,1.0,1.0,1.0
staged-only,nvbench2:test:178,arc,5,60,1,0,1,1.0,1.0,1.0
staged-only,nvbench2:test:178,arc,5,100,1,0,1,1.0,1.0,1.0
staged-only,nvbench2:test:18,rect,6,10,0,0,0.0,0.0,0.0,0.0
staged-only,nvbench2:test:18,rect,6,30,0,0,0.0,0.0,0.0,0.0
staged-only,nvbench2:test:18,rect,6,60,0,0,0.0,0.0,0.0,0.0
staged-only,nvbench2:test:18,rect,6,100,0,0,0.0,0.0,0.0,0.0
staged-only,nvbench2:test:183,bar,5,10,2,1,1.5,1.0,1.0,1.0
staged-only,nvbench2:test:183,bar,5,30,2,1,1.5,1.0,1.0,1.0
staged-only,nvbench2:test:183,bar,5,60,2,1,1.5,1.0,1.0,1.0
staged-only,nvbench2:test:183,bar,5,100,2,1,1.5,1.0,1.0,1.0
staged-only,nvbench2:test:192,point,5,10,1,0,1,0.0,0.0,0.0
staged-only,nvbench2:test:192,point,5,30,1,0,1,0.0,0.0,0.0
staged-only,nvbench2:test:192,point,5,60,1,0,1,0.0,0.0,0.0
staged-only,nvbench2:test:192,point,5,100,1,0,1,0.0,0.0,0.0
staged-only,nvbench2:test:194,boxplot,8,10,5,0,1,0.0,0.0,0.0
staged-only,nvbench2:test:194,boxplot,8,30,5,0,1,0.0,0.0,0.0
staged-only,nvbench2:test:194,boxplot,8,60,5,0,1,0.0,0.0,0.0
staged-only,nvbench2:test:194,boxplot,8,100,5,0,1,0.0,0.0,0.0
staged-only,nvbench2:test:20,arc,5,10,2,0,1,0.0,0.0,0.0
staged-only,nvbench2:test:20,arc,5,30,2,0,1,0.0,0.0,0.0
staged-only,nvbench2:test:20,arc,5,60,2,0,1,0.0,0.0,0.0
staged-only,nvbench2:test:20,arc,5,100,2,0,1,0.0,0.0,0.0
staged-only,nvbench2:test:201,bar,10,10,3,1,1.3333333333333333,0.0,0.0,0.0
staged-only,nvbench2:test:201,bar,10,30,3,1,1.3333333333333333,0.0,0.0,0.0
staged-only,nvbench2:test:201,bar,10,60,3,1,1.3333333333333333,0.0,0.0,0.0
staged-only,nvbench2:test:201,bar,10,100,3,1,1.3333333333333333,0.0,0.0,0.0
staged-only,nvbench2:test:223,boxplot,4,10,1,0,1,0.0,0.0,0.0
staged-only,nvbench2:test:223,boxplot,4,30,1,0,1,0.0,0.0,0.0
staged-only,nvbench2:test:223,boxplot,4,60,1,0,1,0.0,0.0,0.0
staged-only,nvbench2:test:223,boxplot,4,100,1,0,1,0.0,0.0,0.0
staged-only,nvbench2:test:227,line,3,10,0,0,0.0,0.0,0.0,0.0
staged-only,nvbench2:test:227,line,3,30,0,0,0.0,0.0,0.0,0.0
staged-only,nvbench2:test:227,line,3,60,0,0,0.0,0.0,0.0,0.0
staged-only,nvbench2:test:227,line,3,100,0,0,0.0,0.0,0.0,0.0
staged-only,nvbench2:test:236,boxplot,9,10,2,0,1,0.0,0.0,0.0
staged-only,nvbench2:test:236,boxplot,9,30,2,0,1,0.0,0.0,0.0
staged-only,nvbench2:test:236,boxplot,9,60,2,0,1,0.0,0.0,0.0
staged-only,nvbench2:test:236,boxplot,9,100,2,0,1,0.0,0.0,0.0
staged-only,nvbench2:test:238,line,3,10,2,1,1.5,1.0,1.0,1.0
staged-only,nvbench2:test:238,line,3,30,2,1,1.5,1.0,1.0,1.0
staged-only,nvbench2:test:238,line,3,60,2,1,1.5,1.0,1.0,1.0
staged-only,nvbench2:test:238,line,3,100,2,1,1.5,1.0,1.0,1.0
staged-only,nvbench2:test:25,boxplot,7,10,1,1,2,0.0,0.0,0.0
staged-only,nvbench2:test:25,boxplot,7,30,1,1,2,0.0,0.0,0.0
staged-only,nvbench2:test:25,boxplot,7,60,1,1,2,0.0,0.0,0.0
staged-only,nvbench2:test:25,boxplot,7,100,1,1,2,0.0,0.0,0.0
staged-only,nvbench2:test:252,arc,8,10,6,0,1,0.0,0.0,0.0
staged-only,nvbench2:test:252,arc,8,30,6,0,1,0.0,0.0,0.0
staged-only,nvbench2:test:252,arc,8,60,6,0,1,0.0,0.0,0.0
staged-only,nvbench2:test:252,arc,8,100,6,0,1,0.0,0.0,0.0
staged-only,nvbench2:test:254,point,6,10,2,0,1,0.0,0.0,0.0
staged-only,nvbench2:test:254,point,6,30,2,0,1,0.0,0.0,0.0
staged-only,nvbench2:test:254,point,6,60,2,0,1,0.0,0.0,0.0
staged-only,nvbench2:test:254,point,6,100,2,0,1,0.0,0.0,0.0
staged-only,nvbench2:test:26,boxplot,8,10,3,0,1,0.0,0.0,0.0
staged-only,nvbench2:test:26,boxplot,8,30,3,0,1,0.0,0.0,0.0
staged-only,nvbench2:test:26,boxplot,8,60,3,0,1,0.0,0.0,0.0
staged-only,nvbench2:test:26,boxplot,8,100,3,0,1,0.0,0.0,0.0
staged-only,nvbench2:test:263,boxplot,8,10,6,0,1,0.0,0.0,0.0
staged-only,nvbench2:test:263,boxplot,8,30,6,0,1,0.0,0.0,0.0
staged-only,nvbench2:test:263,boxplot,8,60,6,0,1,0.0,0.0,0.0
staged-only,nvbench2:test:263,boxplot,8,100,6,0,1,0.0,0.0,0.0
staged-only,nvbench2:test:268,rect,5,10,3,0,1,0.0,0.0,0.0
staged-only,nvbench2:test:268,rect,5,30,3,0,1,0.0,0.0,0.0
staged-only,nvbench2:test:268,rect,5,60,3,0,1,0.0,0.0,0.0
staged-only,nvbench2:test:268,rect,5,100,3,0,1,0.0,0.0,0.0
staged-only,nvbench2:test:287,point,11,10,10,1,1.1,0.0,0.0,0.0
staged-only,nvbench2:test:287,point,11,30,10,1,1.1,0.0,0.0,0.0
staged-only,nvbench2:test:287,point,11,60,10,1,1.1,0.0,0.0,0.0
staged-only,nvbench2:test:287,point,11,100,10,1,1.1,0.0,0.0,0.0
staged-only,nvbench2:test:296,bar+line+rect,5,10,2,0,1,0.0,0.0,0.0
staged-only,nvbench2:test:296,bar+line+rect,5,30,2,0,1,0.0,0.0,0.0
staged-only,nvbench2:test:296,bar+line+rect,5,60,2,0,1,0.0,0.0,0.0
staged-only,nvbench2:test:296,bar+line+rect,5,100,2,0,1,0.0,0.0,0.0
staged-only,nvbench2:test:297,bar,4,10,1,0,1,0.0,0.0,0.0
staged-only,nvbench2:test:297,bar,4,30,1,0,1,0.0,0.0,0.0
staged-only,nvbench2:test:297,bar,4,60,1,0,1,0.0,0.0,0.0
staged-only,nvbench2:test:297,bar,4,100,1,0,1,0.0,0.0,0.0
staged-only,nvbench2:test:298,line,4,10,2,0,1,0.0,0.0,0.0
staged-only,nvbench2:test:298,line,4,30,2,0,1,0.0,0.0,0.0
staged-only,nvbench2:test:298,line,4,60,2,0,1,0.0,0.0,0.0
staged-only,nvbench2:test:298,line,4,100,2,0,1,0.0,0.0,0.0
staged-only,nvbench2:test:303,boxplot,6,10,5,0,1,1.0,1.0,1.0
staged-only,nvbench2:test:303,boxplot,6,30,5,0,1,1.0,1.0,1.0
staged-only,nvbench2:test:303,boxplot,6,60,5,0,1,1.0,1.0,1.0
staged-only,nvbench2:test:303,boxplot,6,100,5,0,1,1.0,1.0,1.0
staged-only,nvbench2:test:31,rect,7,10,3,1,1.3333333333333333,0.0,0.0,0.0
staged-only,nvbench2:test:31,rect,7,30,3,1,1.3333333333333333,0.0,0.0,0.0
staged-only,nvbench2:test:31,rect,7,60,3,1,1.3333333333333333,0.0,0.0,0.0
staged-only,nvbench2:test:31,rect,7,100,3,1,1.3333333333333333,0.0,0.0,0.0
staged-only,nvbench2:test:317,arc,6,10,0,0,0.0,0.0,0.0,0.0
staged-only,nvbench2:test:317,arc,6,30,0,0,0.0,0.0,0.0,0.0
staged-only,nvbench2:test:317,arc,6,60,0,0,0.0,0.0,0.0,0.0
staged-only,nvbench2:test:317,arc,6,100,0,0,0.0,0.0,0.0,0.0
staged-only,nvbench2:test:319,point,4,10,2,0,1,0.0,0.0,0.0
staged-only,nvbench2:test:319,point,4,30,2,0,1,0.0,0.0,0.0
staged-only,nvbench2:test:319,point,4,60,2,0,1,0.0,0.0,0.0
staged-only,nvbench2:test:319,point,4,100,2,0,1,0.0,0.0,0.0
staged-only,nvbench2:test:320,rect,5,10,1,0,1,0.0,0.0,0.0
staged-only,nvbench2:test:320,rect,5,30,1,0,1,0.0,0.0,0.0
staged-only,nvbench2:test:320,rect,5,60,1,0,1,0.0,0.0,0.0
staged-only,nvbench2:test:320,rect,5,100,1,0,1,0.0,0.0,0.0
staged-only,nvbench2:test:325,rect,4,10,1,0,1,0.0,0.0,0.0
staged-only,nvbench2:test:325,rect,4,30,1,0,1,0.0,0.0,0.0
staged-only,nvbench2:test:325,rect,4,60,1,0,1,0.0,0.0,0.0
staged-only,nvbench2:test:325,rect,4,100,1,0,1,0.0,0.0,0.0
staged-only,nvbench2:test:332,rect,9,10,0,0,0.0,0.0,0.0,0.0
staged-only,nvbench2:test:332,rect,9,30,0,0,0.0,0.0,0.0,0.0
staged-only,nvbench2:test:332,rect,9,60,0,0,0.0,0.0,0.0,0.0
staged-only,nvbench2:test:332,rect,9,100,0,0,0.0,0.0,0.0,0.0
staged-only,nvbench2:test:335,arc,5,10,0,0,0.0,0.0,0.0,0.0
staged-only,nvbench2:test:335,arc,5,30,0,0,0.0,0.0,0.0,0.0
staged-only,nvbench2:test:335,arc,5,60,0,0,0.0,0.0,0.0,0.0
staged-only,nvbench2:test:335,arc,5,100,0,0,0.0,0.0,0.0,0.0
staged-only,nvbench2:test:341,rect,7,10,4,0,1,0.0,0.0,0.0
staged-only,nvbench2:test:341,rect,7,30,4,0,1,0.0,0.0,0.0
staged-only,nvbench2:test:341,rect,7,60,4,0,1,0.0,0.0,0.0
staged-only,nvbench2:test:341,rect,7,100,4,0,1,0.0,0.0,0.0
staged-only,nvbench2:test:344,rect,11,10,8,0,1,0.0,0.0,0.0
staged-only,nvbench2:test:344,rect,11,30,8,0,1,0.0,0.0,0.0
staged-only,nvbench2:test:344,rect,11,60,8,0,1,0.0,0.0,0.0
staged-only,nvbench2:test:344,rect,11,100,8,0,1,0.0,0.0,0.0
staged-only,nvbench2:test:349,arc,7,10,3,0,1,0.0,0.0,0.0
staged-only,nvbench2:test:349,arc,7,30,3,0,1,0.0,0.0,0.0
staged-only,nvbench2:test:349,arc,7,60,3,0,1,0.0,0.0,0.0
staged-only,nvbench2:test:349,arc,7,100,3,0,1,0.0,0.0,0.0
staged-only,nvbench2:test:35,bar+line,3,10,3,1,1.3333333333333333,0.0,0.0,0.0
staged-only,nvbench2:test:35,bar+line,3,30,3,1,1.3333333333333333,0.0,0.0,0.0
staged-only,nvbench2:test:35,bar+line,3,60,3,1,1.3333333333333333,0.0,0.0,0.0
staged-only,nvbench2:test:35,bar+line,3,100,3,1,1.3333333333333333,0.0,0.0,0.0
staged-only,nvbench2:test:351,boxplot,6,10,5,0,1,0.0,0.0,0.0
staged-only,nvbench2:test:351,boxplot,6,30,5,0,1,0.0,0.0,0.0
staged-only,nvbench2:test:351,boxplot,6,60,5,0,1,0.0,0.0,0.0
staged-only,nvbench2:test:351,boxplot,6,100,5,0,1,0.0,0.0,0.0
staged-only,nvbench2:test:355,rect,5,10,0,0,0.0,0.0,0.0,0.0
staged-only,nvbench2:test:355,rect,5,30,0,0,0.0,0.0,0.0,0.0
staged-only,nvbench2:test:355,rect,5,60,0,0,0.0,0.0,0.0,0.0
staged-only,nvbench2:test:355,rect,5,100,0,0,0.0,0.0,0.0,0.0
staged-only,nvbench2:test:365,point,5,10,1,0,1,0.0,0.0,0.0
staged-only,nvbench2:test:365,point,5,30,1,0,1,0.0,0.0,0.0
staged-only,nvbench2:test:365,point,5,60,1,0,1,0.0,0.0,0.0
staged-only,nvbench2:test:365,point,5,100,1,0,1,0.0,0.0,0.0
staged-only,nvbench2:test:366,boxplot,4,10,1,1,3,1.0,1.0,1.0
staged-only,nvbench2:test:366,boxplot,4,30,1,1,3,1.0,1.0,1.0
staged-only,nvbench2:test:366,boxplot,4,60,1,1,3,1.0,1.0,1.0
staged-only,nvbench2:test:366,boxplot,4,100,1,1,3,1.0,1.0,1.0
staged-only,nvbench2:test:37,arc,5,10,3,0,1,0.0,0.0,0.0
staged-only,nvbench2:test:37,arc,5,30,3,0,1,0.0,0.0,0.0
staged-only,nvbench2:test:37,arc,5,60,3,0,1,0.0,0.0,0.0
staged-only,nvbench2:test:37,arc,5,100,3,0,1,0.0,0.0,0.0
staged-only,nvbench2:test:376,rect,5,10,1,0,1,0.0,0.0,0.0
staged-only,nvbench2:test:376,rect,5,30,1,0,1,0.0,0.0,0.0
staged-only,nvbench2:test:376,rect,5,60,1,0,1,0.0,0.0,0.0
staged-only,nvbench2:test:376,rect,5,100,1,0,1,0.0,0.0,0.0
staged-only,nvbench2:test:377,rect,5,10,2,0,1,0.0,0.0,0.0
staged-only,nvbench2:test:377,rect,5,30,2,0,1,0.0,0.0,0.0
staged-only,nvbench2:test:377,rect,5,60,2,0,1,0.0,0.0,0.0
staged-only,nvbench2:test:377,rect,5,100,2,0,1,0.0,0.0,0.0
staged-only,nvbench2:test:384,arc,7,10,2,0,1,0.0,0.0,0.0
staged-only,nvbench2:test:384,arc,7,30,2,0,1,0.0,0.0,0.0
staged-only,nvbench2:test:384,arc,7,60,2,0,1,0.0,0.0,0.0
staged-only,nvbench2:test:384,arc,7,100,2,0,1,0.0,0.0,0.0
staged-only,nvbench2:test:385,arc,4,10,1,1,2,1.0,1.0,1.0
staged-only,nvbench2:test:385,arc,4,30,1,1,2,1.0,1.0,1.0
staged-only,nvbench2:test:385,arc,4,60,1,1,2,1.0,1.0,1.0
staged-only,nvbench2:test:385,arc,4,100,1,1,2,1.0,1.0,1.0
staged-only,nvbench2:test:388,bar+line+rect,6,10,5,0,1,0.0,0.0,0.0
staged-only,nvbench2:test:388,bar+line+rect,6,30,5,0,1,0.0,0.0,0.0
staged-only,nvbench2:test:388,bar+line+rect,6,60,5,0,1,0.0,0.0,0.0
staged-only,nvbench2:test:388,bar+line+rect,6,100,5,0,1,0.0,0.0,0.0
staged-only,nvbench2:test:39,bar,5,10,2,0,1,0.0,0.0,0.0
staged-only,nvbench2:test:39,bar,5,30,2,0,1,0.0,0.0,0.0
staged-only,nvbench2:test:39,bar,5,60,2,0,1,0.0,0.0,0.0
staged-only,nvbench2:test:39,bar,5,100,2,0,1,0.0,0.0,0.0
staged-only,nvbench2:test:392,rect,9,10,5,1,1.2,1.0,0.0,1.0
staged-only,nvbench2:test:392,rect,9,30,5,1,1.2,1.0,0.0,1.0
staged-only,nvbench2:test:392,rect,9,60,5,1,1.2,1.0,0.0,1.0
staged-only,nvbench2:test:392,rect,9,100,5,1,1.2,1.0,0.0,1.0
staged-only,nvbench2:test:395,rect,10,10,1,0,1,0.0,0.0,0.0
staged-only,nvbench2:test:395,rect,10,30,1,0,1,0.0,0.0,0.0
staged-only,nvbench2:test:395,rect,10,60,1,0,1,0.0,0.0,0.0
staged-only,nvbench2:test:395,rect,10,100,1,0,1,0.0,0.0,0.0
staged-only,nvbench2:test:406,bar,5,10,0,0,0.0,0.0,0.0,0.0
staged-only,nvbench2:test:406,bar,5,30,0,0,0.0,0.0,0.0,0.0
staged-only,nvbench2:test:406,bar,5,60,0,0,0.0,0.0,0.0,0.0
staged-only,nvbench2:test:406,bar,5,100,0,0,0.0,0.0,0.0,0.0
staged-only,nvbench2:test:426,arc,8,10,1,0,1,0.0,0.0,0.0
staged-only,nvbench2:test:426,arc,8,30,1,0,1,0.0,0.0,0.0
staged-only,nvbench2:test:426,arc,8,60,1,0,1,0.0,0.0,0.0
staged-only,nvbench2:test:426,arc,8,100,1,0,1,0.0,0.0,0.0
staged-only,nvbench2:test:430,bar,5,10,1,0,1,0.0,0.0,0.0
staged-only,nvbench2:test:430,bar,5,30,1,0,1,0.0,0.0,0.0
staged-only,nvbench2:test:430,bar,5,60,1,0,1,0.0,0.0,0.0
staged-only,nvbench2:test:430,bar,5,100,1,0,1,0.0,0.0,0.0
staged-only,nvbench2:test:432,bar+line+rect,4,10,0,0,0.0,0.0,0.0,0.0
staged-only,nvbench2:test:432,bar+line+rect,4,30,0,0,0.0,0.0,0.0,0.0
staged-only,nvbench2:test:432,bar+line+rect,4,60,0,0,0.0,0.0,0.0,0.0
staged-only,nvbench2:test:432,bar+line+rect,4,100,0,0,0.0,0.0,0.0,0.0
staged-only,nvbench2:test:434,arc,5,10,1,1,2,1.0,1.0,1.0
staged-only,nvbench2:test:434,arc,5,30,1,1,2,1.0,1.0,1.0
staged-only,nvbench2:test:434,arc,5,60,1,1,2,1.0,1.0,1.0
staged-only,nvbench2:test:434,arc,5,100,1,1,2,1.0,1.0,1.0
staged-only,nvbench2:test:435,rect,8,10,5,0,1,1.0,1.0,1.0
staged-only,nvbench2:test:435,rect,8,30,5,0,1,1.0,1.0,1.0
staged-only,nvbench2:test:435,rect,8,60,5,0,1,1.0,1.0,1.0
staged-only,nvbench2:test:435,rect,8,100,5,0,1,1.0,1.0,1.0
staged-only,nvbench2:test:443,arc,8,10,2,0,1,0.0,0.0,0.0
staged-only,nvbench2:test:443,arc,8,30,2,0,1,0.0,0.0,0.0
staged-only,nvbench2:test:443,arc,8,60,2,0,1,0.0,0.0,0.0
staged-only,nvbench2:test:443,arc,8,100,2,0,1,0.0,0.0,0.0
staged-only,nvbench2:test:446,arc,5,10,1,0,1,0.0,0.0,0.0
staged-only,nvbench2:test:446,arc,5,30,1,0,1,0.0,0.0,0.0
staged-only,nvbench2:test:446,arc,5,60,1,0,1,0.0,0.0,0.0
staged-only,nvbench2:test:446,arc,5,100,1,0,1,0.0,0.0,0.0
staged-only,nvbench2:test:454,arc,6,10,2,0,1,0.0,0.0,0.0
staged-only,nvbench2:test:454,arc,6,30,2,0,1,0.0,0.0,0.0
staged-only,nvbench2:test:454,arc,6,60,2,0,1,0.0,0.0,0.0
staged-only,nvbench2:test:454,arc,6,100,2,0,1,0.0,0.0,0.0
staged-only,nvbench2:test:461,rect,5,10,2,1,1.5,1.0,1.0,1.0
staged-only,nvbench2:test:461,rect,5,30,2,1,1.5,1.0,1.0,1.0
staged-only,nvbench2:test:461,rect,5,60,2,1,1.5,1.0,1.0,1.0
staged-only,nvbench2:test:461,rect,5,100,2,1,1.5,1.0,1.0,1.0
staged-only,nvbench2:test:466,rect,4,10,2,0,1,0.0,0.0,0.0
staged-only,nvbench2:test:466,rect,4,30,2,0,1,0.0,0.0,0.0
staged-only,nvbench2:test:466,rect,4,60,2,0,1,0.0,0.0,0.0
staged-only,nvbench2:test:466,rect,4,100,2,0,1,0.0,0.0,0.0
staged-only,nvbench2:test:471,line,9,10,5,1,1.2,1.0,1.0,1.0
staged-only,nvbench2:test:471,line,9,30,5,1,1.2,1.0,1.0,1.0
staged-only,nvbench2:test:471,line,9,60,5,1,1.2,1.0,1.0,1.0
staged-only,nvbench2:test:471,line,9,100,5,1,1.2,1.0,1.0,1.0
staged-only,nvbench2:test:479,bar+line,6,10,1,0,1,0.0,0.0,0.0
staged-only,nvbench2:test:479,bar+line,6,30,1,0,1,0.0,0.0,0.0
staged-only,nvbench2:test:479,bar+line,6,60,1,0,1,0.0,0.0,0.0
staged-only,nvbench2:test:479,bar+line,6,100,1,0,1,0.0,0.0,0.0
staged-only,nvbench2:test:483,arc,3,10,1,1,2,1.0,1.0,1.0
staged-only,nvbench2:test:483,arc,3,30,1,1,2,1.0,1.0,1.0
staged-only,nvbench2:test:483,arc,3,60,1,1,2,1.0,1.0,1.0
staged-only,nvbench2:test:483,arc,3,100,1,1,2,1.0,1.0,1.0
staged-only,nvbench2:test:486,rect,9,10,6,0,1,0.0,0.0,0.0
staged-only,nvbench2:test:486,rect,9,30,6,0,1,0.0,0.0,0.0
staged-only,nvbench2:test:486,rect,9,60,6,0,1,0.0,0.0,0.0
staged-only,nvbench2:test:486,rect,9,100,6,0,1,0.0,0.0,0.0
staged-only,nvbench2:test:489,arc,4,10,1,0,1,0.0,0.0,0.0
staged-only,nvbench2:test:489,arc,4,30,1,0,1,0.0,0.0,0.0
staged-only,nvbench2:test:489,arc,4,60,1,0,1,0.0,0.0,0.0
staged-only,nvbench2:test:489,arc,4,100,1,0,1,0.0,0.0,0.0
staged-only,nvbench2:test:492,rect,5,10,4,0,1,1.0,0.0,1.0
staged-only,nvbench2:test:492,rect,5,30,4,0,1,1.0,0.0,1.0
staged-only,nvbench2:test:492,rect,5,60,4,0,1,1.0,0.0,1.0
staged-only,nvbench2:test:492,rect,5,100,4,0,1,1.0,0.0,1.0
staged-only,nvbench2:test:505,bar,4,10,2,0,1,0.0,0.0,0.0
staged-only,nvbench2:test:505,bar,4,30,2,0,1,0.0,0.0,0.0
staged-only,nvbench2:test:505,bar,4,60,2,0,1,0.0,0.0,0.0
staged-only,nvbench2:test:505,bar,4,100,2,0,1,0.0,0.0,0.0
staged-only,nvbench2:test:508,arc,9,10,1,0,1,1.0,1.0,1.0
staged-only,nvbench2:test:508,arc,9,30,1,0,1,1.0,1.0,1.0
staged-only,nvbench2:test:508,arc,9,60,1,0,1,1.0,1.0,1.0
staged-only,nvbench2:test:508,arc,9,100,1,0,1,1.0,1.0,1.0
staged-only,nvbench2:test:519,boxplot,6,10,3,0,1,0.0,0.0,0.0
staged-only,nvbench2:test:519,boxplot,6,30,3,0,1,0.0,0.0,0.0
staged-only,nvbench2:test:519,boxplot,6,60,3,0,1,0.0,0.0,0.0
staged-only,nvbench2:test:519,boxplot,6,100,3,0,1,0.0,0.0,0.0
staged-only,nvbench2:test:524,bar+line+rect,10,10,3,0,1,0.0,0.0,0.0
staged-only,nvbench2:test:524,bar+line+rect,10,30,3,0,1,0.0,0.0,0.0
staged-only,nvbench2:test:524,bar+line+rect,10,60,3,0,1,0.0,0.0,0.0
staged-only,nvbench2:test:524,bar+line+rect,10,100,3,0,1,0.0,0.0,0.0
staged-only,nvbench2:test:526,arc,6,10,0,0,0.0,0.0,0.0,0.0
staged-only,nvbench2:test:526,arc,6,30,0,0,0.0,0.0,0.0,0.0
staged-only,nvbench2:test:526,arc,6,60,0,0,0.0,0.0,0.0,0.0
staged-only,nvbench2:test:526,arc,6,100,0,0,0.0,0.0,0.0,0.0
staged-only,nvbench2:test:531,line,8,10,2,0,1,0.0,0.0,0.0
staged-only,nvbench2:test:531,line,8,30,2,0,1,0.0,0.0,0.0
staged-only,nvbench2:test:531,line,8,60,2,0,1,0.0,0.0,0.0
staged-only,nvbench2:test:531,line,8,100,2,0,1,0.0,0.0,0.0
staged-only,nvbench2:test:532,arc+bar+line,4,10,1,0,1,0.0,0.0,0.0
staged-only,nvbench2:test:532,arc+bar+line,4,30,1,0,1,0.0,0.0,0.0
staged-only,nvbench2:test:532,arc+bar+line,4,60,1,0,1,0.0,0.0,0.0
staged-only,nvbench2:test:532,arc+bar+line,4,100,1,0,1,0.0,0.0,0.0
staged-only,nvbench2:test:535,line,8,10,2,0,1,0.0,0.0,0.0
staged-only,nvbench2:test:535,line,8,30,2,0,1,0.0,0.0,0.0
staged-only,nvbench2:test:535,line,8,60,2,0,1,0.0,0.0,0.0
staged-only,nvbench2:test:535,line,8,100,2,0,1,0.0,0.0,0.0
staged-only,nvbench2:test:545,rect,5,10,2,0,1,1.0,0.0,1.0
staged-only,nvbench2:test:545,rect,5,30,2,0,1,1.0,0.0,1.0
staged-only,nvbench2:test:545,rect,5,60,2,0,1,1.0,0.0,1.0
staged-only,nvbench2:test:545,rect,5,100,2,0,1,1.0,0.0,1.0
staged-only,nvbench2:test:546,arc,8,10,0,0,0.0,0.0,0.0,0.0
staged-only,nvbench2:test:546,arc,8,30,0,0,0.0,0.0,0.0,0.0
staged-only,nvbench2:test:546,arc,8,60,0,0,0.0,0.0,0.0,0.0
staged-only,nvbench2:test:546,arc,8,100,0,0,0.0,0.0,0.0,0.0
staged-only,nvbench2:test:547,rect,2,10,1,1,3,1.0,1.0,1.0
staged-only,nvbench2:test:547,rect,2,30,1,1,3,1.0,1.0,1.0
staged-only,nvbench2:test:547,rect,2,60,1,1,3,1.0,1.0,1.0
staged-only,nvbench2:test:547,rect,2,100,1,1,3,1.0,1.0,1.0
staged-only,nvbench2:test:551,line,5,10,0,0,0.0,0.0,0.0,0.0
staged-only,nvbench2:test:551,line,5,30,0,0,0.0,0.0,0.0,0.0
staged-only,nvbench2:test:551,line,5,60,0,0,0.0,0.0,0.0,0.0
staged-only,nvbench2:test:551,line,5,100,0,0,0.0,0.0,0.0,0.0
staged-only,nvbench2:test:552,arc,8,10,1,0,1,1.0,1.0,1.0
staged-only,nvbench2:test:552,arc,8,30,1,0,1,1.0,1.0,1.0
staged-only,nvbench2:test:552,arc,8,60,1,0,1,1.0,1.0,1.0
staged-only,nvbench2:test:552,arc,8,100,1,0,1,1.0,1.0,1.0
staged-only,nvbench2:test:553,bar,5,10,0,0,0.0,0.0,0.0,0.0
staged-only,nvbench2:test:553,bar,5,30,0,0,0.0,0.0,0.0,0.0
staged-only,nvbench2:test:553,bar,5,60,0,0,0.0,0.0,0.0,0.0
staged-only,nvbench2:test:553,bar,5,100,0,0,0.0,0.0,0.0,0.0
staged-only,nvbench2:test:554,arc,4,10,1,1,2,1.0,1.0,1.0
staged-only,nvbench2:test:554,arc,4,30,1,1,2,1.0,1.0,1.0
staged-only,nvbench2:test:554,arc,4,60,1,1,2,1.0,1.0,1.0
staged-only,nvbench2:test:554,arc,4,100,1,1,2,1.0,1.0,1.0
staged-only,nvbench2:test:556,rect,4,10,2,1,1.5,1.0,1.0,1.0
staged-only,nvbench2:test:556,rect,4,30,2,1,1.5,1.0,1.0,1.0
staged-only,nvbench2:test:556,rect,4,60,2,1,1.5,1.0,1.0,1.0
staged-only,nvbench2:test:556,rect,4,100,2,1,1.5,1.0,1.0,1.0
staged-only,nvbench2:test:558,arc,5,10,1,0,1,0.0,0.0,0.0
staged-only,nvbench2:test:558,arc,5,30,1,0,1,0.0,0.0,0.0
staged-only,nvbench2:test:558,arc,5,60,1,0,1,0.0,0.0,0.0
staged-only,nvbench2:test:558,arc,5,100,1,0,1,0.0,0.0,0.0
staged-only,nvbench2:test:561,line,3,10,2,1,1.5,1.0,1.0,1.0
staged-only,nvbench2:test:561,line,3,30,2,1,1.5,1.0,1.0,1.0
staged-only,nvbench2:test:561,line,3,60,2,1,1.5,1.0,1.0,1.0
staged-only,nvbench2:test:561,line,3,100,2,1,1.5,1.0,1.0,1.0
staged-only,nvbench2:test:566,boxplot,6,10,3,0,1,1.0,0.0,1.0
staged-only,nvbench2:test:566,boxplot,6,30,3,0,1,1.0,0.0,1.0
staged-only,nvbench2:test:566,boxplot,6,60,3,0,1,1.0,0.0,1.0
staged-only,nvbench2:test:566,boxplot,6,100,3,0,1,1.0,0.0,1.0
staged-only,nvbench2:test:574,bar,8,10,4,0,1,0.0,0.0,0.0
staged-only,nvbench2:test:574,bar,8,30,4,0,1,0.0,0.0,0.0
staged-only,nvbench2:test:574,bar,8,60,4,0,1,0.0,0.0,0.0
staged-only,nvbench2:test:574,bar,8,100,4,0,1,0.0,0.0,0.0
staged-only,nvbench2:test:577,line,8,10,3,0,1,1.0,0.0,1.0
staged-only,nvbench2:test:577,line,8,30,3,0,1,1.0,0.0,1.0
staged-only,nvbench2:test:577,line,8,60,3,0,1,1.0,0.0,1.0
staged-only,nvbench2:test:577,line,8,100,3,0,1,1.0,0.0,1.0
staged-only,nvbench2:test:578,arc,4,10,0,0,0.0,0.0,0.0,0.0
staged-only,nvbench2:test:578,arc,4,30,0,0,0.0,0.0,0.0,0.0
staged-only,nvbench2:test:578,arc,4,60,0,0,0.0,0.0,0.0,0.0
staged-only,nvbench2:test:578,arc,4,100,0,0,0.0,0.0,0.0,0.0
staged-only,nvbench2:test:583,rect,9,10,6,0,1,0.0,0.0,0.0
staged-only,nvbench2:test:583,rect,9,30,6,0,1,0.0,0.0,0.0
staged-only,nvbench2:test:583,rect,9,60,6,0,1,0.0,0.0,0.0
staged-only,nvbench2:test:583,rect,9,100,6,0,1,0.0,0.0,0.0
staged-only,nvbench2:test:589,arc,3,10,2,1,1.5,1.0,1.0,1.0
staged-only,nvbench2:test:589,arc,3,30,2,1,1.5,1.0,1.0,1.0
staged-only,nvbench2:test:589,arc,3,60,2,1,1.5,1.0,1.0,1.0
staged-only,nvbench2:test:589,arc,3,100,2,1,1.5,1.0,1.0,1.0
staged-only,nvbench2:test:609,point,11,10,9,1,1.1111111111111112,1.0,0.0,0.0
staged-only,nvbench2:test:609,point,11,30,9,1,1.1111111111111112,1.0,0.0,0.0
staged-only,nvbench2:test:609,point,11,60,9,1,1.1111111111111112,1.0,0.0,0.0
staged-only,nvbench2:test:609,point,11,100,9,1,1.1111111111111112,1.0,0.0,0.0
staged-only,nvbench2:test:610,bar,3,10,1,1,2,0.0,0.0,0.0
staged-only,nvbench2:test:610,bar,3,30,1,1,2,0.0,0.0,0.0
staged-only,nvbench2:test:610,bar,3,60,1,1,2,0.0,0.0,0.0
staged-only,nvbench2:test:610,bar,3,100,1,1,2,0.0,0.0,0.0
staged-only,nvbench2:test:611,bar+line,12,10,3,0,1,0.0,0.0,0.0
staged-only,nvbench2:test:611,bar+line,12,30,3,0,1,0.0,0.0,0.0
staged-only,nvbench2:test:611,bar+line,12,60,3,0,1,0.0,0.0,0.0
staged-only,nvbench2:test:611,bar+line,12,100,3,0,1,0.0,0.0,0.0
staged-only,nvbench2:test:62,arc,4,10,1,0,1,1.0,1.0,1.0
staged-only,nvbench2:test:62,arc,4,30,1,0,1,1.0,1.0,1.0
staged-only,nvbench2:test:62,arc,4,60,1,0,1,1.0,1.0,1.0
staged-only,nvbench2:test:62,arc,4,100,1,0,1,1.0,1.0,1.0
staged-only,nvbench2:test:622,line,7,10,4,0,1,0.0,0.0,0.0
staged-only,nvbench2:test:622,line,7,30,4,0,1,0.0,0.0,0.0
staged-only,nvbench2:test:622,line,7,60,4,0,1,0.0,0.0,0.0
staged-only,nvbench2:test:622,line,7,100,4,0,1,0.0,0.0,0.0
staged-only,nvbench2:test:623,arc,5,10,2,0,1,0.0,0.0,0.0
staged-only,nvbench2:test:623,arc,5,30,2,0,1,0.0,0.0,0.0
staged-only,nvbench2:test:623,arc,5,60,2,0,1,0.0,0.0,0.0
staged-only,nvbench2:test:623,arc,5,100,2,0,1,0.0,0.0,0.0
staged-only,nvbench2:test:634,boxplot,4,10,2,0,1,0.0,0.0,0.0
staged-only,nvbench2:test:634,boxplot,4,30,2,0,1,0.0,0.0,0.0
staged-only,nvbench2:test:634,boxplot,4,60,2,0,1,0.0,0.0,0.0
staged-only,nvbench2:test:634,boxplot,4,100,2,0,1,0.0,0.0,0.0
staged-only,nvbench2:test:636,arc,6,10,4,0,1,0.0,0.0,0.0
staged-only,nvbench2:test:636,arc,6,30,4,0,1,0.0,0.0,0.0
staged-only,nvbench2:test:636,arc,6,60,4,0,1,0.0,0.0,0.0
staged-only,nvbench2:test:636,arc,6,100,4,0,1,0.0,0.0,0.0
staged-only,nvbench2:test:637,line,4,10,1,0,1,0.0,0.0,0.0
staged-only,nvbench2:test:637,line,4,30,1,0,1,0.0,0.0,0.0
staged-only,nvbench2:test:637,line,4,60,1,0,1,0.0,0.0,0.0
staged-only,nvbench2:test:637,line,4,100,1,0,1,0.0,0.0,0.0
staged-only,nvbench2:test:642,boxplot,4,10,2,0,1,0.0,0.0,0.0
staged-only,nvbench2:test:642,boxplot,4,30,2,0,1,0.0,0.0,0.0
staged-only,nvbench2:test:642,boxplot,4,60,2,0,1,0.0,0.0,0.0
staged-only,nvbench2:test:642,boxplot,4,100,2,0,1,0.0,0.0,0.0
staged-only,nvbench2:test:647,bar+line+point,4,10,1,0,1,0.0,0.0,0.0
staged-only,nvbench2:test:647,bar+line+point,4,30,1,0,1,0.0,0.0,0.0
staged-only,nvbench2:test:647,bar+line+point,4,60,1,0,1,0.0,0.0,0.0
staged-only,nvbench2:test:647,bar+line+point,4,100,1,0,1,0.0,0.0,0.0
staged-only,nvbench2:test:649,rect,8,10,1,0,1,0.0,0.0,0.0
staged-only,nvbench2:test:649,rect,8,30,1,0,1,0.0,0.0,0.0
staged-only,nvbench2:test:649,rect,8,60,1,0,1,0.0,0.0,0.0
staged-only,nvbench2:test:649,rect,8,100,1,0,1,0.0,0.0,0.0
staged-only,nvbench2:test:651,point,8,10,3,0,1,0.0,0.0,0.0
staged-only,nvbench2:test:651,point,8,30,3,0,1,0.0,0.0,0.0
staged-only,nvbench2:test:651,point,8,60,3,0,1,0.0,0.0,0.0
staged-only,nvbench2:test:651,point,8,100,3,0,1,0.0,0.0,0.0
staged-only,nvbench2:test:658,bar,5,10,1,0,1,0.0,0.0,0.0
staged-only,nvbench2:test:658,bar,5,30,1,0,1,0.0,0.0,0.0
staged-only,nvbench2:test:658,bar,5,60,1,0,1,0.0,0.0,0.0
staged-only,nvbench2:test:658,bar,5,100,1,0,1,0.0,0.0,0.0
staged-only,nvbench2:test:663,point,11,10,6,0,1,0.0,0.0,0.0
staged-only,nvbench2:test:663,point,11,30,6,0,1,0.0,0.0,0.0
staged-only,nvbench2:test:663,point,11,60,6,0,1,0.0,0.0,0.0
staged-only,nvbench2:test:663,point,11,100,6,0,1,0.0,0.0,0.0
staged-only,nvbench2:test:665,point,3,10,1,1,2,0.0,0.0,0.0
staged-only,nvbench2:test:665,point,3,30,1,1,2,0.0,0.0,0.0
staged-only,nvbench2:test:665,point,3,60,1,1,2,0.0,0.0,0.0
staged-only,nvbench2:test:665,point,3,100,1,1,2,0.0,0.0,0.0
staged-only,nvbench2:test:666,arc,7,10,4,0,1,0.0,0.0,0.0
staged-only,nvbench2:test:666,arc,7,30,4,0,1,0.0,0.0,0.0
staged-only,nvbench2:test:666,arc,7,60,4,0,1,0.0,0.0,0.0
staged-only,nvbench2:test:666,arc,7,100,4,0,1,0.0,0.0,0.0
staged-only,nvbench2:test:676,line,5,10,1,0,1,1.0,1.0,1.0
staged-only,nvbench2:test:676,line,5,30,1,0,1,1.0,1.0,1.0
staged-only,nvbench2:test:676,line,5,60,1,0,1,1.0,1.0,1.0
staged-only,nvbench2:test:676,line,5,100,1,0,1,1.0,1.0,1.0
staged-only,nvbench2:test:677,arc,5,10,1,1,2,0.0,0.0,0.0
staged-only,nvbench2:test:677,arc,5,30,1,1,2,0.0,0.0,0.0
staged-only,nvbench2:test:677,arc,5,60,1,1,2,0.0,0.0,0.0
staged-only,nvbench2:test:677,arc,5,100,1,1,2,0.0,0.0,0.0
staged-only,nvbench2:test:685,point,6,10,0,0,0.0,0.0,0.0,0.0
staged-only,nvbench2:test:685,point,6,30,0,0,0.0,0.0,0.0,0.0
staged-only,nvbench2:test:685,point,6,60,0,0,0.0,0.0,0.0,0.0
staged-only,nvbench2:test:685,point,6,100,0,0,0.0,0.0,0.0,0.0
staged-only,nvbench2:test:687,boxplot,3,10,2,1,1.5,0.0,0.0,0.0
staged-only,nvbench2:test:687,boxplot,3,30,2,1,1.5,0.0,0.0,0.0
staged-only,nvbench2:test:687,boxplot,3,60,2,1,1.5,0.0,0.0,0.0
staged-only,nvbench2:test:687,boxplot,3,100,2,1,1.5,0.0,0.0,0.0
staged-only,nvbench2:test:688,boxplot,10,10,6,1,1.1666666666666667,0.0,0.0,0.0
staged-only,nvbench2:test:688,boxplot,10,30,6,1,1.1666666666666667,0.0,0.0,0.0
staged-only,nvbench2:test:688,boxplot,10,60,6,1,1.1666666666666667,0.0,0.0,0.0
staged-only,nvbench2:test:688,boxplot,10,100,6,1,1.1666666666666667,0.0,0.0,0.0
staged-only,nvbench2:test:695,point,8,10,4,0,1,0.0,0.0,0.0
staged-only,nvbench2:test:695,point,8,30,4,0,1,0.0,0.0,0.0
staged-only,nvbench2:test:695,point,8,60,4,0,1,0.0,0.0,0.0
staged-only,nvbench2:test:695,point,8,100,4,0,1,0.0,0.0,0.0
staged-only,nvbench2:test:7,bar,5,10,3,1,1.3333333333333333,0.0,0.0,0.0
staged-only,nvbench2:test:7,bar,5,30,3,1,1.3333333333333333,0.0,0.0,0.0
staged-only,nvbench2:test:7,bar,5,60,3,1,1.3333333333333333,0.0,0.0,0.0
staged-only,nvbench2:test:7,bar,5,100,3,1,1.3333333333333333,0.0,0.0,0.0
staged-only,nvbench2:test:70,bar,8,10,2,0,1,0.0,0.0,0.0
staged-only,nvbench2:test:70,bar,8,30,2,0,1,0.0,0.0,0.0
staged-only,nvbench2:test:70,bar,8,60,2,0,1,0.0,0.0,0.0
staged-only,nvbench2:test:70,bar,8,100,2,0,1,0.0,0.0,0.0
staged-only,nvbench2:test:703,arc,4,10,0,0,0.0,0.0,0.0,0.0
staged-only,nvbench2:test:703,arc,4,30,0,0,0.0,0.0,0.0,0.0
staged-only,nvbench2:test:703,arc,4,60,0,0,0.0,0.0,0.0,0.0
staged-only,nvbench2:test:703,arc,4,100,0,0,0.0,0.0,0.0,0.0
staged-only,nvbench2:test:705,arc,5,10,1,1,2,0.0,0.0,0.0
staged-only,nvbench2:test:705,arc,5,30,1,1,2,0.0,0.0,0.0
staged-only,nvbench2:test:705,arc,5,60,1,1,2,0.0,0.0,0.0
staged-only,nvbench2:test:705,arc,5,100,1,1,2,0.0,0.0,0.0
staged-only,nvbench2:test:707,arc,6,10,3,1,1.3333333333333333,1.0,1.0,1.0
staged-only,nvbench2:test:707,arc,6,30,3,1,1.3333333333333333,1.0,1.0,1.0
staged-only,nvbench2:test:707,arc,6,60,3,1,1.3333333333333333,1.0,1.0,1.0
staged-only,nvbench2:test:707,arc,6,100,3,1,1.3333333333333333,1.0,1.0,1.0
staged-only,nvbench2:test:711,boxplot,6,10,3,0,1,0.0,0.0,0.0
staged-only,nvbench2:test:711,boxplot,6,30,3,0,1,0.0,0.0,0.0
staged-only,nvbench2:test:711,boxplot,6,60,3,0,1,0.0,0.0,0.0
staged-only,nvbench2:test:711,boxplot,6,100,3,0,1,0.0,0.0,0.0
staged-only,nvbench2:test:727,bar,12,10,3,0,1,0.0,0.0,0.0
staged-only,nvbench2:test:727,bar,12,30,3,0,1,0.0,0.0,0.0
staged-only,nvbench2:test:727,bar,12,60,3,0,1,0.0,0.0,0.0
staged-only,nvbench2:test:727,bar,12,100,3,0,1,0.0,0.0,0.0
staged-only,nvbench2:test:730,arc,6,10,0,0,0.0,0.0,0.0,0.0
staged-only,nvbench2:test:730,arc,6,30,0,0,0.0,0.0,0.0,0.0
staged-only,nvbench2:test:730,arc,6,60,0,0,0.0,0.0,0.0,0.0
staged-only,nvbench2:test:730,arc,6,100,0,0,0.0,0.0,0.0,0.0
staged-only,nvbench2:test:731,bar,4,10,2,0,1,0.0,0.0,0.0
staged-only,nvbench2:test:731,bar,4,30,2,0,1,0.0,0.0,0.0
staged-only,nvbench2:test:731,bar,4,60,2,0,1,0.0,0.0,0.0
staged-only,nvbench2:test:731,bar,4,100,2,0,1,0.0,0.0,0.0
staged-only,nvbench2:test:732,boxplot,6,10,5,1,1.2,1.0,0.0,1.0
staged-only,nvbench2:test:732,boxplot,6,30,5,1,1.2,1.0,0.0,1.0
staged-only,nvbench2:test:732,boxplot,6,60,5,1,1.2,1.0,0.0,1.0
staged-only,nvbench2:test:732,boxplot,6,100,5,1,1.2,1.0,0.0,1.0
staged-only,nvbench2:test:736,bar,5,10,1,0,1,0.0,0.0,0.0
staged-only,nvbench2:test:736,bar,5,30,1,0,1,0.0,0.0,0.0
staged-only,nvbench2:test:736,bar,5,60,1,0,1,0.0,0.0,0.0
staged-only,nvbench2:test:736,bar,5,100,1,0,1,0.0,0.0,0.0
staged-only,nvbench2:test:737,arc,4,10,1,0,1,0.0,0.0,0.0
staged-only,nvbench2:test:737,arc,4,30,1,0,1,0.0,0.0,0.0
staged-only,nvbench2:test:737,arc,4,60,1,0,1,0.0,0.0,0.0
staged-only,nvbench2:test:737,arc,4,100,1,0,1,0.0,0.0,0.0
staged-only,nvbench2:test:741,boxplot,3,10,2,1,1.5,0.0,0.0,0.0
staged-only,nvbench2:test:741,boxplot,3,30,2,1,1.5,0.0,0.0,0.0
staged-only,nvbench2:test:741,boxplot,3,60,2,1,1.5,0.0,0.0,0.0
staged-only,nvbench2:test:741,boxplot,3,100,2,1,1.5,0.0,0.0,0.0
staged-only,nvbench2:test:745,boxplot,8,10,4,0,1,0.0,0.0,0.0
staged-only,nvbench2:test:745,boxplot,8,30,4,0,1,0.0,0.0,0.0
staged-only,nvbench2:test:745,boxplot,8,60,4,0,1,0.0,0.0,0.0
staged-only,nvbench2:test:745,boxplot,8,100,4,0,1,0.0,0.0,0.0
staged-only,nvbench2:test:79,boxplot,10,10,9,0,1,0.0,0.0,0.0
staged-only,nvbench2:test:79,boxplot,10,30,9,0,1,0.0,0.0,0.0
staged-only,nvbench2:test:79,boxplot,10,60,9,0,1,0.0,0.0,0.0
staged-only,nvbench2:test:79,boxplot,10,100,9,0,1,0.0,0.0,0.0
staged-only,nvbench2:test:90,arc,4,10,2,0,1,1.0,0.0,1.0
staged-only,nvbench2:test:90,arc,4,30,2,0,1,1.0,0.0,1.0
staged-only,nvbench2:test:90,arc,4,60,2,0,1,1.0,0.0,1.0
staged-only,nvbench2:test:90,arc,4,100,2,0,1,1.0,0.0,1.0
staged-only,nvbench2:test:97,line,7,10,5,1,1.2,1.0,1.0,1.0
staged-only,nvbench2:test:97,line,7,30,5,1,1.2,1.0,1.0,1.0
staged-only,nvbench2:test:97,line,7,60,5,1,1.2,1.0,1.0,1.0
staged-only,nvbench2:test:97,line,7,100,5,1,1.2,1.0,1.0,1.0
staged-only,nvbench2:test:99,boxplot,4,10,2,0,1,0.0,0.0,0.0
staged-only,nvbench2:test:99,boxplot,4,30,2,0,1,0.0,0.0,0.0
staged-only,nvbench2:test:99,boxplot,4,60,2,0,1,0.0,0.0,0.0
staged-only,nvbench2:test:99,boxplot,4,100,2,0,1,0.0,0.0,0.0
direct+staged,nvbench2:test:102,boxplot,15,10,7,0,1,0.0,0.0,0.0
direct+staged,nvbench2:test:102,boxplot,15,30,7,0,1,0.0,0.0,0.0
direct+staged,nvbench2:test:102,boxplot,15,60,7,0,1,0.0,0.0,0.0
direct+staged,nvbench2:test:102,boxplot,15,100,7,0,1,0.0,0.0,0.0
direct+staged,nvbench2:test:105,arc,19,10,4,0,1,0.0,0.0,0.0
direct+staged,nvbench2:test:105,arc,19,30,4,0,1,0.0,0.0,0.0
direct+staged,nvbench2:test:105,arc,19,60,4,0,1,0.0,0.0,0.0
direct+staged,nvbench2:test:105,arc,19,100,4,0,1,0.0,0.0,0.0
direct+staged,nvbench2:test:11,point,22,10,16,3,1.25,0.0,0.0,0.0
direct+staged,nvbench2:test:11,point,22,30,16,3,1.25,0.0,0.0,0.0
direct+staged,nvbench2:test:11,point,22,60,16,3,1.25,0.0,0.0,0.0
direct+staged,nvbench2:test:11,point,22,100,16,3,1.25,0.0,0.0,0.0
direct+staged,nvbench2:test:111,rect,28,10,6,0,1,0.0,0.0,0.0
direct+staged,nvbench2:test:111,rect,28,30,6,0,1,0.0,0.0,0.0
direct+staged,nvbench2:test:111,rect,28,60,6,0,1,0.0,0.0,0.0
direct+staged,nvbench2:test:111,rect,28,100,6,0,1,0.0,0.0,0.0
direct+staged,nvbench2:test:112,arc,20,10,6,0,1,0.0,0.0,0.0
direct+staged,nvbench2:test:112,arc,20,30,6,0,1,0.0,0.0,0.0
direct+staged,nvbench2:test:112,arc,20,60,6,0,1,0.0,0.0,0.0
direct+staged,nvbench2:test:112,arc,20,100,6,0,1,0.0,0.0,0.0
direct+staged,nvbench2:test:113,line,26,10,15,1,1.0666666666666667,1.0,1.0,1.0
direct+staged,nvbench2:test:113,line,26,30,15,1,1.0666666666666667,1.0,1.0,1.0
direct+staged,nvbench2:test:113,line,26,60,15,1,1.0666666666666667,1.0,1.0,1.0
direct+staged,nvbench2:test:113,line,26,100,15,1,1.0666666666666667,1.0,1.0,1.0
direct+staged,nvbench2:test:117,bar,11,10,3,2,1.6666666666666667,1.0,0.0,1.0
direct+staged,nvbench2:test:117,bar,11,30,3,2,1.6666666666666667,1.0,0.0,1.0
direct+staged,nvbench2:test:117,bar,11,60,3,2,1.6666666666666667,1.0,0.0,1.0
direct+staged,nvbench2:test:117,bar,11,100,3,2,1.6666666666666667,1.0,0.0,1.0
direct+staged,nvbench2:test:127,arc,27,10,13,2,1.1538461538461537,0.0,0.0,0.0
direct+staged,nvbench2:test:127,arc,27,30,13,2,1.1538461538461537,0.0,0.0,0.0
direct+staged,nvbench2:test:127,arc,27,60,13,2,1.1538461538461537,0.0,0.0,0.0
direct+staged,nvbench2:test:127,arc,27,100,13,2,1.1538461538461537,0.0,0.0,0.0
direct+staged,nvbench2:test:131,arc,17,10,8,2,1.375,1.0,1.0,1.0
direct+staged,nvbench2:test:131,arc,17,30,8,2,1.375,1.0,1.0,1.0
direct+staged,nvbench2:test:131,arc,17,60,8,2,1.375,1.0,1.0,1.0
direct+staged,nvbench2:test:131,arc,17,100,8,2,1.375,1.0,1.0,1.0
direct+staged,nvbench2:test:132,bar,20,10,1,0,1,0.0,0.0,0.0
direct+staged,nvbench2:test:132,bar,20,30,1,0,1,0.0,0.0,0.0
direct+staged,nvbench2:test:132,bar,20,60,1,0,1,0.0,0.0,0.0
direct+staged,nvbench2:test:132,bar,20,100,1,0,1,0.0,0.0,0.0
direct+staged,nvbench2:test:133,bar,21,10,4,0,1,0.0,0.0,0.0
direct+staged,nvbench2:test:133,bar,21,30,4,0,1,0.0,0.0,0.0
direct+staged,nvbench2:test:133,bar,21,60,4,0,1,0.0,0.0,0.0
direct+staged,nvbench2:test:133,bar,21,100,4,0,1,0.0,0.0,0.0
direct+staged,nvbench2:test:142,rect,20,10,13,4,1.3076923076923077,1.0,0.0,1.0
direct+staged,nvbench2:test:142,rect,20,30,13,4,1.3076923076923077,1.0,0.0,1.0
direct+staged,nvbench2:test:142,rect,20,60,13,4,1.3076923076923077,1.0,0.0,1.0
direct+staged,nvbench2:test:142,rect,20,100,13,4,1.3076923076923077,1.0,0.0,1.0
direct+staged,nvbench2:test:144,bar,22,10,8,0,1,0.0,0.0,0.0
direct+staged,nvbench2:test:144,bar,22,30,8,0,1,0.0,0.0,0.0
direct+staged,nvbench2:test:144,bar,22,60,8,0,1,0.0,0.0,0.0
direct+staged,nvbench2:test:144,bar,22,100,8,0,1,0.0,0.0,0.0
direct+staged,nvbench2:test:150,bar,24,10,9,2,1.2222222222222223,1.0,0.0,1.0
direct+staged,nvbench2:test:150,bar,24,30,9,2,1.2222222222222223,1.0,0.0,1.0
direct+staged,nvbench2:test:150,bar,24,60,9,2,1.2222222222222223,1.0,0.0,1.0
direct+staged,nvbench2:test:150,bar,24,100,9,2,1.2222222222222223,1.0,0.0,1.0
direct+staged,nvbench2:test:157,line,17,10,8,1,1.125,1.0,1.0,1.0
direct+staged,nvbench2:test:157,line,17,30,8,1,1.125,1.0,1.0,1.0
direct+staged,nvbench2:test:157,line,17,60,8,1,1.125,1.0,1.0,1.0
direct+staged,nvbench2:test:157,line,17,100,8,1,1.125,1.0,1.0,1.0
direct+staged,nvbench2:test:160,arc,22,10,8,1,1.125,0.0,0.0,0.0
direct+staged,nvbench2:test:160,arc,22,30,8,1,1.125,0.0,0.0,0.0
direct+staged,nvbench2:test:160,arc,22,60,8,1,1.125,0.0,0.0,0.0
direct+staged,nvbench2:test:160,arc,22,100,8,1,1.125,0.0,0.0,0.0
direct+staged,nvbench2:test:162,rect,16,10,9,1,1.1111111111111112,0.0,0.0,0.0
direct+staged,nvbench2:test:162,rect,16,30,9,1,1.1111111111111112,0.0,0.0,0.0
direct+staged,nvbench2:test:162,rect,16,60,9,1,1.1111111111111112,0.0,0.0,0.0
direct+staged,nvbench2:test:162,rect,16,100,9,1,1.1111111111111112,0.0,0.0,0.0
direct+staged,nvbench2:test:163,line,19,10,3,0,1,0.0,0.0,0.0
direct+staged,nvbench2:test:163,line,19,30,3,0,1,0.0,0.0,0.0
direct+staged,nvbench2:test:163,line,19,60,3,0,1,0.0,0.0,0.0
direct+staged,nvbench2:test:163,line,19,100,3,0,1,0.0,0.0,0.0
direct+staged,nvbench2:test:168,bar,16,10,4,1,1.25,1.0,0.0,1.0
direct+staged,nvbench2:test:168,bar,16,30,4,1,1.25,1.0,0.0,1.0
direct+staged,nvbench2:test:168,bar,16,60,4,1,1.25,1.0,0.0,1.0
direct+staged,nvbench2:test:168,bar,16,100,4,1,1.25,1.0,0.0,1.0
direct+staged,nvbench2:test:170,rect,22,10,9,0,1,0.0,0.0,0.0
direct+staged,nvbench2:test:170,rect,22,30,9,0,1,0.0,0.0,0.0
direct+staged,nvbench2:test:170,rect,22,60,9,0,1,0.0,0.0,0.0
direct+staged,nvbench2:test:170,rect,22,100,9,0,1,0.0,0.0,0.0
direct+staged,nvbench2:test:173,point,16,10,9,1,1.1111111111111112,1.0,1.0,1.0
direct+staged,nvbench2:test:173,point,16,30,9,1,1.1111111111111112,1.0,1.0,1.0
direct+staged,nvbench2:test:173,point,16,60,9,1,1.1111111111111112,1.0,1.0,1.0
direct+staged,nvbench2:test:173,point,16,100,9,1,1.1111111111111112,1.0,1.0,1.0
direct+staged,nvbench2:test:174,boxplot,21,10,9,1,1.2222222222222223,0.0,0.0,0.0
direct+staged,nvbench2:test:174,boxplot,21,30,9,1,1.2222222222222223,0.0,0.0,0.0
direct+staged,nvbench2:test:174,boxplot,21,60,9,1,1.2222222222222223,0.0,0.0,0.0
direct+staged,nvbench2:test:174,boxplot,21,100,9,1,1.2222222222222223,0.0,0.0,0.0
direct+staged,nvbench2:test:178,arc,14,10,2,0,1,1.0,0.0,1.0
direct+staged,nvbench2:test:178,arc,14,30,2,0,1,1.0,0.0,1.0
direct+staged,nvbench2:test:178,arc,14,60,2,0,1,1.0,0.0,1.0
direct+staged,nvbench2:test:178,arc,14,100,2,0,1,1.0,0.0,1.0
direct+staged,nvbench2:test:18,rect,20,10,8,1,1.125,0.0,0.0,0.0
direct+staged,nvbench2:test:18,rect,20,30,8,1,1.125,0.0,0.0,0.0
direct+staged,nvbench2:test:18,rect,20,60,8,1,1.125,0.0,0.0,0.0
direct+staged,nvbench2:test:18,rect,20,100,8,1,1.125,0.0,0.0,0.0
direct+staged,nvbench2:test:183,bar,9,10,4,2,1.5,1.0,0.0,1.0
direct+staged,nvbench2:test:183,bar,9,30,4,2,1.5,1.0,0.0,1.0
direct+staged,nvbench2:test:183,bar,9,60,4,2,1.5,1.0,0.0,1.0
direct+staged,nvbench2:test:183,bar,9,100,4,2,1.5,1.0,0.0,1.0
direct+staged,nvbench2:test:192,point,21,10,9,0,1,0.0,0.0,0.0
direct+staged,nvbench2:test:192,point,21,30,9,0,1,0.0,0.0,0.0
direct+staged,nvbench2:test:192,point,21,60,9,0,1,0.0,0.0,0.0
direct+staged,nvbench2:test:192,point,21,100,9,0,1,0.0,0.0,0.0
direct+staged,nvbench2:test:194,boxplot,18,10,13,0,1,0.0,0.0,0.0
direct+staged,nvbench2:test:194,boxplot,18,30,13,0,1,0.0,0.0,0.0
direct+staged,nvbench2:test:194,boxplot,18,60,13,0,1,0.0,0.0,0.0
direct+staged,nvbench2:test:194,boxplot,18,100,13,0,1,0.0,0.0,0.0
direct+staged,nvbench2:test:20,arc,14,10,10,2,1.2,1.0,0.0,0.0
direct+staged,nvbench2:test:20,arc,14,30,10,2,1.2,1.0,0.0,0.0
direct+staged,nvbench2:test:20,arc,14,60,10,2,1.2,1.0,0.0,0.0
direct+staged,nvbench2:test:20,arc,14,100,10,2,1.2,1.0,0.0,0.0
direct+staged,nvbench2:test:201,bar,24,10,8,2,1.375,0.0,0.0,0.0
direct+staged,nvbench2:test:201,bar,24,30,8,2,1.375,0.0,0.0,0.0
direct+staged,nvbench2:test:201,bar,24,60,8,2,1.375,0.0,0.0,0.0
direct+staged,nvbench2:test:201,bar,24,100,8,2,1.375,0.0,0.0,0.0
direct+staged,nvbench2:test:223,boxplot,12,10,7,0,1,0.0,0.0,0.0
direct+staged,nvbench2:test:223,boxplot,12,30,7,0,1,0.0,0.0,0.0
direct+staged,nvbench2:test:223,boxplot,12,60,7,0,1,0.0,0.0,0.0
direct+staged,nvbench2:test:223,boxplot,12,100,7,0,1,0.0,0.0,0.0
direct+staged,nvbench2:test:227,line,12,10,3,0,1,0.0,0.0,0.0
direct+staged,nvbench2:test:227,line,12,30,3,0,1,0.0,0.0,0.0
direct+staged,nvbench2:test:227,line,12,60,3,0,1,0.0,0.0,0.0
direct+staged,nvbench2:test:227,line,12,100,3,0,1,0.0,0.0,0.0
direct+staged,nvbench2:test:236,boxplot,23,10,12,1,1.1666666666666667,0.0,0.0,0.0
direct+staged,nvbench2:test:236,boxplot,23,30,12,1,1.1666666666666667,0.0,0.0,0.0
direct+staged,nvbench2:test:236,boxplot,23,60,12,1,1.1666666666666667,0.0,0.0,0.0
direct+staged,nvbench2:test:236,boxplot,23,100,12,1,1.1666666666666667,0.0,0.0,0.0
direct+staged,nvbench2:test:238,line,15,10,13,4,1.3846153846153846,1.0,1.0,1.0
direct+staged,nvbench2:test:238,line,15,30,13,4,1.3846153846153846,1.0,1.0,1.0
direct+staged,nvbench2:test:238,line,15,60,13,4,1.3846153846153846,1.0,1.0,1.0
direct+staged,nvbench2:test:238,line,15,100,13,4,1.3846153846153846,1.0,1.0,1.0
direct+staged,nvbench2:test:25,boxplot,24,10,5,1,1.2,0.0,0.0,0.0
direct+staged,nvbench2:test:25,boxplot,24,30,5,1,1.2,0.0,0.0,0.0
direct+staged,nvbench2:test:25,boxplot,24,60,5,1,1.2,0.0,0.0,0.0
direct+staged,nvbench2:test:25,boxplot,24,100,5,1,1.2,0.0,0.0,0.0
direct+staged,nvbench2:test:252,arc,20,10,11,0,1,0.0,0.0,0.0
direct+staged,nvbench2:test:252,arc,20,30,11,0,1,0.0,0.0,0.0
direct+staged,nvbench2:test:252,arc,20,60,11,0,1,0.0,0.0,0.0
direct+staged,nvbench2:test:252,arc,20,100,11,0,1,0.0,0.0,0.0
direct+staged,nvbench2:test:254,point,23,10,17,1,1.0588235294117647,0.0,0.0,0.0
direct+staged,nvbench2:test:254,point,23,30,17,1,1.0588235294117647,0.0,0.0,0.0
direct+staged,nvbench2:test:254,point,23,60,17,1,1.0588235294117647,0.0,0.0,0.0
direct+staged,nvbench2:test:254,point,23,100,17,1,1.0588235294117647,0.0,0.0,0.0
direct+staged,nvbench2:test:26,boxplot,27,10,9,0,1,0.0,0.0,0.0
direct+staged,nvbench2:test:26,boxplot,27,30,9,0,1,0.0,0.0,0.0
direct+staged,nvbench2:test:26,boxplot,27,60,9,0,1,0.0,0.0,0.0
direct+staged,nvbench2:test:26,boxplot,27,100,9,0,1,0.0,0.0,0.0
direct+staged,nvbench2:test:263,boxplot,16,10,9,1,1.1111111111111112,0.0,0.0,0.0
direct+staged,nvbench2:test:263,boxplot,16,30,9,1,1.1111111111111112,0.0,0.0,0.0
direct+staged,nvbench2:test:263,boxplot,16,60,9,1,1.1111111111111112,0.0,0.0,0.0
direct+staged,nvbench2:test:263,boxplot,16,100,9,1,1.1111111111111112,0.0,0.0,0.0
direct+staged,nvbench2:test:268,rect,16,10,5,0,1,0.0,0.0,0.0
direct+staged,nvbench2:test:268,rect,16,30,5,0,1,0.0,0.0,0.0
direct+staged,nvbench2:test:268,rect,16,60,5,0,1,0.0,0.0,0.0
direct+staged,nvbench2:test:268,rect,16,100,5,0,1,0.0,0.0,0.0
direct+staged,nvbench2:test:287,point,25,10,23,5,1.2173913043478262,0.0,0.0,0.0
direct+staged,nvbench2:test:287,point,25,30,23,5,1.2173913043478262,0.0,0.0,0.0
direct+staged,nvbench2:test:287,point,25,60,23,5,1.2173913043478262,0.0,0.0,0.0
direct+staged,nvbench2:test:287,point,25,100,23,5,1.2173913043478262,0.0,0.0,0.0
direct+staged,nvbench2:test:296,bar+line+rect,17,10,11,2,1.1818181818181819,0.0,0.0,0.0
direct+staged,nvbench2:test:296,bar+line+rect,17,30,11,2,1.1818181818181819,0.0,0.0,0.0
direct+staged,nvbench2:test:296,bar+line+rect,17,60,11,2,1.1818181818181819,0.0,0.0,0.0
direct+staged,nvbench2:test:296,bar+line+rect,17,100,11,2,1.1818181818181819,0.0,0.0,0.0
direct+staged,nvbench2:test:297,bar,12,10,7,1,1.1428571428571428,0.0,0.0,0.0
direct+staged,nvbench2:test:297,bar,12,30,7,1,1.1428571428571428,0.0,0.0,0.0
direct+staged,nvbench2:test:297,bar,12,60,7,1,1.1428571428571428,0.0,0.0,0.0
direct+staged,nvbench2:test:297,bar,12,100,7,1,1.1428571428571428,0.0,0.0,0.0
direct+staged,nvbench2:test:298,line,15,10,5,0,1,0.0,0.0,0.0
direct+staged,nvbench2:test:298,line,15,30,5,0,1,0.0,0.0,0.0
direct+staged,nvbench2:test:298,line,15,60,5,0,1,0.0,0.0,0.0
direct+staged,nvbench2:test:298,line,15,100,5,0,1,0.0,0.0,0.0
direct+staged,nvbench2:test:303,boxplot,21,10,14,0,1,1.0,0.0,1.0
direct+staged,nvbench2:test:303,boxplot,21,30,14,0,1,1.0,0.0,1.0
direct+staged,nvbench2:test:303,boxplot,21,60,14,0,1,1.0,0.0,1.0
direct+staged,nvbench2:test:303,boxplot,21,100,14,0,1,1.0,0.0,1.0
direct+staged,nvbench2:test:31,rect,26,10,15,1,1.0666666666666667,0.0,0.0,0.0
direct+staged,nvbench2:test:31,rect,26,30,15,1,1.0666666666666667,0.0,0.0,0.0
direct+staged,nvbench2:test:31,rect,26,60,15,1,1.0666666666666667,0.0,0.0,0.0
direct+staged,nvbench2:test:31,rect,26,100,15,1,1.0666666666666667,0.0,0.0,0.0
direct+staged,nvbench2:test:317,arc,21,10,2,0,1,0.0,0.0,0.0
direct+staged,nvbench2:test:317,arc,21,30,2,0,1,0.0,0.0,0.0
direct+staged,nvbench2:test:317,arc,21,60,2,0,1,0.0,0.0,0.0
direct+staged,nvbench2:test:317,arc,21,100,2,0,1,0.0,0.0,0.0
direct+staged,nvbench2:test:319,point,19,10,10,0,1,0.0,0.0,0.0
direct+staged,nvbench2:test:319,point,19,30,10,0,1,0.0,0.0,0.0
direct+staged,nvbench2:test:319,point,19,60,10,0,1,0.0,0.0,0.0
direct+staged,nvbench2:test:319,point,19,100,10,0,1,0.0,0.0,0.0
direct+staged,nvbench2:test:320,rect,18,10,7,0,1,0.0,0.0,0.0
direct+staged,nvbench2:test:320,rect,18,30,7,0,1,0.0,0.0,0.0
direct+staged,nvbench2:test:320,rect,18,60,7,0,1,0.0,0.0,0.0
direct+staged,nvbench2:test:320,rect,18,100,7,0,1,0.0,0.0,0.0
direct+staged,nvbench2:test:325,rect,20,10,5,0,1,0.0,0.0,0.0
direct+staged,nvbench2:test:325,rect,20,30,5,0,1,0.0,0.0,0.0
direct+staged,nvbench2:test:325,rect,20,60,5,0,1,0.0,0.0,0.0
direct+staged,nvbench2:test:325,rect,20,100,5,0,1,0.0,0.0,0.0
direct+staged,nvbench2:test:332,rect,19,10,6,0,1,0.0,0.0,0.0
direct+staged,nvbench2:test:332,rect,19,30,6,0,1,0.0,0.0,0.0
direct+staged,nvbench2:test:332,rect,19,60,6,0,1,0.0,0.0,0.0
direct+staged,nvbench2:test:332,rect,19,100,6,0,1,0.0,0.0,0.0
direct+staged,nvbench2:test:335,arc,16,10,1,0,1,0.0,0.0,0.0
direct+staged,nvbench2:test:335,arc,16,30,1,0,1,0.0,0.0,0.0
direct+staged,nvbench2:test:335,arc,16,60,1,0,1,0.0,0.0,0.0
direct+staged,nvbench2:test:335,arc,16,100,1,0,1,0.0,0.0,0.0
direct+staged,nvbench2:test:341,rect,20,10,16,0,1,0.0,0.0,0.0
direct+staged,nvbench2:test:341,rect,20,30,16,0,1,0.0,0.0,0.0
direct+staged,nvbench2:test:341,rect,20,60,16,0,1,0.0,0.0,0.0
direct+staged,nvbench2:test:341,rect,20,100,16,0,1,0.0,0.0,0.0
direct+staged,nvbench2:test:344,rect,24,10,17,0,1,0.0,0.0,0.0
direct+staged,nvbench2:test:344,rect,24,30,17,0,1,0.0,0.0,0.0
direct+staged,nvbench2:test:344,rect,24,60,17,0,1,0.0,0.0,0.0
direct+staged,nvbench2:test:344,rect,24,100,17,0,1,0.0,0.0,0.0
direct+staged,nvbench2:test:349,arc,26,10,14,0,1,0.0,0.0,0.0
direct+staged,nvbench2:test:349,arc,26,30,14,0,1,0.0,0.0,0.0
direct+staged,nvbench2:test:349,arc,26,60,14,0,1,0.0,0.0,0.0
direct+staged,nvbench2:test:349,arc,26,100,14,0,1,0.0,0.0,0.0
direct+staged,nvbench2:test:35,bar+line,18,10,17,1,1.1176470588235294,0.0,0.0,0.0
direct+staged,nvbench2:test:35,bar+line,18,30,17,1,1.1176470588235294,0.0,0.0,0.0
direct+staged,nvbench2:test:35,bar+line,18,60,17,1,1.1176470588235294,0.0,0.0,0.0
direct+staged,nvbench2:test:35,bar+line,18,100,17,1,1.1176470588235294,0.0,0.0,0.0
direct+staged,nvbench2:test:351,boxplot,20,10,11,2,1.3636363636363635,0.0,0.0,0.0
direct+staged,nvbench2:test:351,boxplot,20,30,11,2,1.3636363636363635,0.0,0.0,0.0
direct+staged,nvbench2:test:351,boxplot,20,60,11,2,1.3636363636363635,0.0,0.0,0.0
direct+staged,nvbench2:test:351,boxplot,20,100,11,2,1.3636363636363635,0.0,0.0,0.0
direct+staged,nvbench2:test:355,rect,23,10,13,0,1,0.0,0.0,0.0
direct+staged,nvbench2:test:355,rect,23,30,13,0,1,0.0,0.0,0.0
direct+staged,nvbench2:test:355,rect,23,60,13,0,1,0.0,0.0,0.0
direct+staged,nvbench2:test:355,rect,23,100,13,0,1,0.0,0.0,0.0
direct+staged,nvbench2:test:365,point,16,10,7,0,1,0.0,0.0,0.0
direct+staged,nvbench2:test:365,point,16,30,7,0,1,0.0,0.0,0.0
direct+staged,nvbench2:test:365,point,16,60,7,0,1,0.0,0.0,0.0
direct+staged,nvbench2:test:365,point,16,100,7,0,1,0.0,0.0,0.0
direct+staged,nvbench2:test:366,boxplot,16,10,10,1,1.3,1.0,1.0,1.0
direct+staged,nvbench2:test:366,boxplot,16,30,10,1,1.3,1.0,1.0,1.0
direct+staged,nvbench2:test:366,boxplot,16,60,10,1,1.3,1.0,1.0,1.0
direct+staged,nvbench2:test:366,boxplot,16,100,10,1,1.3,1.0,1.0,1.0
direct+staged,nvbench2:test:37,arc,20,10,17,0,1,0.0,0.0,0.0
direct+staged,nvbench2:test:37,arc,20,30,17,0,1,0.0,0.0,0.0
direct+staged,nvbench2:test:37,arc,20,60,17,0,1,0.0,0.0,0.0
direct+staged,nvbench2:test:37,arc,20,100,17,0,1,0.0,0.0,0.0
direct+staged,nvbench2:test:376,rect,16,10,3,0,1,0.0,0.0,0.0
direct+staged,nvbench2:test:376,rect,16,30,3,0,1,0.0,0.0,0.0
direct+staged,nvbench2:test:376,rect,16,60,3,0,1,0.0,0.0,0.0
direct+staged,nvbench2:test:376,rect,16,100,3,0,1,0.0,0.0,0.0
direct+staged,nvbench2:test:377,rect,14,10,6,0,1,0.0,0.0,0.0
direct+staged,nvbench2:test:377,rect,14,30,6,0,1,0.0,0.0,0.0
direct+staged,nvbench2:test:377,rect,14,60,6,0,1,0.0,0.0,0.0
direct+staged,nvbench2:test:377,rect,14,100,6,0,1,0.0,0.0,0.0
direct+staged,nvbench2:test:384,arc,19,10,7,2,1.2857142857142858,0.0,0.0,0.0
direct+staged,nvbench2:test:384,arc,19,30,7,2,1.2857142857142858,0.0,0.0,0.0
direct+staged,nvbench2:test:384,arc,19,60,7,2,1.2857142857142858,0.0,0.0,0.0
direct+staged,nvbench2:test:384,arc,19,100,7,2,1.2857142857142858,0.0,0.0,0.0
direct+staged,nvbench2:test:385,arc,14,10,3,1,1.3333333333333333,1.0,1.0,1.0
direct+staged,nvbench2:test:385,arc,14,30,3,1,1.3333333333333333,1.0,1.0,1.0
direct+staged,nvbench2:test:385,arc,14,60,3,1,1.3333333333333333,1.0,1.0,1.0
direct+staged,nvbench2:test:385,arc,14,100,3,1,1.3333333333333333,1.0,1.0,1.0
direct+staged,nvbench2:test:388,bar+line+rect,23,10,17,3,1.1764705882352942,0.0,0.0,0.0
direct+staged,nvbench2:test:388,bar+line+rect,23,30,17,3,1.1764705882352942,0.0,0.0,0.0
direct+staged,nvbench2:test:388,bar+line+rect,23,60,17,3,1.1764705882352942,0.0,0.0,0.0
direct+staged,nvbench2:test:388,bar+line+rect,23,100,17,3,1.1764705882352942,0.0,0.0,0.0
direct+staged,nvbench2:test:39,bar,17,10,7,1,1.1428571428571428,0.0,0.0,0.0
direct+staged,nvbench2:test:39,bar,17,30,7,1,1.1428571428571428,0.0,0.0,0.0
direct+staged,nvbench2:test:39,bar,17,60,7,1,1.1428571428571428,0.0,0.0,0.0
direct+staged,nvbench2:test:39,bar,17,100,7,1,1.1428571428571428,0.0,0.0,0.0
direct+staged,nvbench2:test:392,rect,28,10,10,1,1.1,1.0,0.0,1.0
direct+staged,nvbench2:test:392,rect,28,30,10,1,1.1,1.0,0.0,1.0
direct+staged,nvbench2:test:392,rect,28,60,10,1,1.1,1.0,0.0,1.0
direct+staged,nvbench2:test:392,rect,28,100,10,1,1.1,1.0,0.0,1.0
direct+staged,nvbench2:test:395,rect,28,10,7,0,1,0.0,0.0,0.0
direct+staged,nvbench2:test:395,rect,28,30,7,0,1,0.0,0.0,0.0
direct+staged,nvbench2:test:395,rect,28,60,7,0,1,0.0,0.0,0.0
direct+staged,nvbench2:test:395,rect,28,100,7,0,1,0.0,0.0,0.0
direct+staged,nvbench2:test:406,bar,20,10,8,0,1,0.0,0.0,0.0
direct+staged,nvbench2:test:406,bar,20,30,8,0,1,0.0,0.0,0.0
direct+staged,nvbench2:test:406,bar,20,60,8,0,1,0.0,0.0,0.0
direct+staged,nvbench2:test:406,bar,20,100,8,0,1,0.0,0.0,0.0
direct+staged,nvbench2:test:426,arc,25,10,2,0,1,0.0,0.0,0.0
direct+staged,nvbench2:test:426,arc,25,30,2,0,1,0.0,0.0,0.0
direct+staged,nvbench2:test:426,arc,25,60,2,0,1,0.0,0.0,0.0
direct+staged,nvbench2:test:426,arc,25,100,2,0,1,0.0,0.0,0.0
direct+staged,nvbench2:test:430,bar,21,10,5,0,1,0.0,0.0,0.0
direct+staged,nvbench2:test:430,bar,21,30,5,0,1,0.0,0.0,0.0
direct+staged,nvbench2:test:430,bar,21,60,5,0,1,0.0,0.0,0.0
direct+staged,nvbench2:test:430,bar,21,100,5,0,1,0.0,0.0,0.0
direct+staged,nvbench2:test:432,bar+line+rect,20,10,4,0,1,0.0,0.0,0.0
direct+staged,nvbench2:test:432,bar+line+rect,20,30,4,0,1,0.0,0.0,0.0
direct+staged,nvbench2:test:432,bar+line+rect,20,60,4,0,1,0.0,0.0,0.0
direct+staged,nvbench2:test:432,bar+line+rect,20,100,4,0,1,0.0,0.0,0.0
direct+staged,nvbench2:test:434,arc,19,10,3,1,1.6666666666666667,1.0,1.0,1.0
direct+staged,nvbench2:test:434,arc,19,30,3,1,1.6666666666666667,1.0,1.0,1.0
direct+staged,nvbench2:test:434,arc,19,60,3,1,1.6666666666666667,1.0,1.0,1.0
direct+staged,nvbench2:test:434,arc,19,100,3,1,1.6666666666666667,1.0,1.0,1.0
direct+staged,nvbench2:test:435,rect,27,10,16,0,1,1.0,1.0,1.0
direct+staged,nvbench2:test:435,rect,27,30,16,0,1,1.0,1.0,1.0
direct+staged,nvbench2:test:435,rect,27,60,16,0,1,1.0,1.0,1.0
direct+staged,nvbench2:test:435,rect,27,100,16,0,1,1.0,1.0,1.0
direct+staged,nvbench2:test:443,arc,24,10,5,0,1,0.0,0.0,0.0
direct+staged,nvbench2:test:443,arc,24,30,5,0,1,0.0,0.0,0.0
direct+staged,nvbench2:test:443,arc,24,60,5,0,1,0.0,0.0,0.0
direct+staged,nvbench2:test:443,arc,24,100,5,0,1,0.0,0.0,0.0
direct+staged,nvbench2:test:446,arc,17,10,5,0,1,0.0,0.0,0.0
direct+staged,nvbench2:test:446,arc,17,30,5,0,1,0.0,0.0,0.0
direct+staged,nvbench2:test:446,arc,17,60,5,0,1,0.0,0.0,0.0
direct+staged,nvbench2:test:446,arc,17,100,5,0,1,0.0,0.0,0.0
direct+staged,nvbench2:test:454,arc,15,10,3,1,1.3333333333333333,0.0,0.0,0.0
direct+staged,nvbench2:test:454,arc,15,30,3,1,1.3333333333333333,0.0,0.0,0.0
direct+staged,nvbench2:test:454,arc,15,60,3,1,1.3333333333333333,0.0,0.0,0.0
direct+staged,nvbench2:test:454,arc,15,100,3,1,1.3333333333333333,0.0,0.0,0.0
direct+staged,nvbench2:test:461,rect,20,10,12,2,1.25,1.0,1.0,1.0
direct+staged,nvbench2:test:461,rect,20,30,12,2,1.25,1.0,1.0,1.0
direct+staged,nvbench2:test:461,rect,20,60,12,2,1.25,1.0,1.0,1.0
direct+staged,nvbench2:test:461,rect,20,100,12,2,1.25,1.0,1.0,1.0
direct+staged,nvbench2:test:466,rect,19,10,8,1,1.125,0.0,0.0,0.0
direct+staged,nvbench2:test:466,rect,19,30,8,1,1.125,0.0,0.0,0.0
direct+staged,nvbench2:test:466,rect,19,60,8,1,1.125,0.0,0.0,0.0
direct+staged,nvbench2:test:466,rect,19,100,8,1,1.125,0.0,0.0,0.0
direct+staged,nvbench2:test:471,line,25,10,8,1,1.125,1.0,1.0,1.0
direct+staged,nvbench2:test:471,line,25,30,8,1,1.125,1.0,1.0,1.0
direct+staged,nvbench2:test:471,line,25,60,8,1,1.125,1.0,1.0,1.0
direct+staged,nvbench2:test:471,line,25,100,8,1,1.125,1.0,1.0,1.0
direct+staged,nvbench2:test:479,bar+line,24,10,11,0,1,0.0,0.0,0.0
direct+staged,nvbench2:test:479,bar+line,24,30,11,0,1,0.0,0.0,0.0
direct+staged,nvbench2:test:479,bar+line,24,60,11,0,1,0.0,0.0,0.0
direct+staged,nvbench2:test:479,bar+line,24,100,11,0,1,0.0,0.0,0.0
direct+staged,nvbench2:test:483,arc,14,10,4,1,1.25,1.0,1.0,1.0
direct+staged,nvbench2:test:483,arc,14,30,4,1,1.25,1.0,1.0,1.0
direct+staged,nvbench2:test:483,arc,14,60,4,1,1.25,1.0,1.0,1.0
direct+staged,nvbench2:test:483,arc,14,100,4,1,1.25,1.0,1.0,1.0
direct+staged,nvbench2:test:486,rect,25,10,20,0,1,0.0,0.0,0.0
direct+staged,nvbench2:test:486,rect,25,30,20,0,1,0.0,0.0,0.0
direct+staged,nvbench2:test:486,rect,25,60,20,0,1,0.0,0.0,0.0
direct+staged,nvbench2:test:486,rect,25,100,20,0,1,0.0,0.0,0.0
direct+staged,nvbench2:test:489,arc,15,10,4,0,1,0.0,0.0,0.0
direct+staged,nvbench2:test:489,arc,15,30,4,0,1,0.0,0.0,0.0
direct+staged,nvbench2:test:489,arc,15,60,4,0,1,0.0,0.0,0.0
direct+staged,nvbench2:test:489,arc,15,100,4,0,1,0.0,0.0,0.0
direct+staged,nvbench2:test:492,rect,17,10,12,0,1,1.0,0.0,1.0
direct+staged,nvbench2:test:492,rect,17,30,12,0,1,1.0,0.0,1.0
direct+staged,nvbench2:test:492,rect,17,60,12,0,1,1.0,0.0,1.0
direct+staged,nvbench2:test:492,rect,17,100,12,0,1,1.0,0.0,1.0
direct+staged,nvbench2:test:505,bar,16,10,4,0,1,0.0,0.0,0.0
direct+staged,nvbench2:test:505,bar,16,30,4,0,1,0.0,0.0,0.0
direct+staged,nvbench2:test:505,bar,16,60,4,0,1,0.0,0.0,0.0
direct+staged,nvbench2:test:505,bar,16,100,4,0,1,0.0,0.0,0.0
direct+staged,nvbench2:test:508,arc,21,10,4,0,1,1.0,0.0,1.0
direct+staged,nvbench2:test:508,arc,21,30,4,0,1,1.0,0.0,1.0
direct+staged,nvbench2:test:508,arc,21,60,4,0,1,1.0,0.0,1.0
direct+staged,nvbench2:test:508,arc,21,100,4,0,1,1.0,0.0,1.0
direct+staged,nvbench2:test:519,boxplot,18,10,11,0,1,0.0,0.0,0.0
direct+staged,nvbench2:test:519,boxplot,18,30,11,0,1,0.0,0.0,0.0
direct+staged,nvbench2:test:519,boxplot,18,60,11,0,1,0.0,0.0,0.0
direct+staged,nvbench2:test:519,boxplot,18,100,11,0,1,0.0,0.0,0.0
direct+staged,nvbench2:test:524,bar+line+rect,26,10,10,0,1,0.0,0.0,0.0
direct+staged,nvbench2:test:524,bar+line+rect,26,30,10,0,1,0.0,0.0,0.0
direct+staged,nvbench2:test:524,bar+line+rect,26,60,10,0,1,0.0,0.0,0.0
direct+staged,nvbench2:test:524,bar+line+rect,26,100,10,0,1,0.0,0.0,0.0
direct+staged,nvbench2:test:526,arc,22,10,4,0,1,0.0,0.0,0.0
direct+staged,nvbench2:test:526,arc,22,30,4,0,1,0.0,0.0,0.0
direct+staged,nvbench2:test:526,arc,22,60,4,0,1,0.0,0.0,0.0
direct+staged,nvbench2:test:526,arc,22,100,4,0,1,0.0,0.0,0.0
direct+staged,nvbench2:test:531,line,21,10,2,0,1,0.0,0.0,0.0
direct+staged,nvbench2:test:531,line,21,30,2,0,1,0.0,0.0,0.0
direct+staged,nvbench2:test:531,line,21,60,2,0,1,0.0,0.0,0.0
direct+staged,nvbench2:test:531,line,21,100,2,0,1,0.0,0.0,0.0
direct+staged,nvbench2:test:532,arc+bar+line,17,10,7,1,1.1428571428571428,0.0,0.0,0.0
direct+staged,nvbench2:test:532,arc+bar+line,17,30,7,1,1.1428571428571428,0.0,0.0,0.0
direct+staged,nvbench2:test:532,arc+bar+line,17,60,7,1,1.1428571428571428,0.0,0.0,0.0
direct+staged,nvbench2:test:532,arc+bar+line,17,100,7,1,1.1428571428571428,0.0,0.0,0.0
direct+staged,nvbench2:test:535,line,23,10,11,0,1,0.0,0.0,0.0
direct+staged,nvbench2:test:535,line,23,30,11,0,1,0.0,0.0,0.0
direct+staged,nvbench2:test:535,line,23,60,11,0,1,0.0,0.0,0.0
direct+staged,nvbench2:test:535,line,23,100,11,0,1,0.0,0.0,0.0
direct+staged,nvbench2:test:545,rect,20,10,6,0,1,1.0,0.0,1.0
direct+staged,nvbench2:test:545,rect,20,30,6,0,1,1.0,0.0,1.0
direct+staged,nvbench2:test:545,rect,20,60,6,0,1,1.0,0.0,1.0
direct+staged,nvbench2:test:545,rect,20,100,6,0,1,1.0,0.0,1.0
direct+staged,nvbench2:test:546,arc,19,10,3,0,1,0.0,0.0,0.0
direct+staged,nvbench2:test:546,arc,19,30,3,0,1,0.0,0.0,0.0
direct+staged,nvbench2:test:546,arc,19,60,3,0,1,0.0,0.0,0.0
direct+staged,nvbench2:test:546,arc,19,100,3,0,1,0.0,0.0,0.0
direct+staged,nvbench2:test:547,rect,13,10,5,1,1.6,1.0,1.0,1.0
direct+staged,nvbench2:test:547,rect,13,30,5,1,1.6,1.0,1.0,1.0
direct+staged,nvbench2:test:547,rect,13,60,5,1,1.6,1.0,1.0,1.0
direct+staged,nvbench2:test:547,rect,13,100,5,1,1.6,1.0,1.0,1.0
direct+staged,nvbench2:test:551,line,21,10,7,0,1,0.0,0.0,0.0
direct+staged,nvbench2:test:551,line,21,30,7,0,1,0.0,0.0,0.0
direct+staged,nvbench2:test:551,line,21,60,7,0,1,0.0,0.0,0.0
direct+staged,nvbench2:test:551,line,21,100,7,0,1,0.0,0.0,0.0
direct+staged,nvbench2:test:552,arc,19,10,3,0,1,1.0,1.0,1.0
direct+staged,nvbench2:test:552,arc,19,30,3,0,1,1.0,1.0,1.0
direct+staged,nvbench2:test:552,arc,19,60,3,0,1,1.0,1.0,1.0
direct+staged,nvbench2:test:552,arc,19,100,3,0,1,1.0,1.0,1.0
direct+staged,nvbench2:test:553,bar,16,10,3,0,1,0.0,0.0,0.0
direct+staged,nvbench2:test:553,bar,16,30,3,0,1,0.0,0.0,0.0
direct+staged,nvbench2:test:553,bar,16,60,3,0,1,0.0,0.0,0.0
direct+staged,nvbench2:test:553,bar,16,100,3,0,1,0.0,0.0,0.0
direct+staged,nvbench2:test:554,arc,15,10,3,1,1.3333333333333333,1.0,1.0,1.0
direct+staged,nvbench2:test:554,arc,15,30,3,1,1.3333333333333333,1.0,1.0,1.0
direct+staged,nvbench2:test:554,arc,15,60,3,1,1.3333333333333333,1.0,1.0,1.0
direct+staged,nvbench2:test:554,arc,15,100,3,1,1.3333333333333333,1.0,1.0,1.0
direct+staged,nvbench2:test:556,rect,13,10,7,1,1.1428571428571428,1.0,1.0,1.0
direct+staged,nvbench2:test:556,rect,13,30,7,1,1.1428571428571428,1.0,1.0,1.0
direct+staged,nvbench2:test:556,rect,13,60,7,1,1.1428571428571428,1.0,1.0,1.0
direct+staged,nvbench2:test:556,rect,13,100,7,1,1.1428571428571428,1.0,1.0,1.0
direct+staged,nvbench2:test:558,arc,21,10,7,0,1,0.0,0.0,0.0
direct+staged,nvbench2:test:558,arc,21,30,7,0,1,0.0,0.0,0.0
direct+staged,nvbench2:test:558,arc,21,60,7,0,1,0.0,0.0,0.0
direct+staged,nvbench2:test:558,arc,21,100,7,0,1,0.0,0.0,0.0
direct+staged,nvbench2:test:561,line,16,10,4,1,1.25,1.0,1.0,1.0
direct+staged,nvbench2:test:561,line,16,30,4,1,1.25,1.0,1.0,1.0
direct+staged,nvbench2:test:561,line,16,60,4,1,1.25,1.0,1.0,1.0
direct+staged,nvbench2:test:561,line,16,100,4,1,1.25,1.0,1.0,1.0
direct+staged,nvbench2:test:566,boxplot,16,10,10,0,1,1.0,0.0,1.0
direct+staged,nvbench2:test:566,boxplot,16,30,10,0,1,1.0,0.0,1.0
direct+staged,nvbench2:test:566,boxplot,16,60,10,0,1,1.0,0.0,1.0
direct+staged,nvbench2:test:566,boxplot,16,100,10,0,1,1.0,0.0,1.0
direct+staged,nvbench2:test:574,bar,23,10,13,0,1,0.0,0.0,0.0
direct+staged,nvbench2:test:574,bar,23,30,13,0,1,0.0,0.0,0.0
direct+staged,nvbench2:test:574,bar,23,60,13,0,1,0.0,0.0,0.0
direct+staged,nvbench2:test:574,bar,23,100,13,0,1,0.0,0.0,0.0
direct+staged,nvbench2:test:577,line,22,10,7,0,1,1.0,0.0,1.0
direct+staged,nvbench2:test:577,line,22,30,7,0,1,1.0,0.0,1.0
direct+staged,nvbench2:test:577,line,22,60,7,0,1,1.0,0.0,1.0
direct+staged,nvbench2:test:577,line,22,100,7,0,1,1.0,0.0,1.0
direct+staged,nvbench2:test:578,arc,17,10,2,0,1,0.0,0.0,0.0
direct+staged,nvbench2:test:578,arc,17,30,2,0,1,0.0,0.0,0.0
direct+staged,nvbench2:test:578,arc,17,60,2,0,1,0.0,0.0,0.0
direct+staged,nvbench2:test:578,arc,17,100,2,0,1,0.0,0.0,0.0
direct+staged,nvbench2:test:583,rect,27,10,23,0,1,0.0,0.0,0.0
direct+staged,nvbench2:test:583,rect,27,30,23,0,1,0.0,0.0,0.0
direct+staged,nvbench2:test:583,rect,27,60,23,0,1,0.0,0.0,0.0
direct+staged,nvbench2:test:583,rect,27,100,23,0,1,0.0,0.0,0.0
direct+staged,nvbench2:test:589,arc,19,10,6,1,1.3333333333333333,1.0,1.0,1.0
direct+staged,nvbench2:test:589,arc,19,30,6,1,1.3333333333333333,1.0,1.0,1.0
direct+staged,nvbench2:test:589,arc,19,60,6,1,1.3333333333333333,1.0,1.0,1.0
direct+staged,nvbench2:test:589,arc,19,100,6,1,1.3333333333333333,1.0,1.0,1.0
direct+staged,nvbench2:test:609,point,29,10,25,2,1.08,1.0,0.0,0.0
direct+staged,nvbench2:test:609,point,29,30,25,2,1.08,1.0,0.0,0.0
direct+staged,nvbench2:test:609,point,29,60,25,2,1.08,1.0,0.0,0.0
direct+staged,nvbench2:test:609,point,29,100,25,2,1.08,1.0,0.0,0.0
direct+staged,nvbench2:test:610,bar,16,10,12,1,1.1666666666666667,0.0,0.0,0.0
direct+staged,nvbench2:test:610,bar,16,30,12,1,1.1666666666666667,0.0,0.0,0.0
direct+staged,nvbench2:test:610,bar,16,60,12,1,1.1666666666666667,0.0,0.0,0.0
direct+staged,nvbench2:test:610,bar,16,100,12,1,1.1666666666666667,0.0,0.0,0.0
direct+staged,nvbench2:test:611,bar+line,28,10,14,2,1.1428571428571428,0.0,0.0,0.0
direct+staged,nvbench2:test:611,bar+line,28,30,14,2,1.1428571428571428,0.0,0.0,0.0
direct+staged,nvbench2:test:611,bar+line,28,60,14,2,1.1428571428571428,0.0,0.0,0.0
direct+staged,nvbench2:test:611,bar+line,28,100,14,2,1.1428571428571428,0.0,0.0,0.0
direct+staged,nvbench2:test:62,arc,18,10,5,0,1,1.0,0.0,1.0
direct+staged,nvbench2:test:62,arc,18,30,5,0,1,1.0,0.0,1.0
direct+staged,nvbench2:test:62,arc,18,60,5,0,1,1.0,0.0,1.0
direct+staged,nvbench2:test:62,arc,18,100,5,0,1,1.0,0.0,1.0
direct+staged,nvbench2:test:622,line,19,10,12,0,1,0.0,0.0,0.0
direct+staged,nvbench2:test:622,line,19,30,12,0,1,0.0,0.0,0.0
direct+staged,nvbench2:test:622,line,19,60,12,0,1,0.0,0.0,0.0
direct+staged,nvbench2:test:622,line,19,100,12,0,1,0.0,0.0,0.0
direct+staged,nvbench2:test:623,arc,20,10,11,0,1,0.0,0.0,0.0
direct+staged,nvbench2:test:623,arc,20,30,11,0,1,0.0,0.0,0.0
direct+staged,nvbench2:test:623,arc,20,60,11,0,1,0.0,0.0,0.0
direct+staged,nvbench2:test:623,arc,20,100,11,0,1,0.0,0.0,0.0
direct+staged,nvbench2:test:634,boxplot,21,10,7,0,1,0.0,0.0,0.0
direct+staged,nvbench2:test:634,boxplot,21,30,7,0,1,0.0,0.0,0.0
direct+staged,nvbench2:test:634,boxplot,21,60,7,0,1,0.0,0.0,0.0
direct+staged,nvbench2:test:634,boxplot,21,100,7,0,1,0.0,0.0,0.0
direct+staged,nvbench2:test:636,arc,22,10,10,0,1,0.0,0.0,0.0
direct+staged,nvbench2:test:636,arc,22,30,10,0,1,0.0,0.0,0.0
direct+staged,nvbench2:test:636,arc,22,60,10,0,1,0.0,0.0,0.0
direct+staged,nvbench2:test:636,arc,22,100,10,0,1,0.0,0.0,0.0
direct+staged,nvbench2:test:637,line,18,10,1,0,1,0.0,0.0,0.0
direct+staged,nvbench2:test:637,line,18,30,1,0,1,0.0,0.0,0.0
direct+staged,nvbench2:test:637,line,18,60,1,0,1,0.0,0.0,0.0
direct+staged,nvbench2:test:637,line,18,100,1,0,1,0.0,0.0,0.0
direct+staged,nvbench2:test:642,boxplot,9,10,4,0,1,0.0,0.0,0.0
direct+staged,nvbench2:test:642,boxplot,9,30,4,0,1,0.0,0.0,0.0
direct+staged,nvbench2:test:642,boxplot,9,60,4,0,1,0.0,0.0,0.0
direct+staged,nvbench2:test:642,boxplot,9,100,4,0,1,0.0,0.0,0.0
direct+staged,nvbench2:test:647,bar+line+point,14,10,8,0,1,0.0,0.0,0.0
direct+staged,nvbench2:test:647,bar+line+point,14,30,8,0,1,0.0,0.0,0.0
direct+staged,nvbench2:test:647,bar+line+point,14,60,8,0,1,0.0,0.0,0.0
direct+staged,nvbench2:test:647,bar+line+point,14,100,8,0,1,0.0,0.0,0.0
direct+staged,nvbench2:test:649,rect,24,10,10,0,1,0.0,0.0,0.0
direct+staged,nvbench2:test:649,rect,24,30,10,0,1,0.0,0.0,0.0
direct+staged,nvbench2:test:649,rect,24,60,10,0,1,0.0,0.0,0.0
direct+staged,nvbench2:test:649,rect,24,100,10,0,1,0.0,0.0,0.0
direct+staged,nvbench2:test:651,point,25,10,8,1,1.125,0.0,0.0,0.0
direct+staged,nvbench2:test:651,point,25,30,8,1,1.125,0.0,0.0,0.0
direct+staged,nvbench2:test:651,point,25,60,8,1,1.125,0.0,0.0,0.0
direct+staged,nvbench2:test:651,point,25,100,8,1,1.125,0.0,0.0,0.0
direct+staged,nvbench2:test:658,bar,21,10,11,0,1,0.0,0.0,0.0
direct+staged,nvbench2:test:658,bar,21,30,11,0,1,0.0,0.0,0.0
direct+staged,nvbench2:test:658,bar,21,60,11,0,1,0.0,0.0,0.0
direct+staged,nvbench2:test:658,bar,21,100,11,0,1,0.0,0.0,0.0
direct+staged,nvbench2:test:663,point,31,10,16,0,1,0.0,0.0,0.0
direct+staged,nvbench2:test:663,point,31,30,16,0,1,0.0,0.0,0.0
direct+staged,nvbench2:test:663,point,31,60,16,0,1,0.0,0.0,0.0
direct+staged,nvbench2:test:663,point,31,100,16,0,1,0.0,0.0,0.0
direct+staged,nvbench2:test:665,point,18,10,14,1,1.0714285714285714,0.0,0.0,0.0
direct+staged,nvbench2:test:665,point,18,30,14,1,1.0714285714285714,0.0,0.0,0.0
direct+staged,nvbench2:test:665,point,18,60,14,1,1.0714285714285714,0.0,0.0,0.0
direct+staged,nvbench2:test:665,point,18,100,14,1,1.0714285714285714,0.0,0.0,0.0
direct+staged,nvbench2:test:666,arc,25,10,11,0,1,0.0,0.0,0.0
direct+staged,nvbench2:test:666,arc,25,30,11,0,1,0.0,0.0,0.0
direct+staged,nvbench2:test:666,arc,25,60,11,0,1,0.0,0.0,0.0
direct+staged,nvbench2:test:666,arc,25,100,11,0,1,0.0,0.0,0.0
direct+staged,nvbench2:test:676,line,20,10,8,1,1.125,1.0,1.0,1.0
direct+staged,nvbench2:test:676,line,20,30,8,1,1.125,1.0,1.0,1.0
direct+staged,nvbench2:test:676,line,20,60,8,1,1.125,1.0,1.0,1.0
direct+staged,nvbench2:test:676,line,20,100,8,1,1.125,1.0,1.0,1.0
direct+staged,nvbench2:test:677,arc,15,10,3,1,1.3333333333333333,0.0,0.0,0.0
direct+staged,nvbench2:test:677,arc,15,30,3,1,1.3333333333333333,0.0,0.0,0.0
direct+staged,nvbench2:test:677,arc,15,60,3,1,1.3333333333333333,0.0,0.0,0.0
direct+staged,nvbench2:test:677,arc,15,100,3,1,1.3333333333333333,0.0,0.0,0.0
direct+staged,nvbench2:test:685,point,15,10,2,0,1,0.0,0.0,0.0
direct+staged,nvbench2:test:685,point,15,30,2,0,1,0.0,0.0,0.0
direct+staged,nvbench2:test:685,point,15,60,2,0,1,0.0,0.0,0.0
direct+staged,nvbench2:test:685,point,15,100,2,0,1,0.0,0.0,0.0
direct+staged,nvbench2:test:687,boxplot,10,10,4,1,1.25,0.0,0.0,0.0
direct+staged,nvbench2:test:687,boxplot,10,30,4,1,1.25,0.0,0.0,0.0
direct+staged,nvbench2:test:687,boxplot,10,60,4,1,1.25,0.0,0.0,0.0
direct+staged,nvbench2:test:687,boxplot,10,100,4,1,1.25,0.0,0.0,0.0
direct+staged,nvbench2:test:688,boxplot,30,10,17,1,1.0588235294117647,0.0,0.0,0.0
direct+staged,nvbench2:test:688,boxplot,30,30,17,1,1.0588235294117647,0.0,0.0,0.0
direct+staged,nvbench2:test:688,boxplot,30,60,17,1,1.0588235294117647,0.0,0.0,0.0
direct+staged,nvbench2:test:688,boxplot,30,100,17,1,1.0588235294117647,0.0,0.0,0.0
direct+staged,nvbench2:test:695,point,23,10,13,0,1,0.0,0.0,0.0
direct+staged,nvbench2:test:695,point,23,30,13,0,1,0.0,0.0,0.0
direct+staged,nvbench2:test:695,point,23,60,13,0,1,0.0,0.0,0.0
direct+staged,nvbench2:test:695,point,23,100,13,0,1,0.0,0.0,0.0
direct+staged,nvbench2:test:7,bar,20,10,18,1,1.0555555555555556,1.0,0.0,0.0
direct+staged,nvbench2:test:7,bar,20,30,18,1,1.0555555555555556,1.0,0.0,0.0
direct+staged,nvbench2:test:7,bar,20,60,18,1,1.0555555555555556,1.0,0.0,0.0
direct+staged,nvbench2:test:7,bar,20,100,18,1,1.0555555555555556,1.0,0.0,0.0
direct+staged,nvbench2:test:70,bar,23,10,8,0,1,0.0,0.0,0.0
direct+staged,nvbench2:test:70,bar,23,30,8,0,1,0.0,0.0,0.0
direct+staged,nvbench2:test:70,bar,23,60,8,0,1,0.0,0.0,0.0
direct+staged,nvbench2:test:70,bar,23,100,8,0,1,0.0,0.0,0.0
direct+staged,nvbench2:test:703,arc,18,10,2,0,1,0.0,0.0,0.0
direct+staged,nvbench2:test:703,arc,18,30,2,0,1,0.0,0.0,0.0
direct+staged,nvbench2:test:703,arc,18,60,2,0,1,0.0,0.0,0.0
direct+staged,nvbench2:test:703,arc,18,100,2,0,1,0.0,0.0,0.0
direct+staged,nvbench2:test:705,arc,21,10,10,1,1.1,0.0,0.0,0.0
direct+staged,nvbench2:test:705,arc,21,30,10,1,1.1,0.0,0.0,0.0
direct+staged,nvbench2:test:705,arc,21,60,10,1,1.1,0.0,0.0,0.0
direct+staged,nvbench2:test:705,arc,21,100,10,1,1.1,0.0,0.0,0.0
direct+staged,nvbench2:test:707,arc,20,10,12,3,1.3333333333333333,1.0,1.0,1.0
direct+staged,nvbench2:test:707,arc,20,30,12,3,1.3333333333333333,1.0,1.0,1.0
direct+staged,nvbench2:test:707,arc,20,60,12,3,1.3333333333333333,1.0,1.0,1.0
direct+staged,nvbench2:test:707,arc,20,100,12,3,1.3333333333333333,1.0,1.0,1.0
direct+staged,nvbench2:test:711,boxplot,25,10,21,1,1.0476190476190477,0.0,0.0,0.0
direct+staged,nvbench2:test:711,boxplot,25,30,21,1,1.0476190476190477,0.0,0.0,0.0
direct+staged,nvbench2:test:711,boxplot,25,60,21,1,1.0476190476190477,0.0,0.0,0.0
direct+staged,nvbench2:test:711,boxplot,25,100,21,1,1.0476190476190477,0.0,0.0,0.0
direct+staged,nvbench2:test:727,bar,26,10,16,2,1.125,0.0,0.0,0.0
direct+staged,nvbench2:test:727,bar,26,30,16,2,1.125,0.0,0.0,0.0
direct+staged,nvbench2:test:727,bar,26,60,16,2,1.125,0.0,0.0,0.0
direct+staged,nvbench2:test:727,bar,26,100,16,2,1.125,0.0,0.0,0.0
direct+staged,nvbench2:test:730,arc,21,10,3,0,1,0.0,0.0,0.0
direct+staged,nvbench2:test:730,arc,21,30,3,0,1,0.0,0.0,0.0
direct+staged,nvbench2:test:730,arc,21,60,3,0,1,0.0,0.0,0.0
direct+staged,nvbench2:test:730,arc,21,100,3,0,1,0.0,0.0,0.0
direct+staged,nvbench2:test:731,bar,20,10,5,0,1,0.0,0.0,0.0
direct+staged,nvbench2:test:731,bar,20,30,5,0,1,0.0,0.0,0.0
direct+staged,nvbench2:test:731,bar,20,60,5,0,1,0.0,0.0,0.0
direct+staged,nvbench2:test:731,bar,20,100,5,0,1,0.0,0.0,0.0
direct+staged,nvbench2:test:732,boxplot,15,10,9,1,1.1111111111111112,1.0,0.0,1.0
direct+staged,nvbench2:test:732,boxplot,15,30,9,1,1.1111111111111112,1.0,0.0,1.0
direct+staged,nvbench2:test:732,boxplot,15,60,9,1,1.1111111111111112,1.0,0.0,1.0
direct+staged,nvbench2:test:732,boxplot,15,100,9,1,1.1111111111111112,1.0,0.0,1.0
direct+staged,nvbench2:test:736,bar,16,10,6,0,1,0.0,0.0,0.0
direct+staged,nvbench2:test:736,bar,16,30,6,0,1,0.0,0.0,0.0
direct+staged,nvbench2:test:736,bar,16,60,6,0,1,0.0,0.0,0.0
direct+staged,nvbench2:test:736,bar,16,100,6,0,1,0.0,0.0,0.0
direct+staged,nvbench2:test:737,arc,13,10,1,0,1,0.0,0.0,0.0
direct+staged,nvbench2:test:737,arc,13,30,1,0,1,0.0,0.0,0.0
direct+staged,nvbench2:test:737,arc,13,60,1,0,1,0.0,0.0,0.0
direct+staged,nvbench2:test:737,arc,13,100,1,0,1,0.0,0.0,0.0
direct+staged,nvbench2:test:741,boxplot,13,10,4,1,1.25,0.0,0.0,0.0
direct+staged,nvbench2:test:741,boxplot,13,30,4,1,1.25,0.0,0.0,0.0
direct+staged,nvbench2:test:741,boxplot,13,60,4,1,1.25,0.0,0.0,0.0
direct+staged,nvbench2:test:741,boxplot,13,100,4,1,1.25,0.0,0.0,0.0
direct+staged,nvbench2:test:745,boxplot,23,10,7,0,1,0.0,0.0,0.0
direct+staged,nvbench2:test:745,boxplot,23,30,7,0,1,0.0,0.0,0.0
direct+staged,nvbench2:test:745,boxplot,23,60,7,0,1,0.0,0.0,0.0
direct+staged,nvbench2:test:745,boxplot,23,100,7,0,1,0.0,0.0,0.0
direct+staged,nvbench2:test:79,boxplot,27,10,26,3,1.1153846153846154,0.0,0.0,0.0
direct+staged,nvbench2:test:79,boxplot,27,30,26,3,1.1153846153846154,0.0,0.0,0.0
direct+staged,nvbench2:test:79,boxplot,27,60,26,3,1.1153846153846154,0.0,0.0,0.0
direct+staged,nvbench2:test:79,boxplot,27,100,26,3,1.1153846153846154,0.0,0.0,0.0
direct+staged,nvbench2:test:90,arc,17,10,8,0,1,1.0,0.0,1.0
direct+staged,nvbench2:test:90,arc,17,30,8,0,1,1.0,0.0,1.0
direct+staged,nvbench2:test:90,arc,17,60,8,0,1,1.0,0.0,1.0
direct+staged,nvbench2:test:90,arc,17,100,8,0,1,1.0,0.0,1.0
direct+staged,nvbench2:test:97,line,22,10,11,1,1.0909090909090908,1.0,1.0,1.0
direct+staged,nvbench2:test:97,line,22,30,11,1,1.0909090909090908,1.0,1.0,1.0
direct+staged,nvbench2:test:97,line,22,60,11,1,1.0909090909090908,1.0,1.0,1.0
direct+staged,nvbench2:test:97,line,22,100,11,1,1.0909090909090908,1.0,1.0,1.0
direct+staged,nvbench2:test:99,boxplot,13,10,7,0,1,0.0,0.0,0.0
direct+staged,nvbench2:test:99,boxplot,13,30,7,0,1,0.0,0.0,0.0
direct+staged,nvbench2:test:99,boxplot,13,60,7,0,1,0.0,0.0,0.0
direct+staged,nvbench2:test:99,boxplot,13,100,7,0,1,0.0,0.0,0.0
