record_id,index,model,pool_name,seed,temperature,gold_family,rerank_applicable,parse_success,raw_union_count,invalid_unique_removed,pool_size,complete_pool_oracle,pool_mrr,pool_hit@1,pool_recall@1,pool_precision@1,pool_f1@1,pool_hit@2,pool_recall@2,pool_precision@2,pool_f1@2,pool_hit@3,pool_recall@3,pool_precision@3,pool_f1@3,pool_hit@4,pool_recall@4,pool_precision@4,pool_f1@4,pool_hit@5,pool_recall@5,pool_precision@5,pool_f1@5,pool_hit@6,pool_recall@6,pool_precision@6,pool_f1@6,pool_hit@7,pool_recall@7,pool_precision@7,pool_f1@7,pool_hit@8,pool_recall@8,pool_precision@8,pool_f1@8,pool_hit@9,pool_recall@9,pool_precision@9,pool_f1@9,pool_hit@10,pool_recall@10,pool_precision@10,pool_f1@10,pool_hit@11,pool_recall@11,pool_precision@11,pool_f1@11,pool_hit@12,pool_recall@12,pool_precision@12,pool_f1@12,pool_hit@13,pool_recall@13,pool_precision@13,pool_f1@13,pool_hit@14,pool_recall@14,pool_precision@14,pool_f1@14,pool_hit@15,pool_recall@15,pool_precision@15,pool_f1@15,pool_hit@16,pool_recall@16,pool_precision@16,pool_f1@16,pool_hit@17,pool_recall@17,pool_precision@17,pool_f1@17,pool_hit@18,pool_recall@18,pool_precision@18,pool_f1@18,pool_hit@19,pool_recall@19,pool_precision@19,pool_f1@19,pool_hit@20,pool_recall@20,pool_precision@20,pool_f1@20,rrf_mrr,rrf_hit@1,rrf_recall@1,rrf_precision@1,rrf_f1@1,rrf_hit@3,rrf_recall@3,rrf_precision@3,rrf_f1@3,rrf_hit@5,rrf_recall@5,rrf_precision@5,rrf_f1@5,llm_mrr,llm_hit@1,llm_recall@1,llm_precision@1,llm_f1@1,llm_hit@3,llm_recall@3,llm_precision@3,llm_f1@3,llm_hit@5,llm_recall@5,llm_precision@5,llm_f1@5,pool_best_graded,rrf_top1_graded,rrf_best5_graded,llm_top1_graded,llm_best5_graded,elapsed_seconds,paired_llm_minus_rrf_hit1
nvbench2:dev:17,17,mistral-small:24b,direct,77,0.0,line,1.0,1.0,10,5,5,0.0,0.0,0.0,0.0,0.0,0.0,0.0,0.0,0.0,0.0,0.0,0.0,0.0,0.0,0.0,0.0,0.0,0.0,0.0,0.0,0.0,0.0,0.0,0.0,0.0,0.0,0.0,0.0,0.0,0.0,0.0,0.0,0.0,0.0,0.0,0.0,0.0,0.0,0.0,0.0,0.0,0.0,0.0,0.0,0.0,0.0,0.0,0.0,0.0,0.0,0.0,0.0,0.0,0.0,0.0,0.0,0.0,0.0,0.0,0.0,0.0,0.0,0.0,0.0,0.0,0.0,0.0,0.0,0.0,0.0,0.0,0.0,0.0,0.0,0.0,0.0,0.0,0.0,0.0,0.0,0.0,0.0,0.0,0.0,0.0,0.0,0.0,0.0,0.0,0.0,0.0,0.0,0.0,0.0,0.0,0.0,0.0,0.0,0.0,0.0,0.0,0.0,0.0,0.0,0.0,0.0,0.0,0.0,0.44000000000000006,0.44000000000000006,0.44000000000000006,0.3333333333333333,0.44000000000000006,11.014709042,0.0
nvbench2:dev:22,22,mistral-small:24b,direct,77,0.0,boxplot,1.0,1.0,14,4,10,0.0,0.0,0.0,0.0,0.0,0.0,0.0,0.0,0.0,0.0,0.0,0.0,0.0,0.0,0.0,0.0,0.0,0.0,0.0,0.0,0.0,0.0,0.0,0.0,0.0,0.0,0.0,0.0,0.0,0.0,0.0,0.0,0.0,0.0,0.0,0.0,0.0,0.0,0.0,0.0,0.0,0.0,0.0,0.0,0.0,0.0,0.0,0.0,0.0,0.0,0.0,0.0,0.0,0.0,0.0,0.0,0.0,0.0,0.0,0.0,0.0,0.0,0.0,0.0,0.0,0.0,0.0,0.0,0.0,0.0,0.0,0.0,0.0,0.0,0.0,0.0,0.0,0.0,0.0,0.0,0.0,0.0,0.0,0.0,0.0,0.0,0.0,0.0,0.0,0.0,0.0,0.0,0.0,0.0,0.0,0.0,0.0,0.0,0.0,0.0,0.0,0.0,0.0,0.0,0.0,0.0,0.0,0.0,1.0,0.7333333333333333,1.0,0.7333333333333333,1.0,2.825943959,0.0
nvbench2:dev:23,23,mistral-small:24b,direct,77,0.0,point,1.0,1.0,14,5,9,0.0,0.0,0.0,0.0,0.0,0.0,0.0,0.0,0.0,0.0,0.0,0.0,0.0,0.0,0.0,0.0,0.0,0.0,0.0,0.0,0.0,0.0,0.0,0.0,0.0,0.0,0.0,0.0,0.0,0.0,0.0,0.0,0.0,0.0,0.0,0.0,0.0,0.0,0.0,0.0,0.0,0.0,0.0,0.0,0.0,0.0,0.0,0.0,0.0,0.0,0.0,0.0,0.0,0.0,0.0,0.0,0.0,0.0,0.0,0.0,0.0,0.0,0.0,0.0,0.0,0.0,0.0,0.0,0.0,0.0,0.0,0.0,0.0,0.0,0.0,0.0,0.0,0.0,0.0,0.0,0.0,0.0,0.0,0.0,0.0,0.0,0.0,0.0,0.0,0.0,0.0,0.0,0.0,0.0,0.0,0.0,0.0,0.0,0.0,0.0,0.0,0.0,0.0,0.0,0.0,0.0,0.0,0.0,0.64,0.44000000000000006,0.48571428571428577,0.44000000000000006,0.64,2.946853082999999,0.0
nvbench2:dev:25,25,mistral-small:24b,direct,77,0.0,rect,1.0,1.0,16,2,14,0.0,0.0,0.0,0.0,0.0,0.0,0.0,0.0,0.0,0.0,0.0,0.0,0.0,0.0,0.0,0.0,0.0,0.0,0.0,0.0,0.0,0.0,0.0,0.0,0.0,0.0,0.0,0.0,0.0,0.0,0.0,0.0,0.0,0.0,0.0,0.0,0.0,0.0,0.0,0.0,0.0,0.0,0.0,0.0,0.0,0.0,0.0,0.0,0.0,0.0,0.0,0.0,0.0,0.0,0.0,0.0,0.0,0.0,0.0,0.0,0.0,0.0,0.0,0.0,0.0,0.0,0.0,0.0,0.0,0.0,0.0,0.0,0.0,0.0,0.0,0.0,0.0,0.0,0.0,0.0,0.0,0.0,0.0,0.0,0.0,0.0,0.0,0.0,0.0,0.0,0.0,0.0,0.0,0.0,0.0,0.0,0.0,0.0,0.0,0.0,0.0,0.0,0.0,0.0,0.0,0.0,0.0,0.0,0.9333333333333332,0.9333333333333332,0.9333333333333332,0.6666666666666667,0.9333333333333332,3.868062708,0.0
nvbench2:dev:33,33,mistral-small:24b,direct,77,0.0,arc,1.0,1.0,14,10,4,0.0,0.0,0.0,0.0,0.0,0.0,0.0,0.0,0.0,0.0,0.0,0.0,0.0,0.0,0.0,0.0,0.0,0.0,0.0,0.0,0.0,0.0,0.0,0.0,0.0,0.0,0.0,0.0,0.0,0.0,0.0,0.0,0.0,0.0,0.0,0.0,0.0,0.0,0.0,0.0,0.0,0.0,0.0,0.0,0.0,0.0,0.0,0.0,0.0,0.0,0.0,0.0,0.0,0.0,0.0,0.0,0.0,0.0,0.0,0.0,0.0,0.0,0.0,0.0,0.0,0.0,0.0,0.0,0.0,0.0,0.0,0.0,0.0,0.0,0.0,0.0,0.0,0.0,0.0,0.0,0.0,0.0,0.0,0.0,0.0,0.0,0.0,0.0,0.0,0.0,0.0,0.0,0.0,0.0,0.0,0.0,0.0,0.0,0.0,0.0,0.0,0.0,0.0,0.0,0.0,0.0,0.0,0.0,0.8,0.8,0.8,0.8,0.8,1.8751520839999998,0.0
nvbench2:dev:34,34,mistral-small:24b,direct,77,0.0,point,1.0,1.0,10,4,6,1.0,1.0,1.0,0.5,1.0,0.6666666666666666,1.0,0.5,0.5,0.5,1.0,0.5,0.3333333333333333,0.4,1.0,0.5,0.25,0.3333333333333333,1.0,0.5,0.2,0.28571428571428575,1.0,0.5,0.16666666666666666,0.25,1.0,0.5,0.16666666666666666,0.25,1.0,0.5,0.16666666666666666,0.25,1.0,0.5,0.16666666666666666,0.25,1.0,0.5,0.16666666666666666,0.25,1.0,0.5,0.16666666666666666,0.25,1.0,0.5,0.16666666666666666,0.25,1.0,0.5,0.16666666666666666,0.25,1.0,0.5,0.16666666666666666,0.25,1.0,0.5,0.16666666666666666,0.25,1.0,0.5,0.16666666666666666,0.25,1.0,0.5,0.16666666666666666,0.25,1.0,0.5,0.16666666666666666,0.25,1.0,0.5,0.16666666666666666,0.25,1.0,0.5,0.16666666666666666,0.25,1.0,1.0,0.5,1.0,0.6666666666666666,1.0,0.5,0.3333333333333333,0.4,1.0,0.5,0.2,0.28571428571428575,0.3333333333333333,0.0,0.0,0.0,0.0,1.0,0.5,0.3333333333333333,0.4,1.0,0.5,0.2,0.28571428571428575,1.0,1.0,1.0,1.0,1.0,1.9942501250000007,-1.0
nvbench2:dev:35,35,mistral-small:24b,direct,77,0.0,bar+line+point+rect,1.0,1.0,11,3,8,0.0,0.0,0.0,0.0,0.0,0.0,0.0,0.0,0.0,0.0,0.0,0.0,0.0,0.0,0.0,0.0,0.0,0.0,0.0,0.0,0.0,0.0,0.0,0.0,0.0,0.0,0.0,0.0,0.0,0.0,0.0,0.0,0.0,0.0,0.0,0.0,0.0,0.0,0.0,0.0,0.0,0.0,0.0,0.0,0.0,0.0,0.0,0.0,0.0,0.0,0.0,0.0,0.0,0.0,0.0,0.0,0.0,0.0,0.0,0.0,0.0,0.0,0.0,0.0,0.0,0.0,0.0,0.0,0.0,0.0,0.0,0.0,0.0,0.0,0.0,0.0,0.0,0.0,0.0,0.0,0.0,0.0,0.0,0.0,0.0,0.0,0.0,0.0,0.0,0.0,0.0,0.0,0.0,0.0,0.0,0.0,0.0,0.0,0.0,0.0,0.0,0.0,0.0,0.0,0.0,0.0,0.0,0.0,0.7333333333333333,0.7333333333333333,0.7333333333333333,0.7333333333333333,0.7333333333333333,2.5158682500000005,0.0
nvbench2:dev:39,39,mistral-small:24b,direct,77,0.0,arc,1.0,1.0,13,10,3,0.0,0.0,0.0,0.0,0.0,0.0,0.0,0.0,0.0,0.0,0.0,0.0,0.0,0.0,0.0,0.0,0.0,0.0,0.0,0.0,0.0,0.0,0.0,0.0,0.0,0.0,0.0,0.0,0.0,0.0,0.0,0.0,0.0,0.0,0.0,0.0,0.0,0.0,0.0,0.0,0.0,0.0,0.0,0.0,0.0,0.0,0.0,0.0,0.0,0.0,0.0,0.0,0.0,0.0,0.0,0.0,0.0,0.0,0.0,0.0,0.0,0.0,0.0,0.0,0.0,0.0,0.0,0.0,0.0,0.0,0.0,0.0,0.0,0.0,0.0,0.0,0.0,0.0,0.0,0.0,0.0,0.0,0.0,0.0,0.0,0.0,0.0,0.0,0.0,0.0,0.0,0.0,0.0,0.0,0.0,0.0,0.0,0.0,0.0,0.0,0.0,0.0,0.0,0.0,0.0,0.0,0.0,0.0,1.0,1.0,1.0,1.0,1.0,1.8208653340000005,0.0
nvbench2:dev:40,40,mistral-small:24b,direct,77,0.0,rect,1.0,1.0,16,6,10,0.0,0.0,0.0,0.0,0.0,0.0,0.0,0.0,0.0,0.0,0.0,0.0,0.0,0.0,0.0,0.0,0.0,0.0,0.0,0.0,0.0,0.0,0.0,0.0,0.0,0.0,0.0,0.0,0.0,0.0,0.0,0.0,0.0,0.0,0.0,0.0,0.0,0.0,0.0,0.0,0.0,0.0,0.0,0.0,0.0,0.0,0.0,0.0,0.0,0.0,0.0,0.0,0.0,0.0,0.0,0.0,0.0,0.0,0.0,0.0,0.0,0.0,0.0,0.0,0.0,0.0,0.0,0.0,0.0,0.0,0.0,0.0,0.0,0.0,0.0,0.0,0.0,0.0,0.0,0.0,0.0,0.0,0.0,0.0,0.0,0.0,0.0,0.0,0.0,0.0,0.0,0.0,0.0,0.0,0.0,0.0,0.0,0.0,0.0,0.0,0.0,0.0,0.0,0.0,0.0,0.0,0.0,0.0,1.0,0.6666666666666667,0.9333333333333332,1.0,1.0,3.3566116660000027,0.0
nvbench2:dev:41,41,mistral-small:24b,direct,77,0.0,arc,1.0,1.0,10,6,4,1.0,0.5,0.0,0.0,0.0,0.0,1.0,0.3333333333333333,0.5,0.4,1.0,0.3333333333333333,0.3333333333333333,0.3333333333333333,1.0,0.3333333333333333,0.25,0.28571428571428575,1.0,0.3333333333333333,0.25,0.28571428571428575,1.0,0.3333333333333333,0.25,0.28571428571428575,1.0,0.3333333333333333,0.25,0.28571428571428575,1.0,0.3333333333333333,0.25,0.28571428571428575,1.0,0.3333333333333333,0.25,0.28571428571428575,1.0,0.3333333333333333,0.25,0.28571428571428575,1.0,0.3333333333333333,0.25,0.28571428571428575,1.0,0.3333333333333333,0.25,0.28571428571428575,1.0,0.3333333333333333,0.25,0.28571428571428575,1.0,0.3333333333333333,0.25,0.28571428571428575,1.0,0.3333333333333333,0.25,0.28571428571428575,1.0,0.3333333333333333,0.25,0.28571428571428575,1.0,0.3333333333333333,0.25,0.28571428571428575,1.0,0.3333333333333333,0.25,0.28571428571428575,1.0,0.3333333333333333,0.25,0.28571428571428575,1.0,0.3333333333333333,0.25,0.28571428571428575,0.5,0.0,0.0,0.0,0.0,1.0,0.3333333333333333,0.3333333333333333,0.3333333333333333,1.0,0.3333333333333333,0.25,0.28571428571428575,0.5,0.0,0.0,0.0,0.0,1.0,0.3333333333333333,0.3333333333333333,0.3333333333333333,1.0,0.3333333333333333,0.25,0.28571428571428575,1.0,1.0,1.0,1.0,1.0,1.912804874999999,0.0
nvbench2:dev:48,48,mistral-small:24b,direct,77,0.0,arc,1.0,1.0,12,1,11,1.0,0.2,0.0,0.0,0.0,0.0,0.0,0.0,0.0,0.0,0.0,0.0,0.0,0.0,0.0,0.0,0.0,0.0,1.0,0.5,0.2,0.28571428571428575,1.0,0.5,0.16666666666666666,0.25,1.0,0.5,0.14285714285714285,0.22222222222222224,1.0,0.5,0.125,0.2,1.0,0.5,0.1111111111111111,0.1818181818181818,1.0,0.5,0.1,0.16666666666666669,1.0,0.5,0.09090909090909091,0.15384615384615385,1.0,0.5,0.09090909090909091,0.15384615384615385,1.0,0.5,0.09090909090909091,0.15384615384615385,1.0,0.5,0.09090909090909091,0.15384615384615385,1.0,0.5,0.09090909090909091,0.15384615384615385,1.0,0.5,0.09090909090909091,0.15384615384615385,1.0,0.5,0.09090909090909091,0.15384615384615385,1.0,0.5,0.09090909090909091,0.15384615384615385,1.0,0.5,0.09090909090909091,0.15384615384615385,1.0,0.5,0.09090909090909091,0.15384615384615385,0.2,0.0,0.0,0.0,0.0,0.0,0.0,0.0,0.0,1.0,0.5,0.2,0.28571428571428575,0.5,0.0,0.0,0.0,0.0,1.0,0.5,0.3333333333333333,0.4,1.0,0.5,0.2,0.28571428571428575,1.0,0.2,1.0,1.0,1.0,2.7635777920000066,0.0
nvbench2:dev:49,49,mistral-small:24b,direct,77,0.0,line,1.0,1.0,13,2,11,0.0,0.0,0.0,0.0,0.0,0.0,0.0,0.0,0.0,0.0,0.0,0.0,0.0,0.0,0.0,0.0,0.0,0.0,0.0,0.0,0.0,0.0,0.0,0.0,0.0,0.0,0.0,0.0,0.0,0.0,0.0,0.0,0.0,0.0,0.0,0.0,0.0,0.0,0.0,0.0,0.0,0.0,0.0,0.0,0.0,0.0,0.0,0.0,0.0,0.0,0.0,0.0,0.0,0.0,0.0,0.0,0.0,0.0,0.0,0.0,0.0,0.0,0.0,0.0,0.0,0.0,0.0,0.0,0.0,0.0,0.0,0.0,0.0,0.0,0.0,0.0,0.0,0.0,0.0,0.0,0.0,0.0,0.0,0.0,0.0,0.0,0.0,0.0,0.0,0.0,0.0,0.0,0.0,0.0,0.0,0.0,0.0,0.0,0.0,0.0,0.0,0.0,0.0,0.0,0.0,0.0,0.0,0.0,1.0,0.7,1.0,0.9,1.0,3.4367115830000046,0.0
nvbench2:dev:51,51,mistral-small:24b,direct,77,0.0,bar,1.0,1.0,9,3,6,0.0,0.0,0.0,0.0,0.0,0.0,0.0,0.0,0.0,0.0,0.0,0.0,0.0,0.0,0.0,0.0,0.0,0.0,0.0,0.0,0.0,0.0,0.0,0.0,0.0,0.0,0.0,0.0,0.0,0.0,0.0,0.0,0.0,0.0,0.0,0.0,0.0,0.0,0.0,0.0,0.0,0.0,0.0,0.0,0.0,0.0,0.0,0.0,0.0,0.0,0.0,0.0,0.0,0.0,0.0,0.0,0.0,0.0,0.0,0.0,0.0,0.0,0.0,0.0,0.0,0.0,0.0,0.0,0.0,0.0,0.0,0.0,0.0,0.0,0.0,0.0,0.0,0.0,0.0,0.0,0.0,0.0,0.0,0.0,0.0,0.0,0.0,0.0,0.0,0.0,0.0,0.0,0.0,0.0,0.0,0.0,0.0,0.0,0.0,0.0,0.0,0.0,0.0,0.0,0.0,0.0,0.0,0.0,0.9199999999999999,0.6533333333333333,0.9199999999999999,0.9199999999999999,0.9199999999999999,2.390689958000003,0.0
nvbench2:dev:54,54,mistral-small:24b,direct,77,0.0,bar,1.0,1.0,12,4,8,0.0,0.0,0.0,0.0,0.0,0.0,0.0,0.0,0.0,0.0,0.0,0.0,0.0,0.0,0.0,0.0,0.0,0.0,0.0,0.0,0.0,0.0,0.0,0.0,0.0,0.0,0.0,0.0,0.0,0.0,0.0,0.0,0.0,0.0,0.0,0.0,0.0,0.0,0.0,0.0,0.0,0.0,0.0,0.0,0.0,0.0,0.0,0.0,0.0,0.0,0.0,0.0,0.0,0.0,0.0,0.0,0.0,0.0,0.0,0.0,0.0,0.0,0.0,0.0,0.0,0.0,0.0,0.0,0.0,0.0,0.0,0.0,0.0,0.0,0.0,0.0,0.0,0.0,0.0,0.0,0.0,0.0,0.0,0.0,0.0,0.0,0.0,0.0,0.0,0.0,0.0,0.0,0.0,0.0,0.0,0.0,0.0,0.0,0.0,0.0,0.0,0.0,0.0,0.0,0.0,0.0,0.0,0.0,0.9199999999999999,0.44000000000000006,0.9199999999999999,0.9199999999999999,0.9199999999999999,2.4071809590000015,0.0
nvbench2:dev:57,57,mistral-small:24b,direct,77,0.0,rect,1.0,1.0,16,6,10,0.0,0.0,0.0,0.0,0.0,0.0,0.0,0.0,0.0,0.0,0.0,0.0,0.0,0.0,0.0,0.0,0.0,0.0,0.0,0.0,0.0,0.0,0.0,0.0,0.0,0.0,0.0,0.0,0.0,0.0,0.0,0.0,0.0,0.0,0.0,0.0,0.0,0.0,0.0,0.0,0.0,0.0,0.0,0.0,0.0,0.0,0.0,0.0,0.0,0.0,0.0,0.0,0.0,0.0,0.0,0.0,0.0,0.0,0.0,0.0,0.0,0.0,0.0,0.0,0.0,0.0,0.0,0.0,0.0,0.0,0.0,0.0,0.0,0.0,0.0,0.0,0.0,0.0,0.0,0.0,0.0,0.0,0.0,0.0,0.0,0.0,0.0,0.0,0.0,0.0,0.0,0.0,0.0,0.0,0.0,0.0,0.0,0.0,0.0,0.0,0.0,0.0,0.0,0.0,0.0,0.0,0.0,0.0,1.0,1.0,1.0,1.0,1.0,3.0626413749999983,0.0
nvbench2:dev:61,61,mistral-small:24b,direct,77,0.0,arc,1.0,1.0,9,7,2,0.0,0.0,0.0,0.0,0.0,0.0,0.0,0.0,0.0,0.0,0.0,0.0,0.0,0.0,0.0,0.0,0.0,0.0,0.0,0.0,0.0,0.0,0.0,0.0,0.0,0.0,0.0,0.0,0.0,0.0,0.0,0.0,0.0,0.0,0.0,0.0,0.0,0.0,0.0,0.0,0.0,0.0,0.0,0.0,0.0,0.0,0.0,0.0,0.0,0.0,0.0,0.0,0.0,0.0,0.0,0.0,0.0,0.0,0.0,0.0,0.0,0.0,0.0,0.0,0.0,0.0,0.0,0.0,0.0,0.0,0.0,0.0,0.0,0.0,0.0,0.0,0.0,0.0,0.0,0.0,0.0,0.0,0.0,0.0,0.0,0.0,0.0,0.0,0.0,0.0,0.0,0.0,0.0,0.0,0.0,0.0,0.0,0.0,0.0,0.0,0.0,0.0,0.0,0.0,0.0,0.0,0.0,0.0,1.0,1.0,1.0,1.0,1.0,1.4497627909999977,0.0
nvbench2:dev:63,63,mistral-small:24b,direct,77,0.0,arc,1.0,1.0,18,12,6,0.0,0.0,0.0,0.0,0.0,0.0,0.0,0.0,0.0,0.0,0.0,0.0,0.0,0.0,0.0,0.0,0.0,0.0,0.0,0.0,0.0,0.0,0.0,0.0,0.0,0.0,0.0,0.0,0.0,0.0,0.0,0.0,0.0,0.0,0.0,0.0,0.0,0.0,0.0,0.0,0.0,0.0,0.0,0.0,0.0,0.0,0.0,0.0,0.0,0.0,0.0,0.0,0.0,0.0,0.0,0.0,0.0,0.0,0.0,0.0,0.0,0.0,0.0,0.0,0.0,0.0,0.0,0.0,0.0,0.0,0.0,0.0,0.0,0.0,0.0,0.0,0.0,0.0,0.0,0.0,0.0,0.0,0.0,0.0,0.0,0.0,0.0,0.0,0.0,0.0,0.0,0.0,0.0,0.0,0.0,0.0,0.0,0.0,0.0,0.0,0.0,0.0,0.0,0.0,0.0,0.0,0.0,0.0,1.0,0.7,1.0,1.0,1.0,2.329759916999997,0.0
nvbench2:dev:68,68,mistral-small:24b,direct,77,0.0,arc,1.0,1.0,9,3,6,0.0,0.0,0.0,0.0,0.0,0.0,0.0,0.0,0.0,0.0,0.0,0.0,0.0,0.0,0.0,0.0,0.0,0.0,0.0,0.0,0.0,0.0,0.0,0.0,0.0,0.0,0.0,0.0,0.0,0.0,0.0,0.0,0.0,0.0,0.0,0.0,0.0,0.0,0.0,0.0,0.0,0.0,0.0,0.0,0.0,0.0,0.0,0.0,0.0,0.0,0.0,0.0,0.0,0.0,0.0,0.0,0.0,0.0,0.0,0.0,0.0,0.0,0.0,0.0,0.0,0.0,0.0,0.0,0.0,0.0,0.0,0.0,0.0,0.0,0.0,0.0,0.0,0.0,0.0,0.0,0.0,0.0,0.0,0.0,0.0,0.0,0.0,0.0,0.0,0.0,0.0,0.0,0.0,0.0,0.0,0.0,0.0,0.0,0.0,0.0,0.0,0.0,0.0,0.0,0.0,0.0,0.0,0.0,1.0,0.08,1.0,1.0,1.0,2.7454607910000064,0.0
nvbench2:dev:72,72,mistral-small:24b,direct,77,0.0,arc,1.0,1.0,14,12,2,0.0,0.0,0.0,0.0,0.0,0.0,0.0,0.0,0.0,0.0,0.0,0.0,0.0,0.0,0.0,0.0,0.0,0.0,0.0,0.0,0.0,0.0,0.0,0.0,0.0,0.0,0.0,0.0,0.0,0.0,0.0,0.0,0.0,0.0,0.0,0.0,0.0,0.0,0.0,0.0,0.0,0.0,0.0,0.0,0.0,0.0,0.0,0.0,0.0,0.0,0.0,0.0,0.0,0.0,0.0,0.0,0.0,0.0,0.0,0.0,0.0,0.0,0.0,0.0,0.0,0.0,0.0,0.0,0.0,0.0,0.0,0.0,0.0,0.0,0.0,0.0,0.0,0.0,0.0,0.0,0.0,0.0,0.0,0.0,0.0,0.0,0.0,0.0,0.0,0.0,0.0,0.0,0.0,0.0,0.0,0.0,0.0,0.0,0.0,0.0,0.0,0.0,0.0,0.0,0.0,0.0,0.0,0.0,1.0,1.0,1.0,1.0,1.0,2.0334839590000016,0.0
nvbench2:dev:73,73,mistral-small:24b,direct,77,0.0,arc,0.0,0.0,11,11,0,0.0,0.0,0.0,0.0,0.0,0.0,0.0,0.0,0.0,0.0,0.0,0.0,0.0,0.0,0.0,0.0,0.0,0.0,0.0,0.0,0.0,0.0,0.0,0.0,0.0,0.0,0.0,0.0,0.0,0.0,0.0,0.0,0.0,0.0,0.0,0.0,0.0,0.0,0.0,0.0,0.0,0.0,0.0,0.0,0.0,0.0,0.0,0.0,0.0,0.0,0.0,0.0,0.0,0.0,0.0,0.0,0.0,0.0,0.0,0.0,0.0,0.0,0.0,0.0,0.0,0.0,0.0,0.0,0.0,0.0,0.0,0.0,0.0,0.0,0.0,0.0,0.0,0.0,0.0,0.0,0.0,0.0,0.0,0.0,0.0,0.0,0.0,0.0,0.0,0.0,0.0,0.0,0.0,0.0,0.0,0.0,0.0,0.0,0.0,0.0,0.0,0.0,0.0,0.0,0.0,0.0,0.0,0.0,0.0,0.0,0.0,0.0,0.0,0.0,0.0
nvbench2:dev:76,76,mistral-small:24b,direct,77,0.0,bar,1.0,1.0,14,5,9,1.0,1.0,1.0,0.2,1.0,0.33333333333333337,1.0,0.2,0.5,0.28571428571428575,1.0,0.2,0.3333333333333333,0.25,1.0,0.2,0.25,0.22222222222222224,1.0,0.2,0.2,0.20000000000000004,1.0,0.2,0.16666666666666666,0.1818181818181818,1.0,0.2,0.14285714285714285,0.16666666666666666,1.0,0.2,0.125,0.15384615384615385,1.0,0.2,0.1111111111111111,0.14285714285714285,1.0,0.2,0.1111111111111111,0.14285714285714285,1.0,0.2,0.1111111111111111,0.14285714285714285,1.0,0.2,0.1111111111111111,0.14285714285714285,1.0,0.2,0.1111111111111111,0.14285714285714285,1.0,0.2,0.1111111111111111,0.14285714285714285,1.0,0.2,0.1111111111111111,0.14285714285714285,1.0,0.2,0.1111111111111111,0.14285714285714285,1.0,0.2,0.1111111111111111,0.14285714285714285,1.0,0.2,0.1111111111111111,0.14285714285714285,1.0,0.2,0.1111111111111111,0.14285714285714285,1.0,0.2,0.1111111111111111,0.14285714285714285,1.0,1.0,0.2,1.0,0.33333333333333337,1.0,0.2,0.3333333333333333,0.25,1.0,0.2,0.2,0.20000000000000004,1.0,1.0,0.2,1.0,0.33333333333333337,1.0,0.2,0.3333333333333333,0.25,1.0,0.2,0.25,0.22222222222222224,1.0,1.0,1.0,1.0,1.0,3.2295010420000025,0.0
nvbench2:dev:83,83,mistral-small:24b,direct,77,0.0,arc,1.0,1.0,10,7,3,1.0,0.5,0.0,0.0,0.0,0.0,1.0,0.25,0.5,0.3333333333333333,1.0,0.25,0.3333333333333333,0.28571428571428575,1.0,0.25,0.3333333333333333,0.28571428571428575,1.0,0.25,0.3333333333333333,0.28571428571428575,1.0,0.25,0.3333333333333333,0.28571428571428575,1.0,0.25,0.3333333333333333,0.28571428571428575,1.0,0.25,0.3333333333333333,0.28571428571428575,1.0,0.25,0.3333333333333333,0.28571428571428575,1.0,0.25,0.3333333333333333,0.28571428571428575,1.0,0.25,0.3333333333333333,0.28571428571428575,1.0,0.25,0.3333333333333333,0.28571428571428575,1.0,0.25,0.3333333333333333,0.28571428571428575,1.0,0.25,0.3333333333333333,0.28571428571428575,1.0,0.25,0.3333333333333333,0.28571428571428575,1.0,0.25,0.3333333333333333,0.28571428571428575,1.0,0.25,0.3333333333333333,0.28571428571428575,1.0,0.25,0.3333333333333333,0.28571428571428575,1.0,0.25,0.3333333333333333,0.28571428571428575,1.0,0.25,0.3333333333333333,0.28571428571428575,0.5,0.0,0.0,0.0,0.0,1.0,0.25,0.3333333333333333,0.28571428571428575,1.0,0.25,0.3333333333333333,0.28571428571428575,0.5,0.0,0.0,0.0,0.0,1.0,0.25,0.3333333333333333,0.28571428571428575,1.0,0.25,0.3333333333333333,0.28571428571428575,1.0,1.0,1.0,1.0,1.0,1.8084575829999991,0.0
nvbench2:dev:84,84,mistral-small:24b,direct,77,0.0,rect,1.0,1.0,18,9,9,0.0,0.0,0.0,0.0,0.0,0.0,0.0,0.0,0.0,0.0,0.0,0.0,0.0,0.0,0.0,0.0,0.0,0.0,0.0,0.0,0.0,0.0,0.0,0.0,0.0,0.0,0.0,0.0,0.0,0.0,0.0,0.0,0.0,0.0,0.0,0.0,0.0,0.0,0.0,0.0,0.0,0.0,0.0,0.0,0.0,0.0,0.0,0.0,0.0,0.0,0.0,0.0,0.0,0.0,0.0,0.0,0.0,0.0,0.0,0.0,0.0,0.0,0.0,0.0,0.0,0.0,0.0,0.0,0.0,0.0,0.0,0.0,0.0,0.0,0.0,0.0,0.0,0.0,0.0,0.0,0.0,0.0,0.0,0.0,0.0,0.0,0.0,0.0,0.0,0.0,0.0,0.0,0.0,0.0,0.0,0.0,0.0,0.0,0.0,0.0,0.0,0.0,0.0,0.0,0.0,0.0,0.0,0.0,1.0,0.8666666666666668,0.8666666666666668,0.8666666666666668,0.8666666666666668,3.2701400420000013,0.0
nvbench2:dev:89,89,mistral-small:24b,direct,77,0.0,arc,1.0,1.0,15,9,6,0.0,0.0,0.0,0.0,0.0,0.0,0.0,0.0,0.0,0.0,0.0,0.0,0.0,0.0,0.0,0.0,0.0,0.0,0.0,0.0,0.0,0.0,0.0,0.0,0.0,0.0,0.0,0.0,0.0,0.0,0.0,0.0,0.0,0.0,0.0,0.0,0.0,0.0,0.0,0.0,0.0,0.0,0.0,0.0,0.0,0.0,0.0,0.0,0.0,0.0,0.0,0.0,0.0,0.0,0.0,0.0,0.0,0.0,0.0,0.0,0.0,0.0,0.0,0.0,0.0,0.0,0.0,0.0,0.0,0.0,0.0,0.0,0.0,0.0,0.0,0.0,0.0,0.0,0.0,0.0,0.0,0.0,0.0,0.0,0.0,0.0,0.0,0.0,0.0,0.0,0.0,0.0,0.0,0.0,0.0,0.0,0.0,0.0,0.0,0.0,0.0,0.0,0.0,0.0,0.0,0.0,0.0,0.0,1.0,0.6,1.0,0.2,1.0,2.5740779160000073,0.0
nvbench2:dev:92,92,mistral-small:24b,direct,77,0.0,arc,1.0,1.0,13,7,6,0.0,0.0,0.0,0.0,0.0,0.0,0.0,0.0,0.0,0.0,0.0,0.0,0.0,0.0,0.0,0.0,0.0,0.0,0.0,0.0,0.0,0.0,0.0,0.0,0.0,0.0,0.0,0.0,0.0,0.0,0.0,0.0,0.0,0.0,0.0,0.0,0.0,0.0,0.0,0.0,0.0,0.0,0.0,0.0,0.0,0.0,0.0,0.0,0.0,0.0,0.0,0.0,0.0,0.0,0.0,0.0,0.0,0.0,0.0,0.0,0.0,0.0,0.0,0.0,0.0,0.0,0.0,0.0,0.0,0.0,0.0,0.0,0.0,0.0,0.0,0.0,0.0,0.0,0.0,0.0,0.0,0.0,0.0,0.0,0.0,0.0,0.0,0.0,0.0,0.0,0.0,0.0,0.0,0.0,0.0,0.0,0.0,0.0,0.0,0.0,0.0,0.0,0.0,0.0,0.0,0.0,0.0,0.0,0.8,0.8,0.8,0.8,0.8,2.801371166999999,0.0
nvbench2:dev:97,97,mistral-small:24b,direct,77,0.0,line,1.0,1.0,9,8,1,0.0,0.0,0.0,0.0,0.0,0.0,0.0,0.0,0.0,0.0,0.0,0.0,0.0,0.0,0.0,0.0,0.0,0.0,0.0,0.0,0.0,0.0,0.0,0.0,0.0,0.0,0.0,0.0,0.0,0.0,0.0,0.0,0.0,0.0,0.0,0.0,0.0,0.0,0.0,0.0,0.0,0.0,0.0,0.0,0.0,0.0,0.0,0.0,0.0,0.0,0.0,0.0,0.0,0.0,0.0,0.0,0.0,0.0,0.0,0.0,0.0,0.0,0.0,0.0,0.0,0.0,0.0,0.0,0.0,0.0,0.0,0.0,0.0,0.0,0.0,0.0,0.0,0.0,0.0,0.0,0.0,0.0,0.0,0.0,0.0,0.0,0.0,0.0,0.0,0.0,0.0,0.0,0.0,0.0,0.0,0.0,0.0,0.0,0.0,0.0,0.0,0.0,0.0,0.0,0.0,0.0,0.0,0.0,0.08,0.08,0.08,0.08,0.08,1.0736569169999939,0.0
nvbench2:dev:103,103,mistral-small:24b,direct,77,0.0,boxplot,1.0,1.0,13,5,8,1.0,0.25,0.0,0.0,0.0,0.0,0.0,0.0,0.0,0.0,0.0,0.0,0.0,0.0,1.0,0.25,0.25,0.25,1.0,0.25,0.2,0.22222222222222224,1.0,0.25,0.16666666666666666,0.2,1.0,0.25,0.14285714285714285,0.18181818181818182,1.0,0.25,0.125,0.16666666666666666,1.0,0.25,0.125,0.16666666666666666,1.0,0.25,0.125,0.16666666666666666,1.0,0.25,0.125,0.16666666666666666,1.0,0.25,0.125,0.16666666666666666,1.0,0.25,0.125,0.16666666666666666,1.0,0.25,0.125,0.16666666666666666,1.0,0.25,0.125,0.16666666666666666,1.0,0.25,0.125,0.16666666666666666,1.0,0.25,0.125,0.16666666666666666,1.0,0.25,0.125,0.16666666666666666,1.0,0.25,0.125,0.16666666666666666,1.0,0.25,0.125,0.16666666666666666,0.25,0.0,0.0,0.0,0.0,0.0,0.0,0.0,0.0,1.0,0.25,0.2,0.22222222222222224,0.0,0.0,0.0,0.0,0.0,0.0,0.0,0.0,0.0,0.0,0.0,0.0,0.0,1.0,0.2,1.0,1.0,1.0,2.550827208000001,0.0
nvbench2:dev:105,105,mistral-small:24b,direct,77,0.0,arc,1.0,1.0,15,9,6,1.0,0.5,0.0,0.0,0.0,0.0,1.0,0.5,0.5,0.5,1.0,0.5,0.3333333333333333,0.4,1.0,0.5,0.25,0.3333333333333333,1.0,0.5,0.2,0.28571428571428575,1.0,0.5,0.16666666666666666,0.25,1.0,0.5,0.16666666666666666,0.25,1.0,0.5,0.16666666666666666,0.25,1.0,0.5,0.16666666666666666,0.25,1.0,0.5,0.16666666666666666,0.25,1.0,0.5,0.16666666666666666,0.25,1.0,0.5,0.16666666666666666,0.25,1.0,0.5,0.16666666666666666,0.25,1.0,0.5,0.16666666666666666,0.25,1.0,0.5,0.16666666666666666,0.25,1.0,0.5,0.16666666666666666,0.25,1.0,0.5,0.16666666666666666,0.25,1.0,0.5,0.16666666666666666,0.25,1.0,0.5,0.16666666666666666,0.25,1.0,0.5,0.16666666666666666,0.25,0.5,0.0,0.0,0.0,0.0,1.0,0.5,0.3333333333333333,0.4,1.0,0.5,0.2,0.28571428571428575,0.5,0.0,0.0,0.0,0.0,1.0,0.5,0.3333333333333333,0.4,1.0,0.5,0.2,0.28571428571428575,1.0,1.0,1.0,1.0,1.0,2.5620682920000064,0.0
nvbench2:dev:108,108,mistral-small:24b,direct,77,0.0,boxplot,1.0,1.0,10,4,6,0.0,0.0,0.0,0.0,0.0,0.0,0.0,0.0,0.0,0.0,0.0,0.0,0.0,0.0,0.0,0.0,0.0,0.0,0.0,0.0,0.0,0.0,0.0,0.0,0.0,0.0,0.0,0.0,0.0,0.0,0.0,0.0,0.0,0.0,0.0,0.0,0.0,0.0,0.0,0.0,0.0,0.0,0.0,0.0,0.0,0.0,0.0,0.0,0.0,0.0,0.0,0.0,0.0,0.0,0.0,0.0,0.0,0.0,0.0,0.0,0.0,0.0,0.0,0.0,0.0,0.0,0.0,0.0,0.0,0.0,0.0,0.0,0.0,0.0,0.0,0.0,0.0,0.0,0.0,0.0,0.0,0.0,0.0,0.0,0.0,0.0,0.0,0.0,0.0,0.0,0.0,0.0,0.0,0.0,0.0,0.0,0.0,0.0,0.0,0.0,0.0,0.0,0.0,0.0,0.0,0.0,0.0,0.0,1.0,0.4,1.0,1.0,1.0,2.2717211670000097,0.0
nvbench2:dev:112,112,mistral-small:24b,direct,77,0.0,boxplot,1.0,1.0,9,3,6,0.0,0.0,0.0,0.0,0.0,0.0,0.0,0.0,0.0,0.0,0.0,0.0,0.0,0.0,0.0,0.0,0.0,0.0,0.0,0.0,0.0,0.0,0.0,0.0,0.0,0.0,0.0,0.0,0.0,0.0,0.0,0.0,0.0,0.0,0.0,0.0,0.0,0.0,0.0,0.0,0.0,0.0,0.0,0.0,0.0,0.0,0.0,0.0,0.0,0.0,0.0,0.0,0.0,0.0,0.0,0.0,0.0,0.0,0.0,0.0,0.0,0.0,0.0,0.0,0.0,0.0,0.0,0.0,0.0,0.0,0.0,0.0,0.0,0.0,0.0,0.0,0.0,0.0,0.0,0.0,0.0,0.0,0.0,0.0,0.0,0.0,0.0,0.0,0.0,0.0,0.0,0.0,0.0,0.0,0.0,0.0,0.0,0.0,0.0,0.0,0.0,0.0,0.0,0.0,0.0,0.0,0.0,0.0,0.6,0.6,0.6,0.6,0.6,2.7726959590000035,0.0
nvbench2:dev:114,114,mistral-small:24b,direct,77,0.0,line,1.0,1.0,14,3,11,0.0,0.0,0.0,0.0,0.0,0.0,0.0,0.0,0.0,0.0,0.0,0.0,0.0,0.0,0.0,0.0,0.0,0.0,0.0,0.0,0.0,0.0,0.0,0.0,0.0,0.0,0.0,0.0,0.0,0.0,0.0,0.0,0.0,0.0,0.0,0.0,0.0,0.0,0.0,0.0,0.0,0.0,0.0,0.0,0.0,0.0,0.0,0.0,0.0,0.0,0.0,0.0,0.0,0.0,0.0,0.0,0.0,0.0,0.0,0.0,0.0,0.0,0.0,0.0,0.0,0.0,0.0,0.0,0.0,0.0,0.0,0.0,0.0,0.0,0.0,0.0,0.0,0.0,0.0,0.0,0.0,0.0,0.0,0.0,0.0,0.0,0.0,0.0,0.0,0.0,0.0,0.0,0.0,0.0,0.0,0.0,0.0,0.0,0.0,0.0,0.0,0.0,0.0,0.0,0.0,0.0,0.0,0.0,0.5733333333333334,0.37333333333333335,0.5733333333333334,0.37333333333333335,0.5733333333333334,3.5126955829999957,0.0
nvbench2:dev:116,116,mistral-small:24b,direct,77,0.0,arc,1.0,1.0,15,10,5,1.0,0.5,0.0,0.0,0.0,0.0,1.0,0.3333333333333333,0.5,0.4,1.0,0.3333333333333333,0.3333333333333333,0.3333333333333333,1.0,0.3333333333333333,0.25,0.28571428571428575,1.0,0.3333333333333333,0.2,0.25,1.0,0.3333333333333333,0.2,0.25,1.0,0.3333333333333333,0.2,0.25,1.0,0.3333333333333333,0.2,0.25,1.0,0.3333333333333333,0.2,0.25,1.0,0.3333333333333333,0.2,0.25,1.0,0.3333333333333333,0.2,0.25,1.0,0.3333333333333333,0.2,0.25,1.0,0.3333333333333333,0.2,0.25,1.0,0.3333333333333333,0.2,0.25,1.0,0.3333333333333333,0.2,0.25,1.0,0.3333333333333333,0.2,0.25,1.0,0.3333333333333333,0.2,0.25,1.0,0.3333333333333333,0.2,0.25,1.0,0.3333333333333333,0.2,0.25,1.0,0.3333333333333333,0.2,0.25,0.5,0.0,0.0,0.0,0.0,1.0,0.3333333333333333,0.3333333333333333,0.3333333333333333,1.0,0.3333333333333333,0.2,0.25,1.0,1.0,0.3333333333333333,1.0,0.5,1.0,0.3333333333333333,0.3333333333333333,0.3333333333333333,1.0,0.3333333333333333,0.3333333333333333,0.3333333333333333,1.0,1.0,1.0,1.0,1.0,2.1640457089999927,1.0
nvbench2:dev:118,118,mistral-small:24b,direct,77,0.0,rect,1.0,1.0,13,3,10,0.0,0.0,0.0,0.0,0.0,0.0,0.0,0.0,0.0,0.0,0.0,0.0,0.0,0.0,0.0,0.0,0.0,0.0,0.0,0.0,0.0,0.0,0.0,0.0,0.0,0.0,0.0,0.0,0.0,0.0,0.0,0.0,0.0,0.0,0.0,0.0,0.0,0.0,0.0,0.0,0.0,0.0,0.0,0.0,0.0,0.0,0.0,0.0,0.0,0.0,0.0,0.0,0.0,0.0,0.0,0.0,0.0,0.0,0.0,0.0,0.0,0.0,0.0,0.0,0.0,0.0,0.0,0.0,0.0,0.0,0.0,0.0,0.0,0.0,0.0,0.0,0.0,0.0,0.0,0.0,0.0,0.0,0.0,0.0,0.0,0.0,0.0,0.0,0.0,0.0,0.0,0.0,0.0,0.0,0.0,0.0,0.0,0.0,0.0,0.0,0.0,0.0,0.0,0.0,0.0,0.0,0.0,0.0,0.9333333333333332,0.9333333333333332,0.9333333333333332,0.9333333333333332,0.9333333333333332,3.3022399170000085,0.0
nvbench2:dev:127,127,mistral-small:24b,direct,77,0.0,arc,1.0,1.0,14,11,3,0.0,0.0,0.0,0.0,0.0,0.0,0.0,0.0,0.0,0.0,0.0,0.0,0.0,0.0,0.0,0.0,0.0,0.0,0.0,0.0,0.0,0.0,0.0,0.0,0.0,0.0,0.0,0.0,0.0,0.0,0.0,0.0,0.0,0.0,0.0,0.0,0.0,0.0,0.0,0.0,0.0,0.0,0.0,0.0,0.0,0.0,0.0,0.0,0.0,0.0,0.0,0.0,0.0,0.0,0.0,0.0,0.0,0.0,0.0,0.0,0.0,0.0,0.0,0.0,0.0,0.0,0.0,0.0,0.0,0.0,0.0,0.0,0.0,0.0,0.0,0.0,0.0,0.0,0.0,0.0,0.0,0.0,0.0,0.0,0.0,0.0,0.0,0.0,0.0,0.0,0.0,0.0,0.0,0.0,0.0,0.0,0.0,0.0,0.0,0.0,0.0,0.0,0.0,0.0,0.0,0.0,0.0,0.0,1.0,1.0,1.0,1.0,1.0,1.8199276250000054,0.0
nvbench2:dev:136,136,mistral-small:24b,direct,77,0.0,boxplot,1.0,1.0,16,9,7,0.0,0.0,0.0,0.0,0.0,0.0,0.0,0.0,0.0,0.0,0.0,0.0,0.0,0.0,0.0,0.0,0.0,0.0,0.0,0.0,0.0,0.0,0.0,0.0,0.0,0.0,0.0,0.0,0.0,0.0,0.0,0.0,0.0,0.0,0.0,0.0,0.0,0.0,0.0,0.0,0.0,0.0,0.0,0.0,0.0,0.0,0.0,0.0,0.0,0.0,0.0,0.0,0.0,0.0,0.0,0.0,0.0,0.0,0.0,0.0,0.0,0.0,0.0,0.0,0.0,0.0,0.0,0.0,0.0,0.0,0.0,0.0,0.0,0.0,0.0,0.0,0.0,0.0,0.0,0.0,0.0,0.0,0.0,0.0,0.0,0.0,0.0,0.0,0.0,0.0,0.0,0.0,0.0,0.0,0.0,0.0,0.0,0.0,0.0,0.0,0.0,0.0,0.0,0.0,0.0,0.0,0.0,0.0,1.0,0.6,1.0,1.0,1.0,2.4935748329999967,0.0
nvbench2:dev:138,138,mistral-small:24b,direct,77,0.0,bar,1.0,1.0,10,6,4,0.0,0.0,0.0,0.0,0.0,0.0,0.0,0.0,0.0,0.0,0.0,0.0,0.0,0.0,0.0,0.0,0.0,0.0,0.0,0.0,0.0,0.0,0.0,0.0,0.0,0.0,0.0,0.0,0.0,0.0,0.0,0.0,0.0,0.0,0.0,0.0,0.0,0.0,0.0,0.0,0.0,0.0,0.0,0.0,0.0,0.0,0.0,0.0,0.0,0.0,0.0,0.0,0.0,0.0,0.0,0.0,0.0,0.0,0.0,0.0,0.0,0.0,0.0,0.0,0.0,0.0,0.0,0.0,0.0,0.0,0.0,0.0,0.0,0.0,0.0,0.0,0.0,0.0,0.0,0.0,0.0,0.0,0.0,0.0,0.0,0.0,0.0,0.0,0.0,0.0,0.0,0.0,0.0,0.0,0.0,0.0,0.0,0.0,0.0,0.0,0.0,0.0,0.0,0.0,0.0,0.0,0.0,0.0,0.8,0.16,0.8,0.5,0.8,1.828162208000009,0.0
nvbench2:dev:139,139,mistral-small:24b,direct,77,0.0,line,1.0,1.0,13,6,7,0.0,0.0,0.0,0.0,0.0,0.0,0.0,0.0,0.0,0.0,0.0,0.0,0.0,0.0,0.0,0.0,0.0,0.0,0.0,0.0,0.0,0.0,0.0,0.0,0.0,0.0,0.0,0.0,0.0,0.0,0.0,0.0,0.0,0.0,0.0,0.0,0.0,0.0,0.0,0.0,0.0,0.0,0.0,0.0,0.0,0.0,0.0,0.0,0.0,0.0,0.0,0.0,0.0,0.0,0.0,0.0,0.0,0.0,0.0,0.0,0.0,0.0,0.0,0.0,0.0,0.0,0.0,0.0,0.0,0.0,0.0,0.0,0.0,0.0,0.0,0.0,0.0,0.0,0.0,0.0,0.0,0.0,0.0,0.0,0.0,0.0,0.0,0.0,0.0,0.0,0.0,0.0,0.0,0.0,0.0,0.0,0.0,0.0,0.0,0.0,0.0,0.0,0.0,0.0,0.0,0.0,0.0,0.0,0.7,0.36,0.7,0.7,0.7,2.249246416999995,0.0
nvbench2:dev:143,143,mistral-small:24b,direct,77,0.0,rect,1.0,1.0,14,4,10,0.0,0.0,0.0,0.0,0.0,0.0,0.0,0.0,0.0,0.0,0.0,0.0,0.0,0.0,0.0,0.0,0.0,0.0,0.0,0.0,0.0,0.0,0.0,0.0,0.0,0.0,0.0,0.0,0.0,0.0,0.0,0.0,0.0,0.0,0.0,0.0,0.0,0.0,0.0,0.0,0.0,0.0,0.0,0.0,0.0,0.0,0.0,0.0,0.0,0.0,0.0,0.0,0.0,0.0,0.0,0.0,0.0,0.0,0.0,0.0,0.0,0.0,0.0,0.0,0.0,0.0,0.0,0.0,0.0,0.0,0.0,0.0,0.0,0.0,0.0,0.0,0.0,0.0,0.0,0.0,0.0,0.0,0.0,0.0,0.0,0.0,0.0,0.0,0.0,0.0,0.0,0.0,0.0,0.0,0.0,0.0,0.0,0.0,0.0,0.0,0.0,0.0,0.0,0.0,0.0,0.0,0.0,0.0,0.7333333333333333,0.6666666666666667,0.7333333333333333,0.7333333333333333,0.7333333333333333,2.8243253329999902,0.0
nvbench2:dev:144,144,mistral-small:24b,direct,77,0.0,bar,1.0,1.0,8,6,2,0.0,0.0,0.0,0.0,0.0,0.0,0.0,0.0,0.0,0.0,0.0,0.0,0.0,0.0,0.0,0.0,0.0,0.0,0.0,0.0,0.0,0.0,0.0,0.0,0.0,0.0,0.0,0.0,0.0,0.0,0.0,0.0,0.0,0.0,0.0,0.0,0.0,0.0,0.0,0.0,0.0,0.0,0.0,0.0,0.0,0.0,0.0,0.0,0.0,0.0,0.0,0.0,0.0,0.0,0.0,0.0,0.0,0.0,0.0,0.0,0.0,0.0,0.0,0.0,0.0,0.0,0.0,0.0,0.0,0.0,0.0,0.0,0.0,0.0,0.0,0.0,0.0,0.0,0.0,0.0,0.0,0.0,0.0,0.0,0.0,0.0,0.0,0.0,0.0,0.0,0.0,0.0,0.0,0.0,0.0,0.0,0.0,0.0,0.0,0.0,0.0,0.0,0.0,0.0,0.0,0.0,0.0,0.0,0.9199999999999999,0.9199999999999999,0.9199999999999999,0.9199999999999999,0.9199999999999999,1.346871041,0.0
nvbench2:dev:149,149,mistral-small:24b,direct,77,0.0,point,1.0,1.0,16,7,9,0.0,0.0,0.0,0.0,0.0,0.0,0.0,0.0,0.0,0.0,0.0,0.0,0.0,0.0,0.0,0.0,0.0,0.0,0.0,0.0,0.0,0.0,0.0,0.0,0.0,0.0,0.0,0.0,0.0,0.0,0.0,0.0,0.0,0.0,0.0,0.0,0.0,0.0,0.0,0.0,0.0,0.0,0.0,0.0,0.0,0.0,0.0,0.0,0.0,0.0,0.0,0.0,0.0,0.0,0.0,0.0,0.0,0.0,0.0,0.0,0.0,0.0,0.0,0.0,0.0,0.0,0.0,0.0,0.0,0.0,0.0,0.0,0.0,0.0,0.0,0.0,0.0,0.0,0.0,0.0,0.0,0.0,0.0,0.0,0.0,0.0,0.0,0.0,0.0,0.0,0.0,0.0,0.0,0.0,0.0,0.0,0.0,0.0,0.0,0.0,0.0,0.0,0.0,0.0,0.0,0.0,0.0,0.0,1.0,1.0,1.0,1.0,1.0,3.578113375000001,0.0
nvbench2:dev:157,157,mistral-small:24b,direct,77,0.0,point,1.0,1.0,18,2,16,0.0,0.0,0.0,0.0,0.0,0.0,0.0,0.0,0.0,0.0,0.0,0.0,0.0,0.0,0.0,0.0,0.0,0.0,0.0,0.0,0.0,0.0,0.0,0.0,0.0,0.0,0.0,0.0,0.0,0.0,0.0,0.0,0.0,0.0,0.0,0.0,0.0,0.0,0.0,0.0,0.0,0.0,0.0,0.0,0.0,0.0,0.0,0.0,0.0,0.0,0.0,0.0,0.0,0.0,0.0,0.0,0.0,0.0,0.0,0.0,0.0,0.0,0.0,0.0,0.0,0.0,0.0,0.0,0.0,0.0,0.0,0.0,0.0,0.0,0.0,0.0,0.0,0.0,0.0,0.0,0.0,0.0,0.0,0.0,0.0,0.0,0.0,0.0,0.0,0.0,0.0,0.0,0.0,0.0,0.0,0.0,0.0,0.0,0.0,0.0,0.0,0.0,0.0,0.0,0.0,0.0,0.0,0.0,0.72,0.52,0.72,0.36,0.5599999999999999,3.6159669999999977,0.0
nvbench2:dev:158,158,mistral-small:24b,direct,77,0.0,point,1.0,1.0,13,3,10,0.0,0.0,0.0,0.0,0.0,0.0,0.0,0.0,0.0,0.0,0.0,0.0,0.0,0.0,0.0,0.0,0.0,0.0,0.0,0.0,0.0,0.0,0.0,0.0,0.0,0.0,0.0,0.0,0.0,0.0,0.0,0.0,0.0,0.0,0.0,0.0,0.0,0.0,0.0,0.0,0.0,0.0,0.0,0.0,0.0,0.0,0.0,0.0,0.0,0.0,0.0,0.0,0.0,0.0,0.0,0.0,0.0,0.0,0.0,0.0,0.0,0.0,0.0,0.0,0.0,0.0,0.0,0.0,0.0,0.0,0.0,0.0,0.0,0.0,0.0,0.0,0.0,0.0,0.0,0.0,0.0,0.0,0.0,0.0,0.0,0.0,0.0,0.0,0.0,0.0,0.0,0.0,0.0,0.0,0.0,0.0,0.0,0.0,0.0,0.0,0.0,0.0,0.0,0.0,0.0,0.0,0.0,0.0,0.52,0.52,0.52,0.44000000000000006,0.44000000000000006,2.700659165999994,0.0
nvbench2:dev:165,165,mistral-small:24b,direct,77,0.0,line,1.0,1.0,10,4,6,0.0,0.0,0.0,0.0,0.0,0.0,0.0,0.0,0.0,0.0,0.0,0.0,0.0,0.0,0.0,0.0,0.0,0.0,0.0,0.0,0.0,0.0,0.0,0.0,0.0,0.0,0.0,0.0,0.0,0.0,0.0,0.0,0.0,0.0,0.0,0.0,0.0,0.0,0.0,0.0,0.0,0.0,0.0,0.0,0.0,0.0,0.0,0.0,0.0,0.0,0.0,0.0,0.0,0.0,0.0,0.0,0.0,0.0,0.0,0.0,0.0,0.0,0.0,0.0,0.0,0.0,0.0,0.0,0.0,0.0,0.0,0.0,0.0,0.0,0.0,0.0,0.0,0.0,0.0,0.0,0.0,0.0,0.0,0.0,0.0,0.0,0.0,0.0,0.0,0.0,0.0,0.0,0.0,0.0,0.0,0.0,0.0,0.0,0.0,0.0,0.0,0.0,0.0,0.0,0.0,0.0,0.0,0.0,0.8,0.7333333333333333,0.8,0.8,0.8,3.0516828749999974,0.0
nvbench2:dev:167,167,mistral-small:24b,direct,77,0.0,bar,1.0,1.0,8,7,1,0.0,0.0,0.0,0.0,0.0,0.0,0.0,0.0,0.0,0.0,0.0,0.0,0.0,0.0,0.0,0.0,0.0,0.0,0.0,0.0,0.0,0.0,0.0,0.0,0.0,0.0,0.0,0.0,0.0,0.0,0.0,0.0,0.0,0.0,0.0,0.0,0.0,0.0,0.0,0.0,0.0,0.0,0.0,0.0,0.0,0.0,0.0,0.0,0.0,0.0,0.0,0.0,0.0,0.0,0.0,0.0,0.0,0.0,0.0,0.0,0.0,0.0,0.0,0.0,0.0,0.0,0.0,0.0,0.0,0.0,0.0,0.0,0.0,0.0,0.0,0.0,0.0,0.0,0.0,0.0,0.0,0.0,0.0,0.0,0.0,0.0,0.0,0.0,0.0,0.0,0.0,0.0,0.0,0.0,0.0,0.0,0.0,0.0,0.0,0.0,0.0,0.0,0.0,0.0,0.0,0.0,0.0,0.0,0.16,0.16,0.16,0.16,0.16,1.037622416000005,0.0
nvbench2:dev:176,176,mistral-small:24b,direct,77,0.0,line,1.0,1.0,14,1,13,1.0,0.25,0.0,0.0,0.0,0.0,0.0,0.0,0.0,0.0,0.0,0.0,0.0,0.0,1.0,0.2,0.25,0.22222222222222224,1.0,0.2,0.2,0.20000000000000004,1.0,0.2,0.16666666666666666,0.1818181818181818,1.0,0.2,0.14285714285714285,0.16666666666666666,1.0,0.2,0.125,0.15384615384615385,1.0,0.2,0.1111111111111111,0.14285714285714285,1.0,0.2,0.1,0.13333333333333333,1.0,0.2,0.09090909090909091,0.12500000000000003,1.0,0.2,0.08333333333333333,0.11764705882352941,1.0,0.2,0.07692307692307693,0.1111111111111111,1.0,0.2,0.07692307692307693,0.1111111111111111,1.0,0.2,0.07692307692307693,0.1111111111111111,1.0,0.2,0.07692307692307693,0.1111111111111111,1.0,0.2,0.07692307692307693,0.1111111111111111,1.0,0.2,0.07692307692307693,0.1111111111111111,1.0,0.2,0.07692307692307693,0.1111111111111111,1.0,0.2,0.07692307692307693,0.1111111111111111,0.25,0.0,0.0,0.0,0.0,0.0,0.0,0.0,0.0,1.0,0.2,0.2,0.20000000000000004,0.5,0.0,0.0,0.0,0.0,1.0,0.2,0.3333333333333333,0.25,1.0,0.2,0.2,0.20000000000000004,1.0,0.64,1.0,0.64,1.0,3.8983465000000024,0.0
nvbench2:dev:182,182,mistral-small:24b,direct,77,0.0,rect,1.0,1.0,17,11,6,0.0,0.0,0.0,0.0,0.0,0.0,0.0,0.0,0.0,0.0,0.0,0.0,0.0,0.0,0.0,0.0,0.0,0.0,0.0,0.0,0.0,0.0,0.0,0.0,0.0,0.0,0.0,0.0,0.0,0.0,0.0,0.0,0.0,0.0,0.0,0.0,0.0,0.0,0.0,0.0,0.0,0.0,0.0,0.0,0.0,0.0,0.0,0.0,0.0,0.0,0.0,0.0,0.0,0.0,0.0,0.0,0.0,0.0,0.0,0.0,0.0,0.0,0.0,0.0,0.0,0.0,0.0,0.0,0.0,0.0,0.0,0.0,0.0,0.0,0.0,0.0,0.0,0.0,0.0,0.0,0.0,0.0,0.0,0.0,0.0,0.0,0.0,0.0,0.0,0.0,0.0,0.0,0.0,0.0,0.0,0.0,0.0,0.0,0.0,0.0,0.0,0.0,0.0,0.0,0.0,0.0,0.0,0.0,0.8,0.08,0.8,0.16,0.8,3.0019222499999927,0.0
nvbench2:dev:188,188,mistral-small:24b,direct,77,0.0,rect,1.0,1.0,17,3,14,1.0,0.5,0.0,0.0,0.0,0.0,1.0,0.3333333333333333,0.5,0.4,1.0,0.3333333333333333,0.3333333333333333,0.3333333333333333,1.0,0.3333333333333333,0.25,0.28571428571428575,1.0,0.6666666666666666,0.4,0.5,1.0,0.6666666666666666,0.3333333333333333,0.4444444444444444,1.0,0.6666666666666666,0.2857142857142857,0.4,1.0,0.6666666666666666,0.25,0.36363636363636365,1.0,0.6666666666666666,0.2222222222222222,0.3333333333333333,1.0,0.6666666666666666,0.2,0.30769230769230765,1.0,0.6666666666666666,0.18181818181818182,0.28571428571428575,1.0,0.6666666666666666,0.16666666666666666,0.26666666666666666,1.0,0.6666666666666666,0.15384615384615385,0.25,1.0,0.6666666666666666,0.14285714285714285,0.23529411764705882,1.0,0.6666666666666666,0.14285714285714285,0.23529411764705882,1.0,0.6666666666666666,0.14285714285714285,0.23529411764705882,1.0,0.6666666666666666,0.14285714285714285,0.23529411764705882,1.0,0.6666666666666666,0.14285714285714285,0.23529411764705882,1.0,0.6666666666666666,0.14285714285714285,0.23529411764705882,1.0,0.6666666666666666,0.14285714285714285,0.23529411764705882,0.5,0.0,0.0,0.0,0.0,1.0,0.3333333333333333,0.3333333333333333,0.3333333333333333,1.0,0.6666666666666666,0.4,0.5,0.0,0.0,0.0,0.0,0.0,0.0,0.0,0.0,0.0,0.0,0.0,0.0,0.0,1.0,1.0,1.0,1.0,1.0,4.6266392080000145,0.0
nvbench2:dev:191,191,mistral-small:24b,direct,77,0.0,rect,1.0,1.0,11,5,6,0.0,0.0,0.0,0.0,0.0,0.0,0.0,0.0,0.0,0.0,0.0,0.0,0.0,0.0,0.0,0.0,0.0,0.0,0.0,0.0,0.0,0.0,0.0,0.0,0.0,0.0,0.0,0.0,0.0,0.0,0.0,0.0,0.0,0.0,0.0,0.0,0.0,0.0,0.0,0.0,0.0,0.0,0.0,0.0,0.0,0.0,0.0,0.0,0.0,0.0,0.0,0.0,0.0,0.0,0.0,0.0,0.0,0.0,0.0,0.0,0.0,0.0,0.0,0.0,0.0,0.0,0.0,0.0,0.0,0.0,0.0,0.0,0.0,0.0,0.0,0.0,0.0,0.0,0.0,0.0,0.0,0.0,0.0,0.0,0.0,0.0,0.0,0.0,0.0,0.0,0.0,0.0,0.0,0.0,0.0,0.0,0.0,0.0,0.0,0.0,0.0,0.0,0.0,0.0,0.0,0.0,0.0,0.0,1.0,1.0,1.0,0.8666666666666666,1.0,2.5729892079999956,0.0
nvbench2:dev:203,203,mistral-small:24b,direct,77,0.0,bar+line,1.0,1.0,18,4,14,0.0,0.0,0.0,0.0,0.0,0.0,0.0,0.0,0.0,0.0,0.0,0.0,0.0,0.0,0.0,0.0,0.0,0.0,0.0,0.0,0.0,0.0,0.0,0.0,0.0,0.0,0.0,0.0,0.0,0.0,0.0,0.0,0.0,0.0,0.0,0.0,0.0,0.0,0.0,0.0,0.0,0.0,0.0,0.0,0.0,0.0,0.0,0.0,0.0,0.0,0.0,0.0,0.0,0.0,0.0,0.0,0.0,0.0,0.0,0.0,0.0,0.0,0.0,0.0,0.0,0.0,0.0,0.0,0.0,0.0,0.0,0.0,0.0,0.0,0.0,0.0,0.0,0.0,0.0,0.0,0.0,0.0,0.0,0.0,0.0,0.0,0.0,0.0,0.0,0.0,0.0,0.0,0.0,0.0,0.0,0.0,0.0,0.0,0.0,0.0,0.0,0.0,0.0,0.0,0.0,0.0,0.0,0.0,0.72,0.64,0.72,0.72,0.72,4.207202999999993,0.0
nvbench2:dev:214,214,mistral-small:24b,direct,77,0.0,rect,1.0,1.0,12,7,5,0.0,0.0,0.0,0.0,0.0,0.0,0.0,0.0,0.0,0.0,0.0,0.0,0.0,0.0,0.0,0.0,0.0,0.0,0.0,0.0,0.0,0.0,0.0,0.0,0.0,0.0,0.0,0.0,0.0,0.0,0.0,0.0,0.0,0.0,0.0,0.0,0.0,0.0,0.0,0.0,0.0,0.0,0.0,0.0,0.0,0.0,0.0,0.0,0.0,0.0,0.0,0.0,0.0,0.0,0.0,0.0,0.0,0.0,0.0,0.0,0.0,0.0,0.0,0.0,0.0,0.0,0.0,0.0,0.0,0.0,0.0,0.0,0.0,0.0,0.0,0.0,0.0,0.0,0.0,0.0,0.0,0.0,0.0,0.0,0.0,0.0,0.0,0.0,0.0,0.0,0.0,0.0,0.0,0.0,0.0,0.0,0.0,0.0,0.0,0.0,0.0,0.0,0.0,0.0,0.0,0.0,0.0,0.0,0.6666666666666667,0.52,0.6666666666666667,0.27999999999999997,0.6666666666666667,2.7813557080000066,0.0
nvbench2:dev:223,223,mistral-small:24b,direct,77,0.0,boxplot,1.0,1.0,14,4,10,0.0,0.0,0.0,0.0,0.0,0.0,0.0,0.0,0.0,0.0,0.0,0.0,0.0,0.0,0.0,0.0,0.0,0.0,0.0,0.0,0.0,0.0,0.0,0.0,0.0,0.0,0.0,0.0,0.0,0.0,0.0,0.0,0.0,0.0,0.0,0.0,0.0,0.0,0.0,0.0,0.0,0.0,0.0,0.0,0.0,0.0,0.0,0.0,0.0,0.0,0.0,0.0,0.0,0.0,0.0,0.0,0.0,0.0,0.0,0.0,0.0,0.0,0.0,0.0,0.0,0.0,0.0,0.0,0.0,0.0,0.0,0.0,0.0,0.0,0.0,0.0,0.0,0.0,0.0,0.0,0.0,0.0,0.0,0.0,0.0,0.0,0.0,0.0,0.0,0.0,0.0,0.0,0.0,0.0,0.0,0.0,0.0,0.0,0.0,0.0,0.0,0.0,0.0,0.0,0.0,0.0,0.0,0.0,1.0,0.6,1.0,1.0,1.0,3.6916680409999856,0.0
nvbench2:dev:228,228,mistral-small:24b,direct,77,0.0,rect,1.0,1.0,14,7,7,0.0,0.0,0.0,0.0,0.0,0.0,0.0,0.0,0.0,0.0,0.0,0.0,0.0,0.0,0.0,0.0,0.0,0.0,0.0,0.0,0.0,0.0,0.0,0.0,0.0,0.0,0.0,0.0,0.0,0.0,0.0,0.0,0.0,0.0,0.0,0.0,0.0,0.0,0.0,0.0,0.0,0.0,0.0,0.0,0.0,0.0,0.0,0.0,0.0,0.0,0.0,0.0,0.0,0.0,0.0,0.0,0.0,0.0,0.0,0.0,0.0,0.0,0.0,0.0,0.0,0.0,0.0,0.0,0.0,0.0,0.0,0.0,0.0,0.0,0.0,0.0,0.0,0.0,0.0,0.0,0.0,0.0,0.0,0.0,0.0,0.0,0.0,0.0,0.0,0.0,0.0,0.0,0.0,0.0,0.0,0.0,0.0,0.0,0.0,0.0,0.0,0.0,0.0,0.0,0.0,0.0,0.0,0.0,0.8,0.8,0.8,0.24000000000000005,0.8,3.023895207999999,0.0
nvbench2:dev:232,232,mistral-small:24b,direct,77,0.0,arc,1.0,1.0,14,9,5,0.0,0.0,0.0,0.0,0.0,0.0,0.0,0.0,0.0,0.0,0.0,0.0,0.0,0.0,0.0,0.0,0.0,0.0,0.0,0.0,0.0,0.0,0.0,0.0,0.0,0.0,0.0,0.0,0.0,0.0,0.0,0.0,0.0,0.0,0.0,0.0,0.0,0.0,0.0,0.0,0.0,0.0,0.0,0.0,0.0,0.0,0.0,0.0,0.0,0.0,0.0,0.0,0.0,0.0,0.0,0.0,0.0,0.0,0.0,0.0,0.0,0.0,0.0,0.0,0.0,0.0,0.0,0.0,0.0,0.0,0.0,0.0,0.0,0.0,0.0,0.0,0.0,0.0,0.0,0.0,0.0,0.0,0.0,0.0,0.0,0.0,0.0,0.0,0.0,0.0,0.0,0.0,0.0,0.0,0.0,0.0,0.0,0.0,0.0,0.0,0.0,0.0,0.0,0.0,0.0,0.0,0.0,0.0,1.0,0.6,1.0,1.0,1.0,2.384757250000007,0.0
nvbench2:dev:245,245,mistral-small:24b,direct,77,0.0,line,1.0,1.0,15,5,10,0.0,0.0,0.0,0.0,0.0,0.0,0.0,0.0,0.0,0.0,0.0,0.0,0.0,0.0,0.0,0.0,0.0,0.0,0.0,0.0,0.0,0.0,0.0,0.0,0.0,0.0,0.0,0.0,0.0,0.0,0.0,0.0,0.0,0.0,0.0,0.0,0.0,0.0,0.0,0.0,0.0,0.0,0.0,0.0,0.0,0.0,0.0,0.0,0.0,0.0,0.0,0.0,0.0,0.0,0.0,0.0,0.0,0.0,0.0,0.0,0.0,0.0,0.0,0.0,0.0,0.0,0.0,0.0,0.0,0.0,0.0,0.0,0.0,0.0,0.0,0.0,0.0,0.0,0.0,0.0,0.0,0.0,0.0,0.0,0.0,0.0,0.0,0.0,0.0,0.0,0.0,0.0,0.0,0.0,0.0,0.0,0.0,0.0,0.0,0.0,0.0,0.0,0.0,0.0,0.0,0.0,0.0,0.0,0.8,0.6,0.8,0.8,0.8,4.283618667000013,0.0
nvbench2:dev:252,252,mistral-small:24b,direct,77,0.0,rect,1.0,1.0,11,8,3,0.0,0.0,0.0,0.0,0.0,0.0,0.0,0.0,0.0,0.0,0.0,0.0,0.0,0.0,0.0,0.0,0.0,0.0,0.0,0.0,0.0,0.0,0.0,0.0,0.0,0.0,0.0,0.0,0.0,0.0,0.0,0.0,0.0,0.0,0.0,0.0,0.0,0.0,0.0,0.0,0.0,0.0,0.0,0.0,0.0,0.0,0.0,0.0,0.0,0.0,0.0,0.0,0.0,0.0,0.0,0.0,0.0,0.0,0.0,0.0,0.0,0.0,0.0,0.0,0.0,0.0,0.0,0.0,0.0,0.0,0.0,0.0,0.0,0.0,0.0,0.0,0.0,0.0,0.0,0.0,0.0,0.0,0.0,0.0,0.0,0.0,0.0,0.0,0.0,0.0,0.0,0.0,0.0,0.0,0.0,0.0,0.0,0.0,0.0,0.0,0.0,0.0,0.0,0.0,0.0,0.0,0.0,0.0,0.4,0.4,0.4,0.4,0.4,1.7774666669999988,0.0
nvbench2:dev:253,253,mistral-small:24b,direct,77,0.0,arc+bar+line,1.0,1.0,7,3,4,0.0,0.0,0.0,0.0,0.0,0.0,0.0,0.0,0.0,0.0,0.0,0.0,0.0,0.0,0.0,0.0,0.0,0.0,0.0,0.0,0.0,0.0,0.0,0.0,0.0,0.0,0.0,0.0,0.0,0.0,0.0,0.0,0.0,0.0,0.0,0.0,0.0,0.0,0.0,0.0,0.0,0.0,0.0,0.0,0.0,0.0,0.0,0.0,0.0,0.0,0.0,0.0,0.0,0.0,0.0,0.0,0.0,0.0,0.0,0.0,0.0,0.0,0.0,0.0,0.0,0.0,0.0,0.0,0.0,0.0,0.0,0.0,0.0,0.0,0.0,0.0,0.0,0.0,0.0,0.0,0.0,0.0,0.0,0.0,0.0,0.0,0.0,0.0,0.0,0.0,0.0,0.0,0.0,0.0,0.0,0.0,0.0,0.0,0.0,0.0,0.0,0.0,0.0,0.0,0.0,0.0,0.0,0.0,1.0,0.9,1.0,0.9,1.0,1.9983429160000128,0.0
nvbench2:dev:255,255,mistral-small:24b,direct,77,0.0,bar,1.0,1.0,8,5,3,0.0,0.0,0.0,0.0,0.0,0.0,0.0,0.0,0.0,0.0,0.0,0.0,0.0,0.0,0.0,0.0,0.0,0.0,0.0,0.0,0.0,0.0,0.0,0.0,0.0,0.0,0.0,0.0,0.0,0.0,0.0,0.0,0.0,0.0,0.0,0.0,0.0,0.0,0.0,0.0,0.0,0.0,0.0,0.0,0.0,0.0,0.0,0.0,0.0,0.0,0.0,0.0,0.0,0.0,0.0,0.0,0.0,0.0,0.0,0.0,0.0,0.0,0.0,0.0,0.0,0.0,0.0,0.0,0.0,0.0,0.0,0.0,0.0,0.0,0.0,0.0,0.0,0.0,0.0,0.0,0.0,0.0,0.0,0.0,0.0,0.0,0.0,0.0,0.0,0.0,0.0,0.0,0.0,0.0,0.0,0.0,0.0,0.0,0.0,0.0,0.0,0.0,0.0,0.0,0.0,0.0,0.0,0.0,0.7333333333333333,0.44000000000000006,0.7333333333333333,0.6666666666666666,0.7333333333333333,1.9127797909999913,0.0
nvbench2:dev:256,256,mistral-small:24b,direct,77,0.0,rect,1.0,1.0,16,2,14,0.0,0.0,0.0,0.0,0.0,0.0,0.0,0.0,0.0,0.0,0.0,0.0,0.0,0.0,0.0,0.0,0.0,0.0,0.0,0.0,0.0,0.0,0.0,0.0,0.0,0.0,0.0,0.0,0.0,0.0,0.0,0.0,0.0,0.0,0.0,0.0,0.0,0.0,0.0,0.0,0.0,0.0,0.0,0.0,0.0,0.0,0.0,0.0,0.0,0.0,0.0,0.0,0.0,0.0,0.0,0.0,0.0,0.0,0.0,0.0,0.0,0.0,0.0,0.0,0.0,0.0,0.0,0.0,0.0,0.0,0.0,0.0,0.0,0.0,0.0,0.0,0.0,0.0,0.0,0.0,0.0,0.0,0.0,0.0,0.0,0.0,0.0,0.0,0.0,0.0,0.0,0.0,0.0,0.0,0.0,0.0,0.0,0.0,0.0,0.0,0.0,0.0,0.0,0.0,0.0,0.0,0.0,0.0,0.9,0.8,0.8333333333333333,0.9,0.9,5.816334791000003,0.0
nvbench2:dev:259,259,mistral-small:24b,direct,77,0.0,point,1.0,1.0,16,7,9,0.0,0.0,0.0,0.0,0.0,0.0,0.0,0.0,0.0,0.0,0.0,0.0,0.0,0.0,0.0,0.0,0.0,0.0,0.0,0.0,0.0,0.0,0.0,0.0,0.0,0.0,0.0,0.0,0.0,0.0,0.0,0.0,0.0,0.0,0.0,0.0,0.0,0.0,0.0,0.0,0.0,0.0,0.0,0.0,0.0,0.0,0.0,0.0,0.0,0.0,0.0,0.0,0.0,0.0,0.0,0.0,0.0,0.0,0.0,0.0,0.0,0.0,0.0,0.0,0.0,0.0,0.0,0.0,0.0,0.0,0.0,0.0,0.0,0.0,0.0,0.0,0.0,0.0,0.0,0.0,0.0,0.0,0.0,0.0,0.0,0.0,0.0,0.0,0.0,0.0,0.0,0.0,0.0,0.0,0.0,0.0,0.0,0.0,0.0,0.0,0.0,0.0,0.0,0.0,0.0,0.0,0.0,0.0,0.9333333333333332,0.72,0.9333333333333332,0.8400000000000001,0.9333333333333332,3.6783247500000016,0.0
nvbench2:dev:278,278,mistral-small:24b,direct,77,0.0,arc,1.0,1.0,11,8,3,1.0,0.5,0.0,0.0,0.0,0.0,1.0,0.3333333333333333,0.5,0.4,1.0,0.3333333333333333,0.3333333333333333,0.3333333333333333,1.0,0.3333333333333333,0.3333333333333333,0.3333333333333333,1.0,0.3333333333333333,0.3333333333333333,0.3333333333333333,1.0,0.3333333333333333,0.3333333333333333,0.3333333333333333,1.0,0.3333333333333333,0.3333333333333333,0.3333333333333333,1.0,0.3333333333333333,0.3333333333333333,0.3333333333333333,1.0,0.3333333333333333,0.3333333333333333,0.3333333333333333,1.0,0.3333333333333333,0.3333333333333333,0.3333333333333333,1.0,0.3333333333333333,0.3333333333333333,0.3333333333333333,1.0,0.3333333333333333,0.3333333333333333,0.3333333333333333,1.0,0.3333333333333333,0.3333333333333333,0.3333333333333333,1.0,0.3333333333333333,0.3333333333333333,0.3333333333333333,1.0,0.3333333333333333,0.3333333333333333,0.3333333333333333,1.0,0.3333333333333333,0.3333333333333333,0.3333333333333333,1.0,0.3333333333333333,0.3333333333333333,0.3333333333333333,1.0,0.3333333333333333,0.3333333333333333,0.3333333333333333,1.0,0.3333333333333333,0.3333333333333333,0.3333333333333333,1.0,0.3333333333333333,0.3333333333333333,0.3333333333333333,0.5,0.0,0.0,0.0,0.0,1.0,0.3333333333333333,0.3333333333333333,0.3333333333333333,1.0,0.3333333333333333,0.3333333333333333,0.3333333333333333,1.0,1.0,0.3333333333333333,1.0,0.5,1.0,0.3333333333333333,0.3333333333333333,0.3333333333333333,1.0,0.3333333333333333,0.3333333333333333,0.3333333333333333,1.0,1.0,1.0,1.0,1.0,1.8480366250000202,1.0
nvbench2:dev:283,283,mistral-small:24b,direct,77,0.0,rect,1.0,1.0,14,9,5,0.0,0.0,0.0,0.0,0.0,0.0,0.0,0.0,0.0,0.0,0.0,0.0,0.0,0.0,0.0,0.0,0.0,0.0,0.0,0.0,0.0,0.0,0.0,0.0,0.0,0.0,0.0,0.0,0.0,0.0,0.0,0.0,0.0,0.0,0.0,0.0,0.0,0.0,0.0,0.0,0.0,0.0,0.0,0.0,0.0,0.0,0.0,0.0,0.0,0.0,0.0,0.0,0.0,0.0,0.0,0.0,0.0,0.0,0.0,0.0,0.0,0.0,0.0,0.0,0.0,0.0,0.0,0.0,0.0,0.0,0.0,0.0,0.0,0.0,0.0,0.0,0.0,0.0,0.0,0.0,0.0,0.0,0.0,0.0,0.0,0.0,0.0,0.0,0.0,0.0,0.0,0.0,0.0,0.0,0.0,0.0,0.0,0.0,0.0,0.0,0.0,0.0,0.0,0.0,0.0,0.0,0.0,0.0,0.24000000000000005,0.08,0.24000000000000005,0.24000000000000005,0.24000000000000005,3.971249792000009,0.0
nvbench2:dev:286,286,mistral-small:24b,direct,77,0.0,bar,1.0,1.0,6,1,5,0.0,0.0,0.0,0.0,0.0,0.0,0.0,0.0,0.0,0.0,0.0,0.0,0.0,0.0,0.0,0.0,0.0,0.0,0.0,0.0,0.0,0.0,0.0,0.0,0.0,0.0,0.0,0.0,0.0,0.0,0.0,0.0,0.0,0.0,0.0,0.0,0.0,0.0,0.0,0.0,0.0,0.0,0.0,0.0,0.0,0.0,0.0,0.0,0.0,0.0,0.0,0.0,0.0,0.0,0.0,0.0,0.0,0.0,0.0,0.0,0.0,0.0,0.0,0.0,0.0,0.0,0.0,0.0,0.0,0.0,0.0,0.0,0.0,0.0,0.0,0.0,0.0,0.0,0.0,0.0,0.0,0.0,0.0,0.0,0.0,0.0,0.0,0.0,0.0,0.0,0.0,0.0,0.0,0.0,0.0,0.0,0.0,0.0,0.0,0.0,0.0,0.0,0.0,0.0,0.0,0.0,0.0,0.0,0.9199999999999999,0.9199999999999999,0.9199999999999999,0.9199999999999999,0.9199999999999999,3.0777424589999782,0.0
nvbench2:dev:292,292,mistral-small:24b,direct,77,0.0,rect,1.0,1.0,15,11,4,0.0,0.0,0.0,0.0,0.0,0.0,0.0,0.0,0.0,0.0,0.0,0.0,0.0,0.0,0.0,0.0,0.0,0.0,0.0,0.0,0.0,0.0,0.0,0.0,0.0,0.0,0.0,0.0,0.0,0.0,0.0,0.0,0.0,0.0,0.0,0.0,0.0,0.0,0.0,0.0,0.0,0.0,0.0,0.0,0.0,0.0,0.0,0.0,0.0,0.0,0.0,0.0,0.0,0.0,0.0,0.0,0.0,0.0,0.0,0.0,0.0,0.0,0.0,0.0,0.0,0.0,0.0,0.0,0.0,0.0,0.0,0.0,0.0,0.0,0.0,0.0,0.0,0.0,0.0,0.0,0.0,0.0,0.0,0.0,0.0,0.0,0.0,0.0,0.0,0.0,0.0,0.0,0.0,0.0,0.0,0.0,0.0,0.0,0.0,0.0,0.0,0.0,0.0,0.0,0.0,0.0,0.0,0.0,0.7333333333333333,0.7333333333333333,0.7333333333333333,0.4666666666666667,0.7333333333333333,3.473196124999987,0.0
nvbench2:dev:296,296,mistral-small:24b,direct,77,0.0,bar,1.0,1.0,18,7,11,0.0,0.0,0.0,0.0,0.0,0.0,0.0,0.0,0.0,0.0,0.0,0.0,0.0,0.0,0.0,0.0,0.0,0.0,0.0,0.0,0.0,0.0,0.0,0.0,0.0,0.0,0.0,0.0,0.0,0.0,0.0,0.0,0.0,0.0,0.0,0.0,0.0,0.0,0.0,0.0,0.0,0.0,0.0,0.0,0.0,0.0,0.0,0.0,0.0,0.0,0.0,0.0,0.0,0.0,0.0,0.0,0.0,0.0,0.0,0.0,0.0,0.0,0.0,0.0,0.0,0.0,0.0,0.0,0.0,0.0,0.0,0.0,0.0,0.0,0.0,0.0,0.0,0.0,0.0,0.0,0.0,0.0,0.0,0.0,0.0,0.0,0.0,0.0,0.0,0.0,0.0,0.0,0.0,0.0,0.0,0.0,0.0,0.0,0.0,0.0,0.0,0.0,0.0,0.0,0.0,0.0,0.0,0.0,0.9199999999999999,0.36,0.9199999999999999,0.9199999999999999,0.9199999999999999,4.920510915999984,0.0
nvbench2:dev:298,298,mistral-small:24b,direct,77,0.0,bar,1.0,1.0,16,13,3,0.0,0.0,0.0,0.0,0.0,0.0,0.0,0.0,0.0,0.0,0.0,0.0,0.0,0.0,0.0,0.0,0.0,0.0,0.0,0.0,0.0,0.0,0.0,0.0,0.0,0.0,0.0,0.0,0.0,0.0,0.0,0.0,0.0,0.0,0.0,0.0,0.0,0.0,0.0,0.0,0.0,0.0,0.0,0.0,0.0,0.0,0.0,0.0,0.0,0.0,0.0,0.0,0.0,0.0,0.0,0.0,0.0,0.0,0.0,0.0,0.0,0.0,0.0,0.0,0.0,0.0,0.0,0.0,0.0,0.0,0.0,0.0,0.0,0.0,0.0,0.0,0.0,0.0,0.0,0.0,0.0,0.0,0.0,0.0,0.0,0.0,0.0,0.0,0.0,0.0,0.0,0.0,0.0,0.0,0.0,0.0,0.0,0.0,0.0,0.0,0.0,0.0,0.0,0.0,0.0,0.0,0.0,0.0,0.9199999999999999,0.9199999999999999,0.9199999999999999,0.9199999999999999,0.9199999999999999,2.979580625000011,0.0
nvbench2:dev:300,300,mistral-small:24b,direct,77,0.0,arc,0.0,0.0,19,19,0,0.0,0.0,0.0,0.0,0.0,0.0,0.0,0.0,0.0,0.0,0.0,0.0,0.0,0.0,0.0,0.0,0.0,0.0,0.0,0.0,0.0,0.0,0.0,0.0,0.0,0.0,0.0,0.0,0.0,0.0,0.0,0.0,0.0,0.0,0.0,0.0,0.0,0.0,0.0,0.0,0.0,0.0,0.0,0.0,0.0,0.0,0.0,0.0,0.0,0.0,0.0,0.0,0.0,0.0,0.0,0.0,0.0,0.0,0.0,0.0,0.0,0.0,0.0,0.0,0.0,0.0,0.0,0.0,0.0,0.0,0.0,0.0,0.0,0.0,0.0,0.0,0.0,0.0,0.0,0.0,0.0,0.0,0.0,0.0,0.0,0.0,0.0,0.0,0.0,0.0,0.0,0.0,0.0,0.0,0.0,0.0,0.0,0.0,0.0,0.0,0.0,0.0,0.0,0.0,0.0,0.0,0.0,0.0,0.0,0.0,0.0,0.0,0.0,0.0,0.0
nvbench2:dev:302,302,mistral-small:24b,direct,77,0.0,rect,1.0,1.0,14,6,8,0.0,0.0,0.0,0.0,0.0,0.0,0.0,0.0,0.0,0.0,0.0,0.0,0.0,0.0,0.0,0.0,0.0,0.0,0.0,0.0,0.0,0.0,0.0,0.0,0.0,0.0,0.0,0.0,0.0,0.0,0.0,0.0,0.0,0.0,0.0,0.0,0.0,0.0,0.0,0.0,0.0,0.0,0.0,0.0,0.0,0.0,0.0,0.0,0.0,0.0,0.0,0.0,0.0,0.0,0.0,0.0,0.0,0.0,0.0,0.0,0.0,0.0,0.0,0.0,0.0,0.0,0.0,0.0,0.0,0.0,0.0,0.0,0.0,0.0,0.0,0.0,0.0,0.0,0.0,0.0,0.0,0.0,0.0,0.0,0.0,0.0,0.0,0.0,0.0,0.0,0.0,0.0,0.0,0.0,0.0,0.0,0.0,0.0,0.0,0.0,0.0,0.0,0.0,0.0,0.0,0.0,0.0,0.0,0.7333333333333333,0.7333333333333333,0.7333333333333333,0.6,0.7333333333333333,2.9547252499999956,0.0
nvbench2:dev:307,307,mistral-small:24b,direct,77,0.0,rect,1.0,1.0,14,12,2,0.0,0.0,0.0,0.0,0.0,0.0,0.0,0.0,0.0,0.0,0.0,0.0,0.0,0.0,0.0,0.0,0.0,0.0,0.0,0.0,0.0,0.0,0.0,0.0,0.0,0.0,0.0,0.0,0.0,0.0,0.0,0.0,0.0,0.0,0.0,0.0,0.0,0.0,0.0,0.0,0.0,0.0,0.0,0.0,0.0,0.0,0.0,0.0,0.0,0.0,0.0,0.0,0.0,0.0,0.0,0.0,0.0,0.0,0.0,0.0,0.0,0.0,0.0,0.0,0.0,0.0,0.0,0.0,0.0,0.0,0.0,0.0,0.0,0.0,0.0,0.0,0.0,0.0,0.0,0.0,0.0,0.0,0.0,0.0,0.0,0.0,0.0,0.0,0.0,0.0,0.0,0.0,0.0,0.0,0.0,0.0,0.0,0.0,0.0,0.0,0.0,0.0,0.0,0.0,0.0,0.0,0.0,0.0,0.4666666666666667,0.08,0.4666666666666667,0.08,0.4666666666666667,2.0912914580000006,0.0
nvbench2:dev:314,314,mistral-small:24b,direct,77,0.0,arc,1.0,1.0,9,7,2,0.0,0.0,0.0,0.0,0.0,0.0,0.0,0.0,0.0,0.0,0.0,0.0,0.0,0.0,0.0,0.0,0.0,0.0,0.0,0.0,0.0,0.0,0.0,0.0,0.0,0.0,0.0,0.0,0.0,0.0,0.0,0.0,0.0,0.0,0.0,0.0,0.0,0.0,0.0,0.0,0.0,0.0,0.0,0.0,0.0,0.0,0.0,0.0,0.0,0.0,0.0,0.0,0.0,0.0,0.0,0.0,0.0,0.0,0.0,0.0,0.0,0.0,0.0,0.0,0.0,0.0,0.0,0.0,0.0,0.0,0.0,0.0,0.0,0.0,0.0,0.0,0.0,0.0,0.0,0.0,0.0,0.0,0.0,0.0,0.0,0.0,0.0,0.0,0.0,0.0,0.0,0.0,0.0,0.0,0.0,0.0,0.0,0.0,0.0,0.0,0.0,0.0,0.0,0.0,0.0,0.0,0.0,0.0,1.0,1.0,1.0,1.0,1.0,1.8704857079999897,0.0
nvbench2:dev:315,315,mistral-small:24b,direct,77,0.0,bar,1.0,1.0,16,11,5,0.0,0.0,0.0,0.0,0.0,0.0,0.0,0.0,0.0,0.0,0.0,0.0,0.0,0.0,0.0,0.0,0.0,0.0,0.0,0.0,0.0,0.0,0.0,0.0,0.0,0.0,0.0,0.0,0.0,0.0,0.0,0.0,0.0,0.0,0.0,0.0,0.0,0.0,0.0,0.0,0.0,0.0,0.0,0.0,0.0,0.0,0.0,0.0,0.0,0.0,0.0,0.0,0.0,0.0,0.0,0.0,0.0,0.0,0.0,0.0,0.0,0.0,0.0,0.0,0.0,0.0,0.0,0.0,0.0,0.0,0.0,0.0,0.0,0.0,0.0,0.0,0.0,0.0,0.0,0.0,0.0,0.0,0.0,0.0,0.0,0.0,0.0,0.0,0.0,0.0,0.0,0.0,0.0,0.0,0.0,0.0,0.0,0.0,0.0,0.0,0.0,0.0,0.0,0.0,0.0,0.0,0.0,0.0,1.0,1.0,1.0,1.0,1.0,2.866033458000004,0.0
nvbench2:dev:317,317,mistral-small:24b,direct,77,0.0,rect,1.0,1.0,15,10,5,0.0,0.0,0.0,0.0,0.0,0.0,0.0,0.0,0.0,0.0,0.0,0.0,0.0,0.0,0.0,0.0,0.0,0.0,0.0,0.0,0.0,0.0,0.0,0.0,0.0,0.0,0.0,0.0,0.0,0.0,0.0,0.0,0.0,0.0,0.0,0.0,0.0,0.0,0.0,0.0,0.0,0.0,0.0,0.0,0.0,0.0,0.0,0.0,0.0,0.0,0.0,0.0,0.0,0.0,0.0,0.0,0.0,0.0,0.0,0.0,0.0,0.0,0.0,0.0,0.0,0.0,0.0,0.0,0.0,0.0,0.0,0.0,0.0,0.0,0.0,0.0,0.0,0.0,0.0,0.0,0.0,0.0,0.0,0.0,0.0,0.0,0.0,0.0,0.0,0.0,0.0,0.0,0.0,0.0,0.0,0.0,0.0,0.0,0.0,0.0,0.0,0.0,0.0,0.0,0.0,0.0,0.0,0.0,0.7333333333333333,0.7333333333333333,0.7333333333333333,0.7333333333333333,0.7333333333333333,3.2392462079999973,0.0
nvbench2:dev:319,319,mistral-small:24b,direct,77,0.0,boxplot,1.0,1.0,15,4,11,1.0,0.25,0.0,0.0,0.0,0.0,0.0,0.0,0.0,0.0,0.0,0.0,0.0,0.0,1.0,0.2,0.25,0.22222222222222224,1.0,0.2,0.2,0.20000000000000004,1.0,0.2,0.16666666666666666,0.1818181818181818,1.0,0.2,0.14285714285714285,0.16666666666666666,1.0,0.2,0.125,0.15384615384615385,1.0,0.2,0.1111111111111111,0.14285714285714285,1.0,0.2,0.1,0.13333333333333333,1.0,0.2,0.09090909090909091,0.12500000000000003,1.0,0.2,0.09090909090909091,0.12500000000000003,1.0,0.2,0.09090909090909091,0.12500000000000003,1.0,0.2,0.09090909090909091,0.12500000000000003,1.0,0.2,0.09090909090909091,0.12500000000000003,1.0,0.2,0.09090909090909091,0.12500000000000003,1.0,0.2,0.09090909090909091,0.12500000000000003,1.0,0.2,0.09090909090909091,0.12500000000000003,1.0,0.2,0.09090909090909091,0.12500000000000003,1.0,0.2,0.09090909090909091,0.12500000000000003,0.25,0.0,0.0,0.0,0.0,0.0,0.0,0.0,0.0,1.0,0.2,0.2,0.20000000000000004,0.25,0.0,0.0,0.0,0.0,0.0,0.0,0.0,0.0,1.0,0.2,0.2,0.20000000000000004,1.0,0.5,1.0,0.8,1.0,3.9336634999999944,0.0
nvbench2:dev:326,326,mistral-small:24b,direct,77,0.0,rect,1.0,1.0,10,6,4,0.0,0.0,0.0,0.0,0.0,0.0,0.0,0.0,0.0,0.0,0.0,0.0,0.0,0.0,0.0,0.0,0.0,0.0,0.0,0.0,0.0,0.0,0.0,0.0,0.0,0.0,0.0,0.0,0.0,0.0,0.0,0.0,0.0,0.0,0.0,0.0,0.0,0.0,0.0,0.0,0.0,0.0,0.0,0.0,0.0,0.0,0.0,0.0,0.0,0.0,0.0,0.0,0.0,0.0,0.0,0.0,0.0,0.0,0.0,0.0,0.0,0.0,0.0,0.0,0.0,0.0,0.0,0.0,0.0,0.0,0.0,0.0,0.0,0.0,0.0,0.0,0.0,0.0,0.0,0.0,0.0,0.0,0.0,0.0,0.0,0.0,0.0,0.0,0.0,0.0,0.0,0.0,0.0,0.0,0.0,0.0,0.0,0.0,0.0,0.0,0.0,0.0,0.0,0.0,0.0,0.0,0.0,0.0,0.44000000000000006,0.16,0.44000000000000006,0.44000000000000006,0.44000000000000006,2.7495225410000046,0.0
nvbench2:dev:327,327,mistral-small:24b,direct,77,0.0,boxplot,1.0,1.0,15,5,10,0.0,0.0,0.0,0.0,0.0,0.0,0.0,0.0,0.0,0.0,0.0,0.0,0.0,0.0,0.0,0.0,0.0,0.0,0.0,0.0,0.0,0.0,0.0,0.0,0.0,0.0,0.0,0.0,0.0,0.0,0.0,0.0,0.0,0.0,0.0,0.0,0.0,0.0,0.0,0.0,0.0,0.0,0.0,0.0,0.0,0.0,0.0,0.0,0.0,0.0,0.0,0.0,0.0,0.0,0.0,0.0,0.0,0.0,0.0,0.0,0.0,0.0,0.0,0.0,0.0,0.0,0.0,0.0,0.0,0.0,0.0,0.0,0.0,0.0,0.0,0.0,0.0,0.0,0.0,0.0,0.0,0.0,0.0,0.0,0.0,0.0,0.0,0.0,0.0,0.0,0.0,0.0,0.0,0.0,0.0,0.0,0.0,0.0,0.0,0.0,0.0,0.0,0.0,0.0,0.0,0.0,0.0,0.0,0.6,0.6,0.6,0.6,0.6,3.3993509580000136,0.0
nvbench2:dev:331,331,mistral-small:24b,direct,77,0.0,bar,1.0,1.0,11,3,8,0.0,0.0,0.0,0.0,0.0,0.0,0.0,0.0,0.0,0.0,0.0,0.0,0.0,0.0,0.0,0.0,0.0,0.0,0.0,0.0,0.0,0.0,0.0,0.0,0.0,0.0,0.0,0.0,0.0,0.0,0.0,0.0,0.0,0.0,0.0,0.0,0.0,0.0,0.0,0.0,0.0,0.0,0.0,0.0,0.0,0.0,0.0,0.0,0.0,0.0,0.0,0.0,0.0,0.0,0.0,0.0,0.0,0.0,0.0,0.0,0.0,0.0,0.0,0.0,0.0,0.0,0.0,0.0,0.0,0.0,0.0,0.0,0.0,0.0,0.0,0.0,0.0,0.0,0.0,0.0,0.0,0.0,0.0,0.0,0.0,0.0,0.0,0.0,0.0,0.0,0.0,0.0,0.0,0.0,0.0,0.0,0.0,0.0,0.0,0.0,0.0,0.0,0.0,0.0,0.0,0.0,0.0,0.0,1.0,0.5,1.0,0.8,1.0,3.5500530410000124,0.0
nvbench2:dev:332,332,mistral-small:24b,direct,77,0.0,arc,1.0,1.0,11,6,5,0.0,0.0,0.0,0.0,0.0,0.0,0.0,0.0,0.0,0.0,0.0,0.0,0.0,0.0,0.0,0.0,0.0,0.0,0.0,0.0,0.0,0.0,0.0,0.0,0.0,0.0,0.0,0.0,0.0,0.0,0.0,0.0,0.0,0.0,0.0,0.0,0.0,0.0,0.0,0.0,0.0,0.0,0.0,0.0,0.0,0.0,0.0,0.0,0.0,0.0,0.0,0.0,0.0,0.0,0.0,0.0,0.0,0.0,0.0,0.0,0.0,0.0,0.0,0.0,0.0,0.0,0.0,0.0,0.0,0.0,0.0,0.0,0.0,0.0,0.0,0.0,0.0,0.0,0.0,0.0,0.0,0.0,0.0,0.0,0.0,0.0,0.0,0.0,0.0,0.0,0.0,0.0,0.0,0.0,0.0,0.0,0.0,0.0,0.0,0.0,0.0,0.0,0.0,0.0,0.0,0.0,0.0,0.0,0.7,0.2,0.7,0.2,0.7,2.7595910000000003,0.0
nvbench2:dev:336,336,mistral-small:24b,direct,77,0.0,arc,1.0,1.0,14,13,1,0.0,0.0,0.0,0.0,0.0,0.0,0.0,0.0,0.0,0.0,0.0,0.0,0.0,0.0,0.0,0.0,0.0,0.0,0.0,0.0,0.0,0.0,0.0,0.0,0.0,0.0,0.0,0.0,0.0,0.0,0.0,0.0,0.0,0.0,0.0,0.0,0.0,0.0,0.0,0.0,0.0,0.0,0.0,0.0,0.0,0.0,0.0,0.0,0.0,0.0,0.0,0.0,0.0,0.0,0.0,0.0,0.0,0.0,0.0,0.0,0.0,0.0,0.0,0.0,0.0,0.0,0.0,0.0,0.0,0.0,0.0,0.0,0.0,0.0,0.0,0.0,0.0,0.0,0.0,0.0,0.0,0.0,0.0,0.0,0.0,0.0,0.0,0.0,0.0,0.0,0.0,0.0,0.0,0.0,0.0,0.0,0.0,0.0,0.0,0.0,0.0,0.0,0.0,0.0,0.0,0.0,0.0,0.0,0.8,0.8,0.8,0.8,0.8,1.5702964580000014,0.0
nvbench2:dev:338,338,mistral-small:24b,direct,77,0.0,rect,1.0,1.0,15,8,7,0.0,0.0,0.0,0.0,0.0,0.0,0.0,0.0,0.0,0.0,0.0,0.0,0.0,0.0,0.0,0.0,0.0,0.0,0.0,0.0,0.0,0.0,0.0,0.0,0.0,0.0,0.0,0.0,0.0,0.0,0.0,0.0,0.0,0.0,0.0,0.0,0.0,0.0,0.0,0.0,0.0,0.0,0.0,0.0,0.0,0.0,0.0,0.0,0.0,0.0,0.0,0.0,0.0,0.0,0.0,0.0,0.0,0.0,0.0,0.0,0.0,0.0,0.0,0.0,0.0,0.0,0.0,0.0,0.0,0.0,0.0,0.0,0.0,0.0,0.0,0.0,0.0,0.0,0.0,0.0,0.0,0.0,0.0,0.0,0.0,0.0,0.0,0.0,0.0,0.0,0.0,0.0,0.0,0.0,0.0,0.0,0.0,0.0,0.0,0.0,0.0,0.0,0.0,0.0,0.0,0.0,0.0,0.0,0.7333333333333333,0.27999999999999997,0.7333333333333333,0.7333333333333333,0.7333333333333333,3.5669955829999935,0.0
nvbench2:dev:340,340,mistral-small:24b,direct,77,0.0,rect,1.0,1.0,13,7,6,0.0,0.0,0.0,0.0,0.0,0.0,0.0,0.0,0.0,0.0,0.0,0.0,0.0,0.0,0.0,0.0,0.0,0.0,0.0,0.0,0.0,0.0,0.0,0.0,0.0,0.0,0.0,0.0,0.0,0.0,0.0,0.0,0.0,0.0,0.0,0.0,0.0,0.0,0.0,0.0,0.0,0.0,0.0,0.0,0.0,0.0,0.0,0.0,0.0,0.0,0.0,0.0,0.0,0.0,0.0,0.0,0.0,0.0,0.0,0.0,0.0,0.0,0.0,0.0,0.0,0.0,0.0,0.0,0.0,0.0,0.0,0.0,0.0,0.0,0.0,0.0,0.0,0.0,0.0,0.0,0.0,0.0,0.0,0.0,0.0,0.0,0.0,0.0,0.0,0.0,0.0,0.0,0.0,0.0,0.0,0.0,0.0,0.0,0.0,0.0,0.0,0.0,0.0,0.0,0.0,0.0,0.0,0.0,1.0,0.44000000000000006,0.9333333333333332,0.9333333333333332,1.0,3.0481663329999833,0.0
nvbench2:dev:346,346,mistral-small:24b,direct,77,0.0,bar+line+rect,1.0,1.0,14,5,9,0.0,0.0,0.0,0.0,0.0,0.0,0.0,0.0,0.0,0.0,0.0,0.0,0.0,0.0,0.0,0.0,0.0,0.0,0.0,0.0,0.0,0.0,0.0,0.0,0.0,0.0,0.0,0.0,0.0,0.0,0.0,0.0,0.0,0.0,0.0,0.0,0.0,0.0,0.0,0.0,0.0,0.0,0.0,0.0,0.0,0.0,0.0,0.0,0.0,0.0,0.0,0.0,0.0,0.0,0.0,0.0,0.0,0.0,0.0,0.0,0.0,0.0,0.0,0.0,0.0,0.0,0.0,0.0,0.0,0.0,0.0,0.0,0.0,0.0,0.0,0.0,0.0,0.0,0.0,0.0,0.0,0.0,0.0,0.0,0.0,0.0,0.0,0.0,0.0,0.0,0.0,0.0,0.0,0.0,0.0,0.0,0.0,0.0,0.0,0.0,0.0,0.0,0.0,0.0,0.0,0.0,0.0,0.0,0.72,0.08,0.72,0.72,0.72,4.586509500000005,0.0
nvbench2:dev:358,358,mistral-small:24b,direct,77,0.0,bar,1.0,1.0,18,10,8,0.0,0.0,0.0,0.0,0.0,0.0,0.0,0.0,0.0,0.0,0.0,0.0,0.0,0.0,0.0,0.0,0.0,0.0,0.0,0.0,0.0,0.0,0.0,0.0,0.0,0.0,0.0,0.0,0.0,0.0,0.0,0.0,0.0,0.0,0.0,0.0,0.0,0.0,0.0,0.0,0.0,0.0,0.0,0.0,0.0,0.0,0.0,0.0,0.0,0.0,0.0,0.0,0.0,0.0,0.0,0.0,0.0,0.0,0.0,0.0,0.0,0.0,0.0,0.0,0.0,0.0,0.0,0.0,0.0,0.0,0.0,0.0,0.0,0.0,0.0,0.0,0.0,0.0,0.0,0.0,0.0,0.0,0.0,0.0,0.0,0.0,0.0,0.0,0.0,0.0,0.0,0.0,0.0,0.0,0.0,0.0,0.0,0.0,0.0,0.0,0.0,0.0,0.0,0.0,0.0,0.0,0.0,0.0,1.0,0.27999999999999997,0.9333333333333332,0.5333333333333333,1.0,4.189635624999994,0.0
nvbench2:dev:362,362,mistral-small:24b,direct,77,0.0,rect,1.0,1.0,15,8,7,0.0,0.0,0.0,0.0,0.0,0.0,0.0,0.0,0.0,0.0,0.0,0.0,0.0,0.0,0.0,0.0,0.0,0.0,0.0,0.0,0.0,0.0,0.0,0.0,0.0,0.0,0.0,0.0,0.0,0.0,0.0,0.0,0.0,0.0,0.0,0.0,0.0,0.0,0.0,0.0,0.0,0.0,0.0,0.0,0.0,0.0,0.0,0.0,0.0,0.0,0.0,0.0,0.0,0.0,0.0,0.0,0.0,0.0,0.0,0.0,0.0,0.0,0.0,0.0,0.0,0.0,0.0,0.0,0.0,0.0,0.0,0.0,0.0,0.0,0.0,0.0,0.0,0.0,0.0,0.0,0.0,0.0,0.0,0.0,0.0,0.0,0.0,0.0,0.0,0.0,0.0,0.0,0.0,0.0,0.0,0.0,0.0,0.0,0.0,0.0,0.0,0.0,0.0,0.0,0.0,0.0,0.0,0.0,0.6666666666666667,0.6666666666666667,0.6666666666666667,0.6666666666666667,0.6666666666666667,3.5005314580000118,0.0
nvbench2:dev:367,367,mistral-small:24b,direct,77,0.0,bar,1.0,1.0,10,5,5,0.0,0.0,0.0,0.0,0.0,0.0,0.0,0.0,0.0,0.0,0.0,0.0,0.0,0.0,0.0,0.0,0.0,0.0,0.0,0.0,0.0,0.0,0.0,0.0,0.0,0.0,0.0,0.0,0.0,0.0,0.0,0.0,0.0,0.0,0.0,0.0,0.0,0.0,0.0,0.0,0.0,0.0,0.0,0.0,0.0,0.0,0.0,0.0,0.0,0.0,0.0,0.0,0.0,0.0,0.0,0.0,0.0,0.0,0.0,0.0,0.0,0.0,0.0,0.0,0.0,0.0,0.0,0.0,0.0,0.0,0.0,0.0,0.0,0.0,0.0,0.0,0.0,0.0,0.0,0.0,0.0,0.0,0.0,0.0,0.0,0.0,0.0,0.0,0.0,0.0,0.0,0.0,0.0,0.0,0.0,0.0,0.0,0.0,0.0,0.0,0.0,0.0,0.0,0.0,0.0,0.0,0.0,0.0,0.9199999999999999,0.44000000000000006,0.9199999999999999,0.9199999999999999,0.9199999999999999,2.6804407500000025,0.0
nvbench2:dev:381,381,mistral-small:24b,direct,77,0.0,rect,1.0,1.0,15,4,11,0.0,0.0,0.0,0.0,0.0,0.0,0.0,0.0,0.0,0.0,0.0,0.0,0.0,0.0,0.0,0.0,0.0,0.0,0.0,0.0,0.0,0.0,0.0,0.0,0.0,0.0,0.0,0.0,0.0,0.0,0.0,0.0,0.0,0.0,0.0,0.0,0.0,0.0,0.0,0.0,0.0,0.0,0.0,0.0,0.0,0.0,0.0,0.0,0.0,0.0,0.0,0.0,0.0,0.0,0.0,0.0,0.0,0.0,0.0,0.0,0.0,0.0,0.0,0.0,0.0,0.0,0.0,0.0,0.0,0.0,0.0,0.0,0.0,0.0,0.0,0.0,0.0,0.0,0.0,0.0,0.0,0.0,0.0,0.0,0.0,0.0,0.0,0.0,0.0,0.0,0.0,0.0,0.0,0.0,0.0,0.0,0.0,0.0,0.0,0.0,0.0,0.0,0.0,0.0,0.0,0.0,0.0,0.0,1.0,0.9333333333333332,0.9333333333333332,0.6666666666666667,0.9333333333333332,4.797654999999992,0.0
nvbench2:dev:383,383,mistral-small:24b,direct,77,0.0,rect,1.0,1.0,14,2,12,0.0,0.0,0.0,0.0,0.0,0.0,0.0,0.0,0.0,0.0,0.0,0.0,0.0,0.0,0.0,0.0,0.0,0.0,0.0,0.0,0.0,0.0,0.0,0.0,0.0,0.0,0.0,0.0,0.0,0.0,0.0,0.0,0.0,0.0,0.0,0.0,0.0,0.0,0.0,0.0,0.0,0.0,0.0,0.0,0.0,0.0,0.0,0.0,0.0,0.0,0.0,0.0,0.0,0.0,0.0,0.0,0.0,0.0,0.0,0.0,0.0,0.0,0.0,0.0,0.0,0.0,0.0,0.0,0.0,0.0,0.0,0.0,0.0,0.0,0.0,0.0,0.0,0.0,0.0,0.0,0.0,0.0,0.0,0.0,0.0,0.0,0.0,0.0,0.0,0.0,0.0,0.0,0.0,0.0,0.0,0.0,0.0,0.0,0.0,0.0,0.0,0.0,0.0,0.0,0.0,0.0,0.0,0.0,1.0,1.0,1.0,0.44000000000000006,1.0,4.648788458000013,0.0
nvbench2:dev:384,384,mistral-small:24b,direct,77,0.0,bar,1.0,1.0,13,9,4,0.0,0.0,0.0,0.0,0.0,0.0,0.0,0.0,0.0,0.0,0.0,0.0,0.0,0.0,0.0,0.0,0.0,0.0,0.0,0.0,0.0,0.0,0.0,0.0,0.0,0.0,0.0,0.0,0.0,0.0,0.0,0.0,0.0,0.0,0.0,0.0,0.0,0.0,0.0,0.0,0.0,0.0,0.0,0.0,0.0,0.0,0.0,0.0,0.0,0.0,0.0,0.0,0.0,0.0,0.0,0.0,0.0,0.0,0.0,0.0,0.0,0.0,0.0,0.0,0.0,0.0,0.0,0.0,0.0,0.0,0.0,0.0,0.0,0.0,0.0,0.0,0.0,0.0,0.0,0.0,0.0,0.0,0.0,0.0,0.0,0.0,0.0,0.0,0.0,0.0,0.0,0.0,0.0,0.0,0.0,0.0,0.0,0.0,0.0,0.0,0.0,0.0,0.0,0.0,0.0,0.0,0.0,0.0,0.8,0.08,0.8,0.7,0.8,2.6644288749999987,0.0
nvbench2:dev:388,388,mistral-small:24b,direct,77,0.0,rect,1.0,1.0,14,9,5,0.0,0.0,0.0,0.0,0.0,0.0,0.0,0.0,0.0,0.0,0.0,0.0,0.0,0.0,0.0,0.0,0.0,0.0,0.0,0.0,0.0,0.0,0.0,0.0,0.0,0.0,0.0,0.0,0.0,0.0,0.0,0.0,0.0,0.0,0.0,0.0,0.0,0.0,0.0,0.0,0.0,0.0,0.0,0.0,0.0,0.0,0.0,0.0,0.0,0.0,0.0,0.0,0.0,0.0,0.0,0.0,0.0,0.0,0.0,0.0,0.0,0.0,0.0,0.0,0.0,0.0,0.0,0.0,0.0,0.0,0.0,0.0,0.0,0.0,0.0,0.0,0.0,0.0,0.0,0.0,0.0,0.0,0.0,0.0,0.0,0.0,0.0,0.0,0.0,0.0,0.0,0.0,0.0,0.0,0.0,0.0,0.0,0.0,0.0,0.0,0.0,0.0,0.0,0.0,0.0,0.0,0.0,0.0,0.6666666666666667,0.6666666666666667,0.6666666666666667,0.6666666666666667,0.6666666666666667,3.394947041999984,0.0
nvbench2:dev:394,394,mistral-small:24b,direct,77,0.0,arc,1.0,1.0,11,10,1,0.0,0.0,0.0,0.0,0.0,0.0,0.0,0.0,0.0,0.0,0.0,0.0,0.0,0.0,0.0,0.0,0.0,0.0,0.0,0.0,0.0,0.0,0.0,0.0,0.0,0.0,0.0,0.0,0.0,0.0,0.0,0.0,0.0,0.0,0.0,0.0,0.0,0.0,0.0,0.0,0.0,0.0,0.0,0.0,0.0,0.0,0.0,0.0,0.0,0.0,0.0,0.0,0.0,0.0,0.0,0.0,0.0,0.0,0.0,0.0,0.0,0.0,0.0,0.0,0.0,0.0,0.0,0.0,0.0,0.0,0.0,0.0,0.0,0.0,0.0,0.0,0.0,0.0,0.0,0.0,0.0,0.0,0.0,0.0,0.0,0.0,0.0,0.0,0.0,0.0,0.0,0.0,0.0,0.0,0.0,0.0,0.0,0.0,0.0,0.0,0.0,0.0,0.0,0.0,0.0,0.0,0.0,0.0,0.9,0.9,0.9,0.9,0.9,1.193812749999978,0.0
nvbench2:dev:398,398,mistral-small:24b,direct,77,0.0,line,1.0,1.0,7,2,5,1.0,0.3333333333333333,0.0,0.0,0.0,0.0,0.0,0.0,0.0,0.0,1.0,0.25,0.3333333333333333,0.28571428571428575,1.0,0.25,0.25,0.25,1.0,0.25,0.2,0.22222222222222224,1.0,0.25,0.2,0.22222222222222224,1.0,0.25,0.2,0.22222222222222224,1.0,0.25,0.2,0.22222222222222224,1.0,0.25,0.2,0.22222222222222224,1.0,0.25,0.2,0.22222222222222224,1.0,0.25,0.2,0.22222222222222224,1.0,0.25,0.2,0.22222222222222224,1.0,0.25,0.2,0.22222222222222224,1.0,0.25,0.2,0.22222222222222224,1.0,0.25,0.2,0.22222222222222224,1.0,0.25,0.2,0.22222222222222224,1.0,0.25,0.2,0.22222222222222224,1.0,0.25,0.2,0.22222222222222224,1.0,0.25,0.2,0.22222222222222224,1.0,0.25,0.2,0.22222222222222224,0.3333333333333333,0.0,0.0,0.0,0.0,1.0,0.25,0.3333333333333333,0.28571428571428575,1.0,0.25,0.2,0.22222222222222224,0.2,0.0,0.0,0.0,0.0,0.0,0.0,0.0,0.0,1.0,0.25,0.2,0.22222222222222224,1.0,1.0,1.0,1.0,1.0,2.313361250000014,0.0
nvbench2:dev:403,403,mistral-small:24b,direct,77,0.0,point,1.0,1.0,16,10,6,0.0,0.0,0.0,0.0,0.0,0.0,0.0,0.0,0.0,0.0,0.0,0.0,0.0,0.0,0.0,0.0,0.0,0.0,0.0,0.0,0.0,0.0,0.0,0.0,0.0,0.0,0.0,0.0,0.0,0.0,0.0,0.0,0.0,0.0,0.0,0.0,0.0,0.0,0.0,0.0,0.0,0.0,0.0,0.0,0.0,0.0,0.0,0.0,0.0,0.0,0.0,0.0,0.0,0.0,0.0,0.0,0.0,0.0,0.0,0.0,0.0,0.0,0.0,0.0,0.0,0.0,0.0,0.0,0.0,0.0,0.0,0.0,0.0,0.0,0.0,0.0,0.0,0.0,0.0,0.0,0.0,0.0,0.0,0.0,0.0,0.0,0.0,0.0,0.0,0.0,0.0,0.0,0.0,0.0,0.0,0.0,0.0,0.0,0.0,0.0,0.0,0.0,0.0,0.0,0.0,0.0,0.0,0.0,0.6,0.4,0.6,0.6,0.6,3.25877724999998,0.0
nvbench2:dev:405,405,mistral-small:24b,direct,77,0.0,bar,1.0,1.0,16,8,8,1.0,0.3333333333333333,0.0,0.0,0.0,0.0,0.0,0.0,0.0,0.0,1.0,0.2,0.3333333333333333,0.25,1.0,0.2,0.25,0.22222222222222224,1.0,0.2,0.2,0.20000000000000004,1.0,0.2,0.16666666666666666,0.1818181818181818,1.0,0.2,0.14285714285714285,0.16666666666666666,1.0,0.2,0.125,0.15384615384615385,1.0,0.2,0.125,0.15384615384615385,1.0,0.2,0.125,0.15384615384615385,1.0,0.2,0.125,0.15384615384615385,1.0,0.2,0.125,0.15384615384615385,1.0,0.2,0.125,0.15384615384615385,1.0,0.2,0.125,0.15384615384615385,1.0,0.2,0.125,0.15384615384615385,1.0,0.2,0.125,0.15384615384615385,1.0,0.2,0.125,0.15384615384615385,1.0,0.2,0.125,0.15384615384615385,1.0,0.2,0.125,0.15384615384615385,1.0,0.2,0.125,0.15384615384615385,0.3333333333333333,0.0,0.0,0.0,0.0,1.0,0.2,0.3333333333333333,0.25,1.0,0.2,0.2,0.20000000000000004,1.0,1.0,0.2,1.0,0.33333333333333337,1.0,0.2,0.3333333333333333,0.25,1.0,0.2,0.2,0.20000000000000004,1.0,0.7333333333333333,1.0,1.0,1.0,3.197342375000005,1.0
nvbench2:dev:421,421,mistral-small:24b,direct,77,0.0,arc,1.0,1.0,16,11,5,0.0,0.0,0.0,0.0,0.0,0.0,0.0,0.0,0.0,0.0,0.0,0.0,0.0,0.0,0.0,0.0,0.0,0.0,0.0,0.0,0.0,0.0,0.0,0.0,0.0,0.0,0.0,0.0,0.0,0.0,0.0,0.0,0.0,0.0,0.0,0.0,0.0,0.0,0.0,0.0,0.0,0.0,0.0,0.0,0.0,0.0,0.0,0.0,0.0,0.0,0.0,0.0,0.0,0.0,0.0,0.0,0.0,0.0,0.0,0.0,0.0,0.0,0.0,0.0,0.0,0.0,0.0,0.0,0.0,0.0,0.0,0.0,0.0,0.0,0.0,0.0,0.0,0.0,0.0,0.0,0.0,0.0,0.0,0.0,0.0,0.0,0.0,0.0,0.0,0.0,0.0,0.0,0.0,0.0,0.0,0.0,0.0,0.0,0.0,0.0,0.0,0.0,0.0,0.0,0.0,0.0,0.0,0.0,0.7,0.7,0.7,0.7,0.7,3.270654583999999,0.0
nvbench2:dev:422,422,mistral-small:24b,direct,77,0.0,arc,1.0,1.0,13,12,1,0.0,0.0,0.0,0.0,0.0,0.0,0.0,0.0,0.0,0.0,0.0,0.0,0.0,0.0,0.0,0.0,0.0,0.0,0.0,0.0,0.0,0.0,0.0,0.0,0.0,0.0,0.0,0.0,0.0,0.0,0.0,0.0,0.0,0.0,0.0,0.0,0.0,0.0,0.0,0.0,0.0,0.0,0.0,0.0,0.0,0.0,0.0,0.0,0.0,0.0,0.0,0.0,0.0,0.0,0.0,0.0,0.0,0.0,0.0,0.0,0.0,0.0,0.0,0.0,0.0,0.0,0.0,0.0,0.0,0.0,0.0,0.0,0.0,0.0,0.0,0.0,0.0,0.0,0.0,0.0,0.0,0.0,0.0,0.0,0.0,0.0,0.0,0.0,0.0,0.0,0.0,0.0,0.0,0.0,0.0,0.0,0.0,0.0,0.0,0.0,0.0,0.0,0.0,0.0,0.0,0.0,0.0,0.0,0.0,0.0,0.0,0.0,0.0,2.513785749999954,0.0
nvbench2:dev:436,436,mistral-small:24b,direct,77,0.0,point,1.0,1.0,14,4,10,0.0,0.0,0.0,0.0,0.0,0.0,0.0,0.0,0.0,0.0,0.0,0.0,0.0,0.0,0.0,0.0,0.0,0.0,0.0,0.0,0.0,0.0,0.0,0.0,0.0,0.0,0.0,0.0,0.0,0.0,0.0,0.0,0.0,0.0,0.0,0.0,0.0,0.0,0.0,0.0,0.0,0.0,0.0,0.0,0.0,0.0,0.0,0.0,0.0,0.0,0.0,0.0,0.0,0.0,0.0,0.0,0.0,0.0,0.0,0.0,0.0,0.0,0.0,0.0,0.0,0.0,0.0,0.0,0.0,0.0,0.0,0.0,0.0,0.0,0.0,0.0,0.0,0.0,0.0,0.0,0.0,0.0,0.0,0.0,0.0,0.0,0.0,0.0,0.0,0.0,0.0,0.0,0.0,0.0,0.0,0.0,0.0,0.0,0.0,0.0,0.0,0.0,0.0,0.0,0.0,0.0,0.0,0.0,0.6,0.26666666666666666,0.6,0.4,0.6,3.8735549170000354,0.0
nvbench2:dev:444,444,mistral-small:24b,direct,77,0.0,point,1.0,1.0,18,12,6,0.0,0.0,0.0,0.0,0.0,0.0,0.0,0.0,0.0,0.0,0.0,0.0,0.0,0.0,0.0,0.0,0.0,0.0,0.0,0.0,0.0,0.0,0.0,0.0,0.0,0.0,0.0,0.0,0.0,0.0,0.0,0.0,0.0,0.0,0.0,0.0,0.0,0.0,0.0,0.0,0.0,0.0,0.0,0.0,0.0,0.0,0.0,0.0,0.0,0.0,0.0,0.0,0.0,0.0,0.0,0.0,0.0,0.0,0.0,0.0,0.0,0.0,0.0,0.0,0.0,0.0,0.0,0.0,0.0,0.0,0.0,0.0,0.0,0.0,0.0,0.0,0.0,0.0,0.0,0.0,0.0,0.0,0.0,0.0,0.0,0.0,0.0,0.0,0.0,0.0,0.0,0.0,0.0,0.0,0.0,0.0,0.0,0.0,0.0,0.0,0.0,0.0,0.0,0.0,0.0,0.0,0.0,0.0,0.17142857142857143,0.13333333333333333,0.17142857142857143,0.13333333333333333,0.17142857142857143,3.765907291000019,0.0
nvbench2:dev:445,445,mistral-small:24b,direct,77,0.0,boxplot,1.0,1.0,9,7,2,0.0,0.0,0.0,0.0,0.0,0.0,0.0,0.0,0.0,0.0,0.0,0.0,0.0,0.0,0.0,0.0,0.0,0.0,0.0,0.0,0.0,0.0,0.0,0.0,0.0,0.0,0.0,0.0,0.0,0.0,0.0,0.0,0.0,0.0,0.0,0.0,0.0,0.0,0.0,0.0,0.0,0.0,0.0,0.0,0.0,0.0,0.0,0.0,0.0,0.0,0.0,0.0,0.0,0.0,0.0,0.0,0.0,0.0,0.0,0.0,0.0,0.0,0.0,0.0,0.0,0.0,0.0,0.0,0.0,0.0,0.0,0.0,0.0,0.0,0.0,0.0,0.0,0.0,0.0,0.0,0.0,0.0,0.0,0.0,0.0,0.0,0.0,0.0,0.0,0.0,0.0,0.0,0.0,0.0,0.0,0.0,0.0,0.0,0.0,0.0,0.0,0.0,0.0,0.0,0.0,0.0,0.0,0.0,0.6,0.2,0.6,0.6,0.6,2.2627219999999966,0.0
nvbench2:dev:455,455,mistral-small:24b,direct,77,0.0,bar,1.0,1.0,12,3,9,0.0,0.0,0.0,0.0,0.0,0.0,0.0,0.0,0.0,0.0,0.0,0.0,0.0,0.0,0.0,0.0,0.0,0.0,0.0,0.0,0.0,0.0,0.0,0.0,0.0,0.0,0.0,0.0,0.0,0.0,0.0,0.0,0.0,0.0,0.0,0.0,0.0,0.0,0.0,0.0,0.0,0.0,0.0,0.0,0.0,0.0,0.0,0.0,0.0,0.0,0.0,0.0,0.0,0.0,0.0,0.0,0.0,0.0,0.0,0.0,0.0,0.0,0.0,0.0,0.0,0.0,0.0,0.0,0.0,0.0,0.0,0.0,0.0,0.0,0.0,0.0,0.0,0.0,0.0,0.0,0.0,0.0,0.0,0.0,0.0,0.0,0.0,0.0,0.0,0.0,0.0,0.0,0.0,0.0,0.0,0.0,0.0,0.0,0.0,0.0,0.0,0.0,0.0,0.0,0.0,0.0,0.0,0.0,0.9199999999999999,0.9199999999999999,0.9199999999999999,0.9199999999999999,0.9199999999999999,3.2829350420000196,0.0
nvbench2:dev:457,457,mistral-small:24b,direct,77,0.0,arc,1.0,1.0,10,7,3,1.0,0.5,0.0,0.0,0.0,0.0,1.0,0.5,0.5,0.5,1.0,0.5,0.3333333333333333,0.4,1.0,0.5,0.3333333333333333,0.4,1.0,0.5,0.3333333333333333,0.4,1.0,0.5,0.3333333333333333,0.4,1.0,0.5,0.3333333333333333,0.4,1.0,0.5,0.3333333333333333,0.4,1.0,0.5,0.3333333333333333,0.4,1.0,0.5,0.3333333333333333,0.4,1.0,0.5,0.3333333333333333,0.4,1.0,0.5,0.3333333333333333,0.4,1.0,0.5,0.3333333333333333,0.4,1.0,0.5,0.3333333333333333,0.4,1.0,0.5,0.3333333333333333,0.4,1.0,0.5,0.3333333333333333,0.4,1.0,0.5,0.3333333333333333,0.4,1.0,0.5,0.3333333333333333,0.4,1.0,0.5,0.3333333333333333,0.4,1.0,0.5,0.3333333333333333,0.4,0.5,0.0,0.0,0.0,0.0,1.0,0.5,0.3333333333333333,0.4,1.0,0.5,0.3333333333333333,0.4,1.0,1.0,0.5,1.0,0.6666666666666666,1.0,0.5,0.5,0.5,1.0,0.5,0.5,0.5,1.0,1.0,1.0,1.0,1.0,1.8311793340000122,1.0
nvbench2:dev:462,462,mistral-small:24b,direct,77,0.0,bar,1.0,1.0,7,2,5,0.0,0.0,0.0,0.0,0.0,0.0,0.0,0.0,0.0,0.0,0.0,0.0,0.0,0.0,0.0,0.0,0.0,0.0,0.0,0.0,0.0,0.0,0.0,0.0,0.0,0.0,0.0,0.0,0.0,0.0,0.0,0.0,0.0,0.0,0.0,0.0,0.0,0.0,0.0,0.0,0.0,0.0,0.0,0.0,0.0,0.0,0.0,0.0,0.0,0.0,0.0,0.0,0.0,0.0,0.0,0.0,0.0,0.0,0.0,0.0,0.0,0.0,0.0,0.0,0.0,0.0,0.0,0.0,0.0,0.0,0.0,0.0,0.0,0.0,0.0,0.0,0.0,0.0,0.0,0.0,0.0,0.0,0.0,0.0,0.0,0.0,0.0,0.0,0.0,0.0,0.0,0.0,0.0,0.0,0.0,0.0,0.0,0.0,0.0,0.0,0.0,0.0,0.0,0.0,0.0,0.0,0.0,0.0,0.8,0.8,0.8,0.8,0.8,2.482070207999982,0.0
nvbench2:dev:463,463,mistral-small:24b,direct,77,0.0,bar+line+point,1.0,1.0,10,2,8,0.0,0.0,0.0,0.0,0.0,0.0,0.0,0.0,0.0,0.0,0.0,0.0,0.0,0.0,0.0,0.0,0.0,0.0,0.0,0.0,0.0,0.0,0.0,0.0,0.0,0.0,0.0,0.0,0.0,0.0,0.0,0.0,0.0,0.0,0.0,0.0,0.0,0.0,0.0,0.0,0.0,0.0,0.0,0.0,0.0,0.0,0.0,0.0,0.0,0.0,0.0,0.0,0.0,0.0,0.0,0.0,0.0,0.0,0.0,0.0,0.0,0.0,0.0,0.0,0.0,0.0,0.0,0.0,0.0,0.0,0.0,0.0,0.0,0.0,0.0,0.0,0.0,0.0,0.0,0.0,0.0,0.0,0.0,0.0,0.0,0.0,0.0,0.0,0.0,0.0,0.0,0.0,0.0,0.0,0.0,0.0,0.0,0.0,0.0,0.0,0.0,0.0,0.0,0.0,0.0,0.0,0.0,0.0,0.72,0.36,0.72,0.72,0.72,5.563963916000034,0.0
nvbench2:dev:465,465,mistral-small:24b,direct,77,0.0,arc,1.0,1.0,9,7,2,0.0,0.0,0.0,0.0,0.0,0.0,0.0,0.0,0.0,0.0,0.0,0.0,0.0,0.0,0.0,0.0,0.0,0.0,0.0,0.0,0.0,0.0,0.0,0.0,0.0,0.0,0.0,0.0,0.0,0.0,0.0,0.0,0.0,0.0,0.0,0.0,0.0,0.0,0.0,0.0,0.0,0.0,0.0,0.0,0.0,0.0,0.0,0.0,0.0,0.0,0.0,0.0,0.0,0.0,0.0,0.0,0.0,0.0,0.0,0.0,0.0,0.0,0.0,0.0,0.0,0.0,0.0,0.0,0.0,0.0,0.0,0.0,0.0,0.0,0.0,0.0,0.0,0.0,0.0,0.0,0.0,0.0,0.0,0.0,0.0,0.0,0.0,0.0,0.0,0.0,0.0,0.0,0.0,0.0,0.0,0.0,0.0,0.0,0.0,0.0,0.0,0.0,0.0,0.0,0.0,0.0,0.0,0.0,1.0,1.0,1.0,1.0,1.0,2.583308875,0.0
nvbench2:dev:470,470,mistral-small:24b,direct,77,0.0,boxplot,1.0,1.0,11,4,7,0.0,0.0,0.0,0.0,0.0,0.0,0.0,0.0,0.0,0.0,0.0,0.0,0.0,0.0,0.0,0.0,0.0,0.0,0.0,0.0,0.0,0.0,0.0,0.0,0.0,0.0,0.0,0.0,0.0,0.0,0.0,0.0,0.0,0.0,0.0,0.0,0.0,0.0,0.0,0.0,0.0,0.0,0.0,0.0,0.0,0.0,0.0,0.0,0.0,0.0,0.0,0.0,0.0,0.0,0.0,0.0,0.0,0.0,0.0,0.0,0.0,0.0,0.0,0.0,0.0,0.0,0.0,0.0,0.0,0.0,0.0,0.0,0.0,0.0,0.0,0.0,0.0,0.0,0.0,0.0,0.0,0.0,0.0,0.0,0.0,0.0,0.0,0.0,0.0,0.0,0.0,0.0,0.0,0.0,0.0,0.0,0.0,0.0,0.0,0.0,0.0,0.0,0.0,0.0,0.0,0.0,0.0,0.0,0.8,0.6,0.8,0.8,0.8,3.716393332999985,0.0
nvbench2:dev:475,475,mistral-small:24b,direct,77,0.0,bar+line,1.0,1.0,14,2,12,0.0,0.0,0.0,0.0,0.0,0.0,0.0,0.0,0.0,0.0,0.0,0.0,0.0,0.0,0.0,0.0,0.0,0.0,0.0,0.0,0.0,0.0,0.0,0.0,0.0,0.0,0.0,0.0,0.0,0.0,0.0,0.0,0.0,0.0,0.0,0.0,0.0,0.0,0.0,0.0,0.0,0.0,0.0,0.0,0.0,0.0,0.0,0.0,0.0,0.0,0.0,0.0,0.0,0.0,0.0,0.0,0.0,0.0,0.0,0.0,0.0,0.0,0.0,0.0,0.0,0.0,0.0,0.0,0.0,0.0,0.0,0.0,0.0,0.0,0.0,0.0,0.0,0.0,0.0,0.0,0.0,0.0,0.0,0.0,0.0,0.0,0.0,0.0,0.0,0.0,0.0,0.0,0.0,0.0,0.0,0.0,0.0,0.0,0.0,0.0,0.0,0.0,0.0,0.0,0.0,0.0,0.0,0.0,0.76,0.5599999999999999,0.6666666666666667,0.6666666666666666,0.6666666666666667,4.900388708999969,0.0
nvbench2:dev:485,485,mistral-small:24b,direct,77,0.0,bar,1.0,1.0,11,2,9,0.0,0.0,0.0,0.0,0.0,0.0,0.0,0.0,0.0,0.0,0.0,0.0,0.0,0.0,0.0,0.0,0.0,0.0,0.0,0.0,0.0,0.0,0.0,0.0,0.0,0.0,0.0,0.0,0.0,0.0,0.0,0.0,0.0,0.0,0.0,0.0,0.0,0.0,0.0,0.0,0.0,0.0,0.0,0.0,0.0,0.0,0.0,0.0,0.0,0.0,0.0,0.0,0.0,0.0,0.0,0.0,0.0,0.0,0.0,0.0,0.0,0.0,0.0,0.0,0.0,0.0,0.0,0.0,0.0,0.0,0.0,0.0,0.0,0.0,0.0,0.0,0.0,0.0,0.0,0.0,0.0,0.0,0.0,0.0,0.0,0.0,0.0,0.0,0.0,0.0,0.0,0.0,0.0,0.0,0.0,0.0,0.0,0.0,0.0,0.0,0.0,0.0,0.0,0.0,0.0,0.0,0.0,0.0,0.8,0.7333333333333333,0.8,0.8,0.8,3.493548665999981,0.0
nvbench2:dev:492,492,mistral-small:24b,direct,77,0.0,arc,1.0,1.0,14,8,6,0.0,0.0,0.0,0.0,0.0,0.0,0.0,0.0,0.0,0.0,0.0,0.0,0.0,0.0,0.0,0.0,0.0,0.0,0.0,0.0,0.0,0.0,0.0,0.0,0.0,0.0,0.0,0.0,0.0,0.0,0.0,0.0,0.0,0.0,0.0,0.0,0.0,0.0,0.0,0.0,0.0,0.0,0.0,0.0,0.0,0.0,0.0,0.0,0.0,0.0,0.0,0.0,0.0,0.0,0.0,0.0,0.0,0.0,0.0,0.0,0.0,0.0,0.0,0.0,0.0,0.0,0.0,0.0,0.0,0.0,0.0,0.0,0.0,0.0,0.0,0.0,0.0,0.0,0.0,0.0,0.0,0.0,0.0,0.0,0.0,0.0,0.0,0.0,0.0,0.0,0.0,0.0,0.0,0.0,0.0,0.0,0.0,0.0,0.0,0.0,0.0,0.0,0.0,0.0,0.0,0.0,0.0,0.0,1.0,1.0,1.0,1.0,1.0,2.789309375000016,0.0
nvbench2:dev:495,495,mistral-small:24b,direct,77,0.0,boxplot,1.0,1.0,13,3,10,1.0,0.25,0.0,0.0,0.0,0.0,0.0,0.0,0.0,0.0,0.0,0.0,0.0,0.0,1.0,0.3333333333333333,0.25,0.28571428571428575,1.0,0.3333333333333333,0.2,0.25,1.0,0.3333333333333333,0.16666666666666666,0.2222222222222222,1.0,0.6666666666666666,0.2857142857142857,0.4,1.0,0.6666666666666666,0.25,0.36363636363636365,1.0,0.6666666666666666,0.2222222222222222,0.3333333333333333,1.0,0.6666666666666666,0.2,0.30769230769230765,1.0,0.6666666666666666,0.2,0.30769230769230765,1.0,0.6666666666666666,0.2,0.30769230769230765,1.0,0.6666666666666666,0.2,0.30769230769230765,1.0,0.6666666666666666,0.2,0.30769230769230765,1.0,0.6666666666666666,0.2,0.30769230769230765,1.0,0.6666666666666666,0.2,0.30769230769230765,1.0,0.6666666666666666,0.2,0.30769230769230765,1.0,0.6666666666666666,0.2,0.30769230769230765,1.0,0.6666666666666666,0.2,0.30769230769230765,1.0,0.6666666666666666,0.2,0.30769230769230765,0.25,0.0,0.0,0.0,0.0,0.0,0.0,0.0,0.0,1.0,0.3333333333333333,0.2,0.25,1.0,1.0,0.3333333333333333,1.0,0.5,1.0,0.3333333333333333,0.3333333333333333,0.3333333333333333,1.0,0.3333333333333333,0.2,0.25,1.0,0.4,1.0,1.0,1.0,3.2279998749999663,1.0
nvbench2:dev:498,498,mistral-small:24b,direct,77,0.0,arc,1.0,1.0,11,8,3,0.0,0.0,0.0,0.0,0.0,0.0,0.0,0.0,0.0,0.0,0.0,0.0,0.0,0.0,0.0,0.0,0.0,0.0,0.0,0.0,0.0,0.0,0.0,0.0,0.0,0.0,0.0,0.0,0.0,0.0,0.0,0.0,0.0,0.0,0.0,0.0,0.0,0.0,0.0,0.0,0.0,0.0,0.0,0.0,0.0,0.0,0.0,0.0,0.0,0.0,0.0,0.0,0.0,0.0,0.0,0.0,0.0,0.0,0.0,0.0,0.0,0.0,0.0,0.0,0.0,0.0,0.0,0.0,0.0,0.0,0.0,0.0,0.0,0.0,0.0,0.0,0.0,0.0,0.0,0.0,0.0,0.0,0.0,0.0,0.0,0.0,0.0,0.0,0.0,0.0,0.0,0.0,0.0,0.0,0.0,0.0,0.0,0.0,0.0,0.0,0.0,0.0,0.0,0.0,0.0,0.0,0.0,0.0,0.8,0.8,0.8,0.8,0.8,1.7687351249999779,0.0
nvbench2:dev:499,499,mistral-small:24b,direct,77,0.0,line,1.0,1.0,13,6,7,0.0,0.0,0.0,0.0,0.0,0.0,0.0,0.0,0.0,0.0,0.0,0.0,0.0,0.0,0.0,0.0,0.0,0.0,0.0,0.0,0.0,0.0,0.0,0.0,0.0,0.0,0.0,0.0,0.0,0.0,0.0,0.0,0.0,0.0,0.0,0.0,0.0,0.0,0.0,0.0,0.0,0.0,0.0,0.0,0.0,0.0,0.0,0.0,0.0,0.0,0.0,0.0,0.0,0.0,0.0,0.0,0.0,0.0,0.0,0.0,0.0,0.0,0.0,0.0,0.0,0.0,0.0,0.0,0.0,0.0,0.0,0.0,0.0,0.0,0.0,0.0,0.0,0.0,0.0,0.0,0.0,0.0,0.0,0.0,0.0,0.0,0.0,0.0,0.0,0.0,0.0,0.0,0.0,0.0,0.0,0.0,0.0,0.0,0.0,0.0,0.0,0.0,0.0,0.0,0.0,0.0,0.0,0.0,1.0,1.0,1.0,1.0,1.0,2.658843958000034,0.0
nvbench2:dev:507,507,mistral-small:24b,direct,77,0.0,rect,1.0,1.0,14,3,11,0.0,0.0,0.0,0.0,0.0,0.0,0.0,0.0,0.0,0.0,0.0,0.0,0.0,0.0,0.0,0.0,0.0,0.0,0.0,0.0,0.0,0.0,0.0,0.0,0.0,0.0,0.0,0.0,0.0,0.0,0.0,0.0,0.0,0.0,0.0,0.0,0.0,0.0,0.0,0.0,0.0,0.0,0.0,0.0,0.0,0.0,0.0,0.0,0.0,0.0,0.0,0.0,0.0,0.0,0.0,0.0,0.0,0.0,0.0,0.0,0.0,0.0,0.0,0.0,0.0,0.0,0.0,0.0,0.0,0.0,0.0,0.0,0.0,0.0,0.0,0.0,0.0,0.0,0.0,0.0,0.0,0.0,0.0,0.0,0.0,0.0,0.0,0.0,0.0,0.0,0.0,0.0,0.0,0.0,0.0,0.0,0.0,0.0,0.0,0.0,0.0,0.0,0.0,0.0,0.0,0.0,0.0,0.0,0.6,0.5666666666666667,0.6,0.16,0.6,4.387666874999979,0.0
nvbench2:dev:508,508,mistral-small:24b,direct,77,0.0,arc,1.0,1.0,14,12,2,0.0,0.0,0.0,0.0,0.0,0.0,0.0,0.0,0.0,0.0,0.0,0.0,0.0,0.0,0.0,0.0,0.0,0.0,0.0,0.0,0.0,0.0,0.0,0.0,0.0,0.0,0.0,0.0,0.0,0.0,0.0,0.0,0.0,0.0,0.0,0.0,0.0,0.0,0.0,0.0,0.0,0.0,0.0,0.0,0.0,0.0,0.0,0.0,0.0,0.0,0.0,0.0,0.0,0.0,0.0,0.0,0.0,0.0,0.0,0.0,0.0,0.0,0.0,0.0,0.0,0.0,0.0,0.0,0.0,0.0,0.0,0.0,0.0,0.0,0.0,0.0,0.0,0.0,0.0,0.0,0.0,0.0,0.0,0.0,0.0,0.0,0.0,0.0,0.0,0.0,0.0,0.0,0.0,0.0,0.0,0.0,0.0,0.0,0.0,0.0,0.0,0.0,0.0,0.0,0.0,0.0,0.0,0.0,0.27999999999999997,0.2,0.27999999999999997,0.2,0.27999999999999997,2.0827951250000183,0.0
nvbench2:dev:515,515,mistral-small:24b,direct,77,0.0,line,1.0,1.0,11,6,5,0.0,0.0,0.0,0.0,0.0,0.0,0.0,0.0,0.0,0.0,0.0,0.0,0.0,0.0,0.0,0.0,0.0,0.0,0.0,0.0,0.0,0.0,0.0,0.0,0.0,0.0,0.0,0.0,0.0,0.0,0.0,0.0,0.0,0.0,0.0,0.0,0.0,0.0,0.0,0.0,0.0,0.0,0.0,0.0,0.0,0.0,0.0,0.0,0.0,0.0,0.0,0.0,0.0,0.0,0.0,0.0,0.0,0.0,0.0,0.0,0.0,0.0,0.0,0.0,0.0,0.0,0.0,0.0,0.0,0.0,0.0,0.0,0.0,0.0,0.0,0.0,0.0,0.0,0.0,0.0,0.0,0.0,0.0,0.0,0.0,0.0,0.0,0.0,0.0,0.0,0.0,0.0,0.0,0.0,0.0,0.0,0.0,0.0,0.0,0.0,0.0,0.0,0.0,0.0,0.0,0.0,0.0,0.0,1.0,0.5,1.0,1.0,1.0,2.632248625000045,0.0
nvbench2:dev:531,531,mistral-small:24b,direct,77,0.0,bar,1.0,1.0,14,8,6,0.0,0.0,0.0,0.0,0.0,0.0,0.0,0.0,0.0,0.0,0.0,0.0,0.0,0.0,0.0,0.0,0.0,0.0,0.0,0.0,0.0,0.0,0.0,0.0,0.0,0.0,0.0,0.0,0.0,0.0,0.0,0.0,0.0,0.0,0.0,0.0,0.0,0.0,0.0,0.0,0.0,0.0,0.0,0.0,0.0,0.0,0.0,0.0,0.0,0.0,0.0,0.0,0.0,0.0,0.0,0.0,0.0,0.0,0.0,0.0,0.0,0.0,0.0,0.0,0.0,0.0,0.0,0.0,0.0,0.0,0.0,0.0,0.0,0.0,0.0,0.0,0.0,0.0,0.0,0.0,0.0,0.0,0.0,0.0,0.0,0.0,0.0,0.0,0.0,0.0,0.0,0.0,0.0,0.0,0.0,0.0,0.0,0.0,0.0,0.0,0.0,0.0,0.0,0.0,0.0,0.0,0.0,0.0,0.9199999999999999,0.9199999999999999,0.9199999999999999,0.9199999999999999,0.9199999999999999,2.58013950000003,0.0
nvbench2:dev:538,538,mistral-small:24b,direct,77,0.0,arc,1.0,1.0,11,4,7,1.0,0.3333333333333333,0.0,0.0,0.0,0.0,0.0,0.0,0.0,0.0,1.0,0.5,0.3333333333333333,0.4,1.0,0.5,0.25,0.3333333333333333,1.0,1.0,0.4,0.5714285714285715,1.0,1.0,0.3333333333333333,0.5,1.0,1.0,0.2857142857142857,0.4444444444444445,1.0,1.0,0.2857142857142857,0.4444444444444445,1.0,1.0,0.2857142857142857,0.4444444444444445,1.0,1.0,0.2857142857142857,0.4444444444444445,1.0,1.0,0.2857142857142857,0.4444444444444445,1.0,1.0,0.2857142857142857,0.4444444444444445,1.0,1.0,0.2857142857142857,0.4444444444444445,1.0,1.0,0.2857142857142857,0.4444444444444445,1.0,1.0,0.2857142857142857,0.4444444444444445,1.0,1.0,0.2857142857142857,0.4444444444444445,1.0,1.0,0.2857142857142857,0.4444444444444445,1.0,1.0,0.2857142857142857,0.4444444444444445,1.0,1.0,0.2857142857142857,0.4444444444444445,1.0,1.0,0.2857142857142857,0.4444444444444445,0.3333333333333333,0.0,0.0,0.0,0.0,1.0,0.5,0.3333333333333333,0.4,1.0,1.0,0.4,0.5714285714285715,0.5,0.0,0.0,0.0,0.0,1.0,0.5,0.3333333333333333,0.4,1.0,1.0,0.4,0.5714285714285715,1.0,0.7,1.0,1.0,1.0,2.334059084000046,0.0
nvbench2:dev:540,540,mistral-small:24b,direct,77,0.0,bar,1.0,1.0,13,7,6,0.0,0.0,0.0,0.0,0.0,0.0,0.0,0.0,0.0,0.0,0.0,0.0,0.0,0.0,0.0,0.0,0.0,0.0,0.0,0.0,0.0,0.0,0.0,0.0,0.0,0.0,0.0,0.0,0.0,0.0,0.0,0.0,0.0,0.0,0.0,0.0,0.0,0.0,0.0,0.0,0.0,0.0,0.0,0.0,0.0,0.0,0.0,0.0,0.0,0.0,0.0,0.0,0.0,0.0,0.0,0.0,0.0,0.0,0.0,0.0,0.0,0.0,0.0,0.0,0.0,0.0,0.0,0.0,0.0,0.0,0.0,0.0,0.0,0.0,0.0,0.0,0.0,0.0,0.0,0.0,0.0,0.0,0.0,0.0,0.0,0.0,0.0,0.0,0.0,0.0,0.0,0.0,0.0,0.0,0.0,0.0,0.0,0.0,0.0,0.0,0.0,0.0,0.0,0.0,0.0,0.0,0.0,0.0,0.9199999999999999,0.9199999999999999,0.9199999999999999,0.9199999999999999,0.9199999999999999,2.689098666999996,0.0
nvbench2:dev:551,551,mistral-small:24b,direct,77,0.0,line,1.0,1.0,8,5,3,0.0,0.0,0.0,0.0,0.0,0.0,0.0,0.0,0.0,0.0,0.0,0.0,0.0,0.0,0.0,0.0,0.0,0.0,0.0,0.0,0.0,0.0,0.0,0.0,0.0,0.0,0.0,0.0,0.0,0.0,0.0,0.0,0.0,0.0,0.0,0.0,0.0,0.0,0.0,0.0,0.0,0.0,0.0,0.0,0.0,0.0,0.0,0.0,0.0,0.0,0.0,0.0,0.0,0.0,0.0,0.0,0.0,0.0,0.0,0.0,0.0,0.0,0.0,0.0,0.0,0.0,0.0,0.0,0.0,0.0,0.0,0.0,0.0,0.0,0.0,0.0,0.0,0.0,0.0,0.0,0.0,0.0,0.0,0.0,0.0,0.0,0.0,0.0,0.0,0.0,0.0,0.0,0.0,0.0,0.0,0.0,0.0,0.0,0.0,0.0,0.0,0.0,0.0,0.0,0.0,0.0,0.0,0.0,1.0,1.0,1.0,1.0,1.0,1.5823768750000227,0.0
nvbench2:dev:554,554,mistral-small:24b,direct,77,0.0,point,1.0,1.0,12,3,9,1.0,1.0,1.0,0.5,1.0,0.6666666666666666,1.0,0.5,0.5,0.5,1.0,0.5,0.3333333333333333,0.4,1.0,0.5,0.25,0.3333333333333333,1.0,0.5,0.2,0.28571428571428575,1.0,0.5,0.16666666666666666,0.25,1.0,0.5,0.14285714285714285,0.22222222222222224,1.0,0.5,0.125,0.2,1.0,0.5,0.1111111111111111,0.1818181818181818,1.0,0.5,0.1111111111111111,0.1818181818181818,1.0,0.5,0.1111111111111111,0.1818181818181818,1.0,0.5,0.1111111111111111,0.1818181818181818,1.0,0.5,0.1111111111111111,0.1818181818181818,1.0,0.5,0.1111111111111111,0.1818181818181818,1.0,0.5,0.1111111111111111,0.1818181818181818,1.0,0.5,0.1111111111111111,0.1818181818181818,1.0,0.5,0.1111111111111111,0.1818181818181818,1.0,0.5,0.1111111111111111,0.1818181818181818,1.0,0.5,0.1111111111111111,0.1818181818181818,1.0,0.5,0.1111111111111111,0.1818181818181818,1.0,1.0,0.5,1.0,0.6666666666666666,1.0,0.5,0.3333333333333333,0.4,1.0,0.5,0.2,0.28571428571428575,0.3333333333333333,0.0,0.0,0.0,0.0,1.0,0.5,0.3333333333333333,0.4,1.0,0.5,0.2,0.28571428571428575,1.0,1.0,1.0,0.8,1.0,3.1698710829999754,-1.0
nvbench2:dev:562,562,mistral-small:24b,direct,77,0.0,bar,1.0,1.0,15,5,10,0.0,0.0,0.0,0.0,0.0,0.0,0.0,0.0,0.0,0.0,0.0,0.0,0.0,0.0,0.0,0.0,0.0,0.0,0.0,0.0,0.0,0.0,0.0,0.0,0.0,0.0,0.0,0.0,0.0,0.0,0.0,0.0,0.0,0.0,0.0,0.0,0.0,0.0,0.0,0.0,0.0,0.0,0.0,0.0,0.0,0.0,0.0,0.0,0.0,0.0,0.0,0.0,0.0,0.0,0.0,0.0,0.0,0.0,0.0,0.0,0.0,0.0,0.0,0.0,0.0,0.0,0.0,0.0,0.0,0.0,0.0,0.0,0.0,0.0,0.0,0.0,0.0,0.0,0.0,0.0,0.0,0.0,0.0,0.0,0.0,0.0,0.0,0.0,0.0,0.0,0.0,0.0,0.0,0.0,0.0,0.0,0.0,0.0,0.0,0.0,0.0,0.0,0.0,0.0,0.0,0.0,0.0,0.0,1.0,1.0,1.0,1.0,1.0,3.342450750000012,0.0
nvbench2:dev:568,568,mistral-small:24b,direct,77,0.0,line,1.0,1.0,9,4,5,0.0,0.0,0.0,0.0,0.0,0.0,0.0,0.0,0.0,0.0,0.0,0.0,0.0,0.0,0.0,0.0,0.0,0.0,0.0,0.0,0.0,0.0,0.0,0.0,0.0,0.0,0.0,0.0,0.0,0.0,0.0,0.0,0.0,0.0,0.0,0.0,0.0,0.0,0.0,0.0,0.0,0.0,0.0,0.0,0.0,0.0,0.0,0.0,0.0,0.0,0.0,0.0,0.0,0.0,0.0,0.0,0.0,0.0,0.0,0.0,0.0,0.0,0.0,0.0,0.0,0.0,0.0,0.0,0.0,0.0,0.0,0.0,0.0,0.0,0.0,0.0,0.0,0.0,0.0,0.0,0.0,0.0,0.0,0.0,0.0,0.0,0.0,0.0,0.0,0.0,0.0,0.0,0.0,0.0,0.0,0.0,0.0,0.0,0.0,0.0,0.0,0.0,0.0,0.0,0.0,0.0,0.0,0.0,1.0,1.0,1.0,1.0,1.0,2.529262875000029,0.0
nvbench2:dev:571,571,mistral-small:24b,direct,77,0.0,rect,1.0,1.0,8,7,1,0.0,0.0,0.0,0.0,0.0,0.0,0.0,0.0,0.0,0.0,0.0,0.0,0.0,0.0,0.0,0.0,0.0,0.0,0.0,0.0,0.0,0.0,0.0,0.0,0.0,0.0,0.0,0.0,0.0,0.0,0.0,0.0,0.0,0.0,0.0,0.0,0.0,0.0,0.0,0.0,0.0,0.0,0.0,0.0,0.0,0.0,0.0,0.0,0.0,0.0,0.0,0.0,0.0,0.0,0.0,0.0,0.0,0.0,0.0,0.0,0.0,0.0,0.0,0.0,0.0,0.0,0.0,0.0,0.0,0.0,0.0,0.0,0.0,0.0,0.0,0.0,0.0,0.0,0.0,0.0,0.0,0.0,0.0,0.0,0.0,0.0,0.0,0.0,0.0,0.0,0.0,0.0,0.0,0.0,0.0,0.0,0.0,0.0,0.0,0.0,0.0,0.0,0.0,0.0,0.0,0.0,0.0,0.0,0.08,0.08,0.08,0.08,0.08,1.6492992089999916,0.0
nvbench2:dev:572,572,mistral-small:24b,direct,77,0.0,bar,1.0,1.0,13,4,9,1.0,0.14285714285714285,0.0,0.0,0.0,0.0,0.0,0.0,0.0,0.0,0.0,0.0,0.0,0.0,0.0,0.0,0.0,0.0,0.0,0.0,0.0,0.0,0.0,0.0,0.0,0.0,1.0,0.5,0.14285714285714285,0.22222222222222224,1.0,0.5,0.125,0.2,1.0,0.5,0.1111111111111111,0.1818181818181818,1.0,0.5,0.1111111111111111,0.1818181818181818,1.0,0.5,0.1111111111111111,0.1818181818181818,1.0,0.5,0.1111111111111111,0.1818181818181818,1.0,0.5,0.1111111111111111,0.1818181818181818,1.0,0.5,0.1111111111111111,0.1818181818181818,1.0,0.5,0.1111111111111111,0.1818181818181818,1.0,0.5,0.1111111111111111,0.1818181818181818,1.0,0.5,0.1111111111111111,0.1818181818181818,1.0,0.5,0.1111111111111111,0.1818181818181818,1.0,0.5,0.1111111111111111,0.1818181818181818,1.0,0.5,0.1111111111111111,0.1818181818181818,0.0,0.0,0.0,0.0,0.0,0.0,0.0,0.0,0.0,0.0,0.0,0.0,0.0,0.5,0.0,0.0,0.0,0.0,1.0,0.5,0.3333333333333333,0.4,1.0,0.5,0.2,0.28571428571428575,1.0,0.9333333333333332,0.9333333333333332,0.9333333333333332,1.0,3.5622367080000004,0.0
nvbench2:dev:573,573,mistral-small:24b,direct,77,0.0,point,1.0,1.0,13,5,8,0.0,0.0,0.0,0.0,0.0,0.0,0.0,0.0,0.0,0.0,0.0,0.0,0.0,0.0,0.0,0.0,0.0,0.0,0.0,0.0,0.0,0.0,0.0,0.0,0.0,0.0,0.0,0.0,0.0,0.0,0.0,0.0,0.0,0.0,0.0,0.0,0.0,0.0,0.0,0.0,0.0,0.0,0.0,0.0,0.0,0.0,0.0,0.0,0.0,0.0,0.0,0.0,0.0,0.0,0.0,0.0,0.0,0.0,0.0,0.0,0.0,0.0,0.0,0.0,0.0,0.0,0.0,0.0,0.0,0.0,0.0,0.0,0.0,0.0,0.0,0.0,0.0,0.0,0.0,0.0,0.0,0.0,0.0,0.0,0.0,0.0,0.0,0.0,0.0,0.0,0.0,0.0,0.0,0.0,0.0,0.0,0.0,0.0,0.0,0.0,0.0,0.0,0.0,0.0,0.0,0.0,0.0,0.0,0.64,0.36,0.64,0.36,0.64,3.082649124999989,0.0
nvbench2:dev:603,603,mistral-small:24b,direct,77,0.0,rect,1.0,1.0,12,6,6,0.0,0.0,0.0,0.0,0.0,0.0,0.0,0.0,0.0,0.0,0.0,0.0,0.0,0.0,0.0,0.0,0.0,0.0,0.0,0.0,0.0,0.0,0.0,0.0,0.0,0.0,0.0,0.0,0.0,0.0,0.0,0.0,0.0,0.0,0.0,0.0,0.0,0.0,0.0,0.0,0.0,0.0,0.0,0.0,0.0,0.0,0.0,0.0,0.0,0.0,0.0,0.0,0.0,0.0,0.0,0.0,0.0,0.0,0.0,0.0,0.0,0.0,0.0,0.0,0.0,0.0,0.0,0.0,0.0,0.0,0.0,0.0,0.0,0.0,0.0,0.0,0.0,0.0,0.0,0.0,0.0,0.0,0.0,0.0,0.0,0.0,0.0,0.0,0.0,0.0,0.0,0.0,0.0,0.0,0.0,0.0,0.0,0.0,0.0,0.0,0.0,0.0,0.0,0.0,0.0,0.0,0.0,0.0,0.8,0.8,0.8,0.36,0.8,2.9021147920000203,0.0
nvbench2:dev:605,605,mistral-small:24b,direct,77,0.0,line,1.0,1.0,12,9,3,0.0,0.0,0.0,0.0,0.0,0.0,0.0,0.0,0.0,0.0,0.0,0.0,0.0,0.0,0.0,0.0,0.0,0.0,0.0,0.0,0.0,0.0,0.0,0.0,0.0,0.0,0.0,0.0,0.0,0.0,0.0,0.0,0.0,0.0,0.0,0.0,0.0,0.0,0.0,0.0,0.0,0.0,0.0,0.0,0.0,0.0,0.0,0.0,0.0,0.0,0.0,0.0,0.0,0.0,0.0,0.0,0.0,0.0,0.0,0.0,0.0,0.0,0.0,0.0,0.0,0.0,0.0,0.0,0.0,0.0,0.0,0.0,0.0,0.0,0.0,0.0,0.0,0.0,0.0,0.0,0.0,0.0,0.0,0.0,0.0,0.0,0.0,0.0,0.0,0.0,0.0,0.0,0.0,0.0,0.0,0.0,0.0,0.0,0.0,0.0,0.0,0.0,0.0,0.0,0.0,0.0,0.0,0.0,0.9333333333333332,0.36,0.9333333333333332,0.9333333333333332,0.9333333333333332,2.573768083999994,0.0
nvbench2:dev:606,606,mistral-small:24b,direct,77,0.0,bar,1.0,1.0,11,9,2,0.0,0.0,0.0,0.0,0.0,0.0,0.0,0.0,0.0,0.0,0.0,0.0,0.0,0.0,0.0,0.0,0.0,0.0,0.0,0.0,0.0,0.0,0.0,0.0,0.0,0.0,0.0,0.0,0.0,0.0,0.0,0.0,0.0,0.0,0.0,0.0,0.0,0.0,0.0,0.0,0.0,0.0,0.0,0.0,0.0,0.0,0.0,0.0,0.0,0.0,0.0,0.0,0.0,0.0,0.0,0.0,0.0,0.0,0.0,0.0,0.0,0.0,0.0,0.0,0.0,0.0,0.0,0.0,0.0,0.0,0.0,0.0,0.0,0.0,0.0,0.0,0.0,0.0,0.0,0.0,0.0,0.0,0.0,0.0,0.0,0.0,0.0,0.0,0.0,0.0,0.0,0.0,0.0,0.0,0.0,0.0,0.0,0.0,0.0,0.0,0.0,0.0,0.0,0.0,0.0,0.0,0.0,0.0,0.9199999999999999,0.9199999999999999,0.9199999999999999,0.9199999999999999,0.9199999999999999,2.158549458999971,0.0
nvbench2:dev:612,612,mistral-small:24b,direct,77,0.0,arc,1.0,1.0,11,6,5,1.0,0.5,0.0,0.0,0.0,0.0,1.0,0.3333333333333333,0.5,0.4,1.0,0.3333333333333333,0.3333333333333333,0.3333333333333333,1.0,0.3333333333333333,0.25,0.28571428571428575,1.0,0.3333333333333333,0.2,0.25,1.0,0.3333333333333333,0.2,0.25,1.0,0.3333333333333333,0.2,0.25,1.0,0.3333333333333333,0.2,0.25,1.0,0.3333333333333333,0.2,0.25,1.0,0.3333333333333333,0.2,0.25,1.0,0.3333333333333333,0.2,0.25,1.0,0.3333333333333333,0.2,0.25,1.0,0.3333333333333333,0.2,0.25,1.0,0.3333333333333333,0.2,0.25,1.0,0.3333333333333333,0.2,0.25,1.0,0.3333333333333333,0.2,0.25,1.0,0.3333333333333333,0.2,0.25,1.0,0.3333333333333333,0.2,0.25,1.0,0.3333333333333333,0.2,0.25,1.0,0.3333333333333333,0.2,0.25,0.5,0.0,0.0,0.0,0.0,1.0,0.3333333333333333,0.3333333333333333,0.3333333333333333,1.0,0.3333333333333333,0.2,0.25,0.0,0.0,0.0,0.0,0.0,0.0,0.0,0.0,0.0,0.0,0.0,0.0,0.0,1.0,1.0,1.0,1.0,1.0,2.79199162499998,0.0
nvbench2:dev:614,614,mistral-small:24b,direct,77,0.0,bar,1.0,1.0,18,8,10,0.0,0.0,0.0,0.0,0.0,0.0,0.0,0.0,0.0,0.0,0.0,0.0,0.0,0.0,0.0,0.0,0.0,0.0,0.0,0.0,0.0,0.0,0.0,0.0,0.0,0.0,0.0,0.0,0.0,0.0,0.0,0.0,0.0,0.0,0.0,0.0,0.0,0.0,0.0,0.0,0.0,0.0,0.0,0.0,0.0,0.0,0.0,0.0,0.0,0.0,0.0,0.0,0.0,0.0,0.0,0.0,0.0,0.0,0.0,0.0,0.0,0.0,0.0,0.0,0.0,0.0,0.0,0.0,0.0,0.0,0.0,0.0,0.0,0.0,0.0,0.0,0.0,0.0,0.0,0.0,0.0,0.0,0.0,0.0,0.0,0.0,0.0,0.0,0.0,0.0,0.0,0.0,0.0,0.0,0.0,0.0,0.0,0.0,0.0,0.0,0.0,0.0,0.0,0.0,0.0,0.0,0.0,0.0,1.0,0.7333333333333333,0.9199999999999999,1.0,1.0,3.7745968330000323,0.0
nvbench2:dev:628,628,mistral-small:24b,direct,77,0.0,rect,1.0,1.0,10,4,6,0.0,0.0,0.0,0.0,0.0,0.0,0.0,0.0,0.0,0.0,0.0,0.0,0.0,0.0,0.0,0.0,0.0,0.0,0.0,0.0,0.0,0.0,0.0,0.0,0.0,0.0,0.0,0.0,0.0,0.0,0.0,0.0,0.0,0.0,0.0,0.0,0.0,0.0,0.0,0.0,0.0,0.0,0.0,0.0,0.0,0.0,0.0,0.0,0.0,0.0,0.0,0.0,0.0,0.0,0.0,0.0,0.0,0.0,0.0,0.0,0.0,0.0,0.0,0.0,0.0,0.0,0.0,0.0,0.0,0.0,0.0,0.0,0.0,0.0,0.0,0.0,0.0,0.0,0.0,0.0,0.0,0.0,0.0,0.0,0.0,0.0,0.0,0.0,0.0,0.0,0.0,0.0,0.0,0.0,0.0,0.0,0.0,0.0,0.0,0.0,0.0,0.0,0.0,0.0,0.0,0.0,0.0,0.0,0.4666666666666667,0.4,0.4666666666666667,0.4,0.4666666666666667,5.40215308400002,0.0
nvbench2:dev:641,641,mistral-small:24b,direct,77,0.0,rect,1.0,1.0,13,10,3,0.0,0.0,0.0,0.0,0.0,0.0,0.0,0.0,0.0,0.0,0.0,0.0,0.0,0.0,0.0,0.0,0.0,0.0,0.0,0.0,0.0,0.0,0.0,0.0,0.0,0.0,0.0,0.0,0.0,0.0,0.0,0.0,0.0,0.0,0.0,0.0,0.0,0.0,0.0,0.0,0.0,0.0,0.0,0.0,0.0,0.0,0.0,0.0,0.0,0.0,0.0,0.0,0.0,0.0,0.0,0.0,0.0,0.0,0.0,0.0,0.0,0.0,0.0,0.0,0.0,0.0,0.0,0.0,0.0,0.0,0.0,0.0,0.0,0.0,0.0,0.0,0.0,0.0,0.0,0.0,0.0,0.0,0.0,0.0,0.0,0.0,0.0,0.0,0.0,0.0,0.0,0.0,0.0,0.0,0.0,0.0,0.0,0.0,0.0,0.0,0.0,0.0,0.0,0.0,0.0,0.0,0.0,0.0,1.0,0.9333333333333332,1.0,1.0,1.0,2.019128749999993,0.0
nvbench2:dev:642,642,mistral-small:24b,direct,77,0.0,line,1.0,1.0,10,7,3,0.0,0.0,0.0,0.0,0.0,0.0,0.0,0.0,0.0,0.0,0.0,0.0,0.0,0.0,0.0,0.0,0.0,0.0,0.0,0.0,0.0,0.0,0.0,0.0,0.0,0.0,0.0,0.0,0.0,0.0,0.0,0.0,0.0,0.0,0.0,0.0,0.0,0.0,0.0,0.0,0.0,0.0,0.0,0.0,0.0,0.0,0.0,0.0,0.0,0.0,0.0,0.0,0.0,0.0,0.0,0.0,0.0,0.0,0.0,0.0,0.0,0.0,0.0,0.0,0.0,0.0,0.0,0.0,0.0,0.0,0.0,0.0,0.0,0.0,0.0,0.0,0.0,0.0,0.0,0.0,0.0,0.0,0.0,0.0,0.0,0.0,0.0,0.0,0.0,0.0,0.0,0.0,0.0,0.0,0.0,0.0,0.0,0.0,0.0,0.0,0.0,0.0,0.0,0.0,0.0,0.0,0.0,0.0,0.6666666666666666,0.6666666666666666,0.6666666666666666,0.6666666666666666,0.6666666666666666,2.1455985000000055,0.0
nvbench2:dev:644,644,mistral-small:24b,direct,77,0.0,bar+line,1.0,1.0,17,6,11,0.0,0.0,0.0,0.0,0.0,0.0,0.0,0.0,0.0,0.0,0.0,0.0,0.0,0.0,0.0,0.0,0.0,0.0,0.0,0.0,0.0,0.0,0.0,0.0,0.0,0.0,0.0,0.0,0.0,0.0,0.0,0.0,0.0,0.0,0.0,0.0,0.0,0.0,0.0,0.0,0.0,0.0,0.0,0.0,0.0,0.0,0.0,0.0,0.0,0.0,0.0,0.0,0.0,0.0,0.0,0.0,0.0,0.0,0.0,0.0,0.0,0.0,0.0,0.0,0.0,0.0,0.0,0.0,0.0,0.0,0.0,0.0,0.0,0.0,0.0,0.0,0.0,0.0,0.0,0.0,0.0,0.0,0.0,0.0,0.0,0.0,0.0,0.0,0.0,0.0,0.0,0.0,0.0,0.0,0.0,0.0,0.0,0.0,0.0,0.0,0.0,0.0,0.0,0.0,0.0,0.0,0.0,0.0,1.0,0.9333333333333332,0.9333333333333332,1.0,1.0,4.729321416999994,0.0
nvbench2:dev:647,647,mistral-small:24b,direct,77,0.0,bar,1.0,1.0,17,12,5,0.0,0.0,0.0,0.0,0.0,0.0,0.0,0.0,0.0,0.0,0.0,0.0,0.0,0.0,0.0,0.0,0.0,0.0,0.0,0.0,0.0,0.0,0.0,0.0,0.0,0.0,0.0,0.0,0.0,0.0,0.0,0.0,0.0,0.0,0.0,0.0,0.0,0.0,0.0,0.0,0.0,0.0,0.0,0.0,0.0,0.0,0.0,0.0,0.0,0.0,0.0,0.0,0.0,0.0,0.0,0.0,0.0,0.0,0.0,0.0,0.0,0.0,0.0,0.0,0.0,0.0,0.0,0.0,0.0,0.0,0.0,0.0,0.0,0.0,0.0,0.0,0.0,0.0,0.0,0.0,0.0,0.0,0.0,0.0,0.0,0.0,0.0,0.0,0.0,0.0,0.0,0.0,0.0,0.0,0.0,0.0,0.0,0.0,0.0,0.0,0.0,0.0,0.0,0.0,0.0,0.0,0.0,0.0,0.9199999999999999,0.4666666666666666,0.9199999999999999,0.9199999999999999,0.9199999999999999,3.0040868749999845,0.0
nvbench2:dev:651,651,mistral-small:24b,direct,77,0.0,bar,1.0,1.0,18,5,13,0.0,0.0,0.0,0.0,0.0,0.0,0.0,0.0,0.0,0.0,0.0,0.0,0.0,0.0,0.0,0.0,0.0,0.0,0.0,0.0,0.0,0.0,0.0,0.0,0.0,0.0,0.0,0.0,0.0,0.0,0.0,0.0,0.0,0.0,0.0,0.0,0.0,0.0,0.0,0.0,0.0,0.0,0.0,0.0,0.0,0.0,0.0,0.0,0.0,0.0,0.0,0.0,0.0,0.0,0.0,0.0,0.0,0.0,0.0,0.0,0.0,0.0,0.0,0.0,0.0,0.0,0.0,0.0,0.0,0.0,0.0,0.0,0.0,0.0,0.0,0.0,0.0,0.0,0.0,0.0,0.0,0.0,0.0,0.0,0.0,0.0,0.0,0.0,0.0,0.0,0.0,0.0,0.0,0.0,0.0,0.0,0.0,0.0,0.0,0.0,0.0,0.0,0.0,0.0,0.0,0.0,0.0,0.0,0.9333333333333332,0.9199999999999999,0.9333333333333332,0.8400000000000001,0.9333333333333332,4.644388957999979,0.0
nvbench2:dev:655,655,mistral-small:24b,direct,77,0.0,line,1.0,1.0,16,3,13,0.0,0.0,0.0,0.0,0.0,0.0,0.0,0.0,0.0,0.0,0.0,0.0,0.0,0.0,0.0,0.0,0.0,0.0,0.0,0.0,0.0,0.0,0.0,0.0,0.0,0.0,0.0,0.0,0.0,0.0,0.0,0.0,0.0,0.0,0.0,0.0,0.0,0.0,0.0,0.0,0.0,0.0,0.0,0.0,0.0,0.0,0.0,0.0,0.0,0.0,0.0,0.0,0.0,0.0,0.0,0.0,0.0,0.0,0.0,0.0,0.0,0.0,0.0,0.0,0.0,0.0,0.0,0.0,0.0,0.0,0.0,0.0,0.0,0.0,0.0,0.0,0.0,0.0,0.0,0.0,0.0,0.0,0.0,0.0,0.0,0.0,0.0,0.0,0.0,0.0,0.0,0.0,0.0,0.0,0.0,0.0,0.0,0.0,0.0,0.0,0.0,0.0,0.0,0.0,0.0,0.0,0.0,0.0,0.7,0.13333333333333333,0.4,0.2,0.4533333333333333,5.200355041000023,0.0
nvbench2:dev:666,666,mistral-small:24b,direct,77,0.0,line,1.0,1.0,15,1,14,0.0,0.0,0.0,0.0,0.0,0.0,0.0,0.0,0.0,0.0,0.0,0.0,0.0,0.0,0.0,0.0,0.0,0.0,0.0,0.0,0.0,0.0,0.0,0.0,0.0,0.0,0.0,0.0,0.0,0.0,0.0,0.0,0.0,0.0,0.0,0.0,0.0,0.0,0.0,0.0,0.0,0.0,0.0,0.0,0.0,0.0,0.0,0.0,0.0,0.0,0.0,0.0,0.0,0.0,0.0,0.0,0.0,0.0,0.0,0.0,0.0,0.0,0.0,0.0,0.0,0.0,0.0,0.0,0.0,0.0,0.0,0.0,0.0,0.0,0.0,0.0,0.0,0.0,0.0,0.0,0.0,0.0,0.0,0.0,0.0,0.0,0.0,0.0,0.0,0.0,0.0,0.0,0.0,0.0,0.0,0.0,0.0,0.0,0.0,0.0,0.0,0.0,0.0,0.0,0.0,0.0,0.0,0.0,1.0,0.9333333333333332,1.0,0.9333333333333332,1.0,4.706475333000014,0.0
nvbench2:dev:672,672,mistral-small:24b,direct,77,0.0,bar,1.0,1.0,12,6,6,0.0,0.0,0.0,0.0,0.0,0.0,0.0,0.0,0.0,0.0,0.0,0.0,0.0,0.0,0.0,0.0,0.0,0.0,0.0,0.0,0.0,0.0,0.0,0.0,0.0,0.0,0.0,0.0,0.0,0.0,0.0,0.0,0.0,0.0,0.0,0.0,0.0,0.0,0.0,0.0,0.0,0.0,0.0,0.0,0.0,0.0,0.0,0.0,0.0,0.0,0.0,0.0,0.0,0.0,0.0,0.0,0.0,0.0,0.0,0.0,0.0,0.0,0.0,0.0,0.0,0.0,0.0,0.0,0.0,0.0,0.0,0.0,0.0,0.0,0.0,0.0,0.0,0.0,0.0,0.0,0.0,0.0,0.0,0.0,0.0,0.0,0.0,0.0,0.0,0.0,0.0,0.0,0.0,0.0,0.0,0.0,0.0,0.0,0.0,0.0,0.0,0.0,0.0,0.0,0.0,0.0,0.0,0.0,1.0,1.0,1.0,1.0,1.0,2.811118792000002,0.0
nvbench2:dev:675,675,mistral-small:24b,direct,77,0.0,bar,1.0,1.0,16,10,6,0.0,0.0,0.0,0.0,0.0,0.0,0.0,0.0,0.0,0.0,0.0,0.0,0.0,0.0,0.0,0.0,0.0,0.0,0.0,0.0,0.0,0.0,0.0,0.0,0.0,0.0,0.0,0.0,0.0,0.0,0.0,0.0,0.0,0.0,0.0,0.0,0.0,0.0,0.0,0.0,0.0,0.0,0.0,0.0,0.0,0.0,0.0,0.0,0.0,0.0,0.0,0.0,0.0,0.0,0.0,0.0,0.0,0.0,0.0,0.0,0.0,0.0,0.0,0.0,0.0,0.0,0.0,0.0,0.0,0.0,0.0,0.0,0.0,0.0,0.0,0.0,0.0,0.0,0.0,0.0,0.0,0.0,0.0,0.0,0.0,0.0,0.0,0.0,0.0,0.0,0.0,0.0,0.0,0.0,0.0,0.0,0.0,0.0,0.0,0.0,0.0,0.0,0.0,0.0,0.0,0.0,0.0,0.0,1.0,0.36,1.0,1.0,1.0,2.6272738339999933,0.0
nvbench2:dev:681,681,mistral-small:24b,direct,77,0.0,bar,1.0,1.0,13,3,10,0.0,0.0,0.0,0.0,0.0,0.0,0.0,0.0,0.0,0.0,0.0,0.0,0.0,0.0,0.0,0.0,0.0,0.0,0.0,0.0,0.0,0.0,0.0,0.0,0.0,0.0,0.0,0.0,0.0,0.0,0.0,0.0,0.0,0.0,0.0,0.0,0.0,0.0,0.0,0.0,0.0,0.0,0.0,0.0,0.0,0.0,0.0,0.0,0.0,0.0,0.0,0.0,0.0,0.0,0.0,0.0,0.0,0.0,0.0,0.0,0.0,0.0,0.0,0.0,0.0,0.0,0.0,0.0,0.0,0.0,0.0,0.0,0.0,0.0,0.0,0.0,0.0,0.0,0.0,0.0,0.0,0.0,0.0,0.0,0.0,0.0,0.0,0.0,0.0,0.0,0.0,0.0,0.0,0.0,0.0,0.0,0.0,0.0,0.0,0.0,0.0,0.0,0.0,0.0,0.0,0.0,0.0,0.0,0.9199999999999999,0.9199999999999999,0.9199999999999999,0.9199999999999999,0.9199999999999999,3.6746997079999915,0.0
nvbench2:dev:683,683,mistral-small:24b,direct,77,0.0,bar,0.0,0.0,12,12,0,0.0,0.0,0.0,0.0,0.0,0.0,0.0,0.0,0.0,0.0,0.0,0.0,0.0,0.0,0.0,0.0,0.0,0.0,0.0,0.0,0.0,0.0,0.0,0.0,0.0,0.0,0.0,0.0,0.0,0.0,0.0,0.0,0.0,0.0,0.0,0.0,0.0,0.0,0.0,0.0,0.0,0.0,0.0,0.0,0.0,0.0,0.0,0.0,0.0,0.0,0.0,0.0,0.0,0.0,0.0,0.0,0.0,0.0,0.0,0.0,0.0,0.0,0.0,0.0,0.0,0.0,0.0,0.0,0.0,0.0,0.0,0.0,0.0,0.0,0.0,0.0,0.0,0.0,0.0,0.0,0.0,0.0,0.0,0.0,0.0,0.0,0.0,0.0,0.0,0.0,0.0,0.0,0.0,0.0,0.0,0.0,0.0,0.0,0.0,0.0,0.0,0.0,0.0,0.0,0.0,0.0,0.0,0.0,0.0,0.0,0.0,0.0,0.0,0.0,0.0
nvbench2:dev:684,684,mistral-small:24b,direct,77,0.0,bar,0.0,0.0,13,13,0,0.0,0.0,0.0,0.0,0.0,0.0,0.0,0.0,0.0,0.0,0.0,0.0,0.0,0.0,0.0,0.0,0.0,0.0,0.0,0.0,0.0,0.0,0.0,0.0,0.0,0.0,0.0,0.0,0.0,0.0,0.0,0.0,0.0,0.0,0.0,0.0,0.0,0.0,0.0,0.0,0.0,0.0,0.0,0.0,0.0,0.0,0.0,0.0,0.0,0.0,0.0,0.0,0.0,0.0,0.0,0.0,0.0,0.0,0.0,0.0,0.0,0.0,0.0,0.0,0.0,0.0,0.0,0.0,0.0,0.0,0.0,0.0,0.0,0.0,0.0,0.0,0.0,0.0,0.0,0.0,0.0,0.0,0.0,0.0,0.0,0.0,0.0,0.0,0.0,0.0,0.0,0.0,0.0,0.0,0.0,0.0,0.0,0.0,0.0,0.0,0.0,0.0,0.0,0.0,0.0,0.0,0.0,0.0,0.0,0.0,0.0,0.0,0.0,0.0,0.0
nvbench2:dev:713,713,mistral-small:24b,direct,77,0.0,bar,1.0,1.0,10,8,2,0.0,0.0,0.0,0.0,0.0,0.0,0.0,0.0,0.0,0.0,0.0,0.0,0.0,0.0,0.0,0.0,0.0,0.0,0.0,0.0,0.0,0.0,0.0,0.0,0.0,0.0,0.0,0.0,0.0,0.0,0.0,0.0,0.0,0.0,0.0,0.0,0.0,0.0,0.0,0.0,0.0,0.0,0.0,0.0,0.0,0.0,0.0,0.0,0.0,0.0,0.0,0.0,0.0,0.0,0.0,0.0,0.0,0.0,0.0,0.0,0.0,0.0,0.0,0.0,0.0,0.0,0.0,0.0,0.0,0.0,0.0,0.0,0.0,0.0,0.0,0.0,0.0,0.0,0.0,0.0,0.0,0.0,0.0,0.0,0.0,0.0,0.0,0.0,0.0,0.0,0.0,0.0,0.0,0.0,0.0,0.0,0.0,0.0,0.0,0.0,0.0,0.0,0.0,0.0,0.0,0.0,0.0,0.0,0.6666666666666666,0.16,0.6666666666666666,0.6666666666666666,0.6666666666666666,1.6482093340000006,0.0
nvbench2:dev:715,715,mistral-small:24b,direct,77,0.0,point,1.0,1.0,13,5,8,0.0,0.0,0.0,0.0,0.0,0.0,0.0,0.0,0.0,0.0,0.0,0.0,0.0,0.0,0.0,0.0,0.0,0.0,0.0,0.0,0.0,0.0,0.0,0.0,0.0,0.0,0.0,0.0,0.0,0.0,0.0,0.0,0.0,0.0,0.0,0.0,0.0,0.0,0.0,0.0,0.0,0.0,0.0,0.0,0.0,0.0,0.0,0.0,0.0,0.0,0.0,0.0,0.0,0.0,0.0,0.0,0.0,0.0,0.0,0.0,0.0,0.0,0.0,0.0,0.0,0.0,0.0,0.0,0.0,0.0,0.0,0.0,0.0,0.0,0.0,0.0,0.0,0.0,0.0,0.0,0.0,0.0,0.0,0.0,0.0,0.0,0.0,0.0,0.0,0.0,0.0,0.0,0.0,0.0,0.0,0.0,0.0,0.0,0.0,0.0,0.0,0.0,0.0,0.0,0.0,0.0,0.0,0.0,0.7619047619047619,0.3333333333333333,0.6285714285714286,0.5333333333333333,0.6285714285714286,3.3243695419999995,0.0
nvbench2:dev:716,716,mistral-small:24b,direct,77,0.0,boxplot,1.0,1.0,16,0,16,1.0,0.25,0.0,0.0,0.0,0.0,0.0,0.0,0.0,0.0,0.0,0.0,0.0,0.0,1.0,0.25,0.25,0.25,1.0,0.25,0.2,0.22222222222222224,1.0,0.25,0.16666666666666666,0.2,1.0,0.25,0.14285714285714285,0.18181818181818182,1.0,0.5,0.25,0.3333333333333333,1.0,0.5,0.2222222222222222,0.30769230769230765,1.0,0.5,0.2,0.28571428571428575,1.0,0.5,0.18181818181818182,0.26666666666666666,1.0,0.75,0.25,0.375,1.0,0.75,0.23076923076923078,0.3529411764705882,1.0,0.75,0.21428571428571427,0.3333333333333333,1.0,0.75,0.2,0.31578947368421056,1.0,0.75,0.1875,0.3,1.0,0.75,0.1875,0.3,1.0,0.75,0.1875,0.3,1.0,0.75,0.1875,0.3,1.0,0.75,0.1875,0.3,0.25,0.0,0.0,0.0,0.0,0.0,0.0,0.0,0.0,1.0,0.25,0.2,0.22222222222222224,0.25,0.0,0.0,0.0,0.0,0.0,0.0,0.0,0.0,1.0,0.5,0.4,0.4444444444444445,1.0,0.8,1.0,1.0,1.0,4.395987250000019,0.0
nvbench2:dev:717,717,mistral-small:24b,direct,77,0.0,boxplot,0.0,0.0,11,11,0,0.0,0.0,0.0,0.0,0.0,0.0,0.0,0.0,0.0,0.0,0.0,0.0,0.0,0.0,0.0,0.0,0.0,0.0,0.0,0.0,0.0,0.0,0.0,0.0,0.0,0.0,0.0,0.0,0.0,0.0,0.0,0.0,0.0,0.0,0.0,0.0,0.0,0.0,0.0,0.0,0.0,0.0,0.0,0.0,0.0,0.0,0.0,0.0,0.0,0.0,0.0,0.0,0.0,0.0,0.0,0.0,0.0,0.0,0.0,0.0,0.0,0.0,0.0,0.0,0.0,0.0,0.0,0.0,0.0,0.0,0.0,0.0,0.0,0.0,0.0,0.0,0.0,0.0,0.0,0.0,0.0,0.0,0.0,0.0,0.0,0.0,0.0,0.0,0.0,0.0,0.0,0.0,0.0,0.0,0.0,0.0,0.0,0.0,0.0,0.0,0.0,0.0,0.0,0.0,0.0,0.0,0.0,0.0,0.0,0.0,0.0,0.0,0.0,0.0,0.0
nvbench2:dev:718,718,mistral-small:24b,direct,77,0.0,boxplot,1.0,1.0,13,5,8,0.0,0.0,0.0,0.0,0.0,0.0,0.0,0.0,0.0,0.0,0.0,0.0,0.0,0.0,0.0,0.0,0.0,0.0,0.0,0.0,0.0,0.0,0.0,0.0,0.0,0.0,0.0,0.0,0.0,0.0,0.0,0.0,0.0,0.0,0.0,0.0,0.0,0.0,0.0,0.0,0.0,0.0,0.0,0.0,0.0,0.0,0.0,0.0,0.0,0.0,0.0,0.0,0.0,0.0,0.0,0.0,0.0,0.0,0.0,0.0,0.0,0.0,0.0,0.0,0.0,0.0,0.0,0.0,0.0,0.0,0.0,0.0,0.0,0.0,0.0,0.0,0.0,0.0,0.0,0.0,0.0,0.0,0.0,0.0,0.0,0.0,0.0,0.0,0.0,0.0,0.0,0.0,0.0,0.0,0.0,0.0,0.0,0.0,0.0,0.0,0.0,0.0,0.0,0.0,0.0,0.0,0.0,0.0,0.8,0.6,0.8,0.8,0.8,3.3677676659999634,0.0
nvbench2:dev:719,719,mistral-small:24b,direct,77,0.0,arc,1.0,1.0,9,7,2,0.0,0.0,0.0,0.0,0.0,0.0,0.0,0.0,0.0,0.0,0.0,0.0,0.0,0.0,0.0,0.0,0.0,0.0,0.0,0.0,0.0,0.0,0.0,0.0,0.0,0.0,0.0,0.0,0.0,0.0,0.0,0.0,0.0,0.0,0.0,0.0,0.0,0.0,0.0,0.0,0.0,0.0,0.0,0.0,0.0,0.0,0.0,0.0,0.0,0.0,0.0,0.0,0.0,0.0,0.0,0.0,0.0,0.0,0.0,0.0,0.0,0.0,0.0,0.0,0.0,0.0,0.0,0.0,0.0,0.0,0.0,0.0,0.0,0.0,0.0,0.0,0.0,0.0,0.0,0.0,0.0,0.0,0.0,0.0,0.0,0.0,0.0,0.0,0.0,0.0,0.0,0.0,0.0,0.0,0.0,0.0,0.0,0.0,0.0,0.0,0.0,0.0,0.0,0.0,0.0,0.0,0.0,0.0,0.6333333333333333,0.6333333333333333,0.6333333333333333,0.6333333333333333,0.6333333333333333,2.166935292000005,0.0
nvbench2:dev:721,721,mistral-small:24b,direct,77,0.0,boxplot,1.0,1.0,10,5,5,1.0,0.25,0.0,0.0,0.0,0.0,0.0,0.0,0.0,0.0,0.0,0.0,0.0,0.0,1.0,0.25,0.25,0.25,1.0,0.5,0.4,0.4444444444444445,1.0,0.5,0.4,0.4444444444444445,1.0,0.5,0.4,0.4444444444444445,1.0,0.5,0.4,0.4444444444444445,1.0,0.5,0.4,0.4444444444444445,1.0,0.5,0.4,0.4444444444444445,1.0,0.5,0.4,0.4444444444444445,1.0,0.5,0.4,0.4444444444444445,1.0,0.5,0.4,0.4444444444444445,1.0,0.5,0.4,0.4444444444444445,1.0,0.5,0.4,0.4444444444444445,1.0,0.5,0.4,0.4444444444444445,1.0,0.5,0.4,0.4444444444444445,1.0,0.5,0.4,0.4444444444444445,1.0,0.5,0.4,0.4444444444444445,1.0,0.5,0.4,0.4444444444444445,0.25,0.0,0.0,0.0,0.0,0.0,0.0,0.0,0.0,1.0,0.5,0.4,0.4444444444444445,1.0,1.0,0.25,1.0,0.4,1.0,0.25,0.3333333333333333,0.28571428571428575,1.0,0.5,0.4,0.4444444444444445,1.0,0.0,1.0,1.0,1.0,3.2680589159999727,1.0
nvbench2:dev:723,723,mistral-small:24b,direct,77,0.0,boxplot,1.0,1.0,11,7,4,0.0,0.0,0.0,0.0,0.0,0.0,0.0,0.0,0.0,0.0,0.0,0.0,0.0,0.0,0.0,0.0,0.0,0.0,0.0,0.0,0.0,0.0,0.0,0.0,0.0,0.0,0.0,0.0,0.0,0.0,0.0,0.0,0.0,0.0,0.0,0.0,0.0,0.0,0.0,0.0,0.0,0.0,0.0,0.0,0.0,0.0,0.0,0.0,0.0,0.0,0.0,0.0,0.0,0.0,0.0,0.0,0.0,0.0,0.0,0.0,0.0,0.0,0.0,0.0,0.0,0.0,0.0,0.0,0.0,0.0,0.0,0.0,0.0,0.0,0.0,0.0,0.0,0.0,0.0,0.0,0.0,0.0,0.0,0.0,0.0,0.0,0.0,0.0,0.0,0.0,0.0,0.0,0.0,0.0,0.0,0.0,0.0,0.0,0.0,0.0,0.0,0.0,0.0,0.0,0.0,0.0,0.0,0.0,0.7,0.7,0.7,0.7,0.7,2.427581250000003,0.0
nvbench2:dev:725,725,mistral-small:24b,direct,77,0.0,boxplot,1.0,1.0,14,10,4,0.0,0.0,0.0,0.0,0.0,0.0,0.0,0.0,0.0,0.0,0.0,0.0,0.0,0.0,0.0,0.0,0.0,0.0,0.0,0.0,0.0,0.0,0.0,0.0,0.0,0.0,0.0,0.0,0.0,0.0,0.0,0.0,0.0,0.0,0.0,0.0,0.0,0.0,0.0,0.0,0.0,0.0,0.0,0.0,0.0,0.0,0.0,0.0,0.0,0.0,0.0,0.0,0.0,0.0,0.0,0.0,0.0,0.0,0.0,0.0,0.0,0.0,0.0,0.0,0.0,0.0,0.0,0.0,0.0,0.0,0.0,0.0,0.0,0.0,0.0,0.0,0.0,0.0,0.0,0.0,0.0,0.0,0.0,0.0,0.0,0.0,0.0,0.0,0.0,0.0,0.0,0.0,0.0,0.0,0.0,0.0,0.0,0.0,0.0,0.0,0.0,0.0,0.0,0.0,0.0,0.0,0.0,0.0,0.4,0.2,0.4,0.4,0.4,2.423126291000017,0.0
nvbench2:dev:732,732,mistral-small:24b,direct,77,0.0,bar+line+rect,1.0,1.0,12,3,9,0.0,0.0,0.0,0.0,0.0,0.0,0.0,0.0,0.0,0.0,0.0,0.0,0.0,0.0,0.0,0.0,0.0,0.0,0.0,0.0,0.0,0.0,0.0,0.0,0.0,0.0,0.0,0.0,0.0,0.0,0.0,0.0,0.0,0.0,0.0,0.0,0.0,0.0,0.0,0.0,0.0,0.0,0.0,0.0,0.0,0.0,0.0,0.0,0.0,0.0,0.0,0.0,0.0,0.0,0.0,0.0,0.0,0.0,0.0,0.0,0.0,0.0,0.0,0.0,0.0,0.0,0.0,0.0,0.0,0.0,0.0,0.0,0.0,0.0,0.0,0.0,0.0,0.0,0.0,0.0,0.0,0.0,0.0,0.0,0.0,0.0,0.0,0.0,0.0,0.0,0.0,0.0,0.0,0.0,0.0,0.0,0.0,0.0,0.0,0.0,0.0,0.0,0.0,0.0,0.0,0.0,0.0,0.0,0.9199999999999999,0.52,0.9199999999999999,0.52,0.9199999999999999,3.9123092499999643,0.0
nvbench2:dev:733,733,mistral-small:24b,direct,77,0.0,bar+line+rect,1.0,1.0,15,3,12,0.0,0.0,0.0,0.0,0.0,0.0,0.0,0.0,0.0,0.0,0.0,0.0,0.0,0.0,0.0,0.0,0.0,0.0,0.0,0.0,0.0,0.0,0.0,0.0,0.0,0.0,0.0,0.0,0.0,0.0,0.0,0.0,0.0,0.0,0.0,0.0,0.0,0.0,0.0,0.0,0.0,0.0,0.0,0.0,0.0,0.0,0.0,0.0,0.0,0.0,0.0,0.0,0.0,0.0,0.0,0.0,0.0,0.0,0.0,0.0,0.0,0.0,0.0,0.0,0.0,0.0,0.0,0.0,0.0,0.0,0.0,0.0,0.0,0.0,0.0,0.0,0.0,0.0,0.0,0.0,0.0,0.0,0.0,0.0,0.0,0.0,0.0,0.0,0.0,0.0,0.0,0.0,0.0,0.0,0.0,0.0,0.0,0.0,0.0,0.0,0.0,0.0,0.0,0.0,0.0,0.0,0.0,0.0,0.9199999999999999,0.9199999999999999,0.9199999999999999,0.9199999999999999,0.9199999999999999,4.907818125000006,0.0
nvbench2:dev:17,17,mistral-small:24b,staged,77,0.0,line,1.0,1.0,9,7,2,0.0,0.0,0.0,0.0,0.0,0.0,0.0,0.0,0.0,0.0,0.0,0.0,0.0,0.0,0.0,0.0,0.0,0.0,0.0,0.0,0.0,0.0,0.0,0.0,0.0,0.0,0.0,0.0,0.0,0.0,0.0,0.0,0.0,0.0,0.0,0.0,0.0,0.0,0.0,0.0,0.0,0.0,0.0,0.0,0.0,0.0,0.0,0.0,0.0,0.0,0.0,0.0,0.0,0.0,0.0,0.0,0.0,0.0,0.0,0.0,0.0,0.0,0.0,0.0,0.0,0.0,0.0,0.0,0.0,0.0,0.0,0.0,0.0,0.0,0.0,0.0,0.0,0.0,0.0,0.0,0.0,0.0,0.0,0.0,0.0,0.0,0.0,0.0,0.0,0.0,0.0,0.0,0.0,0.0,0.0,0.0,0.0,0.0,0.0,0.0,0.0,0.0,0.0,0.0,0.0,0.0,0.0,0.0,0.72,0.72,0.72,0.72,0.72,1.79185075,0.0
nvbench2:dev:22,22,mistral-small:24b,staged,77,0.0,boxplot,1.0,1.0,5,1,4,0.0,0.0,0.0,0.0,0.0,0.0,0.0,0.0,0.0,0.0,0.0,0.0,0.0,0.0,0.0,0.0,0.0,0.0,0.0,0.0,0.0,0.0,0.0,0.0,0.0,0.0,0.0,0.0,0.0,0.0,0.0,0.0,0.0,0.0,0.0,0.0,0.0,0.0,0.0,0.0,0.0,0.0,0.0,0.0,0.0,0.0,0.0,0.0,0.0,0.0,0.0,0.0,0.0,0.0,0.0,0.0,0.0,0.0,0.0,0.0,0.0,0.0,0.0,0.0,0.0,0.0,0.0,0.0,0.0,0.0,0.0,0.0,0.0,0.0,0.0,0.0,0.0,0.0,0.0,0.0,0.0,0.0,0.0,0.0,0.0,0.0,0.0,0.0,0.0,0.0,0.0,0.0,0.0,0.0,0.0,0.0,0.0,0.0,0.0,0.0,0.0,0.0,0.0,0.0,0.0,0.0,0.0,0.0,0.8,0.7,0.8,0.8,0.8,1.4557095,0.0
nvbench2:dev:23,23,mistral-small:24b,staged,77,0.0,point,1.0,1.0,3,1,2,0.0,0.0,0.0,0.0,0.0,0.0,0.0,0.0,0.0,0.0,0.0,0.0,0.0,0.0,0.0,0.0,0.0,0.0,0.0,0.0,0.0,0.0,0.0,0.0,0.0,0.0,0.0,0.0,0.0,0.0,0.0,0.0,0.0,0.0,0.0,0.0,0.0,0.0,0.0,0.0,0.0,0.0,0.0,0.0,0.0,0.0,0.0,0.0,0.0,0.0,0.0,0.0,0.0,0.0,0.0,0.0,0.0,0.0,0.0,0.0,0.0,0.0,0.0,0.0,0.0,0.0,0.0,0.0,0.0,0.0,0.0,0.0,0.0,0.0,0.0,0.0,0.0,0.0,0.0,0.0,0.0,0.0,0.0,0.0,0.0,0.0,0.0,0.0,0.0,0.0,0.0,0.0,0.0,0.0,0.0,0.0,0.0,0.0,0.0,0.0,0.0,0.0,0.0,0.0,0.0,0.0,0.0,0.0,0.44000000000000006,0.44000000000000006,0.44000000000000006,0.44000000000000006,0.44000000000000006,1.731243875,0.0
nvbench2:dev:25,25,mistral-small:24b,staged,77,0.0,rect,1.0,1.0,9,4,5,0.0,0.0,0.0,0.0,0.0,0.0,0.0,0.0,0.0,0.0,0.0,0.0,0.0,0.0,0.0,0.0,0.0,0.0,0.0,0.0,0.0,0.0,0.0,0.0,0.0,0.0,0.0,0.0,0.0,0.0,0.0,0.0,0.0,0.0,0.0,0.0,0.0,0.0,0.0,0.0,0.0,0.0,0.0,0.0,0.0,0.0,0.0,0.0,0.0,0.0,0.0,0.0,0.0,0.0,0.0,0.0,0.0,0.0,0.0,0.0,0.0,0.0,0.0,0.0,0.0,0.0,0.0,0.0,0.0,0.0,0.0,0.0,0.0,0.0,0.0,0.0,0.0,0.0,0.0,0.0,0.0,0.0,0.0,0.0,0.0,0.0,0.0,0.0,0.0,0.0,0.0,0.0,0.0,0.0,0.0,0.0,0.0,0.0,0.0,0.0,0.0,0.0,0.0,0.0,0.0,0.0,0.0,0.0,0.9333333333333332,0.9333333333333332,0.9333333333333332,0.9333333333333332,0.9333333333333332,2.7443913330000003,0.0
nvbench2:dev:33,33,mistral-small:24b,staged,77,0.0,arc,1.0,1.0,5,4,1,0.0,0.0,0.0,0.0,0.0,0.0,0.0,0.0,0.0,0.0,0.0,0.0,0.0,0.0,0.0,0.0,0.0,0.0,0.0,0.0,0.0,0.0,0.0,0.0,0.0,0.0,0.0,0.0,0.0,0.0,0.0,0.0,0.0,0.0,0.0,0.0,0.0,0.0,0.0,0.0,0.0,0.0,0.0,0.0,0.0,0.0,0.0,0.0,0.0,0.0,0.0,0.0,0.0,0.0,0.0,0.0,0.0,0.0,0.0,0.0,0.0,0.0,0.0,0.0,0.0,0.0,0.0,0.0,0.0,0.0,0.0,0.0,0.0,0.0,0.0,0.0,0.0,0.0,0.0,0.0,0.0,0.0,0.0,0.0,0.0,0.0,0.0,0.0,0.0,0.0,0.0,0.0,0.0,0.0,0.0,0.0,0.0,0.0,0.0,0.0,0.0,0.0,0.0,0.0,0.0,0.0,0.0,0.0,0.8,0.8,0.8,0.8,0.8,1.6604625419999994,0.0
nvbench2:dev:34,34,mistral-small:24b,staged,77,0.0,point,1.0,1.0,3,2,1,1.0,1.0,1.0,0.5,1.0,0.6666666666666666,1.0,0.5,1.0,0.6666666666666666,1.0,0.5,1.0,0.6666666666666666,1.0,0.5,1.0,0.6666666666666666,1.0,0.5,1.0,0.6666666666666666,1.0,0.5,1.0,0.6666666666666666,1.0,0.5,1.0,0.6666666666666666,1.0,0.5,1.0,0.6666666666666666,1.0,0.5,1.0,0.6666666666666666,1.0,0.5,1.0,0.6666666666666666,1.0,0.5,1.0,0.6666666666666666,1.0,0.5,1.0,0.6666666666666666,1.0,0.5,1.0,0.6666666666666666,1.0,0.5,1.0,0.6666666666666666,1.0,0.5,1.0,0.6666666666666666,1.0,0.5,1.0,0.6666666666666666,1.0,0.5,1.0,0.6666666666666666,1.0,0.5,1.0,0.6666666666666666,1.0,0.5,1.0,0.6666666666666666,1.0,0.5,1.0,0.6666666666666666,1.0,1.0,0.5,1.0,0.6666666666666666,1.0,0.5,1.0,0.6666666666666666,1.0,0.5,1.0,0.6666666666666666,1.0,1.0,0.5,1.0,0.6666666666666666,1.0,0.5,1.0,0.6666666666666666,1.0,0.5,1.0,0.6666666666666666,1.0,1.0,1.0,1.0,1.0,1.0245550829999992,0.0
nvbench2:dev:35,35,mistral-small:24b,staged,77,0.0,bar+line+point+rect,1.0,1.0,5,4,1,0.0,0.0,0.0,0.0,0.0,0.0,0.0,0.0,0.0,0.0,0.0,0.0,0.0,0.0,0.0,0.0,0.0,0.0,0.0,0.0,0.0,0.0,0.0,0.0,0.0,0.0,0.0,0.0,0.0,0.0,0.0,0.0,0.0,0.0,0.0,0.0,0.0,0.0,0.0,0.0,0.0,0.0,0.0,0.0,0.0,0.0,0.0,0.0,0.0,0.0,0.0,0.0,0.0,0.0,0.0,0.0,0.0,0.0,0.0,0.0,0.0,0.0,0.0,0.0,0.0,0.0,0.0,0.0,0.0,0.0,0.0,0.0,0.0,0.0,0.0,0.0,0.0,0.0,0.0,0.0,0.0,0.0,0.0,0.0,0.0,0.0,0.0,0.0,0.0,0.0,0.0,0.0,0.0,0.0,0.0,0.0,0.0,0.0,0.0,0.0,0.0,0.0,0.0,0.0,0.0,0.0,0.0,0.0,0.8,0.8,0.8,0.8,0.8,1.019397542,0.0
nvbench2:dev:39,39,mistral-small:24b,staged,77,0.0,arc,1.0,1.0,4,3,1,0.0,0.0,0.0,0.0,0.0,0.0,0.0,0.0,0.0,0.0,0.0,0.0,0.0,0.0,0.0,0.0,0.0,0.0,0.0,0.0,0.0,0.0,0.0,0.0,0.0,0.0,0.0,0.0,0.0,0.0,0.0,0.0,0.0,0.0,0.0,0.0,0.0,0.0,0.0,0.0,0.0,0.0,0.0,0.0,0.0,0.0,0.0,0.0,0.0,0.0,0.0,0.0,0.0,0.0,0.0,0.0,0.0,0.0,0.0,0.0,0.0,0.0,0.0,0.0,0.0,0.0,0.0,0.0,0.0,0.0,0.0,0.0,0.0,0.0,0.0,0.0,0.0,0.0,0.0,0.0,0.0,0.0,0.0,0.0,0.0,0.0,0.0,0.0,0.0,0.0,0.0,0.0,0.0,0.0,0.0,0.0,0.0,0.0,0.0,0.0,0.0,0.0,0.0,0.0,0.0,0.0,0.0,0.0,0.8,0.8,0.8,0.8,0.8,1.6466100420000007,0.0
nvbench2:dev:40,40,mistral-small:24b,staged,77,0.0,rect,1.0,1.0,13,2,11,0.0,0.0,0.0,0.0,0.0,0.0,0.0,0.0,0.0,0.0,0.0,0.0,0.0,0.0,0.0,0.0,0.0,0.0,0.0,0.0,0.0,0.0,0.0,0.0,0.0,0.0,0.0,0.0,0.0,0.0,0.0,0.0,0.0,0.0,0.0,0.0,0.0,0.0,0.0,0.0,0.0,0.0,0.0,0.0,0.0,0.0,0.0,0.0,0.0,0.0,0.0,0.0,0.0,0.0,0.0,0.0,0.0,0.0,0.0,0.0,0.0,0.0,0.0,0.0,0.0,0.0,0.0,0.0,0.0,0.0,0.0,0.0,0.0,0.0,0.0,0.0,0.0,0.0,0.0,0.0,0.0,0.0,0.0,0.0,0.0,0.0,0.0,0.0,0.0,0.0,0.0,0.0,0.0,0.0,0.0,0.0,0.0,0.0,0.0,0.0,0.0,0.0,0.0,0.0,0.0,0.0,0.0,0.0,0.7333333333333333,0.6666666666666667,0.6666666666666667,0.44000000000000006,0.7333333333333333,3.685056249999999,0.0
nvbench2:dev:41,41,mistral-small:24b,staged,77,0.0,arc,1.0,1.0,4,2,2,1.0,1.0,1.0,0.3333333333333333,1.0,0.5,1.0,0.3333333333333333,0.5,0.4,1.0,0.3333333333333333,0.5,0.4,1.0,0.3333333333333333,0.5,0.4,1.0,0.3333333333333333,0.5,0.4,1.0,0.3333333333333333,0.5,0.4,1.0,0.3333333333333333,0.5,0.4,1.0,0.3333333333333333,0.5,0.4,1.0,0.3333333333333333,0.5,0.4,1.0,0.3333333333333333,0.5,0.4,1.0,0.3333333333333333,0.5,0.4,1.0,0.3333333333333333,0.5,0.4,1.0,0.3333333333333333,0.5,0.4,1.0,0.3333333333333333,0.5,0.4,1.0,0.3333333333333333,0.5,0.4,1.0,0.3333333333333333,0.5,0.4,1.0,0.3333333333333333,0.5,0.4,1.0,0.3333333333333333,0.5,0.4,1.0,0.3333333333333333,0.5,0.4,1.0,0.3333333333333333,0.5,0.4,1.0,1.0,0.3333333333333333,1.0,0.5,1.0,0.3333333333333333,0.5,0.4,1.0,0.3333333333333333,0.5,0.4,0.5,0.0,0.0,0.0,0.0,1.0,0.3333333333333333,0.5,0.4,1.0,0.3333333333333333,0.5,0.4,1.0,1.0,1.0,0.6,1.0,1.5947317080000012,-1.0
nvbench2:dev:48,48,mistral-small:24b,staged,77,0.0,arc,1.0,1.0,3,2,1,1.0,1.0,1.0,0.5,1.0,0.6666666666666666,1.0,0.5,1.0,0.6666666666666666,1.0,0.5,1.0,0.6666666666666666,1.0,0.5,1.0,0.6666666666666666,1.0,0.5,1.0,0.6666666666666666,1.0,0.5,1.0,0.6666666666666666,1.0,0.5,1.0,0.6666666666666666,1.0,0.5,1.0,0.6666666666666666,1.0,0.5,1.0,0.6666666666666666,1.0,0.5,1.0,0.6666666666666666,1.0,0.5,1.0,0.6666666666666666,1.0,0.5,1.0,0.6666666666666666,1.0,0.5,1.0,0.6666666666666666,1.0,0.5,1.0,0.6666666666666666,1.0,0.5,1.0,0.6666666666666666,1.0,0.5,1.0,0.6666666666666666,1.0,0.5,1.0,0.6666666666666666,1.0,0.5,1.0,0.6666666666666666,1.0,0.5,1.0,0.6666666666666666,1.0,0.5,1.0,0.6666666666666666,1.0,1.0,0.5,1.0,0.6666666666666666,1.0,0.5,1.0,0.6666666666666666,1.0,0.5,1.0,0.6666666666666666,1.0,1.0,0.5,1.0,0.6666666666666666,1.0,0.5,1.0,0.6666666666666666,1.0,0.5,1.0,0.6666666666666666,1.0,1.0,1.0,1.0,1.0,1.0377384999999997,0.0
nvbench2:dev:49,49,mistral-small:24b,staged,77,0.0,line,1.0,1.0,6,0,6,0.0,0.0,0.0,0.0,0.0,0.0,0.0,0.0,0.0,0.0,0.0,0.0,0.0,0.0,0.0,0.0,0.0,0.0,0.0,0.0,0.0,0.0,0.0,0.0,0.0,0.0,0.0,0.0,0.0,0.0,0.0,0.0,0.0,0.0,0.0,0.0,0.0,0.0,0.0,0.0,0.0,0.0,0.0,0.0,0.0,0.0,0.0,0.0,0.0,0.0,0.0,0.0,0.0,0.0,0.0,0.0,0.0,0.0,0.0,0.0,0.0,0.0,0.0,0.0,0.0,0.0,0.0,0.0,0.0,0.0,0.0,0.0,0.0,0.0,0.0,0.0,0.0,0.0,0.0,0.0,0.0,0.0,0.0,0.0,0.0,0.0,0.0,0.0,0.0,0.0,0.0,0.0,0.0,0.0,0.0,0.0,0.0,0.0,0.0,0.0,0.0,0.0,0.0,0.0,0.0,0.0,0.0,0.0,0.9,0.9,0.9,0.9,0.9,2.0556282920000015,0.0
nvbench2:dev:51,51,mistral-small:24b,staged,77,0.0,bar,1.0,1.0,4,3,1,0.0,0.0,0.0,0.0,0.0,0.0,0.0,0.0,0.0,0.0,0.0,0.0,0.0,0.0,0.0,0.0,0.0,0.0,0.0,0.0,0.0,0.0,0.0,0.0,0.0,0.0,0.0,0.0,0.0,0.0,0.0,0.0,0.0,0.0,0.0,0.0,0.0,0.0,0.0,0.0,0.0,0.0,0.0,0.0,0.0,0.0,0.0,0.0,0.0,0.0,0.0,0.0,0.0,0.0,0.0,0.0,0.0,0.0,0.0,0.0,0.0,0.0,0.0,0.0,0.0,0.0,0.0,0.0,0.0,0.0,0.0,0.0,0.0,0.0,0.0,0.0,0.0,0.0,0.0,0.0,0.0,0.0,0.0,0.0,0.0,0.0,0.0,0.0,0.0,0.0,0.0,0.0,0.0,0.0,0.0,0.0,0.0,0.0,0.0,0.0,0.0,0.0,0.0,0.0,0.0,0.0,0.0,0.0,0.72,0.72,0.72,0.72,0.72,1.3027200830000005,0.0
nvbench2:dev:54,54,mistral-small:24b,staged,77,0.0,bar,0.0,0.0,3,3,0,0.0,0.0,0.0,0.0,0.0,0.0,0.0,0.0,0.0,0.0,0.0,0.0,0.0,0.0,0.0,0.0,0.0,0.0,0.0,0.0,0.0,0.0,0.0,0.0,0.0,0.0,0.0,0.0,0.0,0.0,0.0,0.0,0.0,0.0,0.0,0.0,0.0,0.0,0.0,0.0,0.0,0.0,0.0,0.0,0.0,0.0,0.0,0.0,0.0,0.0,0.0,0.0,0.0,0.0,0.0,0.0,0.0,0.0,0.0,0.0,0.0,0.0,0.0,0.0,0.0,0.0,0.0,0.0,0.0,0.0,0.0,0.0,0.0,0.0,0.0,0.0,0.0,0.0,0.0,0.0,0.0,0.0,0.0,0.0,0.0,0.0,0.0,0.0,0.0,0.0,0.0,0.0,0.0,0.0,0.0,0.0,0.0,0.0,0.0,0.0,0.0,0.0,0.0,0.0,0.0,0.0,0.0,0.0,0.0,0.0,0.0,0.0,0.0,0.0,0.0
nvbench2:dev:57,57,mistral-small:24b,staged,77,0.0,rect,1.0,1.0,7,3,4,0.0,0.0,0.0,0.0,0.0,0.0,0.0,0.0,0.0,0.0,0.0,0.0,0.0,0.0,0.0,0.0,0.0,0.0,0.0,0.0,0.0,0.0,0.0,0.0,0.0,0.0,0.0,0.0,0.0,0.0,0.0,0.0,0.0,0.0,0.0,0.0,0.0,0.0,0.0,0.0,0.0,0.0,0.0,0.0,0.0,0.0,0.0,0.0,0.0,0.0,0.0,0.0,0.0,0.0,0.0,0.0,0.0,0.0,0.0,0.0,0.0,0.0,0.0,0.0,0.0,0.0,0.0,0.0,0.0,0.0,0.0,0.0,0.0,0.0,0.0,0.0,0.0,0.0,0.0,0.0,0.0,0.0,0.0,0.0,0.0,0.0,0.0,0.0,0.0,0.0,0.0,0.0,0.0,0.0,0.0,0.0,0.0,0.0,0.0,0.0,0.0,0.0,0.0,0.0,0.0,0.0,0.0,0.0,0.9333333333333332,0.9333333333333332,0.9333333333333332,0.9333333333333332,0.9333333333333332,1.9123424160000013,0.0
nvbench2:dev:61,61,mistral-small:24b,staged,77,0.0,arc,1.0,1.0,3,2,1,1.0,1.0,1.0,0.5,1.0,0.6666666666666666,1.0,0.5,1.0,0.6666666666666666,1.0,0.5,1.0,0.6666666666666666,1.0,0.5,1.0,0.6666666666666666,1.0,0.5,1.0,0.6666666666666666,1.0,0.5,1.0,0.6666666666666666,1.0,0.5,1.0,0.6666666666666666,1.0,0.5,1.0,0.6666666666666666,1.0,0.5,1.0,0.6666666666666666,1.0,0.5,1.0,0.6666666666666666,1.0,0.5,1.0,0.6666666666666666,1.0,0.5,1.0,0.6666666666666666,1.0,0.5,1.0,0.6666666666666666,1.0,0.5,1.0,0.6666666666666666,1.0,0.5,1.0,0.6666666666666666,1.0,0.5,1.0,0.6666666666666666,1.0,0.5,1.0,0.6666666666666666,1.0,0.5,1.0,0.6666666666666666,1.0,0.5,1.0,0.6666666666666666,1.0,0.5,1.0,0.6666666666666666,1.0,1.0,0.5,1.0,0.6666666666666666,1.0,0.5,1.0,0.6666666666666666,1.0,0.5,1.0,0.6666666666666666,1.0,1.0,0.5,1.0,0.6666666666666666,1.0,0.5,1.0,0.6666666666666666,1.0,0.5,1.0,0.6666666666666666,1.0,1.0,1.0,1.0,1.0,1.3215435420000006,0.0
nvbench2:dev:63,63,mistral-small:24b,staged,77,0.0,arc,1.0,1.0,14,13,1,0.0,0.0,0.0,0.0,0.0,0.0,0.0,0.0,0.0,0.0,0.0,0.0,0.0,0.0,0.0,0.0,0.0,0.0,0.0,0.0,0.0,0.0,0.0,0.0,0.0,0.0,0.0,0.0,0.0,0.0,0.0,0.0,0.0,0.0,0.0,0.0,0.0,0.0,0.0,0.0,0.0,0.0,0.0,0.0,0.0,0.0,0.0,0.0,0.0,0.0,0.0,0.0,0.0,0.0,0.0,0.0,0.0,0.0,0.0,0.0,0.0,0.0,0.0,0.0,0.0,0.0,0.0,0.0,0.0,0.0,0.0,0.0,0.0,0.0,0.0,0.0,0.0,0.0,0.0,0.0,0.0,0.0,0.0,0.0,0.0,0.0,0.0,0.0,0.0,0.0,0.0,0.0,0.0,0.0,0.0,0.0,0.0,0.0,0.0,0.0,0.0,0.0,0.0,0.0,0.0,0.0,0.0,0.0,0.9,0.9,0.9,0.9,0.9,1.313821917000002,0.0
nvbench2:dev:68,68,mistral-small:24b,staged,77,0.0,arc,0.0,0.0,8,8,0,0.0,0.0,0.0,0.0,0.0,0.0,0.0,0.0,0.0,0.0,0.0,0.0,0.0,0.0,0.0,0.0,0.0,0.0,0.0,0.0,0.0,0.0,0.0,0.0,0.0,0.0,0.0,0.0,0.0,0.0,0.0,0.0,0.0,0.0,0.0,0.0,0.0,0.0,0.0,0.0,0.0,0.0,0.0,0.0,0.0,0.0,0.0,0.0,0.0,0.0,0.0,0.0,0.0,0.0,0.0,0.0,0.0,0.0,0.0,0.0,0.0,0.0,0.0,0.0,0.0,0.0,0.0,0.0,0.0,0.0,0.0,0.0,0.0,0.0,0.0,0.0,0.0,0.0,0.0,0.0,0.0,0.0,0.0,0.0,0.0,0.0,0.0,0.0,0.0,0.0,0.0,0.0,0.0,0.0,0.0,0.0,0.0,0.0,0.0,0.0,0.0,0.0,0.0,0.0,0.0,0.0,0.0,0.0,0.0,0.0,0.0,0.0,0.0,0.0,0.0
nvbench2:dev:72,72,mistral-small:24b,staged,77,0.0,arc,0.0,0.0,4,4,0,0.0,0.0,0.0,0.0,0.0,0.0,0.0,0.0,0.0,0.0,0.0,0.0,0.0,0.0,0.0,0.0,0.0,0.0,0.0,0.0,0.0,0.0,0.0,0.0,0.0,0.0,0.0,0.0,0.0,0.0,0.0,0.0,0.0,0.0,0.0,0.0,0.0,0.0,0.0,0.0,0.0,0.0,0.0,0.0,0.0,0.0,0.0,0.0,0.0,0.0,0.0,0.0,0.0,0.0,0.0,0.0,0.0,0.0,0.0,0.0,0.0,0.0,0.0,0.0,0.0,0.0,0.0,0.0,0.0,0.0,0.0,0.0,0.0,0.0,0.0,0.0,0.0,0.0,0.0,0.0,0.0,0.0,0.0,0.0,0.0,0.0,0.0,0.0,0.0,0.0,0.0,0.0,0.0,0.0,0.0,0.0,0.0,0.0,0.0,0.0,0.0,0.0,0.0,0.0,0.0,0.0,0.0,0.0,0.0,0.0,0.0,0.0,0.0,0.0,0.0
nvbench2:dev:73,73,mistral-small:24b,staged,77,0.0,arc,1.0,1.0,5,4,1,0.0,0.0,0.0,0.0,0.0,0.0,0.0,0.0,0.0,0.0,0.0,0.0,0.0,0.0,0.0,0.0,0.0,0.0,0.0,0.0,0.0,0.0,0.0,0.0,0.0,0.0,0.0,0.0,0.0,0.0,0.0,0.0,0.0,0.0,0.0,0.0,0.0,0.0,0.0,0.0,0.0,0.0,0.0,0.0,0.0,0.0,0.0,0.0,0.0,0.0,0.0,0.0,0.0,0.0,0.0,0.0,0.0,0.0,0.0,0.0,0.0,0.0,0.0,0.0,0.0,0.0,0.0,0.0,0.0,0.0,0.0,0.0,0.0,0.0,0.0,0.0,0.0,0.0,0.0,0.0,0.0,0.0,0.0,0.0,0.0,0.0,0.0,0.0,0.0,0.0,0.0,0.0,0.0,0.0,0.0,0.0,0.0,0.0,0.0,0.0,0.0,0.0,0.0,0.0,0.0,0.0,0.0,0.0,0.8,0.8,0.8,0.8,0.8,1.7056438749999998,0.0
nvbench2:dev:76,76,mistral-small:24b,staged,77,0.0,bar,0.0,0.0,4,4,0,0.0,0.0,0.0,0.0,0.0,0.0,0.0,0.0,0.0,0.0,0.0,0.0,0.0,0.0,0.0,0.0,0.0,0.0,0.0,0.0,0.0,0.0,0.0,0.0,0.0,0.0,0.0,0.0,0.0,0.0,0.0,0.0,0.0,0.0,0.0,0.0,0.0,0.0,0.0,0.0,0.0,0.0,0.0,0.0,0.0,0.0,0.0,0.0,0.0,0.0,0.0,0.0,0.0,0.0,0.0,0.0,0.0,0.0,0.0,0.0,0.0,0.0,0.0,0.0,0.0,0.0,0.0,0.0,0.0,0.0,0.0,0.0,0.0,0.0,0.0,0.0,0.0,0.0,0.0,0.0,0.0,0.0,0.0,0.0,0.0,0.0,0.0,0.0,0.0,0.0,0.0,0.0,0.0,0.0,0.0,0.0,0.0,0.0,0.0,0.0,0.0,0.0,0.0,0.0,0.0,0.0,0.0,0.0,0.0,0.0,0.0,0.0,0.0,0.0,0.0
nvbench2:dev:83,83,mistral-small:24b,staged,77,0.0,arc,1.0,1.0,3,2,1,1.0,1.0,1.0,0.25,1.0,0.4,1.0,0.25,1.0,0.4,1.0,0.25,1.0,0.4,1.0,0.25,1.0,0.4,1.0,0.25,1.0,0.4,1.0,0.25,1.0,0.4,1.0,0.25,1.0,0.4,1.0,0.25,1.0,0.4,1.0,0.25,1.0,0.4,1.0,0.25,1.0,0.4,1.0,0.25,1.0,0.4,1.0,0.25,1.0,0.4,1.0,0.25,1.0,0.4,1.0,0.25,1.0,0.4,1.0,0.25,1.0,0.4,1.0,0.25,1.0,0.4,1.0,0.25,1.0,0.4,1.0,0.25,1.0,0.4,1.0,0.25,1.0,0.4,1.0,0.25,1.0,0.4,1.0,1.0,0.25,1.0,0.4,1.0,0.25,1.0,0.4,1.0,0.25,1.0,0.4,1.0,1.0,0.25,1.0,0.4,1.0,0.25,1.0,0.4,1.0,0.25,1.0,0.4,1.0,1.0,1.0,1.0,1.0,1.3607322920000016,0.0
nvbench2:dev:84,84,mistral-small:24b,staged,77,0.0,rect,1.0,1.0,11,5,6,0.0,0.0,0.0,0.0,0.0,0.0,0.0,0.0,0.0,0.0,0.0,0.0,0.0,0.0,0.0,0.0,0.0,0.0,0.0,0.0,0.0,0.0,0.0,0.0,0.0,0.0,0.0,0.0,0.0,0.0,0.0,0.0,0.0,0.0,0.0,0.0,0.0,0.0,0.0,0.0,0.0,0.0,0.0,0.0,0.0,0.0,0.0,0.0,0.0,0.0,0.0,0.0,0.0,0.0,0.0,0.0,0.0,0.0,0.0,0.0,0.0,0.0,0.0,0.0,0.0,0.0,0.0,0.0,0.0,0.0,0.0,0.0,0.0,0.0,0.0,0.0,0.0,0.0,0.0,0.0,0.0,0.0,0.0,0.0,0.0,0.0,0.0,0.0,0.0,0.0,0.0,0.0,0.0,0.0,0.0,0.0,0.0,0.0,0.0,0.0,0.0,0.0,0.0,0.0,0.0,0.0,0.0,0.0,0.8800000000000001,0.8666666666666668,0.8800000000000001,0.8666666666666668,0.8666666666666668,2.7311349169999986,0.0
nvbench2:dev:89,89,mistral-small:24b,staged,77,0.0,arc,1.0,1.0,10,7,3,1.0,0.3333333333333333,0.0,0.0,0.0,0.0,0.0,0.0,0.0,0.0,1.0,0.3333333333333333,0.3333333333333333,0.3333333333333333,1.0,0.3333333333333333,0.3333333333333333,0.3333333333333333,1.0,0.3333333333333333,0.3333333333333333,0.3333333333333333,1.0,0.3333333333333333,0.3333333333333333,0.3333333333333333,1.0,0.3333333333333333,0.3333333333333333,0.3333333333333333,1.0,0.3333333333333333,0.3333333333333333,0.3333333333333333,1.0,0.3333333333333333,0.3333333333333333,0.3333333333333333,1.0,0.3333333333333333,0.3333333333333333,0.3333333333333333,1.0,0.3333333333333333,0.3333333333333333,0.3333333333333333,1.0,0.3333333333333333,0.3333333333333333,0.3333333333333333,1.0,0.3333333333333333,0.3333333333333333,0.3333333333333333,1.0,0.3333333333333333,0.3333333333333333,0.3333333333333333,1.0,0.3333333333333333,0.3333333333333333,0.3333333333333333,1.0,0.3333333333333333,0.3333333333333333,0.3333333333333333,1.0,0.3333333333333333,0.3333333333333333,0.3333333333333333,1.0,0.3333333333333333,0.3333333333333333,0.3333333333333333,1.0,0.3333333333333333,0.3333333333333333,0.3333333333333333,1.0,0.3333333333333333,0.3333333333333333,0.3333333333333333,0.3333333333333333,0.0,0.0,0.0,0.0,1.0,0.3333333333333333,0.3333333333333333,0.3333333333333333,1.0,0.3333333333333333,0.3333333333333333,0.3333333333333333,0.5,0.0,0.0,0.0,0.0,1.0,0.3333333333333333,0.5,0.4,1.0,0.3333333333333333,0.5,0.4,1.0,0.6,1.0,0.2,1.0,1.9266893750000023,0.0
nvbench2:dev:92,92,mistral-small:24b,staged,77,0.0,arc,1.0,1.0,4,3,1,0.0,0.0,0.0,0.0,0.0,0.0,0.0,0.0,0.0,0.0,0.0,0.0,0.0,0.0,0.0,0.0,0.0,0.0,0.0,0.0,0.0,0.0,0.0,0.0,0.0,0.0,0.0,0.0,0.0,0.0,0.0,0.0,0.0,0.0,0.0,0.0,0.0,0.0,0.0,0.0,0.0,0.0,0.0,0.0,0.0,0.0,0.0,0.0,0.0,0.0,0.0,0.0,0.0,0.0,0.0,0.0,0.0,0.0,0.0,0.0,0.0,0.0,0.0,0.0,0.0,0.0,0.0,0.0,0.0,0.0,0.0,0.0,0.0,0.0,0.0,0.0,0.0,0.0,0.0,0.0,0.0,0.0,0.0,0.0,0.0,0.0,0.0,0.0,0.0,0.0,0.0,0.0,0.0,0.0,0.0,0.0,0.0,0.0,0.0,0.0,0.0,0.0,0.0,0.0,0.0,0.0,0.0,0.0,0.8,0.8,0.8,0.8,0.8,1.6029415,0.0
nvbench2:dev:97,97,mistral-small:24b,staged,77,0.0,line,1.0,1.0,6,3,3,0.0,0.0,0.0,0.0,0.0,0.0,0.0,0.0,0.0,0.0,0.0,0.0,0.0,0.0,0.0,0.0,0.0,0.0,0.0,0.0,0.0,0.0,0.0,0.0,0.0,0.0,0.0,0.0,0.0,0.0,0.0,0.0,0.0,0.0,0.0,0.0,0.0,0.0,0.0,0.0,0.0,0.0,0.0,0.0,0.0,0.0,0.0,0.0,0.0,0.0,0.0,0.0,0.0,0.0,0.0,0.0,0.0,0.0,0.0,0.0,0.0,0.0,0.0,0.0,0.0,0.0,0.0,0.0,0.0,0.0,0.0,0.0,0.0,0.0,0.0,0.0,0.0,0.0,0.0,0.0,0.0,0.0,0.0,0.0,0.0,0.0,0.0,0.0,0.0,0.0,0.0,0.0,0.0,0.0,0.0,0.0,0.0,0.0,0.0,0.0,0.0,0.0,0.0,0.0,0.0,0.0,0.0,0.0,0.6,0.6,0.6,0.6,0.6,2.1574411670000018,0.0
nvbench2:dev:103,103,mistral-small:24b,staged,77,0.0,boxplot,1.0,1.0,8,5,3,1.0,0.3333333333333333,0.0,0.0,0.0,0.0,0.0,0.0,0.0,0.0,1.0,0.25,0.3333333333333333,0.28571428571428575,1.0,0.25,0.3333333333333333,0.28571428571428575,1.0,0.25,0.3333333333333333,0.28571428571428575,1.0,0.25,0.3333333333333333,0.28571428571428575,1.0,0.25,0.3333333333333333,0.28571428571428575,1.0,0.25,0.3333333333333333,0.28571428571428575,1.0,0.25,0.3333333333333333,0.28571428571428575,1.0,0.25,0.3333333333333333,0.28571428571428575,1.0,0.25,0.3333333333333333,0.28571428571428575,1.0,0.25,0.3333333333333333,0.28571428571428575,1.0,0.25,0.3333333333333333,0.28571428571428575,1.0,0.25,0.3333333333333333,0.28571428571428575,1.0,0.25,0.3333333333333333,0.28571428571428575,1.0,0.25,0.3333333333333333,0.28571428571428575,1.0,0.25,0.3333333333333333,0.28571428571428575,1.0,0.25,0.3333333333333333,0.28571428571428575,1.0,0.25,0.3333333333333333,0.28571428571428575,1.0,0.25,0.3333333333333333,0.28571428571428575,0.3333333333333333,0.0,0.0,0.0,0.0,1.0,0.25,0.3333333333333333,0.28571428571428575,1.0,0.25,0.3333333333333333,0.28571428571428575,0.5,0.0,0.0,0.0,0.0,1.0,0.25,0.3333333333333333,0.28571428571428575,1.0,0.25,0.3333333333333333,0.28571428571428575,1.0,0.8,1.0,0.8,1.0,1.657235667000002,0.0
nvbench2:dev:105,105,mistral-small:24b,staged,77,0.0,arc,1.0,1.0,4,3,1,0.0,0.0,0.0,0.0,0.0,0.0,0.0,0.0,0.0,0.0,0.0,0.0,0.0,0.0,0.0,0.0,0.0,0.0,0.0,0.0,0.0,0.0,0.0,0.0,0.0,0.0,0.0,0.0,0.0,0.0,0.0,0.0,0.0,0.0,0.0,0.0,0.0,0.0,0.0,0.0,0.0,0.0,0.0,0.0,0.0,0.0,0.0,0.0,0.0,0.0,0.0,0.0,0.0,0.0,0.0,0.0,0.0,0.0,0.0,0.0,0.0,0.0,0.0,0.0,0.0,0.0,0.0,0.0,0.0,0.0,0.0,0.0,0.0,0.0,0.0,0.0,0.0,0.0,0.0,0.0,0.0,0.0,0.0,0.0,0.0,0.0,0.0,0.0,0.0,0.0,0.0,0.0,0.0,0.0,0.0,0.0,0.0,0.0,0.0,0.0,0.0,0.0,0.0,0.0,0.0,0.0,0.0,0.0,0.7,0.7,0.7,0.7,0.7,1.123426583000004,0.0
nvbench2:dev:108,108,mistral-small:24b,staged,77,0.0,boxplot,0.0,0.0,5,5,0,0.0,0.0,0.0,0.0,0.0,0.0,0.0,0.0,0.0,0.0,0.0,0.0,0.0,0.0,0.0,0.0,0.0,0.0,0.0,0.0,0.0,0.0,0.0,0.0,0.0,0.0,0.0,0.0,0.0,0.0,0.0,0.0,0.0,0.0,0.0,0.0,0.0,0.0,0.0,0.0,0.0,0.0,0.0,0.0,0.0,0.0,0.0,0.0,0.0,0.0,0.0,0.0,0.0,0.0,0.0,0.0,0.0,0.0,0.0,0.0,0.0,0.0,0.0,0.0,0.0,0.0,0.0,0.0,0.0,0.0,0.0,0.0,0.0,0.0,0.0,0.0,0.0,0.0,0.0,0.0,0.0,0.0,0.0,0.0,0.0,0.0,0.0,0.0,0.0,0.0,0.0,0.0,0.0,0.0,0.0,0.0,0.0,0.0,0.0,0.0,0.0,0.0,0.0,0.0,0.0,0.0,0.0,0.0,0.0,0.0,0.0,0.0,0.0,0.0,0.0
nvbench2:dev:112,112,mistral-small:24b,staged,77,0.0,boxplot,1.0,1.0,4,2,2,0.0,0.0,0.0,0.0,0.0,0.0,0.0,0.0,0.0,0.0,0.0,0.0,0.0,0.0,0.0,0.0,0.0,0.0,0.0,0.0,0.0,0.0,0.0,0.0,0.0,0.0,0.0,0.0,0.0,0.0,0.0,0.0,0.0,0.0,0.0,0.0,0.0,0.0,0.0,0.0,0.0,0.0,0.0,0.0,0.0,0.0,0.0,0.0,0.0,0.0,0.0,0.0,0.0,0.0,0.0,0.0,0.0,0.0,0.0,0.0,0.0,0.0,0.0,0.0,0.0,0.0,0.0,0.0,0.0,0.0,0.0,0.0,0.0,0.0,0.0,0.0,0.0,0.0,0.0,0.0,0.0,0.0,0.0,0.0,0.0,0.0,0.0,0.0,0.0,0.0,0.0,0.0,0.0,0.0,0.0,0.0,0.0,0.0,0.0,0.0,0.0,0.0,0.0,0.0,0.0,0.0,0.0,0.0,0.8,0.8,0.8,0.8,0.8,1.928261458999998,0.0
nvbench2:dev:114,114,mistral-small:24b,staged,77,0.0,line,1.0,1.0,6,2,4,0.0,0.0,0.0,0.0,0.0,0.0,0.0,0.0,0.0,0.0,0.0,0.0,0.0,0.0,0.0,0.0,0.0,0.0,0.0,0.0,0.0,0.0,0.0,0.0,0.0,0.0,0.0,0.0,0.0,0.0,0.0,0.0,0.0,0.0,0.0,0.0,0.0,0.0,0.0,0.0,0.0,0.0,0.0,0.0,0.0,0.0,0.0,0.0,0.0,0.0,0.0,0.0,0.0,0.0,0.0,0.0,0.0,0.0,0.0,0.0,0.0,0.0,0.0,0.0,0.0,0.0,0.0,0.0,0.0,0.0,0.0,0.0,0.0,0.0,0.0,0.0,0.0,0.0,0.0,0.0,0.0,0.0,0.0,0.0,0.0,0.0,0.0,0.0,0.0,0.0,0.0,0.0,0.0,0.0,0.0,0.0,0.0,0.0,0.0,0.0,0.0,0.0,0.0,0.0,0.0,0.0,0.0,0.0,0.5733333333333334,0.37333333333333335,0.5733333333333334,0.37333333333333335,0.44000000000000006,2.683097457999999,0.0
nvbench2:dev:116,116,mistral-small:24b,staged,77,0.0,arc,1.0,1.0,4,2,2,1.0,1.0,1.0,0.3333333333333333,1.0,0.5,1.0,0.3333333333333333,0.5,0.4,1.0,0.3333333333333333,0.5,0.4,1.0,0.3333333333333333,0.5,0.4,1.0,0.3333333333333333,0.5,0.4,1.0,0.3333333333333333,0.5,0.4,1.0,0.3333333333333333,0.5,0.4,1.0,0.3333333333333333,0.5,0.4,1.0,0.3333333333333333,0.5,0.4,1.0,0.3333333333333333,0.5,0.4,1.0,0.3333333333333333,0.5,0.4,1.0,0.3333333333333333,0.5,0.4,1.0,0.3333333333333333,0.5,0.4,1.0,0.3333333333333333,0.5,0.4,1.0,0.3333333333333333,0.5,0.4,1.0,0.3333333333333333,0.5,0.4,1.0,0.3333333333333333,0.5,0.4,1.0,0.3333333333333333,0.5,0.4,1.0,0.3333333333333333,0.5,0.4,1.0,0.3333333333333333,0.5,0.4,1.0,1.0,0.3333333333333333,1.0,0.5,1.0,0.3333333333333333,0.5,0.4,1.0,0.3333333333333333,0.5,0.4,1.0,1.0,0.3333333333333333,1.0,0.5,1.0,0.3333333333333333,0.5,0.4,1.0,0.3333333333333333,0.5,0.4,1.0,1.0,1.0,1.0,1.0,2.0049584169999974,0.0
nvbench2:dev:118,118,mistral-small:24b,staged,77,0.0,rect,1.0,1.0,5,3,2,0.0,0.0,0.0,0.0,0.0,0.0,0.0,0.0,0.0,0.0,0.0,0.0,0.0,0.0,0.0,0.0,0.0,0.0,0.0,0.0,0.0,0.0,0.0,0.0,0.0,0.0,0.0,0.0,0.0,0.0,0.0,0.0,0.0,0.0,0.0,0.0,0.0,0.0,0.0,0.0,0.0,0.0,0.0,0.0,0.0,0.0,0.0,0.0,0.0,0.0,0.0,0.0,0.0,0.0,0.0,0.0,0.0,0.0,0.0,0.0,0.0,0.0,0.0,0.0,0.0,0.0,0.0,0.0,0.0,0.0,0.0,0.0,0.0,0.0,0.0,0.0,0.0,0.0,0.0,0.0,0.0,0.0,0.0,0.0,0.0,0.0,0.0,0.0,0.0,0.0,0.0,0.0,0.0,0.0,0.0,0.0,0.0,0.0,0.0,0.0,0.0,0.0,0.0,0.0,0.0,0.0,0.0,0.0,0.9333333333333332,0.9333333333333332,0.9333333333333332,0.9333333333333332,0.9333333333333332,1.6757839580000038,0.0
nvbench2:dev:127,127,mistral-small:24b,staged,77,0.0,arc,1.0,1.0,11,7,4,1.0,1.0,1.0,0.5,1.0,0.6666666666666666,1.0,0.5,0.5,0.5,1.0,0.5,0.3333333333333333,0.4,1.0,1.0,0.5,0.6666666666666666,1.0,1.0,0.5,0.6666666666666666,1.0,1.0,0.5,0.6666666666666666,1.0,1.0,0.5,0.6666666666666666,1.0,1.0,0.5,0.6666666666666666,1.0,1.0,0.5,0.6666666666666666,1.0,1.0,0.5,0.6666666666666666,1.0,1.0,0.5,0.6666666666666666,1.0,1.0,0.5,0.6666666666666666,1.0,1.0,0.5,0.6666666666666666,1.0,1.0,0.5,0.6666666666666666,1.0,1.0,0.5,0.6666666666666666,1.0,1.0,0.5,0.6666666666666666,1.0,1.0,0.5,0.6666666666666666,1.0,1.0,0.5,0.6666666666666666,1.0,1.0,0.5,0.6666666666666666,1.0,1.0,0.5,0.6666666666666666,1.0,1.0,0.5,1.0,0.6666666666666666,1.0,0.5,0.3333333333333333,0.4,1.0,1.0,0.5,0.6666666666666666,0.5,0.0,0.0,0.0,0.0,1.0,1.0,0.6666666666666666,0.8,1.0,1.0,0.5,0.6666666666666666,1.0,1.0,1.0,1.0,1.0,2.201369458000002,-1.0
nvbench2:dev:136,136,mistral-small:24b,staged,77,0.0,boxplot,1.0,1.0,4,3,1,1.0,1.0,1.0,0.5,1.0,0.6666666666666666,1.0,0.5,1.0,0.6666666666666666,1.0,0.5,1.0,0.6666666666666666,1.0,0.5,1.0,0.6666666666666666,1.0,0.5,1.0,0.6666666666666666,1.0,0.5,1.0,0.6666666666666666,1.0,0.5,1.0,0.6666666666666666,1.0,0.5,1.0,0.6666666666666666,1.0,0.5,1.0,0.6666666666666666,1.0,0.5,1.0,0.6666666666666666,1.0,0.5,1.0,0.6666666666666666,1.0,0.5,1.0,0.6666666666666666,1.0,0.5,1.0,0.6666666666666666,1.0,0.5,1.0,0.6666666666666666,1.0,0.5,1.0,0.6666666666666666,1.0,0.5,1.0,0.6666666666666666,1.0,0.5,1.0,0.6666666666666666,1.0,0.5,1.0,0.6666666666666666,1.0,0.5,1.0,0.6666666666666666,1.0,0.5,1.0,0.6666666666666666,1.0,1.0,0.5,1.0,0.6666666666666666,1.0,0.5,1.0,0.6666666666666666,1.0,0.5,1.0,0.6666666666666666,1.0,1.0,0.5,1.0,0.6666666666666666,1.0,0.5,1.0,0.6666666666666666,1.0,0.5,1.0,0.6666666666666666,1.0,1.0,1.0,1.0,1.0,0.9945593749999944,0.0
nvbench2:dev:138,138,mistral-small:24b,staged,77,0.0,bar,1.0,1.0,4,2,2,0.0,0.0,0.0,0.0,0.0,0.0,0.0,0.0,0.0,0.0,0.0,0.0,0.0,0.0,0.0,0.0,0.0,0.0,0.0,0.0,0.0,0.0,0.0,0.0,0.0,0.0,0.0,0.0,0.0,0.0,0.0,0.0,0.0,0.0,0.0,0.0,0.0,0.0,0.0,0.0,0.0,0.0,0.0,0.0,0.0,0.0,0.0,0.0,0.0,0.0,0.0,0.0,0.0,0.0,0.0,0.0,0.0,0.0,0.0,0.0,0.0,0.0,0.0,0.0,0.0,0.0,0.0,0.0,0.0,0.0,0.0,0.0,0.0,0.0,0.0,0.0,0.0,0.0,0.0,0.0,0.0,0.0,0.0,0.0,0.0,0.0,0.0,0.0,0.0,0.0,0.0,0.0,0.0,0.0,0.0,0.0,0.0,0.0,0.0,0.0,0.0,0.0,0.0,0.0,0.0,0.0,0.0,0.0,0.8,0.8,0.8,0.8,0.8,1.4755550829999962,0.0
nvbench2:dev:139,139,mistral-small:24b,staged,77,0.0,line,1.0,1.0,3,2,1,0.0,0.0,0.0,0.0,0.0,0.0,0.0,0.0,0.0,0.0,0.0,0.0,0.0,0.0,0.0,0.0,0.0,0.0,0.0,0.0,0.0,0.0,0.0,0.0,0.0,0.0,0.0,0.0,0.0,0.0,0.0,0.0,0.0,0.0,0.0,0.0,0.0,0.0,0.0,0.0,0.0,0.0,0.0,0.0,0.0,0.0,0.0,0.0,0.0,0.0,0.0,0.0,0.0,0.0,0.0,0.0,0.0,0.0,0.0,0.0,0.0,0.0,0.0,0.0,0.0,0.0,0.0,0.0,0.0,0.0,0.0,0.0,0.0,0.0,0.0,0.0,0.0,0.0,0.0,0.0,0.0,0.0,0.0,0.0,0.0,0.0,0.0,0.0,0.0,0.0,0.0,0.0,0.0,0.0,0.0,0.0,0.0,0.0,0.0,0.0,0.0,0.0,0.0,0.0,0.0,0.0,0.0,0.0,0.7,0.7,0.7,0.7,0.7,0.8882431250000025,0.0
nvbench2:dev:143,143,mistral-small:24b,staged,77,0.0,rect,1.0,1.0,6,3,3,1.0,1.0,1.0,0.3333333333333333,1.0,0.5,1.0,0.3333333333333333,0.5,0.4,1.0,0.3333333333333333,0.3333333333333333,0.3333333333333333,1.0,0.3333333333333333,0.3333333333333333,0.3333333333333333,1.0,0.3333333333333333,0.3333333333333333,0.3333333333333333,1.0,0.3333333333333333,0.3333333333333333,0.3333333333333333,1.0,0.3333333333333333,0.3333333333333333,0.3333333333333333,1.0,0.3333333333333333,0.3333333333333333,0.3333333333333333,1.0,0.3333333333333333,0.3333333333333333,0.3333333333333333,1.0,0.3333333333333333,0.3333333333333333,0.3333333333333333,1.0,0.3333333333333333,0.3333333333333333,0.3333333333333333,1.0,0.3333333333333333,0.3333333333333333,0.3333333333333333,1.0,0.3333333333333333,0.3333333333333333,0.3333333333333333,1.0,0.3333333333333333,0.3333333333333333,0.3333333333333333,1.0,0.3333333333333333,0.3333333333333333,0.3333333333333333,1.0,0.3333333333333333,0.3333333333333333,0.3333333333333333,1.0,0.3333333333333333,0.3333333333333333,0.3333333333333333,1.0,0.3333333333333333,0.3333333333333333,0.3333333333333333,1.0,0.3333333333333333,0.3333333333333333,0.3333333333333333,1.0,0.3333333333333333,0.3333333333333333,0.3333333333333333,1.0,1.0,0.3333333333333333,1.0,0.5,1.0,0.3333333333333333,0.3333333333333333,0.3333333333333333,1.0,0.3333333333333333,0.3333333333333333,0.3333333333333333,0.5,0.0,0.0,0.0,0.0,1.0,0.3333333333333333,0.5,0.4,1.0,0.3333333333333333,0.5,0.4,1.0,1.0,1.0,0.8666666666666666,1.0,1.5763532080000004,-1.0
nvbench2:dev:144,144,mistral-small:24b,staged,77,0.0,bar,1.0,1.0,3,2,1,0.0,0.0,0.0,0.0,0.0,0.0,0.0,0.0,0.0,0.0,0.0,0.0,0.0,0.0,0.0,0.0,0.0,0.0,0.0,0.0,0.0,0.0,0.0,0.0,0.0,0.0,0.0,0.0,0.0,0.0,0.0,0.0,0.0,0.0,0.0,0.0,0.0,0.0,0.0,0.0,0.0,0.0,0.0,0.0,0.0,0.0,0.0,0.0,0.0,0.0,0.0,0.0,0.0,0.0,0.0,0.0,0.0,0.0,0.0,0.0,0.0,0.0,0.0,0.0,0.0,0.0,0.0,0.0,0.0,0.0,0.0,0.0,0.0,0.0,0.0,0.0,0.0,0.0,0.0,0.0,0.0,0.0,0.0,0.0,0.0,0.0,0.0,0.0,0.0,0.0,0.0,0.0,0.0,0.0,0.0,0.0,0.0,0.0,0.0,0.0,0.0,0.0,0.0,0.0,0.0,0.0,0.0,0.0,0.9199999999999999,0.9199999999999999,0.9199999999999999,0.9199999999999999,0.9199999999999999,1.1344511249999982,0.0
nvbench2:dev:149,149,mistral-small:24b,staged,77,0.0,point,1.0,1.0,10,5,5,0.0,0.0,0.0,0.0,0.0,0.0,0.0,0.0,0.0,0.0,0.0,0.0,0.0,0.0,0.0,0.0,0.0,0.0,0.0,0.0,0.0,0.0,0.0,0.0,0.0,0.0,0.0,0.0,0.0,0.0,0.0,0.0,0.0,0.0,0.0,0.0,0.0,0.0,0.0,0.0,0.0,0.0,0.0,0.0,0.0,0.0,0.0,0.0,0.0,0.0,0.0,0.0,0.0,0.0,0.0,0.0,0.0,0.0,0.0,0.0,0.0,0.0,0.0,0.0,0.0,0.0,0.0,0.0,0.0,0.0,0.0,0.0,0.0,0.0,0.0,0.0,0.0,0.0,0.0,0.0,0.0,0.0,0.0,0.0,0.0,0.0,0.0,0.0,0.0,0.0,0.0,0.0,0.0,0.0,0.0,0.0,0.0,0.0,0.0,0.0,0.0,0.0,0.0,0.0,0.0,0.0,0.0,0.0,0.76,0.7333333333333333,0.76,0.5599999999999999,0.76,2.4952525409999993,0.0
nvbench2:dev:157,157,mistral-small:24b,staged,77,0.0,point,1.0,1.0,3,1,2,0.0,0.0,0.0,0.0,0.0,0.0,0.0,0.0,0.0,0.0,0.0,0.0,0.0,0.0,0.0,0.0,0.0,0.0,0.0,0.0,0.0,0.0,0.0,0.0,0.0,0.0,0.0,0.0,0.0,0.0,0.0,0.0,0.0,0.0,0.0,0.0,0.0,0.0,0.0,0.0,0.0,0.0,0.0,0.0,0.0,0.0,0.0,0.0,0.0,0.0,0.0,0.0,0.0,0.0,0.0,0.0,0.0,0.0,0.0,0.0,0.0,0.0,0.0,0.0,0.0,0.0,0.0,0.0,0.0,0.0,0.0,0.0,0.0,0.0,0.0,0.0,0.0,0.0,0.0,0.0,0.0,0.0,0.0,0.0,0.0,0.0,0.0,0.0,0.0,0.0,0.0,0.0,0.0,0.0,0.0,0.0,0.0,0.0,0.0,0.0,0.0,0.0,0.0,0.0,0.0,0.0,0.0,0.0,0.37142857142857144,0.36,0.37142857142857144,0.37142857142857144,0.37142857142857144,1.0084184580000013,0.0
nvbench2:dev:158,158,mistral-small:24b,staged,77,0.0,point,1.0,1.0,4,2,2,0.0,0.0,0.0,0.0,0.0,0.0,0.0,0.0,0.0,0.0,0.0,0.0,0.0,0.0,0.0,0.0,0.0,0.0,0.0,0.0,0.0,0.0,0.0,0.0,0.0,0.0,0.0,0.0,0.0,0.0,0.0,0.0,0.0,0.0,0.0,0.0,0.0,0.0,0.0,0.0,0.0,0.0,0.0,0.0,0.0,0.0,0.0,0.0,0.0,0.0,0.0,0.0,0.0,0.0,0.0,0.0,0.0,0.0,0.0,0.0,0.0,0.0,0.0,0.0,0.0,0.0,0.0,0.0,0.0,0.0,0.0,0.0,0.0,0.0,0.0,0.0,0.0,0.0,0.0,0.0,0.0,0.0,0.0,0.0,0.0,0.0,0.0,0.0,0.0,0.0,0.0,0.0,0.0,0.0,0.0,0.0,0.0,0.0,0.0,0.0,0.0,0.0,0.0,0.0,0.0,0.0,0.0,0.0,0.44000000000000006,0.44000000000000006,0.44000000000000006,0.44000000000000006,0.44000000000000006,1.9890775000000005,0.0
nvbench2:dev:165,165,mistral-small:24b,staged,77,0.0,line,1.0,1.0,4,1,3,0.0,0.0,0.0,0.0,0.0,0.0,0.0,0.0,0.0,0.0,0.0,0.0,0.0,0.0,0.0,0.0,0.0,0.0,0.0,0.0,0.0,0.0,0.0,0.0,0.0,0.0,0.0,0.0,0.0,0.0,0.0,0.0,0.0,0.0,0.0,0.0,0.0,0.0,0.0,0.0,0.0,0.0,0.0,0.0,0.0,0.0,0.0,0.0,0.0,0.0,0.0,0.0,0.0,0.0,0.0,0.0,0.0,0.0,0.0,0.0,0.0,0.0,0.0,0.0,0.0,0.0,0.0,0.0,0.0,0.0,0.0,0.0,0.0,0.0,0.0,0.0,0.0,0.0,0.0,0.0,0.0,0.0,0.0,0.0,0.0,0.0,0.0,0.0,0.0,0.0,0.0,0.0,0.0,0.0,0.0,0.0,0.0,0.0,0.0,0.0,0.0,0.0,0.0,0.0,0.0,0.0,0.0,0.0,0.8,0.8,0.8,0.8,0.8,2.692079042000003,0.0
nvbench2:dev:167,167,mistral-small:24b,staged,77,0.0,bar,1.0,1.0,4,2,2,0.0,0.0,0.0,0.0,0.0,0.0,0.0,0.0,0.0,0.0,0.0,0.0,0.0,0.0,0.0,0.0,0.0,0.0,0.0,0.0,0.0,0.0,0.0,0.0,0.0,0.0,0.0,0.0,0.0,0.0,0.0,0.0,0.0,0.0,0.0,0.0,0.0,0.0,0.0,0.0,0.0,0.0,0.0,0.0,0.0,0.0,0.0,0.0,0.0,0.0,0.0,0.0,0.0,0.0,0.0,0.0,0.0,0.0,0.0,0.0,0.0,0.0,0.0,0.0,0.0,0.0,0.0,0.0,0.0,0.0,0.0,0.0,0.0,0.0,0.0,0.0,0.0,0.0,0.0,0.0,0.0,0.0,0.0,0.0,0.0,0.0,0.0,0.0,0.0,0.0,0.0,0.0,0.0,0.0,0.0,0.0,0.0,0.0,0.0,0.0,0.0,0.0,0.0,0.0,0.0,0.0,0.0,0.0,1.0,1.0,1.0,1.0,1.0,1.6399515000000093,0.0
nvbench2:dev:176,176,mistral-small:24b,staged,77,0.0,line,1.0,1.0,4,2,2,1.0,0.5,0.0,0.0,0.0,0.0,1.0,0.2,0.5,0.28571428571428575,1.0,0.2,0.5,0.28571428571428575,1.0,0.2,0.5,0.28571428571428575,1.0,0.2,0.5,0.28571428571428575,1.0,0.2,0.5,0.28571428571428575,1.0,0.2,0.5,0.28571428571428575,1.0,0.2,0.5,0.28571428571428575,1.0,0.2,0.5,0.28571428571428575,1.0,0.2,0.5,0.28571428571428575,1.0,0.2,0.5,0.28571428571428575,1.0,0.2,0.5,0.28571428571428575,1.0,0.2,0.5,0.28571428571428575,1.0,0.2,0.5,0.28571428571428575,1.0,0.2,0.5,0.28571428571428575,1.0,0.2,0.5,0.28571428571428575,1.0,0.2,0.5,0.28571428571428575,1.0,0.2,0.5,0.28571428571428575,1.0,0.2,0.5,0.28571428571428575,1.0,0.2,0.5,0.28571428571428575,0.5,0.0,0.0,0.0,0.0,1.0,0.2,0.5,0.28571428571428575,1.0,0.2,0.5,0.28571428571428575,0.5,0.0,0.0,0.0,0.0,1.0,0.2,0.5,0.28571428571428575,1.0,0.2,0.5,0.28571428571428575,1.0,0.6,1.0,0.6,1.0,1.2865125000000006,0.0
nvbench2:dev:182,182,mistral-small:24b,staged,77,0.0,rect,0.0,0.0,5,5,0,0.0,0.0,0.0,0.0,0.0,0.0,0.0,0.0,0.0,0.0,0.0,0.0,0.0,0.0,0.0,0.0,0.0,0.0,0.0,0.0,0.0,0.0,0.0,0.0,0.0,0.0,0.0,0.0,0.0,0.0,0.0,0.0,0.0,0.0,0.0,0.0,0.0,0.0,0.0,0.0,0.0,0.0,0.0,0.0,0.0,0.0,0.0,0.0,0.0,0.0,0.0,0.0,0.0,0.0,0.0,0.0,0.0,0.0,0.0,0.0,0.0,0.0,0.0,0.0,0.0,0.0,0.0,0.0,0.0,0.0,0.0,0.0,0.0,0.0,0.0,0.0,0.0,0.0,0.0,0.0,0.0,0.0,0.0,0.0,0.0,0.0,0.0,0.0,0.0,0.0,0.0,0.0,0.0,0.0,0.0,0.0,0.0,0.0,0.0,0.0,0.0,0.0,0.0,0.0,0.0,0.0,0.0,0.0,0.0,0.0,0.0,0.0,0.0,0.0,0.0
nvbench2:dev:188,188,mistral-small:24b,staged,77,0.0,rect,1.0,1.0,4,2,2,1.0,1.0,1.0,0.3333333333333333,1.0,0.5,1.0,0.3333333333333333,0.5,0.4,1.0,0.3333333333333333,0.5,0.4,1.0,0.3333333333333333,0.5,0.4,1.0,0.3333333333333333,0.5,0.4,1.0,0.3333333333333333,0.5,0.4,1.0,0.3333333333333333,0.5,0.4,1.0,0.3333333333333333,0.5,0.4,1.0,0.3333333333333333,0.5,0.4,1.0,0.3333333333333333,0.5,0.4,1.0,0.3333333333333333,0.5,0.4,1.0,0.3333333333333333,0.5,0.4,1.0,0.3333333333333333,0.5,0.4,1.0,0.3333333333333333,0.5,0.4,1.0,0.3333333333333333,0.5,0.4,1.0,0.3333333333333333,0.5,0.4,1.0,0.3333333333333333,0.5,0.4,1.0,0.3333333333333333,0.5,0.4,1.0,0.3333333333333333,0.5,0.4,1.0,0.3333333333333333,0.5,0.4,1.0,1.0,0.3333333333333333,1.0,0.5,1.0,0.3333333333333333,0.5,0.4,1.0,0.3333333333333333,0.5,0.4,0.5,0.0,0.0,0.0,0.0,1.0,0.3333333333333333,0.5,0.4,1.0,0.3333333333333333,0.5,0.4,1.0,1.0,1.0,0.7333333333333333,1.0,1.4061911250000065,-1.0
nvbench2:dev:191,191,mistral-small:24b,staged,77,0.0,rect,1.0,1.0,8,5,3,0.0,0.0,0.0,0.0,0.0,0.0,0.0,0.0,0.0,0.0,0.0,0.0,0.0,0.0,0.0,0.0,0.0,0.0,0.0,0.0,0.0,0.0,0.0,0.0,0.0,0.0,0.0,0.0,0.0,0.0,0.0,0.0,0.0,0.0,0.0,0.0,0.0,0.0,0.0,0.0,0.0,0.0,0.0,0.0,0.0,0.0,0.0,0.0,0.0,0.0,0.0,0.0,0.0,0.0,0.0,0.0,0.0,0.0,0.0,0.0,0.0,0.0,0.0,0.0,0.0,0.0,0.0,0.0,0.0,0.0,0.0,0.0,0.0,0.0,0.0,0.0,0.0,0.0,0.0,0.0,0.0,0.0,0.0,0.0,0.0,0.0,0.0,0.0,0.0,0.0,0.0,0.0,0.0,0.0,0.0,0.0,0.0,0.0,0.0,0.0,0.0,0.0,0.0,0.0,0.0,0.0,0.0,0.0,0.96,0.96,0.96,0.96,0.96,1.550031292,0.0
nvbench2:dev:203,203,mistral-small:24b,staged,77,0.0,bar+line,1.0,1.0,10,6,4,0.0,0.0,0.0,0.0,0.0,0.0,0.0,0.0,0.0,0.0,0.0,0.0,0.0,0.0,0.0,0.0,0.0,0.0,0.0,0.0,0.0,0.0,0.0,0.0,0.0,0.0,0.0,0.0,0.0,0.0,0.0,0.0,0.0,0.0,0.0,0.0,0.0,0.0,0.0,0.0,0.0,0.0,0.0,0.0,0.0,0.0,0.0,0.0,0.0,0.0,0.0,0.0,0.0,0.0,0.0,0.0,0.0,0.0,0.0,0.0,0.0,0.0,0.0,0.0,0.0,0.0,0.0,0.0,0.0,0.0,0.0,0.0,0.0,0.0,0.0,0.0,0.0,0.0,0.0,0.0,0.0,0.0,0.0,0.0,0.0,0.0,0.0,0.0,0.0,0.0,0.0,0.0,0.0,0.0,0.0,0.0,0.0,0.0,0.0,0.0,0.0,0.0,0.0,0.0,0.0,0.0,0.0,0.0,0.72,0.72,0.72,0.72,0.72,2.5835935829999954,0.0
nvbench2:dev:214,214,mistral-small:24b,staged,77,0.0,rect,1.0,1.0,7,1,6,1.0,1.0,1.0,0.2,1.0,0.33333333333333337,1.0,0.2,0.5,0.28571428571428575,1.0,0.2,0.3333333333333333,0.25,1.0,0.2,0.25,0.22222222222222224,1.0,0.2,0.2,0.20000000000000004,1.0,0.2,0.16666666666666666,0.1818181818181818,1.0,0.2,0.16666666666666666,0.1818181818181818,1.0,0.2,0.16666666666666666,0.1818181818181818,1.0,0.2,0.16666666666666666,0.1818181818181818,1.0,0.2,0.16666666666666666,0.1818181818181818,1.0,0.2,0.16666666666666666,0.1818181818181818,1.0,0.2,0.16666666666666666,0.1818181818181818,1.0,0.2,0.16666666666666666,0.1818181818181818,1.0,0.2,0.16666666666666666,0.1818181818181818,1.0,0.2,0.16666666666666666,0.1818181818181818,1.0,0.2,0.16666666666666666,0.1818181818181818,1.0,0.2,0.16666666666666666,0.1818181818181818,1.0,0.2,0.16666666666666666,0.1818181818181818,1.0,0.2,0.16666666666666666,0.1818181818181818,1.0,0.2,0.16666666666666666,0.1818181818181818,1.0,1.0,0.2,1.0,0.33333333333333337,1.0,0.2,0.3333333333333333,0.25,1.0,0.2,0.2,0.20000000000000004,0.3333333333333333,0.0,0.0,0.0,0.0,1.0,0.2,0.3333333333333333,0.25,1.0,0.2,0.2,0.20000000000000004,1.0,1.0,1.0,0.6666666666666667,1.0,2.575634957999995,-1.0
nvbench2:dev:223,223,mistral-small:24b,staged,77,0.0,boxplot,1.0,1.0,8,6,2,0.0,0.0,0.0,0.0,0.0,0.0,0.0,0.0,0.0,0.0,0.0,0.0,0.0,0.0,0.0,0.0,0.0,0.0,0.0,0.0,0.0,0.0,0.0,0.0,0.0,0.0,0.0,0.0,0.0,0.0,0.0,0.0,0.0,0.0,0.0,0.0,0.0,0.0,0.0,0.0,0.0,0.0,0.0,0.0,0.0,0.0,0.0,0.0,0.0,0.0,0.0,0.0,0.0,0.0,0.0,0.0,0.0,0.0,0.0,0.0,0.0,0.0,0.0,0.0,0.0,0.0,0.0,0.0,0.0,0.0,0.0,0.0,0.0,0.0,0.0,0.0,0.0,0.0,0.0,0.0,0.0,0.0,0.0,0.0,0.0,0.0,0.0,0.0,0.0,0.0,0.0,0.0,0.0,0.0,0.0,0.0,0.0,0.0,0.0,0.0,0.0,0.0,0.0,0.0,0.0,0.0,0.0,0.0,0.7,0.7,0.7,0.7,0.7,1.0404032500000113,0.0
nvbench2:dev:228,228,mistral-small:24b,staged,77,0.0,rect,1.0,1.0,11,7,4,0.0,0.0,0.0,0.0,0.0,0.0,0.0,0.0,0.0,0.0,0.0,0.0,0.0,0.0,0.0,0.0,0.0,0.0,0.0,0.0,0.0,0.0,0.0,0.0,0.0,0.0,0.0,0.0,0.0,0.0,0.0,0.0,0.0,0.0,0.0,0.0,0.0,0.0,0.0,0.0,0.0,0.0,0.0,0.0,0.0,0.0,0.0,0.0,0.0,0.0,0.0,0.0,0.0,0.0,0.0,0.0,0.0,0.0,0.0,0.0,0.0,0.0,0.0,0.0,0.0,0.0,0.0,0.0,0.0,0.0,0.0,0.0,0.0,0.0,0.0,0.0,0.0,0.0,0.0,0.0,0.0,0.0,0.0,0.0,0.0,0.0,0.0,0.0,0.0,0.0,0.0,0.0,0.0,0.0,0.0,0.0,0.0,0.0,0.0,0.0,0.0,0.0,0.0,0.0,0.0,0.0,0.0,0.0,0.6666666666666667,0.44000000000000006,0.6666666666666667,0.24000000000000005,0.6666666666666667,2.956653208000006,0.0
nvbench2:dev:232,232,mistral-small:24b,staged,77,0.0,arc,1.0,1.0,8,5,3,1.0,1.0,1.0,0.5,1.0,0.6666666666666666,1.0,1.0,1.0,1.0,1.0,1.0,0.6666666666666666,0.8,1.0,1.0,0.6666666666666666,0.8,1.0,1.0,0.6666666666666666,0.8,1.0,1.0,0.6666666666666666,0.8,1.0,1.0,0.6666666666666666,0.8,1.0,1.0,0.6666666666666666,0.8,1.0,1.0,0.6666666666666666,0.8,1.0,1.0,0.6666666666666666,0.8,1.0,1.0,0.6666666666666666,0.8,1.0,1.0,0.6666666666666666,0.8,1.0,1.0,0.6666666666666666,0.8,1.0,1.0,0.6666666666666666,0.8,1.0,1.0,0.6666666666666666,0.8,1.0,1.0,0.6666666666666666,0.8,1.0,1.0,0.6666666666666666,0.8,1.0,1.0,0.6666666666666666,0.8,1.0,1.0,0.6666666666666666,0.8,1.0,1.0,0.6666666666666666,0.8,1.0,1.0,0.5,1.0,0.6666666666666666,1.0,1.0,0.6666666666666666,0.8,1.0,1.0,0.6666666666666666,0.8,1.0,1.0,0.5,1.0,0.6666666666666666,1.0,1.0,0.6666666666666666,0.8,1.0,1.0,0.6666666666666666,0.8,1.0,1.0,1.0,1.0,1.0,1.9952426249999888,0.0
nvbench2:dev:245,245,mistral-small:24b,staged,77,0.0,line,1.0,1.0,4,2,2,0.0,0.0,0.0,0.0,0.0,0.0,0.0,0.0,0.0,0.0,0.0,0.0,0.0,0.0,0.0,0.0,0.0,0.0,0.0,0.0,0.0,0.0,0.0,0.0,0.0,0.0,0.0,0.0,0.0,0.0,0.0,0.0,0.0,0.0,0.0,0.0,0.0,0.0,0.0,0.0,0.0,0.0,0.0,0.0,0.0,0.0,0.0,0.0,0.0,0.0,0.0,0.0,0.0,0.0,0.0,0.0,0.0,0.0,0.0,0.0,0.0,0.0,0.0,0.0,0.0,0.0,0.0,0.0,0.0,0.0,0.0,0.0,0.0,0.0,0.0,0.0,0.0,0.0,0.0,0.0,0.0,0.0,0.0,0.0,0.0,0.0,0.0,0.0,0.0,0.0,0.0,0.0,0.0,0.0,0.0,0.0,0.0,0.0,0.0,0.0,0.0,0.0,0.0,0.0,0.0,0.0,0.0,0.0,0.7333333333333333,0.7,0.7333333333333333,0.7,0.7333333333333333,1.2060202079999982,0.0
nvbench2:dev:252,252,mistral-small:24b,staged,77,0.0,rect,1.0,1.0,5,2,3,0.0,0.0,0.0,0.0,0.0,0.0,0.0,0.0,0.0,0.0,0.0,0.0,0.0,0.0,0.0,0.0,0.0,0.0,0.0,0.0,0.0,0.0,0.0,0.0,0.0,0.0,0.0,0.0,0.0,0.0,0.0,0.0,0.0,0.0,0.0,0.0,0.0,0.0,0.0,0.0,0.0,0.0,0.0,0.0,0.0,0.0,0.0,0.0,0.0,0.0,0.0,0.0,0.0,0.0,0.0,0.0,0.0,0.0,0.0,0.0,0.0,0.0,0.0,0.0,0.0,0.0,0.0,0.0,0.0,0.0,0.0,0.0,0.0,0.0,0.0,0.0,0.0,0.0,0.0,0.0,0.0,0.0,0.0,0.0,0.0,0.0,0.0,0.0,0.0,0.0,0.0,0.0,0.0,0.0,0.0,0.0,0.0,0.0,0.0,0.0,0.0,0.0,0.0,0.0,0.0,0.0,0.0,0.0,0.6666666666666667,0.6666666666666667,0.6666666666666667,0.16,0.6666666666666667,2.0654676249999966,0.0
nvbench2:dev:253,253,mistral-small:24b,staged,77,0.0,arc+bar+line,1.0,1.0,7,2,5,1.0,0.2,0.0,0.0,0.0,0.0,0.0,0.0,0.0,0.0,0.0,0.0,0.0,0.0,0.0,0.0,0.0,0.0,1.0,0.3333333333333333,0.2,0.25,1.0,0.3333333333333333,0.2,0.25,1.0,0.3333333333333333,0.2,0.25,1.0,0.3333333333333333,0.2,0.25,1.0,0.3333333333333333,0.2,0.25,1.0,0.3333333333333333,0.2,0.25,1.0,0.3333333333333333,0.2,0.25,1.0,0.3333333333333333,0.2,0.25,1.0,0.3333333333333333,0.2,0.25,1.0,0.3333333333333333,0.2,0.25,1.0,0.3333333333333333,0.2,0.25,1.0,0.3333333333333333,0.2,0.25,1.0,0.3333333333333333,0.2,0.25,1.0,0.3333333333333333,0.2,0.25,1.0,0.3333333333333333,0.2,0.25,1.0,0.3333333333333333,0.2,0.25,0.2,0.0,0.0,0.0,0.0,0.0,0.0,0.0,0.0,1.0,0.3333333333333333,0.2,0.25,0.2,0.0,0.0,0.0,0.0,0.0,0.0,0.0,0.0,1.0,0.3333333333333333,0.2,0.25,1.0,0.9,1.0,0.9,1.0,1.954120875000001,0.0
nvbench2:dev:255,255,mistral-small:24b,staged,77,0.0,bar,1.0,1.0,4,3,1,0.0,0.0,0.0,0.0,0.0,0.0,0.0,0.0,0.0,0.0,0.0,0.0,0.0,0.0,0.0,0.0,0.0,0.0,0.0,0.0,0.0,0.0,0.0,0.0,0.0,0.0,0.0,0.0,0.0,0.0,0.0,0.0,0.0,0.0,0.0,0.0,0.0,0.0,0.0,0.0,0.0,0.0,0.0,0.0,0.0,0.0,0.0,0.0,0.0,0.0,0.0,0.0,0.0,0.0,0.0,0.0,0.0,0.0,0.0,0.0,0.0,0.0,0.0,0.0,0.0,0.0,0.0,0.0,0.0,0.0,0.0,0.0,0.0,0.0,0.0,0.0,0.0,0.0,0.0,0.0,0.0,0.0,0.0,0.0,0.0,0.0,0.0,0.0,0.0,0.0,0.0,0.0,0.0,0.0,0.0,0.0,0.0,0.0,0.0,0.0,0.0,0.0,0.0,0.0,0.0,0.0,0.0,0.0,0.8,0.8,0.8,0.8,0.8,1.2608054159999966,0.0
nvbench2:dev:256,256,mistral-small:24b,staged,77,0.0,rect,1.0,1.0,8,6,2,0.0,0.0,0.0,0.0,0.0,0.0,0.0,0.0,0.0,0.0,0.0,0.0,0.0,0.0,0.0,0.0,0.0,0.0,0.0,0.0,0.0,0.0,0.0,0.0,0.0,0.0,0.0,0.0,0.0,0.0,0.0,0.0,0.0,0.0,0.0,0.0,0.0,0.0,0.0,0.0,0.0,0.0,0.0,0.0,0.0,0.0,0.0,0.0,0.0,0.0,0.0,0.0,0.0,0.0,0.0,0.0,0.0,0.0,0.0,0.0,0.0,0.0,0.0,0.0,0.0,0.0,0.0,0.0,0.0,0.0,0.0,0.0,0.0,0.0,0.0,0.0,0.0,0.0,0.0,0.0,0.0,0.0,0.0,0.0,0.0,0.0,0.0,0.0,0.0,0.0,0.0,0.0,0.0,0.0,0.0,0.0,0.0,0.0,0.0,0.0,0.0,0.0,0.0,0.0,0.0,0.0,0.0,0.0,0.7333333333333333,0.7333333333333333,0.7333333333333333,0.7333333333333333,0.7333333333333333,1.819989458000009,0.0
nvbench2:dev:259,259,mistral-small:24b,staged,77,0.0,point,1.0,1.0,6,2,4,0.0,0.0,0.0,0.0,0.0,0.0,0.0,0.0,0.0,0.0,0.0,0.0,0.0,0.0,0.0,0.0,0.0,0.0,0.0,0.0,0.0,0.0,0.0,0.0,0.0,0.0,0.0,0.0,0.0,0.0,0.0,0.0,0.0,0.0,0.0,0.0,0.0,0.0,0.0,0.0,0.0,0.0,0.0,0.0,0.0,0.0,0.0,0.0,0.0,0.0,0.0,0.0,0.0,0.0,0.0,0.0,0.0,0.0,0.0,0.0,0.0,0.0,0.0,0.0,0.0,0.0,0.0,0.0,0.0,0.0,0.0,0.0,0.0,0.0,0.0,0.0,0.0,0.0,0.0,0.0,0.0,0.0,0.0,0.0,0.0,0.0,0.0,0.0,0.0,0.0,0.0,0.0,0.0,0.0,0.0,0.0,0.0,0.0,0.0,0.0,0.0,0.0,0.0,0.0,0.0,0.0,0.0,0.0,0.8400000000000001,0.8400000000000001,0.8400000000000001,0.8400000000000001,0.8400000000000001,1.4077902080000086,0.0
nvbench2:dev:278,278,mistral-small:24b,staged,77,0.0,arc,1.0,1.0,7,3,4,1.0,1.0,1.0,0.3333333333333333,1.0,0.5,1.0,0.3333333333333333,0.5,0.4,1.0,0.3333333333333333,0.3333333333333333,0.3333333333333333,1.0,0.3333333333333333,0.25,0.28571428571428575,1.0,0.3333333333333333,0.25,0.28571428571428575,1.0,0.3333333333333333,0.25,0.28571428571428575,1.0,0.3333333333333333,0.25,0.28571428571428575,1.0,0.3333333333333333,0.25,0.28571428571428575,1.0,0.3333333333333333,0.25,0.28571428571428575,1.0,0.3333333333333333,0.25,0.28571428571428575,1.0,0.3333333333333333,0.25,0.28571428571428575,1.0,0.3333333333333333,0.25,0.28571428571428575,1.0,0.3333333333333333,0.25,0.28571428571428575,1.0,0.3333333333333333,0.25,0.28571428571428575,1.0,0.3333333333333333,0.25,0.28571428571428575,1.0,0.3333333333333333,0.25,0.28571428571428575,1.0,0.3333333333333333,0.25,0.28571428571428575,1.0,0.3333333333333333,0.25,0.28571428571428575,1.0,0.3333333333333333,0.25,0.28571428571428575,1.0,0.3333333333333333,0.25,0.28571428571428575,1.0,1.0,0.3333333333333333,1.0,0.5,1.0,0.3333333333333333,0.3333333333333333,0.3333333333333333,1.0,0.3333333333333333,0.25,0.28571428571428575,1.0,1.0,0.3333333333333333,1.0,0.5,1.0,0.3333333333333333,0.3333333333333333,0.3333333333333333,1.0,0.3333333333333333,0.3333333333333333,0.3333333333333333,1.0,1.0,1.0,1.0,1.0,2.1029277500000063,0.0
nvbench2:dev:283,283,mistral-small:24b,staged,77,0.0,rect,1.0,1.0,10,2,8,0.0,0.0,0.0,0.0,0.0,0.0,0.0,0.0,0.0,0.0,0.0,0.0,0.0,0.0,0.0,0.0,0.0,0.0,0.0,0.0,0.0,0.0,0.0,0.0,0.0,0.0,0.0,0.0,0.0,0.0,0.0,0.0,0.0,0.0,0.0,0.0,0.0,0.0,0.0,0.0,0.0,0.0,0.0,0.0,0.0,0.0,0.0,0.0,0.0,0.0,0.0,0.0,0.0,0.0,0.0,0.0,0.0,0.0,0.0,0.0,0.0,0.0,0.0,0.0,0.0,0.0,0.0,0.0,0.0,0.0,0.0,0.0,0.0,0.0,0.0,0.0,0.0,0.0,0.0,0.0,0.0,0.0,0.0,0.0,0.0,0.0,0.0,0.0,0.0,0.0,0.0,0.0,0.0,0.0,0.0,0.0,0.0,0.0,0.0,0.0,0.0,0.0,0.0,0.0,0.0,0.0,0.0,0.0,0.4,0.2,0.4,0.16,0.24000000000000005,3.057506625000002,0.0
nvbench2:dev:286,286,mistral-small:24b,staged,77,0.0,bar,1.0,1.0,4,2,2,0.0,0.0,0.0,0.0,0.0,0.0,0.0,0.0,0.0,0.0,0.0,0.0,0.0,0.0,0.0,0.0,0.0,0.0,0.0,0.0,0.0,0.0,0.0,0.0,0.0,0.0,0.0,0.0,0.0,0.0,0.0,0.0,0.0,0.0,0.0,0.0,0.0,0.0,0.0,0.0,0.0,0.0,0.0,0.0,0.0,0.0,0.0,0.0,0.0,0.0,0.0,0.0,0.0,0.0,0.0,0.0,0.0,0.0,0.0,0.0,0.0,0.0,0.0,0.0,0.0,0.0,0.0,0.0,0.0,0.0,0.0,0.0,0.0,0.0,0.0,0.0,0.0,0.0,0.0,0.0,0.0,0.0,0.0,0.0,0.0,0.0,0.0,0.0,0.0,0.0,0.0,0.0,0.0,0.0,0.0,0.0,0.0,0.0,0.0,0.0,0.0,0.0,0.0,0.0,0.0,0.0,0.0,0.0,0.9199999999999999,0.9199999999999999,0.9199999999999999,0.9199999999999999,0.9199999999999999,2.509223082999995,0.0
nvbench2:dev:292,292,mistral-small:24b,staged,77,0.0,rect,1.0,1.0,5,3,2,0.0,0.0,0.0,0.0,0.0,0.0,0.0,0.0,0.0,0.0,0.0,0.0,0.0,0.0,0.0,0.0,0.0,0.0,0.0,0.0,0.0,0.0,0.0,0.0,0.0,0.0,0.0,0.0,0.0,0.0,0.0,0.0,0.0,0.0,0.0,0.0,0.0,0.0,0.0,0.0,0.0,0.0,0.0,0.0,0.0,0.0,0.0,0.0,0.0,0.0,0.0,0.0,0.0,0.0,0.0,0.0,0.0,0.0,0.0,0.0,0.0,0.0,0.0,0.0,0.0,0.0,0.0,0.0,0.0,0.0,0.0,0.0,0.0,0.0,0.0,0.0,0.0,0.0,0.0,0.0,0.0,0.0,0.0,0.0,0.0,0.0,0.0,0.0,0.0,0.0,0.0,0.0,0.0,0.0,0.0,0.0,0.0,0.0,0.0,0.0,0.0,0.0,0.0,0.0,0.0,0.0,0.0,0.0,0.7333333333333333,0.7333333333333333,0.7333333333333333,0.7333333333333333,0.7333333333333333,1.6162158749999946,0.0
nvbench2:dev:296,296,mistral-small:24b,staged,77,0.0,bar,1.0,1.0,8,7,1,0.0,0.0,0.0,0.0,0.0,0.0,0.0,0.0,0.0,0.0,0.0,0.0,0.0,0.0,0.0,0.0,0.0,0.0,0.0,0.0,0.0,0.0,0.0,0.0,0.0,0.0,0.0,0.0,0.0,0.0,0.0,0.0,0.0,0.0,0.0,0.0,0.0,0.0,0.0,0.0,0.0,0.0,0.0,0.0,0.0,0.0,0.0,0.0,0.0,0.0,0.0,0.0,0.0,0.0,0.0,0.0,0.0,0.0,0.0,0.0,0.0,0.0,0.0,0.0,0.0,0.0,0.0,0.0,0.0,0.0,0.0,0.0,0.0,0.0,0.0,0.0,0.0,0.0,0.0,0.0,0.0,0.0,0.0,0.0,0.0,0.0,0.0,0.0,0.0,0.0,0.0,0.0,0.0,0.0,0.0,0.0,0.0,0.0,0.0,0.0,0.0,0.0,0.0,0.0,0.0,0.0,0.0,0.0,0.5333333333333333,0.5333333333333333,0.5333333333333333,0.5333333333333333,0.5333333333333333,0.7513122920000086,0.0
nvbench2:dev:298,298,mistral-small:24b,staged,77,0.0,bar,0.0,0.0,7,7,0,0.0,0.0,0.0,0.0,0.0,0.0,0.0,0.0,0.0,0.0,0.0,0.0,0.0,0.0,0.0,0.0,0.0,0.0,0.0,0.0,0.0,0.0,0.0,0.0,0.0,0.0,0.0,0.0,0.0,0.0,0.0,0.0,0.0,0.0,0.0,0.0,0.0,0.0,0.0,0.0,0.0,0.0,0.0,0.0,0.0,0.0,0.0,0.0,0.0,0.0,0.0,0.0,0.0,0.0,0.0,0.0,0.0,0.0,0.0,0.0,0.0,0.0,0.0,0.0,0.0,0.0,0.0,0.0,0.0,0.0,0.0,0.0,0.0,0.0,0.0,0.0,0.0,0.0,0.0,0.0,0.0,0.0,0.0,0.0,0.0,0.0,0.0,0.0,0.0,0.0,0.0,0.0,0.0,0.0,0.0,0.0,0.0,0.0,0.0,0.0,0.0,0.0,0.0,0.0,0.0,0.0,0.0,0.0,0.0,0.0,0.0,0.0,0.0,0.0,0.0
nvbench2:dev:300,300,mistral-small:24b,staged,77,0.0,arc,1.0,1.0,16,6,10,1.0,0.5,0.0,0.0,0.0,0.0,1.0,0.5,0.5,0.5,1.0,0.5,0.3333333333333333,0.4,1.0,1.0,0.5,0.6666666666666666,1.0,1.0,0.4,0.5714285714285715,1.0,1.0,0.3333333333333333,0.5,1.0,1.0,0.2857142857142857,0.4444444444444445,1.0,1.0,0.25,0.4,1.0,1.0,0.2222222222222222,0.3636363636363636,1.0,1.0,0.2,0.33333333333333337,1.0,1.0,0.2,0.33333333333333337,1.0,1.0,0.2,0.33333333333333337,1.0,1.0,0.2,0.33333333333333337,1.0,1.0,0.2,0.33333333333333337,1.0,1.0,0.2,0.33333333333333337,1.0,1.0,0.2,0.33333333333333337,1.0,1.0,0.2,0.33333333333333337,1.0,1.0,0.2,0.33333333333333337,1.0,1.0,0.2,0.33333333333333337,1.0,1.0,0.2,0.33333333333333337,0.5,0.0,0.0,0.0,0.0,1.0,0.5,0.3333333333333333,0.4,1.0,1.0,0.4,0.5714285714285715,1.0,1.0,0.5,1.0,0.6666666666666666,1.0,1.0,0.6666666666666666,0.8,1.0,1.0,0.4,0.5714285714285715,1.0,1.0,1.0,1.0,1.0,3.8308797090000013,1.0
nvbench2:dev:302,302,mistral-small:24b,staged,77,0.0,rect,1.0,1.0,7,2,5,0.0,0.0,0.0,0.0,0.0,0.0,0.0,0.0,0.0,0.0,0.0,0.0,0.0,0.0,0.0,0.0,0.0,0.0,0.0,0.0,0.0,0.0,0.0,0.0,0.0,0.0,0.0,0.0,0.0,0.0,0.0,0.0,0.0,0.0,0.0,0.0,0.0,0.0,0.0,0.0,0.0,0.0,0.0,0.0,0.0,0.0,0.0,0.0,0.0,0.0,0.0,0.0,0.0,0.0,0.0,0.0,0.0,0.0,0.0,0.0,0.0,0.0,0.0,0.0,0.0,0.0,0.0,0.0,0.0,0.0,0.0,0.0,0.0,0.0,0.0,0.0,0.0,0.0,0.0,0.0,0.0,0.0,0.0,0.0,0.0,0.0,0.0,0.0,0.0,0.0,0.0,0.0,0.0,0.0,0.0,0.0,0.0,0.0,0.0,0.0,0.0,0.0,0.0,0.0,0.0,0.0,0.0,0.0,0.8666666666666668,0.8,0.8666666666666668,0.6,0.8666666666666668,1.873616250000012,0.0
nvbench2:dev:307,307,mistral-small:24b,staged,77,0.0,rect,0.0,0.0,4,4,0,0.0,0.0,0.0,0.0,0.0,0.0,0.0,0.0,0.0,0.0,0.0,0.0,0.0,0.0,0.0,0.0,0.0,0.0,0.0,0.0,0.0,0.0,0.0,0.0,0.0,0.0,0.0,0.0,0.0,0.0,0.0,0.0,0.0,0.0,0.0,0.0,0.0,0.0,0.0,0.0,0.0,0.0,0.0,0.0,0.0,0.0,0.0,0.0,0.0,0.0,0.0,0.0,0.0,0.0,0.0,0.0,0.0,0.0,0.0,0.0,0.0,0.0,0.0,0.0,0.0,0.0,0.0,0.0,0.0,0.0,0.0,0.0,0.0,0.0,0.0,0.0,0.0,0.0,0.0,0.0,0.0,0.0,0.0,0.0,0.0,0.0,0.0,0.0,0.0,0.0,0.0,0.0,0.0,0.0,0.0,0.0,0.0,0.0,0.0,0.0,0.0,0.0,0.0,0.0,0.0,0.0,0.0,0.0,0.0,0.0,0.0,0.0,0.0,0.0,0.0
nvbench2:dev:314,314,mistral-small:24b,staged,77,0.0,arc,0.0,0.0,3,3,0,0.0,0.0,0.0,0.0,0.0,0.0,0.0,0.0,0.0,0.0,0.0,0.0,0.0,0.0,0.0,0.0,0.0,0.0,0.0,0.0,0.0,0.0,0.0,0.0,0.0,0.0,0.0,0.0,0.0,0.0,0.0,0.0,0.0,0.0,0.0,0.0,0.0,0.0,0.0,0.0,0.0,0.0,0.0,0.0,0.0,0.0,0.0,0.0,0.0,0.0,0.0,0.0,0.0,0.0,0.0,0.0,0.0,0.0,0.0,0.0,0.0,0.0,0.0,0.0,0.0,0.0,0.0,0.0,0.0,0.0,0.0,0.0,0.0,0.0,0.0,0.0,0.0,0.0,0.0,0.0,0.0,0.0,0.0,0.0,0.0,0.0,0.0,0.0,0.0,0.0,0.0,0.0,0.0,0.0,0.0,0.0,0.0,0.0,0.0,0.0,0.0,0.0,0.0,0.0,0.0,0.0,0.0,0.0,0.0,0.0,0.0,0.0,0.0,0.0,0.0
nvbench2:dev:315,315,mistral-small:24b,staged,77,0.0,bar,1.0,1.0,5,3,2,1.0,1.0,1.0,0.5,1.0,0.6666666666666666,1.0,0.5,0.5,0.5,1.0,0.5,0.5,0.5,1.0,0.5,0.5,0.5,1.0,0.5,0.5,0.5,1.0,0.5,0.5,0.5,1.0,0.5,0.5,0.5,1.0,0.5,0.5,0.5,1.0,0.5,0.5,0.5,1.0,0.5,0.5,0.5,1.0,0.5,0.5,0.5,1.0,0.5,0.5,0.5,1.0,0.5,0.5,0.5,1.0,0.5,0.5,0.5,1.0,0.5,0.5,0.5,1.0,0.5,0.5,0.5,1.0,0.5,0.5,0.5,1.0,0.5,0.5,0.5,1.0,0.5,0.5,0.5,1.0,0.5,0.5,0.5,1.0,1.0,0.5,1.0,0.6666666666666666,1.0,0.5,0.5,0.5,1.0,0.5,0.5,0.5,0.5,0.0,0.0,0.0,0.0,1.0,0.5,0.5,0.5,1.0,0.5,0.5,0.5,1.0,1.0,1.0,0.6,1.0,2.0101874580000043,-1.0
nvbench2:dev:317,317,mistral-small:24b,staged,77,0.0,rect,1.0,1.0,5,3,2,0.0,0.0,0.0,0.0,0.0,0.0,0.0,0.0,0.0,0.0,0.0,0.0,0.0,0.0,0.0,0.0,0.0,0.0,0.0,0.0,0.0,0.0,0.0,0.0,0.0,0.0,0.0,0.0,0.0,0.0,0.0,0.0,0.0,0.0,0.0,0.0,0.0,0.0,0.0,0.0,0.0,0.0,0.0,0.0,0.0,0.0,0.0,0.0,0.0,0.0,0.0,0.0,0.0,0.0,0.0,0.0,0.0,0.0,0.0,0.0,0.0,0.0,0.0,0.0,0.0,0.0,0.0,0.0,0.0,0.0,0.0,0.0,0.0,0.0,0.0,0.0,0.0,0.0,0.0,0.0,0.0,0.0,0.0,0.0,0.0,0.0,0.0,0.0,0.0,0.0,0.0,0.0,0.0,0.0,0.0,0.0,0.0,0.0,0.0,0.0,0.0,0.0,0.0,0.0,0.0,0.0,0.0,0.0,0.7333333333333333,0.7333333333333333,0.7333333333333333,0.7333333333333333,0.7333333333333333,1.4906613340000092,0.0
nvbench2:dev:319,319,mistral-small:24b,staged,77,0.0,boxplot,1.0,1.0,4,2,2,1.0,1.0,1.0,0.2,1.0,0.33333333333333337,1.0,0.2,0.5,0.28571428571428575,1.0,0.2,0.5,0.28571428571428575,1.0,0.2,0.5,0.28571428571428575,1.0,0.2,0.5,0.28571428571428575,1.0,0.2,0.5,0.28571428571428575,1.0,0.2,0.5,0.28571428571428575,1.0,0.2,0.5,0.28571428571428575,1.0,0.2,0.5,0.28571428571428575,1.0,0.2,0.5,0.28571428571428575,1.0,0.2,0.5,0.28571428571428575,1.0,0.2,0.5,0.28571428571428575,1.0,0.2,0.5,0.28571428571428575,1.0,0.2,0.5,0.28571428571428575,1.0,0.2,0.5,0.28571428571428575,1.0,0.2,0.5,0.28571428571428575,1.0,0.2,0.5,0.28571428571428575,1.0,0.2,0.5,0.28571428571428575,1.0,0.2,0.5,0.28571428571428575,1.0,0.2,0.5,0.28571428571428575,1.0,1.0,0.2,1.0,0.33333333333333337,1.0,0.2,0.5,0.28571428571428575,1.0,0.2,0.5,0.28571428571428575,1.0,1.0,0.2,1.0,0.33333333333333337,1.0,0.2,0.5,0.28571428571428575,1.0,0.2,0.5,0.28571428571428575,1.0,1.0,1.0,1.0,1.0,1.7511092919999953,0.0
nvbench2:dev:326,326,mistral-small:24b,staged,77,0.0,rect,1.0,1.0,6,5,1,0.0,0.0,0.0,0.0,0.0,0.0,0.0,0.0,0.0,0.0,0.0,0.0,0.0,0.0,0.0,0.0,0.0,0.0,0.0,0.0,0.0,0.0,0.0,0.0,0.0,0.0,0.0,0.0,0.0,0.0,0.0,0.0,0.0,0.0,0.0,0.0,0.0,0.0,0.0,0.0,0.0,0.0,0.0,0.0,0.0,0.0,0.0,0.0,0.0,0.0,0.0,0.0,0.0,0.0,0.0,0.0,0.0,0.0,0.0,0.0,0.0,0.0,0.0,0.0,0.0,0.0,0.0,0.0,0.0,0.0,0.0,0.0,0.0,0.0,0.0,0.0,0.0,0.0,0.0,0.0,0.0,0.0,0.0,0.0,0.0,0.0,0.0,0.0,0.0,0.0,0.0,0.0,0.0,0.0,0.0,0.0,0.0,0.0,0.0,0.0,0.0,0.0,0.0,0.0,0.0,0.0,0.0,0.0,0.24000000000000005,0.24000000000000005,0.24000000000000005,0.24000000000000005,0.24000000000000005,1.518616625000007,0.0
nvbench2:dev:327,327,mistral-small:24b,staged,77,0.0,boxplot,1.0,1.0,8,6,2,0.0,0.0,0.0,0.0,0.0,0.0,0.0,0.0,0.0,0.0,0.0,0.0,0.0,0.0,0.0,0.0,0.0,0.0,0.0,0.0,0.0,0.0,0.0,0.0,0.0,0.0,0.0,0.0,0.0,0.0,0.0,0.0,0.0,0.0,0.0,0.0,0.0,0.0,0.0,0.0,0.0,0.0,0.0,0.0,0.0,0.0,0.0,0.0,0.0,0.0,0.0,0.0,0.0,0.0,0.0,0.0,0.0,0.0,0.0,0.0,0.0,0.0,0.0,0.0,0.0,0.0,0.0,0.0,0.0,0.0,0.0,0.0,0.0,0.0,0.0,0.0,0.0,0.0,0.0,0.0,0.0,0.0,0.0,0.0,0.0,0.0,0.0,0.0,0.0,0.0,0.0,0.0,0.0,0.0,0.0,0.0,0.0,0.0,0.0,0.0,0.0,0.0,0.0,0.0,0.0,0.0,0.0,0.0,0.6,0.6,0.6,0.6,0.6,1.4175310419999931,0.0
nvbench2:dev:331,331,mistral-small:24b,staged,77,0.0,bar,1.0,1.0,5,4,1,0.0,0.0,0.0,0.0,0.0,0.0,0.0,0.0,0.0,0.0,0.0,0.0,0.0,0.0,0.0,0.0,0.0,0.0,0.0,0.0,0.0,0.0,0.0,0.0,0.0,0.0,0.0,0.0,0.0,0.0,0.0,0.0,0.0,0.0,0.0,0.0,0.0,0.0,0.0,0.0,0.0,0.0,0.0,0.0,0.0,0.0,0.0,0.0,0.0,0.0,0.0,0.0,0.0,0.0,0.0,0.0,0.0,0.0,0.0,0.0,0.0,0.0,0.0,0.0,0.0,0.0,0.0,0.0,0.0,0.0,0.0,0.0,0.0,0.0,0.0,0.0,0.0,0.0,0.0,0.0,0.0,0.0,0.0,0.0,0.0,0.0,0.0,0.0,0.0,0.0,0.0,0.0,0.0,0.0,0.0,0.0,0.0,0.0,0.0,0.0,0.0,0.0,0.0,0.0,0.0,0.0,0.0,0.0,0.8,0.8,0.8,0.8,0.8,1.5787234999999953,0.0
nvbench2:dev:332,332,mistral-small:24b,staged,77,0.0,arc,0.0,0.0,4,4,0,0.0,0.0,0.0,0.0,0.0,0.0,0.0,0.0,0.0,0.0,0.0,0.0,0.0,0.0,0.0,0.0,0.0,0.0,0.0,0.0,0.0,0.0,0.0,0.0,0.0,0.0,0.0,0.0,0.0,0.0,0.0,0.0,0.0,0.0,0.0,0.0,0.0,0.0,0.0,0.0,0.0,0.0,0.0,0.0,0.0,0.0,0.0,0.0,0.0,0.0,0.0,0.0,0.0,0.0,0.0,0.0,0.0,0.0,0.0,0.0,0.0,0.0,0.0,0.0,0.0,0.0,0.0,0.0,0.0,0.0,0.0,0.0,0.0,0.0,0.0,0.0,0.0,0.0,0.0,0.0,0.0,0.0,0.0,0.0,0.0,0.0,0.0,0.0,0.0,0.0,0.0,0.0,0.0,0.0,0.0,0.0,0.0,0.0,0.0,0.0,0.0,0.0,0.0,0.0,0.0,0.0,0.0,0.0,0.0,0.0,0.0,0.0,0.0,0.0,0.0
nvbench2:dev:336,336,mistral-small:24b,staged,77,0.0,arc,1.0,1.0,8,6,2,1.0,1.0,1.0,0.2,1.0,0.33333333333333337,1.0,0.2,0.5,0.28571428571428575,1.0,0.2,0.5,0.28571428571428575,1.0,0.2,0.5,0.28571428571428575,1.0,0.2,0.5,0.28571428571428575,1.0,0.2,0.5,0.28571428571428575,1.0,0.2,0.5,0.28571428571428575,1.0,0.2,0.5,0.28571428571428575,1.0,0.2,0.5,0.28571428571428575,1.0,0.2,0.5,0.28571428571428575,1.0,0.2,0.5,0.28571428571428575,1.0,0.2,0.5,0.28571428571428575,1.0,0.2,0.5,0.28571428571428575,1.0,0.2,0.5,0.28571428571428575,1.0,0.2,0.5,0.28571428571428575,1.0,0.2,0.5,0.28571428571428575,1.0,0.2,0.5,0.28571428571428575,1.0,0.2,0.5,0.28571428571428575,1.0,0.2,0.5,0.28571428571428575,1.0,0.2,0.5,0.28571428571428575,1.0,1.0,0.2,1.0,0.33333333333333337,1.0,0.2,0.5,0.28571428571428575,1.0,0.2,0.5,0.28571428571428575,1.0,1.0,0.2,1.0,0.33333333333333337,1.0,0.2,0.5,0.28571428571428575,1.0,0.2,0.5,0.28571428571428575,1.0,1.0,1.0,1.0,1.0,1.6315537079999984,0.0
nvbench2:dev:338,338,mistral-small:24b,staged,77,0.0,rect,1.0,1.0,10,5,5,0.0,0.0,0.0,0.0,0.0,0.0,0.0,0.0,0.0,0.0,0.0,0.0,0.0,0.0,0.0,0.0,0.0,0.0,0.0,0.0,0.0,0.0,0.0,0.0,0.0,0.0,0.0,0.0,0.0,0.0,0.0,0.0,0.0,0.0,0.0,0.0,0.0,0.0,0.0,0.0,0.0,0.0,0.0,0.0,0.0,0.0,0.0,0.0,0.0,0.0,0.0,0.0,0.0,0.0,0.0,0.0,0.0,0.0,0.0,0.0,0.0,0.0,0.0,0.0,0.0,0.0,0.0,0.0,0.0,0.0,0.0,0.0,0.0,0.0,0.0,0.0,0.0,0.0,0.0,0.0,0.0,0.0,0.0,0.0,0.0,0.0,0.0,0.0,0.0,0.0,0.0,0.0,0.0,0.0,0.0,0.0,0.0,0.0,0.0,0.0,0.0,0.0,0.0,0.0,0.0,0.0,0.0,0.0,0.9333333333333332,0.9333333333333332,0.9333333333333332,0.6666666666666667,0.9333333333333332,2.2883215419999914,0.0
nvbench2:dev:340,340,mistral-small:24b,staged,77,0.0,rect,1.0,1.0,7,3,4,0.0,0.0,0.0,0.0,0.0,0.0,0.0,0.0,0.0,0.0,0.0,0.0,0.0,0.0,0.0,0.0,0.0,0.0,0.0,0.0,0.0,0.0,0.0,0.0,0.0,0.0,0.0,0.0,0.0,0.0,0.0,0.0,0.0,0.0,0.0,0.0,0.0,0.0,0.0,0.0,0.0,0.0,0.0,0.0,0.0,0.0,0.0,0.0,0.0,0.0,0.0,0.0,0.0,0.0,0.0,0.0,0.0,0.0,0.0,0.0,0.0,0.0,0.0,0.0,0.0,0.0,0.0,0.0,0.0,0.0,0.0,0.0,0.0,0.0,0.0,0.0,0.0,0.0,0.0,0.0,0.0,0.0,0.0,0.0,0.0,0.0,0.0,0.0,0.0,0.0,0.0,0.0,0.0,0.0,0.0,0.0,0.0,0.0,0.0,0.0,0.0,0.0,0.0,0.0,0.0,0.0,0.0,0.0,0.96,0.9333333333333332,0.96,0.9333333333333332,0.96,1.9678726660000052,0.0
nvbench2:dev:346,346,mistral-small:24b,staged,77,0.0,bar+line+rect,0.0,0.0,6,6,0,0.0,0.0,0.0,0.0,0.0,0.0,0.0,0.0,0.0,0.0,0.0,0.0,0.0,0.0,0.0,0.0,0.0,0.0,0.0,0.0,0.0,0.0,0.0,0.0,0.0,0.0,0.0,0.0,0.0,0.0,0.0,0.0,0.0,0.0,0.0,0.0,0.0,0.0,0.0,0.0,0.0,0.0,0.0,0.0,0.0,0.0,0.0,0.0,0.0,0.0,0.0,0.0,0.0,0.0,0.0,0.0,0.0,0.0,0.0,0.0,0.0,0.0,0.0,0.0,0.0,0.0,0.0,0.0,0.0,0.0,0.0,0.0,0.0,0.0,0.0,0.0,0.0,0.0,0.0,0.0,0.0,0.0,0.0,0.0,0.0,0.0,0.0,0.0,0.0,0.0,0.0,0.0,0.0,0.0,0.0,0.0,0.0,0.0,0.0,0.0,0.0,0.0,0.0,0.0,0.0,0.0,0.0,0.0,0.0,0.0,0.0,0.0,0.0,0.0,0.0
nvbench2:dev:358,358,mistral-small:24b,staged,77,0.0,bar,1.0,1.0,13,8,5,1.0,0.2,0.0,0.0,0.0,0.0,0.0,0.0,0.0,0.0,0.0,0.0,0.0,0.0,0.0,0.0,0.0,0.0,1.0,0.5,0.2,0.28571428571428575,1.0,0.5,0.2,0.28571428571428575,1.0,0.5,0.2,0.28571428571428575,1.0,0.5,0.2,0.28571428571428575,1.0,0.5,0.2,0.28571428571428575,1.0,0.5,0.2,0.28571428571428575,1.0,0.5,0.2,0.28571428571428575,1.0,0.5,0.2,0.28571428571428575,1.0,0.5,0.2,0.28571428571428575,1.0,0.5,0.2,0.28571428571428575,1.0,0.5,0.2,0.28571428571428575,1.0,0.5,0.2,0.28571428571428575,1.0,0.5,0.2,0.28571428571428575,1.0,0.5,0.2,0.28571428571428575,1.0,0.5,0.2,0.28571428571428575,1.0,0.5,0.2,0.28571428571428575,0.2,0.0,0.0,0.0,0.0,0.0,0.0,0.0,0.0,1.0,0.5,0.2,0.28571428571428575,1.0,1.0,0.5,1.0,0.6666666666666666,1.0,0.5,0.3333333333333333,0.4,1.0,0.5,0.2,0.28571428571428575,1.0,0.9199999999999999,1.0,1.0,1.0,2.50771154200001,1.0
nvbench2:dev:362,362,mistral-small:24b,staged,77,0.0,rect,1.0,1.0,4,3,1,0.0,0.0,0.0,0.0,0.0,0.0,0.0,0.0,0.0,0.0,0.0,0.0,0.0,0.0,0.0,0.0,0.0,0.0,0.0,0.0,0.0,0.0,0.0,0.0,0.0,0.0,0.0,0.0,0.0,0.0,0.0,0.0,0.0,0.0,0.0,0.0,0.0,0.0,0.0,0.0,0.0,0.0,0.0,0.0,0.0,0.0,0.0,0.0,0.0,0.0,0.0,0.0,0.0,0.0,0.0,0.0,0.0,0.0,0.0,0.0,0.0,0.0,0.0,0.0,0.0,0.0,0.0,0.0,0.0,0.0,0.0,0.0,0.0,0.0,0.0,0.0,0.0,0.0,0.0,0.0,0.0,0.0,0.0,0.0,0.0,0.0,0.0,0.0,0.0,0.0,0.0,0.0,0.0,0.0,0.0,0.0,0.0,0.0,0.0,0.0,0.0,0.0,0.0,0.0,0.0,0.0,0.0,0.0,0.4,0.4,0.4,0.4,0.4,1.4752990830000101,0.0
nvbench2:dev:367,367,mistral-small:24b,staged,77,0.0,bar,1.0,1.0,8,5,3,0.0,0.0,0.0,0.0,0.0,0.0,0.0,0.0,0.0,0.0,0.0,0.0,0.0,0.0,0.0,0.0,0.0,0.0,0.0,0.0,0.0,0.0,0.0,0.0,0.0,0.0,0.0,0.0,0.0,0.0,0.0,0.0,0.0,0.0,0.0,0.0,0.0,0.0,0.0,0.0,0.0,0.0,0.0,0.0,0.0,0.0,0.0,0.0,0.0,0.0,0.0,0.0,0.0,0.0,0.0,0.0,0.0,0.0,0.0,0.0,0.0,0.0,0.0,0.0,0.0,0.0,0.0,0.0,0.0,0.0,0.0,0.0,0.0,0.0,0.0,0.0,0.0,0.0,0.0,0.0,0.0,0.0,0.0,0.0,0.0,0.0,0.0,0.0,0.0,0.0,0.0,0.0,0.0,0.0,0.0,0.0,0.0,0.0,0.0,0.0,0.0,0.0,0.0,0.0,0.0,0.0,0.0,0.0,0.64,0.4,0.64,0.64,0.64,1.648939750000011,0.0
nvbench2:dev:381,381,mistral-small:24b,staged,77,0.0,rect,1.0,1.0,7,3,4,1.0,0.5,0.0,0.0,0.0,0.0,1.0,0.3333333333333333,0.5,0.4,1.0,0.3333333333333333,0.3333333333333333,0.3333333333333333,1.0,0.3333333333333333,0.25,0.28571428571428575,1.0,0.3333333333333333,0.25,0.28571428571428575,1.0,0.3333333333333333,0.25,0.28571428571428575,1.0,0.3333333333333333,0.25,0.28571428571428575,1.0,0.3333333333333333,0.25,0.28571428571428575,1.0,0.3333333333333333,0.25,0.28571428571428575,1.0,0.3333333333333333,0.25,0.28571428571428575,1.0,0.3333333333333333,0.25,0.28571428571428575,1.0,0.3333333333333333,0.25,0.28571428571428575,1.0,0.3333333333333333,0.25,0.28571428571428575,1.0,0.3333333333333333,0.25,0.28571428571428575,1.0,0.3333333333333333,0.25,0.28571428571428575,1.0,0.3333333333333333,0.25,0.28571428571428575,1.0,0.3333333333333333,0.25,0.28571428571428575,1.0,0.3333333333333333,0.25,0.28571428571428575,1.0,0.3333333333333333,0.25,0.28571428571428575,1.0,0.3333333333333333,0.25,0.28571428571428575,0.5,0.0,0.0,0.0,0.0,1.0,0.3333333333333333,0.3333333333333333,0.3333333333333333,1.0,0.3333333333333333,0.25,0.28571428571428575,1.0,1.0,0.3333333333333333,1.0,0.5,1.0,0.3333333333333333,0.3333333333333333,0.3333333333333333,1.0,0.3333333333333333,0.25,0.28571428571428575,1.0,0.9333333333333332,1.0,1.0,1.0,2.2753636250000113,1.0
nvbench2:dev:383,383,mistral-small:24b,staged,77,0.0,rect,1.0,1.0,5,4,1,1.0,1.0,1.0,0.3333333333333333,1.0,0.5,1.0,0.3333333333333333,1.0,0.5,1.0,0.3333333333333333,1.0,0.5,1.0,0.3333333333333333,1.0,0.5,1.0,0.3333333333333333,1.0,0.5,1.0,0.3333333333333333,1.0,0.5,1.0,0.3333333333333333,1.0,0.5,1.0,0.3333333333333333,1.0,0.5,1.0,0.3333333333333333,1.0,0.5,1.0,0.3333333333333333,1.0,0.5,1.0,0.3333333333333333,1.0,0.5,1.0,0.3333333333333333,1.0,0.5,1.0,0.3333333333333333,1.0,0.5,1.0,0.3333333333333333,1.0,0.5,1.0,0.3333333333333333,1.0,0.5,1.0,0.3333333333333333,1.0,0.5,1.0,0.3333333333333333,1.0,0.5,1.0,0.3333333333333333,1.0,0.5,1.0,0.3333333333333333,1.0,0.5,1.0,0.3333333333333333,1.0,0.5,1.0,1.0,0.3333333333333333,1.0,0.5,1.0,0.3333333333333333,1.0,0.5,1.0,0.3333333333333333,1.0,0.5,1.0,1.0,0.3333333333333333,1.0,0.5,1.0,0.3333333333333333,1.0,0.5,1.0,0.3333333333333333,1.0,0.5,1.0,1.0,1.0,1.0,1.0,0.7634464159999936,0.0
nvbench2:dev:384,384,mistral-small:24b,staged,77,0.0,bar,1.0,1.0,5,2,3,0.0,0.0,0.0,0.0,0.0,0.0,0.0,0.0,0.0,0.0,0.0,0.0,0.0,0.0,0.0,0.0,0.0,0.0,0.0,0.0,0.0,0.0,0.0,0.0,0.0,0.0,0.0,0.0,0.0,0.0,0.0,0.0,0.0,0.0,0.0,0.0,0.0,0.0,0.0,0.0,0.0,0.0,0.0,0.0,0.0,0.0,0.0,0.0,0.0,0.0,0.0,0.0,0.0,0.0,0.0,0.0,0.0,0.0,0.0,0.0,0.0,0.0,0.0,0.0,0.0,0.0,0.0,0.0,0.0,0.0,0.0,0.0,0.0,0.0,0.0,0.0,0.0,0.0,0.0,0.0,0.0,0.0,0.0,0.0,0.0,0.0,0.0,0.0,0.0,0.0,0.0,0.0,0.0,0.0,0.0,0.0,0.0,0.0,0.0,0.0,0.0,0.0,0.0,0.0,0.0,0.0,0.0,0.0,0.8,0.7,0.8,0.7,0.8,2.5738587499999994,0.0
nvbench2:dev:388,388,mistral-small:24b,staged,77,0.0,rect,1.0,1.0,5,4,1,0.0,0.0,0.0,0.0,0.0,0.0,0.0,0.0,0.0,0.0,0.0,0.0,0.0,0.0,0.0,0.0,0.0,0.0,0.0,0.0,0.0,0.0,0.0,0.0,0.0,0.0,0.0,0.0,0.0,0.0,0.0,0.0,0.0,0.0,0.0,0.0,0.0,0.0,0.0,0.0,0.0,0.0,0.0,0.0,0.0,0.0,0.0,0.0,0.0,0.0,0.0,0.0,0.0,0.0,0.0,0.0,0.0,0.0,0.0,0.0,0.0,0.0,0.0,0.0,0.0,0.0,0.0,0.0,0.0,0.0,0.0,0.0,0.0,0.0,0.0,0.0,0.0,0.0,0.0,0.0,0.0,0.0,0.0,0.0,0.0,0.0,0.0,0.0,0.0,0.0,0.0,0.0,0.0,0.0,0.0,0.0,0.0,0.0,0.0,0.0,0.0,0.0,0.0,0.0,0.0,0.0,0.0,0.0,0.8,0.8,0.8,0.8,0.8,1.2442495840000163,0.0
nvbench2:dev:394,394,mistral-small:24b,staged,77,0.0,arc,0.0,0.0,4,4,0,0.0,0.0,0.0,0.0,0.0,0.0,0.0,0.0,0.0,0.0,0.0,0.0,0.0,0.0,0.0,0.0,0.0,0.0,0.0,0.0,0.0,0.0,0.0,0.0,0.0,0.0,0.0,0.0,0.0,0.0,0.0,0.0,0.0,0.0,0.0,0.0,0.0,0.0,0.0,0.0,0.0,0.0,0.0,0.0,0.0,0.0,0.0,0.0,0.0,0.0,0.0,0.0,0.0,0.0,0.0,0.0,0.0,0.0,0.0,0.0,0.0,0.0,0.0,0.0,0.0,0.0,0.0,0.0,0.0,0.0,0.0,0.0,0.0,0.0,0.0,0.0,0.0,0.0,0.0,0.0,0.0,0.0,0.0,0.0,0.0,0.0,0.0,0.0,0.0,0.0,0.0,0.0,0.0,0.0,0.0,0.0,0.0,0.0,0.0,0.0,0.0,0.0,0.0,0.0,0.0,0.0,0.0,0.0,0.0,0.0,0.0,0.0,0.0,0.0,0.0
nvbench2:dev:398,398,mistral-small:24b,staged,77,0.0,line,1.0,1.0,5,3,2,1.0,1.0,1.0,0.25,1.0,0.4,1.0,0.25,0.5,0.3333333333333333,1.0,0.25,0.5,0.3333333333333333,1.0,0.25,0.5,0.3333333333333333,1.0,0.25,0.5,0.3333333333333333,1.0,0.25,0.5,0.3333333333333333,1.0,0.25,0.5,0.3333333333333333,1.0,0.25,0.5,0.3333333333333333,1.0,0.25,0.5,0.3333333333333333,1.0,0.25,0.5,0.3333333333333333,1.0,0.25,0.5,0.3333333333333333,1.0,0.25,0.5,0.3333333333333333,1.0,0.25,0.5,0.3333333333333333,1.0,0.25,0.5,0.3333333333333333,1.0,0.25,0.5,0.3333333333333333,1.0,0.25,0.5,0.3333333333333333,1.0,0.25,0.5,0.3333333333333333,1.0,0.25,0.5,0.3333333333333333,1.0,0.25,0.5,0.3333333333333333,1.0,0.25,0.5,0.3333333333333333,1.0,1.0,0.25,1.0,0.4,1.0,0.25,0.5,0.3333333333333333,1.0,0.25,0.5,0.3333333333333333,1.0,1.0,0.25,1.0,0.4,1.0,0.25,0.5,0.3333333333333333,1.0,0.25,0.5,0.3333333333333333,1.0,1.0,1.0,1.0,1.0,1.3453460419999885,0.0
nvbench2:dev:403,403,mistral-small:24b,staged,77,0.0,point,1.0,1.0,4,2,2,0.0,0.0,0.0,0.0,0.0,0.0,0.0,0.0,0.0,0.0,0.0,0.0,0.0,0.0,0.0,0.0,0.0,0.0,0.0,0.0,0.0,0.0,0.0,0.0,0.0,0.0,0.0,0.0,0.0,0.0,0.0,0.0,0.0,0.0,0.0,0.0,0.0,0.0,0.0,0.0,0.0,0.0,0.0,0.0,0.0,0.0,0.0,0.0,0.0,0.0,0.0,0.0,0.0,0.0,0.0,0.0,0.0,0.0,0.0,0.0,0.0,0.0,0.0,0.0,0.0,0.0,0.0,0.0,0.0,0.0,0.0,0.0,0.0,0.0,0.0,0.0,0.0,0.0,0.0,0.0,0.0,0.0,0.0,0.0,0.0,0.0,0.0,0.0,0.0,0.0,0.0,0.0,0.0,0.0,0.0,0.0,0.0,0.0,0.0,0.0,0.0,0.0,0.0,0.0,0.0,0.0,0.0,0.0,0.8,0.8,0.8,0.8,0.8,1.7134679170000027,0.0
nvbench2:dev:405,405,mistral-small:24b,staged,77,0.0,bar,1.0,1.0,6,4,2,1.0,1.0,1.0,0.2,1.0,0.33333333333333337,1.0,0.2,0.5,0.28571428571428575,1.0,0.2,0.5,0.28571428571428575,1.0,0.2,0.5,0.28571428571428575,1.0,0.2,0.5,0.28571428571428575,1.0,0.2,0.5,0.28571428571428575,1.0,0.2,0.5,0.28571428571428575,1.0,0.2,0.5,0.28571428571428575,1.0,0.2,0.5,0.28571428571428575,1.0,0.2,0.5,0.28571428571428575,1.0,0.2,0.5,0.28571428571428575,1.0,0.2,0.5,0.28571428571428575,1.0,0.2,0.5,0.28571428571428575,1.0,0.2,0.5,0.28571428571428575,1.0,0.2,0.5,0.28571428571428575,1.0,0.2,0.5,0.28571428571428575,1.0,0.2,0.5,0.28571428571428575,1.0,0.2,0.5,0.28571428571428575,1.0,0.2,0.5,0.28571428571428575,1.0,0.2,0.5,0.28571428571428575,1.0,1.0,0.2,1.0,0.33333333333333337,1.0,0.2,0.5,0.28571428571428575,1.0,0.2,0.5,0.28571428571428575,1.0,1.0,0.2,1.0,0.33333333333333337,1.0,0.2,0.5,0.28571428571428575,1.0,0.2,0.5,0.28571428571428575,1.0,1.0,1.0,1.0,1.0,1.5462101669999981,0.0
nvbench2:dev:421,421,mistral-small:24b,staged,77,0.0,arc,1.0,1.0,7,6,1,0.0,0.0,0.0,0.0,0.0,0.0,0.0,0.0,0.0,0.0,0.0,0.0,0.0,0.0,0.0,0.0,0.0,0.0,0.0,0.0,0.0,0.0,0.0,0.0,0.0,0.0,0.0,0.0,0.0,0.0,0.0,0.0,0.0,0.0,0.0,0.0,0.0,0.0,0.0,0.0,0.0,0.0,0.0,0.0,0.0,0.0,0.0,0.0,0.0,0.0,0.0,0.0,0.0,0.0,0.0,0.0,0.0,0.0,0.0,0.0,0.0,0.0,0.0,0.0,0.0,0.0,0.0,0.0,0.0,0.0,0.0,0.0,0.0,0.0,0.0,0.0,0.0,0.0,0.0,0.0,0.0,0.0,0.0,0.0,0.0,0.0,0.0,0.0,0.0,0.0,0.0,0.0,0.0,0.0,0.0,0.0,0.0,0.0,0.0,0.0,0.0,0.0,0.0,0.0,0.0,0.0,0.0,0.0,0.8,0.8,0.8,0.8,0.8,1.968669250000005,0.0
nvbench2:dev:422,422,mistral-small:24b,staged,77,0.0,arc,0.0,0.0,4,4,0,0.0,0.0,0.0,0.0,0.0,0.0,0.0,0.0,0.0,0.0,0.0,0.0,0.0,0.0,0.0,0.0,0.0,0.0,0.0,0.0,0.0,0.0,0.0,0.0,0.0,0.0,0.0,0.0,0.0,0.0,0.0,0.0,0.0,0.0,0.0,0.0,0.0,0.0,0.0,0.0,0.0,0.0,0.0,0.0,0.0,0.0,0.0,0.0,0.0,0.0,0.0,0.0,0.0,0.0,0.0,0.0,0.0,0.0,0.0,0.0,0.0,0.0,0.0,0.0,0.0,0.0,0.0,0.0,0.0,0.0,0.0,0.0,0.0,0.0,0.0,0.0,0.0,0.0,0.0,0.0,0.0,0.0,0.0,0.0,0.0,0.0,0.0,0.0,0.0,0.0,0.0,0.0,0.0,0.0,0.0,0.0,0.0,0.0,0.0,0.0,0.0,0.0,0.0,0.0,0.0,0.0,0.0,0.0,0.0,0.0,0.0,0.0,0.0,0.0,0.0
nvbench2:dev:436,436,mistral-small:24b,staged,77,0.0,point,1.0,1.0,5,3,2,0.0,0.0,0.0,0.0,0.0,0.0,0.0,0.0,0.0,0.0,0.0,0.0,0.0,0.0,0.0,0.0,0.0,0.0,0.0,0.0,0.0,0.0,0.0,0.0,0.0,0.0,0.0,0.0,0.0,0.0,0.0,0.0,0.0,0.0,0.0,0.0,0.0,0.0,0.0,0.0,0.0,0.0,0.0,0.0,0.0,0.0,0.0,0.0,0.0,0.0,0.0,0.0,0.0,0.0,0.0,0.0,0.0,0.0,0.0,0.0,0.0,0.0,0.0,0.0,0.0,0.0,0.0,0.0,0.0,0.0,0.0,0.0,0.0,0.0,0.0,0.0,0.0,0.0,0.0,0.0,0.0,0.0,0.0,0.0,0.0,0.0,0.0,0.0,0.0,0.0,0.0,0.0,0.0,0.0,0.0,0.0,0.0,0.0,0.0,0.0,0.0,0.0,0.0,0.0,0.0,0.0,0.0,0.0,0.6,0.4,0.6,0.6,0.6,0.8825776670000209,0.0
nvbench2:dev:444,444,mistral-small:24b,staged,77,0.0,point,0.0,0.0,4,4,0,0.0,0.0,0.0,0.0,0.0,0.0,0.0,0.0,0.0,0.0,0.0,0.0,0.0,0.0,0.0,0.0,0.0,0.0,0.0,0.0,0.0,0.0,0.0,0.0,0.0,0.0,0.0,0.0,0.0,0.0,0.0,0.0,0.0,0.0,0.0,0.0,0.0,0.0,0.0,0.0,0.0,0.0,0.0,0.0,0.0,0.0,0.0,0.0,0.0,0.0,0.0,0.0,0.0,0.0,0.0,0.0,0.0,0.0,0.0,0.0,0.0,0.0,0.0,0.0,0.0,0.0,0.0,0.0,0.0,0.0,0.0,0.0,0.0,0.0,0.0,0.0,0.0,0.0,0.0,0.0,0.0,0.0,0.0,0.0,0.0,0.0,0.0,0.0,0.0,0.0,0.0,0.0,0.0,0.0,0.0,0.0,0.0,0.0,0.0,0.0,0.0,0.0,0.0,0.0,0.0,0.0,0.0,0.0,0.0,0.0,0.0,0.0,0.0,0.0,0.0
nvbench2:dev:445,445,mistral-small:24b,staged,77,0.0,boxplot,1.0,1.0,6,4,2,0.0,0.0,0.0,0.0,0.0,0.0,0.0,0.0,0.0,0.0,0.0,0.0,0.0,0.0,0.0,0.0,0.0,0.0,0.0,0.0,0.0,0.0,0.0,0.0,0.0,0.0,0.0,0.0,0.0,0.0,0.0,0.0,0.0,0.0,0.0,0.0,0.0,0.0,0.0,0.0,0.0,0.0,0.0,0.0,0.0,0.0,0.0,0.0,0.0,0.0,0.0,0.0,0.0,0.0,0.0,0.0,0.0,0.0,0.0,0.0,0.0,0.0,0.0,0.0,0.0,0.0,0.0,0.0,0.0,0.0,0.0,0.0,0.0,0.0,0.0,0.0,0.0,0.0,0.0,0.0,0.0,0.0,0.0,0.0,0.0,0.0,0.0,0.0,0.0,0.0,0.0,0.0,0.0,0.0,0.0,0.0,0.0,0.0,0.0,0.0,0.0,0.0,0.0,0.0,0.0,0.0,0.0,0.0,0.8,0.6,0.8,0.6,0.8,0.8982838340000114,0.0
nvbench2:dev:455,455,mistral-small:24b,staged,77,0.0,bar,1.0,1.0,9,5,4,0.0,0.0,0.0,0.0,0.0,0.0,0.0,0.0,0.0,0.0,0.0,0.0,0.0,0.0,0.0,0.0,0.0,0.0,0.0,0.0,0.0,0.0,0.0,0.0,0.0,0.0,0.0,0.0,0.0,0.0,0.0,0.0,0.0,0.0,0.0,0.0,0.0,0.0,0.0,0.0,0.0,0.0,0.0,0.0,0.0,0.0,0.0,0.0,0.0,0.0,0.0,0.0,0.0,0.0,0.0,0.0,0.0,0.0,0.0,0.0,0.0,0.0,0.0,0.0,0.0,0.0,0.0,0.0,0.0,0.0,0.0,0.0,0.0,0.0,0.0,0.0,0.0,0.0,0.0,0.0,0.0,0.0,0.0,0.0,0.0,0.0,0.0,0.0,0.0,0.0,0.0,0.0,0.0,0.0,0.0,0.0,0.0,0.0,0.0,0.0,0.0,0.0,0.0,0.0,0.0,0.0,0.0,0.0,0.9199999999999999,0.9199999999999999,0.9199999999999999,0.9199999999999999,0.9199999999999999,1.875904208999998,0.0
nvbench2:dev:457,457,mistral-small:24b,staged,77,0.0,arc,1.0,1.0,3,2,1,1.0,1.0,1.0,0.5,1.0,0.6666666666666666,1.0,0.5,1.0,0.6666666666666666,1.0,0.5,1.0,0.6666666666666666,1.0,0.5,1.0,0.6666666666666666,1.0,0.5,1.0,0.6666666666666666,1.0,0.5,1.0,0.6666666666666666,1.0,0.5,1.0,0.6666666666666666,1.0,0.5,1.0,0.6666666666666666,1.0,0.5,1.0,0.6666666666666666,1.0,0.5,1.0,0.6666666666666666,1.0,0.5,1.0,0.6666666666666666,1.0,0.5,1.0,0.6666666666666666,1.0,0.5,1.0,0.6666666666666666,1.0,0.5,1.0,0.6666666666666666,1.0,0.5,1.0,0.6666666666666666,1.0,0.5,1.0,0.6666666666666666,1.0,0.5,1.0,0.6666666666666666,1.0,0.5,1.0,0.6666666666666666,1.0,0.5,1.0,0.6666666666666666,1.0,0.5,1.0,0.6666666666666666,1.0,1.0,0.5,1.0,0.6666666666666666,1.0,0.5,1.0,0.6666666666666666,1.0,0.5,1.0,0.6666666666666666,1.0,1.0,0.5,1.0,0.6666666666666666,1.0,0.5,1.0,0.6666666666666666,1.0,0.5,1.0,0.6666666666666666,1.0,1.0,1.0,1.0,1.0,1.1796530839999946,0.0
nvbench2:dev:462,462,mistral-small:24b,staged,77,0.0,bar,1.0,1.0,6,5,1,0.0,0.0,0.0,0.0,0.0,0.0,0.0,0.0,0.0,0.0,0.0,0.0,0.0,0.0,0.0,0.0,0.0,0.0,0.0,0.0,0.0,0.0,0.0,0.0,0.0,0.0,0.0,0.0,0.0,0.0,0.0,0.0,0.0,0.0,0.0,0.0,0.0,0.0,0.0,0.0,0.0,0.0,0.0,0.0,0.0,0.0,0.0,0.0,0.0,0.0,0.0,0.0,0.0,0.0,0.0,0.0,0.0,0.0,0.0,0.0,0.0,0.0,0.0,0.0,0.0,0.0,0.0,0.0,0.0,0.0,0.0,0.0,0.0,0.0,0.0,0.0,0.0,0.0,0.0,0.0,0.0,0.0,0.0,0.0,0.0,0.0,0.0,0.0,0.0,0.0,0.0,0.0,0.0,0.0,0.0,0.0,0.0,0.0,0.0,0.0,0.0,0.0,0.0,0.0,0.0,0.0,0.0,0.0,0.8,0.8,0.8,0.8,0.8,1.4037432500000193,0.0
nvbench2:dev:463,463,mistral-small:24b,staged,77,0.0,bar+line+point,1.0,1.0,10,5,5,0.0,0.0,0.0,0.0,0.0,0.0,0.0,0.0,0.0,0.0,0.0,0.0,0.0,0.0,0.0,0.0,0.0,0.0,0.0,0.0,0.0,0.0,0.0,0.0,0.0,0.0,0.0,0.0,0.0,0.0,0.0,0.0,0.0,0.0,0.0,0.0,0.0,0.0,0.0,0.0,0.0,0.0,0.0,0.0,0.0,0.0,0.0,0.0,0.0,0.0,0.0,0.0,0.0,0.0,0.0,0.0,0.0,0.0,0.0,0.0,0.0,0.0,0.0,0.0,0.0,0.0,0.0,0.0,0.0,0.0,0.0,0.0,0.0,0.0,0.0,0.0,0.0,0.0,0.0,0.0,0.0,0.0,0.0,0.0,0.0,0.0,0.0,0.0,0.0,0.0,0.0,0.0,0.0,0.0,0.0,0.0,0.0,0.0,0.0,0.0,0.0,0.0,0.0,0.0,0.0,0.0,0.0,0.0,0.72,0.52,0.72,0.72,0.72,3.9198808329999792,0.0
nvbench2:dev:465,465,mistral-small:24b,staged,77,0.0,arc,1.0,1.0,4,2,2,1.0,1.0,1.0,0.2,1.0,0.33333333333333337,1.0,0.2,0.5,0.28571428571428575,1.0,0.2,0.5,0.28571428571428575,1.0,0.2,0.5,0.28571428571428575,1.0,0.2,0.5,0.28571428571428575,1.0,0.2,0.5,0.28571428571428575,1.0,0.2,0.5,0.28571428571428575,1.0,0.2,0.5,0.28571428571428575,1.0,0.2,0.5,0.28571428571428575,1.0,0.2,0.5,0.28571428571428575,1.0,0.2,0.5,0.28571428571428575,1.0,0.2,0.5,0.28571428571428575,1.0,0.2,0.5,0.28571428571428575,1.0,0.2,0.5,0.28571428571428575,1.0,0.2,0.5,0.28571428571428575,1.0,0.2,0.5,0.28571428571428575,1.0,0.2,0.5,0.28571428571428575,1.0,0.2,0.5,0.28571428571428575,1.0,0.2,0.5,0.28571428571428575,1.0,0.2,0.5,0.28571428571428575,1.0,1.0,0.2,1.0,0.33333333333333337,1.0,0.2,0.5,0.28571428571428575,1.0,0.2,0.5,0.28571428571428575,0.5,0.0,0.0,0.0,0.0,1.0,0.2,0.5,0.28571428571428575,1.0,0.2,0.5,0.28571428571428575,1.0,1.0,1.0,0.9,1.0,0.8850794170000142,-1.0
nvbench2:dev:470,470,mistral-small:24b,staged,77,0.0,boxplot,1.0,1.0,4,1,3,0.0,0.0,0.0,0.0,0.0,0.0,0.0,0.0,0.0,0.0,0.0,0.0,0.0,0.0,0.0,0.0,0.0,0.0,0.0,0.0,0.0,0.0,0.0,0.0,0.0,0.0,0.0,0.0,0.0,0.0,0.0,0.0,0.0,0.0,0.0,0.0,0.0,0.0,0.0,0.0,0.0,0.0,0.0,0.0,0.0,0.0,0.0,0.0,0.0,0.0,0.0,0.0,0.0,0.0,0.0,0.0,0.0,0.0,0.0,0.0,0.0,0.0,0.0,0.0,0.0,0.0,0.0,0.0,0.0,0.0,0.0,0.0,0.0,0.0,0.0,0.0,0.0,0.0,0.0,0.0,0.0,0.0,0.0,0.0,0.0,0.0,0.0,0.0,0.0,0.0,0.0,0.0,0.0,0.0,0.0,0.0,0.0,0.0,0.0,0.0,0.0,0.0,0.0,0.0,0.0,0.0,0.0,0.0,0.8,0.6,0.8,0.8,0.8,1.2318469999999877,0.0
nvbench2:dev:475,475,mistral-small:24b,staged,77,0.0,bar+line,1.0,1.0,8,1,7,0.0,0.0,0.0,0.0,0.0,0.0,0.0,0.0,0.0,0.0,0.0,0.0,0.0,0.0,0.0,0.0,0.0,0.0,0.0,0.0,0.0,0.0,0.0,0.0,0.0,0.0,0.0,0.0,0.0,0.0,0.0,0.0,0.0,0.0,0.0,0.0,0.0,0.0,0.0,0.0,0.0,0.0,0.0,0.0,0.0,0.0,0.0,0.0,0.0,0.0,0.0,0.0,0.0,0.0,0.0,0.0,0.0,0.0,0.0,0.0,0.0,0.0,0.0,0.0,0.0,0.0,0.0,0.0,0.0,0.0,0.0,0.0,0.0,0.0,0.0,0.0,0.0,0.0,0.0,0.0,0.0,0.0,0.0,0.0,0.0,0.0,0.0,0.0,0.0,0.0,0.0,0.0,0.0,0.0,0.0,0.0,0.0,0.0,0.0,0.0,0.0,0.0,0.0,0.0,0.0,0.0,0.0,0.0,0.6666666666666667,0.6666666666666666,0.6666666666666667,0.6666666666666667,0.6666666666666667,2.3687334159999978,0.0
nvbench2:dev:485,485,mistral-small:24b,staged,77,0.0,bar,1.0,1.0,4,1,3,0.0,0.0,0.0,0.0,0.0,0.0,0.0,0.0,0.0,0.0,0.0,0.0,0.0,0.0,0.0,0.0,0.0,0.0,0.0,0.0,0.0,0.0,0.0,0.0,0.0,0.0,0.0,0.0,0.0,0.0,0.0,0.0,0.0,0.0,0.0,0.0,0.0,0.0,0.0,0.0,0.0,0.0,0.0,0.0,0.0,0.0,0.0,0.0,0.0,0.0,0.0,0.0,0.0,0.0,0.0,0.0,0.0,0.0,0.0,0.0,0.0,0.0,0.0,0.0,0.0,0.0,0.0,0.0,0.0,0.0,0.0,0.0,0.0,0.0,0.0,0.0,0.0,0.0,0.0,0.0,0.0,0.0,0.0,0.0,0.0,0.0,0.0,0.0,0.0,0.0,0.0,0.0,0.0,0.0,0.0,0.0,0.0,0.0,0.0,0.0,0.0,0.0,0.0,0.0,0.0,0.0,0.0,0.0,0.8,0.8,0.8,0.8,0.8,1.42690862500001,0.0
nvbench2:dev:492,492,mistral-small:24b,staged,77,0.0,arc,1.0,1.0,8,2,6,1.0,0.3333333333333333,0.0,0.0,0.0,0.0,0.0,0.0,0.0,0.0,1.0,0.2,0.3333333333333333,0.25,1.0,0.2,0.25,0.22222222222222224,1.0,0.2,0.2,0.20000000000000004,1.0,0.2,0.16666666666666666,0.1818181818181818,1.0,0.2,0.16666666666666666,0.1818181818181818,1.0,0.2,0.16666666666666666,0.1818181818181818,1.0,0.2,0.16666666666666666,0.1818181818181818,1.0,0.2,0.16666666666666666,0.1818181818181818,1.0,0.2,0.16666666666666666,0.1818181818181818,1.0,0.2,0.16666666666666666,0.1818181818181818,1.0,0.2,0.16666666666666666,0.1818181818181818,1.0,0.2,0.16666666666666666,0.1818181818181818,1.0,0.2,0.16666666666666666,0.1818181818181818,1.0,0.2,0.16666666666666666,0.1818181818181818,1.0,0.2,0.16666666666666666,0.1818181818181818,1.0,0.2,0.16666666666666666,0.1818181818181818,1.0,0.2,0.16666666666666666,0.1818181818181818,1.0,0.2,0.16666666666666666,0.1818181818181818,0.3333333333333333,0.0,0.0,0.0,0.0,1.0,0.2,0.3333333333333333,0.25,1.0,0.2,0.2,0.20000000000000004,0.3333333333333333,0.0,0.0,0.0,0.0,1.0,0.2,0.3333333333333333,0.25,1.0,0.2,0.3333333333333333,0.25,1.0,1.0,1.0,0.7,1.0,2.3255038750000097,0.0
nvbench2:dev:495,495,mistral-small:24b,staged,77,0.0,boxplot,1.0,1.0,6,5,1,1.0,1.0,1.0,0.3333333333333333,1.0,0.5,1.0,0.3333333333333333,1.0,0.5,1.0,0.3333333333333333,1.0,0.5,1.0,0.3333333333333333,1.0,0.5,1.0,0.3333333333333333,1.0,0.5,1.0,0.3333333333333333,1.0,0.5,1.0,0.3333333333333333,1.0,0.5,1.0,0.3333333333333333,1.0,0.5,1.0,0.3333333333333333,1.0,0.5,1.0,0.3333333333333333,1.0,0.5,1.0,0.3333333333333333,1.0,0.5,1.0,0.3333333333333333,1.0,0.5,1.0,0.3333333333333333,1.0,0.5,1.0,0.3333333333333333,1.0,0.5,1.0,0.3333333333333333,1.0,0.5,1.0,0.3333333333333333,1.0,0.5,1.0,0.3333333333333333,1.0,0.5,1.0,0.3333333333333333,1.0,0.5,1.0,0.3333333333333333,1.0,0.5,1.0,0.3333333333333333,1.0,0.5,1.0,1.0,0.3333333333333333,1.0,0.5,1.0,0.3333333333333333,1.0,0.5,1.0,0.3333333333333333,1.0,0.5,1.0,1.0,0.3333333333333333,1.0,0.5,1.0,0.3333333333333333,1.0,0.5,1.0,0.3333333333333333,1.0,0.5,1.0,1.0,1.0,1.0,1.0,1.025836499999997,0.0
nvbench2:dev:498,498,mistral-small:24b,staged,77,0.0,arc,0.0,0.0,4,4,0,0.0,0.0,0.0,0.0,0.0,0.0,0.0,0.0,0.0,0.0,0.0,0.0,0.0,0.0,0.0,0.0,0.0,0.0,0.0,0.0,0.0,0.0,0.0,0.0,0.0,0.0,0.0,0.0,0.0,0.0,0.0,0.0,0.0,0.0,0.0,0.0,0.0,0.0,0.0,0.0,0.0,0.0,0.0,0.0,0.0,0.0,0.0,0.0,0.0,0.0,0.0,0.0,0.0,0.0,0.0,0.0,0.0,0.0,0.0,0.0,0.0,0.0,0.0,0.0,0.0,0.0,0.0,0.0,0.0,0.0,0.0,0.0,0.0,0.0,0.0,0.0,0.0,0.0,0.0,0.0,0.0,0.0,0.0,0.0,0.0,0.0,0.0,0.0,0.0,0.0,0.0,0.0,0.0,0.0,0.0,0.0,0.0,0.0,0.0,0.0,0.0,0.0,0.0,0.0,0.0,0.0,0.0,0.0,0.0,0.0,0.0,0.0,0.0,0.0,0.0
nvbench2:dev:499,499,mistral-small:24b,staged,77,0.0,line,1.0,1.0,4,3,1,1.0,1.0,1.0,0.3333333333333333,1.0,0.5,1.0,0.3333333333333333,1.0,0.5,1.0,0.3333333333333333,1.0,0.5,1.0,0.3333333333333333,1.0,0.5,1.0,0.3333333333333333,1.0,0.5,1.0,0.3333333333333333,1.0,0.5,1.0,0.3333333333333333,1.0,0.5,1.0,0.3333333333333333,1.0,0.5,1.0,0.3333333333333333,1.0,0.5,1.0,0.3333333333333333,1.0,0.5,1.0,0.3333333333333333,1.0,0.5,1.0,0.3333333333333333,1.0,0.5,1.0,0.3333333333333333,1.0,0.5,1.0,0.3333333333333333,1.0,0.5,1.0,0.3333333333333333,1.0,0.5,1.0,0.3333333333333333,1.0,0.5,1.0,0.3333333333333333,1.0,0.5,1.0,0.3333333333333333,1.0,0.5,1.0,0.3333333333333333,1.0,0.5,1.0,0.3333333333333333,1.0,0.5,1.0,1.0,0.3333333333333333,1.0,0.5,1.0,0.3333333333333333,1.0,0.5,1.0,0.3333333333333333,1.0,0.5,1.0,1.0,0.3333333333333333,1.0,0.5,1.0,0.3333333333333333,1.0,0.5,1.0,0.3333333333333333,1.0,0.5,1.0,1.0,1.0,1.0,1.0,0.9212475000000211,0.0
nvbench2:dev:507,507,mistral-small:24b,staged,77,0.0,rect,1.0,1.0,7,6,1,0.0,0.0,0.0,0.0,0.0,0.0,0.0,0.0,0.0,0.0,0.0,0.0,0.0,0.0,0.0,0.0,0.0,0.0,0.0,0.0,0.0,0.0,0.0,0.0,0.0,0.0,0.0,0.0,0.0,0.0,0.0,0.0,0.0,0.0,0.0,0.0,0.0,0.0,0.0,0.0,0.0,0.0,0.0,0.0,0.0,0.0,0.0,0.0,0.0,0.0,0.0,0.0,0.0,0.0,0.0,0.0,0.0,0.0,0.0,0.0,0.0,0.0,0.0,0.0,0.0,0.0,0.0,0.0,0.0,0.0,0.0,0.0,0.0,0.0,0.0,0.0,0.0,0.0,0.0,0.0,0.0,0.0,0.0,0.0,0.0,0.0,0.0,0.0,0.0,0.0,0.0,0.0,0.0,0.0,0.0,0.0,0.0,0.0,0.0,0.0,0.0,0.0,0.0,0.0,0.0,0.0,0.0,0.0,0.4,0.4,0.4,0.4,0.4,1.7592062090000127,0.0
nvbench2:dev:508,508,mistral-small:24b,staged,77,0.0,arc,1.0,1.0,11,7,4,1.0,0.5,0.0,0.0,0.0,0.0,1.0,0.5,0.5,0.5,1.0,0.5,0.3333333333333333,0.4,1.0,1.0,0.5,0.6666666666666666,1.0,1.0,0.5,0.6666666666666666,1.0,1.0,0.5,0.6666666666666666,1.0,1.0,0.5,0.6666666666666666,1.0,1.0,0.5,0.6666666666666666,1.0,1.0,0.5,0.6666666666666666,1.0,1.0,0.5,0.6666666666666666,1.0,1.0,0.5,0.6666666666666666,1.0,1.0,0.5,0.6666666666666666,1.0,1.0,0.5,0.6666666666666666,1.0,1.0,0.5,0.6666666666666666,1.0,1.0,0.5,0.6666666666666666,1.0,1.0,0.5,0.6666666666666666,1.0,1.0,0.5,0.6666666666666666,1.0,1.0,0.5,0.6666666666666666,1.0,1.0,0.5,0.6666666666666666,1.0,1.0,0.5,0.6666666666666666,0.5,0.0,0.0,0.0,0.0,1.0,0.5,0.3333333333333333,0.4,1.0,1.0,0.5,0.6666666666666666,0.5,0.0,0.0,0.0,0.0,1.0,1.0,0.6666666666666666,0.8,1.0,1.0,0.5,0.6666666666666666,1.0,1.0,1.0,1.0,1.0,2.329377834000013,0.0
nvbench2:dev:515,515,mistral-small:24b,staged,77,0.0,line,0.0,0.0,4,4,0,0.0,0.0,0.0,0.0,0.0,0.0,0.0,0.0,0.0,0.0,0.0,0.0,0.0,0.0,0.0,0.0,0.0,0.0,0.0,0.0,0.0,0.0,0.0,0.0,0.0,0.0,0.0,0.0,0.0,0.0,0.0,0.0,0.0,0.0,0.0,0.0,0.0,0.0,0.0,0.0,0.0,0.0,0.0,0.0,0.0,0.0,0.0,0.0,0.0,0.0,0.0,0.0,0.0,0.0,0.0,0.0,0.0,0.0,0.0,0.0,0.0,0.0,0.0,0.0,0.0,0.0,0.0,0.0,0.0,0.0,0.0,0.0,0.0,0.0,0.0,0.0,0.0,0.0,0.0,0.0,0.0,0.0,0.0,0.0,0.0,0.0,0.0,0.0,0.0,0.0,0.0,0.0,0.0,0.0,0.0,0.0,0.0,0.0,0.0,0.0,0.0,0.0,0.0,0.0,0.0,0.0,0.0,0.0,0.0,0.0,0.0,0.0,0.0,0.0,0.0
nvbench2:dev:531,531,mistral-small:24b,staged,77,0.0,bar,1.0,1.0,5,3,2,0.0,0.0,0.0,0.0,0.0,0.0,0.0,0.0,0.0,0.0,0.0,0.0,0.0,0.0,0.0,0.0,0.0,0.0,0.0,0.0,0.0,0.0,0.0,0.0,0.0,0.0,0.0,0.0,0.0,0.0,0.0,0.0,0.0,0.0,0.0,0.0,0.0,0.0,0.0,0.0,0.0,0.0,0.0,0.0,0.0,0.0,0.0,0.0,0.0,0.0,0.0,0.0,0.0,0.0,0.0,0.0,0.0,0.0,0.0,0.0,0.0,0.0,0.0,0.0,0.0,0.0,0.0,0.0,0.0,0.0,0.0,0.0,0.0,0.0,0.0,0.0,0.0,0.0,0.0,0.0,0.0,0.0,0.0,0.0,0.0,0.0,0.0,0.0,0.0,0.0,0.0,0.0,0.0,0.0,0.0,0.0,0.0,0.0,0.0,0.0,0.0,0.0,0.0,0.0,0.0,0.0,0.0,0.0,0.9199999999999999,0.9199999999999999,0.9199999999999999,0.9199999999999999,0.9199999999999999,1.6633985830000029,0.0
nvbench2:dev:538,538,mistral-small:24b,staged,77,0.0,arc,1.0,1.0,6,2,4,1.0,1.0,1.0,0.5,1.0,0.6666666666666666,1.0,0.5,0.5,0.5,1.0,0.5,0.3333333333333333,0.4,1.0,1.0,0.5,0.6666666666666666,1.0,1.0,0.5,0.6666666666666666,1.0,1.0,0.5,0.6666666666666666,1.0,1.0,0.5,0.6666666666666666,1.0,1.0,0.5,0.6666666666666666,1.0,1.0,0.5,0.6666666666666666,1.0,1.0,0.5,0.6666666666666666,1.0,1.0,0.5,0.6666666666666666,1.0,1.0,0.5,0.6666666666666666,1.0,1.0,0.5,0.6666666666666666,1.0,1.0,0.5,0.6666666666666666,1.0,1.0,0.5,0.6666666666666666,1.0,1.0,0.5,0.6666666666666666,1.0,1.0,0.5,0.6666666666666666,1.0,1.0,0.5,0.6666666666666666,1.0,1.0,0.5,0.6666666666666666,1.0,1.0,0.5,0.6666666666666666,1.0,1.0,0.5,1.0,0.6666666666666666,1.0,0.5,0.3333333333333333,0.4,1.0,1.0,0.5,0.6666666666666666,1.0,1.0,0.5,1.0,0.6666666666666666,1.0,1.0,0.6666666666666666,0.8,1.0,1.0,0.5,0.6666666666666666,1.0,1.0,1.0,1.0,1.0,1.7749142500000232,0.0
nvbench2:dev:540,540,mistral-small:24b,staged,77,0.0,bar,1.0,1.0,6,5,1,0.0,0.0,0.0,0.0,0.0,0.0,0.0,0.0,0.0,0.0,0.0,0.0,0.0,0.0,0.0,0.0,0.0,0.0,0.0,0.0,0.0,0.0,0.0,0.0,0.0,0.0,0.0,0.0,0.0,0.0,0.0,0.0,0.0,0.0,0.0,0.0,0.0,0.0,0.0,0.0,0.0,0.0,0.0,0.0,0.0,0.0,0.0,0.0,0.0,0.0,0.0,0.0,0.0,0.0,0.0,0.0,0.0,0.0,0.0,0.0,0.0,0.0,0.0,0.0,0.0,0.0,0.0,0.0,0.0,0.0,0.0,0.0,0.0,0.0,0.0,0.0,0.0,0.0,0.0,0.0,0.0,0.0,0.0,0.0,0.0,0.0,0.0,0.0,0.0,0.0,0.0,0.0,0.0,0.0,0.0,0.0,0.0,0.0,0.0,0.0,0.0,0.0,0.0,0.0,0.0,0.0,0.0,0.0,0.9199999999999999,0.9199999999999999,0.9199999999999999,0.9199999999999999,0.9199999999999999,1.2530831249999892,0.0
nvbench2:dev:551,551,mistral-small:24b,staged,77,0.0,line,1.0,1.0,5,1,4,1.0,0.3333333333333333,0.0,0.0,0.0,0.0,0.0,0.0,0.0,0.0,1.0,0.25,0.3333333333333333,0.28571428571428575,1.0,0.25,0.25,0.25,1.0,0.25,0.25,0.25,1.0,0.25,0.25,0.25,1.0,0.25,0.25,0.25,1.0,0.25,0.25,0.25,1.0,0.25,0.25,0.25,1.0,0.25,0.25,0.25,1.0,0.25,0.25,0.25,1.0,0.25,0.25,0.25,1.0,0.25,0.25,0.25,1.0,0.25,0.25,0.25,1.0,0.25,0.25,0.25,1.0,0.25,0.25,0.25,1.0,0.25,0.25,0.25,1.0,0.25,0.25,0.25,1.0,0.25,0.25,0.25,1.0,0.25,0.25,0.25,0.3333333333333333,0.0,0.0,0.0,0.0,1.0,0.25,0.3333333333333333,0.28571428571428575,1.0,0.25,0.25,0.25,0.3333333333333333,0.0,0.0,0.0,0.0,1.0,0.25,0.3333333333333333,0.28571428571428575,1.0,0.25,0.25,0.25,1.0,1.0,1.0,0.8,1.0,1.9395257079999908,0.0
nvbench2:dev:554,554,mistral-small:24b,staged,77,0.0,point,1.0,1.0,4,3,1,0.0,0.0,0.0,0.0,0.0,0.0,0.0,0.0,0.0,0.0,0.0,0.0,0.0,0.0,0.0,0.0,0.0,0.0,0.0,0.0,0.0,0.0,0.0,0.0,0.0,0.0,0.0,0.0,0.0,0.0,0.0,0.0,0.0,0.0,0.0,0.0,0.0,0.0,0.0,0.0,0.0,0.0,0.0,0.0,0.0,0.0,0.0,0.0,0.0,0.0,0.0,0.0,0.0,0.0,0.0,0.0,0.0,0.0,0.0,0.0,0.0,0.0,0.0,0.0,0.0,0.0,0.0,0.0,0.0,0.0,0.0,0.0,0.0,0.0,0.0,0.0,0.0,0.0,0.0,0.0,0.0,0.0,0.0,0.0,0.0,0.0,0.0,0.0,0.0,0.0,0.0,0.0,0.0,0.0,0.0,0.0,0.0,0.0,0.0,0.0,0.0,0.0,0.0,0.0,0.0,0.0,0.0,0.0,0.8,0.8,0.8,0.8,0.8,0.9244909579999785,0.0
nvbench2:dev:562,562,mistral-small:24b,staged,77,0.0,bar,1.0,1.0,3,2,1,1.0,1.0,1.0,0.3333333333333333,1.0,0.5,1.0,0.3333333333333333,1.0,0.5,1.0,0.3333333333333333,1.0,0.5,1.0,0.3333333333333333,1.0,0.5,1.0,0.3333333333333333,1.0,0.5,1.0,0.3333333333333333,1.0,0.5,1.0,0.3333333333333333,1.0,0.5,1.0,0.3333333333333333,1.0,0.5,1.0,0.3333333333333333,1.0,0.5,1.0,0.3333333333333333,1.0,0.5,1.0,0.3333333333333333,1.0,0.5,1.0,0.3333333333333333,1.0,0.5,1.0,0.3333333333333333,1.0,0.5,1.0,0.3333333333333333,1.0,0.5,1.0,0.3333333333333333,1.0,0.5,1.0,0.3333333333333333,1.0,0.5,1.0,0.3333333333333333,1.0,0.5,1.0,0.3333333333333333,1.0,0.5,1.0,0.3333333333333333,1.0,0.5,1.0,0.3333333333333333,1.0,0.5,1.0,1.0,0.3333333333333333,1.0,0.5,1.0,0.3333333333333333,1.0,0.5,1.0,0.3333333333333333,1.0,0.5,1.0,1.0,0.3333333333333333,1.0,0.5,1.0,0.3333333333333333,1.0,0.5,1.0,0.3333333333333333,1.0,0.5,1.0,1.0,1.0,1.0,1.0,1.2415999579999948,0.0
nvbench2:dev:568,568,mistral-small:24b,staged,77,0.0,line,1.0,1.0,7,4,3,0.0,0.0,0.0,0.0,0.0,0.0,0.0,0.0,0.0,0.0,0.0,0.0,0.0,0.0,0.0,0.0,0.0,0.0,0.0,0.0,0.0,0.0,0.0,0.0,0.0,0.0,0.0,0.0,0.0,0.0,0.0,0.0,0.0,0.0,0.0,0.0,0.0,0.0,0.0,0.0,0.0,0.0,0.0,0.0,0.0,0.0,0.0,0.0,0.0,0.0,0.0,0.0,0.0,0.0,0.0,0.0,0.0,0.0,0.0,0.0,0.0,0.0,0.0,0.0,0.0,0.0,0.0,0.0,0.0,0.0,0.0,0.0,0.0,0.0,0.0,0.0,0.0,0.0,0.0,0.0,0.0,0.0,0.0,0.0,0.0,0.0,0.0,0.0,0.0,0.0,0.0,0.0,0.0,0.0,0.0,0.0,0.0,0.0,0.0,0.0,0.0,0.0,0.0,0.0,0.0,0.0,0.0,0.0,0.44000000000000006,0.36,0.44000000000000006,0.44000000000000006,0.44000000000000006,1.5370239580000202,0.0
nvbench2:dev:571,571,mistral-small:24b,staged,77,0.0,rect,1.0,1.0,4,2,2,0.0,0.0,0.0,0.0,0.0,0.0,0.0,0.0,0.0,0.0,0.0,0.0,0.0,0.0,0.0,0.0,0.0,0.0,0.0,0.0,0.0,0.0,0.0,0.0,0.0,0.0,0.0,0.0,0.0,0.0,0.0,0.0,0.0,0.0,0.0,0.0,0.0,0.0,0.0,0.0,0.0,0.0,0.0,0.0,0.0,0.0,0.0,0.0,0.0,0.0,0.0,0.0,0.0,0.0,0.0,0.0,0.0,0.0,0.0,0.0,0.0,0.0,0.0,0.0,0.0,0.0,0.0,0.0,0.0,0.0,0.0,0.0,0.0,0.0,0.0,0.0,0.0,0.0,0.0,0.0,0.0,0.0,0.0,0.0,0.0,0.0,0.0,0.0,0.0,0.0,0.0,0.0,0.0,0.0,0.0,0.0,0.0,0.0,0.0,0.0,0.0,0.0,0.0,0.0,0.0,0.0,0.0,0.0,0.8,0.8,0.8,0.6,0.8,2.1605975829999977,0.0
nvbench2:dev:572,572,mistral-small:24b,staged,77,0.0,bar,1.0,1.0,8,5,3,1.0,0.3333333333333333,0.0,0.0,0.0,0.0,0.0,0.0,0.0,0.0,1.0,0.5,0.3333333333333333,0.4,1.0,0.5,0.3333333333333333,0.4,1.0,0.5,0.3333333333333333,0.4,1.0,0.5,0.3333333333333333,0.4,1.0,0.5,0.3333333333333333,0.4,1.0,0.5,0.3333333333333333,0.4,1.0,0.5,0.3333333333333333,0.4,1.0,0.5,0.3333333333333333,0.4,1.0,0.5,0.3333333333333333,0.4,1.0,0.5,0.3333333333333333,0.4,1.0,0.5,0.3333333333333333,0.4,1.0,0.5,0.3333333333333333,0.4,1.0,0.5,0.3333333333333333,0.4,1.0,0.5,0.3333333333333333,0.4,1.0,0.5,0.3333333333333333,0.4,1.0,0.5,0.3333333333333333,0.4,1.0,0.5,0.3333333333333333,0.4,1.0,0.5,0.3333333333333333,0.4,0.3333333333333333,0.0,0.0,0.0,0.0,1.0,0.5,0.3333333333333333,0.4,1.0,0.5,0.3333333333333333,0.4,0.5,0.0,0.0,0.0,0.0,1.0,0.5,0.5,0.5,1.0,0.5,0.5,0.5,1.0,0.27999999999999997,1.0,1.0,1.0,1.1601180830000146,0.0
nvbench2:dev:573,573,mistral-small:24b,staged,77,0.0,point,1.0,1.0,8,6,2,0.0,0.0,0.0,0.0,0.0,0.0,0.0,0.0,0.0,0.0,0.0,0.0,0.0,0.0,0.0,0.0,0.0,0.0,0.0,0.0,0.0,0.0,0.0,0.0,0.0,0.0,0.0,0.0,0.0,0.0,0.0,0.0,0.0,0.0,0.0,0.0,0.0,0.0,0.0,0.0,0.0,0.0,0.0,0.0,0.0,0.0,0.0,0.0,0.0,0.0,0.0,0.0,0.0,0.0,0.0,0.0,0.0,0.0,0.0,0.0,0.0,0.0,0.0,0.0,0.0,0.0,0.0,0.0,0.0,0.0,0.0,0.0,0.0,0.0,0.0,0.0,0.0,0.0,0.0,0.0,0.0,0.0,0.0,0.0,0.0,0.0,0.0,0.0,0.0,0.0,0.0,0.0,0.0,0.0,0.0,0.0,0.0,0.0,0.0,0.0,0.0,0.0,0.0,0.0,0.0,0.0,0.0,0.0,0.36,0.36,0.36,0.36,0.36,1.070481875000013,0.0
nvbench2:dev:603,603,mistral-small:24b,staged,77,0.0,rect,1.0,1.0,5,4,1,0.0,0.0,0.0,0.0,0.0,0.0,0.0,0.0,0.0,0.0,0.0,0.0,0.0,0.0,0.0,0.0,0.0,0.0,0.0,0.0,0.0,0.0,0.0,0.0,0.0,0.0,0.0,0.0,0.0,0.0,0.0,0.0,0.0,0.0,0.0,0.0,0.0,0.0,0.0,0.0,0.0,0.0,0.0,0.0,0.0,0.0,0.0,0.0,0.0,0.0,0.0,0.0,0.0,0.0,0.0,0.0,0.0,0.0,0.0,0.0,0.0,0.0,0.0,0.0,0.0,0.0,0.0,0.0,0.0,0.0,0.0,0.0,0.0,0.0,0.0,0.0,0.0,0.0,0.0,0.0,0.0,0.0,0.0,0.0,0.0,0.0,0.0,0.0,0.0,0.0,0.0,0.0,0.0,0.0,0.0,0.0,0.0,0.0,0.0,0.0,0.0,0.0,0.0,0.0,0.0,0.0,0.0,0.0,0.9333333333333332,0.9333333333333332,0.9333333333333332,0.9333333333333332,0.9333333333333332,1.4376227500000027,0.0
nvbench2:dev:605,605,mistral-small:24b,staged,77,0.0,line,1.0,1.0,8,6,2,1.0,0.5,0.0,0.0,0.0,0.0,1.0,0.25,0.5,0.3333333333333333,1.0,0.25,0.5,0.3333333333333333,1.0,0.25,0.5,0.3333333333333333,1.0,0.25,0.5,0.3333333333333333,1.0,0.25,0.5,0.3333333333333333,1.0,0.25,0.5,0.3333333333333333,1.0,0.25,0.5,0.3333333333333333,1.0,0.25,0.5,0.3333333333333333,1.0,0.25,0.5,0.3333333333333333,1.0,0.25,0.5,0.3333333333333333,1.0,0.25,0.5,0.3333333333333333,1.0,0.25,0.5,0.3333333333333333,1.0,0.25,0.5,0.3333333333333333,1.0,0.25,0.5,0.3333333333333333,1.0,0.25,0.5,0.3333333333333333,1.0,0.25,0.5,0.3333333333333333,1.0,0.25,0.5,0.3333333333333333,1.0,0.25,0.5,0.3333333333333333,1.0,0.25,0.5,0.3333333333333333,0.5,0.0,0.0,0.0,0.0,1.0,0.25,0.5,0.3333333333333333,1.0,0.25,0.5,0.3333333333333333,1.0,1.0,0.25,1.0,0.4,1.0,0.25,0.5,0.3333333333333333,1.0,0.25,0.5,0.3333333333333333,1.0,0.36,1.0,1.0,1.0,1.480941415999979,1.0
nvbench2:dev:606,606,mistral-small:24b,staged,77,0.0,bar,1.0,1.0,5,4,1,0.0,0.0,0.0,0.0,0.0,0.0,0.0,0.0,0.0,0.0,0.0,0.0,0.0,0.0,0.0,0.0,0.0,0.0,0.0,0.0,0.0,0.0,0.0,0.0,0.0,0.0,0.0,0.0,0.0,0.0,0.0,0.0,0.0,0.0,0.0,0.0,0.0,0.0,0.0,0.0,0.0,0.0,0.0,0.0,0.0,0.0,0.0,0.0,0.0,0.0,0.0,0.0,0.0,0.0,0.0,0.0,0.0,0.0,0.0,0.0,0.0,0.0,0.0,0.0,0.0,0.0,0.0,0.0,0.0,0.0,0.0,0.0,0.0,0.0,0.0,0.0,0.0,0.0,0.0,0.0,0.0,0.0,0.0,0.0,0.0,0.0,0.0,0.0,0.0,0.0,0.0,0.0,0.0,0.0,0.0,0.0,0.0,0.0,0.0,0.0,0.0,0.0,0.0,0.0,0.0,0.0,0.0,0.0,0.9199999999999999,0.9199999999999999,0.9199999999999999,0.9199999999999999,0.9199999999999999,1.3423330829999998,0.0
nvbench2:dev:612,612,mistral-small:24b,staged,77,0.0,arc,1.0,1.0,4,3,1,1.0,1.0,1.0,0.3333333333333333,1.0,0.5,1.0,0.3333333333333333,1.0,0.5,1.0,0.3333333333333333,1.0,0.5,1.0,0.3333333333333333,1.0,0.5,1.0,0.3333333333333333,1.0,0.5,1.0,0.3333333333333333,1.0,0.5,1.0,0.3333333333333333,1.0,0.5,1.0,0.3333333333333333,1.0,0.5,1.0,0.3333333333333333,1.0,0.5,1.0,0.3333333333333333,1.0,0.5,1.0,0.3333333333333333,1.0,0.5,1.0,0.3333333333333333,1.0,0.5,1.0,0.3333333333333333,1.0,0.5,1.0,0.3333333333333333,1.0,0.5,1.0,0.3333333333333333,1.0,0.5,1.0,0.3333333333333333,1.0,0.5,1.0,0.3333333333333333,1.0,0.5,1.0,0.3333333333333333,1.0,0.5,1.0,0.3333333333333333,1.0,0.5,1.0,0.3333333333333333,1.0,0.5,1.0,1.0,0.3333333333333333,1.0,0.5,1.0,0.3333333333333333,1.0,0.5,1.0,0.3333333333333333,1.0,0.5,1.0,1.0,0.3333333333333333,1.0,0.5,1.0,0.3333333333333333,1.0,0.5,1.0,0.3333333333333333,1.0,0.5,1.0,1.0,1.0,1.0,1.0,1.6584223749999865,0.0
nvbench2:dev:614,614,mistral-small:24b,staged,77,0.0,bar,1.0,1.0,9,4,5,0.0,0.0,0.0,0.0,0.0,0.0,0.0,0.0,0.0,0.0,0.0,0.0,0.0,0.0,0.0,0.0,0.0,0.0,0.0,0.0,0.0,0.0,0.0,0.0,0.0,0.0,0.0,0.0,0.0,0.0,0.0,0.0,0.0,0.0,0.0,0.0,0.0,0.0,0.0,0.0,0.0,0.0,0.0,0.0,0.0,0.0,0.0,0.0,0.0,0.0,0.0,0.0,0.0,0.0,0.0,0.0,0.0,0.0,0.0,0.0,0.0,0.0,0.0,0.0,0.0,0.0,0.0,0.0,0.0,0.0,0.0,0.0,0.0,0.0,0.0,0.0,0.0,0.0,0.0,0.0,0.0,0.0,0.0,0.0,0.0,0.0,0.0,0.0,0.0,0.0,0.0,0.0,0.0,0.0,0.0,0.0,0.0,0.0,0.0,0.0,0.0,0.0,0.0,0.0,0.0,0.0,0.0,0.0,0.6,0.6,0.6,0.6,0.6,1.8645324580000135,0.0
nvbench2:dev:628,628,mistral-small:24b,staged,77,0.0,rect,0.0,0.0,4,4,0,0.0,0.0,0.0,0.0,0.0,0.0,0.0,0.0,0.0,0.0,0.0,0.0,0.0,0.0,0.0,0.0,0.0,0.0,0.0,0.0,0.0,0.0,0.0,0.0,0.0,0.0,0.0,0.0,0.0,0.0,0.0,0.0,0.0,0.0,0.0,0.0,0.0,0.0,0.0,0.0,0.0,0.0,0.0,0.0,0.0,0.0,0.0,0.0,0.0,0.0,0.0,0.0,0.0,0.0,0.0,0.0,0.0,0.0,0.0,0.0,0.0,0.0,0.0,0.0,0.0,0.0,0.0,0.0,0.0,0.0,0.0,0.0,0.0,0.0,0.0,0.0,0.0,0.0,0.0,0.0,0.0,0.0,0.0,0.0,0.0,0.0,0.0,0.0,0.0,0.0,0.0,0.0,0.0,0.0,0.0,0.0,0.0,0.0,0.0,0.0,0.0,0.0,0.0,0.0,0.0,0.0,0.0,0.0,0.0,0.0,0.0,0.0,0.0,0.0,0.0
nvbench2:dev:641,641,mistral-small:24b,staged,77,0.0,rect,1.0,1.0,6,5,1,0.0,0.0,0.0,0.0,0.0,0.0,0.0,0.0,0.0,0.0,0.0,0.0,0.0,0.0,0.0,0.0,0.0,0.0,0.0,0.0,0.0,0.0,0.0,0.0,0.0,0.0,0.0,0.0,0.0,0.0,0.0,0.0,0.0,0.0,0.0,0.0,0.0,0.0,0.0,0.0,0.0,0.0,0.0,0.0,0.0,0.0,0.0,0.0,0.0,0.0,0.0,0.0,0.0,0.0,0.0,0.0,0.0,0.0,0.0,0.0,0.0,0.0,0.0,0.0,0.0,0.0,0.0,0.0,0.0,0.0,0.0,0.0,0.0,0.0,0.0,0.0,0.0,0.0,0.0,0.0,0.0,0.0,0.0,0.0,0.0,0.0,0.0,0.0,0.0,0.0,0.0,0.0,0.0,0.0,0.0,0.0,0.0,0.0,0.0,0.0,0.0,0.0,0.0,0.0,0.0,0.0,0.0,0.0,0.9333333333333332,0.9333333333333332,0.9333333333333332,0.9333333333333332,0.9333333333333332,1.1214412919999859,0.0
nvbench2:dev:642,642,mistral-small:24b,staged,77,0.0,line,1.0,1.0,4,2,2,0.0,0.0,0.0,0.0,0.0,0.0,0.0,0.0,0.0,0.0,0.0,0.0,0.0,0.0,0.0,0.0,0.0,0.0,0.0,0.0,0.0,0.0,0.0,0.0,0.0,0.0,0.0,0.0,0.0,0.0,0.0,0.0,0.0,0.0,0.0,0.0,0.0,0.0,0.0,0.0,0.0,0.0,0.0,0.0,0.0,0.0,0.0,0.0,0.0,0.0,0.0,0.0,0.0,0.0,0.0,0.0,0.0,0.0,0.0,0.0,0.0,0.0,0.0,0.0,0.0,0.0,0.0,0.0,0.0,0.0,0.0,0.0,0.0,0.0,0.0,0.0,0.0,0.0,0.0,0.0,0.0,0.0,0.0,0.0,0.0,0.0,0.0,0.0,0.0,0.0,0.0,0.0,0.0,0.0,0.0,0.0,0.0,0.0,0.0,0.0,0.0,0.0,0.0,0.0,0.0,0.0,0.0,0.0,0.72,0.72,0.72,0.72,0.72,1.8178466250000156,0.0
nvbench2:dev:644,644,mistral-small:24b,staged,77,0.0,bar+line,1.0,1.0,10,4,6,0.0,0.0,0.0,0.0,0.0,0.0,0.0,0.0,0.0,0.0,0.0,0.0,0.0,0.0,0.0,0.0,0.0,0.0,0.0,0.0,0.0,0.0,0.0,0.0,0.0,0.0,0.0,0.0,0.0,0.0,0.0,0.0,0.0,0.0,0.0,0.0,0.0,0.0,0.0,0.0,0.0,0.0,0.0,0.0,0.0,0.0,0.0,0.0,0.0,0.0,0.0,0.0,0.0,0.0,0.0,0.0,0.0,0.0,0.0,0.0,0.0,0.0,0.0,0.0,0.0,0.0,0.0,0.0,0.0,0.0,0.0,0.0,0.0,0.0,0.0,0.0,0.0,0.0,0.0,0.0,0.0,0.0,0.0,0.0,0.0,0.0,0.0,0.0,0.0,0.0,0.0,0.0,0.0,0.0,0.0,0.0,0.0,0.0,0.0,0.0,0.0,0.0,0.0,0.0,0.0,0.0,0.0,0.0,0.8400000000000001,0.7333333333333333,0.8400000000000001,0.7333333333333333,0.8400000000000001,3.2543644579999977,0.0
nvbench2:dev:647,647,mistral-small:24b,staged,77,0.0,bar,1.0,1.0,8,4,4,1.0,0.5,0.0,0.0,0.0,0.0,1.0,0.5,0.5,0.5,1.0,0.5,0.3333333333333333,0.4,1.0,0.5,0.25,0.3333333333333333,1.0,0.5,0.25,0.3333333333333333,1.0,0.5,0.25,0.3333333333333333,1.0,0.5,0.25,0.3333333333333333,1.0,0.5,0.25,0.3333333333333333,1.0,0.5,0.25,0.3333333333333333,1.0,0.5,0.25,0.3333333333333333,1.0,0.5,0.25,0.3333333333333333,1.0,0.5,0.25,0.3333333333333333,1.0,0.5,0.25,0.3333333333333333,1.0,0.5,0.25,0.3333333333333333,1.0,0.5,0.25,0.3333333333333333,1.0,0.5,0.25,0.3333333333333333,1.0,0.5,0.25,0.3333333333333333,1.0,0.5,0.25,0.3333333333333333,1.0,0.5,0.25,0.3333333333333333,1.0,0.5,0.25,0.3333333333333333,0.5,0.0,0.0,0.0,0.0,1.0,0.5,0.3333333333333333,0.4,1.0,0.5,0.25,0.3333333333333333,0.5,0.0,0.0,0.0,0.0,1.0,0.5,0.3333333333333333,0.4,1.0,0.5,0.3333333333333333,0.4,1.0,0.27999999999999997,1.0,0.6,1.0,1.511952750000006,0.0
nvbench2:dev:651,651,mistral-small:24b,staged,77,0.0,bar,0.0,0.0,8,8,0,0.0,0.0,0.0,0.0,0.0,0.0,0.0,0.0,0.0,0.0,0.0,0.0,0.0,0.0,0.0,0.0,0.0,0.0,0.0,0.0,0.0,0.0,0.0,0.0,0.0,0.0,0.0,0.0,0.0,0.0,0.0,0.0,0.0,0.0,0.0,0.0,0.0,0.0,0.0,0.0,0.0,0.0,0.0,0.0,0.0,0.0,0.0,0.0,0.0,0.0,0.0,0.0,0.0,0.0,0.0,0.0,0.0,0.0,0.0,0.0,0.0,0.0,0.0,0.0,0.0,0.0,0.0,0.0,0.0,0.0,0.0,0.0,0.0,0.0,0.0,0.0,0.0,0.0,0.0,0.0,0.0,0.0,0.0,0.0,0.0,0.0,0.0,0.0,0.0,0.0,0.0,0.0,0.0,0.0,0.0,0.0,0.0,0.0,0.0,0.0,0.0,0.0,0.0,0.0,0.0,0.0,0.0,0.0,0.0,0.0,0.0,0.0,0.0,0.0,0.0
nvbench2:dev:655,655,mistral-small:24b,staged,77,0.0,line,1.0,1.0,6,5,1,0.0,0.0,0.0,0.0,0.0,0.0,0.0,0.0,0.0,0.0,0.0,0.0,0.0,0.0,0.0,0.0,0.0,0.0,0.0,0.0,0.0,0.0,0.0,0.0,0.0,0.0,0.0,0.0,0.0,0.0,0.0,0.0,0.0,0.0,0.0,0.0,0.0,0.0,0.0,0.0,0.0,0.0,0.0,0.0,0.0,0.0,0.0,0.0,0.0,0.0,0.0,0.0,0.0,0.0,0.0,0.0,0.0,0.0,0.0,0.0,0.0,0.0,0.0,0.0,0.0,0.0,0.0,0.0,0.0,0.0,0.0,0.0,0.0,0.0,0.0,0.0,0.0,0.0,0.0,0.0,0.0,0.0,0.0,0.0,0.0,0.0,0.0,0.0,0.0,0.0,0.0,0.0,0.0,0.0,0.0,0.0,0.0,0.0,0.0,0.0,0.0,0.0,0.0,0.0,0.0,0.0,0.0,0.0,0.2,0.2,0.2,0.2,0.2,1.0720178750000002,0.0
nvbench2:dev:666,666,mistral-small:24b,staged,77,0.0,line,1.0,1.0,10,3,7,0.0,0.0,0.0,0.0,0.0,0.0,0.0,0.0,0.0,0.0,0.0,0.0,0.0,0.0,0.0,0.0,0.0,0.0,0.0,0.0,0.0,0.0,0.0,0.0,0.0,0.0,0.0,0.0,0.0,0.0,0.0,0.0,0.0,0.0,0.0,0.0,0.0,0.0,0.0,0.0,0.0,0.0,0.0,0.0,0.0,0.0,0.0,0.0,0.0,0.0,0.0,0.0,0.0,0.0,0.0,0.0,0.0,0.0,0.0,0.0,0.0,0.0,0.0,0.0,0.0,0.0,0.0,0.0,0.0,0.0,0.0,0.0,0.0,0.0,0.0,0.0,0.0,0.0,0.0,0.0,0.0,0.0,0.0,0.0,0.0,0.0,0.0,0.0,0.0,0.0,0.0,0.0,0.0,0.0,0.0,0.0,0.0,0.0,0.0,0.0,0.0,0.0,0.0,0.0,0.0,0.0,0.0,0.0,0.9333333333333332,0.9333333333333332,0.9333333333333332,0.8,0.9333333333333332,2.2103293749999864,0.0
nvbench2:dev:672,672,mistral-small:24b,staged,77,0.0,bar,1.0,1.0,3,1,2,1.0,1.0,1.0,0.25,1.0,0.4,1.0,0.25,0.5,0.3333333333333333,1.0,0.25,0.5,0.3333333333333333,1.0,0.25,0.5,0.3333333333333333,1.0,0.25,0.5,0.3333333333333333,1.0,0.25,0.5,0.3333333333333333,1.0,0.25,0.5,0.3333333333333333,1.0,0.25,0.5,0.3333333333333333,1.0,0.25,0.5,0.3333333333333333,1.0,0.25,0.5,0.3333333333333333,1.0,0.25,0.5,0.3333333333333333,1.0,0.25,0.5,0.3333333333333333,1.0,0.25,0.5,0.3333333333333333,1.0,0.25,0.5,0.3333333333333333,1.0,0.25,0.5,0.3333333333333333,1.0,0.25,0.5,0.3333333333333333,1.0,0.25,0.5,0.3333333333333333,1.0,0.25,0.5,0.3333333333333333,1.0,0.25,0.5,0.3333333333333333,1.0,0.25,0.5,0.3333333333333333,1.0,1.0,0.25,1.0,0.4,1.0,0.25,0.5,0.3333333333333333,1.0,0.25,0.5,0.3333333333333333,1.0,1.0,0.25,1.0,0.4,1.0,0.25,0.5,0.3333333333333333,1.0,0.25,0.5,0.3333333333333333,1.0,1.0,1.0,1.0,1.0,1.429494707999993,0.0
nvbench2:dev:675,675,mistral-small:24b,staged,77,0.0,bar,1.0,1.0,4,3,1,1.0,1.0,1.0,0.25,1.0,0.4,1.0,0.25,1.0,0.4,1.0,0.25,1.0,0.4,1.0,0.25,1.0,0.4,1.0,0.25,1.0,0.4,1.0,0.25,1.0,0.4,1.0,0.25,1.0,0.4,1.0,0.25,1.0,0.4,1.0,0.25,1.0,0.4,1.0,0.25,1.0,0.4,1.0,0.25,1.0,0.4,1.0,0.25,1.0,0.4,1.0,0.25,1.0,0.4,1.0,0.25,1.0,0.4,1.0,0.25,1.0,0.4,1.0,0.25,1.0,0.4,1.0,0.25,1.0,0.4,1.0,0.25,1.0,0.4,1.0,0.25,1.0,0.4,1.0,0.25,1.0,0.4,1.0,1.0,0.25,1.0,0.4,1.0,0.25,1.0,0.4,1.0,0.25,1.0,0.4,1.0,1.0,0.25,1.0,0.4,1.0,0.25,1.0,0.4,1.0,0.25,1.0,0.4,1.0,1.0,1.0,1.0,1.0,1.242303832999994,0.0
nvbench2:dev:681,681,mistral-small:24b,staged,77,0.0,bar,1.0,1.0,7,4,3,0.0,0.0,0.0,0.0,0.0,0.0,0.0,0.0,0.0,0.0,0.0,0.0,0.0,0.0,0.0,0.0,0.0,0.0,0.0,0.0,0.0,0.0,0.0,0.0,0.0,0.0,0.0,0.0,0.0,0.0,0.0,0.0,0.0,0.0,0.0,0.0,0.0,0.0,0.0,0.0,0.0,0.0,0.0,0.0,0.0,0.0,0.0,0.0,0.0,0.0,0.0,0.0,0.0,0.0,0.0,0.0,0.0,0.0,0.0,0.0,0.0,0.0,0.0,0.0,0.0,0.0,0.0,0.0,0.0,0.0,0.0,0.0,0.0,0.0,0.0,0.0,0.0,0.0,0.0,0.0,0.0,0.0,0.0,0.0,0.0,0.0,0.0,0.0,0.0,0.0,0.0,0.0,0.0,0.0,0.0,0.0,0.0,0.0,0.0,0.0,0.0,0.0,0.0,0.0,0.0,0.0,0.0,0.0,0.64,0.64,0.64,0.64,0.64,2.2588777089999894,0.0
nvbench2:dev:683,683,mistral-small:24b,staged,77,0.0,bar,1.0,1.0,6,4,2,0.0,0.0,0.0,0.0,0.0,0.0,0.0,0.0,0.0,0.0,0.0,0.0,0.0,0.0,0.0,0.0,0.0,0.0,0.0,0.0,0.0,0.0,0.0,0.0,0.0,0.0,0.0,0.0,0.0,0.0,0.0,0.0,0.0,0.0,0.0,0.0,0.0,0.0,0.0,0.0,0.0,0.0,0.0,0.0,0.0,0.0,0.0,0.0,0.0,0.0,0.0,0.0,0.0,0.0,0.0,0.0,0.0,0.0,0.0,0.0,0.0,0.0,0.0,0.0,0.0,0.0,0.0,0.0,0.0,0.0,0.0,0.0,0.0,0.0,0.0,0.0,0.0,0.0,0.0,0.0,0.0,0.0,0.0,0.0,0.0,0.0,0.0,0.0,0.0,0.0,0.0,0.0,0.0,0.0,0.0,0.0,0.0,0.0,0.0,0.0,0.0,0.0,0.0,0.0,0.0,0.0,0.0,0.0,0.9199999999999999,0.9199999999999999,0.9199999999999999,0.9199999999999999,0.9199999999999999,2.113006041999995,0.0
nvbench2:dev:684,684,mistral-small:24b,staged,77,0.0,bar,0.0,0.0,4,4,0,0.0,0.0,0.0,0.0,0.0,0.0,0.0,0.0,0.0,0.0,0.0,0.0,0.0,0.0,0.0,0.0,0.0,0.0,0.0,0.0,0.0,0.0,0.0,0.0,0.0,0.0,0.0,0.0,0.0,0.0,0.0,0.0,0.0,0.0,0.0,0.0,0.0,0.0,0.0,0.0,0.0,0.0,0.0,0.0,0.0,0.0,0.0,0.0,0.0,0.0,0.0,0.0,0.0,0.0,0.0,0.0,0.0,0.0,0.0,0.0,0.0,0.0,0.0,0.0,0.0,0.0,0.0,0.0,0.0,0.0,0.0,0.0,0.0,0.0,0.0,0.0,0.0,0.0,0.0,0.0,0.0,0.0,0.0,0.0,0.0,0.0,0.0,0.0,0.0,0.0,0.0,0.0,0.0,0.0,0.0,0.0,0.0,0.0,0.0,0.0,0.0,0.0,0.0,0.0,0.0,0.0,0.0,0.0,0.0,0.0,0.0,0.0,0.0,0.0,0.0
nvbench2:dev:713,713,mistral-small:24b,staged,77,0.0,bar,1.0,1.0,5,2,3,1.0,0.5,0.0,0.0,0.0,0.0,1.0,0.2,0.5,0.28571428571428575,1.0,0.2,0.3333333333333333,0.25,1.0,0.2,0.3333333333333333,0.25,1.0,0.2,0.3333333333333333,0.25,1.0,0.2,0.3333333333333333,0.25,1.0,0.2,0.3333333333333333,0.25,1.0,0.2,0.3333333333333333,0.25,1.0,0.2,0.3333333333333333,0.25,1.0,0.2,0.3333333333333333,0.25,1.0,0.2,0.3333333333333333,0.25,1.0,0.2,0.3333333333333333,0.25,1.0,0.2,0.3333333333333333,0.25,1.0,0.2,0.3333333333333333,0.25,1.0,0.2,0.3333333333333333,0.25,1.0,0.2,0.3333333333333333,0.25,1.0,0.2,0.3333333333333333,0.25,1.0,0.2,0.3333333333333333,0.25,1.0,0.2,0.3333333333333333,0.25,1.0,0.2,0.3333333333333333,0.25,0.5,0.0,0.0,0.0,0.0,1.0,0.2,0.3333333333333333,0.25,1.0,0.2,0.3333333333333333,0.25,1.0,1.0,0.2,1.0,0.33333333333333337,1.0,0.2,0.3333333333333333,0.25,1.0,0.2,0.3333333333333333,0.25,1.0,0.8,1.0,1.0,1.0,1.9578568750000045,1.0
nvbench2:dev:715,715,mistral-small:24b,staged,77,0.0,point,1.0,1.0,4,2,2,0.0,0.0,0.0,0.0,0.0,0.0,0.0,0.0,0.0,0.0,0.0,0.0,0.0,0.0,0.0,0.0,0.0,0.0,0.0,0.0,0.0,0.0,0.0,0.0,0.0,0.0,0.0,0.0,0.0,0.0,0.0,0.0,0.0,0.0,0.0,0.0,0.0,0.0,0.0,0.0,0.0,0.0,0.0,0.0,0.0,0.0,0.0,0.0,0.0,0.0,0.0,0.0,0.0,0.0,0.0,0.0,0.0,0.0,0.0,0.0,0.0,0.0,0.0,0.0,0.0,0.0,0.0,0.0,0.0,0.0,0.0,0.0,0.0,0.0,0.0,0.0,0.0,0.0,0.0,0.0,0.0,0.0,0.0,0.0,0.0,0.0,0.0,0.0,0.0,0.0,0.0,0.0,0.0,0.0,0.0,0.0,0.0,0.0,0.0,0.0,0.0,0.0,0.0,0.0,0.0,0.0,0.0,0.0,0.6285714285714286,0.5333333333333333,0.6285714285714286,0.5333333333333333,0.6285714285714286,1.089967334000022,0.0
nvbench2:dev:716,716,mistral-small:24b,staged,77,0.0,boxplot,1.0,1.0,7,5,2,1.0,0.5,0.0,0.0,0.0,0.0,1.0,0.25,0.5,0.3333333333333333,1.0,0.25,0.5,0.3333333333333333,1.0,0.25,0.5,0.3333333333333333,1.0,0.25,0.5,0.3333333333333333,1.0,0.25,0.5,0.3333333333333333,1.0,0.25,0.5,0.3333333333333333,1.0,0.25,0.5,0.3333333333333333,1.0,0.25,0.5,0.3333333333333333,1.0,0.25,0.5,0.3333333333333333,1.0,0.25,0.5,0.3333333333333333,1.0,0.25,0.5,0.3333333333333333,1.0,0.25,0.5,0.3333333333333333,1.0,0.25,0.5,0.3333333333333333,1.0,0.25,0.5,0.3333333333333333,1.0,0.25,0.5,0.3333333333333333,1.0,0.25,0.5,0.3333333333333333,1.0,0.25,0.5,0.3333333333333333,1.0,0.25,0.5,0.3333333333333333,1.0,0.25,0.5,0.3333333333333333,0.5,0.0,0.0,0.0,0.0,1.0,0.25,0.5,0.3333333333333333,1.0,0.25,0.5,0.3333333333333333,0.5,0.0,0.0,0.0,0.0,1.0,0.25,0.5,0.3333333333333333,1.0,0.25,0.5,0.3333333333333333,1.0,0.8,1.0,0.8,1.0,2.093233292000008,0.0
nvbench2:dev:717,717,mistral-small:24b,staged,77,0.0,boxplot,1.0,1.0,7,6,1,0.0,0.0,0.0,0.0,0.0,0.0,0.0,0.0,0.0,0.0,0.0,0.0,0.0,0.0,0.0,0.0,0.0,0.0,0.0,0.0,0.0,0.0,0.0,0.0,0.0,0.0,0.0,0.0,0.0,0.0,0.0,0.0,0.0,0.0,0.0,0.0,0.0,0.0,0.0,0.0,0.0,0.0,0.0,0.0,0.0,0.0,0.0,0.0,0.0,0.0,0.0,0.0,0.0,0.0,0.0,0.0,0.0,0.0,0.0,0.0,0.0,0.0,0.0,0.0,0.0,0.0,0.0,0.0,0.0,0.0,0.0,0.0,0.0,0.0,0.0,0.0,0.0,0.0,0.0,0.0,0.0,0.0,0.0,0.0,0.0,0.0,0.0,0.0,0.0,0.0,0.0,0.0,0.0,0.0,0.0,0.0,0.0,0.0,0.0,0.0,0.0,0.0,0.0,0.0,0.0,0.0,0.0,0.0,0.6,0.6,0.6,0.6,0.6,1.6117692089999878,0.0
nvbench2:dev:718,718,mistral-small:24b,staged,77,0.0,boxplot,1.0,1.0,7,5,2,0.0,0.0,0.0,0.0,0.0,0.0,0.0,0.0,0.0,0.0,0.0,0.0,0.0,0.0,0.0,0.0,0.0,0.0,0.0,0.0,0.0,0.0,0.0,0.0,0.0,0.0,0.0,0.0,0.0,0.0,0.0,0.0,0.0,0.0,0.0,0.0,0.0,0.0,0.0,0.0,0.0,0.0,0.0,0.0,0.0,0.0,0.0,0.0,0.0,0.0,0.0,0.0,0.0,0.0,0.0,0.0,0.0,0.0,0.0,0.0,0.0,0.0,0.0,0.0,0.0,0.0,0.0,0.0,0.0,0.0,0.0,0.0,0.0,0.0,0.0,0.0,0.0,0.0,0.0,0.0,0.0,0.0,0.0,0.0,0.0,0.0,0.0,0.0,0.0,0.0,0.0,0.0,0.0,0.0,0.0,0.0,0.0,0.0,0.0,0.0,0.0,0.0,0.0,0.0,0.0,0.0,0.0,0.0,0.6,0.6,0.6,0.6,0.6,1.7747246659999973,0.0
nvbench2:dev:719,719,mistral-small:24b,staged,77,0.0,arc,1.0,1.0,4,1,3,0.0,0.0,0.0,0.0,0.0,0.0,0.0,0.0,0.0,0.0,0.0,0.0,0.0,0.0,0.0,0.0,0.0,0.0,0.0,0.0,0.0,0.0,0.0,0.0,0.0,0.0,0.0,0.0,0.0,0.0,0.0,0.0,0.0,0.0,0.0,0.0,0.0,0.0,0.0,0.0,0.0,0.0,0.0,0.0,0.0,0.0,0.0,0.0,0.0,0.0,0.0,0.0,0.0,0.0,0.0,0.0,0.0,0.0,0.0,0.0,0.0,0.0,0.0,0.0,0.0,0.0,0.0,0.0,0.0,0.0,0.0,0.0,0.0,0.0,0.0,0.0,0.0,0.0,0.0,0.0,0.0,0.0,0.0,0.0,0.0,0.0,0.0,0.0,0.0,0.0,0.0,0.0,0.0,0.0,0.0,0.0,0.0,0.0,0.0,0.0,0.0,0.0,0.0,0.0,0.0,0.0,0.0,0.0,0.8333333333333333,0.4,0.8333333333333333,0.8333333333333333,0.8333333333333333,2.7317096670000183,0.0
nvbench2:dev:721,721,mistral-small:24b,staged,77,0.0,boxplot,1.0,1.0,8,5,3,0.0,0.0,0.0,0.0,0.0,0.0,0.0,0.0,0.0,0.0,0.0,0.0,0.0,0.0,0.0,0.0,0.0,0.0,0.0,0.0,0.0,0.0,0.0,0.0,0.0,0.0,0.0,0.0,0.0,0.0,0.0,0.0,0.0,0.0,0.0,0.0,0.0,0.0,0.0,0.0,0.0,0.0,0.0,0.0,0.0,0.0,0.0,0.0,0.0,0.0,0.0,0.0,0.0,0.0,0.0,0.0,0.0,0.0,0.0,0.0,0.0,0.0,0.0,0.0,0.0,0.0,0.0,0.0,0.0,0.0,0.0,0.0,0.0,0.0,0.0,0.0,0.0,0.0,0.0,0.0,0.0,0.0,0.0,0.0,0.0,0.0,0.0,0.0,0.0,0.0,0.0,0.0,0.0,0.0,0.0,0.0,0.0,0.0,0.0,0.0,0.0,0.0,0.0,0.0,0.0,0.0,0.0,0.0,0.7,0.2,0.7,0.7,0.7,1.4352391250000096,0.0
nvbench2:dev:723,723,mistral-small:24b,staged,77,0.0,boxplot,0.0,0.0,3,3,0,0.0,0.0,0.0,0.0,0.0,0.0,0.0,0.0,0.0,0.0,0.0,0.0,0.0,0.0,0.0,0.0,0.0,0.0,0.0,0.0,0.0,0.0,0.0,0.0,0.0,0.0,0.0,0.0,0.0,0.0,0.0,0.0,0.0,0.0,0.0,0.0,0.0,0.0,0.0,0.0,0.0,0.0,0.0,0.0,0.0,0.0,0.0,0.0,0.0,0.0,0.0,0.0,0.0,0.0,0.0,0.0,0.0,0.0,0.0,0.0,0.0,0.0,0.0,0.0,0.0,0.0,0.0,0.0,0.0,0.0,0.0,0.0,0.0,0.0,0.0,0.0,0.0,0.0,0.0,0.0,0.0,0.0,0.0,0.0,0.0,0.0,0.0,0.0,0.0,0.0,0.0,0.0,0.0,0.0,0.0,0.0,0.0,0.0,0.0,0.0,0.0,0.0,0.0,0.0,0.0,0.0,0.0,0.0,0.0,0.0,0.0,0.0,0.0,0.0,0.0
nvbench2:dev:725,725,mistral-small:24b,staged,77,0.0,boxplot,1.0,1.0,8,5,3,0.0,0.0,0.0,0.0,0.0,0.0,0.0,0.0,0.0,0.0,0.0,0.0,0.0,0.0,0.0,0.0,0.0,0.0,0.0,0.0,0.0,0.0,0.0,0.0,0.0,0.0,0.0,0.0,0.0,0.0,0.0,0.0,0.0,0.0,0.0,0.0,0.0,0.0,0.0,0.0,0.0,0.0,0.0,0.0,0.0,0.0,0.0,0.0,0.0,0.0,0.0,0.0,0.0,0.0,0.0,0.0,0.0,0.0,0.0,0.0,0.0,0.0,0.0,0.0,0.0,0.0,0.0,0.0,0.0,0.0,0.0,0.0,0.0,0.0,0.0,0.0,0.0,0.0,0.0,0.0,0.0,0.0,0.0,0.0,0.0,0.0,0.0,0.0,0.0,0.0,0.0,0.0,0.0,0.0,0.0,0.0,0.0,0.0,0.0,0.0,0.0,0.0,0.0,0.0,0.0,0.0,0.0,0.0,0.4,0.4,0.4,0.4,0.4,2.258994874999985,0.0
nvbench2:dev:732,732,mistral-small:24b,staged,77,0.0,bar+line+rect,1.0,1.0,6,4,2,1.0,0.5,0.0,0.0,0.0,0.0,1.0,0.2,0.5,0.28571428571428575,1.0,0.2,0.5,0.28571428571428575,1.0,0.2,0.5,0.28571428571428575,1.0,0.2,0.5,0.28571428571428575,1.0,0.2,0.5,0.28571428571428575,1.0,0.2,0.5,0.28571428571428575,1.0,0.2,0.5,0.28571428571428575,1.0,0.2,0.5,0.28571428571428575,1.0,0.2,0.5,0.28571428571428575,1.0,0.2,0.5,0.28571428571428575,1.0,0.2,0.5,0.28571428571428575,1.0,0.2,0.5,0.28571428571428575,1.0,0.2,0.5,0.28571428571428575,1.0,0.2,0.5,0.28571428571428575,1.0,0.2,0.5,0.28571428571428575,1.0,0.2,0.5,0.28571428571428575,1.0,0.2,0.5,0.28571428571428575,1.0,0.2,0.5,0.28571428571428575,1.0,0.2,0.5,0.28571428571428575,0.5,0.0,0.0,0.0,0.0,1.0,0.2,0.5,0.28571428571428575,1.0,0.2,0.5,0.28571428571428575,0.5,0.0,0.0,0.0,0.0,1.0,0.2,0.5,0.28571428571428575,1.0,0.2,0.5,0.28571428571428575,1.0,0.52,1.0,0.52,1.0,1.1274122920000025,0.0
nvbench2:dev:733,733,mistral-small:24b,staged,77,0.0,bar+line+rect,1.0,1.0,13,4,9,0.0,0.0,0.0,0.0,0.0,0.0,0.0,0.0,0.0,0.0,0.0,0.0,0.0,0.0,0.0,0.0,0.0,0.0,0.0,0.0,0.0,0.0,0.0,0.0,0.0,0.0,0.0,0.0,0.0,0.0,0.0,0.0,0.0,0.0,0.0,0.0,0.0,0.0,0.0,0.0,0.0,0.0,0.0,0.0,0.0,0.0,0.0,0.0,0.0,0.0,0.0,0.0,0.0,0.0,0.0,0.0,0.0,0.0,0.0,0.0,0.0,0.0,0.0,0.0,0.0,0.0,0.0,0.0,0.0,0.0,0.0,0.0,0.0,0.0,0.0,0.0,0.0,0.0,0.0,0.0,0.0,0.0,0.0,0.0,0.0,0.0,0.0,0.0,0.0,0.0,0.0,0.0,0.0,0.0,0.0,0.0,0.0,0.0,0.0,0.0,0.0,0.0,0.0,0.0,0.0,0.0,0.0,0.0,0.9199999999999999,0.9199999999999999,0.9199999999999999,0.9199999999999999,0.9199999999999999,2.4686515420000035,0.0
nvbench2:dev:17,17,mistral-small:24b,union,77,0.0,line,1.0,1.0,19,12,7,0.0,0.0,0.0,0.0,0.0,0.0,0.0,0.0,0.0,0.0,0.0,0.0,0.0,0.0,0.0,0.0,0.0,0.0,0.0,0.0,0.0,0.0,0.0,0.0,0.0,0.0,0.0,0.0,0.0,0.0,0.0,0.0,0.0,0.0,0.0,0.0,0.0,0.0,0.0,0.0,0.0,0.0,0.0,0.0,0.0,0.0,0.0,0.0,0.0,0.0,0.0,0.0,0.0,0.0,0.0,0.0,0.0,0.0,0.0,0.0,0.0,0.0,0.0,0.0,0.0,0.0,0.0,0.0,0.0,0.0,0.0,0.0,0.0,0.0,0.0,0.0,0.0,0.0,0.0,0.0,0.0,0.0,0.0,0.0,0.0,0.0,0.0,0.0,0.0,0.0,0.0,0.0,0.0,0.0,0.0,0.0,0.0,0.0,0.0,0.0,0.0,0.0,0.0,0.0,0.0,0.0,0.0,0.0,0.72,0.44000000000000006,0.72,0.72,0.72,2.953313375,0.0
nvbench2:dev:22,22,mistral-small:24b,union,77,0.0,boxplot,1.0,1.0,19,5,14,0.0,0.0,0.0,0.0,0.0,0.0,0.0,0.0,0.0,0.0,0.0,0.0,0.0,0.0,0.0,0.0,0.0,0.0,0.0,0.0,0.0,0.0,0.0,0.0,0.0,0.0,0.0,0.0,0.0,0.0,0.0,0.0,0.0,0.0,0.0,0.0,0.0,0.0,0.0,0.0,0.0,0.0,0.0,0.0,0.0,0.0,0.0,0.0,0.0,0.0,0.0,0.0,0.0,0.0,0.0,0.0,0.0,0.0,0.0,0.0,0.0,0.0,0.0,0.0,0.0,0.0,0.0,0.0,0.0,0.0,0.0,0.0,0.0,0.0,0.0,0.0,0.0,0.0,0.0,0.0,0.0,0.0,0.0,0.0,0.0,0.0,0.0,0.0,0.0,0.0,0.0,0.0,0.0,0.0,0.0,0.0,0.0,0.0,0.0,0.0,0.0,0.0,0.0,0.0,0.0,0.0,0.0,0.0,1.0,0.7,1.0,1.0,1.0,3.272689833,0.0
nvbench2:dev:23,23,mistral-small:24b,union,77,0.0,point,1.0,1.0,16,6,10,0.0,0.0,0.0,0.0,0.0,0.0,0.0,0.0,0.0,0.0,0.0,0.0,0.0,0.0,0.0,0.0,0.0,0.0,0.0,0.0,0.0,0.0,0.0,0.0,0.0,0.0,0.0,0.0,0.0,0.0,0.0,0.0,0.0,0.0,0.0,0.0,0.0,0.0,0.0,0.0,0.0,0.0,0.0,0.0,0.0,0.0,0.0,0.0,0.0,0.0,0.0,0.0,0.0,0.0,0.0,0.0,0.0,0.0,0.0,0.0,0.0,0.0,0.0,0.0,0.0,0.0,0.0,0.0,0.0,0.0,0.0,0.0,0.0,0.0,0.0,0.0,0.0,0.0,0.0,0.0,0.0,0.0,0.0,0.0,0.0,0.0,0.0,0.0,0.0,0.0,0.0,0.0,0.0,0.0,0.0,0.0,0.0,0.0,0.0,0.0,0.0,0.0,0.0,0.0,0.0,0.0,0.0,0.0,0.64,0.44000000000000006,0.48571428571428577,0.44000000000000006,0.48571428571428577,2.986961292,0.0
nvbench2:dev:25,25,mistral-small:24b,union,77,0.0,rect,1.0,1.0,25,6,19,0.0,0.0,0.0,0.0,0.0,0.0,0.0,0.0,0.0,0.0,0.0,0.0,0.0,0.0,0.0,0.0,0.0,0.0,0.0,0.0,0.0,0.0,0.0,0.0,0.0,0.0,0.0,0.0,0.0,0.0,0.0,0.0,0.0,0.0,0.0,0.0,0.0,0.0,0.0,0.0,0.0,0.0,0.0,0.0,0.0,0.0,0.0,0.0,0.0,0.0,0.0,0.0,0.0,0.0,0.0,0.0,0.0,0.0,0.0,0.0,0.0,0.0,0.0,0.0,0.0,0.0,0.0,0.0,0.0,0.0,0.0,0.0,0.0,0.0,0.0,0.0,0.0,0.0,0.0,0.0,0.0,0.0,0.0,0.0,0.0,0.0,0.0,0.0,0.0,0.0,0.0,0.0,0.0,0.0,0.0,0.0,0.0,0.0,0.0,0.0,0.0,0.0,0.0,0.0,0.0,0.0,0.0,0.0,0.9333333333333332,0.9333333333333332,0.9333333333333332,0.6285714285714286,0.9333333333333332,4.836330958,0.0
nvbench2:dev:33,33,mistral-small:24b,union,77,0.0,arc,1.0,1.0,19,14,5,0.0,0.0,0.0,0.0,0.0,0.0,0.0,0.0,0.0,0.0,0.0,0.0,0.0,0.0,0.0,0.0,0.0,0.0,0.0,0.0,0.0,0.0,0.0,0.0,0.0,0.0,0.0,0.0,0.0,0.0,0.0,0.0,0.0,0.0,0.0,0.0,0.0,0.0,0.0,0.0,0.0,0.0,0.0,0.0,0.0,0.0,0.0,0.0,0.0,0.0,0.0,0.0,0.0,0.0,0.0,0.0,0.0,0.0,0.0,0.0,0.0,0.0,0.0,0.0,0.0,0.0,0.0,0.0,0.0,0.0,0.0,0.0,0.0,0.0,0.0,0.0,0.0,0.0,0.0,0.0,0.0,0.0,0.0,0.0,0.0,0.0,0.0,0.0,0.0,0.0,0.0,0.0,0.0,0.0,0.0,0.0,0.0,0.0,0.0,0.0,0.0,0.0,0.0,0.0,0.0,0.0,0.0,0.0,0.8,0.8,0.8,0.8,0.8,3.03757225,0.0
nvbench2:dev:34,34,mistral-small:24b,union,77,0.0,point,1.0,1.0,12,6,6,1.0,1.0,1.0,0.5,1.0,0.6666666666666666,1.0,0.5,0.5,0.5,1.0,0.5,0.3333333333333333,0.4,1.0,0.5,0.25,0.3333333333333333,1.0,0.5,0.2,0.28571428571428575,1.0,0.5,0.16666666666666666,0.25,1.0,0.5,0.16666666666666666,0.25,1.0,0.5,0.16666666666666666,0.25,1.0,0.5,0.16666666666666666,0.25,1.0,0.5,0.16666666666666666,0.25,1.0,0.5,0.16666666666666666,0.25,1.0,0.5,0.16666666666666666,0.25,1.0,0.5,0.16666666666666666,0.25,1.0,0.5,0.16666666666666666,0.25,1.0,0.5,0.16666666666666666,0.25,1.0,0.5,0.16666666666666666,0.25,1.0,0.5,0.16666666666666666,0.25,1.0,0.5,0.16666666666666666,0.25,1.0,0.5,0.16666666666666666,0.25,1.0,0.5,0.16666666666666666,0.25,1.0,1.0,0.5,1.0,0.6666666666666666,1.0,0.5,0.3333333333333333,0.4,1.0,0.5,0.2,0.28571428571428575,0.3333333333333333,0.0,0.0,0.0,0.0,1.0,0.5,0.3333333333333333,0.4,1.0,0.5,0.2,0.28571428571428575,1.0,1.0,1.0,1.0,1.0,2.882886708000001,-1.0
nvbench2:dev:35,35,mistral-small:24b,union,77,0.0,bar+line+point+rect,1.0,1.0,16,7,9,0.0,0.0,0.0,0.0,0.0,0.0,0.0,0.0,0.0,0.0,0.0,0.0,0.0,0.0,0.0,0.0,0.0,0.0,0.0,0.0,0.0,0.0,0.0,0.0,0.0,0.0,0.0,0.0,0.0,0.0,0.0,0.0,0.0,0.0,0.0,0.0,0.0,0.0,0.0,0.0,0.0,0.0,0.0,0.0,0.0,0.0,0.0,0.0,0.0,0.0,0.0,0.0,0.0,0.0,0.0,0.0,0.0,0.0,0.0,0.0,0.0,0.0,0.0,0.0,0.0,0.0,0.0,0.0,0.0,0.0,0.0,0.0,0.0,0.0,0.0,0.0,0.0,0.0,0.0,0.0,0.0,0.0,0.0,0.0,0.0,0.0,0.0,0.0,0.0,0.0,0.0,0.0,0.0,0.0,0.0,0.0,0.0,0.0,0.0,0.0,0.0,0.0,0.0,0.0,0.0,0.0,0.0,0.0,0.8,0.7333333333333333,0.8,0.8,0.8,3.4044468750000014,0.0
nvbench2:dev:39,39,mistral-small:24b,union,77,0.0,arc,1.0,1.0,17,13,4,0.0,0.0,0.0,0.0,0.0,0.0,0.0,0.0,0.0,0.0,0.0,0.0,0.0,0.0,0.0,0.0,0.0,0.0,0.0,0.0,0.0,0.0,0.0,0.0,0.0,0.0,0.0,0.0,0.0,0.0,0.0,0.0,0.0,0.0,0.0,0.0,0.0,0.0,0.0,0.0,0.0,0.0,0.0,0.0,0.0,0.0,0.0,0.0,0.0,0.0,0.0,0.0,0.0,0.0,0.0,0.0,0.0,0.0,0.0,0.0,0.0,0.0,0.0,0.0,0.0,0.0,0.0,0.0,0.0,0.0,0.0,0.0,0.0,0.0,0.0,0.0,0.0,0.0,0.0,0.0,0.0,0.0,0.0,0.0,0.0,0.0,0.0,0.0,0.0,0.0,0.0,0.0,0.0,0.0,0.0,0.0,0.0,0.0,0.0,0.0,0.0,0.0,0.0,0.0,0.0,0.0,0.0,0.0,1.0,1.0,1.0,1.0,1.0,2.787387458999998,0.0
nvbench2:dev:40,40,mistral-small:24b,union,77,0.0,rect,1.0,1.0,29,8,21,0.0,0.0,0.0,0.0,0.0,0.0,0.0,0.0,0.0,0.0,0.0,0.0,0.0,0.0,0.0,0.0,0.0,0.0,0.0,0.0,0.0,0.0,0.0,0.0,0.0,0.0,0.0,0.0,0.0,0.0,0.0,0.0,0.0,0.0,0.0,0.0,0.0,0.0,0.0,0.0,0.0,0.0,0.0,0.0,0.0,0.0,0.0,0.0,0.0,0.0,0.0,0.0,0.0,0.0,0.0,0.0,0.0,0.0,0.0,0.0,0.0,0.0,0.0,0.0,0.0,0.0,0.0,0.0,0.0,0.0,0.0,0.0,0.0,0.0,0.0,0.0,0.0,0.0,0.0,0.0,0.0,0.0,0.0,0.0,0.0,0.0,0.0,0.0,0.0,0.0,0.0,0.0,0.0,0.0,0.0,0.0,0.0,0.0,0.0,0.0,0.0,0.0,0.0,0.0,0.0,0.0,0.0,0.0,1.0,0.6666666666666667,0.7333333333333333,0.44000000000000006,0.9333333333333332,5.982874917,0.0
nvbench2:dev:41,41,mistral-small:24b,union,77,0.0,arc,1.0,1.0,13,8,5,1.0,1.0,1.0,0.3333333333333333,1.0,0.5,1.0,0.3333333333333333,0.5,0.4,1.0,0.3333333333333333,0.3333333333333333,0.3333333333333333,1.0,0.3333333333333333,0.25,0.28571428571428575,1.0,0.3333333333333333,0.2,0.25,1.0,0.3333333333333333,0.2,0.25,1.0,0.3333333333333333,0.2,0.25,1.0,0.3333333333333333,0.2,0.25,1.0,0.3333333333333333,0.2,0.25,1.0,0.3333333333333333,0.2,0.25,1.0,0.3333333333333333,0.2,0.25,1.0,0.3333333333333333,0.2,0.25,1.0,0.3333333333333333,0.2,0.25,1.0,0.3333333333333333,0.2,0.25,1.0,0.3333333333333333,0.2,0.25,1.0,0.3333333333333333,0.2,0.25,1.0,0.3333333333333333,0.2,0.25,1.0,0.3333333333333333,0.2,0.25,1.0,0.3333333333333333,0.2,0.25,1.0,0.3333333333333333,0.2,0.25,1.0,1.0,0.3333333333333333,1.0,0.5,1.0,0.3333333333333333,0.3333333333333333,0.3333333333333333,1.0,0.3333333333333333,0.2,0.25,0.5,0.0,0.0,0.0,0.0,1.0,0.3333333333333333,0.3333333333333333,0.3333333333333333,1.0,0.3333333333333333,0.25,0.28571428571428575,1.0,1.0,1.0,1.0,1.0,2.944124582999997,-1.0
nvbench2:dev:48,48,mistral-small:24b,union,77,0.0,arc,1.0,1.0,14,3,11,1.0,1.0,1.0,0.5,1.0,0.6666666666666666,1.0,0.5,0.5,0.5,1.0,0.5,0.3333333333333333,0.4,1.0,0.5,0.25,0.3333333333333333,1.0,0.5,0.2,0.28571428571428575,1.0,0.5,0.16666666666666666,0.25,1.0,0.5,0.14285714285714285,0.22222222222222224,1.0,0.5,0.125,0.2,1.0,0.5,0.1111111111111111,0.1818181818181818,1.0,0.5,0.1,0.16666666666666669,1.0,0.5,0.09090909090909091,0.15384615384615385,1.0,0.5,0.09090909090909091,0.15384615384615385,1.0,0.5,0.09090909090909091,0.15384615384615385,1.0,0.5,0.09090909090909091,0.15384615384615385,1.0,0.5,0.09090909090909091,0.15384615384615385,1.0,0.5,0.09090909090909091,0.15384615384615385,1.0,0.5,0.09090909090909091,0.15384615384615385,1.0,0.5,0.09090909090909091,0.15384615384615385,1.0,0.5,0.09090909090909091,0.15384615384615385,1.0,0.5,0.09090909090909091,0.15384615384615385,1.0,1.0,0.5,1.0,0.6666666666666666,1.0,0.5,0.3333333333333333,0.4,1.0,0.5,0.2,0.28571428571428575,0.5,0.0,0.0,0.0,0.0,1.0,0.5,0.3333333333333333,0.4,1.0,0.5,0.2,0.28571428571428575,1.0,1.0,1.0,1.0,1.0,3.8177705410000016,-1.0
nvbench2:dev:49,49,mistral-small:24b,union,77,0.0,line,1.0,1.0,19,2,17,0.0,0.0,0.0,0.0,0.0,0.0,0.0,0.0,0.0,0.0,0.0,0.0,0.0,0.0,0.0,0.0,0.0,0.0,0.0,0.0,0.0,0.0,0.0,0.0,0.0,0.0,0.0,0.0,0.0,0.0,0.0,0.0,0.0,0.0,0.0,0.0,0.0,0.0,0.0,0.0,0.0,0.0,0.0,0.0,0.0,0.0,0.0,0.0,0.0,0.0,0.0,0.0,0.0,0.0,0.0,0.0,0.0,0.0,0.0,0.0,0.0,0.0,0.0,0.0,0.0,0.0,0.0,0.0,0.0,0.0,0.0,0.0,0.0,0.0,0.0,0.0,0.0,0.0,0.0,0.0,0.0,0.0,0.0,0.0,0.0,0.0,0.0,0.0,0.0,0.0,0.0,0.0,0.0,0.0,0.0,0.0,0.0,0.0,0.0,0.0,0.0,0.0,0.0,0.0,0.0,0.0,0.0,0.0,1.0,0.9,0.9,0.9,1.0,4.695692874999999,0.0
nvbench2:dev:51,51,mistral-small:24b,union,77,0.0,bar,1.0,1.0,13,6,7,0.0,0.0,0.0,0.0,0.0,0.0,0.0,0.0,0.0,0.0,0.0,0.0,0.0,0.0,0.0,0.0,0.0,0.0,0.0,0.0,0.0,0.0,0.0,0.0,0.0,0.0,0.0,0.0,0.0,0.0,0.0,0.0,0.0,0.0,0.0,0.0,0.0,0.0,0.0,0.0,0.0,0.0,0.0,0.0,0.0,0.0,0.0,0.0,0.0,0.0,0.0,0.0,0.0,0.0,0.0,0.0,0.0,0.0,0.0,0.0,0.0,0.0,0.0,0.0,0.0,0.0,0.0,0.0,0.0,0.0,0.0,0.0,0.0,0.0,0.0,0.0,0.0,0.0,0.0,0.0,0.0,0.0,0.0,0.0,0.0,0.0,0.0,0.0,0.0,0.0,0.0,0.0,0.0,0.0,0.0,0.0,0.0,0.0,0.0,0.0,0.0,0.0,0.0,0.0,0.0,0.0,0.0,0.0,0.9199999999999999,0.6533333333333333,0.9199999999999999,0.9199999999999999,0.9199999999999999,3.295986292000002,0.0
nvbench2:dev:54,54,mistral-small:24b,union,77,0.0,bar,1.0,1.0,15,7,8,0.0,0.0,0.0,0.0,0.0,0.0,0.0,0.0,0.0,0.0,0.0,0.0,0.0,0.0,0.0,0.0,0.0,0.0,0.0,0.0,0.0,0.0,0.0,0.0,0.0,0.0,0.0,0.0,0.0,0.0,0.0,0.0,0.0,0.0,0.0,0.0,0.0,0.0,0.0,0.0,0.0,0.0,0.0,0.0,0.0,0.0,0.0,0.0,0.0,0.0,0.0,0.0,0.0,0.0,0.0,0.0,0.0,0.0,0.0,0.0,0.0,0.0,0.0,0.0,0.0,0.0,0.0,0.0,0.0,0.0,0.0,0.0,0.0,0.0,0.0,0.0,0.0,0.0,0.0,0.0,0.0,0.0,0.0,0.0,0.0,0.0,0.0,0.0,0.0,0.0,0.0,0.0,0.0,0.0,0.0,0.0,0.0,0.0,0.0,0.0,0.0,0.0,0.0,0.0,0.0,0.0,0.0,0.0,0.9199999999999999,0.44000000000000006,0.9199999999999999,0.9199999999999999,0.9199999999999999,3.1081316250000057,0.0
nvbench2:dev:57,57,mistral-small:24b,union,77,0.0,rect,1.0,1.0,23,9,14,0.0,0.0,0.0,0.0,0.0,0.0,0.0,0.0,0.0,0.0,0.0,0.0,0.0,0.0,0.0,0.0,0.0,0.0,0.0,0.0,0.0,0.0,0.0,0.0,0.0,0.0,0.0,0.0,0.0,0.0,0.0,0.0,0.0,0.0,0.0,0.0,0.0,0.0,0.0,0.0,0.0,0.0,0.0,0.0,0.0,0.0,0.0,0.0,0.0,0.0,0.0,0.0,0.0,0.0,0.0,0.0,0.0,0.0,0.0,0.0,0.0,0.0,0.0,0.0,0.0,0.0,0.0,0.0,0.0,0.0,0.0,0.0,0.0,0.0,0.0,0.0,0.0,0.0,0.0,0.0,0.0,0.0,0.0,0.0,0.0,0.0,0.0,0.0,0.0,0.0,0.0,0.0,0.0,0.0,0.0,0.0,0.0,0.0,0.0,0.0,0.0,0.0,0.0,0.0,0.0,0.0,0.0,0.0,1.0,0.9333333333333332,1.0,1.0,1.0,4.912631791999999,0.0
nvbench2:dev:61,61,mistral-small:24b,union,77,0.0,arc,1.0,1.0,11,8,3,1.0,1.0,1.0,0.5,1.0,0.6666666666666666,1.0,0.5,0.5,0.5,1.0,0.5,0.3333333333333333,0.4,1.0,0.5,0.3333333333333333,0.4,1.0,0.5,0.3333333333333333,0.4,1.0,0.5,0.3333333333333333,0.4,1.0,0.5,0.3333333333333333,0.4,1.0,0.5,0.3333333333333333,0.4,1.0,0.5,0.3333333333333333,0.4,1.0,0.5,0.3333333333333333,0.4,1.0,0.5,0.3333333333333333,0.4,1.0,0.5,0.3333333333333333,0.4,1.0,0.5,0.3333333333333333,0.4,1.0,0.5,0.3333333333333333,0.4,1.0,0.5,0.3333333333333333,0.4,1.0,0.5,0.3333333333333333,0.4,1.0,0.5,0.3333333333333333,0.4,1.0,0.5,0.3333333333333333,0.4,1.0,0.5,0.3333333333333333,0.4,1.0,0.5,0.3333333333333333,0.4,1.0,1.0,0.5,1.0,0.6666666666666666,1.0,0.5,0.3333333333333333,0.4,1.0,0.5,0.3333333333333333,0.4,0.5,0.0,0.0,0.0,0.0,1.0,0.5,0.3333333333333333,0.4,1.0,0.5,0.3333333333333333,0.4,1.0,1.0,1.0,1.0,1.0,2.240190584000004,-1.0
nvbench2:dev:63,63,mistral-small:24b,union,77,0.0,arc,1.0,1.0,32,25,7,0.0,0.0,0.0,0.0,0.0,0.0,0.0,0.0,0.0,0.0,0.0,0.0,0.0,0.0,0.0,0.0,0.0,0.0,0.0,0.0,0.0,0.0,0.0,0.0,0.0,0.0,0.0,0.0,0.0,0.0,0.0,0.0,0.0,0.0,0.0,0.0,0.0,0.0,0.0,0.0,0.0,0.0,0.0,0.0,0.0,0.0,0.0,0.0,0.0,0.0,0.0,0.0,0.0,0.0,0.0,0.0,0.0,0.0,0.0,0.0,0.0,0.0,0.0,0.0,0.0,0.0,0.0,0.0,0.0,0.0,0.0,0.0,0.0,0.0,0.0,0.0,0.0,0.0,0.0,0.0,0.0,0.0,0.0,0.0,0.0,0.0,0.0,0.0,0.0,0.0,0.0,0.0,0.0,0.0,0.0,0.0,0.0,0.0,0.0,0.0,0.0,0.0,0.0,0.0,0.0,0.0,0.0,0.0,1.0,0.7,1.0,1.0,1.0,3.087282334000001,0.0
nvbench2:dev:68,68,mistral-small:24b,union,77,0.0,arc,1.0,1.0,17,11,6,0.0,0.0,0.0,0.0,0.0,0.0,0.0,0.0,0.0,0.0,0.0,0.0,0.0,0.0,0.0,0.0,0.0,0.0,0.0,0.0,0.0,0.0,0.0,0.0,0.0,0.0,0.0,0.0,0.0,0.0,0.0,0.0,0.0,0.0,0.0,0.0,0.0,0.0,0.0,0.0,0.0,0.0,0.0,0.0,0.0,0.0,0.0,0.0,0.0,0.0,0.0,0.0,0.0,0.0,0.0,0.0,0.0,0.0,0.0,0.0,0.0,0.0,0.0,0.0,0.0,0.0,0.0,0.0,0.0,0.0,0.0,0.0,0.0,0.0,0.0,0.0,0.0,0.0,0.0,0.0,0.0,0.0,0.0,0.0,0.0,0.0,0.0,0.0,0.0,0.0,0.0,0.0,0.0,0.0,0.0,0.0,0.0,0.0,0.0,0.0,0.0,0.0,0.0,0.0,0.0,0.0,0.0,0.0,1.0,0.08,1.0,1.0,1.0,3.6749539999999925,0.0
nvbench2:dev:72,72,mistral-small:24b,union,77,0.0,arc,1.0,1.0,18,16,2,0.0,0.0,0.0,0.0,0.0,0.0,0.0,0.0,0.0,0.0,0.0,0.0,0.0,0.0,0.0,0.0,0.0,0.0,0.0,0.0,0.0,0.0,0.0,0.0,0.0,0.0,0.0,0.0,0.0,0.0,0.0,0.0,0.0,0.0,0.0,0.0,0.0,0.0,0.0,0.0,0.0,0.0,0.0,0.0,0.0,0.0,0.0,0.0,0.0,0.0,0.0,0.0,0.0,0.0,0.0,0.0,0.0,0.0,0.0,0.0,0.0,0.0,0.0,0.0,0.0,0.0,0.0,0.0,0.0,0.0,0.0,0.0,0.0,0.0,0.0,0.0,0.0,0.0,0.0,0.0,0.0,0.0,0.0,0.0,0.0,0.0,0.0,0.0,0.0,0.0,0.0,0.0,0.0,0.0,0.0,0.0,0.0,0.0,0.0,0.0,0.0,0.0,0.0,0.0,0.0,0.0,0.0,0.0,1.0,1.0,1.0,1.0,1.0,2.894610083999993,0.0
nvbench2:dev:73,73,mistral-small:24b,union,77,0.0,arc,1.0,1.0,15,14,1,0.0,0.0,0.0,0.0,0.0,0.0,0.0,0.0,0.0,0.0,0.0,0.0,0.0,0.0,0.0,0.0,0.0,0.0,0.0,0.0,0.0,0.0,0.0,0.0,0.0,0.0,0.0,0.0,0.0,0.0,0.0,0.0,0.0,0.0,0.0,0.0,0.0,0.0,0.0,0.0,0.0,0.0,0.0,0.0,0.0,0.0,0.0,0.0,0.0,0.0,0.0,0.0,0.0,0.0,0.0,0.0,0.0,0.0,0.0,0.0,0.0,0.0,0.0,0.0,0.0,0.0,0.0,0.0,0.0,0.0,0.0,0.0,0.0,0.0,0.0,0.0,0.0,0.0,0.0,0.0,0.0,0.0,0.0,0.0,0.0,0.0,0.0,0.0,0.0,0.0,0.0,0.0,0.0,0.0,0.0,0.0,0.0,0.0,0.0,0.0,0.0,0.0,0.0,0.0,0.0,0.0,0.0,0.0,0.8,0.8,0.8,0.8,0.8,2.0655886250000037,0.0
nvbench2:dev:76,76,mistral-small:24b,union,77,0.0,bar,1.0,1.0,18,9,9,1.0,1.0,1.0,0.2,1.0,0.33333333333333337,1.0,0.2,0.5,0.28571428571428575,1.0,0.2,0.3333333333333333,0.25,1.0,0.2,0.25,0.22222222222222224,1.0,0.2,0.2,0.20000000000000004,1.0,0.2,0.16666666666666666,0.1818181818181818,1.0,0.2,0.14285714285714285,0.16666666666666666,1.0,0.2,0.125,0.15384615384615385,1.0,0.2,0.1111111111111111,0.14285714285714285,1.0,0.2,0.1111111111111111,0.14285714285714285,1.0,0.2,0.1111111111111111,0.14285714285714285,1.0,0.2,0.1111111111111111,0.14285714285714285,1.0,0.2,0.1111111111111111,0.14285714285714285,1.0,0.2,0.1111111111111111,0.14285714285714285,1.0,0.2,0.1111111111111111,0.14285714285714285,1.0,0.2,0.1111111111111111,0.14285714285714285,1.0,0.2,0.1111111111111111,0.14285714285714285,1.0,0.2,0.1111111111111111,0.14285714285714285,1.0,0.2,0.1111111111111111,0.14285714285714285,1.0,0.2,0.1111111111111111,0.14285714285714285,1.0,1.0,0.2,1.0,0.33333333333333337,1.0,0.2,0.3333333333333333,0.25,1.0,0.2,0.2,0.20000000000000004,1.0,1.0,0.2,1.0,0.33333333333333337,1.0,0.2,0.3333333333333333,0.25,1.0,0.2,0.25,0.22222222222222224,1.0,1.0,1.0,1.0,1.0,4.1893636660000055,0.0
nvbench2:dev:83,83,mistral-small:24b,union,77,0.0,arc,1.0,1.0,11,8,3,1.0,1.0,1.0,0.25,1.0,0.4,1.0,0.25,0.5,0.3333333333333333,1.0,0.25,0.3333333333333333,0.28571428571428575,1.0,0.25,0.3333333333333333,0.28571428571428575,1.0,0.25,0.3333333333333333,0.28571428571428575,1.0,0.25,0.3333333333333333,0.28571428571428575,1.0,0.25,0.3333333333333333,0.28571428571428575,1.0,0.25,0.3333333333333333,0.28571428571428575,1.0,0.25,0.3333333333333333,0.28571428571428575,1.0,0.25,0.3333333333333333,0.28571428571428575,1.0,0.25,0.3333333333333333,0.28571428571428575,1.0,0.25,0.3333333333333333,0.28571428571428575,1.0,0.25,0.3333333333333333,0.28571428571428575,1.0,0.25,0.3333333333333333,0.28571428571428575,1.0,0.25,0.3333333333333333,0.28571428571428575,1.0,0.25,0.3333333333333333,0.28571428571428575,1.0,0.25,0.3333333333333333,0.28571428571428575,1.0,0.25,0.3333333333333333,0.28571428571428575,1.0,0.25,0.3333333333333333,0.28571428571428575,1.0,0.25,0.3333333333333333,0.28571428571428575,1.0,1.0,0.25,1.0,0.4,1.0,0.25,0.3333333333333333,0.28571428571428575,1.0,0.25,0.3333333333333333,0.28571428571428575,1.0,1.0,0.25,1.0,0.4,1.0,0.25,0.5,0.3333333333333333,1.0,0.25,0.5,0.3333333333333333,1.0,1.0,1.0,1.0,1.0,2.3090416670000025,0.0
nvbench2:dev:84,84,mistral-small:24b,union,77,0.0,rect,1.0,1.0,29,14,15,0.0,0.0,0.0,0.0,0.0,0.0,0.0,0.0,0.0,0.0,0.0,0.0,0.0,0.0,0.0,0.0,0.0,0.0,0.0,0.0,0.0,0.0,0.0,0.0,0.0,0.0,0.0,0.0,0.0,0.0,0.0,0.0,0.0,0.0,0.0,0.0,0.0,0.0,0.0,0.0,0.0,0.0,0.0,0.0,0.0,0.0,0.0,0.0,0.0,0.0,0.0,0.0,0.0,0.0,0.0,0.0,0.0,0.0,0.0,0.0,0.0,0.0,0.0,0.0,0.0,0.0,0.0,0.0,0.0,0.0,0.0,0.0,0.0,0.0,0.0,0.0,0.0,0.0,0.0,0.0,0.0,0.0,0.0,0.0,0.0,0.0,0.0,0.0,0.0,0.0,0.0,0.0,0.0,0.0,0.0,0.0,0.0,0.0,0.0,0.0,0.0,0.0,0.0,0.0,0.0,0.0,0.0,0.0,1.0,0.8666666666666668,0.8800000000000001,0.8666666666666668,0.8666666666666668,4.424914083999994,0.0
nvbench2:dev:89,89,mistral-small:24b,union,77,0.0,arc,1.0,1.0,24,16,8,1.0,0.16666666666666666,0.0,0.0,0.0,0.0,0.0,0.0,0.0,0.0,0.0,0.0,0.0,0.0,0.0,0.0,0.0,0.0,0.0,0.0,0.0,0.0,1.0,0.3333333333333333,0.16666666666666666,0.2222222222222222,1.0,0.3333333333333333,0.14285714285714285,0.2,1.0,0.3333333333333333,0.125,0.18181818181818182,1.0,0.3333333333333333,0.125,0.18181818181818182,1.0,0.3333333333333333,0.125,0.18181818181818182,1.0,0.3333333333333333,0.125,0.18181818181818182,1.0,0.3333333333333333,0.125,0.18181818181818182,1.0,0.3333333333333333,0.125,0.18181818181818182,1.0,0.3333333333333333,0.125,0.18181818181818182,1.0,0.3333333333333333,0.125,0.18181818181818182,1.0,0.3333333333333333,0.125,0.18181818181818182,1.0,0.3333333333333333,0.125,0.18181818181818182,1.0,0.3333333333333333,0.125,0.18181818181818182,1.0,0.3333333333333333,0.125,0.18181818181818182,1.0,0.3333333333333333,0.125,0.18181818181818182,0.0,0.0,0.0,0.0,0.0,0.0,0.0,0.0,0.0,0.0,0.0,0.0,0.0,0.2,0.0,0.0,0.0,0.0,0.0,0.0,0.0,0.0,1.0,0.3333333333333333,0.2,0.25,1.0,0.2,1.0,0.2,1.0,3.437091250000009,0.0
nvbench2:dev:92,92,mistral-small:24b,union,77,0.0,arc,1.0,1.0,17,10,7,0.0,0.0,0.0,0.0,0.0,0.0,0.0,0.0,0.0,0.0,0.0,0.0,0.0,0.0,0.0,0.0,0.0,0.0,0.0,0.0,0.0,0.0,0.0,0.0,0.0,0.0,0.0,0.0,0.0,0.0,0.0,0.0,0.0,0.0,0.0,0.0,0.0,0.0,0.0,0.0,0.0,0.0,0.0,0.0,0.0,0.0,0.0,0.0,0.0,0.0,0.0,0.0,0.0,0.0,0.0,0.0,0.0,0.0,0.0,0.0,0.0,0.0,0.0,0.0,0.0,0.0,0.0,0.0,0.0,0.0,0.0,0.0,0.0,0.0,0.0,0.0,0.0,0.0,0.0,0.0,0.0,0.0,0.0,0.0,0.0,0.0,0.0,0.0,0.0,0.0,0.0,0.0,0.0,0.0,0.0,0.0,0.0,0.0,0.0,0.0,0.0,0.0,0.0,0.0,0.0,0.0,0.0,0.0,0.8,0.8,0.8,0.8,0.8,3.687666667000002,0.0
nvbench2:dev:97,97,mistral-small:24b,union,77,0.0,line,1.0,1.0,14,10,4,0.0,0.0,0.0,0.0,0.0,0.0,0.0,0.0,0.0,0.0,0.0,0.0,0.0,0.0,0.0,0.0,0.0,0.0,0.0,0.0,0.0,0.0,0.0,0.0,0.0,0.0,0.0,0.0,0.0,0.0,0.0,0.0,0.0,0.0,0.0,0.0,0.0,0.0,0.0,0.0,0.0,0.0,0.0,0.0,0.0,0.0,0.0,0.0,0.0,0.0,0.0,0.0,0.0,0.0,0.0,0.0,0.0,0.0,0.0,0.0,0.0,0.0,0.0,0.0,0.0,0.0,0.0,0.0,0.0,0.0,0.0,0.0,0.0,0.0,0.0,0.0,0.0,0.0,0.0,0.0,0.0,0.0,0.0,0.0,0.0,0.0,0.0,0.0,0.0,0.0,0.0,0.0,0.0,0.0,0.0,0.0,0.0,0.0,0.0,0.0,0.0,0.0,0.0,0.0,0.0,0.0,0.0,0.0,0.6,0.08,0.6,0.6,0.6,2.475219457999998,0.0
nvbench2:dev:103,103,mistral-small:24b,union,77,0.0,boxplot,1.0,1.0,20,10,10,1.0,1.0,1.0,0.25,1.0,0.4,1.0,0.25,0.5,0.3333333333333333,1.0,0.25,0.3333333333333333,0.28571428571428575,1.0,0.25,0.25,0.25,1.0,0.25,0.2,0.22222222222222224,1.0,0.25,0.16666666666666666,0.2,1.0,0.25,0.14285714285714285,0.18181818181818182,1.0,0.25,0.125,0.16666666666666666,1.0,0.25,0.1111111111111111,0.15384615384615383,1.0,0.25,0.1,0.14285714285714288,1.0,0.25,0.1,0.14285714285714288,1.0,0.25,0.1,0.14285714285714288,1.0,0.25,0.1,0.14285714285714288,1.0,0.25,0.1,0.14285714285714288,1.0,0.25,0.1,0.14285714285714288,1.0,0.25,0.1,0.14285714285714288,1.0,0.25,0.1,0.14285714285714288,1.0,0.25,0.1,0.14285714285714288,1.0,0.25,0.1,0.14285714285714288,1.0,0.25,0.1,0.14285714285714288,1.0,1.0,0.25,1.0,0.4,1.0,0.25,0.3333333333333333,0.28571428571428575,1.0,0.25,0.2,0.22222222222222224,0.3333333333333333,0.0,0.0,0.0,0.0,1.0,0.25,0.3333333333333333,0.28571428571428575,1.0,0.25,0.2,0.22222222222222224,1.0,1.0,1.0,0.8,1.0,3.2744241669999923,-1.0
nvbench2:dev:105,105,mistral-small:24b,union,77,0.0,arc,1.0,1.0,18,11,7,1.0,0.3333333333333333,0.0,0.0,0.0,0.0,0.0,0.0,0.0,0.0,1.0,0.5,0.3333333333333333,0.4,1.0,0.5,0.25,0.3333333333333333,1.0,0.5,0.2,0.28571428571428575,1.0,0.5,0.16666666666666666,0.25,1.0,0.5,0.14285714285714285,0.22222222222222224,1.0,0.5,0.14285714285714285,0.22222222222222224,1.0,0.5,0.14285714285714285,0.22222222222222224,1.0,0.5,0.14285714285714285,0.22222222222222224,1.0,0.5,0.14285714285714285,0.22222222222222224,1.0,0.5,0.14285714285714285,0.22222222222222224,1.0,0.5,0.14285714285714285,0.22222222222222224,1.0,0.5,0.14285714285714285,0.22222222222222224,1.0,0.5,0.14285714285714285,0.22222222222222224,1.0,0.5,0.14285714285714285,0.22222222222222224,1.0,0.5,0.14285714285714285,0.22222222222222224,1.0,0.5,0.14285714285714285,0.22222222222222224,1.0,0.5,0.14285714285714285,0.22222222222222224,1.0,0.5,0.14285714285714285,0.22222222222222224,0.3333333333333333,0.0,0.0,0.0,0.0,1.0,0.5,0.3333333333333333,0.4,1.0,0.5,0.2,0.28571428571428575,0.5,0.0,0.0,0.0,0.0,1.0,0.5,0.3333333333333333,0.4,1.0,0.5,0.2,0.28571428571428575,1.0,1.0,1.0,1.0,1.0,2.9874792079999963,0.0
nvbench2:dev:108,108,mistral-small:24b,union,77,0.0,boxplot,1.0,1.0,14,8,6,0.0,0.0,0.0,0.0,0.0,0.0,0.0,0.0,0.0,0.0,0.0,0.0,0.0,0.0,0.0,0.0,0.0,0.0,0.0,0.0,0.0,0.0,0.0,0.0,0.0,0.0,0.0,0.0,0.0,0.0,0.0,0.0,0.0,0.0,0.0,0.0,0.0,0.0,0.0,0.0,0.0,0.0,0.0,0.0,0.0,0.0,0.0,0.0,0.0,0.0,0.0,0.0,0.0,0.0,0.0,0.0,0.0,0.0,0.0,0.0,0.0,0.0,0.0,0.0,0.0,0.0,0.0,0.0,0.0,0.0,0.0,0.0,0.0,0.0,0.0,0.0,0.0,0.0,0.0,0.0,0.0,0.0,0.0,0.0,0.0,0.0,0.0,0.0,0.0,0.0,0.0,0.0,0.0,0.0,0.0,0.0,0.0,0.0,0.0,0.0,0.0,0.0,0.0,0.0,0.0,0.0,0.0,0.0,1.0,0.4,1.0,1.0,1.0,2.553357625000004,0.0
nvbench2:dev:112,112,mistral-small:24b,union,77,0.0,boxplot,1.0,1.0,13,5,8,0.0,0.0,0.0,0.0,0.0,0.0,0.0,0.0,0.0,0.0,0.0,0.0,0.0,0.0,0.0,0.0,0.0,0.0,0.0,0.0,0.0,0.0,0.0,0.0,0.0,0.0,0.0,0.0,0.0,0.0,0.0,0.0,0.0,0.0,0.0,0.0,0.0,0.0,0.0,0.0,0.0,0.0,0.0,0.0,0.0,0.0,0.0,0.0,0.0,0.0,0.0,0.0,0.0,0.0,0.0,0.0,0.0,0.0,0.0,0.0,0.0,0.0,0.0,0.0,0.0,0.0,0.0,0.0,0.0,0.0,0.0,0.0,0.0,0.0,0.0,0.0,0.0,0.0,0.0,0.0,0.0,0.0,0.0,0.0,0.0,0.0,0.0,0.0,0.0,0.0,0.0,0.0,0.0,0.0,0.0,0.0,0.0,0.0,0.0,0.0,0.0,0.0,0.0,0.0,0.0,0.0,0.0,0.0,0.8,0.6,0.8,0.7,0.7,3.721861167,0.0
nvbench2:dev:114,114,mistral-small:24b,union,77,0.0,line,1.0,1.0,20,5,15,0.0,0.0,0.0,0.0,0.0,0.0,0.0,0.0,0.0,0.0,0.0,0.0,0.0,0.0,0.0,0.0,0.0,0.0,0.0,0.0,0.0,0.0,0.0,0.0,0.0,0.0,0.0,0.0,0.0,0.0,0.0,0.0,0.0,0.0,0.0,0.0,0.0,0.0,0.0,0.0,0.0,0.0,0.0,0.0,0.0,0.0,0.0,0.0,0.0,0.0,0.0,0.0,0.0,0.0,0.0,0.0,0.0,0.0,0.0,0.0,0.0,0.0,0.0,0.0,0.0,0.0,0.0,0.0,0.0,0.0,0.0,0.0,0.0,0.0,0.0,0.0,0.0,0.0,0.0,0.0,0.0,0.0,0.0,0.0,0.0,0.0,0.0,0.0,0.0,0.0,0.0,0.0,0.0,0.0,0.0,0.0,0.0,0.0,0.0,0.0,0.0,0.0,0.0,0.0,0.0,0.0,0.0,0.0,0.5733333333333334,0.37333333333333335,0.44000000000000006,0.37333333333333335,0.5733333333333334,5.245699000000002,0.0
nvbench2:dev:116,116,mistral-small:24b,union,77,0.0,arc,1.0,1.0,18,12,6,1.0,1.0,1.0,0.3333333333333333,1.0,0.5,1.0,0.3333333333333333,0.5,0.4,1.0,0.3333333333333333,0.3333333333333333,0.3333333333333333,1.0,0.3333333333333333,0.25,0.28571428571428575,1.0,0.3333333333333333,0.2,0.25,1.0,0.3333333333333333,0.16666666666666666,0.2222222222222222,1.0,0.3333333333333333,0.16666666666666666,0.2222222222222222,1.0,0.3333333333333333,0.16666666666666666,0.2222222222222222,1.0,0.3333333333333333,0.16666666666666666,0.2222222222222222,1.0,0.3333333333333333,0.16666666666666666,0.2222222222222222,1.0,0.3333333333333333,0.16666666666666666,0.2222222222222222,1.0,0.3333333333333333,0.16666666666666666,0.2222222222222222,1.0,0.3333333333333333,0.16666666666666666,0.2222222222222222,1.0,0.3333333333333333,0.16666666666666666,0.2222222222222222,1.0,0.3333333333333333,0.16666666666666666,0.2222222222222222,1.0,0.3333333333333333,0.16666666666666666,0.2222222222222222,1.0,0.3333333333333333,0.16666666666666666,0.2222222222222222,1.0,0.3333333333333333,0.16666666666666666,0.2222222222222222,1.0,0.3333333333333333,0.16666666666666666,0.2222222222222222,1.0,0.3333333333333333,0.16666666666666666,0.2222222222222222,1.0,1.0,0.3333333333333333,1.0,0.5,1.0,0.3333333333333333,0.3333333333333333,0.3333333333333333,1.0,0.3333333333333333,0.2,0.25,0.5,0.0,0.0,0.0,0.0,1.0,0.3333333333333333,0.3333333333333333,0.3333333333333333,1.0,0.3333333333333333,0.25,0.28571428571428575,1.0,1.0,1.0,1.0,1.0,3.197681083000006,-1.0
nvbench2:dev:118,118,mistral-small:24b,union,77,0.0,rect,1.0,1.0,16,6,10,0.0,0.0,0.0,0.0,0.0,0.0,0.0,0.0,0.0,0.0,0.0,0.0,0.0,0.0,0.0,0.0,0.0,0.0,0.0,0.0,0.0,0.0,0.0,0.0,0.0,0.0,0.0,0.0,0.0,0.0,0.0,0.0,0.0,0.0,0.0,0.0,0.0,0.0,0.0,0.0,0.0,0.0,0.0,0.0,0.0,0.0,0.0,0.0,0.0,0.0,0.0,0.0,0.0,0.0,0.0,0.0,0.0,0.0,0.0,0.0,0.0,0.0,0.0,0.0,0.0,0.0,0.0,0.0,0.0,0.0,0.0,0.0,0.0,0.0,0.0,0.0,0.0,0.0,0.0,0.0,0.0,0.0,0.0,0.0,0.0,0.0,0.0,0.0,0.0,0.0,0.0,0.0,0.0,0.0,0.0,0.0,0.0,0.0,0.0,0.0,0.0,0.0,0.0,0.0,0.0,0.0,0.0,0.0,0.9333333333333332,0.9333333333333332,0.9333333333333332,0.9333333333333332,0.9333333333333332,3.5571265410000024,0.0
nvbench2:dev:127,127,mistral-small:24b,union,77,0.0,arc,1.0,1.0,23,18,5,1.0,0.3333333333333333,0.0,0.0,0.0,0.0,0.0,0.0,0.0,0.0,1.0,0.5,0.3333333333333333,0.4,1.0,0.5,0.25,0.3333333333333333,1.0,1.0,0.4,0.5714285714285715,1.0,1.0,0.4,0.5714285714285715,1.0,1.0,0.4,0.5714285714285715,1.0,1.0,0.4,0.5714285714285715,1.0,1.0,0.4,0.5714285714285715,1.0,1.0,0.4,0.5714285714285715,1.0,1.0,0.4,0.5714285714285715,1.0,1.0,0.4,0.5714285714285715,1.0,1.0,0.4,0.5714285714285715,1.0,1.0,0.4,0.5714285714285715,1.0,1.0,0.4,0.5714285714285715,1.0,1.0,0.4,0.5714285714285715,1.0,1.0,0.4,0.5714285714285715,1.0,1.0,0.4,0.5714285714285715,1.0,1.0,0.4,0.5714285714285715,1.0,1.0,0.4,0.5714285714285715,0.3333333333333333,0.0,0.0,0.0,0.0,1.0,0.5,0.3333333333333333,0.4,1.0,1.0,0.4,0.5714285714285715,1.0,1.0,0.5,1.0,0.6666666666666666,1.0,1.0,0.6666666666666666,0.8,1.0,1.0,0.5,0.6666666666666666,1.0,1.0,1.0,1.0,1.0,2.7401390830000025,1.0
nvbench2:dev:136,136,mistral-small:24b,union,77,0.0,boxplot,1.0,1.0,20,12,8,1.0,0.3333333333333333,0.0,0.0,0.0,0.0,0.0,0.0,0.0,0.0,1.0,0.5,0.3333333333333333,0.4,1.0,0.5,0.25,0.3333333333333333,1.0,0.5,0.2,0.28571428571428575,1.0,0.5,0.16666666666666666,0.25,1.0,0.5,0.14285714285714285,0.22222222222222224,1.0,0.5,0.125,0.2,1.0,0.5,0.125,0.2,1.0,0.5,0.125,0.2,1.0,0.5,0.125,0.2,1.0,0.5,0.125,0.2,1.0,0.5,0.125,0.2,1.0,0.5,0.125,0.2,1.0,0.5,0.125,0.2,1.0,0.5,0.125,0.2,1.0,0.5,0.125,0.2,1.0,0.5,0.125,0.2,1.0,0.5,0.125,0.2,1.0,0.5,0.125,0.2,0.3333333333333333,0.0,0.0,0.0,0.0,1.0,0.5,0.3333333333333333,0.4,1.0,0.5,0.2,0.28571428571428575,0.5,0.0,0.0,0.0,0.0,1.0,0.5,0.3333333333333333,0.4,1.0,0.5,0.2,0.28571428571428575,1.0,0.6,1.0,1.0,1.0,2.7972667089999987,0.0
nvbench2:dev:138,138,mistral-small:24b,union,77,0.0,bar,1.0,1.0,14,8,6,0.0,0.0,0.0,0.0,0.0,0.0,0.0,0.0,0.0,0.0,0.0,0.0,0.0,0.0,0.0,0.0,0.0,0.0,0.0,0.0,0.0,0.0,0.0,0.0,0.0,0.0,0.0,0.0,0.0,0.0,0.0,0.0,0.0,0.0,0.0,0.0,0.0,0.0,0.0,0.0,0.0,0.0,0.0,0.0,0.0,0.0,0.0,0.0,0.0,0.0,0.0,0.0,0.0,0.0,0.0,0.0,0.0,0.0,0.0,0.0,0.0,0.0,0.0,0.0,0.0,0.0,0.0,0.0,0.0,0.0,0.0,0.0,0.0,0.0,0.0,0.0,0.0,0.0,0.0,0.0,0.0,0.0,0.0,0.0,0.0,0.0,0.0,0.0,0.0,0.0,0.0,0.0,0.0,0.0,0.0,0.0,0.0,0.0,0.0,0.0,0.0,0.0,0.0,0.0,0.0,0.0,0.0,0.0,0.8,0.16,0.8,0.8,0.8,2.5559244159999963,0.0
nvbench2:dev:139,139,mistral-small:24b,union,77,0.0,line,1.0,1.0,16,8,8,0.0,0.0,0.0,0.0,0.0,0.0,0.0,0.0,0.0,0.0,0.0,0.0,0.0,0.0,0.0,0.0,0.0,0.0,0.0,0.0,0.0,0.0,0.0,0.0,0.0,0.0,0.0,0.0,0.0,0.0,0.0,0.0,0.0,0.0,0.0,0.0,0.0,0.0,0.0,0.0,0.0,0.0,0.0,0.0,0.0,0.0,0.0,0.0,0.0,0.0,0.0,0.0,0.0,0.0,0.0,0.0,0.0,0.0,0.0,0.0,0.0,0.0,0.0,0.0,0.0,0.0,0.0,0.0,0.0,0.0,0.0,0.0,0.0,0.0,0.0,0.0,0.0,0.0,0.0,0.0,0.0,0.0,0.0,0.0,0.0,0.0,0.0,0.0,0.0,0.0,0.0,0.0,0.0,0.0,0.0,0.0,0.0,0.0,0.0,0.0,0.0,0.0,0.0,0.0,0.0,0.0,0.0,0.0,0.7,0.7,0.7,0.7,0.7,2.828801791999993,0.0
nvbench2:dev:143,143,mistral-small:24b,union,77,0.0,rect,1.0,1.0,19,7,12,1.0,0.5,0.0,0.0,0.0,0.0,1.0,0.3333333333333333,0.5,0.4,1.0,0.3333333333333333,0.3333333333333333,0.3333333333333333,1.0,0.3333333333333333,0.25,0.28571428571428575,1.0,0.3333333333333333,0.2,0.25,1.0,0.3333333333333333,0.16666666666666666,0.2222222222222222,1.0,0.3333333333333333,0.14285714285714285,0.2,1.0,0.3333333333333333,0.125,0.18181818181818182,1.0,0.3333333333333333,0.1111111111111111,0.16666666666666666,1.0,0.3333333333333333,0.1,0.15384615384615383,1.0,0.3333333333333333,0.09090909090909091,0.14285714285714288,1.0,0.3333333333333333,0.08333333333333333,0.13333333333333333,1.0,0.3333333333333333,0.08333333333333333,0.13333333333333333,1.0,0.3333333333333333,0.08333333333333333,0.13333333333333333,1.0,0.3333333333333333,0.08333333333333333,0.13333333333333333,1.0,0.3333333333333333,0.08333333333333333,0.13333333333333333,1.0,0.3333333333333333,0.08333333333333333,0.13333333333333333,1.0,0.3333333333333333,0.08333333333333333,0.13333333333333333,1.0,0.3333333333333333,0.08333333333333333,0.13333333333333333,1.0,0.3333333333333333,0.08333333333333333,0.13333333333333333,0.5,0.0,0.0,0.0,0.0,1.0,0.3333333333333333,0.3333333333333333,0.3333333333333333,1.0,0.3333333333333333,0.2,0.25,0.0,0.0,0.0,0.0,0.0,0.0,0.0,0.0,0.0,0.0,0.0,0.0,0.0,1.0,0.44000000000000006,1.0,0.6666666666666667,0.8666666666666666,4.278712166000005,0.0
nvbench2:dev:144,144,mistral-small:24b,union,77,0.0,bar,1.0,1.0,11,8,3,0.0,0.0,0.0,0.0,0.0,0.0,0.0,0.0,0.0,0.0,0.0,0.0,0.0,0.0,0.0,0.0,0.0,0.0,0.0,0.0,0.0,0.0,0.0,0.0,0.0,0.0,0.0,0.0,0.0,0.0,0.0,0.0,0.0,0.0,0.0,0.0,0.0,0.0,0.0,0.0,0.0,0.0,0.0,0.0,0.0,0.0,0.0,0.0,0.0,0.0,0.0,0.0,0.0,0.0,0.0,0.0,0.0,0.0,0.0,0.0,0.0,0.0,0.0,0.0,0.0,0.0,0.0,0.0,0.0,0.0,0.0,0.0,0.0,0.0,0.0,0.0,0.0,0.0,0.0,0.0,0.0,0.0,0.0,0.0,0.0,0.0,0.0,0.0,0.0,0.0,0.0,0.0,0.0,0.0,0.0,0.0,0.0,0.0,0.0,0.0,0.0,0.0,0.0,0.0,0.0,0.0,0.0,0.0,0.9199999999999999,0.9199999999999999,0.9199999999999999,0.9199999999999999,0.9199999999999999,1.82338575,0.0
nvbench2:dev:149,149,mistral-small:24b,union,77,0.0,point,1.0,1.0,26,12,14,0.0,0.0,0.0,0.0,0.0,0.0,0.0,0.0,0.0,0.0,0.0,0.0,0.0,0.0,0.0,0.0,0.0,0.0,0.0,0.0,0.0,0.0,0.0,0.0,0.0,0.0,0.0,0.0,0.0,0.0,0.0,0.0,0.0,0.0,0.0,0.0,0.0,0.0,0.0,0.0,0.0,0.0,0.0,0.0,0.0,0.0,0.0,0.0,0.0,0.0,0.0,0.0,0.0,0.0,0.0,0.0,0.0,0.0,0.0,0.0,0.0,0.0,0.0,0.0,0.0,0.0,0.0,0.0,0.0,0.0,0.0,0.0,0.0,0.0,0.0,0.0,0.0,0.0,0.0,0.0,0.0,0.0,0.0,0.0,0.0,0.0,0.0,0.0,0.0,0.0,0.0,0.0,0.0,0.0,0.0,0.0,0.0,0.0,0.0,0.0,0.0,0.0,0.0,0.0,0.0,0.0,0.0,0.0,1.0,1.0,1.0,0.76,0.9333333333333332,4.341889750000007,0.0
nvbench2:dev:157,157,mistral-small:24b,union,77,0.0,point,1.0,1.0,21,3,18,0.0,0.0,0.0,0.0,0.0,0.0,0.0,0.0,0.0,0.0,0.0,0.0,0.0,0.0,0.0,0.0,0.0,0.0,0.0,0.0,0.0,0.0,0.0,0.0,0.0,0.0,0.0,0.0,0.0,0.0,0.0,0.0,0.0,0.0,0.0,0.0,0.0,0.0,0.0,0.0,0.0,0.0,0.0,0.0,0.0,0.0,0.0,0.0,0.0,0.0,0.0,0.0,0.0,0.0,0.0,0.0,0.0,0.0,0.0,0.0,0.0,0.0,0.0,0.0,0.0,0.0,0.0,0.0,0.0,0.0,0.0,0.0,0.0,0.0,0.0,0.0,0.0,0.0,0.0,0.0,0.0,0.0,0.0,0.0,0.0,0.0,0.0,0.0,0.0,0.0,0.0,0.0,0.0,0.0,0.0,0.0,0.0,0.0,0.0,0.0,0.0,0.0,0.0,0.0,0.0,0.0,0.0,0.0,0.72,0.36,0.72,0.36,0.37142857142857144,4.854348541999997,0.0
nvbench2:dev:158,158,mistral-small:24b,union,77,0.0,point,1.0,1.0,17,5,12,0.0,0.0,0.0,0.0,0.0,0.0,0.0,0.0,0.0,0.0,0.0,0.0,0.0,0.0,0.0,0.0,0.0,0.0,0.0,0.0,0.0,0.0,0.0,0.0,0.0,0.0,0.0,0.0,0.0,0.0,0.0,0.0,0.0,0.0,0.0,0.0,0.0,0.0,0.0,0.0,0.0,0.0,0.0,0.0,0.0,0.0,0.0,0.0,0.0,0.0,0.0,0.0,0.0,0.0,0.0,0.0,0.0,0.0,0.0,0.0,0.0,0.0,0.0,0.0,0.0,0.0,0.0,0.0,0.0,0.0,0.0,0.0,0.0,0.0,0.0,0.0,0.0,0.0,0.0,0.0,0.0,0.0,0.0,0.0,0.0,0.0,0.0,0.0,0.0,0.0,0.0,0.0,0.0,0.0,0.0,0.0,0.0,0.0,0.0,0.0,0.0,0.0,0.0,0.0,0.0,0.0,0.0,0.0,0.52,0.52,0.52,0.44000000000000006,0.44000000000000006,2.710229792000007,0.0
nvbench2:dev:165,165,mistral-small:24b,union,77,0.0,line,1.0,1.0,14,5,9,0.0,0.0,0.0,0.0,0.0,0.0,0.0,0.0,0.0,0.0,0.0,0.0,0.0,0.0,0.0,0.0,0.0,0.0,0.0,0.0,0.0,0.0,0.0,0.0,0.0,0.0,0.0,0.0,0.0,0.0,0.0,0.0,0.0,0.0,0.0,0.0,0.0,0.0,0.0,0.0,0.0,0.0,0.0,0.0,0.0,0.0,0.0,0.0,0.0,0.0,0.0,0.0,0.0,0.0,0.0,0.0,0.0,0.0,0.0,0.0,0.0,0.0,0.0,0.0,0.0,0.0,0.0,0.0,0.0,0.0,0.0,0.0,0.0,0.0,0.0,0.0,0.0,0.0,0.0,0.0,0.0,0.0,0.0,0.0,0.0,0.0,0.0,0.0,0.0,0.0,0.0,0.0,0.0,0.0,0.0,0.0,0.0,0.0,0.0,0.0,0.0,0.0,0.0,0.0,0.0,0.0,0.0,0.0,0.8,0.7333333333333333,0.8,0.8,0.8,3.8835246659999996,0.0
nvbench2:dev:167,167,mistral-small:24b,union,77,0.0,bar,1.0,1.0,12,9,3,0.0,0.0,0.0,0.0,0.0,0.0,0.0,0.0,0.0,0.0,0.0,0.0,0.0,0.0,0.0,0.0,0.0,0.0,0.0,0.0,0.0,0.0,0.0,0.0,0.0,0.0,0.0,0.0,0.0,0.0,0.0,0.0,0.0,0.0,0.0,0.0,0.0,0.0,0.0,0.0,0.0,0.0,0.0,0.0,0.0,0.0,0.0,0.0,0.0,0.0,0.0,0.0,0.0,0.0,0.0,0.0,0.0,0.0,0.0,0.0,0.0,0.0,0.0,0.0,0.0,0.0,0.0,0.0,0.0,0.0,0.0,0.0,0.0,0.0,0.0,0.0,0.0,0.0,0.0,0.0,0.0,0.0,0.0,0.0,0.0,0.0,0.0,0.0,0.0,0.0,0.0,0.0,0.0,0.0,0.0,0.0,0.0,0.0,0.0,0.0,0.0,0.0,0.0,0.0,0.0,0.0,0.0,0.0,1.0,0.16,1.0,1.0,1.0,1.8833070409999948,0.0
nvbench2:dev:176,176,mistral-small:24b,union,77,0.0,line,1.0,1.0,17,3,14,1.0,1.0,1.0,0.2,1.0,0.33333333333333337,1.0,0.2,0.5,0.28571428571428575,1.0,0.2,0.3333333333333333,0.25,1.0,0.2,0.25,0.22222222222222224,1.0,0.2,0.2,0.20000000000000004,1.0,0.2,0.16666666666666666,0.1818181818181818,1.0,0.2,0.14285714285714285,0.16666666666666666,1.0,0.2,0.125,0.15384615384615385,1.0,0.2,0.1111111111111111,0.14285714285714285,1.0,0.2,0.1,0.13333333333333333,1.0,0.2,0.09090909090909091,0.12500000000000003,1.0,0.2,0.08333333333333333,0.11764705882352941,1.0,0.2,0.07692307692307693,0.1111111111111111,1.0,0.2,0.07142857142857142,0.10526315789473682,1.0,0.2,0.07142857142857142,0.10526315789473682,1.0,0.2,0.07142857142857142,0.10526315789473682,1.0,0.2,0.07142857142857142,0.10526315789473682,1.0,0.2,0.07142857142857142,0.10526315789473682,1.0,0.2,0.07142857142857142,0.10526315789473682,1.0,0.2,0.07142857142857142,0.10526315789473682,1.0,1.0,0.2,1.0,0.33333333333333337,1.0,0.2,0.3333333333333333,0.25,1.0,0.2,0.2,0.20000000000000004,0.0,0.0,0.0,0.0,0.0,0.0,0.0,0.0,0.0,0.0,0.0,0.0,0.0,1.0,1.0,1.0,0.64,0.9199999999999999,3.926909375000008,-1.0
nvbench2:dev:182,182,mistral-small:24b,union,77,0.0,rect,1.0,1.0,22,16,6,0.0,0.0,0.0,0.0,0.0,0.0,0.0,0.0,0.0,0.0,0.0,0.0,0.0,0.0,0.0,0.0,0.0,0.0,0.0,0.0,0.0,0.0,0.0,0.0,0.0,0.0,0.0,0.0,0.0,0.0,0.0,0.0,0.0,0.0,0.0,0.0,0.0,0.0,0.0,0.0,0.0,0.0,0.0,0.0,0.0,0.0,0.0,0.0,0.0,0.0,0.0,0.0,0.0,0.0,0.0,0.0,0.0,0.0,0.0,0.0,0.0,0.0,0.0,0.0,0.0,0.0,0.0,0.0,0.0,0.0,0.0,0.0,0.0,0.0,0.0,0.0,0.0,0.0,0.0,0.0,0.0,0.0,0.0,0.0,0.0,0.0,0.0,0.0,0.0,0.0,0.0,0.0,0.0,0.0,0.0,0.0,0.0,0.0,0.0,0.0,0.0,0.0,0.0,0.0,0.0,0.0,0.0,0.0,0.8,0.08,0.8,0.16,0.8,3.030676833000001,0.0
nvbench2:dev:188,188,mistral-small:24b,union,77,0.0,rect,1.0,1.0,20,5,15,1.0,1.0,1.0,0.3333333333333333,1.0,0.5,1.0,0.3333333333333333,0.5,0.4,1.0,0.3333333333333333,0.3333333333333333,0.3333333333333333,1.0,0.3333333333333333,0.25,0.28571428571428575,1.0,0.3333333333333333,0.2,0.25,1.0,0.6666666666666666,0.3333333333333333,0.4444444444444444,1.0,0.6666666666666666,0.2857142857142857,0.4,1.0,0.6666666666666666,0.25,0.36363636363636365,1.0,0.6666666666666666,0.2222222222222222,0.3333333333333333,1.0,0.6666666666666666,0.2,0.30769230769230765,1.0,0.6666666666666666,0.18181818181818182,0.28571428571428575,1.0,0.6666666666666666,0.16666666666666666,0.26666666666666666,1.0,0.6666666666666666,0.15384615384615385,0.25,1.0,0.6666666666666666,0.14285714285714285,0.23529411764705882,1.0,0.6666666666666666,0.13333333333333333,0.2222222222222222,1.0,0.6666666666666666,0.13333333333333333,0.2222222222222222,1.0,0.6666666666666666,0.13333333333333333,0.2222222222222222,1.0,0.6666666666666666,0.13333333333333333,0.2222222222222222,1.0,0.6666666666666666,0.13333333333333333,0.2222222222222222,1.0,0.6666666666666666,0.13333333333333333,0.2222222222222222,1.0,1.0,0.3333333333333333,1.0,0.5,1.0,0.3333333333333333,0.3333333333333333,0.3333333333333333,1.0,0.3333333333333333,0.2,0.25,0.25,0.0,0.0,0.0,0.0,0.0,0.0,0.0,0.0,1.0,0.3333333333333333,0.2,0.25,1.0,1.0,1.0,0.6,1.0,4.936624416000001,-1.0
nvbench2:dev:191,191,mistral-small:24b,union,77,0.0,rect,1.0,1.0,19,10,9,0.0,0.0,0.0,0.0,0.0,0.0,0.0,0.0,0.0,0.0,0.0,0.0,0.0,0.0,0.0,0.0,0.0,0.0,0.0,0.0,0.0,0.0,0.0,0.0,0.0,0.0,0.0,0.0,0.0,0.0,0.0,0.0,0.0,0.0,0.0,0.0,0.0,0.0,0.0,0.0,0.0,0.0,0.0,0.0,0.0,0.0,0.0,0.0,0.0,0.0,0.0,0.0,0.0,0.0,0.0,0.0,0.0,0.0,0.0,0.0,0.0,0.0,0.0,0.0,0.0,0.0,0.0,0.0,0.0,0.0,0.0,0.0,0.0,0.0,0.0,0.0,0.0,0.0,0.0,0.0,0.0,0.0,0.0,0.0,0.0,0.0,0.0,0.0,0.0,0.0,0.0,0.0,0.0,0.0,0.0,0.0,0.0,0.0,0.0,0.0,0.0,0.0,0.0,0.0,0.0,0.0,0.0,0.0,1.0,1.0,1.0,0.8666666666666666,1.0,3.4758752919999836,0.0
nvbench2:dev:203,203,mistral-small:24b,union,77,0.0,bar+line,1.0,1.0,28,10,18,0.0,0.0,0.0,0.0,0.0,0.0,0.0,0.0,0.0,0.0,0.0,0.0,0.0,0.0,0.0,0.0,0.0,0.0,0.0,0.0,0.0,0.0,0.0,0.0,0.0,0.0,0.0,0.0,0.0,0.0,0.0,0.0,0.0,0.0,0.0,0.0,0.0,0.0,0.0,0.0,0.0,0.0,0.0,0.0,0.0,0.0,0.0,0.0,0.0,0.0,0.0,0.0,0.0,0.0,0.0,0.0,0.0,0.0,0.0,0.0,0.0,0.0,0.0,0.0,0.0,0.0,0.0,0.0,0.0,0.0,0.0,0.0,0.0,0.0,0.0,0.0,0.0,0.0,0.0,0.0,0.0,0.0,0.0,0.0,0.0,0.0,0.0,0.0,0.0,0.0,0.0,0.0,0.0,0.0,0.0,0.0,0.0,0.0,0.0,0.0,0.0,0.0,0.0,0.0,0.0,0.0,0.0,0.0,0.72,0.64,0.72,0.72,0.72,4.177555667000007,0.0
nvbench2:dev:214,214,mistral-small:24b,union,77,0.0,rect,1.0,1.0,19,8,11,1.0,1.0,1.0,0.2,1.0,0.33333333333333337,1.0,0.2,0.5,0.28571428571428575,1.0,0.2,0.3333333333333333,0.25,1.0,0.2,0.25,0.22222222222222224,1.0,0.2,0.2,0.20000000000000004,1.0,0.2,0.16666666666666666,0.1818181818181818,1.0,0.2,0.14285714285714285,0.16666666666666666,1.0,0.2,0.125,0.15384615384615385,1.0,0.2,0.1111111111111111,0.14285714285714285,1.0,0.2,0.1,0.13333333333333333,1.0,0.2,0.09090909090909091,0.12500000000000003,1.0,0.2,0.09090909090909091,0.12500000000000003,1.0,0.2,0.09090909090909091,0.12500000000000003,1.0,0.2,0.09090909090909091,0.12500000000000003,1.0,0.2,0.09090909090909091,0.12500000000000003,1.0,0.2,0.09090909090909091,0.12500000000000003,1.0,0.2,0.09090909090909091,0.12500000000000003,1.0,0.2,0.09090909090909091,0.12500000000000003,1.0,0.2,0.09090909090909091,0.12500000000000003,1.0,0.2,0.09090909090909091,0.12500000000000003,1.0,1.0,0.2,1.0,0.33333333333333337,1.0,0.2,0.3333333333333333,0.25,1.0,0.2,0.2,0.20000000000000004,0.3333333333333333,0.0,0.0,0.0,0.0,1.0,0.2,0.3333333333333333,0.25,1.0,0.2,0.2,0.20000000000000004,1.0,1.0,1.0,0.44000000000000006,1.0,3.910209208999987,-1.0
nvbench2:dev:223,223,mistral-small:24b,union,77,0.0,boxplot,1.0,1.0,21,9,12,0.0,0.0,0.0,0.0,0.0,0.0,0.0,0.0,0.0,0.0,0.0,0.0,0.0,0.0,0.0,0.0,0.0,0.0,0.0,0.0,0.0,0.0,0.0,0.0,0.0,0.0,0.0,0.0,0.0,0.0,0.0,0.0,0.0,0.0,0.0,0.0,0.0,0.0,0.0,0.0,0.0,0.0,0.0,0.0,0.0,0.0,0.0,0.0,0.0,0.0,0.0,0.0,0.0,0.0,0.0,0.0,0.0,0.0,0.0,0.0,0.0,0.0,0.0,0.0,0.0,0.0,0.0,0.0,0.0,0.0,0.0,0.0,0.0,0.0,0.0,0.0,0.0,0.0,0.0,0.0,0.0,0.0,0.0,0.0,0.0,0.0,0.0,0.0,0.0,0.0,0.0,0.0,0.0,0.0,0.0,0.0,0.0,0.0,0.0,0.0,0.0,0.0,0.0,0.0,0.0,0.0,0.0,0.0,1.0,0.6,1.0,1.0,1.0,3.9758984169999962,0.0
nvbench2:dev:228,228,mistral-small:24b,union,77,0.0,rect,1.0,1.0,25,14,11,0.0,0.0,0.0,0.0,0.0,0.0,0.0,0.0,0.0,0.0,0.0,0.0,0.0,0.0,0.0,0.0,0.0,0.0,0.0,0.0,0.0,0.0,0.0,0.0,0.0,0.0,0.0,0.0,0.0,0.0,0.0,0.0,0.0,0.0,0.0,0.0,0.0,0.0,0.0,0.0,0.0,0.0,0.0,0.0,0.0,0.0,0.0,0.0,0.0,0.0,0.0,0.0,0.0,0.0,0.0,0.0,0.0,0.0,0.0,0.0,0.0,0.0,0.0,0.0,0.0,0.0,0.0,0.0,0.0,0.0,0.0,0.0,0.0,0.0,0.0,0.0,0.0,0.0,0.0,0.0,0.0,0.0,0.0,0.0,0.0,0.0,0.0,0.0,0.0,0.0,0.0,0.0,0.0,0.0,0.0,0.0,0.0,0.0,0.0,0.0,0.0,0.0,0.0,0.0,0.0,0.0,0.0,0.0,0.8,0.8,0.8,0.44000000000000006,0.6666666666666667,3.7336209160000067,0.0
nvbench2:dev:232,232,mistral-small:24b,union,77,0.0,arc,1.0,1.0,22,14,8,1.0,0.5,0.0,0.0,0.0,0.0,1.0,0.5,0.5,0.5,1.0,0.5,0.3333333333333333,0.4,1.0,0.5,0.25,0.3333333333333333,1.0,0.5,0.2,0.28571428571428575,1.0,1.0,0.3333333333333333,0.5,1.0,1.0,0.2857142857142857,0.4444444444444445,1.0,1.0,0.25,0.4,1.0,1.0,0.25,0.4,1.0,1.0,0.25,0.4,1.0,1.0,0.25,0.4,1.0,1.0,0.25,0.4,1.0,1.0,0.25,0.4,1.0,1.0,0.25,0.4,1.0,1.0,0.25,0.4,1.0,1.0,0.25,0.4,1.0,1.0,0.25,0.4,1.0,1.0,0.25,0.4,1.0,1.0,0.25,0.4,1.0,1.0,0.25,0.4,0.5,0.0,0.0,0.0,0.0,1.0,0.5,0.3333333333333333,0.4,1.0,0.5,0.2,0.28571428571428575,0.3333333333333333,0.0,0.0,0.0,0.0,1.0,0.5,0.3333333333333333,0.4,1.0,1.0,0.4,0.5714285714285715,1.0,0.6,1.0,0.9,1.0,3.6108106660000203,0.0
nvbench2:dev:245,245,mistral-small:24b,union,77,0.0,line,1.0,1.0,19,7,12,0.0,0.0,0.0,0.0,0.0,0.0,0.0,0.0,0.0,0.0,0.0,0.0,0.0,0.0,0.0,0.0,0.0,0.0,0.0,0.0,0.0,0.0,0.0,0.0,0.0,0.0,0.0,0.0,0.0,0.0,0.0,0.0,0.0,0.0,0.0,0.0,0.0,0.0,0.0,0.0,0.0,0.0,0.0,0.0,0.0,0.0,0.0,0.0,0.0,0.0,0.0,0.0,0.0,0.0,0.0,0.0,0.0,0.0,0.0,0.0,0.0,0.0,0.0,0.0,0.0,0.0,0.0,0.0,0.0,0.0,0.0,0.0,0.0,0.0,0.0,0.0,0.0,0.0,0.0,0.0,0.0,0.0,0.0,0.0,0.0,0.0,0.0,0.0,0.0,0.0,0.0,0.0,0.0,0.0,0.0,0.0,0.0,0.0,0.0,0.0,0.0,0.0,0.0,0.0,0.0,0.0,0.0,0.0,0.8,0.6,0.8,0.7333333333333333,0.8,4.200884082999977,0.0
nvbench2:dev:252,252,mistral-small:24b,union,77,0.0,rect,1.0,1.0,16,10,6,0.0,0.0,0.0,0.0,0.0,0.0,0.0,0.0,0.0,0.0,0.0,0.0,0.0,0.0,0.0,0.0,0.0,0.0,0.0,0.0,0.0,0.0,0.0,0.0,0.0,0.0,0.0,0.0,0.0,0.0,0.0,0.0,0.0,0.0,0.0,0.0,0.0,0.0,0.0,0.0,0.0,0.0,0.0,0.0,0.0,0.0,0.0,0.0,0.0,0.0,0.0,0.0,0.0,0.0,0.0,0.0,0.0,0.0,0.0,0.0,0.0,0.0,0.0,0.0,0.0,0.0,0.0,0.0,0.0,0.0,0.0,0.0,0.0,0.0,0.0,0.0,0.0,0.0,0.0,0.0,0.0,0.0,0.0,0.0,0.0,0.0,0.0,0.0,0.0,0.0,0.0,0.0,0.0,0.0,0.0,0.0,0.0,0.0,0.0,0.0,0.0,0.0,0.0,0.0,0.0,0.0,0.0,0.0,0.6666666666666667,0.6666666666666667,0.6666666666666667,0.6666666666666667,0.6666666666666667,3.4397780420000004,0.0
nvbench2:dev:253,253,mistral-small:24b,union,77,0.0,arc+bar+line,1.0,1.0,12,5,7,1.0,0.14285714285714285,0.0,0.0,0.0,0.0,0.0,0.0,0.0,0.0,0.0,0.0,0.0,0.0,0.0,0.0,0.0,0.0,0.0,0.0,0.0,0.0,0.0,0.0,0.0,0.0,1.0,0.3333333333333333,0.14285714285714285,0.2,1.0,0.3333333333333333,0.14285714285714285,0.2,1.0,0.3333333333333333,0.14285714285714285,0.2,1.0,0.3333333333333333,0.14285714285714285,0.2,1.0,0.3333333333333333,0.14285714285714285,0.2,1.0,0.3333333333333333,0.14285714285714285,0.2,1.0,0.3333333333333333,0.14285714285714285,0.2,1.0,0.3333333333333333,0.14285714285714285,0.2,1.0,0.3333333333333333,0.14285714285714285,0.2,1.0,0.3333333333333333,0.14285714285714285,0.2,1.0,0.3333333333333333,0.14285714285714285,0.2,1.0,0.3333333333333333,0.14285714285714285,0.2,1.0,0.3333333333333333,0.14285714285714285,0.2,1.0,0.3333333333333333,0.14285714285714285,0.2,0.0,0.0,0.0,0.0,0.0,0.0,0.0,0.0,0.0,0.0,0.0,0.0,0.0,0.2,0.0,0.0,0.0,0.0,0.0,0.0,0.0,0.0,1.0,0.3333333333333333,0.2,0.25,1.0,0.9,1.0,0.9,1.0,2.8239773340000056,0.0
nvbench2:dev:255,255,mistral-small:24b,union,77,0.0,bar,1.0,1.0,12,8,4,0.0,0.0,0.0,0.0,0.0,0.0,0.0,0.0,0.0,0.0,0.0,0.0,0.0,0.0,0.0,0.0,0.0,0.0,0.0,0.0,0.0,0.0,0.0,0.0,0.0,0.0,0.0,0.0,0.0,0.0,0.0,0.0,0.0,0.0,0.0,0.0,0.0,0.0,0.0,0.0,0.0,0.0,0.0,0.0,0.0,0.0,0.0,0.0,0.0,0.0,0.0,0.0,0.0,0.0,0.0,0.0,0.0,0.0,0.0,0.0,0.0,0.0,0.0,0.0,0.0,0.0,0.0,0.0,0.0,0.0,0.0,0.0,0.0,0.0,0.0,0.0,0.0,0.0,0.0,0.0,0.0,0.0,0.0,0.0,0.0,0.0,0.0,0.0,0.0,0.0,0.0,0.0,0.0,0.0,0.0,0.0,0.0,0.0,0.0,0.0,0.0,0.0,0.0,0.0,0.0,0.0,0.0,0.0,0.8,0.44000000000000006,0.8,0.8,0.8,2.932207083999998,0.0
nvbench2:dev:256,256,mistral-small:24b,union,77,0.0,rect,1.0,1.0,24,8,16,0.0,0.0,0.0,0.0,0.0,0.0,0.0,0.0,0.0,0.0,0.0,0.0,0.0,0.0,0.0,0.0,0.0,0.0,0.0,0.0,0.0,0.0,0.0,0.0,0.0,0.0,0.0,0.0,0.0,0.0,0.0,0.0,0.0,0.0,0.0,0.0,0.0,0.0,0.0,0.0,0.0,0.0,0.0,0.0,0.0,0.0,0.0,0.0,0.0,0.0,0.0,0.0,0.0,0.0,0.0,0.0,0.0,0.0,0.0,0.0,0.0,0.0,0.0,0.0,0.0,0.0,0.0,0.0,0.0,0.0,0.0,0.0,0.0,0.0,0.0,0.0,0.0,0.0,0.0,0.0,0.0,0.0,0.0,0.0,0.0,0.0,0.0,0.0,0.0,0.0,0.0,0.0,0.0,0.0,0.0,0.0,0.0,0.0,0.0,0.0,0.0,0.0,0.0,0.0,0.0,0.0,0.0,0.0,0.9,0.7333333333333333,0.8,0.9,0.9,7.734536917000014,0.0
nvbench2:dev:259,259,mistral-small:24b,union,77,0.0,point,1.0,1.0,20,8,12,0.0,0.0,0.0,0.0,0.0,0.0,0.0,0.0,0.0,0.0,0.0,0.0,0.0,0.0,0.0,0.0,0.0,0.0,0.0,0.0,0.0,0.0,0.0,0.0,0.0,0.0,0.0,0.0,0.0,0.0,0.0,0.0,0.0,0.0,0.0,0.0,0.0,0.0,0.0,0.0,0.0,0.0,0.0,0.0,0.0,0.0,0.0,0.0,0.0,0.0,0.0,0.0,0.0,0.0,0.0,0.0,0.0,0.0,0.0,0.0,0.0,0.0,0.0,0.0,0.0,0.0,0.0,0.0,0.0,0.0,0.0,0.0,0.0,0.0,0.0,0.0,0.0,0.0,0.0,0.0,0.0,0.0,0.0,0.0,0.0,0.0,0.0,0.0,0.0,0.0,0.0,0.0,0.0,0.0,0.0,0.0,0.0,0.0,0.0,0.0,0.0,0.0,0.0,0.0,0.0,0.0,0.0,0.0,0.9333333333333332,0.8400000000000001,0.8400000000000001,0.8400000000000001,0.9333333333333332,5.160031832999977,0.0
nvbench2:dev:278,278,mistral-small:24b,union,77,0.0,arc,1.0,1.0,16,10,6,1.0,1.0,1.0,0.3333333333333333,1.0,0.5,1.0,0.3333333333333333,0.5,0.4,1.0,0.3333333333333333,0.3333333333333333,0.3333333333333333,1.0,0.3333333333333333,0.25,0.28571428571428575,1.0,0.3333333333333333,0.2,0.25,1.0,0.3333333333333333,0.16666666666666666,0.2222222222222222,1.0,0.3333333333333333,0.16666666666666666,0.2222222222222222,1.0,0.3333333333333333,0.16666666666666666,0.2222222222222222,1.0,0.3333333333333333,0.16666666666666666,0.2222222222222222,1.0,0.3333333333333333,0.16666666666666666,0.2222222222222222,1.0,0.3333333333333333,0.16666666666666666,0.2222222222222222,1.0,0.3333333333333333,0.16666666666666666,0.2222222222222222,1.0,0.3333333333333333,0.16666666666666666,0.2222222222222222,1.0,0.3333333333333333,0.16666666666666666,0.2222222222222222,1.0,0.3333333333333333,0.16666666666666666,0.2222222222222222,1.0,0.3333333333333333,0.16666666666666666,0.2222222222222222,1.0,0.3333333333333333,0.16666666666666666,0.2222222222222222,1.0,0.3333333333333333,0.16666666666666666,0.2222222222222222,1.0,0.3333333333333333,0.16666666666666666,0.2222222222222222,1.0,0.3333333333333333,0.16666666666666666,0.2222222222222222,1.0,1.0,0.3333333333333333,1.0,0.5,1.0,0.3333333333333333,0.3333333333333333,0.3333333333333333,1.0,0.3333333333333333,0.2,0.25,1.0,1.0,0.3333333333333333,1.0,0.5,1.0,0.3333333333333333,0.3333333333333333,0.3333333333333333,1.0,0.3333333333333333,0.2,0.25,1.0,1.0,1.0,1.0,1.0,3.3305620000000147,0.0
nvbench2:dev:283,283,mistral-small:24b,union,77,0.0,rect,1.0,1.0,24,11,13,0.0,0.0,0.0,0.0,0.0,0.0,0.0,0.0,0.0,0.0,0.0,0.0,0.0,0.0,0.0,0.0,0.0,0.0,0.0,0.0,0.0,0.0,0.0,0.0,0.0,0.0,0.0,0.0,0.0,0.0,0.0,0.0,0.0,0.0,0.0,0.0,0.0,0.0,0.0,0.0,0.0,0.0,0.0,0.0,0.0,0.0,0.0,0.0,0.0,0.0,0.0,0.0,0.0,0.0,0.0,0.0,0.0,0.0,0.0,0.0,0.0,0.0,0.0,0.0,0.0,0.0,0.0,0.0,0.0,0.0,0.0,0.0,0.0,0.0,0.0,0.0,0.0,0.0,0.0,0.0,0.0,0.0,0.0,0.0,0.0,0.0,0.0,0.0,0.0,0.0,0.0,0.0,0.0,0.0,0.0,0.0,0.0,0.0,0.0,0.0,0.0,0.0,0.0,0.0,0.0,0.0,0.0,0.0,0.4,0.08,0.27999999999999997,0.24000000000000005,0.24000000000000005,8.099813082999987,0.0
nvbench2:dev:286,286,mistral-small:24b,union,77,0.0,bar,1.0,1.0,8,3,5,0.0,0.0,0.0,0.0,0.0,0.0,0.0,0.0,0.0,0.0,0.0,0.0,0.0,0.0,0.0,0.0,0.0,0.0,0.0,0.0,0.0,0.0,0.0,0.0,0.0,0.0,0.0,0.0,0.0,0.0,0.0,0.0,0.0,0.0,0.0,0.0,0.0,0.0,0.0,0.0,0.0,0.0,0.0,0.0,0.0,0.0,0.0,0.0,0.0,0.0,0.0,0.0,0.0,0.0,0.0,0.0,0.0,0.0,0.0,0.0,0.0,0.0,0.0,0.0,0.0,0.0,0.0,0.0,0.0,0.0,0.0,0.0,0.0,0.0,0.0,0.0,0.0,0.0,0.0,0.0,0.0,0.0,0.0,0.0,0.0,0.0,0.0,0.0,0.0,0.0,0.0,0.0,0.0,0.0,0.0,0.0,0.0,0.0,0.0,0.0,0.0,0.0,0.0,0.0,0.0,0.0,0.0,0.0,0.9199999999999999,0.9199999999999999,0.9199999999999999,0.9199999999999999,0.9199999999999999,4.022964291999983,0.0
nvbench2:dev:292,292,mistral-small:24b,union,77,0.0,rect,1.0,1.0,20,14,6,0.0,0.0,0.0,0.0,0.0,0.0,0.0,0.0,0.0,0.0,0.0,0.0,0.0,0.0,0.0,0.0,0.0,0.0,0.0,0.0,0.0,0.0,0.0,0.0,0.0,0.0,0.0,0.0,0.0,0.0,0.0,0.0,0.0,0.0,0.0,0.0,0.0,0.0,0.0,0.0,0.0,0.0,0.0,0.0,0.0,0.0,0.0,0.0,0.0,0.0,0.0,0.0,0.0,0.0,0.0,0.0,0.0,0.0,0.0,0.0,0.0,0.0,0.0,0.0,0.0,0.0,0.0,0.0,0.0,0.0,0.0,0.0,0.0,0.0,0.0,0.0,0.0,0.0,0.0,0.0,0.0,0.0,0.0,0.0,0.0,0.0,0.0,0.0,0.0,0.0,0.0,0.0,0.0,0.0,0.0,0.0,0.0,0.0,0.0,0.0,0.0,0.0,0.0,0.0,0.0,0.0,0.0,0.0,0.7333333333333333,0.7333333333333333,0.7333333333333333,0.7333333333333333,0.7333333333333333,3.2688807080000117,0.0
nvbench2:dev:296,296,mistral-small:24b,union,77,0.0,bar,1.0,1.0,25,13,12,0.0,0.0,0.0,0.0,0.0,0.0,0.0,0.0,0.0,0.0,0.0,0.0,0.0,0.0,0.0,0.0,0.0,0.0,0.0,0.0,0.0,0.0,0.0,0.0,0.0,0.0,0.0,0.0,0.0,0.0,0.0,0.0,0.0,0.0,0.0,0.0,0.0,0.0,0.0,0.0,0.0,0.0,0.0,0.0,0.0,0.0,0.0,0.0,0.0,0.0,0.0,0.0,0.0,0.0,0.0,0.0,0.0,0.0,0.0,0.0,0.0,0.0,0.0,0.0,0.0,0.0,0.0,0.0,0.0,0.0,0.0,0.0,0.0,0.0,0.0,0.0,0.0,0.0,0.0,0.0,0.0,0.0,0.0,0.0,0.0,0.0,0.0,0.0,0.0,0.0,0.0,0.0,0.0,0.0,0.0,0.0,0.0,0.0,0.0,0.0,0.0,0.0,0.0,0.0,0.0,0.0,0.0,0.0,0.9199999999999999,0.5333333333333333,0.9199999999999999,0.9199999999999999,0.9199999999999999,5.456041333999991,0.0
nvbench2:dev:298,298,mistral-small:24b,union,77,0.0,bar,1.0,1.0,22,19,3,0.0,0.0,0.0,0.0,0.0,0.0,0.0,0.0,0.0,0.0,0.0,0.0,0.0,0.0,0.0,0.0,0.0,0.0,0.0,0.0,0.0,0.0,0.0,0.0,0.0,0.0,0.0,0.0,0.0,0.0,0.0,0.0,0.0,0.0,0.0,0.0,0.0,0.0,0.0,0.0,0.0,0.0,0.0,0.0,0.0,0.0,0.0,0.0,0.0,0.0,0.0,0.0,0.0,0.0,0.0,0.0,0.0,0.0,0.0,0.0,0.0,0.0,0.0,0.0,0.0,0.0,0.0,0.0,0.0,0.0,0.0,0.0,0.0,0.0,0.0,0.0,0.0,0.0,0.0,0.0,0.0,0.0,0.0,0.0,0.0,0.0,0.0,0.0,0.0,0.0,0.0,0.0,0.0,0.0,0.0,0.0,0.0,0.0,0.0,0.0,0.0,0.0,0.0,0.0,0.0,0.0,0.0,0.0,0.9199999999999999,0.9199999999999999,0.9199999999999999,0.9199999999999999,0.9199999999999999,3.513269209000015,0.0
nvbench2:dev:300,300,mistral-small:24b,union,77,0.0,arc,1.0,1.0,35,25,10,1.0,0.5,0.0,0.0,0.0,0.0,1.0,0.5,0.5,0.5,1.0,0.5,0.3333333333333333,0.4,1.0,1.0,0.5,0.6666666666666666,1.0,1.0,0.4,0.5714285714285715,1.0,1.0,0.3333333333333333,0.5,1.0,1.0,0.2857142857142857,0.4444444444444445,1.0,1.0,0.25,0.4,1.0,1.0,0.2222222222222222,0.3636363636363636,1.0,1.0,0.2,0.33333333333333337,1.0,1.0,0.2,0.33333333333333337,1.0,1.0,0.2,0.33333333333333337,1.0,1.0,0.2,0.33333333333333337,1.0,1.0,0.2,0.33333333333333337,1.0,1.0,0.2,0.33333333333333337,1.0,1.0,0.2,0.33333333333333337,1.0,1.0,0.2,0.33333333333333337,1.0,1.0,0.2,0.33333333333333337,1.0,1.0,0.2,0.33333333333333337,1.0,1.0,0.2,0.33333333333333337,0.5,0.0,0.0,0.0,0.0,1.0,0.5,0.3333333333333333,0.4,1.0,1.0,0.4,0.5714285714285715,1.0,1.0,0.5,1.0,0.6666666666666666,1.0,1.0,0.6666666666666666,0.8,1.0,1.0,0.4,0.5714285714285715,1.0,1.0,1.0,1.0,1.0,4.735143208000011,1.0
nvbench2:dev:302,302,mistral-small:24b,union,77,0.0,rect,1.0,1.0,21,8,13,0.0,0.0,0.0,0.0,0.0,0.0,0.0,0.0,0.0,0.0,0.0,0.0,0.0,0.0,0.0,0.0,0.0,0.0,0.0,0.0,0.0,0.0,0.0,0.0,0.0,0.0,0.0,0.0,0.0,0.0,0.0,0.0,0.0,0.0,0.0,0.0,0.0,0.0,0.0,0.0,0.0,0.0,0.0,0.0,0.0,0.0,0.0,0.0,0.0,0.0,0.0,0.0,0.0,0.0,0.0,0.0,0.0,0.0,0.0,0.0,0.0,0.0,0.0,0.0,0.0,0.0,0.0,0.0,0.0,0.0,0.0,0.0,0.0,0.0,0.0,0.0,0.0,0.0,0.0,0.0,0.0,0.0,0.0,0.0,0.0,0.0,0.0,0.0,0.0,0.0,0.0,0.0,0.0,0.0,0.0,0.0,0.0,0.0,0.0,0.0,0.0,0.0,0.0,0.0,0.0,0.0,0.0,0.0,0.8666666666666668,0.8,0.8666666666666668,0.6,0.7333333333333333,4.942135166999975,0.0
nvbench2:dev:307,307,mistral-small:24b,union,77,0.0,rect,1.0,1.0,18,16,2,0.0,0.0,0.0,0.0,0.0,0.0,0.0,0.0,0.0,0.0,0.0,0.0,0.0,0.0,0.0,0.0,0.0,0.0,0.0,0.0,0.0,0.0,0.0,0.0,0.0,0.0,0.0,0.0,0.0,0.0,0.0,0.0,0.0,0.0,0.0,0.0,0.0,0.0,0.0,0.0,0.0,0.0,0.0,0.0,0.0,0.0,0.0,0.0,0.0,0.0,0.0,0.0,0.0,0.0,0.0,0.0,0.0,0.0,0.0,0.0,0.0,0.0,0.0,0.0,0.0,0.0,0.0,0.0,0.0,0.0,0.0,0.0,0.0,0.0,0.0,0.0,0.0,0.0,0.0,0.0,0.0,0.0,0.0,0.0,0.0,0.0,0.0,0.0,0.0,0.0,0.0,0.0,0.0,0.0,0.0,0.0,0.0,0.0,0.0,0.0,0.0,0.0,0.0,0.0,0.0,0.0,0.0,0.0,0.4666666666666667,0.08,0.4666666666666667,0.08,0.4666666666666667,2.6090917919999868,0.0
nvbench2:dev:314,314,mistral-small:24b,union,77,0.0,arc,1.0,1.0,11,9,2,0.0,0.0,0.0,0.0,0.0,0.0,0.0,0.0,0.0,0.0,0.0,0.0,0.0,0.0,0.0,0.0,0.0,0.0,0.0,0.0,0.0,0.0,0.0,0.0,0.0,0.0,0.0,0.0,0.0,0.0,0.0,0.0,0.0,0.0,0.0,0.0,0.0,0.0,0.0,0.0,0.0,0.0,0.0,0.0,0.0,0.0,0.0,0.0,0.0,0.0,0.0,0.0,0.0,0.0,0.0,0.0,0.0,0.0,0.0,0.0,0.0,0.0,0.0,0.0,0.0,0.0,0.0,0.0,0.0,0.0,0.0,0.0,0.0,0.0,0.0,0.0,0.0,0.0,0.0,0.0,0.0,0.0,0.0,0.0,0.0,0.0,0.0,0.0,0.0,0.0,0.0,0.0,0.0,0.0,0.0,0.0,0.0,0.0,0.0,0.0,0.0,0.0,0.0,0.0,0.0,0.0,0.0,0.0,1.0,1.0,1.0,1.0,1.0,2.109264333999988,0.0
nvbench2:dev:315,315,mistral-small:24b,union,77,0.0,bar,1.0,1.0,21,14,7,1.0,1.0,1.0,0.5,1.0,0.6666666666666666,1.0,0.5,0.5,0.5,1.0,0.5,0.3333333333333333,0.4,1.0,0.5,0.25,0.3333333333333333,1.0,0.5,0.2,0.28571428571428575,1.0,0.5,0.16666666666666666,0.25,1.0,0.5,0.14285714285714285,0.22222222222222224,1.0,0.5,0.14285714285714285,0.22222222222222224,1.0,0.5,0.14285714285714285,0.22222222222222224,1.0,0.5,0.14285714285714285,0.22222222222222224,1.0,0.5,0.14285714285714285,0.22222222222222224,1.0,0.5,0.14285714285714285,0.22222222222222224,1.0,0.5,0.14285714285714285,0.22222222222222224,1.0,0.5,0.14285714285714285,0.22222222222222224,1.0,0.5,0.14285714285714285,0.22222222222222224,1.0,0.5,0.14285714285714285,0.22222222222222224,1.0,0.5,0.14285714285714285,0.22222222222222224,1.0,0.5,0.14285714285714285,0.22222222222222224,1.0,0.5,0.14285714285714285,0.22222222222222224,1.0,0.5,0.14285714285714285,0.22222222222222224,1.0,1.0,0.5,1.0,0.6666666666666666,1.0,0.5,0.3333333333333333,0.4,1.0,0.5,0.2,0.28571428571428575,0.3333333333333333,0.0,0.0,0.0,0.0,1.0,0.5,0.3333333333333333,0.4,1.0,0.5,0.2,0.28571428571428575,1.0,1.0,1.0,1.0,1.0,3.8334096669999838,-1.0
nvbench2:dev:317,317,mistral-small:24b,union,77,0.0,rect,1.0,1.0,20,13,7,0.0,0.0,0.0,0.0,0.0,0.0,0.0,0.0,0.0,0.0,0.0,0.0,0.0,0.0,0.0,0.0,0.0,0.0,0.0,0.0,0.0,0.0,0.0,0.0,0.0,0.0,0.0,0.0,0.0,0.0,0.0,0.0,0.0,0.0,0.0,0.0,0.0,0.0,0.0,0.0,0.0,0.0,0.0,0.0,0.0,0.0,0.0,0.0,0.0,0.0,0.0,0.0,0.0,0.0,0.0,0.0,0.0,0.0,0.0,0.0,0.0,0.0,0.0,0.0,0.0,0.0,0.0,0.0,0.0,0.0,0.0,0.0,0.0,0.0,0.0,0.0,0.0,0.0,0.0,0.0,0.0,0.0,0.0,0.0,0.0,0.0,0.0,0.0,0.0,0.0,0.0,0.0,0.0,0.0,0.0,0.0,0.0,0.0,0.0,0.0,0.0,0.0,0.0,0.0,0.0,0.0,0.0,0.0,0.7333333333333333,0.7333333333333333,0.7333333333333333,0.7333333333333333,0.7333333333333333,4.742398874999992,0.0
nvbench2:dev:319,319,mistral-small:24b,union,77,0.0,boxplot,1.0,1.0,18,6,12,1.0,1.0,1.0,0.2,1.0,0.33333333333333337,1.0,0.2,0.5,0.28571428571428575,1.0,0.2,0.3333333333333333,0.25,1.0,0.2,0.25,0.22222222222222224,1.0,0.2,0.2,0.20000000000000004,1.0,0.2,0.16666666666666666,0.1818181818181818,1.0,0.2,0.14285714285714285,0.16666666666666666,1.0,0.2,0.125,0.15384615384615385,1.0,0.2,0.1111111111111111,0.14285714285714285,1.0,0.2,0.1,0.13333333333333333,1.0,0.2,0.09090909090909091,0.12500000000000003,1.0,0.2,0.08333333333333333,0.11764705882352941,1.0,0.2,0.08333333333333333,0.11764705882352941,1.0,0.2,0.08333333333333333,0.11764705882352941,1.0,0.2,0.08333333333333333,0.11764705882352941,1.0,0.2,0.08333333333333333,0.11764705882352941,1.0,0.2,0.08333333333333333,0.11764705882352941,1.0,0.2,0.08333333333333333,0.11764705882352941,1.0,0.2,0.08333333333333333,0.11764705882352941,1.0,0.2,0.08333333333333333,0.11764705882352941,1.0,1.0,0.2,1.0,0.33333333333333337,1.0,0.2,0.3333333333333333,0.25,1.0,0.2,0.2,0.20000000000000004,0.0,0.0,0.0,0.0,0.0,0.0,0.0,0.0,0.0,0.0,0.0,0.0,0.0,1.0,1.0,1.0,1.0,1.0,4.660115292,-1.0
nvbench2:dev:326,326,mistral-small:24b,union,77,0.0,rect,1.0,1.0,16,11,5,0.0,0.0,0.0,0.0,0.0,0.0,0.0,0.0,0.0,0.0,0.0,0.0,0.0,0.0,0.0,0.0,0.0,0.0,0.0,0.0,0.0,0.0,0.0,0.0,0.0,0.0,0.0,0.0,0.0,0.0,0.0,0.0,0.0,0.0,0.0,0.0,0.0,0.0,0.0,0.0,0.0,0.0,0.0,0.0,0.0,0.0,0.0,0.0,0.0,0.0,0.0,0.0,0.0,0.0,0.0,0.0,0.0,0.0,0.0,0.0,0.0,0.0,0.0,0.0,0.0,0.0,0.0,0.0,0.0,0.0,0.0,0.0,0.0,0.0,0.0,0.0,0.0,0.0,0.0,0.0,0.0,0.0,0.0,0.0,0.0,0.0,0.0,0.0,0.0,0.0,0.0,0.0,0.0,0.0,0.0,0.0,0.0,0.0,0.0,0.0,0.0,0.0,0.0,0.0,0.0,0.0,0.0,0.0,0.44000000000000006,0.16,0.44000000000000006,0.44000000000000006,0.44000000000000006,2.827763542000014,0.0
nvbench2:dev:327,327,mistral-small:24b,union,77,0.0,boxplot,1.0,1.0,22,10,12,0.0,0.0,0.0,0.0,0.0,0.0,0.0,0.0,0.0,0.0,0.0,0.0,0.0,0.0,0.0,0.0,0.0,0.0,0.0,0.0,0.0,0.0,0.0,0.0,0.0,0.0,0.0,0.0,0.0,0.0,0.0,0.0,0.0,0.0,0.0,0.0,0.0,0.0,0.0,0.0,0.0,0.0,0.0,0.0,0.0,0.0,0.0,0.0,0.0,0.0,0.0,0.0,0.0,0.0,0.0,0.0,0.0,0.0,0.0,0.0,0.0,0.0,0.0,0.0,0.0,0.0,0.0,0.0,0.0,0.0,0.0,0.0,0.0,0.0,0.0,0.0,0.0,0.0,0.0,0.0,0.0,0.0,0.0,0.0,0.0,0.0,0.0,0.0,0.0,0.0,0.0,0.0,0.0,0.0,0.0,0.0,0.0,0.0,0.0,0.0,0.0,0.0,0.0,0.0,0.0,0.0,0.0,0.0,0.6,0.6,0.6,0.6,0.6,3.7567774169999666,0.0
nvbench2:dev:331,331,mistral-small:24b,union,77,0.0,bar,1.0,1.0,16,7,9,0.0,0.0,0.0,0.0,0.0,0.0,0.0,0.0,0.0,0.0,0.0,0.0,0.0,0.0,0.0,0.0,0.0,0.0,0.0,0.0,0.0,0.0,0.0,0.0,0.0,0.0,0.0,0.0,0.0,0.0,0.0,0.0,0.0,0.0,0.0,0.0,0.0,0.0,0.0,0.0,0.0,0.0,0.0,0.0,0.0,0.0,0.0,0.0,0.0,0.0,0.0,0.0,0.0,0.0,0.0,0.0,0.0,0.0,0.0,0.0,0.0,0.0,0.0,0.0,0.0,0.0,0.0,0.0,0.0,0.0,0.0,0.0,0.0,0.0,0.0,0.0,0.0,0.0,0.0,0.0,0.0,0.0,0.0,0.0,0.0,0.0,0.0,0.0,0.0,0.0,0.0,0.0,0.0,0.0,0.0,0.0,0.0,0.0,0.0,0.0,0.0,0.0,0.0,0.0,0.0,0.0,0.0,0.0,1.0,0.5,1.0,1.0,1.0,4.174986708000006,0.0
nvbench2:dev:332,332,mistral-small:24b,union,77,0.0,arc,1.0,1.0,14,9,5,0.0,0.0,0.0,0.0,0.0,0.0,0.0,0.0,0.0,0.0,0.0,0.0,0.0,0.0,0.0,0.0,0.0,0.0,0.0,0.0,0.0,0.0,0.0,0.0,0.0,0.0,0.0,0.0,0.0,0.0,0.0,0.0,0.0,0.0,0.0,0.0,0.0,0.0,0.0,0.0,0.0,0.0,0.0,0.0,0.0,0.0,0.0,0.0,0.0,0.0,0.0,0.0,0.0,0.0,0.0,0.0,0.0,0.0,0.0,0.0,0.0,0.0,0.0,0.0,0.0,0.0,0.0,0.0,0.0,0.0,0.0,0.0,0.0,0.0,0.0,0.0,0.0,0.0,0.0,0.0,0.0,0.0,0.0,0.0,0.0,0.0,0.0,0.0,0.0,0.0,0.0,0.0,0.0,0.0,0.0,0.0,0.0,0.0,0.0,0.0,0.0,0.0,0.0,0.0,0.0,0.0,0.0,0.0,0.7,0.2,0.7,0.2,0.7,2.7857131250000293,0.0
nvbench2:dev:336,336,mistral-small:24b,union,77,0.0,arc,1.0,1.0,22,19,3,1.0,0.5,0.0,0.0,0.0,0.0,1.0,0.2,0.5,0.28571428571428575,1.0,0.2,0.3333333333333333,0.25,1.0,0.2,0.3333333333333333,0.25,1.0,0.2,0.3333333333333333,0.25,1.0,0.2,0.3333333333333333,0.25,1.0,0.2,0.3333333333333333,0.25,1.0,0.2,0.3333333333333333,0.25,1.0,0.2,0.3333333333333333,0.25,1.0,0.2,0.3333333333333333,0.25,1.0,0.2,0.3333333333333333,0.25,1.0,0.2,0.3333333333333333,0.25,1.0,0.2,0.3333333333333333,0.25,1.0,0.2,0.3333333333333333,0.25,1.0,0.2,0.3333333333333333,0.25,1.0,0.2,0.3333333333333333,0.25,1.0,0.2,0.3333333333333333,0.25,1.0,0.2,0.3333333333333333,0.25,1.0,0.2,0.3333333333333333,0.25,1.0,0.2,0.3333333333333333,0.25,0.5,0.0,0.0,0.0,0.0,1.0,0.2,0.3333333333333333,0.25,1.0,0.2,0.3333333333333333,0.25,0.3333333333333333,0.0,0.0,0.0,0.0,1.0,0.2,0.3333333333333333,0.25,1.0,0.2,0.3333333333333333,0.25,1.0,0.8,1.0,0.8,1.0,2.3517329580000137,0.0
nvbench2:dev:338,338,mistral-small:24b,union,77,0.0,rect,1.0,1.0,25,13,12,0.0,0.0,0.0,0.0,0.0,0.0,0.0,0.0,0.0,0.0,0.0,0.0,0.0,0.0,0.0,0.0,0.0,0.0,0.0,0.0,0.0,0.0,0.0,0.0,0.0,0.0,0.0,0.0,0.0,0.0,0.0,0.0,0.0,0.0,0.0,0.0,0.0,0.0,0.0,0.0,0.0,0.0,0.0,0.0,0.0,0.0,0.0,0.0,0.0,0.0,0.0,0.0,0.0,0.0,0.0,0.0,0.0,0.0,0.0,0.0,0.0,0.0,0.0,0.0,0.0,0.0,0.0,0.0,0.0,0.0,0.0,0.0,0.0,0.0,0.0,0.0,0.0,0.0,0.0,0.0,0.0,0.0,0.0,0.0,0.0,0.0,0.0,0.0,0.0,0.0,0.0,0.0,0.0,0.0,0.0,0.0,0.0,0.0,0.0,0.0,0.0,0.0,0.0,0.0,0.0,0.0,0.0,0.0,0.9333333333333332,0.9333333333333332,0.9333333333333332,0.7333333333333333,0.9333333333333332,4.012203417000023,0.0
nvbench2:dev:340,340,mistral-small:24b,union,77,0.0,rect,1.0,1.0,20,10,10,0.0,0.0,0.0,0.0,0.0,0.0,0.0,0.0,0.0,0.0,0.0,0.0,0.0,0.0,0.0,0.0,0.0,0.0,0.0,0.0,0.0,0.0,0.0,0.0,0.0,0.0,0.0,0.0,0.0,0.0,0.0,0.0,0.0,0.0,0.0,0.0,0.0,0.0,0.0,0.0,0.0,0.0,0.0,0.0,0.0,0.0,0.0,0.0,0.0,0.0,0.0,0.0,0.0,0.0,0.0,0.0,0.0,0.0,0.0,0.0,0.0,0.0,0.0,0.0,0.0,0.0,0.0,0.0,0.0,0.0,0.0,0.0,0.0,0.0,0.0,0.0,0.0,0.0,0.0,0.0,0.0,0.0,0.0,0.0,0.0,0.0,0.0,0.0,0.0,0.0,0.0,0.0,0.0,0.0,0.0,0.0,0.0,0.0,0.0,0.0,0.0,0.0,0.0,0.0,0.0,0.0,0.0,0.0,1.0,0.9333333333333332,0.96,0.44000000000000006,1.0,3.6466397089999987,0.0
nvbench2:dev:346,346,mistral-small:24b,union,77,0.0,bar+line+rect,1.0,1.0,20,11,9,0.0,0.0,0.0,0.0,0.0,0.0,0.0,0.0,0.0,0.0,0.0,0.0,0.0,0.0,0.0,0.0,0.0,0.0,0.0,0.0,0.0,0.0,0.0,0.0,0.0,0.0,0.0,0.0,0.0,0.0,0.0,0.0,0.0,0.0,0.0,0.0,0.0,0.0,0.0,0.0,0.0,0.0,0.0,0.0,0.0,0.0,0.0,0.0,0.0,0.0,0.0,0.0,0.0,0.0,0.0,0.0,0.0,0.0,0.0,0.0,0.0,0.0,0.0,0.0,0.0,0.0,0.0,0.0,0.0,0.0,0.0,0.0,0.0,0.0,0.0,0.0,0.0,0.0,0.0,0.0,0.0,0.0,0.0,0.0,0.0,0.0,0.0,0.0,0.0,0.0,0.0,0.0,0.0,0.0,0.0,0.0,0.0,0.0,0.0,0.0,0.0,0.0,0.0,0.0,0.0,0.0,0.0,0.0,0.72,0.08,0.72,0.72,0.72,4.338383125000007,0.0
nvbench2:dev:358,358,mistral-small:24b,union,77,0.0,bar,1.0,1.0,30,17,13,1.0,0.08333333333333333,0.0,0.0,0.0,0.0,0.0,0.0,0.0,0.0,0.0,0.0,0.0,0.0,0.0,0.0,0.0,0.0,0.0,0.0,0.0,0.0,0.0,0.0,0.0,0.0,0.0,0.0,0.0,0.0,0.0,0.0,0.0,0.0,0.0,0.0,0.0,0.0,0.0,0.0,0.0,0.0,0.0,0.0,0.0,0.0,1.0,0.5,0.08333333333333333,0.14285714285714285,1.0,0.5,0.07692307692307693,0.13333333333333336,1.0,0.5,0.07692307692307693,0.13333333333333336,1.0,0.5,0.07692307692307693,0.13333333333333336,1.0,0.5,0.07692307692307693,0.13333333333333336,1.0,0.5,0.07692307692307693,0.13333333333333336,1.0,0.5,0.07692307692307693,0.13333333333333336,1.0,0.5,0.07692307692307693,0.13333333333333336,1.0,0.5,0.07692307692307693,0.13333333333333336,0.0,0.0,0.0,0.0,0.0,0.0,0.0,0.0,0.0,0.0,0.0,0.0,0.0,1.0,1.0,0.5,1.0,0.6666666666666666,1.0,0.5,0.3333333333333333,0.4,1.0,0.5,0.2,0.28571428571428575,1.0,0.27999999999999997,0.9199999999999999,1.0,1.0,4.492305499999986,1.0
nvbench2:dev:362,362,mistral-small:24b,union,77,0.0,rect,1.0,1.0,19,11,8,0.0,0.0,0.0,0.0,0.0,0.0,0.0,0.0,0.0,0.0,0.0,0.0,0.0,0.0,0.0,0.0,0.0,0.0,0.0,0.0,0.0,0.0,0.0,0.0,0.0,0.0,0.0,0.0,0.0,0.0,0.0,0.0,0.0,0.0,0.0,0.0,0.0,0.0,0.0,0.0,0.0,0.0,0.0,0.0,0.0,0.0,0.0,0.0,0.0,0.0,0.0,0.0,0.0,0.0,0.0,0.0,0.0,0.0,0.0,0.0,0.0,0.0,0.0,0.0,0.0,0.0,0.0,0.0,0.0,0.0,0.0,0.0,0.0,0.0,0.0,0.0,0.0,0.0,0.0,0.0,0.0,0.0,0.0,0.0,0.0,0.0,0.0,0.0,0.0,0.0,0.0,0.0,0.0,0.0,0.0,0.0,0.0,0.0,0.0,0.0,0.0,0.0,0.0,0.0,0.0,0.0,0.0,0.0,0.6666666666666667,0.6666666666666667,0.6666666666666667,0.6666666666666667,0.6666666666666667,3.7716405830000213,0.0
nvbench2:dev:367,367,mistral-small:24b,union,77,0.0,bar,1.0,1.0,17,9,8,0.0,0.0,0.0,0.0,0.0,0.0,0.0,0.0,0.0,0.0,0.0,0.0,0.0,0.0,0.0,0.0,0.0,0.0,0.0,0.0,0.0,0.0,0.0,0.0,0.0,0.0,0.0,0.0,0.0,0.0,0.0,0.0,0.0,0.0,0.0,0.0,0.0,0.0,0.0,0.0,0.0,0.0,0.0,0.0,0.0,0.0,0.0,0.0,0.0,0.0,0.0,0.0,0.0,0.0,0.0,0.0,0.0,0.0,0.0,0.0,0.0,0.0,0.0,0.0,0.0,0.0,0.0,0.0,0.0,0.0,0.0,0.0,0.0,0.0,0.0,0.0,0.0,0.0,0.0,0.0,0.0,0.0,0.0,0.0,0.0,0.0,0.0,0.0,0.0,0.0,0.0,0.0,0.0,0.0,0.0,0.0,0.0,0.0,0.0,0.0,0.0,0.0,0.0,0.0,0.0,0.0,0.0,0.0,0.9199999999999999,0.4,0.9199999999999999,0.9199999999999999,0.9199999999999999,2.9145254590000036,0.0
nvbench2:dev:381,381,mistral-small:24b,union,77,0.0,rect,1.0,1.0,22,7,15,1.0,0.25,0.0,0.0,0.0,0.0,0.0,0.0,0.0,0.0,0.0,0.0,0.0,0.0,1.0,0.3333333333333333,0.25,0.28571428571428575,1.0,0.3333333333333333,0.2,0.25,1.0,0.3333333333333333,0.16666666666666666,0.2222222222222222,1.0,0.3333333333333333,0.14285714285714285,0.2,1.0,0.3333333333333333,0.125,0.18181818181818182,1.0,0.3333333333333333,0.1111111111111111,0.16666666666666666,1.0,0.3333333333333333,0.1,0.15384615384615383,1.0,0.3333333333333333,0.09090909090909091,0.14285714285714288,1.0,0.3333333333333333,0.08333333333333333,0.13333333333333333,1.0,0.3333333333333333,0.07692307692307693,0.125,1.0,0.3333333333333333,0.07142857142857142,0.11764705882352941,1.0,0.3333333333333333,0.06666666666666667,0.1111111111111111,1.0,0.3333333333333333,0.06666666666666667,0.1111111111111111,1.0,0.3333333333333333,0.06666666666666667,0.1111111111111111,1.0,0.3333333333333333,0.06666666666666667,0.1111111111111111,1.0,0.3333333333333333,0.06666666666666667,0.1111111111111111,1.0,0.3333333333333333,0.06666666666666667,0.1111111111111111,0.25,0.0,0.0,0.0,0.0,0.0,0.0,0.0,0.0,1.0,0.3333333333333333,0.2,0.25,0.2,0.0,0.0,0.0,0.0,0.0,0.0,0.0,0.0,1.0,0.3333333333333333,0.2,0.25,1.0,0.9333333333333332,1.0,0.9333333333333332,1.0,5.403606916000001,0.0
nvbench2:dev:383,383,mistral-small:24b,union,77,0.0,rect,1.0,1.0,19,6,13,1.0,1.0,1.0,0.3333333333333333,1.0,0.5,1.0,0.3333333333333333,0.5,0.4,1.0,0.3333333333333333,0.3333333333333333,0.3333333333333333,1.0,0.3333333333333333,0.25,0.28571428571428575,1.0,0.3333333333333333,0.2,0.25,1.0,0.3333333333333333,0.16666666666666666,0.2222222222222222,1.0,0.3333333333333333,0.14285714285714285,0.2,1.0,0.3333333333333333,0.125,0.18181818181818182,1.0,0.3333333333333333,0.1111111111111111,0.16666666666666666,1.0,0.3333333333333333,0.1,0.15384615384615383,1.0,0.3333333333333333,0.09090909090909091,0.14285714285714288,1.0,0.3333333333333333,0.08333333333333333,0.13333333333333333,1.0,0.3333333333333333,0.07692307692307693,0.125,1.0,0.3333333333333333,0.07692307692307693,0.125,1.0,0.3333333333333333,0.07692307692307693,0.125,1.0,0.3333333333333333,0.07692307692307693,0.125,1.0,0.3333333333333333,0.07692307692307693,0.125,1.0,0.3333333333333333,0.07692307692307693,0.125,1.0,0.3333333333333333,0.07692307692307693,0.125,1.0,0.3333333333333333,0.07692307692307693,0.125,1.0,1.0,0.3333333333333333,1.0,0.5,1.0,0.3333333333333333,0.3333333333333333,0.3333333333333333,1.0,0.3333333333333333,0.2,0.25,0.25,0.0,0.0,0.0,0.0,0.0,0.0,0.0,0.0,1.0,0.3333333333333333,0.2,0.25,1.0,1.0,1.0,0.44000000000000006,1.0,4.182981500000039,-1.0
nvbench2:dev:384,384,mistral-small:24b,union,77,0.0,bar,1.0,1.0,18,11,7,0.0,0.0,0.0,0.0,0.0,0.0,0.0,0.0,0.0,0.0,0.0,0.0,0.0,0.0,0.0,0.0,0.0,0.0,0.0,0.0,0.0,0.0,0.0,0.0,0.0,0.0,0.0,0.0,0.0,0.0,0.0,0.0,0.0,0.0,0.0,0.0,0.0,0.0,0.0,0.0,0.0,0.0,0.0,0.0,0.0,0.0,0.0,0.0,0.0,0.0,0.0,0.0,0.0,0.0,0.0,0.0,0.0,0.0,0.0,0.0,0.0,0.0,0.0,0.0,0.0,0.0,0.0,0.0,0.0,0.0,0.0,0.0,0.0,0.0,0.0,0.0,0.0,0.0,0.0,0.0,0.0,0.0,0.0,0.0,0.0,0.0,0.0,0.0,0.0,0.0,0.0,0.0,0.0,0.0,0.0,0.0,0.0,0.0,0.0,0.0,0.0,0.0,0.0,0.0,0.0,0.0,0.0,0.0,0.8,0.08,0.8,0.7,0.7,3.8501764590000107,0.0
nvbench2:dev:388,388,mistral-small:24b,union,77,0.0,rect,1.0,1.0,19,13,6,0.0,0.0,0.0,0.0,0.0,0.0,0.0,0.0,0.0,0.0,0.0,0.0,0.0,0.0,0.0,0.0,0.0,0.0,0.0,0.0,0.0,0.0,0.0,0.0,0.0,0.0,0.0,0.0,0.0,0.0,0.0,0.0,0.0,0.0,0.0,0.0,0.0,0.0,0.0,0.0,0.0,0.0,0.0,0.0,0.0,0.0,0.0,0.0,0.0,0.0,0.0,0.0,0.0,0.0,0.0,0.0,0.0,0.0,0.0,0.0,0.0,0.0,0.0,0.0,0.0,0.0,0.0,0.0,0.0,0.0,0.0,0.0,0.0,0.0,0.0,0.0,0.0,0.0,0.0,0.0,0.0,0.0,0.0,0.0,0.0,0.0,0.0,0.0,0.0,0.0,0.0,0.0,0.0,0.0,0.0,0.0,0.0,0.0,0.0,0.0,0.0,0.0,0.0,0.0,0.0,0.0,0.0,0.0,0.8,0.6666666666666667,0.8,0.6666666666666667,0.8,3.8013900839999906,0.0
nvbench2:dev:394,394,mistral-small:24b,union,77,0.0,arc,1.0,1.0,15,14,1,0.0,0.0,0.0,0.0,0.0,0.0,0.0,0.0,0.0,0.0,0.0,0.0,0.0,0.0,0.0,0.0,0.0,0.0,0.0,0.0,0.0,0.0,0.0,0.0,0.0,0.0,0.0,0.0,0.0,0.0,0.0,0.0,0.0,0.0,0.0,0.0,0.0,0.0,0.0,0.0,0.0,0.0,0.0,0.0,0.0,0.0,0.0,0.0,0.0,0.0,0.0,0.0,0.0,0.0,0.0,0.0,0.0,0.0,0.0,0.0,0.0,0.0,0.0,0.0,0.0,0.0,0.0,0.0,0.0,0.0,0.0,0.0,0.0,0.0,0.0,0.0,0.0,0.0,0.0,0.0,0.0,0.0,0.0,0.0,0.0,0.0,0.0,0.0,0.0,0.0,0.0,0.0,0.0,0.0,0.0,0.0,0.0,0.0,0.0,0.0,0.0,0.0,0.0,0.0,0.0,0.0,0.0,0.0,0.9,0.9,0.9,0.9,0.9,1.2049037919999819,0.0
nvbench2:dev:398,398,mistral-small:24b,union,77,0.0,line,1.0,1.0,11,5,6,1.0,1.0,1.0,0.25,1.0,0.4,1.0,0.25,0.5,0.3333333333333333,1.0,0.25,0.3333333333333333,0.28571428571428575,1.0,0.25,0.25,0.25,1.0,0.25,0.2,0.22222222222222224,1.0,0.25,0.16666666666666666,0.2,1.0,0.25,0.16666666666666666,0.2,1.0,0.25,0.16666666666666666,0.2,1.0,0.25,0.16666666666666666,0.2,1.0,0.25,0.16666666666666666,0.2,1.0,0.25,0.16666666666666666,0.2,1.0,0.25,0.16666666666666666,0.2,1.0,0.25,0.16666666666666666,0.2,1.0,0.25,0.16666666666666666,0.2,1.0,0.25,0.16666666666666666,0.2,1.0,0.25,0.16666666666666666,0.2,1.0,0.25,0.16666666666666666,0.2,1.0,0.25,0.16666666666666666,0.2,1.0,0.25,0.16666666666666666,0.2,1.0,0.25,0.16666666666666666,0.2,1.0,1.0,0.25,1.0,0.4,1.0,0.25,0.3333333333333333,0.28571428571428575,1.0,0.25,0.2,0.22222222222222224,1.0,1.0,0.25,1.0,0.4,1.0,0.25,0.3333333333333333,0.28571428571428575,1.0,0.25,0.2,0.22222222222222224,1.0,1.0,1.0,1.0,1.0,2.5476109999999608,0.0
nvbench2:dev:403,403,mistral-small:24b,union,77,0.0,point,1.0,1.0,20,12,8,0.0,0.0,0.0,0.0,0.0,0.0,0.0,0.0,0.0,0.0,0.0,0.0,0.0,0.0,0.0,0.0,0.0,0.0,0.0,0.0,0.0,0.0,0.0,0.0,0.0,0.0,0.0,0.0,0.0,0.0,0.0,0.0,0.0,0.0,0.0,0.0,0.0,0.0,0.0,0.0,0.0,0.0,0.0,0.0,0.0,0.0,0.0,0.0,0.0,0.0,0.0,0.0,0.0,0.0,0.0,0.0,0.0,0.0,0.0,0.0,0.0,0.0,0.0,0.0,0.0,0.0,0.0,0.0,0.0,0.0,0.0,0.0,0.0,0.0,0.0,0.0,0.0,0.0,0.0,0.0,0.0,0.0,0.0,0.0,0.0,0.0,0.0,0.0,0.0,0.0,0.0,0.0,0.0,0.0,0.0,0.0,0.0,0.0,0.0,0.0,0.0,0.0,0.0,0.0,0.0,0.0,0.0,0.0,0.8,0.4,0.8,0.8,0.8,3.895430874999988,0.0
nvbench2:dev:405,405,mistral-small:24b,union,77,0.0,bar,1.0,1.0,21,12,9,1.0,1.0,1.0,0.2,1.0,0.33333333333333337,1.0,0.2,0.5,0.28571428571428575,1.0,0.2,0.3333333333333333,0.25,1.0,0.2,0.25,0.22222222222222224,1.0,0.2,0.2,0.20000000000000004,1.0,0.2,0.16666666666666666,0.1818181818181818,1.0,0.2,0.14285714285714285,0.16666666666666666,1.0,0.2,0.125,0.15384615384615385,1.0,0.2,0.1111111111111111,0.14285714285714285,1.0,0.2,0.1111111111111111,0.14285714285714285,1.0,0.2,0.1111111111111111,0.14285714285714285,1.0,0.2,0.1111111111111111,0.14285714285714285,1.0,0.2,0.1111111111111111,0.14285714285714285,1.0,0.2,0.1111111111111111,0.14285714285714285,1.0,0.2,0.1111111111111111,0.14285714285714285,1.0,0.2,0.1111111111111111,0.14285714285714285,1.0,0.2,0.1111111111111111,0.14285714285714285,1.0,0.2,0.1111111111111111,0.14285714285714285,1.0,0.2,0.1111111111111111,0.14285714285714285,1.0,0.2,0.1111111111111111,0.14285714285714285,1.0,1.0,0.2,1.0,0.33333333333333337,1.0,0.2,0.3333333333333333,0.25,1.0,0.2,0.2,0.20000000000000004,0.5,0.0,0.0,0.0,0.0,1.0,0.2,0.3333333333333333,0.25,1.0,0.2,0.2,0.20000000000000004,1.0,1.0,1.0,1.0,1.0,3.502360250000038,-1.0
nvbench2:dev:421,421,mistral-small:24b,union,77,0.0,arc,1.0,1.0,19,13,6,0.0,0.0,0.0,0.0,0.0,0.0,0.0,0.0,0.0,0.0,0.0,0.0,0.0,0.0,0.0,0.0,0.0,0.0,0.0,0.0,0.0,0.0,0.0,0.0,0.0,0.0,0.0,0.0,0.0,0.0,0.0,0.0,0.0,0.0,0.0,0.0,0.0,0.0,0.0,0.0,0.0,0.0,0.0,0.0,0.0,0.0,0.0,0.0,0.0,0.0,0.0,0.0,0.0,0.0,0.0,0.0,0.0,0.0,0.0,0.0,0.0,0.0,0.0,0.0,0.0,0.0,0.0,0.0,0.0,0.0,0.0,0.0,0.0,0.0,0.0,0.0,0.0,0.0,0.0,0.0,0.0,0.0,0.0,0.0,0.0,0.0,0.0,0.0,0.0,0.0,0.0,0.0,0.0,0.0,0.0,0.0,0.0,0.0,0.0,0.0,0.0,0.0,0.0,0.0,0.0,0.0,0.0,0.0,0.8,0.8,0.8,0.7,0.7,3.6215584160000276,0.0
nvbench2:dev:422,422,mistral-small:24b,union,77,0.0,arc,1.0,1.0,17,16,1,0.0,0.0,0.0,0.0,0.0,0.0,0.0,0.0,0.0,0.0,0.0,0.0,0.0,0.0,0.0,0.0,0.0,0.0,0.0,0.0,0.0,0.0,0.0,0.0,0.0,0.0,0.0,0.0,0.0,0.0,0.0,0.0,0.0,0.0,0.0,0.0,0.0,0.0,0.0,0.0,0.0,0.0,0.0,0.0,0.0,0.0,0.0,0.0,0.0,0.0,0.0,0.0,0.0,0.0,0.0,0.0,0.0,0.0,0.0,0.0,0.0,0.0,0.0,0.0,0.0,0.0,0.0,0.0,0.0,0.0,0.0,0.0,0.0,0.0,0.0,0.0,0.0,0.0,0.0,0.0,0.0,0.0,0.0,0.0,0.0,0.0,0.0,0.0,0.0,0.0,0.0,0.0,0.0,0.0,0.0,0.0,0.0,0.0,0.0,0.0,0.0,0.0,0.0,0.0,0.0,0.0,0.0,0.0,0.0,0.0,0.0,0.0,0.0,2.6001094999999737,0.0
nvbench2:dev:436,436,mistral-small:24b,union,77,0.0,point,1.0,1.0,17,7,10,0.0,0.0,0.0,0.0,0.0,0.0,0.0,0.0,0.0,0.0,0.0,0.0,0.0,0.0,0.0,0.0,0.0,0.0,0.0,0.0,0.0,0.0,0.0,0.0,0.0,0.0,0.0,0.0,0.0,0.0,0.0,0.0,0.0,0.0,0.0,0.0,0.0,0.0,0.0,0.0,0.0,0.0,0.0,0.0,0.0,0.0,0.0,0.0,0.0,0.0,0.0,0.0,0.0,0.0,0.0,0.0,0.0,0.0,0.0,0.0,0.0,0.0,0.0,0.0,0.0,0.0,0.0,0.0,0.0,0.0,0.0,0.0,0.0,0.0,0.0,0.0,0.0,0.0,0.0,0.0,0.0,0.0,0.0,0.0,0.0,0.0,0.0,0.0,0.0,0.0,0.0,0.0,0.0,0.0,0.0,0.0,0.0,0.0,0.0,0.0,0.0,0.0,0.0,0.0,0.0,0.0,0.0,0.0,0.6,0.4,0.6,0.4,0.6,3.63561329099997,0.0
nvbench2:dev:444,444,mistral-small:24b,union,77,0.0,point,1.0,1.0,22,16,6,0.0,0.0,0.0,0.0,0.0,0.0,0.0,0.0,0.0,0.0,0.0,0.0,0.0,0.0,0.0,0.0,0.0,0.0,0.0,0.0,0.0,0.0,0.0,0.0,0.0,0.0,0.0,0.0,0.0,0.0,0.0,0.0,0.0,0.0,0.0,0.0,0.0,0.0,0.0,0.0,0.0,0.0,0.0,0.0,0.0,0.0,0.0,0.0,0.0,0.0,0.0,0.0,0.0,0.0,0.0,0.0,0.0,0.0,0.0,0.0,0.0,0.0,0.0,0.0,0.0,0.0,0.0,0.0,0.0,0.0,0.0,0.0,0.0,0.0,0.0,0.0,0.0,0.0,0.0,0.0,0.0,0.0,0.0,0.0,0.0,0.0,0.0,0.0,0.0,0.0,0.0,0.0,0.0,0.0,0.0,0.0,0.0,0.0,0.0,0.0,0.0,0.0,0.0,0.0,0.0,0.0,0.0,0.0,0.17142857142857143,0.13333333333333333,0.17142857142857143,0.13333333333333333,0.17142857142857143,3.724403209000002,0.0
nvbench2:dev:445,445,mistral-small:24b,union,77,0.0,boxplot,1.0,1.0,15,11,4,0.0,0.0,0.0,0.0,0.0,0.0,0.0,0.0,0.0,0.0,0.0,0.0,0.0,0.0,0.0,0.0,0.0,0.0,0.0,0.0,0.0,0.0,0.0,0.0,0.0,0.0,0.0,0.0,0.0,0.0,0.0,0.0,0.0,0.0,0.0,0.0,0.0,0.0,0.0,0.0,0.0,0.0,0.0,0.0,0.0,0.0,0.0,0.0,0.0,0.0,0.0,0.0,0.0,0.0,0.0,0.0,0.0,0.0,0.0,0.0,0.0,0.0,0.0,0.0,0.0,0.0,0.0,0.0,0.0,0.0,0.0,0.0,0.0,0.0,0.0,0.0,0.0,0.0,0.0,0.0,0.0,0.0,0.0,0.0,0.0,0.0,0.0,0.0,0.0,0.0,0.0,0.0,0.0,0.0,0.0,0.0,0.0,0.0,0.0,0.0,0.0,0.0,0.0,0.0,0.0,0.0,0.0,0.0,0.8,0.2,0.8,0.6,0.6,2.8486669999999776,0.0
nvbench2:dev:455,455,mistral-small:24b,union,77,0.0,bar,1.0,1.0,19,8,11,0.0,0.0,0.0,0.0,0.0,0.0,0.0,0.0,0.0,0.0,0.0,0.0,0.0,0.0,0.0,0.0,0.0,0.0,0.0,0.0,0.0,0.0,0.0,0.0,0.0,0.0,0.0,0.0,0.0,0.0,0.0,0.0,0.0,0.0,0.0,0.0,0.0,0.0,0.0,0.0,0.0,0.0,0.0,0.0,0.0,0.0,0.0,0.0,0.0,0.0,0.0,0.0,0.0,0.0,0.0,0.0,0.0,0.0,0.0,0.0,0.0,0.0,0.0,0.0,0.0,0.0,0.0,0.0,0.0,0.0,0.0,0.0,0.0,0.0,0.0,0.0,0.0,0.0,0.0,0.0,0.0,0.0,0.0,0.0,0.0,0.0,0.0,0.0,0.0,0.0,0.0,0.0,0.0,0.0,0.0,0.0,0.0,0.0,0.0,0.0,0.0,0.0,0.0,0.0,0.0,0.0,0.0,0.0,0.9199999999999999,0.9199999999999999,0.9199999999999999,0.9199999999999999,0.9199999999999999,3.7013798330000327,0.0
nvbench2:dev:457,457,mistral-small:24b,union,77,0.0,arc,1.0,1.0,11,8,3,1.0,1.0,1.0,0.5,1.0,0.6666666666666666,1.0,0.5,0.5,0.5,1.0,0.5,0.3333333333333333,0.4,1.0,0.5,0.3333333333333333,0.4,1.0,0.5,0.3333333333333333,0.4,1.0,0.5,0.3333333333333333,0.4,1.0,0.5,0.3333333333333333,0.4,1.0,0.5,0.3333333333333333,0.4,1.0,0.5,0.3333333333333333,0.4,1.0,0.5,0.3333333333333333,0.4,1.0,0.5,0.3333333333333333,0.4,1.0,0.5,0.3333333333333333,0.4,1.0,0.5,0.3333333333333333,0.4,1.0,0.5,0.3333333333333333,0.4,1.0,0.5,0.3333333333333333,0.4,1.0,0.5,0.3333333333333333,0.4,1.0,0.5,0.3333333333333333,0.4,1.0,0.5,0.3333333333333333,0.4,1.0,0.5,0.3333333333333333,0.4,1.0,0.5,0.3333333333333333,0.4,1.0,1.0,0.5,1.0,0.6666666666666666,1.0,0.5,0.3333333333333333,0.4,1.0,0.5,0.3333333333333333,0.4,0.0,0.0,0.0,0.0,0.0,0.0,0.0,0.0,0.0,0.0,0.0,0.0,0.0,1.0,1.0,1.0,1.0,1.0,1.7860112909999657,-1.0
nvbench2:dev:462,462,mistral-small:24b,union,77,0.0,bar,1.0,1.0,13,7,6,0.0,0.0,0.0,0.0,0.0,0.0,0.0,0.0,0.0,0.0,0.0,0.0,0.0,0.0,0.0,0.0,0.0,0.0,0.0,0.0,0.0,0.0,0.0,0.0,0.0,0.0,0.0,0.0,0.0,0.0,0.0,0.0,0.0,0.0,0.0,0.0,0.0,0.0,0.0,0.0,0.0,0.0,0.0,0.0,0.0,0.0,0.0,0.0,0.0,0.0,0.0,0.0,0.0,0.0,0.0,0.0,0.0,0.0,0.0,0.0,0.0,0.0,0.0,0.0,0.0,0.0,0.0,0.0,0.0,0.0,0.0,0.0,0.0,0.0,0.0,0.0,0.0,0.0,0.0,0.0,0.0,0.0,0.0,0.0,0.0,0.0,0.0,0.0,0.0,0.0,0.0,0.0,0.0,0.0,0.0,0.0,0.0,0.0,0.0,0.0,0.0,0.0,0.0,0.0,0.0,0.0,0.0,0.0,0.8,0.8,0.8,0.8,0.8,2.884180167000011,0.0
nvbench2:dev:463,463,mistral-small:24b,union,77,0.0,bar+line+point,1.0,1.0,20,7,13,0.0,0.0,0.0,0.0,0.0,0.0,0.0,0.0,0.0,0.0,0.0,0.0,0.0,0.0,0.0,0.0,0.0,0.0,0.0,0.0,0.0,0.0,0.0,0.0,0.0,0.0,0.0,0.0,0.0,0.0,0.0,0.0,0.0,0.0,0.0,0.0,0.0,0.0,0.0,0.0,0.0,0.0,0.0,0.0,0.0,0.0,0.0,0.0,0.0,0.0,0.0,0.0,0.0,0.0,0.0,0.0,0.0,0.0,0.0,0.0,0.0,0.0,0.0,0.0,0.0,0.0,0.0,0.0,0.0,0.0,0.0,0.0,0.0,0.0,0.0,0.0,0.0,0.0,0.0,0.0,0.0,0.0,0.0,0.0,0.0,0.0,0.0,0.0,0.0,0.0,0.0,0.0,0.0,0.0,0.0,0.0,0.0,0.0,0.0,0.0,0.0,0.0,0.0,0.0,0.0,0.0,0.0,0.0,0.72,0.36,0.72,0.72,0.72,7.730886208000015,0.0
nvbench2:dev:465,465,mistral-small:24b,union,77,0.0,arc,1.0,1.0,13,9,4,1.0,0.5,0.0,0.0,0.0,0.0,1.0,0.2,0.5,0.28571428571428575,1.0,0.2,0.3333333333333333,0.25,1.0,0.2,0.25,0.22222222222222224,1.0,0.2,0.25,0.22222222222222224,1.0,0.2,0.25,0.22222222222222224,1.0,0.2,0.25,0.22222222222222224,1.0,0.2,0.25,0.22222222222222224,1.0,0.2,0.25,0.22222222222222224,1.0,0.2,0.25,0.22222222222222224,1.0,0.2,0.25,0.22222222222222224,1.0,0.2,0.25,0.22222222222222224,1.0,0.2,0.25,0.22222222222222224,1.0,0.2,0.25,0.22222222222222224,1.0,0.2,0.25,0.22222222222222224,1.0,0.2,0.25,0.22222222222222224,1.0,0.2,0.25,0.22222222222222224,1.0,0.2,0.25,0.22222222222222224,1.0,0.2,0.25,0.22222222222222224,1.0,0.2,0.25,0.22222222222222224,0.5,0.0,0.0,0.0,0.0,1.0,0.2,0.3333333333333333,0.25,1.0,0.2,0.25,0.22222222222222224,0.25,0.0,0.0,0.0,0.0,0.0,0.0,0.0,0.0,1.0,0.2,0.25,0.22222222222222224,1.0,1.0,1.0,1.0,1.0,3.5098716669999703,0.0
nvbench2:dev:470,470,mistral-small:24b,union,77,0.0,boxplot,1.0,1.0,14,5,9,0.0,0.0,0.0,0.0,0.0,0.0,0.0,0.0,0.0,0.0,0.0,0.0,0.0,0.0,0.0,0.0,0.0,0.0,0.0,0.0,0.0,0.0,0.0,0.0,0.0,0.0,0.0,0.0,0.0,0.0,0.0,0.0,0.0,0.0,0.0,0.0,0.0,0.0,0.0,0.0,0.0,0.0,0.0,0.0,0.0,0.0,0.0,0.0,0.0,0.0,0.0,0.0,0.0,0.0,0.0,0.0,0.0,0.0,0.0,0.0,0.0,0.0,0.0,0.0,0.0,0.0,0.0,0.0,0.0,0.0,0.0,0.0,0.0,0.0,0.0,0.0,0.0,0.0,0.0,0.0,0.0,0.0,0.0,0.0,0.0,0.0,0.0,0.0,0.0,0.0,0.0,0.0,0.0,0.0,0.0,0.0,0.0,0.0,0.0,0.0,0.0,0.0,0.0,0.0,0.0,0.0,0.0,0.0,0.8,0.8,0.8,0.8,0.8,4.48503850000003,0.0
nvbench2:dev:475,475,mistral-small:24b,union,77,0.0,bar+line,1.0,1.0,21,3,18,0.0,0.0,0.0,0.0,0.0,0.0,0.0,0.0,0.0,0.0,0.0,0.0,0.0,0.0,0.0,0.0,0.0,0.0,0.0,0.0,0.0,0.0,0.0,0.0,0.0,0.0,0.0,0.0,0.0,0.0,0.0,0.0,0.0,0.0,0.0,0.0,0.0,0.0,0.0,0.0,0.0,0.0,0.0,0.0,0.0,0.0,0.0,0.0,0.0,0.0,0.0,0.0,0.0,0.0,0.0,0.0,0.0,0.0,0.0,0.0,0.0,0.0,0.0,0.0,0.0,0.0,0.0,0.0,0.0,0.0,0.0,0.0,0.0,0.0,0.0,0.0,0.0,0.0,0.0,0.0,0.0,0.0,0.0,0.0,0.0,0.0,0.0,0.0,0.0,0.0,0.0,0.0,0.0,0.0,0.0,0.0,0.0,0.0,0.0,0.0,0.0,0.0,0.0,0.0,0.0,0.0,0.0,0.0,0.76,0.6666666666666667,0.6666666666666667,0.6666666666666667,0.6666666666666667,5.952808290999997,0.0
nvbench2:dev:485,485,mistral-small:24b,union,77,0.0,bar,1.0,1.0,15,3,12,0.0,0.0,0.0,0.0,0.0,0.0,0.0,0.0,0.0,0.0,0.0,0.0,0.0,0.0,0.0,0.0,0.0,0.0,0.0,0.0,0.0,0.0,0.0,0.0,0.0,0.0,0.0,0.0,0.0,0.0,0.0,0.0,0.0,0.0,0.0,0.0,0.0,0.0,0.0,0.0,0.0,0.0,0.0,0.0,0.0,0.0,0.0,0.0,0.0,0.0,0.0,0.0,0.0,0.0,0.0,0.0,0.0,0.0,0.0,0.0,0.0,0.0,0.0,0.0,0.0,0.0,0.0,0.0,0.0,0.0,0.0,0.0,0.0,0.0,0.0,0.0,0.0,0.0,0.0,0.0,0.0,0.0,0.0,0.0,0.0,0.0,0.0,0.0,0.0,0.0,0.0,0.0,0.0,0.0,0.0,0.0,0.0,0.0,0.0,0.0,0.0,0.0,0.0,0.0,0.0,0.0,0.0,0.0,0.8,0.7333333333333333,0.8,0.8,0.8,4.234641333000013,0.0
nvbench2:dev:492,492,mistral-small:24b,union,77,0.0,arc,1.0,1.0,21,10,11,1.0,0.3333333333333333,0.0,0.0,0.0,0.0,0.0,0.0,0.0,0.0,1.0,0.2,0.3333333333333333,0.25,1.0,0.2,0.25,0.22222222222222224,1.0,0.2,0.2,0.20000000000000004,1.0,0.2,0.16666666666666666,0.1818181818181818,1.0,0.2,0.14285714285714285,0.16666666666666666,1.0,0.2,0.125,0.15384615384615385,1.0,0.2,0.1111111111111111,0.14285714285714285,1.0,0.2,0.1,0.13333333333333333,1.0,0.2,0.09090909090909091,0.12500000000000003,1.0,0.2,0.09090909090909091,0.12500000000000003,1.0,0.2,0.09090909090909091,0.12500000000000003,1.0,0.2,0.09090909090909091,0.12500000000000003,1.0,0.2,0.09090909090909091,0.12500000000000003,1.0,0.2,0.09090909090909091,0.12500000000000003,1.0,0.2,0.09090909090909091,0.12500000000000003,1.0,0.2,0.09090909090909091,0.12500000000000003,1.0,0.2,0.09090909090909091,0.12500000000000003,1.0,0.2,0.09090909090909091,0.12500000000000003,0.3333333333333333,0.0,0.0,0.0,0.0,1.0,0.2,0.3333333333333333,0.25,1.0,0.2,0.2,0.20000000000000004,0.3333333333333333,0.0,0.0,0.0,0.0,1.0,0.2,0.3333333333333333,0.25,1.0,0.2,0.2,0.20000000000000004,1.0,1.0,1.0,1.0,1.0,3.5655470830000127,0.0
nvbench2:dev:495,495,mistral-small:24b,union,77,0.0,boxplot,1.0,1.0,18,8,10,1.0,1.0,1.0,0.3333333333333333,1.0,0.5,1.0,0.3333333333333333,0.5,0.4,1.0,0.3333333333333333,0.3333333333333333,0.3333333333333333,1.0,0.3333333333333333,0.25,0.28571428571428575,1.0,0.3333333333333333,0.2,0.25,1.0,0.3333333333333333,0.16666666666666666,0.2222222222222222,1.0,0.6666666666666666,0.2857142857142857,0.4,1.0,0.6666666666666666,0.25,0.36363636363636365,1.0,0.6666666666666666,0.2222222222222222,0.3333333333333333,1.0,0.6666666666666666,0.2,0.30769230769230765,1.0,0.6666666666666666,0.2,0.30769230769230765,1.0,0.6666666666666666,0.2,0.30769230769230765,1.0,0.6666666666666666,0.2,0.30769230769230765,1.0,0.6666666666666666,0.2,0.30769230769230765,1.0,0.6666666666666666,0.2,0.30769230769230765,1.0,0.6666666666666666,0.2,0.30769230769230765,1.0,0.6666666666666666,0.2,0.30769230769230765,1.0,0.6666666666666666,0.2,0.30769230769230765,1.0,0.6666666666666666,0.2,0.30769230769230765,1.0,0.6666666666666666,0.2,0.30769230769230765,1.0,1.0,0.3333333333333333,1.0,0.5,1.0,0.3333333333333333,0.3333333333333333,0.3333333333333333,1.0,0.3333333333333333,0.2,0.25,1.0,1.0,0.3333333333333333,1.0,0.5,1.0,0.3333333333333333,0.3333333333333333,0.3333333333333333,1.0,0.3333333333333333,0.2,0.25,1.0,1.0,1.0,1.0,1.0,3.27246762499999,0.0
nvbench2:dev:498,498,mistral-small:24b,union,77,0.0,arc,1.0,1.0,15,12,3,0.0,0.0,0.0,0.0,0.0,0.0,0.0,0.0,0.0,0.0,0.0,0.0,0.0,0.0,0.0,0.0,0.0,0.0,0.0,0.0,0.0,0.0,0.0,0.0,0.0,0.0,0.0,0.0,0.0,0.0,0.0,0.0,0.0,0.0,0.0,0.0,0.0,0.0,0.0,0.0,0.0,0.0,0.0,0.0,0.0,0.0,0.0,0.0,0.0,0.0,0.0,0.0,0.0,0.0,0.0,0.0,0.0,0.0,0.0,0.0,0.0,0.0,0.0,0.0,0.0,0.0,0.0,0.0,0.0,0.0,0.0,0.0,0.0,0.0,0.0,0.0,0.0,0.0,0.0,0.0,0.0,0.0,0.0,0.0,0.0,0.0,0.0,0.0,0.0,0.0,0.0,0.0,0.0,0.0,0.0,0.0,0.0,0.0,0.0,0.0,0.0,0.0,0.0,0.0,0.0,0.0,0.0,0.0,0.8,0.8,0.8,0.8,0.8,1.8330327500000294,0.0
nvbench2:dev:499,499,mistral-small:24b,union,77,0.0,line,1.0,1.0,16,8,8,1.0,0.5,0.0,0.0,0.0,0.0,1.0,0.3333333333333333,0.5,0.4,1.0,0.3333333333333333,0.3333333333333333,0.3333333333333333,1.0,0.3333333333333333,0.25,0.28571428571428575,1.0,0.3333333333333333,0.2,0.25,1.0,0.3333333333333333,0.16666666666666666,0.2222222222222222,1.0,0.3333333333333333,0.14285714285714285,0.2,1.0,0.3333333333333333,0.125,0.18181818181818182,1.0,0.3333333333333333,0.125,0.18181818181818182,1.0,0.3333333333333333,0.125,0.18181818181818182,1.0,0.3333333333333333,0.125,0.18181818181818182,1.0,0.3333333333333333,0.125,0.18181818181818182,1.0,0.3333333333333333,0.125,0.18181818181818182,1.0,0.3333333333333333,0.125,0.18181818181818182,1.0,0.3333333333333333,0.125,0.18181818181818182,1.0,0.3333333333333333,0.125,0.18181818181818182,1.0,0.3333333333333333,0.125,0.18181818181818182,1.0,0.3333333333333333,0.125,0.18181818181818182,1.0,0.3333333333333333,0.125,0.18181818181818182,1.0,0.3333333333333333,0.125,0.18181818181818182,0.5,0.0,0.0,0.0,0.0,1.0,0.3333333333333333,0.3333333333333333,0.3333333333333333,1.0,0.3333333333333333,0.2,0.25,0.5,0.0,0.0,0.0,0.0,1.0,0.3333333333333333,0.3333333333333333,0.3333333333333333,1.0,0.3333333333333333,0.2,0.25,1.0,1.0,1.0,1.0,1.0,2.8487724999999955,0.0
nvbench2:dev:507,507,mistral-small:24b,union,77,0.0,rect,1.0,1.0,21,9,12,0.0,0.0,0.0,0.0,0.0,0.0,0.0,0.0,0.0,0.0,0.0,0.0,0.0,0.0,0.0,0.0,0.0,0.0,0.0,0.0,0.0,0.0,0.0,0.0,0.0,0.0,0.0,0.0,0.0,0.0,0.0,0.0,0.0,0.0,0.0,0.0,0.0,0.0,0.0,0.0,0.0,0.0,0.0,0.0,0.0,0.0,0.0,0.0,0.0,0.0,0.0,0.0,0.0,0.0,0.0,0.0,0.0,0.0,0.0,0.0,0.0,0.0,0.0,0.0,0.0,0.0,0.0,0.0,0.0,0.0,0.0,0.0,0.0,0.0,0.0,0.0,0.0,0.0,0.0,0.0,0.0,0.0,0.0,0.0,0.0,0.0,0.0,0.0,0.0,0.0,0.0,0.0,0.0,0.0,0.0,0.0,0.0,0.0,0.0,0.0,0.0,0.0,0.0,0.0,0.0,0.0,0.0,0.0,0.6,0.5666666666666667,0.6,0.4,0.6,4.742378874999986,0.0
nvbench2:dev:508,508,mistral-small:24b,union,77,0.0,arc,1.0,1.0,25,19,6,1.0,0.5,0.0,0.0,0.0,0.0,1.0,0.5,0.5,0.5,1.0,0.5,0.3333333333333333,0.4,1.0,0.5,0.25,0.3333333333333333,1.0,1.0,0.4,0.5714285714285715,1.0,1.0,0.3333333333333333,0.5,1.0,1.0,0.3333333333333333,0.5,1.0,1.0,0.3333333333333333,0.5,1.0,1.0,0.3333333333333333,0.5,1.0,1.0,0.3333333333333333,0.5,1.0,1.0,0.3333333333333333,0.5,1.0,1.0,0.3333333333333333,0.5,1.0,1.0,0.3333333333333333,0.5,1.0,1.0,0.3333333333333333,0.5,1.0,1.0,0.3333333333333333,0.5,1.0,1.0,0.3333333333333333,0.5,1.0,1.0,0.3333333333333333,0.5,1.0,1.0,0.3333333333333333,0.5,1.0,1.0,0.3333333333333333,0.5,1.0,1.0,0.3333333333333333,0.5,0.5,0.0,0.0,0.0,0.0,1.0,0.5,0.3333333333333333,0.4,1.0,1.0,0.4,0.5714285714285715,0.3333333333333333,0.0,0.0,0.0,0.0,1.0,0.5,0.3333333333333333,0.4,1.0,1.0,0.5,0.6666666666666666,1.0,1.0,1.0,1.0,1.0,2.8267164580000212,0.0
nvbench2:dev:515,515,mistral-small:24b,union,77,0.0,line,1.0,1.0,15,10,5,0.0,0.0,0.0,0.0,0.0,0.0,0.0,0.0,0.0,0.0,0.0,0.0,0.0,0.0,0.0,0.0,0.0,0.0,0.0,0.0,0.0,0.0,0.0,0.0,0.0,0.0,0.0,0.0,0.0,0.0,0.0,0.0,0.0,0.0,0.0,0.0,0.0,0.0,0.0,0.0,0.0,0.0,0.0,0.0,0.0,0.0,0.0,0.0,0.0,0.0,0.0,0.0,0.0,0.0,0.0,0.0,0.0,0.0,0.0,0.0,0.0,0.0,0.0,0.0,0.0,0.0,0.0,0.0,0.0,0.0,0.0,0.0,0.0,0.0,0.0,0.0,0.0,0.0,0.0,0.0,0.0,0.0,0.0,0.0,0.0,0.0,0.0,0.0,0.0,0.0,0.0,0.0,0.0,0.0,0.0,0.0,0.0,0.0,0.0,0.0,0.0,0.0,0.0,0.0,0.0,0.0,0.0,0.0,1.0,0.5,1.0,1.0,1.0,2.759026666000011,0.0
nvbench2:dev:531,531,mistral-small:24b,union,77,0.0,bar,1.0,1.0,19,11,8,0.0,0.0,0.0,0.0,0.0,0.0,0.0,0.0,0.0,0.0,0.0,0.0,0.0,0.0,0.0,0.0,0.0,0.0,0.0,0.0,0.0,0.0,0.0,0.0,0.0,0.0,0.0,0.0,0.0,0.0,0.0,0.0,0.0,0.0,0.0,0.0,0.0,0.0,0.0,0.0,0.0,0.0,0.0,0.0,0.0,0.0,0.0,0.0,0.0,0.0,0.0,0.0,0.0,0.0,0.0,0.0,0.0,0.0,0.0,0.0,0.0,0.0,0.0,0.0,0.0,0.0,0.0,0.0,0.0,0.0,0.0,0.0,0.0,0.0,0.0,0.0,0.0,0.0,0.0,0.0,0.0,0.0,0.0,0.0,0.0,0.0,0.0,0.0,0.0,0.0,0.0,0.0,0.0,0.0,0.0,0.0,0.0,0.0,0.0,0.0,0.0,0.0,0.0,0.0,0.0,0.0,0.0,0.0,0.9199999999999999,0.9199999999999999,0.9199999999999999,0.9199999999999999,0.9199999999999999,2.889713583999992,0.0
nvbench2:dev:538,538,mistral-small:24b,union,77,0.0,arc,1.0,1.0,13,6,7,1.0,1.0,1.0,0.5,1.0,0.6666666666666666,1.0,0.5,0.5,0.5,1.0,0.5,0.3333333333333333,0.4,1.0,1.0,0.5,0.6666666666666666,1.0,1.0,0.4,0.5714285714285715,1.0,1.0,0.3333333333333333,0.5,1.0,1.0,0.2857142857142857,0.4444444444444445,1.0,1.0,0.2857142857142857,0.4444444444444445,1.0,1.0,0.2857142857142857,0.4444444444444445,1.0,1.0,0.2857142857142857,0.4444444444444445,1.0,1.0,0.2857142857142857,0.4444444444444445,1.0,1.0,0.2857142857142857,0.4444444444444445,1.0,1.0,0.2857142857142857,0.4444444444444445,1.0,1.0,0.2857142857142857,0.4444444444444445,1.0,1.0,0.2857142857142857,0.4444444444444445,1.0,1.0,0.2857142857142857,0.4444444444444445,1.0,1.0,0.2857142857142857,0.4444444444444445,1.0,1.0,0.2857142857142857,0.4444444444444445,1.0,1.0,0.2857142857142857,0.4444444444444445,1.0,1.0,0.2857142857142857,0.4444444444444445,1.0,1.0,0.5,1.0,0.6666666666666666,1.0,0.5,0.3333333333333333,0.4,1.0,1.0,0.4,0.5714285714285715,0.5,0.0,0.0,0.0,0.0,1.0,0.5,0.5,0.5,1.0,0.5,0.5,0.5,1.0,1.0,1.0,1.0,1.0,2.094469833000005,-1.0
nvbench2:dev:540,540,mistral-small:24b,union,77,0.0,bar,1.0,1.0,19,12,7,0.0,0.0,0.0,0.0,0.0,0.0,0.0,0.0,0.0,0.0,0.0,0.0,0.0,0.0,0.0,0.0,0.0,0.0,0.0,0.0,0.0,0.0,0.0,0.0,0.0,0.0,0.0,0.0,0.0,0.0,0.0,0.0,0.0,0.0,0.0,0.0,0.0,0.0,0.0,0.0,0.0,0.0,0.0,0.0,0.0,0.0,0.0,0.0,0.0,0.0,0.0,0.0,0.0,0.0,0.0,0.0,0.0,0.0,0.0,0.0,0.0,0.0,0.0,0.0,0.0,0.0,0.0,0.0,0.0,0.0,0.0,0.0,0.0,0.0,0.0,0.0,0.0,0.0,0.0,0.0,0.0,0.0,0.0,0.0,0.0,0.0,0.0,0.0,0.0,0.0,0.0,0.0,0.0,0.0,0.0,0.0,0.0,0.0,0.0,0.0,0.0,0.0,0.0,0.0,0.0,0.0,0.0,0.0,0.9199999999999999,0.9199999999999999,0.9199999999999999,0.9199999999999999,0.9199999999999999,2.910430415999997,0.0
nvbench2:dev:551,551,mistral-small:24b,union,77,0.0,line,1.0,1.0,13,6,7,1.0,0.2,0.0,0.0,0.0,0.0,0.0,0.0,0.0,0.0,0.0,0.0,0.0,0.0,0.0,0.0,0.0,0.0,1.0,0.25,0.2,0.22222222222222224,1.0,0.25,0.16666666666666666,0.2,1.0,0.25,0.14285714285714285,0.18181818181818182,1.0,0.25,0.14285714285714285,0.18181818181818182,1.0,0.25,0.14285714285714285,0.18181818181818182,1.0,0.25,0.14285714285714285,0.18181818181818182,1.0,0.25,0.14285714285714285,0.18181818181818182,1.0,0.25,0.14285714285714285,0.18181818181818182,1.0,0.25,0.14285714285714285,0.18181818181818182,1.0,0.25,0.14285714285714285,0.18181818181818182,1.0,0.25,0.14285714285714285,0.18181818181818182,1.0,0.25,0.14285714285714285,0.18181818181818182,1.0,0.25,0.14285714285714285,0.18181818181818182,1.0,0.25,0.14285714285714285,0.18181818181818182,1.0,0.25,0.14285714285714285,0.18181818181818182,1.0,0.25,0.14285714285714285,0.18181818181818182,0.2,0.0,0.0,0.0,0.0,0.0,0.0,0.0,0.0,1.0,0.25,0.2,0.22222222222222224,0.0,0.0,0.0,0.0,0.0,0.0,0.0,0.0,0.0,0.0,0.0,0.0,0.0,1.0,1.0,1.0,1.0,1.0,2.7941169590000072,0.0
nvbench2:dev:554,554,mistral-small:24b,union,77,0.0,point,1.0,1.0,15,6,9,1.0,0.5,0.0,0.0,0.0,0.0,1.0,0.5,0.5,0.5,1.0,0.5,0.3333333333333333,0.4,1.0,0.5,0.25,0.3333333333333333,1.0,0.5,0.2,0.28571428571428575,1.0,0.5,0.16666666666666666,0.25,1.0,0.5,0.14285714285714285,0.22222222222222224,1.0,0.5,0.125,0.2,1.0,0.5,0.1111111111111111,0.1818181818181818,1.0,0.5,0.1111111111111111,0.1818181818181818,1.0,0.5,0.1111111111111111,0.1818181818181818,1.0,0.5,0.1111111111111111,0.1818181818181818,1.0,0.5,0.1111111111111111,0.1818181818181818,1.0,0.5,0.1111111111111111,0.1818181818181818,1.0,0.5,0.1111111111111111,0.1818181818181818,1.0,0.5,0.1111111111111111,0.1818181818181818,1.0,0.5,0.1111111111111111,0.1818181818181818,1.0,0.5,0.1111111111111111,0.1818181818181818,1.0,0.5,0.1111111111111111,0.1818181818181818,1.0,0.5,0.1111111111111111,0.1818181818181818,0.5,0.0,0.0,0.0,0.0,1.0,0.5,0.3333333333333333,0.4,1.0,0.5,0.2,0.28571428571428575,0.0,0.0,0.0,0.0,0.0,0.0,0.0,0.0,0.0,0.0,0.0,0.0,0.0,1.0,0.8,1.0,0.8,1.0,2.9580880839999963,0.0
nvbench2:dev:562,562,mistral-small:24b,union,77,0.0,bar,1.0,1.0,18,7,11,1.0,1.0,1.0,0.3333333333333333,1.0,0.5,1.0,0.3333333333333333,0.5,0.4,1.0,0.3333333333333333,0.3333333333333333,0.3333333333333333,1.0,0.3333333333333333,0.25,0.28571428571428575,1.0,0.3333333333333333,0.2,0.25,1.0,0.3333333333333333,0.16666666666666666,0.2222222222222222,1.0,0.3333333333333333,0.14285714285714285,0.2,1.0,0.3333333333333333,0.125,0.18181818181818182,1.0,0.3333333333333333,0.1111111111111111,0.16666666666666666,1.0,0.3333333333333333,0.1,0.15384615384615383,1.0,0.3333333333333333,0.09090909090909091,0.14285714285714288,1.0,0.3333333333333333,0.09090909090909091,0.14285714285714288,1.0,0.3333333333333333,0.09090909090909091,0.14285714285714288,1.0,0.3333333333333333,0.09090909090909091,0.14285714285714288,1.0,0.3333333333333333,0.09090909090909091,0.14285714285714288,1.0,0.3333333333333333,0.09090909090909091,0.14285714285714288,1.0,0.3333333333333333,0.09090909090909091,0.14285714285714288,1.0,0.3333333333333333,0.09090909090909091,0.14285714285714288,1.0,0.3333333333333333,0.09090909090909091,0.14285714285714288,1.0,0.3333333333333333,0.09090909090909091,0.14285714285714288,1.0,1.0,0.3333333333333333,1.0,0.5,1.0,0.3333333333333333,0.3333333333333333,0.3333333333333333,1.0,0.3333333333333333,0.2,0.25,0.0,0.0,0.0,0.0,0.0,0.0,0.0,0.0,0.0,0.0,0.0,0.0,0.0,1.0,1.0,1.0,1.0,1.0,3.3740927910000096,-1.0
nvbench2:dev:568,568,mistral-small:24b,union,77,0.0,line,1.0,1.0,15,7,8,0.0,0.0,0.0,0.0,0.0,0.0,0.0,0.0,0.0,0.0,0.0,0.0,0.0,0.0,0.0,0.0,0.0,0.0,0.0,0.0,0.0,0.0,0.0,0.0,0.0,0.0,0.0,0.0,0.0,0.0,0.0,0.0,0.0,0.0,0.0,0.0,0.0,0.0,0.0,0.0,0.0,0.0,0.0,0.0,0.0,0.0,0.0,0.0,0.0,0.0,0.0,0.0,0.0,0.0,0.0,0.0,0.0,0.0,0.0,0.0,0.0,0.0,0.0,0.0,0.0,0.0,0.0,0.0,0.0,0.0,0.0,0.0,0.0,0.0,0.0,0.0,0.0,0.0,0.0,0.0,0.0,0.0,0.0,0.0,0.0,0.0,0.0,0.0,0.0,0.0,0.0,0.0,0.0,0.0,0.0,0.0,0.0,0.0,0.0,0.0,0.0,0.0,0.0,0.0,0.0,0.0,0.0,0.0,1.0,0.36,1.0,1.0,1.0,2.7911234169999943,0.0
nvbench2:dev:571,571,mistral-small:24b,union,77,0.0,rect,1.0,1.0,12,9,3,0.0,0.0,0.0,0.0,0.0,0.0,0.0,0.0,0.0,0.0,0.0,0.0,0.0,0.0,0.0,0.0,0.0,0.0,0.0,0.0,0.0,0.0,0.0,0.0,0.0,0.0,0.0,0.0,0.0,0.0,0.0,0.0,0.0,0.0,0.0,0.0,0.0,0.0,0.0,0.0,0.0,0.0,0.0,0.0,0.0,0.0,0.0,0.0,0.0,0.0,0.0,0.0,0.0,0.0,0.0,0.0,0.0,0.0,0.0,0.0,0.0,0.0,0.0,0.0,0.0,0.0,0.0,0.0,0.0,0.0,0.0,0.0,0.0,0.0,0.0,0.0,0.0,0.0,0.0,0.0,0.0,0.0,0.0,0.0,0.0,0.0,0.0,0.0,0.0,0.0,0.0,0.0,0.0,0.0,0.0,0.0,0.0,0.0,0.0,0.0,0.0,0.0,0.0,0.0,0.0,0.0,0.0,0.0,0.8,0.8,0.8,0.6,0.8,2.3958477919999837,0.0
nvbench2:dev:572,572,mistral-small:24b,union,77,0.0,bar,1.0,1.0,20,9,11,1.0,0.5,0.0,0.0,0.0,0.0,1.0,0.5,0.5,0.5,1.0,0.5,0.3333333333333333,0.4,1.0,0.5,0.25,0.3333333333333333,1.0,0.5,0.2,0.28571428571428575,1.0,0.5,0.16666666666666666,0.25,1.0,0.5,0.14285714285714285,0.22222222222222224,1.0,0.5,0.125,0.2,1.0,0.5,0.1111111111111111,0.1818181818181818,1.0,0.5,0.1,0.16666666666666669,1.0,0.5,0.09090909090909091,0.15384615384615385,1.0,0.5,0.09090909090909091,0.15384615384615385,1.0,0.5,0.09090909090909091,0.15384615384615385,1.0,0.5,0.09090909090909091,0.15384615384615385,1.0,0.5,0.09090909090909091,0.15384615384615385,1.0,0.5,0.09090909090909091,0.15384615384615385,1.0,0.5,0.09090909090909091,0.15384615384615385,1.0,0.5,0.09090909090909091,0.15384615384615385,1.0,0.5,0.09090909090909091,0.15384615384615385,1.0,0.5,0.09090909090909091,0.15384615384615385,0.5,0.0,0.0,0.0,0.0,1.0,0.5,0.3333333333333333,0.4,1.0,0.5,0.2,0.28571428571428575,0.0,0.0,0.0,0.0,0.0,0.0,0.0,0.0,0.0,0.0,0.0,0.0,0.0,1.0,0.9333333333333332,1.0,1.0,1.0,3.7500747079999996,0.0
nvbench2:dev:573,573,mistral-small:24b,union,77,0.0,point,1.0,1.0,20,11,9,0.0,0.0,0.0,0.0,0.0,0.0,0.0,0.0,0.0,0.0,0.0,0.0,0.0,0.0,0.0,0.0,0.0,0.0,0.0,0.0,0.0,0.0,0.0,0.0,0.0,0.0,0.0,0.0,0.0,0.0,0.0,0.0,0.0,0.0,0.0,0.0,0.0,0.0,0.0,0.0,0.0,0.0,0.0,0.0,0.0,0.0,0.0,0.0,0.0,0.0,0.0,0.0,0.0,0.0,0.0,0.0,0.0,0.0,0.0,0.0,0.0,0.0,0.0,0.0,0.0,0.0,0.0,0.0,0.0,0.0,0.0,0.0,0.0,0.0,0.0,0.0,0.0,0.0,0.0,0.0,0.0,0.0,0.0,0.0,0.0,0.0,0.0,0.0,0.0,0.0,0.0,0.0,0.0,0.0,0.0,0.0,0.0,0.0,0.0,0.0,0.0,0.0,0.0,0.0,0.0,0.0,0.0,0.0,0.64,0.36,0.64,0.36,0.5599999999999999,3.1389674170000035,0.0
nvbench2:dev:603,603,mistral-small:24b,union,77,0.0,rect,1.0,1.0,17,10,7,0.0,0.0,0.0,0.0,0.0,0.0,0.0,0.0,0.0,0.0,0.0,0.0,0.0,0.0,0.0,0.0,0.0,0.0,0.0,0.0,0.0,0.0,0.0,0.0,0.0,0.0,0.0,0.0,0.0,0.0,0.0,0.0,0.0,0.0,0.0,0.0,0.0,0.0,0.0,0.0,0.0,0.0,0.0,0.0,0.0,0.0,0.0,0.0,0.0,0.0,0.0,0.0,0.0,0.0,0.0,0.0,0.0,0.0,0.0,0.0,0.0,0.0,0.0,0.0,0.0,0.0,0.0,0.0,0.0,0.0,0.0,0.0,0.0,0.0,0.0,0.0,0.0,0.0,0.0,0.0,0.0,0.0,0.0,0.0,0.0,0.0,0.0,0.0,0.0,0.0,0.0,0.0,0.0,0.0,0.0,0.0,0.0,0.0,0.0,0.0,0.0,0.0,0.0,0.0,0.0,0.0,0.0,0.0,0.9333333333333332,0.8,0.9333333333333332,0.36,0.9333333333333332,2.770645666000007,0.0
nvbench2:dev:605,605,mistral-small:24b,union,77,0.0,line,1.0,1.0,20,15,5,1.0,0.25,0.0,0.0,0.0,0.0,0.0,0.0,0.0,0.0,0.0,0.0,0.0,0.0,1.0,0.25,0.25,0.25,1.0,0.25,0.2,0.22222222222222224,1.0,0.25,0.2,0.22222222222222224,1.0,0.25,0.2,0.22222222222222224,1.0,0.25,0.2,0.22222222222222224,1.0,0.25,0.2,0.22222222222222224,1.0,0.25,0.2,0.22222222222222224,1.0,0.25,0.2,0.22222222222222224,1.0,0.25,0.2,0.22222222222222224,1.0,0.25,0.2,0.22222222222222224,1.0,0.25,0.2,0.22222222222222224,1.0,0.25,0.2,0.22222222222222224,1.0,0.25,0.2,0.22222222222222224,1.0,0.25,0.2,0.22222222222222224,1.0,0.25,0.2,0.22222222222222224,1.0,0.25,0.2,0.22222222222222224,1.0,0.25,0.2,0.22222222222222224,0.25,0.0,0.0,0.0,0.0,0.0,0.0,0.0,0.0,1.0,0.25,0.2,0.22222222222222224,0.5,0.0,0.0,0.0,0.0,1.0,0.25,0.5,0.3333333333333333,1.0,0.25,0.5,0.3333333333333333,1.0,0.36,1.0,0.9333333333333332,1.0,2.042842833999998,0.0
nvbench2:dev:606,606,mistral-small:24b,union,77,0.0,bar,1.0,1.0,16,13,3,0.0,0.0,0.0,0.0,0.0,0.0,0.0,0.0,0.0,0.0,0.0,0.0,0.0,0.0,0.0,0.0,0.0,0.0,0.0,0.0,0.0,0.0,0.0,0.0,0.0,0.0,0.0,0.0,0.0,0.0,0.0,0.0,0.0,0.0,0.0,0.0,0.0,0.0,0.0,0.0,0.0,0.0,0.0,0.0,0.0,0.0,0.0,0.0,0.0,0.0,0.0,0.0,0.0,0.0,0.0,0.0,0.0,0.0,0.0,0.0,0.0,0.0,0.0,0.0,0.0,0.0,0.0,0.0,0.0,0.0,0.0,0.0,0.0,0.0,0.0,0.0,0.0,0.0,0.0,0.0,0.0,0.0,0.0,0.0,0.0,0.0,0.0,0.0,0.0,0.0,0.0,0.0,0.0,0.0,0.0,0.0,0.0,0.0,0.0,0.0,0.0,0.0,0.0,0.0,0.0,0.0,0.0,0.0,0.9199999999999999,0.9199999999999999,0.9199999999999999,0.8533333333333333,0.9199999999999999,1.9373988750000422,0.0
nvbench2:dev:612,612,mistral-small:24b,union,77,0.0,arc,1.0,1.0,14,9,5,1.0,1.0,1.0,0.3333333333333333,1.0,0.5,1.0,0.3333333333333333,0.5,0.4,1.0,0.3333333333333333,0.3333333333333333,0.3333333333333333,1.0,0.3333333333333333,0.25,0.28571428571428575,1.0,0.3333333333333333,0.2,0.25,1.0,0.3333333333333333,0.2,0.25,1.0,0.3333333333333333,0.2,0.25,1.0,0.3333333333333333,0.2,0.25,1.0,0.3333333333333333,0.2,0.25,1.0,0.3333333333333333,0.2,0.25,1.0,0.3333333333333333,0.2,0.25,1.0,0.3333333333333333,0.2,0.25,1.0,0.3333333333333333,0.2,0.25,1.0,0.3333333333333333,0.2,0.25,1.0,0.3333333333333333,0.2,0.25,1.0,0.3333333333333333,0.2,0.25,1.0,0.3333333333333333,0.2,0.25,1.0,0.3333333333333333,0.2,0.25,1.0,0.3333333333333333,0.2,0.25,1.0,0.3333333333333333,0.2,0.25,1.0,1.0,0.3333333333333333,1.0,0.5,1.0,0.3333333333333333,0.3333333333333333,0.3333333333333333,1.0,0.3333333333333333,0.2,0.25,1.0,1.0,0.3333333333333333,1.0,0.5,1.0,0.3333333333333333,0.3333333333333333,0.3333333333333333,1.0,0.3333333333333333,0.25,0.28571428571428575,1.0,1.0,1.0,1.0,1.0,2.4900585419999857,0.0
nvbench2:dev:614,614,mistral-small:24b,union,77,0.0,bar,1.0,1.0,27,12,15,0.0,0.0,0.0,0.0,0.0,0.0,0.0,0.0,0.0,0.0,0.0,0.0,0.0,0.0,0.0,0.0,0.0,0.0,0.0,0.0,0.0,0.0,0.0,0.0,0.0,0.0,0.0,0.0,0.0,0.0,0.0,0.0,0.0,0.0,0.0,0.0,0.0,0.0,0.0,0.0,0.0,0.0,0.0,0.0,0.0,0.0,0.0,0.0,0.0,0.0,0.0,0.0,0.0,0.0,0.0,0.0,0.0,0.0,0.0,0.0,0.0,0.0,0.0,0.0,0.0,0.0,0.0,0.0,0.0,0.0,0.0,0.0,0.0,0.0,0.0,0.0,0.0,0.0,0.0,0.0,0.0,0.0,0.0,0.0,0.0,0.0,0.0,0.0,0.0,0.0,0.0,0.0,0.0,0.0,0.0,0.0,0.0,0.0,0.0,0.0,0.0,0.0,0.0,0.0,0.0,0.0,0.0,0.0,1.0,0.7333333333333333,0.9199999999999999,0.7333333333333333,1.0,4.619783624999968,0.0
nvbench2:dev:628,628,mistral-small:24b,union,77,0.0,rect,1.0,1.0,14,8,6,0.0,0.0,0.0,0.0,0.0,0.0,0.0,0.0,0.0,0.0,0.0,0.0,0.0,0.0,0.0,0.0,0.0,0.0,0.0,0.0,0.0,0.0,0.0,0.0,0.0,0.0,0.0,0.0,0.0,0.0,0.0,0.0,0.0,0.0,0.0,0.0,0.0,0.0,0.0,0.0,0.0,0.0,0.0,0.0,0.0,0.0,0.0,0.0,0.0,0.0,0.0,0.0,0.0,0.0,0.0,0.0,0.0,0.0,0.0,0.0,0.0,0.0,0.0,0.0,0.0,0.0,0.0,0.0,0.0,0.0,0.0,0.0,0.0,0.0,0.0,0.0,0.0,0.0,0.0,0.0,0.0,0.0,0.0,0.0,0.0,0.0,0.0,0.0,0.0,0.0,0.0,0.0,0.0,0.0,0.0,0.0,0.0,0.0,0.0,0.0,0.0,0.0,0.0,0.0,0.0,0.0,0.0,0.0,0.4666666666666667,0.4,0.4666666666666667,0.4,0.4666666666666667,4.585639458000003,0.0
nvbench2:dev:641,641,mistral-small:24b,union,77,0.0,rect,1.0,1.0,18,14,4,0.0,0.0,0.0,0.0,0.0,0.0,0.0,0.0,0.0,0.0,0.0,0.0,0.0,0.0,0.0,0.0,0.0,0.0,0.0,0.0,0.0,0.0,0.0,0.0,0.0,0.0,0.0,0.0,0.0,0.0,0.0,0.0,0.0,0.0,0.0,0.0,0.0,0.0,0.0,0.0,0.0,0.0,0.0,0.0,0.0,0.0,0.0,0.0,0.0,0.0,0.0,0.0,0.0,0.0,0.0,0.0,0.0,0.0,0.0,0.0,0.0,0.0,0.0,0.0,0.0,0.0,0.0,0.0,0.0,0.0,0.0,0.0,0.0,0.0,0.0,0.0,0.0,0.0,0.0,0.0,0.0,0.0,0.0,0.0,0.0,0.0,0.0,0.0,0.0,0.0,0.0,0.0,0.0,0.0,0.0,0.0,0.0,0.0,0.0,0.0,0.0,0.0,0.0,0.0,0.0,0.0,0.0,0.0,1.0,0.9333333333333332,1.0,1.0,1.0,2.054345583999975,0.0
nvbench2:dev:642,642,mistral-small:24b,union,77,0.0,line,1.0,1.0,14,9,5,0.0,0.0,0.0,0.0,0.0,0.0,0.0,0.0,0.0,0.0,0.0,0.0,0.0,0.0,0.0,0.0,0.0,0.0,0.0,0.0,0.0,0.0,0.0,0.0,0.0,0.0,0.0,0.0,0.0,0.0,0.0,0.0,0.0,0.0,0.0,0.0,0.0,0.0,0.0,0.0,0.0,0.0,0.0,0.0,0.0,0.0,0.0,0.0,0.0,0.0,0.0,0.0,0.0,0.0,0.0,0.0,0.0,0.0,0.0,0.0,0.0,0.0,0.0,0.0,0.0,0.0,0.0,0.0,0.0,0.0,0.0,0.0,0.0,0.0,0.0,0.0,0.0,0.0,0.0,0.0,0.0,0.0,0.0,0.0,0.0,0.0,0.0,0.0,0.0,0.0,0.0,0.0,0.0,0.0,0.0,0.0,0.0,0.0,0.0,0.0,0.0,0.0,0.0,0.0,0.0,0.0,0.0,0.0,0.72,0.6666666666666666,0.72,0.72,0.72,2.6971965409999825,0.0
nvbench2:dev:644,644,mistral-small:24b,union,77,0.0,bar+line,1.0,1.0,27,10,17,0.0,0.0,0.0,0.0,0.0,0.0,0.0,0.0,0.0,0.0,0.0,0.0,0.0,0.0,0.0,0.0,0.0,0.0,0.0,0.0,0.0,0.0,0.0,0.0,0.0,0.0,0.0,0.0,0.0,0.0,0.0,0.0,0.0,0.0,0.0,0.0,0.0,0.0,0.0,0.0,0.0,0.0,0.0,0.0,0.0,0.0,0.0,0.0,0.0,0.0,0.0,0.0,0.0,0.0,0.0,0.0,0.0,0.0,0.0,0.0,0.0,0.0,0.0,0.0,0.0,0.0,0.0,0.0,0.0,0.0,0.0,0.0,0.0,0.0,0.0,0.0,0.0,0.0,0.0,0.0,0.0,0.0,0.0,0.0,0.0,0.0,0.0,0.0,0.0,0.0,0.0,0.0,0.0,0.0,0.0,0.0,0.0,0.0,0.0,0.0,0.0,0.0,0.0,0.0,0.0,0.0,0.0,0.0,1.0,0.7333333333333333,0.9333333333333332,0.7333333333333333,1.0,5.442660458000034,0.0
nvbench2:dev:647,647,mistral-small:24b,union,77,0.0,bar,1.0,1.0,25,16,9,1.0,0.3333333333333333,0.0,0.0,0.0,0.0,0.0,0.0,0.0,0.0,1.0,0.5,0.3333333333333333,0.4,1.0,0.5,0.25,0.3333333333333333,1.0,0.5,0.2,0.28571428571428575,1.0,0.5,0.16666666666666666,0.25,1.0,0.5,0.14285714285714285,0.22222222222222224,1.0,0.5,0.125,0.2,1.0,0.5,0.1111111111111111,0.1818181818181818,1.0,0.5,0.1111111111111111,0.1818181818181818,1.0,0.5,0.1111111111111111,0.1818181818181818,1.0,0.5,0.1111111111111111,0.1818181818181818,1.0,0.5,0.1111111111111111,0.1818181818181818,1.0,0.5,0.1111111111111111,0.1818181818181818,1.0,0.5,0.1111111111111111,0.1818181818181818,1.0,0.5,0.1111111111111111,0.1818181818181818,1.0,0.5,0.1111111111111111,0.1818181818181818,1.0,0.5,0.1111111111111111,0.1818181818181818,1.0,0.5,0.1111111111111111,0.1818181818181818,1.0,0.5,0.1111111111111111,0.1818181818181818,0.3333333333333333,0.0,0.0,0.0,0.0,1.0,0.5,0.3333333333333333,0.4,1.0,0.5,0.2,0.28571428571428575,1.0,1.0,0.5,1.0,0.6666666666666666,1.0,0.5,0.3333333333333333,0.4,1.0,0.5,0.2,0.28571428571428575,1.0,0.4666666666666666,1.0,1.0,1.0,3.6067522919999533,1.0
nvbench2:dev:651,651,mistral-small:24b,union,77,0.0,bar,1.0,1.0,25,12,13,0.0,0.0,0.0,0.0,0.0,0.0,0.0,0.0,0.0,0.0,0.0,0.0,0.0,0.0,0.0,0.0,0.0,0.0,0.0,0.0,0.0,0.0,0.0,0.0,0.0,0.0,0.0,0.0,0.0,0.0,0.0,0.0,0.0,0.0,0.0,0.0,0.0,0.0,0.0,0.0,0.0,0.0,0.0,0.0,0.0,0.0,0.0,0.0,0.0,0.0,0.0,0.0,0.0,0.0,0.0,0.0,0.0,0.0,0.0,0.0,0.0,0.0,0.0,0.0,0.0,0.0,0.0,0.0,0.0,0.0,0.0,0.0,0.0,0.0,0.0,0.0,0.0,0.0,0.0,0.0,0.0,0.0,0.0,0.0,0.0,0.0,0.0,0.0,0.0,0.0,0.0,0.0,0.0,0.0,0.0,0.0,0.0,0.0,0.0,0.0,0.0,0.0,0.0,0.0,0.0,0.0,0.0,0.0,0.9333333333333332,0.9199999999999999,0.9333333333333332,0.8400000000000001,0.9333333333333332,4.235377249999999,0.0
nvbench2:dev:655,655,mistral-small:24b,union,77,0.0,line,1.0,1.0,22,8,14,0.0,0.0,0.0,0.0,0.0,0.0,0.0,0.0,0.0,0.0,0.0,0.0,0.0,0.0,0.0,0.0,0.0,0.0,0.0,0.0,0.0,0.0,0.0,0.0,0.0,0.0,0.0,0.0,0.0,0.0,0.0,0.0,0.0,0.0,0.0,0.0,0.0,0.0,0.0,0.0,0.0,0.0,0.0,0.0,0.0,0.0,0.0,0.0,0.0,0.0,0.0,0.0,0.0,0.0,0.0,0.0,0.0,0.0,0.0,0.0,0.0,0.0,0.0,0.0,0.0,0.0,0.0,0.0,0.0,0.0,0.0,0.0,0.0,0.0,0.0,0.0,0.0,0.0,0.0,0.0,0.0,0.0,0.0,0.0,0.0,0.0,0.0,0.0,0.0,0.0,0.0,0.0,0.0,0.0,0.0,0.0,0.0,0.0,0.0,0.0,0.0,0.0,0.0,0.0,0.0,0.0,0.0,0.0,0.7,0.13333333333333333,0.3,0.2,0.5,5.618476207999947,0.0
nvbench2:dev:666,666,mistral-small:24b,union,77,0.0,line,1.0,1.0,23,4,19,0.0,0.0,0.0,0.0,0.0,0.0,0.0,0.0,0.0,0.0,0.0,0.0,0.0,0.0,0.0,0.0,0.0,0.0,0.0,0.0,0.0,0.0,0.0,0.0,0.0,0.0,0.0,0.0,0.0,0.0,0.0,0.0,0.0,0.0,0.0,0.0,0.0,0.0,0.0,0.0,0.0,0.0,0.0,0.0,0.0,0.0,0.0,0.0,0.0,0.0,0.0,0.0,0.0,0.0,0.0,0.0,0.0,0.0,0.0,0.0,0.0,0.0,0.0,0.0,0.0,0.0,0.0,0.0,0.0,0.0,0.0,0.0,0.0,0.0,0.0,0.0,0.0,0.0,0.0,0.0,0.0,0.0,0.0,0.0,0.0,0.0,0.0,0.0,0.0,0.0,0.0,0.0,0.0,0.0,0.0,0.0,0.0,0.0,0.0,0.0,0.0,0.0,0.0,0.0,0.0,0.0,0.0,0.0,1.0,0.9333333333333332,1.0,0.9333333333333332,1.0,5.386337375000039,0.0
nvbench2:dev:672,672,mistral-small:24b,union,77,0.0,bar,1.0,1.0,15,7,8,1.0,1.0,1.0,0.25,1.0,0.4,1.0,0.25,0.5,0.3333333333333333,1.0,0.25,0.3333333333333333,0.28571428571428575,1.0,0.25,0.25,0.25,1.0,0.25,0.2,0.22222222222222224,1.0,0.25,0.16666666666666666,0.2,1.0,0.25,0.14285714285714285,0.18181818181818182,1.0,0.25,0.125,0.16666666666666666,1.0,0.25,0.125,0.16666666666666666,1.0,0.25,0.125,0.16666666666666666,1.0,0.25,0.125,0.16666666666666666,1.0,0.25,0.125,0.16666666666666666,1.0,0.25,0.125,0.16666666666666666,1.0,0.25,0.125,0.16666666666666666,1.0,0.25,0.125,0.16666666666666666,1.0,0.25,0.125,0.16666666666666666,1.0,0.25,0.125,0.16666666666666666,1.0,0.25,0.125,0.16666666666666666,1.0,0.25,0.125,0.16666666666666666,1.0,0.25,0.125,0.16666666666666666,1.0,1.0,0.25,1.0,0.4,1.0,0.25,0.3333333333333333,0.28571428571428575,1.0,0.25,0.2,0.22222222222222224,0.0,0.0,0.0,0.0,0.0,0.0,0.0,0.0,0.0,0.0,0.0,0.0,0.0,1.0,1.0,1.0,1.0,1.0,2.8707911660000036,-1.0
nvbench2:dev:675,675,mistral-small:24b,union,77,0.0,bar,1.0,1.0,20,13,7,1.0,1.0,1.0,0.25,1.0,0.4,1.0,0.25,0.5,0.3333333333333333,1.0,0.25,0.3333333333333333,0.28571428571428575,1.0,0.25,0.25,0.25,1.0,0.25,0.2,0.22222222222222224,1.0,0.25,0.16666666666666666,0.2,1.0,0.25,0.14285714285714285,0.18181818181818182,1.0,0.25,0.14285714285714285,0.18181818181818182,1.0,0.25,0.14285714285714285,0.18181818181818182,1.0,0.25,0.14285714285714285,0.18181818181818182,1.0,0.25,0.14285714285714285,0.18181818181818182,1.0,0.25,0.14285714285714285,0.18181818181818182,1.0,0.25,0.14285714285714285,0.18181818181818182,1.0,0.25,0.14285714285714285,0.18181818181818182,1.0,0.25,0.14285714285714285,0.18181818181818182,1.0,0.25,0.14285714285714285,0.18181818181818182,1.0,0.25,0.14285714285714285,0.18181818181818182,1.0,0.25,0.14285714285714285,0.18181818181818182,1.0,0.25,0.14285714285714285,0.18181818181818182,1.0,0.25,0.14285714285714285,0.18181818181818182,1.0,1.0,0.25,1.0,0.4,1.0,0.25,0.3333333333333333,0.28571428571428575,1.0,0.25,0.2,0.22222222222222224,0.3333333333333333,0.0,0.0,0.0,0.0,1.0,0.25,0.3333333333333333,0.28571428571428575,1.0,0.25,0.2,0.22222222222222224,1.0,1.0,1.0,1.0,1.0,2.6980532499999867,-1.0
nvbench2:dev:681,681,mistral-small:24b,union,77,0.0,bar,1.0,1.0,19,7,12,0.0,0.0,0.0,0.0,0.0,0.0,0.0,0.0,0.0,0.0,0.0,0.0,0.0,0.0,0.0,0.0,0.0,0.0,0.0,0.0,0.0,0.0,0.0,0.0,0.0,0.0,0.0,0.0,0.0,0.0,0.0,0.0,0.0,0.0,0.0,0.0,0.0,0.0,0.0,0.0,0.0,0.0,0.0,0.0,0.0,0.0,0.0,0.0,0.0,0.0,0.0,0.0,0.0,0.0,0.0,0.0,0.0,0.0,0.0,0.0,0.0,0.0,0.0,0.0,0.0,0.0,0.0,0.0,0.0,0.0,0.0,0.0,0.0,0.0,0.0,0.0,0.0,0.0,0.0,0.0,0.0,0.0,0.0,0.0,0.0,0.0,0.0,0.0,0.0,0.0,0.0,0.0,0.0,0.0,0.0,0.0,0.0,0.0,0.0,0.0,0.0,0.0,0.0,0.0,0.0,0.0,0.0,0.0,0.9199999999999999,0.64,0.9199999999999999,0.64,0.64,3.8088746659999515,0.0
nvbench2:dev:683,683,mistral-small:24b,union,77,0.0,bar,1.0,1.0,18,16,2,0.0,0.0,0.0,0.0,0.0,0.0,0.0,0.0,0.0,0.0,0.0,0.0,0.0,0.0,0.0,0.0,0.0,0.0,0.0,0.0,0.0,0.0,0.0,0.0,0.0,0.0,0.0,0.0,0.0,0.0,0.0,0.0,0.0,0.0,0.0,0.0,0.0,0.0,0.0,0.0,0.0,0.0,0.0,0.0,0.0,0.0,0.0,0.0,0.0,0.0,0.0,0.0,0.0,0.0,0.0,0.0,0.0,0.0,0.0,0.0,0.0,0.0,0.0,0.0,0.0,0.0,0.0,0.0,0.0,0.0,0.0,0.0,0.0,0.0,0.0,0.0,0.0,0.0,0.0,0.0,0.0,0.0,0.0,0.0,0.0,0.0,0.0,0.0,0.0,0.0,0.0,0.0,0.0,0.0,0.0,0.0,0.0,0.0,0.0,0.0,0.0,0.0,0.0,0.0,0.0,0.0,0.0,0.0,0.9199999999999999,0.9199999999999999,0.9199999999999999,0.9199999999999999,0.9199999999999999,2.202264375000027,0.0
nvbench2:dev:684,684,mistral-small:24b,union,77,0.0,bar,0.0,0.0,16,16,0,0.0,0.0,0.0,0.0,0.0,0.0,0.0,0.0,0.0,0.0,0.0,0.0,0.0,0.0,0.0,0.0,0.0,0.0,0.0,0.0,0.0,0.0,0.0,0.0,0.0,0.0,0.0,0.0,0.0,0.0,0.0,0.0,0.0,0.0,0.0,0.0,0.0,0.0,0.0,0.0,0.0,0.0,0.0,0.0,0.0,0.0,0.0,0.0,0.0,0.0,0.0,0.0,0.0,0.0,0.0,0.0,0.0,0.0,0.0,0.0,0.0,0.0,0.0,0.0,0.0,0.0,0.0,0.0,0.0,0.0,0.0,0.0,0.0,0.0,0.0,0.0,0.0,0.0,0.0,0.0,0.0,0.0,0.0,0.0,0.0,0.0,0.0,0.0,0.0,0.0,0.0,0.0,0.0,0.0,0.0,0.0,0.0,0.0,0.0,0.0,0.0,0.0,0.0,0.0,0.0,0.0,0.0,0.0,0.0,0.0,0.0,0.0,0.0,0.0,0.0
nvbench2:dev:713,713,mistral-small:24b,union,77,0.0,bar,1.0,1.0,15,10,5,1.0,0.25,0.0,0.0,0.0,0.0,0.0,0.0,0.0,0.0,0.0,0.0,0.0,0.0,1.0,0.2,0.25,0.22222222222222224,1.0,0.2,0.2,0.20000000000000004,1.0,0.2,0.2,0.20000000000000004,1.0,0.2,0.2,0.20000000000000004,1.0,0.2,0.2,0.20000000000000004,1.0,0.2,0.2,0.20000000000000004,1.0,0.2,0.2,0.20000000000000004,1.0,0.2,0.2,0.20000000000000004,1.0,0.2,0.2,0.20000000000000004,1.0,0.2,0.2,0.20000000000000004,1.0,0.2,0.2,0.20000000000000004,1.0,0.2,0.2,0.20000000000000004,1.0,0.2,0.2,0.20000000000000004,1.0,0.2,0.2,0.20000000000000004,1.0,0.2,0.2,0.20000000000000004,1.0,0.2,0.2,0.20000000000000004,1.0,0.2,0.2,0.20000000000000004,0.25,0.0,0.0,0.0,0.0,0.0,0.0,0.0,0.0,1.0,0.2,0.2,0.20000000000000004,1.0,1.0,0.2,1.0,0.33333333333333337,1.0,0.2,0.3333333333333333,0.25,1.0,0.2,0.3333333333333333,0.25,1.0,0.16,1.0,1.0,1.0,2.380881417000012,1.0
nvbench2:dev:715,715,mistral-small:24b,union,77,0.0,point,1.0,1.0,17,7,10,0.0,0.0,0.0,0.0,0.0,0.0,0.0,0.0,0.0,0.0,0.0,0.0,0.0,0.0,0.0,0.0,0.0,0.0,0.0,0.0,0.0,0.0,0.0,0.0,0.0,0.0,0.0,0.0,0.0,0.0,0.0,0.0,0.0,0.0,0.0,0.0,0.0,0.0,0.0,0.0,0.0,0.0,0.0,0.0,0.0,0.0,0.0,0.0,0.0,0.0,0.0,0.0,0.0,0.0,0.0,0.0,0.0,0.0,0.0,0.0,0.0,0.0,0.0,0.0,0.0,0.0,0.0,0.0,0.0,0.0,0.0,0.0,0.0,0.0,0.0,0.0,0.0,0.0,0.0,0.0,0.0,0.0,0.0,0.0,0.0,0.0,0.0,0.0,0.0,0.0,0.0,0.0,0.0,0.0,0.0,0.0,0.0,0.0,0.0,0.0,0.0,0.0,0.0,0.0,0.0,0.0,0.0,0.0,0.7619047619047619,0.5333333333333333,0.6285714285714286,0.3333333333333333,0.7619047619047619,3.8231020000000058,0.0
nvbench2:dev:716,716,mistral-small:24b,union,77,0.0,boxplot,1.0,1.0,22,5,17,1.0,1.0,1.0,0.25,1.0,0.4,1.0,0.25,0.5,0.3333333333333333,1.0,0.25,0.3333333333333333,0.28571428571428575,1.0,0.25,0.25,0.25,1.0,0.25,0.2,0.22222222222222224,1.0,0.25,0.16666666666666666,0.2,1.0,0.25,0.14285714285714285,0.18181818181818182,1.0,0.25,0.125,0.16666666666666666,1.0,0.5,0.2222222222222222,0.30769230769230765,1.0,0.5,0.2,0.28571428571428575,1.0,0.5,0.18181818181818182,0.26666666666666666,1.0,0.5,0.16666666666666666,0.25,1.0,0.75,0.23076923076923078,0.3529411764705882,1.0,0.75,0.21428571428571427,0.3333333333333333,1.0,0.75,0.2,0.31578947368421056,1.0,0.75,0.1875,0.3,1.0,0.75,0.17647058823529413,0.2857142857142857,1.0,0.75,0.17647058823529413,0.2857142857142857,1.0,0.75,0.17647058823529413,0.2857142857142857,1.0,0.75,0.17647058823529413,0.2857142857142857,1.0,1.0,0.25,1.0,0.4,1.0,0.25,0.3333333333333333,0.28571428571428575,1.0,0.25,0.2,0.22222222222222224,0.0,0.0,0.0,0.0,0.0,0.0,0.0,0.0,0.0,0.0,0.0,0.0,0.0,1.0,1.0,1.0,1.0,1.0,4.732912916999965,-1.0
nvbench2:dev:717,717,mistral-small:24b,union,77,0.0,boxplot,1.0,1.0,18,17,1,0.0,0.0,0.0,0.0,0.0,0.0,0.0,0.0,0.0,0.0,0.0,0.0,0.0,0.0,0.0,0.0,0.0,0.0,0.0,0.0,0.0,0.0,0.0,0.0,0.0,0.0,0.0,0.0,0.0,0.0,0.0,0.0,0.0,0.0,0.0,0.0,0.0,0.0,0.0,0.0,0.0,0.0,0.0,0.0,0.0,0.0,0.0,0.0,0.0,0.0,0.0,0.0,0.0,0.0,0.0,0.0,0.0,0.0,0.0,0.0,0.0,0.0,0.0,0.0,0.0,0.0,0.0,0.0,0.0,0.0,0.0,0.0,0.0,0.0,0.0,0.0,0.0,0.0,0.0,0.0,0.0,0.0,0.0,0.0,0.0,0.0,0.0,0.0,0.0,0.0,0.0,0.0,0.0,0.0,0.0,0.0,0.0,0.0,0.0,0.0,0.0,0.0,0.0,0.0,0.0,0.0,0.0,0.0,0.6,0.6,0.6,0.6,0.6,1.7894443330000058,0.0
nvbench2:dev:718,718,mistral-small:24b,union,77,0.0,boxplot,1.0,1.0,19,9,10,0.0,0.0,0.0,0.0,0.0,0.0,0.0,0.0,0.0,0.0,0.0,0.0,0.0,0.0,0.0,0.0,0.0,0.0,0.0,0.0,0.0,0.0,0.0,0.0,0.0,0.0,0.0,0.0,0.0,0.0,0.0,0.0,0.0,0.0,0.0,0.0,0.0,0.0,0.0,0.0,0.0,0.0,0.0,0.0,0.0,0.0,0.0,0.0,0.0,0.0,0.0,0.0,0.0,0.0,0.0,0.0,0.0,0.0,0.0,0.0,0.0,0.0,0.0,0.0,0.0,0.0,0.0,0.0,0.0,0.0,0.0,0.0,0.0,0.0,0.0,0.0,0.0,0.0,0.0,0.0,0.0,0.0,0.0,0.0,0.0,0.0,0.0,0.0,0.0,0.0,0.0,0.0,0.0,0.0,0.0,0.0,0.0,0.0,0.0,0.0,0.0,0.0,0.0,0.0,0.0,0.0,0.0,0.0,0.8,0.6,0.8,0.6,0.7,3.5797665409999695,0.0
nvbench2:dev:719,719,mistral-small:24b,union,77,0.0,arc,1.0,1.0,13,8,5,0.0,0.0,0.0,0.0,0.0,0.0,0.0,0.0,0.0,0.0,0.0,0.0,0.0,0.0,0.0,0.0,0.0,0.0,0.0,0.0,0.0,0.0,0.0,0.0,0.0,0.0,0.0,0.0,0.0,0.0,0.0,0.0,0.0,0.0,0.0,0.0,0.0,0.0,0.0,0.0,0.0,0.0,0.0,0.0,0.0,0.0,0.0,0.0,0.0,0.0,0.0,0.0,0.0,0.0,0.0,0.0,0.0,0.0,0.0,0.0,0.0,0.0,0.0,0.0,0.0,0.0,0.0,0.0,0.0,0.0,0.0,0.0,0.0,0.0,0.0,0.0,0.0,0.0,0.0,0.0,0.0,0.0,0.0,0.0,0.0,0.0,0.0,0.0,0.0,0.0,0.0,0.0,0.0,0.0,0.0,0.0,0.0,0.0,0.0,0.0,0.0,0.0,0.0,0.0,0.0,0.0,0.0,0.0,0.8333333333333333,0.4,0.8333333333333333,0.6,0.8333333333333333,3.2697888330000637,0.0
nvbench2:dev:721,721,mistral-small:24b,union,77,0.0,boxplot,1.0,1.0,17,10,7,1.0,0.16666666666666666,0.0,0.0,0.0,0.0,0.0,0.0,0.0,0.0,0.0,0.0,0.0,0.0,0.0,0.0,0.0,0.0,0.0,0.0,0.0,0.0,1.0,0.25,0.16666666666666666,0.2,1.0,0.5,0.2857142857142857,0.36363636363636365,1.0,0.5,0.2857142857142857,0.36363636363636365,1.0,0.5,0.2857142857142857,0.36363636363636365,1.0,0.5,0.2857142857142857,0.36363636363636365,1.0,0.5,0.2857142857142857,0.36363636363636365,1.0,0.5,0.2857142857142857,0.36363636363636365,1.0,0.5,0.2857142857142857,0.36363636363636365,1.0,0.5,0.2857142857142857,0.36363636363636365,1.0,0.5,0.2857142857142857,0.36363636363636365,1.0,0.5,0.2857142857142857,0.36363636363636365,1.0,0.5,0.2857142857142857,0.36363636363636365,1.0,0.5,0.2857142857142857,0.36363636363636365,1.0,0.5,0.2857142857142857,0.36363636363636365,1.0,0.5,0.2857142857142857,0.36363636363636365,0.0,0.0,0.0,0.0,0.0,0.0,0.0,0.0,0.0,0.0,0.0,0.0,0.0,0.5,0.0,0.0,0.0,0.0,1.0,0.25,0.3333333333333333,0.28571428571428575,1.0,0.5,0.4,0.4444444444444445,1.0,0.7,0.7,0.5,1.0,3.603516291999995,0.0
nvbench2:dev:723,723,mistral-small:24b,union,77,0.0,boxplot,1.0,1.0,12,8,4,0.0,0.0,0.0,0.0,0.0,0.0,0.0,0.0,0.0,0.0,0.0,0.0,0.0,0.0,0.0,0.0,0.0,0.0,0.0,0.0,0.0,0.0,0.0,0.0,0.0,0.0,0.0,0.0,0.0,0.0,0.0,0.0,0.0,0.0,0.0,0.0,0.0,0.0,0.0,0.0,0.0,0.0,0.0,0.0,0.0,0.0,0.0,0.0,0.0,0.0,0.0,0.0,0.0,0.0,0.0,0.0,0.0,0.0,0.0,0.0,0.0,0.0,0.0,0.0,0.0,0.0,0.0,0.0,0.0,0.0,0.0,0.0,0.0,0.0,0.0,0.0,0.0,0.0,0.0,0.0,0.0,0.0,0.0,0.0,0.0,0.0,0.0,0.0,0.0,0.0,0.0,0.0,0.0,0.0,0.0,0.0,0.0,0.0,0.0,0.0,0.0,0.0,0.0,0.0,0.0,0.0,0.0,0.0,0.7,0.7,0.7,0.7,0.7,2.4954137089999904,0.0
nvbench2:dev:725,725,mistral-small:24b,union,77,0.0,boxplot,1.0,1.0,22,15,7,0.0,0.0,0.0,0.0,0.0,0.0,0.0,0.0,0.0,0.0,0.0,0.0,0.0,0.0,0.0,0.0,0.0,0.0,0.0,0.0,0.0,0.0,0.0,0.0,0.0,0.0,0.0,0.0,0.0,0.0,0.0,0.0,0.0,0.0,0.0,0.0,0.0,0.0,0.0,0.0,0.0,0.0,0.0,0.0,0.0,0.0,0.0,0.0,0.0,0.0,0.0,0.0,0.0,0.0,0.0,0.0,0.0,0.0,0.0,0.0,0.0,0.0,0.0,0.0,0.0,0.0,0.0,0.0,0.0,0.0,0.0,0.0,0.0,0.0,0.0,0.0,0.0,0.0,0.0,0.0,0.0,0.0,0.0,0.0,0.0,0.0,0.0,0.0,0.0,0.0,0.0,0.0,0.0,0.0,0.0,0.0,0.0,0.0,0.0,0.0,0.0,0.0,0.0,0.0,0.0,0.0,0.0,0.0,0.4,0.4,0.4,0.4,0.4,3.1610512920000247,0.0
nvbench2:dev:732,732,mistral-small:24b,union,77,0.0,bar+line+rect,1.0,1.0,18,7,11,1.0,0.3333333333333333,0.0,0.0,0.0,0.0,0.0,0.0,0.0,0.0,1.0,0.2,0.3333333333333333,0.25,1.0,0.2,0.25,0.22222222222222224,1.0,0.2,0.2,0.20000000000000004,1.0,0.2,0.16666666666666666,0.1818181818181818,1.0,0.2,0.14285714285714285,0.16666666666666666,1.0,0.2,0.125,0.15384615384615385,1.0,0.2,0.1111111111111111,0.14285714285714285,1.0,0.2,0.1,0.13333333333333333,1.0,0.2,0.09090909090909091,0.12500000000000003,1.0,0.2,0.09090909090909091,0.12500000000000003,1.0,0.2,0.09090909090909091,0.12500000000000003,1.0,0.2,0.09090909090909091,0.12500000000000003,1.0,0.2,0.09090909090909091,0.12500000000000003,1.0,0.2,0.09090909090909091,0.12500000000000003,1.0,0.2,0.09090909090909091,0.12500000000000003,1.0,0.2,0.09090909090909091,0.12500000000000003,1.0,0.2,0.09090909090909091,0.12500000000000003,1.0,0.2,0.09090909090909091,0.12500000000000003,0.3333333333333333,0.0,0.0,0.0,0.0,1.0,0.2,0.3333333333333333,0.25,1.0,0.2,0.2,0.20000000000000004,0.2,0.0,0.0,0.0,0.0,0.0,0.0,0.0,0.0,1.0,0.2,0.2,0.20000000000000004,1.0,0.52,1.0,0.64,1.0,4.232175209000047,0.0
nvbench2:dev:733,733,mistral-small:24b,union,77,0.0,bar+line+rect,1.0,1.0,27,7,20,0.0,0.0,0.0,0.0,0.0,0.0,0.0,0.0,0.0,0.0,0.0,0.0,0.0,0.0,0.0,0.0,0.0,0.0,0.0,0.0,0.0,0.0,0.0,0.0,0.0,0.0,0.0,0.0,0.0,0.0,0.0,0.0,0.0,0.0,0.0,0.0,0.0,0.0,0.0,0.0,0.0,0.0,0.0,0.0,0.0,0.0,0.0,0.0,0.0,0.0,0.0,0.0,0.0,0.0,0.0,0.0,0.0,0.0,0.0,0.0,0.0,0.0,0.0,0.0,0.0,0.0,0.0,0.0,0.0,0.0,0.0,0.0,0.0,0.0,0.0,0.0,0.0,0.0,0.0,0.0,0.0,0.0,0.0,0.0,0.0,0.0,0.0,0.0,0.0,0.0,0.0,0.0,0.0,0.0,0.0,0.0,0.0,0.0,0.0,0.0,0.0,0.0,0.0,0.0,0.0,0.0,0.0,0.0,0.9199999999999999,0.9199999999999999,0.9199999999999999,0.9199999999999999,0.9199999999999999,5.559031832999949,0.0
nvbench2:dev:17,17,qwen3:14b,direct,77,0.0,line,1.0,1.0,10,5,5,0.0,0.0,0.0,0.0,0.0,0.0,0.0,0.0,0.0,0.0,0.0,0.0,0.0,0.0,0.0,0.0,0.0,0.0,0.0,0.0,0.0,0.0,0.0,0.0,0.0,0.0,0.0,0.0,0.0,0.0,0.0,0.0,0.0,0.0,0.0,0.0,0.0,0.0,0.0,0.0,0.0,0.0,0.0,0.0,0.0,0.0,0.0,0.0,0.0,0.0,0.0,0.0,0.0,0.0,0.0,0.0,0.0,0.0,0.0,0.0,0.0,0.0,0.0,0.0,0.0,0.0,0.0,0.0,0.0,0.0,0.0,0.0,0.0,0.0,0.0,0.0,0.0,0.0,0.0,0.0,0.0,0.0,0.0,0.0,0.0,0.0,0.0,0.0,0.0,0.0,0.0,0.0,0.0,0.0,0.0,0.0,0.0,0.0,0.0,0.0,0.0,0.0,0.0,0.0,0.0,0.0,0.0,0.0,0.44000000000000006,0.44000000000000006,0.44000000000000006,0.44000000000000006,0.44000000000000006,5.899759583,0.0
nvbench2:dev:22,22,qwen3:14b,direct,77,0.0,boxplot,1.0,1.0,14,4,10,0.0,0.0,0.0,0.0,0.0,0.0,0.0,0.0,0.0,0.0,0.0,0.0,0.0,0.0,0.0,0.0,0.0,0.0,0.0,0.0,0.0,0.0,0.0,0.0,0.0,0.0,0.0,0.0,0.0,0.0,0.0,0.0,0.0,0.0,0.0,0.0,0.0,0.0,0.0,0.0,0.0,0.0,0.0,0.0,0.0,0.0,0.0,0.0,0.0,0.0,0.0,0.0,0.0,0.0,0.0,0.0,0.0,0.0,0.0,0.0,0.0,0.0,0.0,0.0,0.0,0.0,0.0,0.0,0.0,0.0,0.0,0.0,0.0,0.0,0.0,0.0,0.0,0.0,0.0,0.0,0.0,0.0,0.0,0.0,0.0,0.0,0.0,0.0,0.0,0.0,0.0,0.0,0.0,0.0,0.0,0.0,0.0,0.0,0.0,0.0,0.0,0.0,0.0,0.0,0.0,0.0,0.0,0.0,1.0,0.7333333333333333,1.0,0.7333333333333333,1.0,1.774898125,0.0
nvbench2:dev:23,23,qwen3:14b,direct,77,0.0,point,1.0,1.0,14,5,9,0.0,0.0,0.0,0.0,0.0,0.0,0.0,0.0,0.0,0.0,0.0,0.0,0.0,0.0,0.0,0.0,0.0,0.0,0.0,0.0,0.0,0.0,0.0,0.0,0.0,0.0,0.0,0.0,0.0,0.0,0.0,0.0,0.0,0.0,0.0,0.0,0.0,0.0,0.0,0.0,0.0,0.0,0.0,0.0,0.0,0.0,0.0,0.0,0.0,0.0,0.0,0.0,0.0,0.0,0.0,0.0,0.0,0.0,0.0,0.0,0.0,0.0,0.0,0.0,0.0,0.0,0.0,0.0,0.0,0.0,0.0,0.0,0.0,0.0,0.0,0.0,0.0,0.0,0.0,0.0,0.0,0.0,0.0,0.0,0.0,0.0,0.0,0.0,0.0,0.0,0.0,0.0,0.0,0.0,0.0,0.0,0.0,0.0,0.0,0.0,0.0,0.0,0.0,0.0,0.0,0.0,0.0,0.0,0.64,0.44000000000000006,0.48571428571428577,0.44000000000000006,0.64,1.8594043330000005,0.0
nvbench2:dev:25,25,qwen3:14b,direct,77,0.0,rect,1.0,1.0,16,2,14,0.0,0.0,0.0,0.0,0.0,0.0,0.0,0.0,0.0,0.0,0.0,0.0,0.0,0.0,0.0,0.0,0.0,0.0,0.0,0.0,0.0,0.0,0.0,0.0,0.0,0.0,0.0,0.0,0.0,0.0,0.0,0.0,0.0,0.0,0.0,0.0,0.0,0.0,0.0,0.0,0.0,0.0,0.0,0.0,0.0,0.0,0.0,0.0,0.0,0.0,0.0,0.0,0.0,0.0,0.0,0.0,0.0,0.0,0.0,0.0,0.0,0.0,0.0,0.0,0.0,0.0,0.0,0.0,0.0,0.0,0.0,0.0,0.0,0.0,0.0,0.0,0.0,0.0,0.0,0.0,0.0,0.0,0.0,0.0,0.0,0.0,0.0,0.0,0.0,0.0,0.0,0.0,0.0,0.0,0.0,0.0,0.0,0.0,0.0,0.0,0.0,0.0,0.0,0.0,0.0,0.0,0.0,0.0,0.9333333333333332,0.9333333333333332,0.9333333333333332,0.44000000000000006,0.9333333333333332,2.415370917,0.0
nvbench2:dev:33,33,qwen3:14b,direct,77,0.0,arc,1.0,1.0,14,10,4,0.0,0.0,0.0,0.0,0.0,0.0,0.0,0.0,0.0,0.0,0.0,0.0,0.0,0.0,0.0,0.0,0.0,0.0,0.0,0.0,0.0,0.0,0.0,0.0,0.0,0.0,0.0,0.0,0.0,0.0,0.0,0.0,0.0,0.0,0.0,0.0,0.0,0.0,0.0,0.0,0.0,0.0,0.0,0.0,0.0,0.0,0.0,0.0,0.0,0.0,0.0,0.0,0.0,0.0,0.0,0.0,0.0,0.0,0.0,0.0,0.0,0.0,0.0,0.0,0.0,0.0,0.0,0.0,0.0,0.0,0.0,0.0,0.0,0.0,0.0,0.0,0.0,0.0,0.0,0.0,0.0,0.0,0.0,0.0,0.0,0.0,0.0,0.0,0.0,0.0,0.0,0.0,0.0,0.0,0.0,0.0,0.0,0.0,0.0,0.0,0.0,0.0,0.0,0.0,0.0,0.0,0.0,0.0,0.8,0.8,0.8,0.8,0.8,1.281276583,0.0
nvbench2:dev:34,34,qwen3:14b,direct,77,0.0,point,1.0,1.0,10,4,6,1.0,1.0,1.0,0.5,1.0,0.6666666666666666,1.0,0.5,0.5,0.5,1.0,0.5,0.3333333333333333,0.4,1.0,0.5,0.25,0.3333333333333333,1.0,0.5,0.2,0.28571428571428575,1.0,0.5,0.16666666666666666,0.25,1.0,0.5,0.16666666666666666,0.25,1.0,0.5,0.16666666666666666,0.25,1.0,0.5,0.16666666666666666,0.25,1.0,0.5,0.16666666666666666,0.25,1.0,0.5,0.16666666666666666,0.25,1.0,0.5,0.16666666666666666,0.25,1.0,0.5,0.16666666666666666,0.25,1.0,0.5,0.16666666666666666,0.25,1.0,0.5,0.16666666666666666,0.25,1.0,0.5,0.16666666666666666,0.25,1.0,0.5,0.16666666666666666,0.25,1.0,0.5,0.16666666666666666,0.25,1.0,0.5,0.16666666666666666,0.25,1.0,0.5,0.16666666666666666,0.25,1.0,1.0,0.5,1.0,0.6666666666666666,1.0,0.5,0.3333333333333333,0.4,1.0,0.5,0.2,0.28571428571428575,0.3333333333333333,0.0,0.0,0.0,0.0,1.0,0.5,0.3333333333333333,0.4,1.0,0.5,0.2,0.28571428571428575,1.0,1.0,1.0,1.0,1.0,1.3121580000000002,-1.0
nvbench2:dev:35,35,qwen3:14b,direct,77,0.0,bar+line+point+rect,1.0,1.0,11,3,8,0.0,0.0,0.0,0.0,0.0,0.0,0.0,0.0,0.0,0.0,0.0,0.0,0.0,0.0,0.0,0.0,0.0,0.0,0.0,0.0,0.0,0.0,0.0,0.0,0.0,0.0,0.0,0.0,0.0,0.0,0.0,0.0,0.0,0.0,0.0,0.0,0.0,0.0,0.0,0.0,0.0,0.0,0.0,0.0,0.0,0.0,0.0,0.0,0.0,0.0,0.0,0.0,0.0,0.0,0.0,0.0,0.0,0.0,0.0,0.0,0.0,0.0,0.0,0.0,0.0,0.0,0.0,0.0,0.0,0.0,0.0,0.0,0.0,0.0,0.0,0.0,0.0,0.0,0.0,0.0,0.0,0.0,0.0,0.0,0.0,0.0,0.0,0.0,0.0,0.0,0.0,0.0,0.0,0.0,0.0,0.0,0.0,0.0,0.0,0.0,0.0,0.0,0.0,0.0,0.0,0.0,0.0,0.0,0.7333333333333333,0.7333333333333333,0.7333333333333333,0.5599999999999999,0.7333333333333333,1.5709381250000005,0.0
nvbench2:dev:39,39,qwen3:14b,direct,77,0.0,arc,1.0,1.0,13,10,3,0.0,0.0,0.0,0.0,0.0,0.0,0.0,0.0,0.0,0.0,0.0,0.0,0.0,0.0,0.0,0.0,0.0,0.0,0.0,0.0,0.0,0.0,0.0,0.0,0.0,0.0,0.0,0.0,0.0,0.0,0.0,0.0,0.0,0.0,0.0,0.0,0.0,0.0,0.0,0.0,0.0,0.0,0.0,0.0,0.0,0.0,0.0,0.0,0.0,0.0,0.0,0.0,0.0,0.0,0.0,0.0,0.0,0.0,0.0,0.0,0.0,0.0,0.0,0.0,0.0,0.0,0.0,0.0,0.0,0.0,0.0,0.0,0.0,0.0,0.0,0.0,0.0,0.0,0.0,0.0,0.0,0.0,0.0,0.0,0.0,0.0,0.0,0.0,0.0,0.0,0.0,0.0,0.0,0.0,0.0,0.0,0.0,0.0,0.0,0.0,0.0,0.0,0.0,0.0,0.0,0.0,0.0,0.0,1.0,1.0,1.0,1.0,1.0,1.2374815000000003,0.0
nvbench2:dev:40,40,qwen3:14b,direct,77,0.0,rect,1.0,1.0,16,6,10,0.0,0.0,0.0,0.0,0.0,0.0,0.0,0.0,0.0,0.0,0.0,0.0,0.0,0.0,0.0,0.0,0.0,0.0,0.0,0.0,0.0,0.0,0.0,0.0,0.0,0.0,0.0,0.0,0.0,0.0,0.0,0.0,0.0,0.0,0.0,0.0,0.0,0.0,0.0,0.0,0.0,0.0,0.0,0.0,0.0,0.0,0.0,0.0,0.0,0.0,0.0,0.0,0.0,0.0,0.0,0.0,0.0,0.0,0.0,0.0,0.0,0.0,0.0,0.0,0.0,0.0,0.0,0.0,0.0,0.0,0.0,0.0,0.0,0.0,0.0,0.0,0.0,0.0,0.0,0.0,0.0,0.0,0.0,0.0,0.0,0.0,0.0,0.0,0.0,0.0,0.0,0.0,0.0,0.0,0.0,0.0,0.0,0.0,0.0,0.0,0.0,0.0,0.0,0.0,0.0,0.0,0.0,0.0,1.0,0.6666666666666667,0.9333333333333332,0.7333333333333333,1.0,1.9995528749999991,0.0
nvbench2:dev:41,41,qwen3:14b,direct,77,0.0,arc,1.0,1.0,10,6,4,1.0,0.5,0.0,0.0,0.0,0.0,1.0,0.3333333333333333,0.5,0.4,1.0,0.3333333333333333,0.3333333333333333,0.3333333333333333,1.0,0.3333333333333333,0.25,0.28571428571428575,1.0,0.3333333333333333,0.25,0.28571428571428575,1.0,0.3333333333333333,0.25,0.28571428571428575,1.0,0.3333333333333333,0.25,0.28571428571428575,1.0,0.3333333333333333,0.25,0.28571428571428575,1.0,0.3333333333333333,0.25,0.28571428571428575,1.0,0.3333333333333333,0.25,0.28571428571428575,1.0,0.3333333333333333,0.25,0.28571428571428575,1.0,0.3333333333333333,0.25,0.28571428571428575,1.0,0.3333333333333333,0.25,0.28571428571428575,1.0,0.3333333333333333,0.25,0.28571428571428575,1.0,0.3333333333333333,0.25,0.28571428571428575,1.0,0.3333333333333333,0.25,0.28571428571428575,1.0,0.3333333333333333,0.25,0.28571428571428575,1.0,0.3333333333333333,0.25,0.28571428571428575,1.0,0.3333333333333333,0.25,0.28571428571428575,1.0,0.3333333333333333,0.25,0.28571428571428575,0.5,0.0,0.0,0.0,0.0,1.0,0.3333333333333333,0.3333333333333333,0.3333333333333333,1.0,0.3333333333333333,0.25,0.28571428571428575,0.5,0.0,0.0,0.0,0.0,1.0,0.3333333333333333,0.3333333333333333,0.3333333333333333,1.0,0.3333333333333333,0.25,0.28571428571428575,1.0,1.0,1.0,1.0,1.0,1.241716834,0.0
nvbench2:dev:48,48,qwen3:14b,direct,77,0.0,arc,1.0,1.0,12,1,11,1.0,0.2,0.0,0.0,0.0,0.0,0.0,0.0,0.0,0.0,0.0,0.0,0.0,0.0,0.0,0.0,0.0,0.0,1.0,0.5,0.2,0.28571428571428575,1.0,0.5,0.16666666666666666,0.25,1.0,0.5,0.14285714285714285,0.22222222222222224,1.0,0.5,0.125,0.2,1.0,0.5,0.1111111111111111,0.1818181818181818,1.0,0.5,0.1,0.16666666666666669,1.0,0.5,0.09090909090909091,0.15384615384615385,1.0,0.5,0.09090909090909091,0.15384615384615385,1.0,0.5,0.09090909090909091,0.15384615384615385,1.0,0.5,0.09090909090909091,0.15384615384615385,1.0,0.5,0.09090909090909091,0.15384615384615385,1.0,0.5,0.09090909090909091,0.15384615384615385,1.0,0.5,0.09090909090909091,0.15384615384615385,1.0,0.5,0.09090909090909091,0.15384615384615385,1.0,0.5,0.09090909090909091,0.15384615384615385,1.0,0.5,0.09090909090909091,0.15384615384615385,0.2,0.0,0.0,0.0,0.0,0.0,0.0,0.0,0.0,1.0,0.5,0.2,0.28571428571428575,0.5,0.0,0.0,0.0,0.0,1.0,0.5,0.3333333333333333,0.4,1.0,0.5,0.2,0.28571428571428575,1.0,0.2,1.0,1.0,1.0,1.7293833329999995,0.0
nvbench2:dev:49,49,qwen3:14b,direct,77,0.0,line,1.0,1.0,13,2,11,0.0,0.0,0.0,0.0,0.0,0.0,0.0,0.0,0.0,0.0,0.0,0.0,0.0,0.0,0.0,0.0,0.0,0.0,0.0,0.0,0.0,0.0,0.0,0.0,0.0,0.0,0.0,0.0,0.0,0.0,0.0,0.0,0.0,0.0,0.0,0.0,0.0,0.0,0.0,0.0,0.0,0.0,0.0,0.0,0.0,0.0,0.0,0.0,0.0,0.0,0.0,0.0,0.0,0.0,0.0,0.0,0.0,0.0,0.0,0.0,0.0,0.0,0.0,0.0,0.0,0.0,0.0,0.0,0.0,0.0,0.0,0.0,0.0,0.0,0.0,0.0,0.0,0.0,0.0,0.0,0.0,0.0,0.0,0.0,0.0,0.0,0.0,0.0,0.0,0.0,0.0,0.0,0.0,0.0,0.0,0.0,0.0,0.0,0.0,0.0,0.0,0.0,0.0,0.0,0.0,0.0,0.0,0.0,1.0,0.7,1.0,0.9,1.0,2.0233399579999993,0.0
nvbench2:dev:51,51,qwen3:14b,direct,77,0.0,bar,1.0,1.0,9,3,6,0.0,0.0,0.0,0.0,0.0,0.0,0.0,0.0,0.0,0.0,0.0,0.0,0.0,0.0,0.0,0.0,0.0,0.0,0.0,0.0,0.0,0.0,0.0,0.0,0.0,0.0,0.0,0.0,0.0,0.0,0.0,0.0,0.0,0.0,0.0,0.0,0.0,0.0,0.0,0.0,0.0,0.0,0.0,0.0,0.0,0.0,0.0,0.0,0.0,0.0,0.0,0.0,0.0,0.0,0.0,0.0,0.0,0.0,0.0,0.0,0.0,0.0,0.0,0.0,0.0,0.0,0.0,0.0,0.0,0.0,0.0,0.0,0.0,0.0,0.0,0.0,0.0,0.0,0.0,0.0,0.0,0.0,0.0,0.0,0.0,0.0,0.0,0.0,0.0,0.0,0.0,0.0,0.0,0.0,0.0,0.0,0.0,0.0,0.0,0.0,0.0,0.0,0.0,0.0,0.0,0.0,0.0,0.0,0.9199999999999999,0.6533333333333333,0.9199999999999999,0.9199999999999999,0.9199999999999999,1.5253992089999997,0.0
nvbench2:dev:54,54,qwen3:14b,direct,77,0.0,bar,1.0,1.0,12,4,8,0.0,0.0,0.0,0.0,0.0,0.0,0.0,0.0,0.0,0.0,0.0,0.0,0.0,0.0,0.0,0.0,0.0,0.0,0.0,0.0,0.0,0.0,0.0,0.0,0.0,0.0,0.0,0.0,0.0,0.0,0.0,0.0,0.0,0.0,0.0,0.0,0.0,0.0,0.0,0.0,0.0,0.0,0.0,0.0,0.0,0.0,0.0,0.0,0.0,0.0,0.0,0.0,0.0,0.0,0.0,0.0,0.0,0.0,0.0,0.0,0.0,0.0,0.0,0.0,0.0,0.0,0.0,0.0,0.0,0.0,0.0,0.0,0.0,0.0,0.0,0.0,0.0,0.0,0.0,0.0,0.0,0.0,0.0,0.0,0.0,0.0,0.0,0.0,0.0,0.0,0.0,0.0,0.0,0.0,0.0,0.0,0.0,0.0,0.0,0.0,0.0,0.0,0.0,0.0,0.0,0.0,0.0,0.0,0.9199999999999999,0.44000000000000006,0.9199999999999999,0.9199999999999999,0.9199999999999999,1.5355769170000002,0.0
nvbench2:dev:57,57,qwen3:14b,direct,77,0.0,rect,1.0,1.0,16,6,10,0.0,0.0,0.0,0.0,0.0,0.0,0.0,0.0,0.0,0.0,0.0,0.0,0.0,0.0,0.0,0.0,0.0,0.0,0.0,0.0,0.0,0.0,0.0,0.0,0.0,0.0,0.0,0.0,0.0,0.0,0.0,0.0,0.0,0.0,0.0,0.0,0.0,0.0,0.0,0.0,0.0,0.0,0.0,0.0,0.0,0.0,0.0,0.0,0.0,0.0,0.0,0.0,0.0,0.0,0.0,0.0,0.0,0.0,0.0,0.0,0.0,0.0,0.0,0.0,0.0,0.0,0.0,0.0,0.0,0.0,0.0,0.0,0.0,0.0,0.0,0.0,0.0,0.0,0.0,0.0,0.0,0.0,0.0,0.0,0.0,0.0,0.0,0.0,0.0,0.0,0.0,0.0,0.0,0.0,0.0,0.0,0.0,0.0,0.0,0.0,0.0,0.0,0.0,0.0,0.0,0.0,0.0,0.0,1.0,1.0,1.0,0.9333333333333332,1.0,1.868245292000001,0.0
nvbench2:dev:61,61,qwen3:14b,direct,77,0.0,arc,1.0,1.0,9,7,2,0.0,0.0,0.0,0.0,0.0,0.0,0.0,0.0,0.0,0.0,0.0,0.0,0.0,0.0,0.0,0.0,0.0,0.0,0.0,0.0,0.0,0.0,0.0,0.0,0.0,0.0,0.0,0.0,0.0,0.0,0.0,0.0,0.0,0.0,0.0,0.0,0.0,0.0,0.0,0.0,0.0,0.0,0.0,0.0,0.0,0.0,0.0,0.0,0.0,0.0,0.0,0.0,0.0,0.0,0.0,0.0,0.0,0.0,0.0,0.0,0.0,0.0,0.0,0.0,0.0,0.0,0.0,0.0,0.0,0.0,0.0,0.0,0.0,0.0,0.0,0.0,0.0,0.0,0.0,0.0,0.0,0.0,0.0,0.0,0.0,0.0,0.0,0.0,0.0,0.0,0.0,0.0,0.0,0.0,0.0,0.0,0.0,0.0,0.0,0.0,0.0,0.0,0.0,0.0,0.0,0.0,0.0,0.0,1.0,1.0,1.0,1.0,1.0,0.9616225000000007,0.0
nvbench2:dev:63,63,qwen3:14b,direct,77,0.0,arc,1.0,1.0,18,12,6,0.0,0.0,0.0,0.0,0.0,0.0,0.0,0.0,0.0,0.0,0.0,0.0,0.0,0.0,0.0,0.0,0.0,0.0,0.0,0.0,0.0,0.0,0.0,0.0,0.0,0.0,0.0,0.0,0.0,0.0,0.0,0.0,0.0,0.0,0.0,0.0,0.0,0.0,0.0,0.0,0.0,0.0,0.0,0.0,0.0,0.0,0.0,0.0,0.0,0.0,0.0,0.0,0.0,0.0,0.0,0.0,0.0,0.0,0.0,0.0,0.0,0.0,0.0,0.0,0.0,0.0,0.0,0.0,0.0,0.0,0.0,0.0,0.0,0.0,0.0,0.0,0.0,0.0,0.0,0.0,0.0,0.0,0.0,0.0,0.0,0.0,0.0,0.0,0.0,0.0,0.0,0.0,0.0,0.0,0.0,0.0,0.0,0.0,0.0,0.0,0.0,0.0,0.0,0.0,0.0,0.0,0.0,0.0,1.0,0.7,1.0,1.0,1.0,1.4892675840000003,0.0
nvbench2:dev:68,68,qwen3:14b,direct,77,0.0,arc,1.0,1.0,9,3,6,0.0,0.0,0.0,0.0,0.0,0.0,0.0,0.0,0.0,0.0,0.0,0.0,0.0,0.0,0.0,0.0,0.0,0.0,0.0,0.0,0.0,0.0,0.0,0.0,0.0,0.0,0.0,0.0,0.0,0.0,0.0,0.0,0.0,0.0,0.0,0.0,0.0,0.0,0.0,0.0,0.0,0.0,0.0,0.0,0.0,0.0,0.0,0.0,0.0,0.0,0.0,0.0,0.0,0.0,0.0,0.0,0.0,0.0,0.0,0.0,0.0,0.0,0.0,0.0,0.0,0.0,0.0,0.0,0.0,0.0,0.0,0.0,0.0,0.0,0.0,0.0,0.0,0.0,0.0,0.0,0.0,0.0,0.0,0.0,0.0,0.0,0.0,0.0,0.0,0.0,0.0,0.0,0.0,0.0,0.0,0.0,0.0,0.0,0.0,0.0,0.0,0.0,0.0,0.0,0.0,0.0,0.0,0.0,1.0,0.08,1.0,1.0,1.0,1.7139692089999983,0.0
nvbench2:dev:72,72,qwen3:14b,direct,77,0.0,arc,1.0,1.0,14,12,2,0.0,0.0,0.0,0.0,0.0,0.0,0.0,0.0,0.0,0.0,0.0,0.0,0.0,0.0,0.0,0.0,0.0,0.0,0.0,0.0,0.0,0.0,0.0,0.0,0.0,0.0,0.0,0.0,0.0,0.0,0.0,0.0,0.0,0.0,0.0,0.0,0.0,0.0,0.0,0.0,0.0,0.0,0.0,0.0,0.0,0.0,0.0,0.0,0.0,0.0,0.0,0.0,0.0,0.0,0.0,0.0,0.0,0.0,0.0,0.0,0.0,0.0,0.0,0.0,0.0,0.0,0.0,0.0,0.0,0.0,0.0,0.0,0.0,0.0,0.0,0.0,0.0,0.0,0.0,0.0,0.0,0.0,0.0,0.0,0.0,0.0,0.0,0.0,0.0,0.0,0.0,0.0,0.0,0.0,0.0,0.0,0.0,0.0,0.0,0.0,0.0,0.0,0.0,0.0,0.0,0.0,0.0,0.0,1.0,1.0,1.0,1.0,1.0,1.355624332999998,0.0
nvbench2:dev:73,73,qwen3:14b,direct,77,0.0,arc,0.0,0.0,11,11,0,0.0,0.0,0.0,0.0,0.0,0.0,0.0,0.0,0.0,0.0,0.0,0.0,0.0,0.0,0.0,0.0,0.0,0.0,0.0,0.0,0.0,0.0,0.0,0.0,0.0,0.0,0.0,0.0,0.0,0.0,0.0,0.0,0.0,0.0,0.0,0.0,0.0,0.0,0.0,0.0,0.0,0.0,0.0,0.0,0.0,0.0,0.0,0.0,0.0,0.0,0.0,0.0,0.0,0.0,0.0,0.0,0.0,0.0,0.0,0.0,0.0,0.0,0.0,0.0,0.0,0.0,0.0,0.0,0.0,0.0,0.0,0.0,0.0,0.0,0.0,0.0,0.0,0.0,0.0,0.0,0.0,0.0,0.0,0.0,0.0,0.0,0.0,0.0,0.0,0.0,0.0,0.0,0.0,0.0,0.0,0.0,0.0,0.0,0.0,0.0,0.0,0.0,0.0,0.0,0.0,0.0,0.0,0.0,0.0,0.0,0.0,0.0,0.0,0.0,0.0
nvbench2:dev:76,76,qwen3:14b,direct,77,0.0,bar,1.0,1.0,14,5,9,1.0,1.0,1.0,0.2,1.0,0.33333333333333337,1.0,0.2,0.5,0.28571428571428575,1.0,0.2,0.3333333333333333,0.25,1.0,0.2,0.25,0.22222222222222224,1.0,0.2,0.2,0.20000000000000004,1.0,0.2,0.16666666666666666,0.1818181818181818,1.0,0.2,0.14285714285714285,0.16666666666666666,1.0,0.2,0.125,0.15384615384615385,1.0,0.2,0.1111111111111111,0.14285714285714285,1.0,0.2,0.1111111111111111,0.14285714285714285,1.0,0.2,0.1111111111111111,0.14285714285714285,1.0,0.2,0.1111111111111111,0.14285714285714285,1.0,0.2,0.1111111111111111,0.14285714285714285,1.0,0.2,0.1111111111111111,0.14285714285714285,1.0,0.2,0.1111111111111111,0.14285714285714285,1.0,0.2,0.1111111111111111,0.14285714285714285,1.0,0.2,0.1111111111111111,0.14285714285714285,1.0,0.2,0.1111111111111111,0.14285714285714285,1.0,0.2,0.1111111111111111,0.14285714285714285,1.0,0.2,0.1111111111111111,0.14285714285714285,1.0,1.0,0.2,1.0,0.33333333333333337,1.0,0.2,0.3333333333333333,0.25,1.0,0.2,0.2,0.20000000000000004,1.0,1.0,0.2,1.0,0.33333333333333337,1.0,0.2,0.3333333333333333,0.25,1.0,0.2,0.2,0.20000000000000004,1.0,1.0,1.0,1.0,1.0,2.257321832999999,0.0
nvbench2:dev:83,83,qwen3:14b,direct,77,0.0,arc,1.0,1.0,10,7,3,1.0,0.5,0.0,0.0,0.0,0.0,1.0,0.25,0.5,0.3333333333333333,1.0,0.25,0.3333333333333333,0.28571428571428575,1.0,0.25,0.3333333333333333,0.28571428571428575,1.0,0.25,0.3333333333333333,0.28571428571428575,1.0,0.25,0.3333333333333333,0.28571428571428575,1.0,0.25,0.3333333333333333,0.28571428571428575,1.0,0.25,0.3333333333333333,0.28571428571428575,1.0,0.25,0.3333333333333333,0.28571428571428575,1.0,0.25,0.3333333333333333,0.28571428571428575,1.0,0.25,0.3333333333333333,0.28571428571428575,1.0,0.25,0.3333333333333333,0.28571428571428575,1.0,0.25,0.3333333333333333,0.28571428571428575,1.0,0.25,0.3333333333333333,0.28571428571428575,1.0,0.25,0.3333333333333333,0.28571428571428575,1.0,0.25,0.3333333333333333,0.28571428571428575,1.0,0.25,0.3333333333333333,0.28571428571428575,1.0,0.25,0.3333333333333333,0.28571428571428575,1.0,0.25,0.3333333333333333,0.28571428571428575,1.0,0.25,0.3333333333333333,0.28571428571428575,0.5,0.0,0.0,0.0,0.0,1.0,0.25,0.3333333333333333,0.28571428571428575,1.0,0.25,0.3333333333333333,0.28571428571428575,1.0,1.0,0.25,1.0,0.4,1.0,0.25,0.3333333333333333,0.28571428571428575,1.0,0.25,0.3333333333333333,0.28571428571428575,1.0,1.0,1.0,1.0,1.0,1.2302541669999982,1.0
nvbench2:dev:84,84,qwen3:14b,direct,77,0.0,rect,1.0,1.0,18,9,9,0.0,0.0,0.0,0.0,0.0,0.0,0.0,0.0,0.0,0.0,0.0,0.0,0.0,0.0,0.0,0.0,0.0,0.0,0.0,0.0,0.0,0.0,0.0,0.0,0.0,0.0,0.0,0.0,0.0,0.0,0.0,0.0,0.0,0.0,0.0,0.0,0.0,0.0,0.0,0.0,0.0,0.0,0.0,0.0,0.0,0.0,0.0,0.0,0.0,0.0,0.0,0.0,0.0,0.0,0.0,0.0,0.0,0.0,0.0,0.0,0.0,0.0,0.0,0.0,0.0,0.0,0.0,0.0,0.0,0.0,0.0,0.0,0.0,0.0,0.0,0.0,0.0,0.0,0.0,0.0,0.0,0.0,0.0,0.0,0.0,0.0,0.0,0.0,0.0,0.0,0.0,0.0,0.0,0.0,0.0,0.0,0.0,0.0,0.0,0.0,0.0,0.0,0.0,0.0,0.0,0.0,0.0,0.0,1.0,0.8666666666666668,0.8666666666666668,0.8666666666666668,0.8666666666666668,2.117490749999998,0.0
nvbench2:dev:89,89,qwen3:14b,direct,77,0.0,arc,1.0,1.0,15,9,6,0.0,0.0,0.0,0.0,0.0,0.0,0.0,0.0,0.0,0.0,0.0,0.0,0.0,0.0,0.0,0.0,0.0,0.0,0.0,0.0,0.0,0.0,0.0,0.0,0.0,0.0,0.0,0.0,0.0,0.0,0.0,0.0,0.0,0.0,0.0,0.0,0.0,0.0,0.0,0.0,0.0,0.0,0.0,0.0,0.0,0.0,0.0,0.0,0.0,0.0,0.0,0.0,0.0,0.0,0.0,0.0,0.0,0.0,0.0,0.0,0.0,0.0,0.0,0.0,0.0,0.0,0.0,0.0,0.0,0.0,0.0,0.0,0.0,0.0,0.0,0.0,0.0,0.0,0.0,0.0,0.0,0.0,0.0,0.0,0.0,0.0,0.0,0.0,0.0,0.0,0.0,0.0,0.0,0.0,0.0,0.0,0.0,0.0,0.0,0.0,0.0,0.0,0.0,0.0,0.0,0.0,0.0,0.0,1.0,0.6,1.0,0.2,1.0,1.7282232499999957,0.0
nvbench2:dev:92,92,qwen3:14b,direct,77,0.0,arc,1.0,1.0,13,7,6,0.0,0.0,0.0,0.0,0.0,0.0,0.0,0.0,0.0,0.0,0.0,0.0,0.0,0.0,0.0,0.0,0.0,0.0,0.0,0.0,0.0,0.0,0.0,0.0,0.0,0.0,0.0,0.0,0.0,0.0,0.0,0.0,0.0,0.0,0.0,0.0,0.0,0.0,0.0,0.0,0.0,0.0,0.0,0.0,0.0,0.0,0.0,0.0,0.0,0.0,0.0,0.0,0.0,0.0,0.0,0.0,0.0,0.0,0.0,0.0,0.0,0.0,0.0,0.0,0.0,0.0,0.0,0.0,0.0,0.0,0.0,0.0,0.0,0.0,0.0,0.0,0.0,0.0,0.0,0.0,0.0,0.0,0.0,0.0,0.0,0.0,0.0,0.0,0.0,0.0,0.0,0.0,0.0,0.0,0.0,0.0,0.0,0.0,0.0,0.0,0.0,0.0,0.0,0.0,0.0,0.0,0.0,0.0,0.8,0.8,0.8,0.8,0.8,1.8195920420000036,0.0
nvbench2:dev:97,97,qwen3:14b,direct,77,0.0,line,1.0,1.0,9,8,1,0.0,0.0,0.0,0.0,0.0,0.0,0.0,0.0,0.0,0.0,0.0,0.0,0.0,0.0,0.0,0.0,0.0,0.0,0.0,0.0,0.0,0.0,0.0,0.0,0.0,0.0,0.0,0.0,0.0,0.0,0.0,0.0,0.0,0.0,0.0,0.0,0.0,0.0,0.0,0.0,0.0,0.0,0.0,0.0,0.0,0.0,0.0,0.0,0.0,0.0,0.0,0.0,0.0,0.0,0.0,0.0,0.0,0.0,0.0,0.0,0.0,0.0,0.0,0.0,0.0,0.0,0.0,0.0,0.0,0.0,0.0,0.0,0.0,0.0,0.0,0.0,0.0,0.0,0.0,0.0,0.0,0.0,0.0,0.0,0.0,0.0,0.0,0.0,0.0,0.0,0.0,0.0,0.0,0.0,0.0,0.0,0.0,0.0,0.0,0.0,0.0,0.0,0.0,0.0,0.0,0.0,0.0,0.0,0.08,0.08,0.08,0.08,0.08,0.8512832910000014,0.0
nvbench2:dev:103,103,qwen3:14b,direct,77,0.0,boxplot,1.0,1.0,13,5,8,1.0,0.25,0.0,0.0,0.0,0.0,0.0,0.0,0.0,0.0,0.0,0.0,0.0,0.0,1.0,0.25,0.25,0.25,1.0,0.25,0.2,0.22222222222222224,1.0,0.25,0.16666666666666666,0.2,1.0,0.25,0.14285714285714285,0.18181818181818182,1.0,0.25,0.125,0.16666666666666666,1.0,0.25,0.125,0.16666666666666666,1.0,0.25,0.125,0.16666666666666666,1.0,0.25,0.125,0.16666666666666666,1.0,0.25,0.125,0.16666666666666666,1.0,0.25,0.125,0.16666666666666666,1.0,0.25,0.125,0.16666666666666666,1.0,0.25,0.125,0.16666666666666666,1.0,0.25,0.125,0.16666666666666666,1.0,0.25,0.125,0.16666666666666666,1.0,0.25,0.125,0.16666666666666666,1.0,0.25,0.125,0.16666666666666666,1.0,0.25,0.125,0.16666666666666666,0.25,0.0,0.0,0.0,0.0,0.0,0.0,0.0,0.0,1.0,0.25,0.2,0.22222222222222224,0.0,0.0,0.0,0.0,0.0,0.0,0.0,0.0,0.0,0.0,0.0,0.0,0.0,1.0,0.2,1.0,1.0,1.0,1.7217576250000022,0.0
nvbench2:dev:105,105,qwen3:14b,direct,77,0.0,arc,1.0,1.0,15,9,6,1.0,0.5,0.0,0.0,0.0,0.0,1.0,0.5,0.5,0.5,1.0,0.5,0.3333333333333333,0.4,1.0,0.5,0.25,0.3333333333333333,1.0,0.5,0.2,0.28571428571428575,1.0,0.5,0.16666666666666666,0.25,1.0,0.5,0.16666666666666666,0.25,1.0,0.5,0.16666666666666666,0.25,1.0,0.5,0.16666666666666666,0.25,1.0,0.5,0.16666666666666666,0.25,1.0,0.5,0.16666666666666666,0.25,1.0,0.5,0.16666666666666666,0.25,1.0,0.5,0.16666666666666666,0.25,1.0,0.5,0.16666666666666666,0.25,1.0,0.5,0.16666666666666666,0.25,1.0,0.5,0.16666666666666666,0.25,1.0,0.5,0.16666666666666666,0.25,1.0,0.5,0.16666666666666666,0.25,1.0,0.5,0.16666666666666666,0.25,1.0,0.5,0.16666666666666666,0.25,0.5,0.0,0.0,0.0,0.0,1.0,0.5,0.3333333333333333,0.4,1.0,0.5,0.2,0.28571428571428575,0.5,0.0,0.0,0.0,0.0,1.0,0.5,0.3333333333333333,0.4,1.0,0.5,0.2,0.28571428571428575,1.0,1.0,1.0,1.0,1.0,1.7002612909999968,0.0
nvbench2:dev:108,108,qwen3:14b,direct,77,0.0,boxplot,1.0,1.0,10,4,6,0.0,0.0,0.0,0.0,0.0,0.0,0.0,0.0,0.0,0.0,0.0,0.0,0.0,0.0,0.0,0.0,0.0,0.0,0.0,0.0,0.0,0.0,0.0,0.0,0.0,0.0,0.0,0.0,0.0,0.0,0.0,0.0,0.0,0.0,0.0,0.0,0.0,0.0,0.0,0.0,0.0,0.0,0.0,0.0,0.0,0.0,0.0,0.0,0.0,0.0,0.0,0.0,0.0,0.0,0.0,0.0,0.0,0.0,0.0,0.0,0.0,0.0,0.0,0.0,0.0,0.0,0.0,0.0,0.0,0.0,0.0,0.0,0.0,0.0,0.0,0.0,0.0,0.0,0.0,0.0,0.0,0.0,0.0,0.0,0.0,0.0,0.0,0.0,0.0,0.0,0.0,0.0,0.0,0.0,0.0,0.0,0.0,0.0,0.0,0.0,0.0,0.0,0.0,0.0,0.0,0.0,0.0,0.0,1.0,0.4,1.0,1.0,1.0,1.526186334000002,0.0
nvbench2:dev:112,112,qwen3:14b,direct,77,0.0,boxplot,1.0,1.0,9,3,6,0.0,0.0,0.0,0.0,0.0,0.0,0.0,0.0,0.0,0.0,0.0,0.0,0.0,0.0,0.0,0.0,0.0,0.0,0.0,0.0,0.0,0.0,0.0,0.0,0.0,0.0,0.0,0.0,0.0,0.0,0.0,0.0,0.0,0.0,0.0,0.0,0.0,0.0,0.0,0.0,0.0,0.0,0.0,0.0,0.0,0.0,0.0,0.0,0.0,0.0,0.0,0.0,0.0,0.0,0.0,0.0,0.0,0.0,0.0,0.0,0.0,0.0,0.0,0.0,0.0,0.0,0.0,0.0,0.0,0.0,0.0,0.0,0.0,0.0,0.0,0.0,0.0,0.0,0.0,0.0,0.0,0.0,0.0,0.0,0.0,0.0,0.0,0.0,0.0,0.0,0.0,0.0,0.0,0.0,0.0,0.0,0.0,0.0,0.0,0.0,0.0,0.0,0.0,0.0,0.0,0.0,0.0,0.0,0.6,0.6,0.6,0.6,0.6,2.0900366250000033,0.0
nvbench2:dev:114,114,qwen3:14b,direct,77,0.0,line,1.0,1.0,14,3,11,0.0,0.0,0.0,0.0,0.0,0.0,0.0,0.0,0.0,0.0,0.0,0.0,0.0,0.0,0.0,0.0,0.0,0.0,0.0,0.0,0.0,0.0,0.0,0.0,0.0,0.0,0.0,0.0,0.0,0.0,0.0,0.0,0.0,0.0,0.0,0.0,0.0,0.0,0.0,0.0,0.0,0.0,0.0,0.0,0.0,0.0,0.0,0.0,0.0,0.0,0.0,0.0,0.0,0.0,0.0,0.0,0.0,0.0,0.0,0.0,0.0,0.0,0.0,0.0,0.0,0.0,0.0,0.0,0.0,0.0,0.0,0.0,0.0,0.0,0.0,0.0,0.0,0.0,0.0,0.0,0.0,0.0,0.0,0.0,0.0,0.0,0.0,0.0,0.0,0.0,0.0,0.0,0.0,0.0,0.0,0.0,0.0,0.0,0.0,0.0,0.0,0.0,0.0,0.0,0.0,0.0,0.0,0.0,0.5733333333333334,0.37333333333333335,0.5733333333333334,0.44000000000000006,0.5733333333333334,2.4014544169999965,0.0
nvbench2:dev:116,116,qwen3:14b,direct,77,0.0,arc,1.0,1.0,15,10,5,1.0,0.5,0.0,0.0,0.0,0.0,1.0,0.3333333333333333,0.5,0.4,1.0,0.3333333333333333,0.3333333333333333,0.3333333333333333,1.0,0.3333333333333333,0.25,0.28571428571428575,1.0,0.3333333333333333,0.2,0.25,1.0,0.3333333333333333,0.2,0.25,1.0,0.3333333333333333,0.2,0.25,1.0,0.3333333333333333,0.2,0.25,1.0,0.3333333333333333,0.2,0.25,1.0,0.3333333333333333,0.2,0.25,1.0,0.3333333333333333,0.2,0.25,1.0,0.3333333333333333,0.2,0.25,1.0,0.3333333333333333,0.2,0.25,1.0,0.3333333333333333,0.2,0.25,1.0,0.3333333333333333,0.2,0.25,1.0,0.3333333333333333,0.2,0.25,1.0,0.3333333333333333,0.2,0.25,1.0,0.3333333333333333,0.2,0.25,1.0,0.3333333333333333,0.2,0.25,1.0,0.3333333333333333,0.2,0.25,0.5,0.0,0.0,0.0,0.0,1.0,0.3333333333333333,0.3333333333333333,0.3333333333333333,1.0,0.3333333333333333,0.2,0.25,1.0,1.0,0.3333333333333333,1.0,0.5,1.0,0.3333333333333333,0.3333333333333333,0.3333333333333333,1.0,0.3333333333333333,0.2,0.25,1.0,1.0,1.0,1.0,1.0,1.6650729580000032,1.0
nvbench2:dev:118,118,qwen3:14b,direct,77,0.0,rect,1.0,1.0,13,3,10,0.0,0.0,0.0,0.0,0.0,0.0,0.0,0.0,0.0,0.0,0.0,0.0,0.0,0.0,0.0,0.0,0.0,0.0,0.0,0.0,0.0,0.0,0.0,0.0,0.0,0.0,0.0,0.0,0.0,0.0,0.0,0.0,0.0,0.0,0.0,0.0,0.0,0.0,0.0,0.0,0.0,0.0,0.0,0.0,0.0,0.0,0.0,0.0,0.0,0.0,0.0,0.0,0.0,0.0,0.0,0.0,0.0,0.0,0.0,0.0,0.0,0.0,0.0,0.0,0.0,0.0,0.0,0.0,0.0,0.0,0.0,0.0,0.0,0.0,0.0,0.0,0.0,0.0,0.0,0.0,0.0,0.0,0.0,0.0,0.0,0.0,0.0,0.0,0.0,0.0,0.0,0.0,0.0,0.0,0.0,0.0,0.0,0.0,0.0,0.0,0.0,0.0,0.0,0.0,0.0,0.0,0.0,0.0,0.9333333333333332,0.9333333333333332,0.9333333333333332,0.9333333333333332,0.9333333333333332,2.115860834000003,0.0
nvbench2:dev:127,127,qwen3:14b,direct,77,0.0,arc,1.0,1.0,14,11,3,0.0,0.0,0.0,0.0,0.0,0.0,0.0,0.0,0.0,0.0,0.0,0.0,0.0,0.0,0.0,0.0,0.0,0.0,0.0,0.0,0.0,0.0,0.0,0.0,0.0,0.0,0.0,0.0,0.0,0.0,0.0,0.0,0.0,0.0,0.0,0.0,0.0,0.0,0.0,0.0,0.0,0.0,0.0,0.0,0.0,0.0,0.0,0.0,0.0,0.0,0.0,0.0,0.0,0.0,0.0,0.0,0.0,0.0,0.0,0.0,0.0,0.0,0.0,0.0,0.0,0.0,0.0,0.0,0.0,0.0,0.0,0.0,0.0,0.0,0.0,0.0,0.0,0.0,0.0,0.0,0.0,0.0,0.0,0.0,0.0,0.0,0.0,0.0,0.0,0.0,0.0,0.0,0.0,0.0,0.0,0.0,0.0,0.0,0.0,0.0,0.0,0.0,0.0,0.0,0.0,0.0,0.0,0.0,1.0,1.0,1.0,1.0,1.0,1.3230942920000004,0.0
nvbench2:dev:136,136,qwen3:14b,direct,77,0.0,boxplot,1.0,1.0,16,9,7,0.0,0.0,0.0,0.0,0.0,0.0,0.0,0.0,0.0,0.0,0.0,0.0,0.0,0.0,0.0,0.0,0.0,0.0,0.0,0.0,0.0,0.0,0.0,0.0,0.0,0.0,0.0,0.0,0.0,0.0,0.0,0.0,0.0,0.0,0.0,0.0,0.0,0.0,0.0,0.0,0.0,0.0,0.0,0.0,0.0,0.0,0.0,0.0,0.0,0.0,0.0,0.0,0.0,0.0,0.0,0.0,0.0,0.0,0.0,0.0,0.0,0.0,0.0,0.0,0.0,0.0,0.0,0.0,0.0,0.0,0.0,0.0,0.0,0.0,0.0,0.0,0.0,0.0,0.0,0.0,0.0,0.0,0.0,0.0,0.0,0.0,0.0,0.0,0.0,0.0,0.0,0.0,0.0,0.0,0.0,0.0,0.0,0.0,0.0,0.0,0.0,0.0,0.0,0.0,0.0,0.0,0.0,0.0,1.0,0.6,1.0,1.0,1.0,1.5838353749999996,0.0
nvbench2:dev:138,138,qwen3:14b,direct,77,0.0,bar,1.0,1.0,10,6,4,0.0,0.0,0.0,0.0,0.0,0.0,0.0,0.0,0.0,0.0,0.0,0.0,0.0,0.0,0.0,0.0,0.0,0.0,0.0,0.0,0.0,0.0,0.0,0.0,0.0,0.0,0.0,0.0,0.0,0.0,0.0,0.0,0.0,0.0,0.0,0.0,0.0,0.0,0.0,0.0,0.0,0.0,0.0,0.0,0.0,0.0,0.0,0.0,0.0,0.0,0.0,0.0,0.0,0.0,0.0,0.0,0.0,0.0,0.0,0.0,0.0,0.0,0.0,0.0,0.0,0.0,0.0,0.0,0.0,0.0,0.0,0.0,0.0,0.0,0.0,0.0,0.0,0.0,0.0,0.0,0.0,0.0,0.0,0.0,0.0,0.0,0.0,0.0,0.0,0.0,0.0,0.0,0.0,0.0,0.0,0.0,0.0,0.0,0.0,0.0,0.0,0.0,0.0,0.0,0.0,0.0,0.0,0.0,0.8,0.16,0.8,0.8,0.8,1.2476845829999945,0.0
nvbench2:dev:139,139,qwen3:14b,direct,77,0.0,line,1.0,1.0,13,6,7,0.0,0.0,0.0,0.0,0.0,0.0,0.0,0.0,0.0,0.0,0.0,0.0,0.0,0.0,0.0,0.0,0.0,0.0,0.0,0.0,0.0,0.0,0.0,0.0,0.0,0.0,0.0,0.0,0.0,0.0,0.0,0.0,0.0,0.0,0.0,0.0,0.0,0.0,0.0,0.0,0.0,0.0,0.0,0.0,0.0,0.0,0.0,0.0,0.0,0.0,0.0,0.0,0.0,0.0,0.0,0.0,0.0,0.0,0.0,0.0,0.0,0.0,0.0,0.0,0.0,0.0,0.0,0.0,0.0,0.0,0.0,0.0,0.0,0.0,0.0,0.0,0.0,0.0,0.0,0.0,0.0,0.0,0.0,0.0,0.0,0.0,0.0,0.0,0.0,0.0,0.0,0.0,0.0,0.0,0.0,0.0,0.0,0.0,0.0,0.0,0.0,0.0,0.0,0.0,0.0,0.0,0.0,0.0,0.7,0.36,0.7,0.7,0.7,1.4938328339999956,0.0
nvbench2:dev:143,143,qwen3:14b,direct,77,0.0,rect,1.0,1.0,14,4,10,0.0,0.0,0.0,0.0,0.0,0.0,0.0,0.0,0.0,0.0,0.0,0.0,0.0,0.0,0.0,0.0,0.0,0.0,0.0,0.0,0.0,0.0,0.0,0.0,0.0,0.0,0.0,0.0,0.0,0.0,0.0,0.0,0.0,0.0,0.0,0.0,0.0,0.0,0.0,0.0,0.0,0.0,0.0,0.0,0.0,0.0,0.0,0.0,0.0,0.0,0.0,0.0,0.0,0.0,0.0,0.0,0.0,0.0,0.0,0.0,0.0,0.0,0.0,0.0,0.0,0.0,0.0,0.0,0.0,0.0,0.0,0.0,0.0,0.0,0.0,0.0,0.0,0.0,0.0,0.0,0.0,0.0,0.0,0.0,0.0,0.0,0.0,0.0,0.0,0.0,0.0,0.0,0.0,0.0,0.0,0.0,0.0,0.0,0.0,0.0,0.0,0.0,0.0,0.0,0.0,0.0,0.0,0.0,0.7333333333333333,0.6666666666666667,0.7333333333333333,0.7333333333333333,0.7333333333333333,2.0610415420000052,0.0
nvbench2:dev:144,144,qwen3:14b,direct,77,0.0,bar,1.0,1.0,8,6,2,0.0,0.0,0.0,0.0,0.0,0.0,0.0,0.0,0.0,0.0,0.0,0.0,0.0,0.0,0.0,0.0,0.0,0.0,0.0,0.0,0.0,0.0,0.0,0.0,0.0,0.0,0.0,0.0,0.0,0.0,0.0,0.0,0.0,0.0,0.0,0.0,0.0,0.0,0.0,0.0,0.0,0.0,0.0,0.0,0.0,0.0,0.0,0.0,0.0,0.0,0.0,0.0,0.0,0.0,0.0,0.0,0.0,0.0,0.0,0.0,0.0,0.0,0.0,0.0,0.0,0.0,0.0,0.0,0.0,0.0,0.0,0.0,0.0,0.0,0.0,0.0,0.0,0.0,0.0,0.0,0.0,0.0,0.0,0.0,0.0,0.0,0.0,0.0,0.0,0.0,0.0,0.0,0.0,0.0,0.0,0.0,0.0,0.0,0.0,0.0,0.0,0.0,0.0,0.0,0.0,0.0,0.0,0.0,0.9199999999999999,0.9199999999999999,0.9199999999999999,0.9199999999999999,0.9199999999999999,1.0082817080000055,0.0
nvbench2:dev:149,149,qwen3:14b,direct,77,0.0,point,1.0,1.0,16,7,9,0.0,0.0,0.0,0.0,0.0,0.0,0.0,0.0,0.0,0.0,0.0,0.0,0.0,0.0,0.0,0.0,0.0,0.0,0.0,0.0,0.0,0.0,0.0,0.0,0.0,0.0,0.0,0.0,0.0,0.0,0.0,0.0,0.0,0.0,0.0,0.0,0.0,0.0,0.0,0.0,0.0,0.0,0.0,0.0,0.0,0.0,0.0,0.0,0.0,0.0,0.0,0.0,0.0,0.0,0.0,0.0,0.0,0.0,0.0,0.0,0.0,0.0,0.0,0.0,0.0,0.0,0.0,0.0,0.0,0.0,0.0,0.0,0.0,0.0,0.0,0.0,0.0,0.0,0.0,0.0,0.0,0.0,0.0,0.0,0.0,0.0,0.0,0.0,0.0,0.0,0.0,0.0,0.0,0.0,0.0,0.0,0.0,0.0,0.0,0.0,0.0,0.0,0.0,0.0,0.0,0.0,0.0,0.0,1.0,1.0,1.0,0.9199999999999999,1.0,2.129081874999997,0.0
nvbench2:dev:157,157,qwen3:14b,direct,77,0.0,point,1.0,1.0,18,2,16,0.0,0.0,0.0,0.0,0.0,0.0,0.0,0.0,0.0,0.0,0.0,0.0,0.0,0.0,0.0,0.0,0.0,0.0,0.0,0.0,0.0,0.0,0.0,0.0,0.0,0.0,0.0,0.0,0.0,0.0,0.0,0.0,0.0,0.0,0.0,0.0,0.0,0.0,0.0,0.0,0.0,0.0,0.0,0.0,0.0,0.0,0.0,0.0,0.0,0.0,0.0,0.0,0.0,0.0,0.0,0.0,0.0,0.0,0.0,0.0,0.0,0.0,0.0,0.0,0.0,0.0,0.0,0.0,0.0,0.0,0.0,0.0,0.0,0.0,0.0,0.0,0.0,0.0,0.0,0.0,0.0,0.0,0.0,0.0,0.0,0.0,0.0,0.0,0.0,0.0,0.0,0.0,0.0,0.0,0.0,0.0,0.0,0.0,0.0,0.0,0.0,0.0,0.0,0.0,0.0,0.0,0.0,0.0,0.72,0.52,0.72,0.36,0.37142857142857144,2.423478457999998,0.0
nvbench2:dev:158,158,qwen3:14b,direct,77,0.0,point,1.0,1.0,13,3,10,0.0,0.0,0.0,0.0,0.0,0.0,0.0,0.0,0.0,0.0,0.0,0.0,0.0,0.0,0.0,0.0,0.0,0.0,0.0,0.0,0.0,0.0,0.0,0.0,0.0,0.0,0.0,0.0,0.0,0.0,0.0,0.0,0.0,0.0,0.0,0.0,0.0,0.0,0.0,0.0,0.0,0.0,0.0,0.0,0.0,0.0,0.0,0.0,0.0,0.0,0.0,0.0,0.0,0.0,0.0,0.0,0.0,0.0,0.0,0.0,0.0,0.0,0.0,0.0,0.0,0.0,0.0,0.0,0.0,0.0,0.0,0.0,0.0,0.0,0.0,0.0,0.0,0.0,0.0,0.0,0.0,0.0,0.0,0.0,0.0,0.0,0.0,0.0,0.0,0.0,0.0,0.0,0.0,0.0,0.0,0.0,0.0,0.0,0.0,0.0,0.0,0.0,0.0,0.0,0.0,0.0,0.0,0.0,0.52,0.52,0.52,0.44000000000000006,0.48571428571428577,1.979995707999997,0.0
nvbench2:dev:165,165,qwen3:14b,direct,77,0.0,line,1.0,1.0,10,4,6,0.0,0.0,0.0,0.0,0.0,0.0,0.0,0.0,0.0,0.0,0.0,0.0,0.0,0.0,0.0,0.0,0.0,0.0,0.0,0.0,0.0,0.0,0.0,0.0,0.0,0.0,0.0,0.0,0.0,0.0,0.0,0.0,0.0,0.0,0.0,0.0,0.0,0.0,0.0,0.0,0.0,0.0,0.0,0.0,0.0,0.0,0.0,0.0,0.0,0.0,0.0,0.0,0.0,0.0,0.0,0.0,0.0,0.0,0.0,0.0,0.0,0.0,0.0,0.0,0.0,0.0,0.0,0.0,0.0,0.0,0.0,0.0,0.0,0.0,0.0,0.0,0.0,0.0,0.0,0.0,0.0,0.0,0.0,0.0,0.0,0.0,0.0,0.0,0.0,0.0,0.0,0.0,0.0,0.0,0.0,0.0,0.0,0.0,0.0,0.0,0.0,0.0,0.0,0.0,0.0,0.0,0.0,0.0,0.8,0.7333333333333333,0.8,0.8,0.8,1.8362007079999998,0.0
nvbench2:dev:167,167,qwen3:14b,direct,77,0.0,bar,1.0,1.0,8,7,1,0.0,0.0,0.0,0.0,0.0,0.0,0.0,0.0,0.0,0.0,0.0,0.0,0.0,0.0,0.0,0.0,0.0,0.0,0.0,0.0,0.0,0.0,0.0,0.0,0.0,0.0,0.0,0.0,0.0,0.0,0.0,0.0,0.0,0.0,0.0,0.0,0.0,0.0,0.0,0.0,0.0,0.0,0.0,0.0,0.0,0.0,0.0,0.0,0.0,0.0,0.0,0.0,0.0,0.0,0.0,0.0,0.0,0.0,0.0,0.0,0.0,0.0,0.0,0.0,0.0,0.0,0.0,0.0,0.0,0.0,0.0,0.0,0.0,0.0,0.0,0.0,0.0,0.0,0.0,0.0,0.0,0.0,0.0,0.0,0.0,0.0,0.0,0.0,0.0,0.0,0.0,0.0,0.0,0.0,0.0,0.0,0.0,0.0,0.0,0.0,0.0,0.0,0.0,0.0,0.0,0.0,0.0,0.0,0.16,0.16,0.16,0.16,0.16,0.769949957999998,0.0
nvbench2:dev:176,176,qwen3:14b,direct,77,0.0,line,1.0,1.0,14,1,13,1.0,0.25,0.0,0.0,0.0,0.0,0.0,0.0,0.0,0.0,0.0,0.0,0.0,0.0,1.0,0.2,0.25,0.22222222222222224,1.0,0.2,0.2,0.20000000000000004,1.0,0.2,0.16666666666666666,0.1818181818181818,1.0,0.2,0.14285714285714285,0.16666666666666666,1.0,0.2,0.125,0.15384615384615385,1.0,0.2,0.1111111111111111,0.14285714285714285,1.0,0.2,0.1,0.13333333333333333,1.0,0.2,0.09090909090909091,0.12500000000000003,1.0,0.2,0.08333333333333333,0.11764705882352941,1.0,0.2,0.07692307692307693,0.1111111111111111,1.0,0.2,0.07692307692307693,0.1111111111111111,1.0,0.2,0.07692307692307693,0.1111111111111111,1.0,0.2,0.07692307692307693,0.1111111111111111,1.0,0.2,0.07692307692307693,0.1111111111111111,1.0,0.2,0.07692307692307693,0.1111111111111111,1.0,0.2,0.07692307692307693,0.1111111111111111,1.0,0.2,0.07692307692307693,0.1111111111111111,0.25,0.0,0.0,0.0,0.0,0.0,0.0,0.0,0.0,1.0,0.2,0.2,0.20000000000000004,1.0,1.0,0.2,1.0,0.33333333333333337,1.0,0.2,0.3333333333333333,0.25,1.0,0.2,0.2,0.20000000000000004,1.0,0.64,1.0,1.0,1.0,2.124418082999995,1.0
nvbench2:dev:182,182,qwen3:14b,direct,77,0.0,rect,1.0,1.0,17,11,6,0.0,0.0,0.0,0.0,0.0,0.0,0.0,0.0,0.0,0.0,0.0,0.0,0.0,0.0,0.0,0.0,0.0,0.0,0.0,0.0,0.0,0.0,0.0,0.0,0.0,0.0,0.0,0.0,0.0,0.0,0.0,0.0,0.0,0.0,0.0,0.0,0.0,0.0,0.0,0.0,0.0,0.0,0.0,0.0,0.0,0.0,0.0,0.0,0.0,0.0,0.0,0.0,0.0,0.0,0.0,0.0,0.0,0.0,0.0,0.0,0.0,0.0,0.0,0.0,0.0,0.0,0.0,0.0,0.0,0.0,0.0,0.0,0.0,0.0,0.0,0.0,0.0,0.0,0.0,0.0,0.0,0.0,0.0,0.0,0.0,0.0,0.0,0.0,0.0,0.0,0.0,0.0,0.0,0.0,0.0,0.0,0.0,0.0,0.0,0.0,0.0,0.0,0.0,0.0,0.0,0.0,0.0,0.0,0.8,0.08,0.8,0.8,0.8,1.728332167000005,0.0
nvbench2:dev:188,188,qwen3:14b,direct,77,0.0,rect,1.0,1.0,17,3,14,1.0,0.5,0.0,0.0,0.0,0.0,1.0,0.3333333333333333,0.5,0.4,1.0,0.3333333333333333,0.3333333333333333,0.3333333333333333,1.0,0.3333333333333333,0.25,0.28571428571428575,1.0,0.6666666666666666,0.4,0.5,1.0,0.6666666666666666,0.3333333333333333,0.4444444444444444,1.0,0.6666666666666666,0.2857142857142857,0.4,1.0,0.6666666666666666,0.25,0.36363636363636365,1.0,0.6666666666666666,0.2222222222222222,0.3333333333333333,1.0,0.6666666666666666,0.2,0.30769230769230765,1.0,0.6666666666666666,0.18181818181818182,0.28571428571428575,1.0,0.6666666666666666,0.16666666666666666,0.26666666666666666,1.0,0.6666666666666666,0.15384615384615385,0.25,1.0,0.6666666666666666,0.14285714285714285,0.23529411764705882,1.0,0.6666666666666666,0.14285714285714285,0.23529411764705882,1.0,0.6666666666666666,0.14285714285714285,0.23529411764705882,1.0,0.6666666666666666,0.14285714285714285,0.23529411764705882,1.0,0.6666666666666666,0.14285714285714285,0.23529411764705882,1.0,0.6666666666666666,0.14285714285714285,0.23529411764705882,1.0,0.6666666666666666,0.14285714285714285,0.23529411764705882,0.5,0.0,0.0,0.0,0.0,1.0,0.3333333333333333,0.3333333333333333,0.3333333333333333,1.0,0.6666666666666666,0.4,0.5,0.0,0.0,0.0,0.0,0.0,0.0,0.0,0.0,0.0,0.0,0.0,0.0,0.0,1.0,1.0,1.0,1.0,1.0,2.6114771250000075,0.0
nvbench2:dev:191,191,qwen3:14b,direct,77,0.0,rect,1.0,1.0,11,5,6,0.0,0.0,0.0,0.0,0.0,0.0,0.0,0.0,0.0,0.0,0.0,0.0,0.0,0.0,0.0,0.0,0.0,0.0,0.0,0.0,0.0,0.0,0.0,0.0,0.0,0.0,0.0,0.0,0.0,0.0,0.0,0.0,0.0,0.0,0.0,0.0,0.0,0.0,0.0,0.0,0.0,0.0,0.0,0.0,0.0,0.0,0.0,0.0,0.0,0.0,0.0,0.0,0.0,0.0,0.0,0.0,0.0,0.0,0.0,0.0,0.0,0.0,0.0,0.0,0.0,0.0,0.0,0.0,0.0,0.0,0.0,0.0,0.0,0.0,0.0,0.0,0.0,0.0,0.0,0.0,0.0,0.0,0.0,0.0,0.0,0.0,0.0,0.0,0.0,0.0,0.0,0.0,0.0,0.0,0.0,0.0,0.0,0.0,0.0,0.0,0.0,0.0,0.0,0.0,0.0,0.0,0.0,0.0,1.0,1.0,1.0,1.0,1.0,1.4873558329999952,0.0
nvbench2:dev:203,203,qwen3:14b,direct,77,0.0,bar+line,1.0,1.0,18,4,14,0.0,0.0,0.0,0.0,0.0,0.0,0.0,0.0,0.0,0.0,0.0,0.0,0.0,0.0,0.0,0.0,0.0,0.0,0.0,0.0,0.0,0.0,0.0,0.0,0.0,0.0,0.0,0.0,0.0,0.0,0.0,0.0,0.0,0.0,0.0,0.0,0.0,0.0,0.0,0.0,0.0,0.0,0.0,0.0,0.0,0.0,0.0,0.0,0.0,0.0,0.0,0.0,0.0,0.0,0.0,0.0,0.0,0.0,0.0,0.0,0.0,0.0,0.0,0.0,0.0,0.0,0.0,0.0,0.0,0.0,0.0,0.0,0.0,0.0,0.0,0.0,0.0,0.0,0.0,0.0,0.0,0.0,0.0,0.0,0.0,0.0,0.0,0.0,0.0,0.0,0.0,0.0,0.0,0.0,0.0,0.0,0.0,0.0,0.0,0.0,0.0,0.0,0.0,0.0,0.0,0.0,0.0,0.0,0.72,0.64,0.72,0.72,0.72,2.3599348750000075,0.0
nvbench2:dev:214,214,qwen3:14b,direct,77,0.0,rect,1.0,1.0,12,7,5,0.0,0.0,0.0,0.0,0.0,0.0,0.0,0.0,0.0,0.0,0.0,0.0,0.0,0.0,0.0,0.0,0.0,0.0,0.0,0.0,0.0,0.0,0.0,0.0,0.0,0.0,0.0,0.0,0.0,0.0,0.0,0.0,0.0,0.0,0.0,0.0,0.0,0.0,0.0,0.0,0.0,0.0,0.0,0.0,0.0,0.0,0.0,0.0,0.0,0.0,0.0,0.0,0.0,0.0,0.0,0.0,0.0,0.0,0.0,0.0,0.0,0.0,0.0,0.0,0.0,0.0,0.0,0.0,0.0,0.0,0.0,0.0,0.0,0.0,0.0,0.0,0.0,0.0,0.0,0.0,0.0,0.0,0.0,0.0,0.0,0.0,0.0,0.0,0.0,0.0,0.0,0.0,0.0,0.0,0.0,0.0,0.0,0.0,0.0,0.0,0.0,0.0,0.0,0.0,0.0,0.0,0.0,0.0,0.6666666666666667,0.52,0.6666666666666667,0.6666666666666667,0.6666666666666667,1.5564431250000013,0.0
nvbench2:dev:223,223,qwen3:14b,direct,77,0.0,boxplot,1.0,1.0,14,4,10,0.0,0.0,0.0,0.0,0.0,0.0,0.0,0.0,0.0,0.0,0.0,0.0,0.0,0.0,0.0,0.0,0.0,0.0,0.0,0.0,0.0,0.0,0.0,0.0,0.0,0.0,0.0,0.0,0.0,0.0,0.0,0.0,0.0,0.0,0.0,0.0,0.0,0.0,0.0,0.0,0.0,0.0,0.0,0.0,0.0,0.0,0.0,0.0,0.0,0.0,0.0,0.0,0.0,0.0,0.0,0.0,0.0,0.0,0.0,0.0,0.0,0.0,0.0,0.0,0.0,0.0,0.0,0.0,0.0,0.0,0.0,0.0,0.0,0.0,0.0,0.0,0.0,0.0,0.0,0.0,0.0,0.0,0.0,0.0,0.0,0.0,0.0,0.0,0.0,0.0,0.0,0.0,0.0,0.0,0.0,0.0,0.0,0.0,0.0,0.0,0.0,0.0,0.0,0.0,0.0,0.0,0.0,0.0,1.0,0.6,1.0,1.0,1.0,2.046307334000005,0.0
nvbench2:dev:228,228,qwen3:14b,direct,77,0.0,rect,1.0,1.0,14,7,7,0.0,0.0,0.0,0.0,0.0,0.0,0.0,0.0,0.0,0.0,0.0,0.0,0.0,0.0,0.0,0.0,0.0,0.0,0.0,0.0,0.0,0.0,0.0,0.0,0.0,0.0,0.0,0.0,0.0,0.0,0.0,0.0,0.0,0.0,0.0,0.0,0.0,0.0,0.0,0.0,0.0,0.0,0.0,0.0,0.0,0.0,0.0,0.0,0.0,0.0,0.0,0.0,0.0,0.0,0.0,0.0,0.0,0.0,0.0,0.0,0.0,0.0,0.0,0.0,0.0,0.0,0.0,0.0,0.0,0.0,0.0,0.0,0.0,0.0,0.0,0.0,0.0,0.0,0.0,0.0,0.0,0.0,0.0,0.0,0.0,0.0,0.0,0.0,0.0,0.0,0.0,0.0,0.0,0.0,0.0,0.0,0.0,0.0,0.0,0.0,0.0,0.0,0.0,0.0,0.0,0.0,0.0,0.0,0.8,0.8,0.8,0.24000000000000005,0.8,1.857030999999992,0.0
nvbench2:dev:232,232,qwen3:14b,direct,77,0.0,arc,1.0,1.0,14,9,5,0.0,0.0,0.0,0.0,0.0,0.0,0.0,0.0,0.0,0.0,0.0,0.0,0.0,0.0,0.0,0.0,0.0,0.0,0.0,0.0,0.0,0.0,0.0,0.0,0.0,0.0,0.0,0.0,0.0,0.0,0.0,0.0,0.0,0.0,0.0,0.0,0.0,0.0,0.0,0.0,0.0,0.0,0.0,0.0,0.0,0.0,0.0,0.0,0.0,0.0,0.0,0.0,0.0,0.0,0.0,0.0,0.0,0.0,0.0,0.0,0.0,0.0,0.0,0.0,0.0,0.0,0.0,0.0,0.0,0.0,0.0,0.0,0.0,0.0,0.0,0.0,0.0,0.0,0.0,0.0,0.0,0.0,0.0,0.0,0.0,0.0,0.0,0.0,0.0,0.0,0.0,0.0,0.0,0.0,0.0,0.0,0.0,0.0,0.0,0.0,0.0,0.0,0.0,0.0,0.0,0.0,0.0,0.0,1.0,0.6,1.0,0.9,1.0,1.6166394579999945,0.0
nvbench2:dev:245,245,qwen3:14b,direct,77,0.0,line,1.0,1.0,15,5,10,0.0,0.0,0.0,0.0,0.0,0.0,0.0,0.0,0.0,0.0,0.0,0.0,0.0,0.0,0.0,0.0,0.0,0.0,0.0,0.0,0.0,0.0,0.0,0.0,0.0,0.0,0.0,0.0,0.0,0.0,0.0,0.0,0.0,0.0,0.0,0.0,0.0,0.0,0.0,0.0,0.0,0.0,0.0,0.0,0.0,0.0,0.0,0.0,0.0,0.0,0.0,0.0,0.0,0.0,0.0,0.0,0.0,0.0,0.0,0.0,0.0,0.0,0.0,0.0,0.0,0.0,0.0,0.0,0.0,0.0,0.0,0.0,0.0,0.0,0.0,0.0,0.0,0.0,0.0,0.0,0.0,0.0,0.0,0.0,0.0,0.0,0.0,0.0,0.0,0.0,0.0,0.0,0.0,0.0,0.0,0.0,0.0,0.0,0.0,0.0,0.0,0.0,0.0,0.0,0.0,0.0,0.0,0.0,0.8,0.6,0.8,0.8,0.8,2.6060977909999963,0.0
nvbench2:dev:252,252,qwen3:14b,direct,77,0.0,rect,1.0,1.0,11,8,3,0.0,0.0,0.0,0.0,0.0,0.0,0.0,0.0,0.0,0.0,0.0,0.0,0.0,0.0,0.0,0.0,0.0,0.0,0.0,0.0,0.0,0.0,0.0,0.0,0.0,0.0,0.0,0.0,0.0,0.0,0.0,0.0,0.0,0.0,0.0,0.0,0.0,0.0,0.0,0.0,0.0,0.0,0.0,0.0,0.0,0.0,0.0,0.0,0.0,0.0,0.0,0.0,0.0,0.0,0.0,0.0,0.0,0.0,0.0,0.0,0.0,0.0,0.0,0.0,0.0,0.0,0.0,0.0,0.0,0.0,0.0,0.0,0.0,0.0,0.0,0.0,0.0,0.0,0.0,0.0,0.0,0.0,0.0,0.0,0.0,0.0,0.0,0.0,0.0,0.0,0.0,0.0,0.0,0.0,0.0,0.0,0.0,0.0,0.0,0.0,0.0,0.0,0.0,0.0,0.0,0.0,0.0,0.0,0.4,0.4,0.4,0.16,0.4,1.0649962500000072,0.0
nvbench2:dev:253,253,qwen3:14b,direct,77,0.0,arc+bar+line,1.0,1.0,7,3,4,0.0,0.0,0.0,0.0,0.0,0.0,0.0,0.0,0.0,0.0,0.0,0.0,0.0,0.0,0.0,0.0,0.0,0.0,0.0,0.0,0.0,0.0,0.0,0.0,0.0,0.0,0.0,0.0,0.0,0.0,0.0,0.0,0.0,0.0,0.0,0.0,0.0,0.0,0.0,0.0,0.0,0.0,0.0,0.0,0.0,0.0,0.0,0.0,0.0,0.0,0.0,0.0,0.0,0.0,0.0,0.0,0.0,0.0,0.0,0.0,0.0,0.0,0.0,0.0,0.0,0.0,0.0,0.0,0.0,0.0,0.0,0.0,0.0,0.0,0.0,0.0,0.0,0.0,0.0,0.0,0.0,0.0,0.0,0.0,0.0,0.0,0.0,0.0,0.0,0.0,0.0,0.0,0.0,0.0,0.0,0.0,0.0,0.0,0.0,0.0,0.0,0.0,0.0,0.0,0.0,0.0,0.0,0.0,1.0,0.9,1.0,0.9,1.0,1.1461787079999937,0.0
nvbench2:dev:255,255,qwen3:14b,direct,77,0.0,bar,1.0,1.0,8,5,3,0.0,0.0,0.0,0.0,0.0,0.0,0.0,0.0,0.0,0.0,0.0,0.0,0.0,0.0,0.0,0.0,0.0,0.0,0.0,0.0,0.0,0.0,0.0,0.0,0.0,0.0,0.0,0.0,0.0,0.0,0.0,0.0,0.0,0.0,0.0,0.0,0.0,0.0,0.0,0.0,0.0,0.0,0.0,0.0,0.0,0.0,0.0,0.0,0.0,0.0,0.0,0.0,0.0,0.0,0.0,0.0,0.0,0.0,0.0,0.0,0.0,0.0,0.0,0.0,0.0,0.0,0.0,0.0,0.0,0.0,0.0,0.0,0.0,0.0,0.0,0.0,0.0,0.0,0.0,0.0,0.0,0.0,0.0,0.0,0.0,0.0,0.0,0.0,0.0,0.0,0.0,0.0,0.0,0.0,0.0,0.0,0.0,0.0,0.0,0.0,0.0,0.0,0.0,0.0,0.0,0.0,0.0,0.0,0.7333333333333333,0.44000000000000006,0.7333333333333333,0.7333333333333333,0.7333333333333333,1.131653583000002,0.0
nvbench2:dev:256,256,qwen3:14b,direct,77,0.0,rect,1.0,1.0,16,2,14,0.0,0.0,0.0,0.0,0.0,0.0,0.0,0.0,0.0,0.0,0.0,0.0,0.0,0.0,0.0,0.0,0.0,0.0,0.0,0.0,0.0,0.0,0.0,0.0,0.0,0.0,0.0,0.0,0.0,0.0,0.0,0.0,0.0,0.0,0.0,0.0,0.0,0.0,0.0,0.0,0.0,0.0,0.0,0.0,0.0,0.0,0.0,0.0,0.0,0.0,0.0,0.0,0.0,0.0,0.0,0.0,0.0,0.0,0.0,0.0,0.0,0.0,0.0,0.0,0.0,0.0,0.0,0.0,0.0,0.0,0.0,0.0,0.0,0.0,0.0,0.0,0.0,0.0,0.0,0.0,0.0,0.0,0.0,0.0,0.0,0.0,0.0,0.0,0.0,0.0,0.0,0.0,0.0,0.0,0.0,0.0,0.0,0.0,0.0,0.0,0.0,0.0,0.0,0.0,0.0,0.0,0.0,0.0,0.9,0.8,0.8333333333333333,0.9,0.9,2.9650760829999996,0.0
nvbench2:dev:259,259,qwen3:14b,direct,77,0.0,point,1.0,1.0,16,7,9,0.0,0.0,0.0,0.0,0.0,0.0,0.0,0.0,0.0,0.0,0.0,0.0,0.0,0.0,0.0,0.0,0.0,0.0,0.0,0.0,0.0,0.0,0.0,0.0,0.0,0.0,0.0,0.0,0.0,0.0,0.0,0.0,0.0,0.0,0.0,0.0,0.0,0.0,0.0,0.0,0.0,0.0,0.0,0.0,0.0,0.0,0.0,0.0,0.0,0.0,0.0,0.0,0.0,0.0,0.0,0.0,0.0,0.0,0.0,0.0,0.0,0.0,0.0,0.0,0.0,0.0,0.0,0.0,0.0,0.0,0.0,0.0,0.0,0.0,0.0,0.0,0.0,0.0,0.0,0.0,0.0,0.0,0.0,0.0,0.0,0.0,0.0,0.0,0.0,0.0,0.0,0.0,0.0,0.0,0.0,0.0,0.0,0.0,0.0,0.0,0.0,0.0,0.0,0.0,0.0,0.0,0.0,0.0,0.9333333333333332,0.72,0.9333333333333332,0.8400000000000001,0.9333333333333332,2.262029333000001,0.0
nvbench2:dev:278,278,qwen3:14b,direct,77,0.0,arc,1.0,1.0,11,8,3,1.0,0.5,0.0,0.0,0.0,0.0,1.0,0.3333333333333333,0.5,0.4,1.0,0.3333333333333333,0.3333333333333333,0.3333333333333333,1.0,0.3333333333333333,0.3333333333333333,0.3333333333333333,1.0,0.3333333333333333,0.3333333333333333,0.3333333333333333,1.0,0.3333333333333333,0.3333333333333333,0.3333333333333333,1.0,0.3333333333333333,0.3333333333333333,0.3333333333333333,1.0,0.3333333333333333,0.3333333333333333,0.3333333333333333,1.0,0.3333333333333333,0.3333333333333333,0.3333333333333333,1.0,0.3333333333333333,0.3333333333333333,0.3333333333333333,1.0,0.3333333333333333,0.3333333333333333,0.3333333333333333,1.0,0.3333333333333333,0.3333333333333333,0.3333333333333333,1.0,0.3333333333333333,0.3333333333333333,0.3333333333333333,1.0,0.3333333333333333,0.3333333333333333,0.3333333333333333,1.0,0.3333333333333333,0.3333333333333333,0.3333333333333333,1.0,0.3333333333333333,0.3333333333333333,0.3333333333333333,1.0,0.3333333333333333,0.3333333333333333,0.3333333333333333,1.0,0.3333333333333333,0.3333333333333333,0.3333333333333333,1.0,0.3333333333333333,0.3333333333333333,0.3333333333333333,1.0,0.3333333333333333,0.3333333333333333,0.3333333333333333,0.5,0.0,0.0,0.0,0.0,1.0,0.3333333333333333,0.3333333333333333,0.3333333333333333,1.0,0.3333333333333333,0.3333333333333333,0.3333333333333333,0.5,0.0,0.0,0.0,0.0,1.0,0.3333333333333333,0.3333333333333333,0.3333333333333333,1.0,0.3333333333333333,0.3333333333333333,0.3333333333333333,1.0,1.0,1.0,1.0,1.0,1.1999094999999897,0.0
nvbench2:dev:283,283,qwen3:14b,direct,77,0.0,rect,1.0,1.0,14,9,5,0.0,0.0,0.0,0.0,0.0,0.0,0.0,0.0,0.0,0.0,0.0,0.0,0.0,0.0,0.0,0.0,0.0,0.0,0.0,0.0,0.0,0.0,0.0,0.0,0.0,0.0,0.0,0.0,0.0,0.0,0.0,0.0,0.0,0.0,0.0,0.0,0.0,0.0,0.0,0.0,0.0,0.0,0.0,0.0,0.0,0.0,0.0,0.0,0.0,0.0,0.0,0.0,0.0,0.0,0.0,0.0,0.0,0.0,0.0,0.0,0.0,0.0,0.0,0.0,0.0,0.0,0.0,0.0,0.0,0.0,0.0,0.0,0.0,0.0,0.0,0.0,0.0,0.0,0.0,0.0,0.0,0.0,0.0,0.0,0.0,0.0,0.0,0.0,0.0,0.0,0.0,0.0,0.0,0.0,0.0,0.0,0.0,0.0,0.0,0.0,0.0,0.0,0.0,0.0,0.0,0.0,0.0,0.0,0.24000000000000005,0.08,0.24000000000000005,0.24000000000000005,0.24000000000000005,2.2142677909999975,0.0
nvbench2:dev:286,286,qwen3:14b,direct,77,0.0,bar,1.0,1.0,6,1,5,0.0,0.0,0.0,0.0,0.0,0.0,0.0,0.0,0.0,0.0,0.0,0.0,0.0,0.0,0.0,0.0,0.0,0.0,0.0,0.0,0.0,0.0,0.0,0.0,0.0,0.0,0.0,0.0,0.0,0.0,0.0,0.0,0.0,0.0,0.0,0.0,0.0,0.0,0.0,0.0,0.0,0.0,0.0,0.0,0.0,0.0,0.0,0.0,0.0,0.0,0.0,0.0,0.0,0.0,0.0,0.0,0.0,0.0,0.0,0.0,0.0,0.0,0.0,0.0,0.0,0.0,0.0,0.0,0.0,0.0,0.0,0.0,0.0,0.0,0.0,0.0,0.0,0.0,0.0,0.0,0.0,0.0,0.0,0.0,0.0,0.0,0.0,0.0,0.0,0.0,0.0,0.0,0.0,0.0,0.0,0.0,0.0,0.0,0.0,0.0,0.0,0.0,0.0,0.0,0.0,0.0,0.0,0.0,0.9199999999999999,0.9199999999999999,0.9199999999999999,0.9199999999999999,0.9199999999999999,1.9096173749999963,0.0
nvbench2:dev:292,292,qwen3:14b,direct,77,0.0,rect,1.0,1.0,15,11,4,0.0,0.0,0.0,0.0,0.0,0.0,0.0,0.0,0.0,0.0,0.0,0.0,0.0,0.0,0.0,0.0,0.0,0.0,0.0,0.0,0.0,0.0,0.0,0.0,0.0,0.0,0.0,0.0,0.0,0.0,0.0,0.0,0.0,0.0,0.0,0.0,0.0,0.0,0.0,0.0,0.0,0.0,0.0,0.0,0.0,0.0,0.0,0.0,0.0,0.0,0.0,0.0,0.0,0.0,0.0,0.0,0.0,0.0,0.0,0.0,0.0,0.0,0.0,0.0,0.0,0.0,0.0,0.0,0.0,0.0,0.0,0.0,0.0,0.0,0.0,0.0,0.0,0.0,0.0,0.0,0.0,0.0,0.0,0.0,0.0,0.0,0.0,0.0,0.0,0.0,0.0,0.0,0.0,0.0,0.0,0.0,0.0,0.0,0.0,0.0,0.0,0.0,0.0,0.0,0.0,0.0,0.0,0.0,0.7333333333333333,0.7333333333333333,0.7333333333333333,0.7333333333333333,0.7333333333333333,1.9280541250000027,0.0
nvbench2:dev:296,296,qwen3:14b,direct,77,0.0,bar,1.0,1.0,18,7,11,0.0,0.0,0.0,0.0,0.0,0.0,0.0,0.0,0.0,0.0,0.0,0.0,0.0,0.0,0.0,0.0,0.0,0.0,0.0,0.0,0.0,0.0,0.0,0.0,0.0,0.0,0.0,0.0,0.0,0.0,0.0,0.0,0.0,0.0,0.0,0.0,0.0,0.0,0.0,0.0,0.0,0.0,0.0,0.0,0.0,0.0,0.0,0.0,0.0,0.0,0.0,0.0,0.0,0.0,0.0,0.0,0.0,0.0,0.0,0.0,0.0,0.0,0.0,0.0,0.0,0.0,0.0,0.0,0.0,0.0,0.0,0.0,0.0,0.0,0.0,0.0,0.0,0.0,0.0,0.0,0.0,0.0,0.0,0.0,0.0,0.0,0.0,0.0,0.0,0.0,0.0,0.0,0.0,0.0,0.0,0.0,0.0,0.0,0.0,0.0,0.0,0.0,0.0,0.0,0.0,0.0,0.0,0.0,0.9199999999999999,0.36,0.9199999999999999,0.9199999999999999,0.9199999999999999,2.5735692089999986,0.0
nvbench2:dev:298,298,qwen3:14b,direct,77,0.0,bar,1.0,1.0,16,13,3,0.0,0.0,0.0,0.0,0.0,0.0,0.0,0.0,0.0,0.0,0.0,0.0,0.0,0.0,0.0,0.0,0.0,0.0,0.0,0.0,0.0,0.0,0.0,0.0,0.0,0.0,0.0,0.0,0.0,0.0,0.0,0.0,0.0,0.0,0.0,0.0,0.0,0.0,0.0,0.0,0.0,0.0,0.0,0.0,0.0,0.0,0.0,0.0,0.0,0.0,0.0,0.0,0.0,0.0,0.0,0.0,0.0,0.0,0.0,0.0,0.0,0.0,0.0,0.0,0.0,0.0,0.0,0.0,0.0,0.0,0.0,0.0,0.0,0.0,0.0,0.0,0.0,0.0,0.0,0.0,0.0,0.0,0.0,0.0,0.0,0.0,0.0,0.0,0.0,0.0,0.0,0.0,0.0,0.0,0.0,0.0,0.0,0.0,0.0,0.0,0.0,0.0,0.0,0.0,0.0,0.0,0.0,0.0,0.9199999999999999,0.9199999999999999,0.9199999999999999,0.9199999999999999,0.9199999999999999,1.5858613749999932,0.0
nvbench2:dev:300,300,qwen3:14b,direct,77,0.0,arc,0.0,0.0,19,19,0,0.0,0.0,0.0,0.0,0.0,0.0,0.0,0.0,0.0,0.0,0.0,0.0,0.0,0.0,0.0,0.0,0.0,0.0,0.0,0.0,0.0,0.0,0.0,0.0,0.0,0.0,0.0,0.0,0.0,0.0,0.0,0.0,0.0,0.0,0.0,0.0,0.0,0.0,0.0,0.0,0.0,0.0,0.0,0.0,0.0,0.0,0.0,0.0,0.0,0.0,0.0,0.0,0.0,0.0,0.0,0.0,0.0,0.0,0.0,0.0,0.0,0.0,0.0,0.0,0.0,0.0,0.0,0.0,0.0,0.0,0.0,0.0,0.0,0.0,0.0,0.0,0.0,0.0,0.0,0.0,0.0,0.0,0.0,0.0,0.0,0.0,0.0,0.0,0.0,0.0,0.0,0.0,0.0,0.0,0.0,0.0,0.0,0.0,0.0,0.0,0.0,0.0,0.0,0.0,0.0,0.0,0.0,0.0,0.0,0.0,0.0,0.0,0.0,0.0,0.0
nvbench2:dev:302,302,qwen3:14b,direct,77,0.0,rect,1.0,1.0,14,6,8,0.0,0.0,0.0,0.0,0.0,0.0,0.0,0.0,0.0,0.0,0.0,0.0,0.0,0.0,0.0,0.0,0.0,0.0,0.0,0.0,0.0,0.0,0.0,0.0,0.0,0.0,0.0,0.0,0.0,0.0,0.0,0.0,0.0,0.0,0.0,0.0,0.0,0.0,0.0,0.0,0.0,0.0,0.0,0.0,0.0,0.0,0.0,0.0,0.0,0.0,0.0,0.0,0.0,0.0,0.0,0.0,0.0,0.0,0.0,0.0,0.0,0.0,0.0,0.0,0.0,0.0,0.0,0.0,0.0,0.0,0.0,0.0,0.0,0.0,0.0,0.0,0.0,0.0,0.0,0.0,0.0,0.0,0.0,0.0,0.0,0.0,0.0,0.0,0.0,0.0,0.0,0.0,0.0,0.0,0.0,0.0,0.0,0.0,0.0,0.0,0.0,0.0,0.0,0.0,0.0,0.0,0.0,0.0,0.7333333333333333,0.7333333333333333,0.7333333333333333,0.6,0.7333333333333333,1.853873458999999,0.0
nvbench2:dev:307,307,qwen3:14b,direct,77,0.0,rect,1.0,1.0,14,12,2,0.0,0.0,0.0,0.0,0.0,0.0,0.0,0.0,0.0,0.0,0.0,0.0,0.0,0.0,0.0,0.0,0.0,0.0,0.0,0.0,0.0,0.0,0.0,0.0,0.0,0.0,0.0,0.0,0.0,0.0,0.0,0.0,0.0,0.0,0.0,0.0,0.0,0.0,0.0,0.0,0.0,0.0,0.0,0.0,0.0,0.0,0.0,0.0,0.0,0.0,0.0,0.0,0.0,0.0,0.0,0.0,0.0,0.0,0.0,0.0,0.0,0.0,0.0,0.0,0.0,0.0,0.0,0.0,0.0,0.0,0.0,0.0,0.0,0.0,0.0,0.0,0.0,0.0,0.0,0.0,0.0,0.0,0.0,0.0,0.0,0.0,0.0,0.0,0.0,0.0,0.0,0.0,0.0,0.0,0.0,0.0,0.0,0.0,0.0,0.0,0.0,0.0,0.0,0.0,0.0,0.0,0.0,0.0,0.4666666666666667,0.08,0.4666666666666667,0.4666666666666667,0.4666666666666667,1.1907945410000025,0.0
nvbench2:dev:314,314,qwen3:14b,direct,77,0.0,arc,1.0,1.0,9,7,2,0.0,0.0,0.0,0.0,0.0,0.0,0.0,0.0,0.0,0.0,0.0,0.0,0.0,0.0,0.0,0.0,0.0,0.0,0.0,0.0,0.0,0.0,0.0,0.0,0.0,0.0,0.0,0.0,0.0,0.0,0.0,0.0,0.0,0.0,0.0,0.0,0.0,0.0,0.0,0.0,0.0,0.0,0.0,0.0,0.0,0.0,0.0,0.0,0.0,0.0,0.0,0.0,0.0,0.0,0.0,0.0,0.0,0.0,0.0,0.0,0.0,0.0,0.0,0.0,0.0,0.0,0.0,0.0,0.0,0.0,0.0,0.0,0.0,0.0,0.0,0.0,0.0,0.0,0.0,0.0,0.0,0.0,0.0,0.0,0.0,0.0,0.0,0.0,0.0,0.0,0.0,0.0,0.0,0.0,0.0,0.0,0.0,0.0,0.0,0.0,0.0,0.0,0.0,0.0,0.0,0.0,0.0,0.0,1.0,1.0,1.0,1.0,1.0,1.106662,0.0
nvbench2:dev:315,315,qwen3:14b,direct,77,0.0,bar,1.0,1.0,16,11,5,0.0,0.0,0.0,0.0,0.0,0.0,0.0,0.0,0.0,0.0,0.0,0.0,0.0,0.0,0.0,0.0,0.0,0.0,0.0,0.0,0.0,0.0,0.0,0.0,0.0,0.0,0.0,0.0,0.0,0.0,0.0,0.0,0.0,0.0,0.0,0.0,0.0,0.0,0.0,0.0,0.0,0.0,0.0,0.0,0.0,0.0,0.0,0.0,0.0,0.0,0.0,0.0,0.0,0.0,0.0,0.0,0.0,0.0,0.0,0.0,0.0,0.0,0.0,0.0,0.0,0.0,0.0,0.0,0.0,0.0,0.0,0.0,0.0,0.0,0.0,0.0,0.0,0.0,0.0,0.0,0.0,0.0,0.0,0.0,0.0,0.0,0.0,0.0,0.0,0.0,0.0,0.0,0.0,0.0,0.0,0.0,0.0,0.0,0.0,0.0,0.0,0.0,0.0,0.0,0.0,0.0,0.0,0.0,1.0,1.0,1.0,1.0,1.0,1.578171832999999,0.0
nvbench2:dev:317,317,qwen3:14b,direct,77,0.0,rect,1.0,1.0,15,10,5,0.0,0.0,0.0,0.0,0.0,0.0,0.0,0.0,0.0,0.0,0.0,0.0,0.0,0.0,0.0,0.0,0.0,0.0,0.0,0.0,0.0,0.0,0.0,0.0,0.0,0.0,0.0,0.0,0.0,0.0,0.0,0.0,0.0,0.0,0.0,0.0,0.0,0.0,0.0,0.0,0.0,0.0,0.0,0.0,0.0,0.0,0.0,0.0,0.0,0.0,0.0,0.0,0.0,0.0,0.0,0.0,0.0,0.0,0.0,0.0,0.0,0.0,0.0,0.0,0.0,0.0,0.0,0.0,0.0,0.0,0.0,0.0,0.0,0.0,0.0,0.0,0.0,0.0,0.0,0.0,0.0,0.0,0.0,0.0,0.0,0.0,0.0,0.0,0.0,0.0,0.0,0.0,0.0,0.0,0.0,0.0,0.0,0.0,0.0,0.0,0.0,0.0,0.0,0.0,0.0,0.0,0.0,0.0,0.7333333333333333,0.7333333333333333,0.7333333333333333,0.7333333333333333,0.7333333333333333,1.7366345419999902,0.0
nvbench2:dev:319,319,qwen3:14b,direct,77,0.0,boxplot,1.0,1.0,15,4,11,1.0,0.25,0.0,0.0,0.0,0.0,0.0,0.0,0.0,0.0,0.0,0.0,0.0,0.0,1.0,0.2,0.25,0.22222222222222224,1.0,0.2,0.2,0.20000000000000004,1.0,0.2,0.16666666666666666,0.1818181818181818,1.0,0.2,0.14285714285714285,0.16666666666666666,1.0,0.2,0.125,0.15384615384615385,1.0,0.2,0.1111111111111111,0.14285714285714285,1.0,0.2,0.1,0.13333333333333333,1.0,0.2,0.09090909090909091,0.12500000000000003,1.0,0.2,0.09090909090909091,0.12500000000000003,1.0,0.2,0.09090909090909091,0.12500000000000003,1.0,0.2,0.09090909090909091,0.12500000000000003,1.0,0.2,0.09090909090909091,0.12500000000000003,1.0,0.2,0.09090909090909091,0.12500000000000003,1.0,0.2,0.09090909090909091,0.12500000000000003,1.0,0.2,0.09090909090909091,0.12500000000000003,1.0,0.2,0.09090909090909091,0.12500000000000003,1.0,0.2,0.09090909090909091,0.12500000000000003,0.25,0.0,0.0,0.0,0.0,0.0,0.0,0.0,0.0,1.0,0.2,0.2,0.20000000000000004,0.0,0.0,0.0,0.0,0.0,0.0,0.0,0.0,0.0,0.0,0.0,0.0,0.0,1.0,0.5,1.0,0.8,1.0,2.185937457999998,0.0
nvbench2:dev:326,326,qwen3:14b,direct,77,0.0,rect,1.0,1.0,10,6,4,0.0,0.0,0.0,0.0,0.0,0.0,0.0,0.0,0.0,0.0,0.0,0.0,0.0,0.0,0.0,0.0,0.0,0.0,0.0,0.0,0.0,0.0,0.0,0.0,0.0,0.0,0.0,0.0,0.0,0.0,0.0,0.0,0.0,0.0,0.0,0.0,0.0,0.0,0.0,0.0,0.0,0.0,0.0,0.0,0.0,0.0,0.0,0.0,0.0,0.0,0.0,0.0,0.0,0.0,0.0,0.0,0.0,0.0,0.0,0.0,0.0,0.0,0.0,0.0,0.0,0.0,0.0,0.0,0.0,0.0,0.0,0.0,0.0,0.0,0.0,0.0,0.0,0.0,0.0,0.0,0.0,0.0,0.0,0.0,0.0,0.0,0.0,0.0,0.0,0.0,0.0,0.0,0.0,0.0,0.0,0.0,0.0,0.0,0.0,0.0,0.0,0.0,0.0,0.0,0.0,0.0,0.0,0.0,0.44000000000000006,0.16,0.44000000000000006,0.44000000000000006,0.44000000000000006,1.3574656669999996,0.0
nvbench2:dev:327,327,qwen3:14b,direct,77,0.0,boxplot,1.0,1.0,15,5,10,0.0,0.0,0.0,0.0,0.0,0.0,0.0,0.0,0.0,0.0,0.0,0.0,0.0,0.0,0.0,0.0,0.0,0.0,0.0,0.0,0.0,0.0,0.0,0.0,0.0,0.0,0.0,0.0,0.0,0.0,0.0,0.0,0.0,0.0,0.0,0.0,0.0,0.0,0.0,0.0,0.0,0.0,0.0,0.0,0.0,0.0,0.0,0.0,0.0,0.0,0.0,0.0,0.0,0.0,0.0,0.0,0.0,0.0,0.0,0.0,0.0,0.0,0.0,0.0,0.0,0.0,0.0,0.0,0.0,0.0,0.0,0.0,0.0,0.0,0.0,0.0,0.0,0.0,0.0,0.0,0.0,0.0,0.0,0.0,0.0,0.0,0.0,0.0,0.0,0.0,0.0,0.0,0.0,0.0,0.0,0.0,0.0,0.0,0.0,0.0,0.0,0.0,0.0,0.0,0.0,0.0,0.0,0.0,0.6,0.6,0.6,0.6,0.6,1.7389572080000022,0.0
nvbench2:dev:331,331,qwen3:14b,direct,77,0.0,bar,1.0,1.0,11,3,8,0.0,0.0,0.0,0.0,0.0,0.0,0.0,0.0,0.0,0.0,0.0,0.0,0.0,0.0,0.0,0.0,0.0,0.0,0.0,0.0,0.0,0.0,0.0,0.0,0.0,0.0,0.0,0.0,0.0,0.0,0.0,0.0,0.0,0.0,0.0,0.0,0.0,0.0,0.0,0.0,0.0,0.0,0.0,0.0,0.0,0.0,0.0,0.0,0.0,0.0,0.0,0.0,0.0,0.0,0.0,0.0,0.0,0.0,0.0,0.0,0.0,0.0,0.0,0.0,0.0,0.0,0.0,0.0,0.0,0.0,0.0,0.0,0.0,0.0,0.0,0.0,0.0,0.0,0.0,0.0,0.0,0.0,0.0,0.0,0.0,0.0,0.0,0.0,0.0,0.0,0.0,0.0,0.0,0.0,0.0,0.0,0.0,0.0,0.0,0.0,0.0,0.0,0.0,0.0,0.0,0.0,0.0,0.0,1.0,0.5,1.0,1.0,1.0,1.8208627079999928,0.0
nvbench2:dev:332,332,qwen3:14b,direct,77,0.0,arc,1.0,1.0,11,6,5,0.0,0.0,0.0,0.0,0.0,0.0,0.0,0.0,0.0,0.0,0.0,0.0,0.0,0.0,0.0,0.0,0.0,0.0,0.0,0.0,0.0,0.0,0.0,0.0,0.0,0.0,0.0,0.0,0.0,0.0,0.0,0.0,0.0,0.0,0.0,0.0,0.0,0.0,0.0,0.0,0.0,0.0,0.0,0.0,0.0,0.0,0.0,0.0,0.0,0.0,0.0,0.0,0.0,0.0,0.0,0.0,0.0,0.0,0.0,0.0,0.0,0.0,0.0,0.0,0.0,0.0,0.0,0.0,0.0,0.0,0.0,0.0,0.0,0.0,0.0,0.0,0.0,0.0,0.0,0.0,0.0,0.0,0.0,0.0,0.0,0.0,0.0,0.0,0.0,0.0,0.0,0.0,0.0,0.0,0.0,0.0,0.0,0.0,0.0,0.0,0.0,0.0,0.0,0.0,0.0,0.0,0.0,0.0,0.7,0.2,0.7,0.2,0.7,1.4374881250000016,0.0
nvbench2:dev:336,336,qwen3:14b,direct,77,0.0,arc,1.0,1.0,14,13,1,0.0,0.0,0.0,0.0,0.0,0.0,0.0,0.0,0.0,0.0,0.0,0.0,0.0,0.0,0.0,0.0,0.0,0.0,0.0,0.0,0.0,0.0,0.0,0.0,0.0,0.0,0.0,0.0,0.0,0.0,0.0,0.0,0.0,0.0,0.0,0.0,0.0,0.0,0.0,0.0,0.0,0.0,0.0,0.0,0.0,0.0,0.0,0.0,0.0,0.0,0.0,0.0,0.0,0.0,0.0,0.0,0.0,0.0,0.0,0.0,0.0,0.0,0.0,0.0,0.0,0.0,0.0,0.0,0.0,0.0,0.0,0.0,0.0,0.0,0.0,0.0,0.0,0.0,0.0,0.0,0.0,0.0,0.0,0.0,0.0,0.0,0.0,0.0,0.0,0.0,0.0,0.0,0.0,0.0,0.0,0.0,0.0,0.0,0.0,0.0,0.0,0.0,0.0,0.0,0.0,0.0,0.0,0.0,0.8,0.8,0.8,0.8,0.8,0.8075055839999976,0.0
nvbench2:dev:338,338,qwen3:14b,direct,77,0.0,rect,1.0,1.0,15,8,7,0.0,0.0,0.0,0.0,0.0,0.0,0.0,0.0,0.0,0.0,0.0,0.0,0.0,0.0,0.0,0.0,0.0,0.0,0.0,0.0,0.0,0.0,0.0,0.0,0.0,0.0,0.0,0.0,0.0,0.0,0.0,0.0,0.0,0.0,0.0,0.0,0.0,0.0,0.0,0.0,0.0,0.0,0.0,0.0,0.0,0.0,0.0,0.0,0.0,0.0,0.0,0.0,0.0,0.0,0.0,0.0,0.0,0.0,0.0,0.0,0.0,0.0,0.0,0.0,0.0,0.0,0.0,0.0,0.0,0.0,0.0,0.0,0.0,0.0,0.0,0.0,0.0,0.0,0.0,0.0,0.0,0.0,0.0,0.0,0.0,0.0,0.0,0.0,0.0,0.0,0.0,0.0,0.0,0.0,0.0,0.0,0.0,0.0,0.0,0.0,0.0,0.0,0.0,0.0,0.0,0.0,0.0,0.0,0.7333333333333333,0.27999999999999997,0.7333333333333333,0.7333333333333333,0.7333333333333333,1.6648144999999914,0.0
nvbench2:dev:340,340,qwen3:14b,direct,77,0.0,rect,1.0,1.0,13,7,6,0.0,0.0,0.0,0.0,0.0,0.0,0.0,0.0,0.0,0.0,0.0,0.0,0.0,0.0,0.0,0.0,0.0,0.0,0.0,0.0,0.0,0.0,0.0,0.0,0.0,0.0,0.0,0.0,0.0,0.0,0.0,0.0,0.0,0.0,0.0,0.0,0.0,0.0,0.0,0.0,0.0,0.0,0.0,0.0,0.0,0.0,0.0,0.0,0.0,0.0,0.0,0.0,0.0,0.0,0.0,0.0,0.0,0.0,0.0,0.0,0.0,0.0,0.0,0.0,0.0,0.0,0.0,0.0,0.0,0.0,0.0,0.0,0.0,0.0,0.0,0.0,0.0,0.0,0.0,0.0,0.0,0.0,0.0,0.0,0.0,0.0,0.0,0.0,0.0,0.0,0.0,0.0,0.0,0.0,0.0,0.0,0.0,0.0,0.0,0.0,0.0,0.0,0.0,0.0,0.0,0.0,0.0,0.0,1.0,0.44000000000000006,0.9333333333333332,0.44000000000000006,1.0,1.518485333000001,0.0
nvbench2:dev:346,346,qwen3:14b,direct,77,0.0,bar+line+rect,1.0,1.0,14,5,9,0.0,0.0,0.0,0.0,0.0,0.0,0.0,0.0,0.0,0.0,0.0,0.0,0.0,0.0,0.0,0.0,0.0,0.0,0.0,0.0,0.0,0.0,0.0,0.0,0.0,0.0,0.0,0.0,0.0,0.0,0.0,0.0,0.0,0.0,0.0,0.0,0.0,0.0,0.0,0.0,0.0,0.0,0.0,0.0,0.0,0.0,0.0,0.0,0.0,0.0,0.0,0.0,0.0,0.0,0.0,0.0,0.0,0.0,0.0,0.0,0.0,0.0,0.0,0.0,0.0,0.0,0.0,0.0,0.0,0.0,0.0,0.0,0.0,0.0,0.0,0.0,0.0,0.0,0.0,0.0,0.0,0.0,0.0,0.0,0.0,0.0,0.0,0.0,0.0,0.0,0.0,0.0,0.0,0.0,0.0,0.0,0.0,0.0,0.0,0.0,0.0,0.0,0.0,0.0,0.0,0.0,0.0,0.0,0.72,0.08,0.72,0.72,0.72,2.3148232499999892,0.0
nvbench2:dev:358,358,qwen3:14b,direct,77,0.0,bar,1.0,1.0,18,10,8,0.0,0.0,0.0,0.0,0.0,0.0,0.0,0.0,0.0,0.0,0.0,0.0,0.0,0.0,0.0,0.0,0.0,0.0,0.0,0.0,0.0,0.0,0.0,0.0,0.0,0.0,0.0,0.0,0.0,0.0,0.0,0.0,0.0,0.0,0.0,0.0,0.0,0.0,0.0,0.0,0.0,0.0,0.0,0.0,0.0,0.0,0.0,0.0,0.0,0.0,0.0,0.0,0.0,0.0,0.0,0.0,0.0,0.0,0.0,0.0,0.0,0.0,0.0,0.0,0.0,0.0,0.0,0.0,0.0,0.0,0.0,0.0,0.0,0.0,0.0,0.0,0.0,0.0,0.0,0.0,0.0,0.0,0.0,0.0,0.0,0.0,0.0,0.0,0.0,0.0,0.0,0.0,0.0,0.0,0.0,0.0,0.0,0.0,0.0,0.0,0.0,0.0,0.0,0.0,0.0,0.0,0.0,0.0,1.0,0.27999999999999997,0.9333333333333332,0.5333333333333333,1.0,1.9189965840000127,0.0
nvbench2:dev:362,362,qwen3:14b,direct,77,0.0,rect,1.0,1.0,15,8,7,0.0,0.0,0.0,0.0,0.0,0.0,0.0,0.0,0.0,0.0,0.0,0.0,0.0,0.0,0.0,0.0,0.0,0.0,0.0,0.0,0.0,0.0,0.0,0.0,0.0,0.0,0.0,0.0,0.0,0.0,0.0,0.0,0.0,0.0,0.0,0.0,0.0,0.0,0.0,0.0,0.0,0.0,0.0,0.0,0.0,0.0,0.0,0.0,0.0,0.0,0.0,0.0,0.0,0.0,0.0,0.0,0.0,0.0,0.0,0.0,0.0,0.0,0.0,0.0,0.0,0.0,0.0,0.0,0.0,0.0,0.0,0.0,0.0,0.0,0.0,0.0,0.0,0.0,0.0,0.0,0.0,0.0,0.0,0.0,0.0,0.0,0.0,0.0,0.0,0.0,0.0,0.0,0.0,0.0,0.0,0.0,0.0,0.0,0.0,0.0,0.0,0.0,0.0,0.0,0.0,0.0,0.0,0.0,0.6666666666666667,0.6666666666666667,0.6666666666666667,0.6666666666666667,0.6666666666666667,1.8225917080000045,0.0
nvbench2:dev:367,367,qwen3:14b,direct,77,0.0,bar,1.0,1.0,10,5,5,0.0,0.0,0.0,0.0,0.0,0.0,0.0,0.0,0.0,0.0,0.0,0.0,0.0,0.0,0.0,0.0,0.0,0.0,0.0,0.0,0.0,0.0,0.0,0.0,0.0,0.0,0.0,0.0,0.0,0.0,0.0,0.0,0.0,0.0,0.0,0.0,0.0,0.0,0.0,0.0,0.0,0.0,0.0,0.0,0.0,0.0,0.0,0.0,0.0,0.0,0.0,0.0,0.0,0.0,0.0,0.0,0.0,0.0,0.0,0.0,0.0,0.0,0.0,0.0,0.0,0.0,0.0,0.0,0.0,0.0,0.0,0.0,0.0,0.0,0.0,0.0,0.0,0.0,0.0,0.0,0.0,0.0,0.0,0.0,0.0,0.0,0.0,0.0,0.0,0.0,0.0,0.0,0.0,0.0,0.0,0.0,0.0,0.0,0.0,0.0,0.0,0.0,0.0,0.0,0.0,0.0,0.0,0.0,0.9199999999999999,0.44000000000000006,0.9199999999999999,0.9199999999999999,0.9199999999999999,1.45033487500001,0.0
nvbench2:dev:381,381,qwen3:14b,direct,77,0.0,rect,1.0,1.0,15,4,11,0.0,0.0,0.0,0.0,0.0,0.0,0.0,0.0,0.0,0.0,0.0,0.0,0.0,0.0,0.0,0.0,0.0,0.0,0.0,0.0,0.0,0.0,0.0,0.0,0.0,0.0,0.0,0.0,0.0,0.0,0.0,0.0,0.0,0.0,0.0,0.0,0.0,0.0,0.0,0.0,0.0,0.0,0.0,0.0,0.0,0.0,0.0,0.0,0.0,0.0,0.0,0.0,0.0,0.0,0.0,0.0,0.0,0.0,0.0,0.0,0.0,0.0,0.0,0.0,0.0,0.0,0.0,0.0,0.0,0.0,0.0,0.0,0.0,0.0,0.0,0.0,0.0,0.0,0.0,0.0,0.0,0.0,0.0,0.0,0.0,0.0,0.0,0.0,0.0,0.0,0.0,0.0,0.0,0.0,0.0,0.0,0.0,0.0,0.0,0.0,0.0,0.0,0.0,0.0,0.0,0.0,0.0,0.0,1.0,0.9333333333333332,0.9333333333333332,0.9333333333333332,1.0,2.2597549579999736,0.0
nvbench2:dev:383,383,qwen3:14b,direct,77,0.0,rect,1.0,1.0,14,2,12,0.0,0.0,0.0,0.0,0.0,0.0,0.0,0.0,0.0,0.0,0.0,0.0,0.0,0.0,0.0,0.0,0.0,0.0,0.0,0.0,0.0,0.0,0.0,0.0,0.0,0.0,0.0,0.0,0.0,0.0,0.0,0.0,0.0,0.0,0.0,0.0,0.0,0.0,0.0,0.0,0.0,0.0,0.0,0.0,0.0,0.0,0.0,0.0,0.0,0.0,0.0,0.0,0.0,0.0,0.0,0.0,0.0,0.0,0.0,0.0,0.0,0.0,0.0,0.0,0.0,0.0,0.0,0.0,0.0,0.0,0.0,0.0,0.0,0.0,0.0,0.0,0.0,0.0,0.0,0.0,0.0,0.0,0.0,0.0,0.0,0.0,0.0,0.0,0.0,0.0,0.0,0.0,0.0,0.0,0.0,0.0,0.0,0.0,0.0,0.0,0.0,0.0,0.0,0.0,0.0,0.0,0.0,0.0,1.0,1.0,1.0,0.44000000000000006,1.0,2.0814387499999896,0.0
nvbench2:dev:384,384,qwen3:14b,direct,77,0.0,bar,1.0,1.0,13,9,4,0.0,0.0,0.0,0.0,0.0,0.0,0.0,0.0,0.0,0.0,0.0,0.0,0.0,0.0,0.0,0.0,0.0,0.0,0.0,0.0,0.0,0.0,0.0,0.0,0.0,0.0,0.0,0.0,0.0,0.0,0.0,0.0,0.0,0.0,0.0,0.0,0.0,0.0,0.0,0.0,0.0,0.0,0.0,0.0,0.0,0.0,0.0,0.0,0.0,0.0,0.0,0.0,0.0,0.0,0.0,0.0,0.0,0.0,0.0,0.0,0.0,0.0,0.0,0.0,0.0,0.0,0.0,0.0,0.0,0.0,0.0,0.0,0.0,0.0,0.0,0.0,0.0,0.0,0.0,0.0,0.0,0.0,0.0,0.0,0.0,0.0,0.0,0.0,0.0,0.0,0.0,0.0,0.0,0.0,0.0,0.0,0.0,0.0,0.0,0.0,0.0,0.0,0.0,0.0,0.0,0.0,0.0,0.0,0.8,0.08,0.8,0.7,0.8,1.4470613329999935,0.0
nvbench2:dev:388,388,qwen3:14b,direct,77,0.0,rect,1.0,1.0,14,9,5,0.0,0.0,0.0,0.0,0.0,0.0,0.0,0.0,0.0,0.0,0.0,0.0,0.0,0.0,0.0,0.0,0.0,0.0,0.0,0.0,0.0,0.0,0.0,0.0,0.0,0.0,0.0,0.0,0.0,0.0,0.0,0.0,0.0,0.0,0.0,0.0,0.0,0.0,0.0,0.0,0.0,0.0,0.0,0.0,0.0,0.0,0.0,0.0,0.0,0.0,0.0,0.0,0.0,0.0,0.0,0.0,0.0,0.0,0.0,0.0,0.0,0.0,0.0,0.0,0.0,0.0,0.0,0.0,0.0,0.0,0.0,0.0,0.0,0.0,0.0,0.0,0.0,0.0,0.0,0.0,0.0,0.0,0.0,0.0,0.0,0.0,0.0,0.0,0.0,0.0,0.0,0.0,0.0,0.0,0.0,0.0,0.0,0.0,0.0,0.0,0.0,0.0,0.0,0.0,0.0,0.0,0.0,0.0,0.6666666666666667,0.6666666666666667,0.6666666666666667,0.6666666666666667,0.6666666666666667,1.8351501250000126,0.0
nvbench2:dev:394,394,qwen3:14b,direct,77,0.0,arc,1.0,1.0,11,10,1,0.0,0.0,0.0,0.0,0.0,0.0,0.0,0.0,0.0,0.0,0.0,0.0,0.0,0.0,0.0,0.0,0.0,0.0,0.0,0.0,0.0,0.0,0.0,0.0,0.0,0.0,0.0,0.0,0.0,0.0,0.0,0.0,0.0,0.0,0.0,0.0,0.0,0.0,0.0,0.0,0.0,0.0,0.0,0.0,0.0,0.0,0.0,0.0,0.0,0.0,0.0,0.0,0.0,0.0,0.0,0.0,0.0,0.0,0.0,0.0,0.0,0.0,0.0,0.0,0.0,0.0,0.0,0.0,0.0,0.0,0.0,0.0,0.0,0.0,0.0,0.0,0.0,0.0,0.0,0.0,0.0,0.0,0.0,0.0,0.0,0.0,0.0,0.0,0.0,0.0,0.0,0.0,0.0,0.0,0.0,0.0,0.0,0.0,0.0,0.0,0.0,0.0,0.0,0.0,0.0,0.0,0.0,0.0,0.9,0.9,0.9,0.9,0.9,0.6646280420000039,0.0
nvbench2:dev:398,398,qwen3:14b,direct,77,0.0,line,1.0,1.0,7,2,5,1.0,0.3333333333333333,0.0,0.0,0.0,0.0,0.0,0.0,0.0,0.0,1.0,0.25,0.3333333333333333,0.28571428571428575,1.0,0.25,0.25,0.25,1.0,0.25,0.2,0.22222222222222224,1.0,0.25,0.2,0.22222222222222224,1.0,0.25,0.2,0.22222222222222224,1.0,0.25,0.2,0.22222222222222224,1.0,0.25,0.2,0.22222222222222224,1.0,0.25,0.2,0.22222222222222224,1.0,0.25,0.2,0.22222222222222224,1.0,0.25,0.2,0.22222222222222224,1.0,0.25,0.2,0.22222222222222224,1.0,0.25,0.2,0.22222222222222224,1.0,0.25,0.2,0.22222222222222224,1.0,0.25,0.2,0.22222222222222224,1.0,0.25,0.2,0.22222222222222224,1.0,0.25,0.2,0.22222222222222224,1.0,0.25,0.2,0.22222222222222224,1.0,0.25,0.2,0.22222222222222224,0.3333333333333333,0.0,0.0,0.0,0.0,1.0,0.25,0.3333333333333333,0.28571428571428575,1.0,0.25,0.2,0.22222222222222224,0.3333333333333333,0.0,0.0,0.0,0.0,1.0,0.25,0.3333333333333333,0.28571428571428575,1.0,0.25,0.2,0.22222222222222224,1.0,1.0,1.0,1.0,1.0,1.2205421250000086,0.0
nvbench2:dev:403,403,qwen3:14b,direct,77,0.0,point,1.0,1.0,16,10,6,0.0,0.0,0.0,0.0,0.0,0.0,0.0,0.0,0.0,0.0,0.0,0.0,0.0,0.0,0.0,0.0,0.0,0.0,0.0,0.0,0.0,0.0,0.0,0.0,0.0,0.0,0.0,0.0,0.0,0.0,0.0,0.0,0.0,0.0,0.0,0.0,0.0,0.0,0.0,0.0,0.0,0.0,0.0,0.0,0.0,0.0,0.0,0.0,0.0,0.0,0.0,0.0,0.0,0.0,0.0,0.0,0.0,0.0,0.0,0.0,0.0,0.0,0.0,0.0,0.0,0.0,0.0,0.0,0.0,0.0,0.0,0.0,0.0,0.0,0.0,0.0,0.0,0.0,0.0,0.0,0.0,0.0,0.0,0.0,0.0,0.0,0.0,0.0,0.0,0.0,0.0,0.0,0.0,0.0,0.0,0.0,0.0,0.0,0.0,0.0,0.0,0.0,0.0,0.0,0.0,0.0,0.0,0.0,0.6,0.4,0.6,0.6,0.6,1.6768007919999945,0.0
nvbench2:dev:405,405,qwen3:14b,direct,77,0.0,bar,1.0,1.0,16,8,8,1.0,0.3333333333333333,0.0,0.0,0.0,0.0,0.0,0.0,0.0,0.0,1.0,0.2,0.3333333333333333,0.25,1.0,0.2,0.25,0.22222222222222224,1.0,0.2,0.2,0.20000000000000004,1.0,0.2,0.16666666666666666,0.1818181818181818,1.0,0.2,0.14285714285714285,0.16666666666666666,1.0,0.2,0.125,0.15384615384615385,1.0,0.2,0.125,0.15384615384615385,1.0,0.2,0.125,0.15384615384615385,1.0,0.2,0.125,0.15384615384615385,1.0,0.2,0.125,0.15384615384615385,1.0,0.2,0.125,0.15384615384615385,1.0,0.2,0.125,0.15384615384615385,1.0,0.2,0.125,0.15384615384615385,1.0,0.2,0.125,0.15384615384615385,1.0,0.2,0.125,0.15384615384615385,1.0,0.2,0.125,0.15384615384615385,1.0,0.2,0.125,0.15384615384615385,1.0,0.2,0.125,0.15384615384615385,0.3333333333333333,0.0,0.0,0.0,0.0,1.0,0.2,0.3333333333333333,0.25,1.0,0.2,0.2,0.20000000000000004,1.0,1.0,0.2,1.0,0.33333333333333337,1.0,0.2,0.3333333333333333,0.25,1.0,0.2,0.2,0.20000000000000004,1.0,0.7333333333333333,1.0,1.0,1.0,1.6015170419999833,1.0
nvbench2:dev:421,421,qwen3:14b,direct,77,0.0,arc,1.0,1.0,16,11,5,0.0,0.0,0.0,0.0,0.0,0.0,0.0,0.0,0.0,0.0,0.0,0.0,0.0,0.0,0.0,0.0,0.0,0.0,0.0,0.0,0.0,0.0,0.0,0.0,0.0,0.0,0.0,0.0,0.0,0.0,0.0,0.0,0.0,0.0,0.0,0.0,0.0,0.0,0.0,0.0,0.0,0.0,0.0,0.0,0.0,0.0,0.0,0.0,0.0,0.0,0.0,0.0,0.0,0.0,0.0,0.0,0.0,0.0,0.0,0.0,0.0,0.0,0.0,0.0,0.0,0.0,0.0,0.0,0.0,0.0,0.0,0.0,0.0,0.0,0.0,0.0,0.0,0.0,0.0,0.0,0.0,0.0,0.0,0.0,0.0,0.0,0.0,0.0,0.0,0.0,0.0,0.0,0.0,0.0,0.0,0.0,0.0,0.0,0.0,0.0,0.0,0.0,0.0,0.0,0.0,0.0,0.0,0.0,0.7,0.7,0.7,0.7,0.7,1.7706977919999929,0.0
nvbench2:dev:422,422,qwen3:14b,direct,77,0.0,arc,1.0,1.0,13,12,1,0.0,0.0,0.0,0.0,0.0,0.0,0.0,0.0,0.0,0.0,0.0,0.0,0.0,0.0,0.0,0.0,0.0,0.0,0.0,0.0,0.0,0.0,0.0,0.0,0.0,0.0,0.0,0.0,0.0,0.0,0.0,0.0,0.0,0.0,0.0,0.0,0.0,0.0,0.0,0.0,0.0,0.0,0.0,0.0,0.0,0.0,0.0,0.0,0.0,0.0,0.0,0.0,0.0,0.0,0.0,0.0,0.0,0.0,0.0,0.0,0.0,0.0,0.0,0.0,0.0,0.0,0.0,0.0,0.0,0.0,0.0,0.0,0.0,0.0,0.0,0.0,0.0,0.0,0.0,0.0,0.0,0.0,0.0,0.0,0.0,0.0,0.0,0.0,0.0,0.0,0.0,0.0,0.0,0.0,0.0,0.0,0.0,0.0,0.0,0.0,0.0,0.0,0.0,0.0,0.0,0.0,0.0,0.0,0.0,0.0,0.0,0.0,0.0,1.2604198749999966,0.0
nvbench2:dev:436,436,qwen3:14b,direct,77,0.0,point,1.0,1.0,14,4,10,0.0,0.0,0.0,0.0,0.0,0.0,0.0,0.0,0.0,0.0,0.0,0.0,0.0,0.0,0.0,0.0,0.0,0.0,0.0,0.0,0.0,0.0,0.0,0.0,0.0,0.0,0.0,0.0,0.0,0.0,0.0,0.0,0.0,0.0,0.0,0.0,0.0,0.0,0.0,0.0,0.0,0.0,0.0,0.0,0.0,0.0,0.0,0.0,0.0,0.0,0.0,0.0,0.0,0.0,0.0,0.0,0.0,0.0,0.0,0.0,0.0,0.0,0.0,0.0,0.0,0.0,0.0,0.0,0.0,0.0,0.0,0.0,0.0,0.0,0.0,0.0,0.0,0.0,0.0,0.0,0.0,0.0,0.0,0.0,0.0,0.0,0.0,0.0,0.0,0.0,0.0,0.0,0.0,0.0,0.0,0.0,0.0,0.0,0.0,0.0,0.0,0.0,0.0,0.0,0.0,0.0,0.0,0.0,0.6,0.26666666666666666,0.6,0.4,0.42857142857142855,2.104494125000002,0.0
nvbench2:dev:444,444,qwen3:14b,direct,77,0.0,point,1.0,1.0,18,12,6,0.0,0.0,0.0,0.0,0.0,0.0,0.0,0.0,0.0,0.0,0.0,0.0,0.0,0.0,0.0,0.0,0.0,0.0,0.0,0.0,0.0,0.0,0.0,0.0,0.0,0.0,0.0,0.0,0.0,0.0,0.0,0.0,0.0,0.0,0.0,0.0,0.0,0.0,0.0,0.0,0.0,0.0,0.0,0.0,0.0,0.0,0.0,0.0,0.0,0.0,0.0,0.0,0.0,0.0,0.0,0.0,0.0,0.0,0.0,0.0,0.0,0.0,0.0,0.0,0.0,0.0,0.0,0.0,0.0,0.0,0.0,0.0,0.0,0.0,0.0,0.0,0.0,0.0,0.0,0.0,0.0,0.0,0.0,0.0,0.0,0.0,0.0,0.0,0.0,0.0,0.0,0.0,0.0,0.0,0.0,0.0,0.0,0.0,0.0,0.0,0.0,0.0,0.0,0.0,0.0,0.0,0.0,0.0,0.17142857142857143,0.13333333333333333,0.17142857142857143,0.13333333333333333,0.17142857142857143,1.93879849999999,0.0
nvbench2:dev:445,445,qwen3:14b,direct,77,0.0,boxplot,1.0,1.0,9,7,2,0.0,0.0,0.0,0.0,0.0,0.0,0.0,0.0,0.0,0.0,0.0,0.0,0.0,0.0,0.0,0.0,0.0,0.0,0.0,0.0,0.0,0.0,0.0,0.0,0.0,0.0,0.0,0.0,0.0,0.0,0.0,0.0,0.0,0.0,0.0,0.0,0.0,0.0,0.0,0.0,0.0,0.0,0.0,0.0,0.0,0.0,0.0,0.0,0.0,0.0,0.0,0.0,0.0,0.0,0.0,0.0,0.0,0.0,0.0,0.0,0.0,0.0,0.0,0.0,0.0,0.0,0.0,0.0,0.0,0.0,0.0,0.0,0.0,0.0,0.0,0.0,0.0,0.0,0.0,0.0,0.0,0.0,0.0,0.0,0.0,0.0,0.0,0.0,0.0,0.0,0.0,0.0,0.0,0.0,0.0,0.0,0.0,0.0,0.0,0.0,0.0,0.0,0.0,0.0,0.0,0.0,0.0,0.0,0.6,0.2,0.6,0.6,0.6,1.2695549999999969,0.0
nvbench2:dev:455,455,qwen3:14b,direct,77,0.0,bar,1.0,1.0,12,3,9,0.0,0.0,0.0,0.0,0.0,0.0,0.0,0.0,0.0,0.0,0.0,0.0,0.0,0.0,0.0,0.0,0.0,0.0,0.0,0.0,0.0,0.0,0.0,0.0,0.0,0.0,0.0,0.0,0.0,0.0,0.0,0.0,0.0,0.0,0.0,0.0,0.0,0.0,0.0,0.0,0.0,0.0,0.0,0.0,0.0,0.0,0.0,0.0,0.0,0.0,0.0,0.0,0.0,0.0,0.0,0.0,0.0,0.0,0.0,0.0,0.0,0.0,0.0,0.0,0.0,0.0,0.0,0.0,0.0,0.0,0.0,0.0,0.0,0.0,0.0,0.0,0.0,0.0,0.0,0.0,0.0,0.0,0.0,0.0,0.0,0.0,0.0,0.0,0.0,0.0,0.0,0.0,0.0,0.0,0.0,0.0,0.0,0.0,0.0,0.0,0.0,0.0,0.0,0.0,0.0,0.0,0.0,0.0,0.9199999999999999,0.9199999999999999,0.9199999999999999,0.9199999999999999,0.9199999999999999,1.788537916999985,0.0
nvbench2:dev:457,457,qwen3:14b,direct,77,0.0,arc,1.0,1.0,10,7,3,1.0,0.5,0.0,0.0,0.0,0.0,1.0,0.5,0.5,0.5,1.0,0.5,0.3333333333333333,0.4,1.0,0.5,0.3333333333333333,0.4,1.0,0.5,0.3333333333333333,0.4,1.0,0.5,0.3333333333333333,0.4,1.0,0.5,0.3333333333333333,0.4,1.0,0.5,0.3333333333333333,0.4,1.0,0.5,0.3333333333333333,0.4,1.0,0.5,0.3333333333333333,0.4,1.0,0.5,0.3333333333333333,0.4,1.0,0.5,0.3333333333333333,0.4,1.0,0.5,0.3333333333333333,0.4,1.0,0.5,0.3333333333333333,0.4,1.0,0.5,0.3333333333333333,0.4,1.0,0.5,0.3333333333333333,0.4,1.0,0.5,0.3333333333333333,0.4,1.0,0.5,0.3333333333333333,0.4,1.0,0.5,0.3333333333333333,0.4,1.0,0.5,0.3333333333333333,0.4,0.5,0.0,0.0,0.0,0.0,1.0,0.5,0.3333333333333333,0.4,1.0,0.5,0.3333333333333333,0.4,0.5,0.0,0.0,0.0,0.0,1.0,0.5,0.3333333333333333,0.4,1.0,0.5,0.3333333333333333,0.4,1.0,1.0,1.0,1.0,1.0,1.0799542089999932,0.0
nvbench2:dev:462,462,qwen3:14b,direct,77,0.0,bar,1.0,1.0,7,2,5,0.0,0.0,0.0,0.0,0.0,0.0,0.0,0.0,0.0,0.0,0.0,0.0,0.0,0.0,0.0,0.0,0.0,0.0,0.0,0.0,0.0,0.0,0.0,0.0,0.0,0.0,0.0,0.0,0.0,0.0,0.0,0.0,0.0,0.0,0.0,0.0,0.0,0.0,0.0,0.0,0.0,0.0,0.0,0.0,0.0,0.0,0.0,0.0,0.0,0.0,0.0,0.0,0.0,0.0,0.0,0.0,0.0,0.0,0.0,0.0,0.0,0.0,0.0,0.0,0.0,0.0,0.0,0.0,0.0,0.0,0.0,0.0,0.0,0.0,0.0,0.0,0.0,0.0,0.0,0.0,0.0,0.0,0.0,0.0,0.0,0.0,0.0,0.0,0.0,0.0,0.0,0.0,0.0,0.0,0.0,0.0,0.0,0.0,0.0,0.0,0.0,0.0,0.0,0.0,0.0,0.0,0.0,0.0,0.8,0.8,0.8,0.8,0.8,1.3246321249999937,0.0
nvbench2:dev:463,463,qwen3:14b,direct,77,0.0,bar+line+point,1.0,1.0,10,2,8,0.0,0.0,0.0,0.0,0.0,0.0,0.0,0.0,0.0,0.0,0.0,0.0,0.0,0.0,0.0,0.0,0.0,0.0,0.0,0.0,0.0,0.0,0.0,0.0,0.0,0.0,0.0,0.0,0.0,0.0,0.0,0.0,0.0,0.0,0.0,0.0,0.0,0.0,0.0,0.0,0.0,0.0,0.0,0.0,0.0,0.0,0.0,0.0,0.0,0.0,0.0,0.0,0.0,0.0,0.0,0.0,0.0,0.0,0.0,0.0,0.0,0.0,0.0,0.0,0.0,0.0,0.0,0.0,0.0,0.0,0.0,0.0,0.0,0.0,0.0,0.0,0.0,0.0,0.0,0.0,0.0,0.0,0.0,0.0,0.0,0.0,0.0,0.0,0.0,0.0,0.0,0.0,0.0,0.0,0.0,0.0,0.0,0.0,0.0,0.0,0.0,0.0,0.0,0.0,0.0,0.0,0.0,0.0,0.72,0.36,0.72,0.72,0.72,3.010101583000022,0.0
nvbench2:dev:465,465,qwen3:14b,direct,77,0.0,arc,1.0,1.0,9,7,2,0.0,0.0,0.0,0.0,0.0,0.0,0.0,0.0,0.0,0.0,0.0,0.0,0.0,0.0,0.0,0.0,0.0,0.0,0.0,0.0,0.0,0.0,0.0,0.0,0.0,0.0,0.0,0.0,0.0,0.0,0.0,0.0,0.0,0.0,0.0,0.0,0.0,0.0,0.0,0.0,0.0,0.0,0.0,0.0,0.0,0.0,0.0,0.0,0.0,0.0,0.0,0.0,0.0,0.0,0.0,0.0,0.0,0.0,0.0,0.0,0.0,0.0,0.0,0.0,0.0,0.0,0.0,0.0,0.0,0.0,0.0,0.0,0.0,0.0,0.0,0.0,0.0,0.0,0.0,0.0,0.0,0.0,0.0,0.0,0.0,0.0,0.0,0.0,0.0,0.0,0.0,0.0,0.0,0.0,0.0,0.0,0.0,0.0,0.0,0.0,0.0,0.0,0.0,0.0,0.0,0.0,0.0,0.0,1.0,1.0,1.0,1.0,1.0,1.4810996669999952,0.0
nvbench2:dev:470,470,qwen3:14b,direct,77,0.0,boxplot,1.0,1.0,11,4,7,0.0,0.0,0.0,0.0,0.0,0.0,0.0,0.0,0.0,0.0,0.0,0.0,0.0,0.0,0.0,0.0,0.0,0.0,0.0,0.0,0.0,0.0,0.0,0.0,0.0,0.0,0.0,0.0,0.0,0.0,0.0,0.0,0.0,0.0,0.0,0.0,0.0,0.0,0.0,0.0,0.0,0.0,0.0,0.0,0.0,0.0,0.0,0.0,0.0,0.0,0.0,0.0,0.0,0.0,0.0,0.0,0.0,0.0,0.0,0.0,0.0,0.0,0.0,0.0,0.0,0.0,0.0,0.0,0.0,0.0,0.0,0.0,0.0,0.0,0.0,0.0,0.0,0.0,0.0,0.0,0.0,0.0,0.0,0.0,0.0,0.0,0.0,0.0,0.0,0.0,0.0,0.0,0.0,0.0,0.0,0.0,0.0,0.0,0.0,0.0,0.0,0.0,0.0,0.0,0.0,0.0,0.0,0.0,0.8,0.6,0.8,0.8,0.8,2.1148552919999872,0.0
nvbench2:dev:475,475,qwen3:14b,direct,77,0.0,bar+line,1.0,1.0,14,2,12,0.0,0.0,0.0,0.0,0.0,0.0,0.0,0.0,0.0,0.0,0.0,0.0,0.0,0.0,0.0,0.0,0.0,0.0,0.0,0.0,0.0,0.0,0.0,0.0,0.0,0.0,0.0,0.0,0.0,0.0,0.0,0.0,0.0,0.0,0.0,0.0,0.0,0.0,0.0,0.0,0.0,0.0,0.0,0.0,0.0,0.0,0.0,0.0,0.0,0.0,0.0,0.0,0.0,0.0,0.0,0.0,0.0,0.0,0.0,0.0,0.0,0.0,0.0,0.0,0.0,0.0,0.0,0.0,0.0,0.0,0.0,0.0,0.0,0.0,0.0,0.0,0.0,0.0,0.0,0.0,0.0,0.0,0.0,0.0,0.0,0.0,0.0,0.0,0.0,0.0,0.0,0.0,0.0,0.0,0.0,0.0,0.0,0.0,0.0,0.0,0.0,0.0,0.0,0.0,0.0,0.0,0.0,0.0,0.76,0.5599999999999999,0.6666666666666667,0.76,0.76,2.674418208999981,0.0
nvbench2:dev:485,485,qwen3:14b,direct,77,0.0,bar,1.0,1.0,11,2,9,0.0,0.0,0.0,0.0,0.0,0.0,0.0,0.0,0.0,0.0,0.0,0.0,0.0,0.0,0.0,0.0,0.0,0.0,0.0,0.0,0.0,0.0,0.0,0.0,0.0,0.0,0.0,0.0,0.0,0.0,0.0,0.0,0.0,0.0,0.0,0.0,0.0,0.0,0.0,0.0,0.0,0.0,0.0,0.0,0.0,0.0,0.0,0.0,0.0,0.0,0.0,0.0,0.0,0.0,0.0,0.0,0.0,0.0,0.0,0.0,0.0,0.0,0.0,0.0,0.0,0.0,0.0,0.0,0.0,0.0,0.0,0.0,0.0,0.0,0.0,0.0,0.0,0.0,0.0,0.0,0.0,0.0,0.0,0.0,0.0,0.0,0.0,0.0,0.0,0.0,0.0,0.0,0.0,0.0,0.0,0.0,0.0,0.0,0.0,0.0,0.0,0.0,0.0,0.0,0.0,0.0,0.0,0.0,0.8,0.7333333333333333,0.8,0.7333333333333333,0.7333333333333333,1.9579767920000108,0.0
nvbench2:dev:492,492,qwen3:14b,direct,77,0.0,arc,1.0,1.0,14,8,6,0.0,0.0,0.0,0.0,0.0,0.0,0.0,0.0,0.0,0.0,0.0,0.0,0.0,0.0,0.0,0.0,0.0,0.0,0.0,0.0,0.0,0.0,0.0,0.0,0.0,0.0,0.0,0.0,0.0,0.0,0.0,0.0,0.0,0.0,0.0,0.0,0.0,0.0,0.0,0.0,0.0,0.0,0.0,0.0,0.0,0.0,0.0,0.0,0.0,0.0,0.0,0.0,0.0,0.0,0.0,0.0,0.0,0.0,0.0,0.0,0.0,0.0,0.0,0.0,0.0,0.0,0.0,0.0,0.0,0.0,0.0,0.0,0.0,0.0,0.0,0.0,0.0,0.0,0.0,0.0,0.0,0.0,0.0,0.0,0.0,0.0,0.0,0.0,0.0,0.0,0.0,0.0,0.0,0.0,0.0,0.0,0.0,0.0,0.0,0.0,0.0,0.0,0.0,0.0,0.0,0.0,0.0,0.0,1.0,1.0,1.0,0.2,0.2,1.6133639589999973,0.0
nvbench2:dev:495,495,qwen3:14b,direct,77,0.0,boxplot,1.0,1.0,13,3,10,1.0,0.25,0.0,0.0,0.0,0.0,0.0,0.0,0.0,0.0,0.0,0.0,0.0,0.0,1.0,0.3333333333333333,0.25,0.28571428571428575,1.0,0.3333333333333333,0.2,0.25,1.0,0.3333333333333333,0.16666666666666666,0.2222222222222222,1.0,0.6666666666666666,0.2857142857142857,0.4,1.0,0.6666666666666666,0.25,0.36363636363636365,1.0,0.6666666666666666,0.2222222222222222,0.3333333333333333,1.0,0.6666666666666666,0.2,0.30769230769230765,1.0,0.6666666666666666,0.2,0.30769230769230765,1.0,0.6666666666666666,0.2,0.30769230769230765,1.0,0.6666666666666666,0.2,0.30769230769230765,1.0,0.6666666666666666,0.2,0.30769230769230765,1.0,0.6666666666666666,0.2,0.30769230769230765,1.0,0.6666666666666666,0.2,0.30769230769230765,1.0,0.6666666666666666,0.2,0.30769230769230765,1.0,0.6666666666666666,0.2,0.30769230769230765,1.0,0.6666666666666666,0.2,0.30769230769230765,1.0,0.6666666666666666,0.2,0.30769230769230765,0.25,0.0,0.0,0.0,0.0,0.0,0.0,0.0,0.0,1.0,0.3333333333333333,0.2,0.25,0.5,0.0,0.0,0.0,0.0,1.0,0.3333333333333333,0.3333333333333333,0.3333333333333333,1.0,0.6666666666666666,0.4,0.5,1.0,0.4,1.0,1.0,1.0,1.8743366250000122,0.0
nvbench2:dev:498,498,qwen3:14b,direct,77,0.0,arc,1.0,1.0,11,8,3,0.0,0.0,0.0,0.0,0.0,0.0,0.0,0.0,0.0,0.0,0.0,0.0,0.0,0.0,0.0,0.0,0.0,0.0,0.0,0.0,0.0,0.0,0.0,0.0,0.0,0.0,0.0,0.0,0.0,0.0,0.0,0.0,0.0,0.0,0.0,0.0,0.0,0.0,0.0,0.0,0.0,0.0,0.0,0.0,0.0,0.0,0.0,0.0,0.0,0.0,0.0,0.0,0.0,0.0,0.0,0.0,0.0,0.0,0.0,0.0,0.0,0.0,0.0,0.0,0.0,0.0,0.0,0.0,0.0,0.0,0.0,0.0,0.0,0.0,0.0,0.0,0.0,0.0,0.0,0.0,0.0,0.0,0.0,0.0,0.0,0.0,0.0,0.0,0.0,0.0,0.0,0.0,0.0,0.0,0.0,0.0,0.0,0.0,0.0,0.0,0.0,0.0,0.0,0.0,0.0,0.0,0.0,0.0,0.8,0.8,0.8,0.8,0.8,1.1237812500000075,0.0
nvbench2:dev:499,499,qwen3:14b,direct,77,0.0,line,1.0,1.0,13,6,7,0.0,0.0,0.0,0.0,0.0,0.0,0.0,0.0,0.0,0.0,0.0,0.0,0.0,0.0,0.0,0.0,0.0,0.0,0.0,0.0,0.0,0.0,0.0,0.0,0.0,0.0,0.0,0.0,0.0,0.0,0.0,0.0,0.0,0.0,0.0,0.0,0.0,0.0,0.0,0.0,0.0,0.0,0.0,0.0,0.0,0.0,0.0,0.0,0.0,0.0,0.0,0.0,0.0,0.0,0.0,0.0,0.0,0.0,0.0,0.0,0.0,0.0,0.0,0.0,0.0,0.0,0.0,0.0,0.0,0.0,0.0,0.0,0.0,0.0,0.0,0.0,0.0,0.0,0.0,0.0,0.0,0.0,0.0,0.0,0.0,0.0,0.0,0.0,0.0,0.0,0.0,0.0,0.0,0.0,0.0,0.0,0.0,0.0,0.0,0.0,0.0,0.0,0.0,0.0,0.0,0.0,0.0,0.0,1.0,1.0,1.0,1.0,1.0,1.5176734580000186,0.0
nvbench2:dev:507,507,qwen3:14b,direct,77,0.0,rect,1.0,1.0,14,3,11,0.0,0.0,0.0,0.0,0.0,0.0,0.0,0.0,0.0,0.0,0.0,0.0,0.0,0.0,0.0,0.0,0.0,0.0,0.0,0.0,0.0,0.0,0.0,0.0,0.0,0.0,0.0,0.0,0.0,0.0,0.0,0.0,0.0,0.0,0.0,0.0,0.0,0.0,0.0,0.0,0.0,0.0,0.0,0.0,0.0,0.0,0.0,0.0,0.0,0.0,0.0,0.0,0.0,0.0,0.0,0.0,0.0,0.0,0.0,0.0,0.0,0.0,0.0,0.0,0.0,0.0,0.0,0.0,0.0,0.0,0.0,0.0,0.0,0.0,0.0,0.0,0.0,0.0,0.0,0.0,0.0,0.0,0.0,0.0,0.0,0.0,0.0,0.0,0.0,0.0,0.0,0.0,0.0,0.0,0.0,0.0,0.0,0.0,0.0,0.0,0.0,0.0,0.0,0.0,0.0,0.0,0.0,0.0,0.6,0.5666666666666667,0.6,0.5466666666666666,0.5666666666666667,2.4744474169999933,0.0
nvbench2:dev:508,508,qwen3:14b,direct,77,0.0,arc,1.0,1.0,14,12,2,0.0,0.0,0.0,0.0,0.0,0.0,0.0,0.0,0.0,0.0,0.0,0.0,0.0,0.0,0.0,0.0,0.0,0.0,0.0,0.0,0.0,0.0,0.0,0.0,0.0,0.0,0.0,0.0,0.0,0.0,0.0,0.0,0.0,0.0,0.0,0.0,0.0,0.0,0.0,0.0,0.0,0.0,0.0,0.0,0.0,0.0,0.0,0.0,0.0,0.0,0.0,0.0,0.0,0.0,0.0,0.0,0.0,0.0,0.0,0.0,0.0,0.0,0.0,0.0,0.0,0.0,0.0,0.0,0.0,0.0,0.0,0.0,0.0,0.0,0.0,0.0,0.0,0.0,0.0,0.0,0.0,0.0,0.0,0.0,0.0,0.0,0.0,0.0,0.0,0.0,0.0,0.0,0.0,0.0,0.0,0.0,0.0,0.0,0.0,0.0,0.0,0.0,0.0,0.0,0.0,0.0,0.0,0.0,0.27999999999999997,0.2,0.27999999999999997,0.27999999999999997,0.27999999999999997,1.190270666999993,0.0
nvbench2:dev:515,515,qwen3:14b,direct,77,0.0,line,1.0,1.0,11,6,5,0.0,0.0,0.0,0.0,0.0,0.0,0.0,0.0,0.0,0.0,0.0,0.0,0.0,0.0,0.0,0.0,0.0,0.0,0.0,0.0,0.0,0.0,0.0,0.0,0.0,0.0,0.0,0.0,0.0,0.0,0.0,0.0,0.0,0.0,0.0,0.0,0.0,0.0,0.0,0.0,0.0,0.0,0.0,0.0,0.0,0.0,0.0,0.0,0.0,0.0,0.0,0.0,0.0,0.0,0.0,0.0,0.0,0.0,0.0,0.0,0.0,0.0,0.0,0.0,0.0,0.0,0.0,0.0,0.0,0.0,0.0,0.0,0.0,0.0,0.0,0.0,0.0,0.0,0.0,0.0,0.0,0.0,0.0,0.0,0.0,0.0,0.0,0.0,0.0,0.0,0.0,0.0,0.0,0.0,0.0,0.0,0.0,0.0,0.0,0.0,0.0,0.0,0.0,0.0,0.0,0.0,0.0,0.0,1.0,0.5,1.0,0.7333333333333333,1.0,1.5671399590000021,0.0
nvbench2:dev:531,531,qwen3:14b,direct,77,0.0,bar,1.0,1.0,14,8,6,0.0,0.0,0.0,0.0,0.0,0.0,0.0,0.0,0.0,0.0,0.0,0.0,0.0,0.0,0.0,0.0,0.0,0.0,0.0,0.0,0.0,0.0,0.0,0.0,0.0,0.0,0.0,0.0,0.0,0.0,0.0,0.0,0.0,0.0,0.0,0.0,0.0,0.0,0.0,0.0,0.0,0.0,0.0,0.0,0.0,0.0,0.0,0.0,0.0,0.0,0.0,0.0,0.0,0.0,0.0,0.0,0.0,0.0,0.0,0.0,0.0,0.0,0.0,0.0,0.0,0.0,0.0,0.0,0.0,0.0,0.0,0.0,0.0,0.0,0.0,0.0,0.0,0.0,0.0,0.0,0.0,0.0,0.0,0.0,0.0,0.0,0.0,0.0,0.0,0.0,0.0,0.0,0.0,0.0,0.0,0.0,0.0,0.0,0.0,0.0,0.0,0.0,0.0,0.0,0.0,0.0,0.0,0.0,0.9199999999999999,0.9199999999999999,0.9199999999999999,0.9199999999999999,0.9199999999999999,1.7302332909999905,0.0
nvbench2:dev:538,538,qwen3:14b,direct,77,0.0,arc,1.0,1.0,11,4,7,1.0,0.3333333333333333,0.0,0.0,0.0,0.0,0.0,0.0,0.0,0.0,1.0,0.5,0.3333333333333333,0.4,1.0,0.5,0.25,0.3333333333333333,1.0,1.0,0.4,0.5714285714285715,1.0,1.0,0.3333333333333333,0.5,1.0,1.0,0.2857142857142857,0.4444444444444445,1.0,1.0,0.2857142857142857,0.4444444444444445,1.0,1.0,0.2857142857142857,0.4444444444444445,1.0,1.0,0.2857142857142857,0.4444444444444445,1.0,1.0,0.2857142857142857,0.4444444444444445,1.0,1.0,0.2857142857142857,0.4444444444444445,1.0,1.0,0.2857142857142857,0.4444444444444445,1.0,1.0,0.2857142857142857,0.4444444444444445,1.0,1.0,0.2857142857142857,0.4444444444444445,1.0,1.0,0.2857142857142857,0.4444444444444445,1.0,1.0,0.2857142857142857,0.4444444444444445,1.0,1.0,0.2857142857142857,0.4444444444444445,1.0,1.0,0.2857142857142857,0.4444444444444445,1.0,1.0,0.2857142857142857,0.4444444444444445,0.3333333333333333,0.0,0.0,0.0,0.0,1.0,0.5,0.3333333333333333,0.4,1.0,1.0,0.4,0.5714285714285715,1.0,1.0,0.5,1.0,0.6666666666666666,1.0,1.0,0.6666666666666666,0.8,1.0,1.0,0.4,0.5714285714285715,1.0,0.7,1.0,1.0,1.0,1.4858642499999917,1.0
nvbench2:dev:540,540,qwen3:14b,direct,77,0.0,bar,1.0,1.0,13,7,6,0.0,0.0,0.0,0.0,0.0,0.0,0.0,0.0,0.0,0.0,0.0,0.0,0.0,0.0,0.0,0.0,0.0,0.0,0.0,0.0,0.0,0.0,0.0,0.0,0.0,0.0,0.0,0.0,0.0,0.0,0.0,0.0,0.0,0.0,0.0,0.0,0.0,0.0,0.0,0.0,0.0,0.0,0.0,0.0,0.0,0.0,0.0,0.0,0.0,0.0,0.0,0.0,0.0,0.0,0.0,0.0,0.0,0.0,0.0,0.0,0.0,0.0,0.0,0.0,0.0,0.0,0.0,0.0,0.0,0.0,0.0,0.0,0.0,0.0,0.0,0.0,0.0,0.0,0.0,0.0,0.0,0.0,0.0,0.0,0.0,0.0,0.0,0.0,0.0,0.0,0.0,0.0,0.0,0.0,0.0,0.0,0.0,0.0,0.0,0.0,0.0,0.0,0.0,0.0,0.0,0.0,0.0,0.0,0.9199999999999999,0.9199999999999999,0.9199999999999999,0.9199999999999999,0.9199999999999999,1.5634540000000072,0.0
nvbench2:dev:551,551,qwen3:14b,direct,77,0.0,line,1.0,1.0,8,5,3,0.0,0.0,0.0,0.0,0.0,0.0,0.0,0.0,0.0,0.0,0.0,0.0,0.0,0.0,0.0,0.0,0.0,0.0,0.0,0.0,0.0,0.0,0.0,0.0,0.0,0.0,0.0,0.0,0.0,0.0,0.0,0.0,0.0,0.0,0.0,0.0,0.0,0.0,0.0,0.0,0.0,0.0,0.0,0.0,0.0,0.0,0.0,0.0,0.0,0.0,0.0,0.0,0.0,0.0,0.0,0.0,0.0,0.0,0.0,0.0,0.0,0.0,0.0,0.0,0.0,0.0,0.0,0.0,0.0,0.0,0.0,0.0,0.0,0.0,0.0,0.0,0.0,0.0,0.0,0.0,0.0,0.0,0.0,0.0,0.0,0.0,0.0,0.0,0.0,0.0,0.0,0.0,0.0,0.0,0.0,0.0,0.0,0.0,0.0,0.0,0.0,0.0,0.0,0.0,0.0,0.0,0.0,0.0,1.0,1.0,1.0,1.0,1.0,1.0631777909999869,0.0
nvbench2:dev:554,554,qwen3:14b,direct,77,0.0,point,1.0,1.0,12,3,9,1.0,1.0,1.0,0.5,1.0,0.6666666666666666,1.0,0.5,0.5,0.5,1.0,0.5,0.3333333333333333,0.4,1.0,0.5,0.25,0.3333333333333333,1.0,0.5,0.2,0.28571428571428575,1.0,0.5,0.16666666666666666,0.25,1.0,0.5,0.14285714285714285,0.22222222222222224,1.0,0.5,0.125,0.2,1.0,0.5,0.1111111111111111,0.1818181818181818,1.0,0.5,0.1111111111111111,0.1818181818181818,1.0,0.5,0.1111111111111111,0.1818181818181818,1.0,0.5,0.1111111111111111,0.1818181818181818,1.0,0.5,0.1111111111111111,0.1818181818181818,1.0,0.5,0.1111111111111111,0.1818181818181818,1.0,0.5,0.1111111111111111,0.1818181818181818,1.0,0.5,0.1111111111111111,0.1818181818181818,1.0,0.5,0.1111111111111111,0.1818181818181818,1.0,0.5,0.1111111111111111,0.1818181818181818,1.0,0.5,0.1111111111111111,0.1818181818181818,1.0,0.5,0.1111111111111111,0.1818181818181818,1.0,1.0,0.5,1.0,0.6666666666666666,1.0,0.5,0.3333333333333333,0.4,1.0,0.5,0.2,0.28571428571428575,1.0,1.0,0.5,1.0,0.6666666666666666,1.0,0.5,0.3333333333333333,0.4,1.0,0.5,0.2,0.28571428571428575,1.0,1.0,1.0,1.0,1.0,1.8561565830000006,0.0
nvbench2:dev:562,562,qwen3:14b,direct,77,0.0,bar,1.0,1.0,15,5,10,0.0,0.0,0.0,0.0,0.0,0.0,0.0,0.0,0.0,0.0,0.0,0.0,0.0,0.0,0.0,0.0,0.0,0.0,0.0,0.0,0.0,0.0,0.0,0.0,0.0,0.0,0.0,0.0,0.0,0.0,0.0,0.0,0.0,0.0,0.0,0.0,0.0,0.0,0.0,0.0,0.0,0.0,0.0,0.0,0.0,0.0,0.0,0.0,0.0,0.0,0.0,0.0,0.0,0.0,0.0,0.0,0.0,0.0,0.0,0.0,0.0,0.0,0.0,0.0,0.0,0.0,0.0,0.0,0.0,0.0,0.0,0.0,0.0,0.0,0.0,0.0,0.0,0.0,0.0,0.0,0.0,0.0,0.0,0.0,0.0,0.0,0.0,0.0,0.0,0.0,0.0,0.0,0.0,0.0,0.0,0.0,0.0,0.0,0.0,0.0,0.0,0.0,0.0,0.0,0.0,0.0,0.0,0.0,1.0,1.0,1.0,1.0,1.0,2.1835055840000166,0.0
nvbench2:dev:568,568,qwen3:14b,direct,77,0.0,line,1.0,1.0,9,4,5,0.0,0.0,0.0,0.0,0.0,0.0,0.0,0.0,0.0,0.0,0.0,0.0,0.0,0.0,0.0,0.0,0.0,0.0,0.0,0.0,0.0,0.0,0.0,0.0,0.0,0.0,0.0,0.0,0.0,0.0,0.0,0.0,0.0,0.0,0.0,0.0,0.0,0.0,0.0,0.0,0.0,0.0,0.0,0.0,0.0,0.0,0.0,0.0,0.0,0.0,0.0,0.0,0.0,0.0,0.0,0.0,0.0,0.0,0.0,0.0,0.0,0.0,0.0,0.0,0.0,0.0,0.0,0.0,0.0,0.0,0.0,0.0,0.0,0.0,0.0,0.0,0.0,0.0,0.0,0.0,0.0,0.0,0.0,0.0,0.0,0.0,0.0,0.0,0.0,0.0,0.0,0.0,0.0,0.0,0.0,0.0,0.0,0.0,0.0,0.0,0.0,0.0,0.0,0.0,0.0,0.0,0.0,0.0,1.0,1.0,1.0,1.0,1.0,1.6082300420000024,0.0
nvbench2:dev:571,571,qwen3:14b,direct,77,0.0,rect,1.0,1.0,8,7,1,0.0,0.0,0.0,0.0,0.0,0.0,0.0,0.0,0.0,0.0,0.0,0.0,0.0,0.0,0.0,0.0,0.0,0.0,0.0,0.0,0.0,0.0,0.0,0.0,0.0,0.0,0.0,0.0,0.0,0.0,0.0,0.0,0.0,0.0,0.0,0.0,0.0,0.0,0.0,0.0,0.0,0.0,0.0,0.0,0.0,0.0,0.0,0.0,0.0,0.0,0.0,0.0,0.0,0.0,0.0,0.0,0.0,0.0,0.0,0.0,0.0,0.0,0.0,0.0,0.0,0.0,0.0,0.0,0.0,0.0,0.0,0.0,0.0,0.0,0.0,0.0,0.0,0.0,0.0,0.0,0.0,0.0,0.0,0.0,0.0,0.0,0.0,0.0,0.0,0.0,0.0,0.0,0.0,0.0,0.0,0.0,0.0,0.0,0.0,0.0,0.0,0.0,0.0,0.0,0.0,0.0,0.0,0.0,0.08,0.08,0.08,0.08,0.08,1.075256582999998,0.0
nvbench2:dev:572,572,qwen3:14b,direct,77,0.0,bar,1.0,1.0,13,4,9,1.0,0.14285714285714285,0.0,0.0,0.0,0.0,0.0,0.0,0.0,0.0,0.0,0.0,0.0,0.0,0.0,0.0,0.0,0.0,0.0,0.0,0.0,0.0,0.0,0.0,0.0,0.0,1.0,0.5,0.14285714285714285,0.22222222222222224,1.0,0.5,0.125,0.2,1.0,0.5,0.1111111111111111,0.1818181818181818,1.0,0.5,0.1111111111111111,0.1818181818181818,1.0,0.5,0.1111111111111111,0.1818181818181818,1.0,0.5,0.1111111111111111,0.1818181818181818,1.0,0.5,0.1111111111111111,0.1818181818181818,1.0,0.5,0.1111111111111111,0.1818181818181818,1.0,0.5,0.1111111111111111,0.1818181818181818,1.0,0.5,0.1111111111111111,0.1818181818181818,1.0,0.5,0.1111111111111111,0.1818181818181818,1.0,0.5,0.1111111111111111,0.1818181818181818,1.0,0.5,0.1111111111111111,0.1818181818181818,1.0,0.5,0.1111111111111111,0.1818181818181818,0.0,0.0,0.0,0.0,0.0,0.0,0.0,0.0,0.0,0.0,0.0,0.0,0.0,1.0,1.0,0.5,1.0,0.6666666666666666,1.0,0.5,0.3333333333333333,0.4,1.0,0.5,0.2,0.28571428571428575,1.0,0.9333333333333332,0.9333333333333332,1.0,1.0,2.164534417000027,1.0
nvbench2:dev:573,573,qwen3:14b,direct,77,0.0,point,1.0,1.0,13,5,8,0.0,0.0,0.0,0.0,0.0,0.0,0.0,0.0,0.0,0.0,0.0,0.0,0.0,0.0,0.0,0.0,0.0,0.0,0.0,0.0,0.0,0.0,0.0,0.0,0.0,0.0,0.0,0.0,0.0,0.0,0.0,0.0,0.0,0.0,0.0,0.0,0.0,0.0,0.0,0.0,0.0,0.0,0.0,0.0,0.0,0.0,0.0,0.0,0.0,0.0,0.0,0.0,0.0,0.0,0.0,0.0,0.0,0.0,0.0,0.0,0.0,0.0,0.0,0.0,0.0,0.0,0.0,0.0,0.0,0.0,0.0,0.0,0.0,0.0,0.0,0.0,0.0,0.0,0.0,0.0,0.0,0.0,0.0,0.0,0.0,0.0,0.0,0.0,0.0,0.0,0.0,0.0,0.0,0.0,0.0,0.0,0.0,0.0,0.0,0.0,0.0,0.0,0.0,0.0,0.0,0.0,0.0,0.0,0.64,0.36,0.64,0.36,0.5599999999999999,1.8691581250000127,0.0
nvbench2:dev:603,603,qwen3:14b,direct,77,0.0,rect,1.0,1.0,12,6,6,0.0,0.0,0.0,0.0,0.0,0.0,0.0,0.0,0.0,0.0,0.0,0.0,0.0,0.0,0.0,0.0,0.0,0.0,0.0,0.0,0.0,0.0,0.0,0.0,0.0,0.0,0.0,0.0,0.0,0.0,0.0,0.0,0.0,0.0,0.0,0.0,0.0,0.0,0.0,0.0,0.0,0.0,0.0,0.0,0.0,0.0,0.0,0.0,0.0,0.0,0.0,0.0,0.0,0.0,0.0,0.0,0.0,0.0,0.0,0.0,0.0,0.0,0.0,0.0,0.0,0.0,0.0,0.0,0.0,0.0,0.0,0.0,0.0,0.0,0.0,0.0,0.0,0.0,0.0,0.0,0.0,0.0,0.0,0.0,0.0,0.0,0.0,0.0,0.0,0.0,0.0,0.0,0.0,0.0,0.0,0.0,0.0,0.0,0.0,0.0,0.0,0.0,0.0,0.0,0.0,0.0,0.0,0.0,0.8,0.8,0.8,0.36,0.8,1.6918890829999782,0.0
nvbench2:dev:605,605,qwen3:14b,direct,77,0.0,line,1.0,1.0,12,9,3,0.0,0.0,0.0,0.0,0.0,0.0,0.0,0.0,0.0,0.0,0.0,0.0,0.0,0.0,0.0,0.0,0.0,0.0,0.0,0.0,0.0,0.0,0.0,0.0,0.0,0.0,0.0,0.0,0.0,0.0,0.0,0.0,0.0,0.0,0.0,0.0,0.0,0.0,0.0,0.0,0.0,0.0,0.0,0.0,0.0,0.0,0.0,0.0,0.0,0.0,0.0,0.0,0.0,0.0,0.0,0.0,0.0,0.0,0.0,0.0,0.0,0.0,0.0,0.0,0.0,0.0,0.0,0.0,0.0,0.0,0.0,0.0,0.0,0.0,0.0,0.0,0.0,0.0,0.0,0.0,0.0,0.0,0.0,0.0,0.0,0.0,0.0,0.0,0.0,0.0,0.0,0.0,0.0,0.0,0.0,0.0,0.0,0.0,0.0,0.0,0.0,0.0,0.0,0.0,0.0,0.0,0.0,0.0,0.9333333333333332,0.36,0.9333333333333332,0.9333333333333332,0.9333333333333332,1.2710080420000054,0.0
nvbench2:dev:606,606,qwen3:14b,direct,77,0.0,bar,1.0,1.0,11,9,2,0.0,0.0,0.0,0.0,0.0,0.0,0.0,0.0,0.0,0.0,0.0,0.0,0.0,0.0,0.0,0.0,0.0,0.0,0.0,0.0,0.0,0.0,0.0,0.0,0.0,0.0,0.0,0.0,0.0,0.0,0.0,0.0,0.0,0.0,0.0,0.0,0.0,0.0,0.0,0.0,0.0,0.0,0.0,0.0,0.0,0.0,0.0,0.0,0.0,0.0,0.0,0.0,0.0,0.0,0.0,0.0,0.0,0.0,0.0,0.0,0.0,0.0,0.0,0.0,0.0,0.0,0.0,0.0,0.0,0.0,0.0,0.0,0.0,0.0,0.0,0.0,0.0,0.0,0.0,0.0,0.0,0.0,0.0,0.0,0.0,0.0,0.0,0.0,0.0,0.0,0.0,0.0,0.0,0.0,0.0,0.0,0.0,0.0,0.0,0.0,0.0,0.0,0.0,0.0,0.0,0.0,0.0,0.0,0.9199999999999999,0.9199999999999999,0.9199999999999999,0.8533333333333333,0.9199999999999999,1.0948817080000026,0.0
nvbench2:dev:612,612,qwen3:14b,direct,77,0.0,arc,1.0,1.0,11,6,5,1.0,0.5,0.0,0.0,0.0,0.0,1.0,0.3333333333333333,0.5,0.4,1.0,0.3333333333333333,0.3333333333333333,0.3333333333333333,1.0,0.3333333333333333,0.25,0.28571428571428575,1.0,0.3333333333333333,0.2,0.25,1.0,0.3333333333333333,0.2,0.25,1.0,0.3333333333333333,0.2,0.25,1.0,0.3333333333333333,0.2,0.25,1.0,0.3333333333333333,0.2,0.25,1.0,0.3333333333333333,0.2,0.25,1.0,0.3333333333333333,0.2,0.25,1.0,0.3333333333333333,0.2,0.25,1.0,0.3333333333333333,0.2,0.25,1.0,0.3333333333333333,0.2,0.25,1.0,0.3333333333333333,0.2,0.25,1.0,0.3333333333333333,0.2,0.25,1.0,0.3333333333333333,0.2,0.25,1.0,0.3333333333333333,0.2,0.25,1.0,0.3333333333333333,0.2,0.25,1.0,0.3333333333333333,0.2,0.25,0.5,0.0,0.0,0.0,0.0,1.0,0.3333333333333333,0.3333333333333333,0.3333333333333333,1.0,0.3333333333333333,0.2,0.25,0.5,0.0,0.0,0.0,0.0,1.0,0.3333333333333333,0.3333333333333333,0.3333333333333333,1.0,0.3333333333333333,0.2,0.25,1.0,1.0,1.0,1.0,1.0,1.7516936250000015,0.0
nvbench2:dev:614,614,qwen3:14b,direct,77,0.0,bar,1.0,1.0,18,8,10,0.0,0.0,0.0,0.0,0.0,0.0,0.0,0.0,0.0,0.0,0.0,0.0,0.0,0.0,0.0,0.0,0.0,0.0,0.0,0.0,0.0,0.0,0.0,0.0,0.0,0.0,0.0,0.0,0.0,0.0,0.0,0.0,0.0,0.0,0.0,0.0,0.0,0.0,0.0,0.0,0.0,0.0,0.0,0.0,0.0,0.0,0.0,0.0,0.0,0.0,0.0,0.0,0.0,0.0,0.0,0.0,0.0,0.0,0.0,0.0,0.0,0.0,0.0,0.0,0.0,0.0,0.0,0.0,0.0,0.0,0.0,0.0,0.0,0.0,0.0,0.0,0.0,0.0,0.0,0.0,0.0,0.0,0.0,0.0,0.0,0.0,0.0,0.0,0.0,0.0,0.0,0.0,0.0,0.0,0.0,0.0,0.0,0.0,0.0,0.0,0.0,0.0,0.0,0.0,0.0,0.0,0.0,0.0,1.0,0.7333333333333333,0.9199999999999999,0.7333333333333333,1.0,2.2951282920000153,0.0
nvbench2:dev:628,628,qwen3:14b,direct,77,0.0,rect,1.0,1.0,10,4,6,0.0,0.0,0.0,0.0,0.0,0.0,0.0,0.0,0.0,0.0,0.0,0.0,0.0,0.0,0.0,0.0,0.0,0.0,0.0,0.0,0.0,0.0,0.0,0.0,0.0,0.0,0.0,0.0,0.0,0.0,0.0,0.0,0.0,0.0,0.0,0.0,0.0,0.0,0.0,0.0,0.0,0.0,0.0,0.0,0.0,0.0,0.0,0.0,0.0,0.0,0.0,0.0,0.0,0.0,0.0,0.0,0.0,0.0,0.0,0.0,0.0,0.0,0.0,0.0,0.0,0.0,0.0,0.0,0.0,0.0,0.0,0.0,0.0,0.0,0.0,0.0,0.0,0.0,0.0,0.0,0.0,0.0,0.0,0.0,0.0,0.0,0.0,0.0,0.0,0.0,0.0,0.0,0.0,0.0,0.0,0.0,0.0,0.0,0.0,0.0,0.0,0.0,0.0,0.0,0.0,0.0,0.0,0.0,0.4666666666666667,0.4,0.4666666666666667,0.4,0.4666666666666667,2.642774000000003,0.0
nvbench2:dev:641,641,qwen3:14b,direct,77,0.0,rect,1.0,1.0,13,10,3,0.0,0.0,0.0,0.0,0.0,0.0,0.0,0.0,0.0,0.0,0.0,0.0,0.0,0.0,0.0,0.0,0.0,0.0,0.0,0.0,0.0,0.0,0.0,0.0,0.0,0.0,0.0,0.0,0.0,0.0,0.0,0.0,0.0,0.0,0.0,0.0,0.0,0.0,0.0,0.0,0.0,0.0,0.0,0.0,0.0,0.0,0.0,0.0,0.0,0.0,0.0,0.0,0.0,0.0,0.0,0.0,0.0,0.0,0.0,0.0,0.0,0.0,0.0,0.0,0.0,0.0,0.0,0.0,0.0,0.0,0.0,0.0,0.0,0.0,0.0,0.0,0.0,0.0,0.0,0.0,0.0,0.0,0.0,0.0,0.0,0.0,0.0,0.0,0.0,0.0,0.0,0.0,0.0,0.0,0.0,0.0,0.0,0.0,0.0,0.0,0.0,0.0,0.0,0.0,0.0,0.0,0.0,0.0,1.0,0.9333333333333332,1.0,0.9333333333333332,1.0,1.1691833330000065,0.0
nvbench2:dev:642,642,qwen3:14b,direct,77,0.0,line,1.0,1.0,10,7,3,0.0,0.0,0.0,0.0,0.0,0.0,0.0,0.0,0.0,0.0,0.0,0.0,0.0,0.0,0.0,0.0,0.0,0.0,0.0,0.0,0.0,0.0,0.0,0.0,0.0,0.0,0.0,0.0,0.0,0.0,0.0,0.0,0.0,0.0,0.0,0.0,0.0,0.0,0.0,0.0,0.0,0.0,0.0,0.0,0.0,0.0,0.0,0.0,0.0,0.0,0.0,0.0,0.0,0.0,0.0,0.0,0.0,0.0,0.0,0.0,0.0,0.0,0.0,0.0,0.0,0.0,0.0,0.0,0.0,0.0,0.0,0.0,0.0,0.0,0.0,0.0,0.0,0.0,0.0,0.0,0.0,0.0,0.0,0.0,0.0,0.0,0.0,0.0,0.0,0.0,0.0,0.0,0.0,0.0,0.0,0.0,0.0,0.0,0.0,0.0,0.0,0.0,0.0,0.0,0.0,0.0,0.0,0.0,0.6666666666666666,0.6666666666666666,0.6666666666666666,0.6666666666666666,0.6666666666666666,1.257095458000009,0.0
nvbench2:dev:644,644,qwen3:14b,direct,77,0.0,bar+line,1.0,1.0,17,6,11,0.0,0.0,0.0,0.0,0.0,0.0,0.0,0.0,0.0,0.0,0.0,0.0,0.0,0.0,0.0,0.0,0.0,0.0,0.0,0.0,0.0,0.0,0.0,0.0,0.0,0.0,0.0,0.0,0.0,0.0,0.0,0.0,0.0,0.0,0.0,0.0,0.0,0.0,0.0,0.0,0.0,0.0,0.0,0.0,0.0,0.0,0.0,0.0,0.0,0.0,0.0,0.0,0.0,0.0,0.0,0.0,0.0,0.0,0.0,0.0,0.0,0.0,0.0,0.0,0.0,0.0,0.0,0.0,0.0,0.0,0.0,0.0,0.0,0.0,0.0,0.0,0.0,0.0,0.0,0.0,0.0,0.0,0.0,0.0,0.0,0.0,0.0,0.0,0.0,0.0,0.0,0.0,0.0,0.0,0.0,0.0,0.0,0.0,0.0,0.0,0.0,0.0,0.0,0.0,0.0,0.0,0.0,0.0,1.0,0.9333333333333332,0.9333333333333332,1.0,1.0,2.6006345829999873,0.0
nvbench2:dev:647,647,qwen3:14b,direct,77,0.0,bar,1.0,1.0,17,12,5,0.0,0.0,0.0,0.0,0.0,0.0,0.0,0.0,0.0,0.0,0.0,0.0,0.0,0.0,0.0,0.0,0.0,0.0,0.0,0.0,0.0,0.0,0.0,0.0,0.0,0.0,0.0,0.0,0.0,0.0,0.0,0.0,0.0,0.0,0.0,0.0,0.0,0.0,0.0,0.0,0.0,0.0,0.0,0.0,0.0,0.0,0.0,0.0,0.0,0.0,0.0,0.0,0.0,0.0,0.0,0.0,0.0,0.0,0.0,0.0,0.0,0.0,0.0,0.0,0.0,0.0,0.0,0.0,0.0,0.0,0.0,0.0,0.0,0.0,0.0,0.0,0.0,0.0,0.0,0.0,0.0,0.0,0.0,0.0,0.0,0.0,0.0,0.0,0.0,0.0,0.0,0.0,0.0,0.0,0.0,0.0,0.0,0.0,0.0,0.0,0.0,0.0,0.0,0.0,0.0,0.0,0.0,0.0,0.9199999999999999,0.4666666666666666,0.9199999999999999,0.9199999999999999,0.9199999999999999,1.7637713340000118,0.0
nvbench2:dev:651,651,qwen3:14b,direct,77,0.0,bar,1.0,1.0,18,5,13,0.0,0.0,0.0,0.0,0.0,0.0,0.0,0.0,0.0,0.0,0.0,0.0,0.0,0.0,0.0,0.0,0.0,0.0,0.0,0.0,0.0,0.0,0.0,0.0,0.0,0.0,0.0,0.0,0.0,0.0,0.0,0.0,0.0,0.0,0.0,0.0,0.0,0.0,0.0,0.0,0.0,0.0,0.0,0.0,0.0,0.0,0.0,0.0,0.0,0.0,0.0,0.0,0.0,0.0,0.0,0.0,0.0,0.0,0.0,0.0,0.0,0.0,0.0,0.0,0.0,0.0,0.0,0.0,0.0,0.0,0.0,0.0,0.0,0.0,0.0,0.0,0.0,0.0,0.0,0.0,0.0,0.0,0.0,0.0,0.0,0.0,0.0,0.0,0.0,0.0,0.0,0.0,0.0,0.0,0.0,0.0,0.0,0.0,0.0,0.0,0.0,0.0,0.0,0.0,0.0,0.0,0.0,0.0,0.9333333333333332,0.9199999999999999,0.9333333333333332,0.9199999999999999,0.9333333333333332,2.5643009589999792,0.0
nvbench2:dev:655,655,qwen3:14b,direct,77,0.0,line,1.0,1.0,16,3,13,0.0,0.0,0.0,0.0,0.0,0.0,0.0,0.0,0.0,0.0,0.0,0.0,0.0,0.0,0.0,0.0,0.0,0.0,0.0,0.0,0.0,0.0,0.0,0.0,0.0,0.0,0.0,0.0,0.0,0.0,0.0,0.0,0.0,0.0,0.0,0.0,0.0,0.0,0.0,0.0,0.0,0.0,0.0,0.0,0.0,0.0,0.0,0.0,0.0,0.0,0.0,0.0,0.0,0.0,0.0,0.0,0.0,0.0,0.0,0.0,0.0,0.0,0.0,0.0,0.0,0.0,0.0,0.0,0.0,0.0,0.0,0.0,0.0,0.0,0.0,0.0,0.0,0.0,0.0,0.0,0.0,0.0,0.0,0.0,0.0,0.0,0.0,0.0,0.0,0.0,0.0,0.0,0.0,0.0,0.0,0.0,0.0,0.0,0.0,0.0,0.0,0.0,0.0,0.0,0.0,0.0,0.0,0.0,0.7,0.13333333333333333,0.4,0.2,0.7,3.187003207999993,0.0
nvbench2:dev:666,666,qwen3:14b,direct,77,0.0,line,1.0,1.0,15,1,14,0.0,0.0,0.0,0.0,0.0,0.0,0.0,0.0,0.0,0.0,0.0,0.0,0.0,0.0,0.0,0.0,0.0,0.0,0.0,0.0,0.0,0.0,0.0,0.0,0.0,0.0,0.0,0.0,0.0,0.0,0.0,0.0,0.0,0.0,0.0,0.0,0.0,0.0,0.0,0.0,0.0,0.0,0.0,0.0,0.0,0.0,0.0,0.0,0.0,0.0,0.0,0.0,0.0,0.0,0.0,0.0,0.0,0.0,0.0,0.0,0.0,0.0,0.0,0.0,0.0,0.0,0.0,0.0,0.0,0.0,0.0,0.0,0.0,0.0,0.0,0.0,0.0,0.0,0.0,0.0,0.0,0.0,0.0,0.0,0.0,0.0,0.0,0.0,0.0,0.0,0.0,0.0,0.0,0.0,0.0,0.0,0.0,0.0,0.0,0.0,0.0,0.0,0.0,0.0,0.0,0.0,0.0,0.0,1.0,0.9333333333333332,1.0,0.9333333333333332,1.0,2.817809125000025,0.0
nvbench2:dev:672,672,qwen3:14b,direct,77,0.0,bar,1.0,1.0,12,6,6,0.0,0.0,0.0,0.0,0.0,0.0,0.0,0.0,0.0,0.0,0.0,0.0,0.0,0.0,0.0,0.0,0.0,0.0,0.0,0.0,0.0,0.0,0.0,0.0,0.0,0.0,0.0,0.0,0.0,0.0,0.0,0.0,0.0,0.0,0.0,0.0,0.0,0.0,0.0,0.0,0.0,0.0,0.0,0.0,0.0,0.0,0.0,0.0,0.0,0.0,0.0,0.0,0.0,0.0,0.0,0.0,0.0,0.0,0.0,0.0,0.0,0.0,0.0,0.0,0.0,0.0,0.0,0.0,0.0,0.0,0.0,0.0,0.0,0.0,0.0,0.0,0.0,0.0,0.0,0.0,0.0,0.0,0.0,0.0,0.0,0.0,0.0,0.0,0.0,0.0,0.0,0.0,0.0,0.0,0.0,0.0,0.0,0.0,0.0,0.0,0.0,0.0,0.0,0.0,0.0,0.0,0.0,0.0,1.0,1.0,1.0,1.0,1.0,1.8023745839999776,0.0
nvbench2:dev:675,675,qwen3:14b,direct,77,0.0,bar,1.0,1.0,16,10,6,0.0,0.0,0.0,0.0,0.0,0.0,0.0,0.0,0.0,0.0,0.0,0.0,0.0,0.0,0.0,0.0,0.0,0.0,0.0,0.0,0.0,0.0,0.0,0.0,0.0,0.0,0.0,0.0,0.0,0.0,0.0,0.0,0.0,0.0,0.0,0.0,0.0,0.0,0.0,0.0,0.0,0.0,0.0,0.0,0.0,0.0,0.0,0.0,0.0,0.0,0.0,0.0,0.0,0.0,0.0,0.0,0.0,0.0,0.0,0.0,0.0,0.0,0.0,0.0,0.0,0.0,0.0,0.0,0.0,0.0,0.0,0.0,0.0,0.0,0.0,0.0,0.0,0.0,0.0,0.0,0.0,0.0,0.0,0.0,0.0,0.0,0.0,0.0,0.0,0.0,0.0,0.0,0.0,0.0,0.0,0.0,0.0,0.0,0.0,0.0,0.0,0.0,0.0,0.0,0.0,0.0,0.0,0.0,1.0,0.36,1.0,1.0,1.0,1.7857433749999814,0.0
nvbench2:dev:681,681,qwen3:14b,direct,77,0.0,bar,1.0,1.0,13,3,10,0.0,0.0,0.0,0.0,0.0,0.0,0.0,0.0,0.0,0.0,0.0,0.0,0.0,0.0,0.0,0.0,0.0,0.0,0.0,0.0,0.0,0.0,0.0,0.0,0.0,0.0,0.0,0.0,0.0,0.0,0.0,0.0,0.0,0.0,0.0,0.0,0.0,0.0,0.0,0.0,0.0,0.0,0.0,0.0,0.0,0.0,0.0,0.0,0.0,0.0,0.0,0.0,0.0,0.0,0.0,0.0,0.0,0.0,0.0,0.0,0.0,0.0,0.0,0.0,0.0,0.0,0.0,0.0,0.0,0.0,0.0,0.0,0.0,0.0,0.0,0.0,0.0,0.0,0.0,0.0,0.0,0.0,0.0,0.0,0.0,0.0,0.0,0.0,0.0,0.0,0.0,0.0,0.0,0.0,0.0,0.0,0.0,0.0,0.0,0.0,0.0,0.0,0.0,0.0,0.0,0.0,0.0,0.0,0.9199999999999999,0.9199999999999999,0.9199999999999999,0.9199999999999999,0.9199999999999999,2.384571749999992,0.0
nvbench2:dev:683,683,qwen3:14b,direct,77,0.0,bar,0.0,0.0,12,12,0,0.0,0.0,0.0,0.0,0.0,0.0,0.0,0.0,0.0,0.0,0.0,0.0,0.0,0.0,0.0,0.0,0.0,0.0,0.0,0.0,0.0,0.0,0.0,0.0,0.0,0.0,0.0,0.0,0.0,0.0,0.0,0.0,0.0,0.0,0.0,0.0,0.0,0.0,0.0,0.0,0.0,0.0,0.0,0.0,0.0,0.0,0.0,0.0,0.0,0.0,0.0,0.0,0.0,0.0,0.0,0.0,0.0,0.0,0.0,0.0,0.0,0.0,0.0,0.0,0.0,0.0,0.0,0.0,0.0,0.0,0.0,0.0,0.0,0.0,0.0,0.0,0.0,0.0,0.0,0.0,0.0,0.0,0.0,0.0,0.0,0.0,0.0,0.0,0.0,0.0,0.0,0.0,0.0,0.0,0.0,0.0,0.0,0.0,0.0,0.0,0.0,0.0,0.0,0.0,0.0,0.0,0.0,0.0,0.0,0.0,0.0,0.0,0.0,0.0,0.0
nvbench2:dev:684,684,qwen3:14b,direct,77,0.0,bar,0.0,0.0,13,13,0,0.0,0.0,0.0,0.0,0.0,0.0,0.0,0.0,0.0,0.0,0.0,0.0,0.0,0.0,0.0,0.0,0.0,0.0,0.0,0.0,0.0,0.0,0.0,0.0,0.0,0.0,0.0,0.0,0.0,0.0,0.0,0.0,0.0,0.0,0.0,0.0,0.0,0.0,0.0,0.0,0.0,0.0,0.0,0.0,0.0,0.0,0.0,0.0,0.0,0.0,0.0,0.0,0.0,0.0,0.0,0.0,0.0,0.0,0.0,0.0,0.0,0.0,0.0,0.0,0.0,0.0,0.0,0.0,0.0,0.0,0.0,0.0,0.0,0.0,0.0,0.0,0.0,0.0,0.0,0.0,0.0,0.0,0.0,0.0,0.0,0.0,0.0,0.0,0.0,0.0,0.0,0.0,0.0,0.0,0.0,0.0,0.0,0.0,0.0,0.0,0.0,0.0,0.0,0.0,0.0,0.0,0.0,0.0,0.0,0.0,0.0,0.0,0.0,0.0,0.0
nvbench2:dev:713,713,qwen3:14b,direct,77,0.0,bar,1.0,1.0,10,8,2,0.0,0.0,0.0,0.0,0.0,0.0,0.0,0.0,0.0,0.0,0.0,0.0,0.0,0.0,0.0,0.0,0.0,0.0,0.0,0.0,0.0,0.0,0.0,0.0,0.0,0.0,0.0,0.0,0.0,0.0,0.0,0.0,0.0,0.0,0.0,0.0,0.0,0.0,0.0,0.0,0.0,0.0,0.0,0.0,0.0,0.0,0.0,0.0,0.0,0.0,0.0,0.0,0.0,0.0,0.0,0.0,0.0,0.0,0.0,0.0,0.0,0.0,0.0,0.0,0.0,0.0,0.0,0.0,0.0,0.0,0.0,0.0,0.0,0.0,0.0,0.0,0.0,0.0,0.0,0.0,0.0,0.0,0.0,0.0,0.0,0.0,0.0,0.0,0.0,0.0,0.0,0.0,0.0,0.0,0.0,0.0,0.0,0.0,0.0,0.0,0.0,0.0,0.0,0.0,0.0,0.0,0.0,0.0,0.6666666666666666,0.16,0.6666666666666666,0.6666666666666666,0.6666666666666666,1.0239605419999975,0.0
nvbench2:dev:715,715,qwen3:14b,direct,77,0.0,point,1.0,1.0,13,5,8,0.0,0.0,0.0,0.0,0.0,0.0,0.0,0.0,0.0,0.0,0.0,0.0,0.0,0.0,0.0,0.0,0.0,0.0,0.0,0.0,0.0,0.0,0.0,0.0,0.0,0.0,0.0,0.0,0.0,0.0,0.0,0.0,0.0,0.0,0.0,0.0,0.0,0.0,0.0,0.0,0.0,0.0,0.0,0.0,0.0,0.0,0.0,0.0,0.0,0.0,0.0,0.0,0.0,0.0,0.0,0.0,0.0,0.0,0.0,0.0,0.0,0.0,0.0,0.0,0.0,0.0,0.0,0.0,0.0,0.0,0.0,0.0,0.0,0.0,0.0,0.0,0.0,0.0,0.0,0.0,0.0,0.0,0.0,0.0,0.0,0.0,0.0,0.0,0.0,0.0,0.0,0.0,0.0,0.0,0.0,0.0,0.0,0.0,0.0,0.0,0.0,0.0,0.0,0.0,0.0,0.0,0.0,0.0,0.7619047619047619,0.3333333333333333,0.6285714285714286,0.5333333333333333,0.6285714285714286,2.1941949170000044,0.0
nvbench2:dev:716,716,qwen3:14b,direct,77,0.0,boxplot,1.0,1.0,16,0,16,1.0,0.25,0.0,0.0,0.0,0.0,0.0,0.0,0.0,0.0,0.0,0.0,0.0,0.0,1.0,0.25,0.25,0.25,1.0,0.25,0.2,0.22222222222222224,1.0,0.25,0.16666666666666666,0.2,1.0,0.25,0.14285714285714285,0.18181818181818182,1.0,0.5,0.25,0.3333333333333333,1.0,0.5,0.2222222222222222,0.30769230769230765,1.0,0.5,0.2,0.28571428571428575,1.0,0.5,0.18181818181818182,0.26666666666666666,1.0,0.75,0.25,0.375,1.0,0.75,0.23076923076923078,0.3529411764705882,1.0,0.75,0.21428571428571427,0.3333333333333333,1.0,0.75,0.2,0.31578947368421056,1.0,0.75,0.1875,0.3,1.0,0.75,0.1875,0.3,1.0,0.75,0.1875,0.3,1.0,0.75,0.1875,0.3,1.0,0.75,0.1875,0.3,0.25,0.0,0.0,0.0,0.0,0.0,0.0,0.0,0.0,1.0,0.25,0.2,0.22222222222222224,0.0,0.0,0.0,0.0,0.0,0.0,0.0,0.0,0.0,0.0,0.0,0.0,0.0,1.0,0.8,1.0,1.0,1.0,3.038993583000007,0.0
nvbench2:dev:717,717,qwen3:14b,direct,77,0.0,boxplot,0.0,0.0,11,11,0,0.0,0.0,0.0,0.0,0.0,0.0,0.0,0.0,0.0,0.0,0.0,0.0,0.0,0.0,0.0,0.0,0.0,0.0,0.0,0.0,0.0,0.0,0.0,0.0,0.0,0.0,0.0,0.0,0.0,0.0,0.0,0.0,0.0,0.0,0.0,0.0,0.0,0.0,0.0,0.0,0.0,0.0,0.0,0.0,0.0,0.0,0.0,0.0,0.0,0.0,0.0,0.0,0.0,0.0,0.0,0.0,0.0,0.0,0.0,0.0,0.0,0.0,0.0,0.0,0.0,0.0,0.0,0.0,0.0,0.0,0.0,0.0,0.0,0.0,0.0,0.0,0.0,0.0,0.0,0.0,0.0,0.0,0.0,0.0,0.0,0.0,0.0,0.0,0.0,0.0,0.0,0.0,0.0,0.0,0.0,0.0,0.0,0.0,0.0,0.0,0.0,0.0,0.0,0.0,0.0,0.0,0.0,0.0,0.0,0.0,0.0,0.0,0.0,0.0,0.0
nvbench2:dev:718,718,qwen3:14b,direct,77,0.0,boxplot,1.0,1.0,13,5,8,0.0,0.0,0.0,0.0,0.0,0.0,0.0,0.0,0.0,0.0,0.0,0.0,0.0,0.0,0.0,0.0,0.0,0.0,0.0,0.0,0.0,0.0,0.0,0.0,0.0,0.0,0.0,0.0,0.0,0.0,0.0,0.0,0.0,0.0,0.0,0.0,0.0,0.0,0.0,0.0,0.0,0.0,0.0,0.0,0.0,0.0,0.0,0.0,0.0,0.0,0.0,0.0,0.0,0.0,0.0,0.0,0.0,0.0,0.0,0.0,0.0,0.0,0.0,0.0,0.0,0.0,0.0,0.0,0.0,0.0,0.0,0.0,0.0,0.0,0.0,0.0,0.0,0.0,0.0,0.0,0.0,0.0,0.0,0.0,0.0,0.0,0.0,0.0,0.0,0.0,0.0,0.0,0.0,0.0,0.0,0.0,0.0,0.0,0.0,0.0,0.0,0.0,0.0,0.0,0.0,0.0,0.0,0.0,0.8,0.6,0.8,0.8,0.8,2.1538135000000125,0.0
nvbench2:dev:719,719,qwen3:14b,direct,77,0.0,arc,1.0,1.0,9,7,2,0.0,0.0,0.0,0.0,0.0,0.0,0.0,0.0,0.0,0.0,0.0,0.0,0.0,0.0,0.0,0.0,0.0,0.0,0.0,0.0,0.0,0.0,0.0,0.0,0.0,0.0,0.0,0.0,0.0,0.0,0.0,0.0,0.0,0.0,0.0,0.0,0.0,0.0,0.0,0.0,0.0,0.0,0.0,0.0,0.0,0.0,0.0,0.0,0.0,0.0,0.0,0.0,0.0,0.0,0.0,0.0,0.0,0.0,0.0,0.0,0.0,0.0,0.0,0.0,0.0,0.0,0.0,0.0,0.0,0.0,0.0,0.0,0.0,0.0,0.0,0.0,0.0,0.0,0.0,0.0,0.0,0.0,0.0,0.0,0.0,0.0,0.0,0.0,0.0,0.0,0.0,0.0,0.0,0.0,0.0,0.0,0.0,0.0,0.0,0.0,0.0,0.0,0.0,0.0,0.0,0.0,0.0,0.0,0.6333333333333333,0.6333333333333333,0.6333333333333333,0.6333333333333333,0.6333333333333333,1.3760614159999989,0.0
nvbench2:dev:721,721,qwen3:14b,direct,77,0.0,boxplot,1.0,1.0,10,5,5,1.0,0.25,0.0,0.0,0.0,0.0,0.0,0.0,0.0,0.0,0.0,0.0,0.0,0.0,1.0,0.25,0.25,0.25,1.0,0.5,0.4,0.4444444444444445,1.0,0.5,0.4,0.4444444444444445,1.0,0.5,0.4,0.4444444444444445,1.0,0.5,0.4,0.4444444444444445,1.0,0.5,0.4,0.4444444444444445,1.0,0.5,0.4,0.4444444444444445,1.0,0.5,0.4,0.4444444444444445,1.0,0.5,0.4,0.4444444444444445,1.0,0.5,0.4,0.4444444444444445,1.0,0.5,0.4,0.4444444444444445,1.0,0.5,0.4,0.4444444444444445,1.0,0.5,0.4,0.4444444444444445,1.0,0.5,0.4,0.4444444444444445,1.0,0.5,0.4,0.4444444444444445,1.0,0.5,0.4,0.4444444444444445,1.0,0.5,0.4,0.4444444444444445,0.25,0.0,0.0,0.0,0.0,0.0,0.0,0.0,0.0,1.0,0.5,0.4,0.4444444444444445,1.0,1.0,0.25,1.0,0.4,1.0,0.5,0.6666666666666666,0.5714285714285715,1.0,0.5,0.4,0.4444444444444445,1.0,0.0,1.0,1.0,1.0,2.02540024999999,1.0
nvbench2:dev:723,723,qwen3:14b,direct,77,0.0,boxplot,1.0,1.0,11,7,4,0.0,0.0,0.0,0.0,0.0,0.0,0.0,0.0,0.0,0.0,0.0,0.0,0.0,0.0,0.0,0.0,0.0,0.0,0.0,0.0,0.0,0.0,0.0,0.0,0.0,0.0,0.0,0.0,0.0,0.0,0.0,0.0,0.0,0.0,0.0,0.0,0.0,0.0,0.0,0.0,0.0,0.0,0.0,0.0,0.0,0.0,0.0,0.0,0.0,0.0,0.0,0.0,0.0,0.0,0.0,0.0,0.0,0.0,0.0,0.0,0.0,0.0,0.0,0.0,0.0,0.0,0.0,0.0,0.0,0.0,0.0,0.0,0.0,0.0,0.0,0.0,0.0,0.0,0.0,0.0,0.0,0.0,0.0,0.0,0.0,0.0,0.0,0.0,0.0,0.0,0.0,0.0,0.0,0.0,0.0,0.0,0.0,0.0,0.0,0.0,0.0,0.0,0.0,0.0,0.0,0.0,0.0,0.0,0.7,0.7,0.7,0.7,0.7,1.5484281669999973,0.0
nvbench2:dev:725,725,qwen3:14b,direct,77,0.0,boxplot,1.0,1.0,14,10,4,0.0,0.0,0.0,0.0,0.0,0.0,0.0,0.0,0.0,0.0,0.0,0.0,0.0,0.0,0.0,0.0,0.0,0.0,0.0,0.0,0.0,0.0,0.0,0.0,0.0,0.0,0.0,0.0,0.0,0.0,0.0,0.0,0.0,0.0,0.0,0.0,0.0,0.0,0.0,0.0,0.0,0.0,0.0,0.0,0.0,0.0,0.0,0.0,0.0,0.0,0.0,0.0,0.0,0.0,0.0,0.0,0.0,0.0,0.0,0.0,0.0,0.0,0.0,0.0,0.0,0.0,0.0,0.0,0.0,0.0,0.0,0.0,0.0,0.0,0.0,0.0,0.0,0.0,0.0,0.0,0.0,0.0,0.0,0.0,0.0,0.0,0.0,0.0,0.0,0.0,0.0,0.0,0.0,0.0,0.0,0.0,0.0,0.0,0.0,0.0,0.0,0.0,0.0,0.0,0.0,0.0,0.0,0.0,0.4,0.2,0.4,0.4,0.4,1.688262624999993,0.0
nvbench2:dev:732,732,qwen3:14b,direct,77,0.0,bar+line+rect,1.0,1.0,12,3,9,0.0,0.0,0.0,0.0,0.0,0.0,0.0,0.0,0.0,0.0,0.0,0.0,0.0,0.0,0.0,0.0,0.0,0.0,0.0,0.0,0.0,0.0,0.0,0.0,0.0,0.0,0.0,0.0,0.0,0.0,0.0,0.0,0.0,0.0,0.0,0.0,0.0,0.0,0.0,0.0,0.0,0.0,0.0,0.0,0.0,0.0,0.0,0.0,0.0,0.0,0.0,0.0,0.0,0.0,0.0,0.0,0.0,0.0,0.0,0.0,0.0,0.0,0.0,0.0,0.0,0.0,0.0,0.0,0.0,0.0,0.0,0.0,0.0,0.0,0.0,0.0,0.0,0.0,0.0,0.0,0.0,0.0,0.0,0.0,0.0,0.0,0.0,0.0,0.0,0.0,0.0,0.0,0.0,0.0,0.0,0.0,0.0,0.0,0.0,0.0,0.0,0.0,0.0,0.0,0.0,0.0,0.0,0.0,0.9199999999999999,0.52,0.9199999999999999,0.36,0.9199999999999999,2.4927102910000087,0.0
nvbench2:dev:733,733,qwen3:14b,direct,77,0.0,bar+line+rect,1.0,1.0,15,3,12,0.0,0.0,0.0,0.0,0.0,0.0,0.0,0.0,0.0,0.0,0.0,0.0,0.0,0.0,0.0,0.0,0.0,0.0,0.0,0.0,0.0,0.0,0.0,0.0,0.0,0.0,0.0,0.0,0.0,0.0,0.0,0.0,0.0,0.0,0.0,0.0,0.0,0.0,0.0,0.0,0.0,0.0,0.0,0.0,0.0,0.0,0.0,0.0,0.0,0.0,0.0,0.0,0.0,0.0,0.0,0.0,0.0,0.0,0.0,0.0,0.0,0.0,0.0,0.0,0.0,0.0,0.0,0.0,0.0,0.0,0.0,0.0,0.0,0.0,0.0,0.0,0.0,0.0,0.0,0.0,0.0,0.0,0.0,0.0,0.0,0.0,0.0,0.0,0.0,0.0,0.0,0.0,0.0,0.0,0.0,0.0,0.0,0.0,0.0,0.0,0.0,0.0,0.0,0.0,0.0,0.0,0.0,0.0,0.9199999999999999,0.9199999999999999,0.9199999999999999,0.9199999999999999,0.9199999999999999,2.827391250000005,0.0
nvbench2:dev:17,17,qwen3:14b,staged,77,0.0,line,1.0,1.0,9,7,2,0.0,0.0,0.0,0.0,0.0,0.0,0.0,0.0,0.0,0.0,0.0,0.0,0.0,0.0,0.0,0.0,0.0,0.0,0.0,0.0,0.0,0.0,0.0,0.0,0.0,0.0,0.0,0.0,0.0,0.0,0.0,0.0,0.0,0.0,0.0,0.0,0.0,0.0,0.0,0.0,0.0,0.0,0.0,0.0,0.0,0.0,0.0,0.0,0.0,0.0,0.0,0.0,0.0,0.0,0.0,0.0,0.0,0.0,0.0,0.0,0.0,0.0,0.0,0.0,0.0,0.0,0.0,0.0,0.0,0.0,0.0,0.0,0.0,0.0,0.0,0.0,0.0,0.0,0.0,0.0,0.0,0.0,0.0,0.0,0.0,0.0,0.0,0.0,0.0,0.0,0.0,0.0,0.0,0.0,0.0,0.0,0.0,0.0,0.0,0.0,0.0,0.0,0.0,0.0,0.0,0.0,0.0,0.0,0.72,0.72,0.72,0.72,0.72,1.2203603330000001,0.0
nvbench2:dev:22,22,qwen3:14b,staged,77,0.0,boxplot,1.0,1.0,5,1,4,0.0,0.0,0.0,0.0,0.0,0.0,0.0,0.0,0.0,0.0,0.0,0.0,0.0,0.0,0.0,0.0,0.0,0.0,0.0,0.0,0.0,0.0,0.0,0.0,0.0,0.0,0.0,0.0,0.0,0.0,0.0,0.0,0.0,0.0,0.0,0.0,0.0,0.0,0.0,0.0,0.0,0.0,0.0,0.0,0.0,0.0,0.0,0.0,0.0,0.0,0.0,0.0,0.0,0.0,0.0,0.0,0.0,0.0,0.0,0.0,0.0,0.0,0.0,0.0,0.0,0.0,0.0,0.0,0.0,0.0,0.0,0.0,0.0,0.0,0.0,0.0,0.0,0.0,0.0,0.0,0.0,0.0,0.0,0.0,0.0,0.0,0.0,0.0,0.0,0.0,0.0,0.0,0.0,0.0,0.0,0.0,0.0,0.0,0.0,0.0,0.0,0.0,0.0,0.0,0.0,0.0,0.0,0.0,0.8,0.7,0.8,0.8,0.8,1.4498324170000003,0.0
nvbench2:dev:23,23,qwen3:14b,staged,77,0.0,point,1.0,1.0,3,1,2,0.0,0.0,0.0,0.0,0.0,0.0,0.0,0.0,0.0,0.0,0.0,0.0,0.0,0.0,0.0,0.0,0.0,0.0,0.0,0.0,0.0,0.0,0.0,0.0,0.0,0.0,0.0,0.0,0.0,0.0,0.0,0.0,0.0,0.0,0.0,0.0,0.0,0.0,0.0,0.0,0.0,0.0,0.0,0.0,0.0,0.0,0.0,0.0,0.0,0.0,0.0,0.0,0.0,0.0,0.0,0.0,0.0,0.0,0.0,0.0,0.0,0.0,0.0,0.0,0.0,0.0,0.0,0.0,0.0,0.0,0.0,0.0,0.0,0.0,0.0,0.0,0.0,0.0,0.0,0.0,0.0,0.0,0.0,0.0,0.0,0.0,0.0,0.0,0.0,0.0,0.0,0.0,0.0,0.0,0.0,0.0,0.0,0.0,0.0,0.0,0.0,0.0,0.0,0.0,0.0,0.0,0.0,0.0,0.44000000000000006,0.44000000000000006,0.44000000000000006,0.44000000000000006,0.44000000000000006,1.131121791,0.0
nvbench2:dev:25,25,qwen3:14b,staged,77,0.0,rect,1.0,1.0,9,4,5,0.0,0.0,0.0,0.0,0.0,0.0,0.0,0.0,0.0,0.0,0.0,0.0,0.0,0.0,0.0,0.0,0.0,0.0,0.0,0.0,0.0,0.0,0.0,0.0,0.0,0.0,0.0,0.0,0.0,0.0,0.0,0.0,0.0,0.0,0.0,0.0,0.0,0.0,0.0,0.0,0.0,0.0,0.0,0.0,0.0,0.0,0.0,0.0,0.0,0.0,0.0,0.0,0.0,0.0,0.0,0.0,0.0,0.0,0.0,0.0,0.0,0.0,0.0,0.0,0.0,0.0,0.0,0.0,0.0,0.0,0.0,0.0,0.0,0.0,0.0,0.0,0.0,0.0,0.0,0.0,0.0,0.0,0.0,0.0,0.0,0.0,0.0,0.0,0.0,0.0,0.0,0.0,0.0,0.0,0.0,0.0,0.0,0.0,0.0,0.0,0.0,0.0,0.0,0.0,0.0,0.0,0.0,0.0,0.9333333333333332,0.9333333333333332,0.9333333333333332,0.6285714285714286,0.9333333333333332,1.772197083,0.0
nvbench2:dev:33,33,qwen3:14b,staged,77,0.0,arc,1.0,1.0,5,4,1,0.0,0.0,0.0,0.0,0.0,0.0,0.0,0.0,0.0,0.0,0.0,0.0,0.0,0.0,0.0,0.0,0.0,0.0,0.0,0.0,0.0,0.0,0.0,0.0,0.0,0.0,0.0,0.0,0.0,0.0,0.0,0.0,0.0,0.0,0.0,0.0,0.0,0.0,0.0,0.0,0.0,0.0,0.0,0.0,0.0,0.0,0.0,0.0,0.0,0.0,0.0,0.0,0.0,0.0,0.0,0.0,0.0,0.0,0.0,0.0,0.0,0.0,0.0,0.0,0.0,0.0,0.0,0.0,0.0,0.0,0.0,0.0,0.0,0.0,0.0,0.0,0.0,0.0,0.0,0.0,0.0,0.0,0.0,0.0,0.0,0.0,0.0,0.0,0.0,0.0,0.0,0.0,0.0,0.0,0.0,0.0,0.0,0.0,0.0,0.0,0.0,0.0,0.0,0.0,0.0,0.0,0.0,0.0,0.8,0.8,0.8,0.8,0.8,1.1087799579999995,0.0
nvbench2:dev:34,34,qwen3:14b,staged,77,0.0,point,1.0,1.0,3,2,1,1.0,1.0,1.0,0.5,1.0,0.6666666666666666,1.0,0.5,1.0,0.6666666666666666,1.0,0.5,1.0,0.6666666666666666,1.0,0.5,1.0,0.6666666666666666,1.0,0.5,1.0,0.6666666666666666,1.0,0.5,1.0,0.6666666666666666,1.0,0.5,1.0,0.6666666666666666,1.0,0.5,1.0,0.6666666666666666,1.0,0.5,1.0,0.6666666666666666,1.0,0.5,1.0,0.6666666666666666,1.0,0.5,1.0,0.6666666666666666,1.0,0.5,1.0,0.6666666666666666,1.0,0.5,1.0,0.6666666666666666,1.0,0.5,1.0,0.6666666666666666,1.0,0.5,1.0,0.6666666666666666,1.0,0.5,1.0,0.6666666666666666,1.0,0.5,1.0,0.6666666666666666,1.0,0.5,1.0,0.6666666666666666,1.0,0.5,1.0,0.6666666666666666,1.0,0.5,1.0,0.6666666666666666,1.0,1.0,0.5,1.0,0.6666666666666666,1.0,0.5,1.0,0.6666666666666666,1.0,0.5,1.0,0.6666666666666666,1.0,1.0,0.5,1.0,0.6666666666666666,1.0,0.5,1.0,0.6666666666666666,1.0,0.5,1.0,0.6666666666666666,1.0,1.0,1.0,1.0,1.0,0.6694632089999999,0.0
nvbench2:dev:35,35,qwen3:14b,staged,77,0.0,bar+line+point+rect,1.0,1.0,5,4,1,0.0,0.0,0.0,0.0,0.0,0.0,0.0,0.0,0.0,0.0,0.0,0.0,0.0,0.0,0.0,0.0,0.0,0.0,0.0,0.0,0.0,0.0,0.0,0.0,0.0,0.0,0.0,0.0,0.0,0.0,0.0,0.0,0.0,0.0,0.0,0.0,0.0,0.0,0.0,0.0,0.0,0.0,0.0,0.0,0.0,0.0,0.0,0.0,0.0,0.0,0.0,0.0,0.0,0.0,0.0,0.0,0.0,0.0,0.0,0.0,0.0,0.0,0.0,0.0,0.0,0.0,0.0,0.0,0.0,0.0,0.0,0.0,0.0,0.0,0.0,0.0,0.0,0.0,0.0,0.0,0.0,0.0,0.0,0.0,0.0,0.0,0.0,0.0,0.0,0.0,0.0,0.0,0.0,0.0,0.0,0.0,0.0,0.0,0.0,0.0,0.0,0.0,0.0,0.0,0.0,0.0,0.0,0.0,0.8,0.8,0.8,0.8,0.8,0.6578796249999996,0.0
nvbench2:dev:39,39,qwen3:14b,staged,77,0.0,arc,1.0,1.0,4,3,1,0.0,0.0,0.0,0.0,0.0,0.0,0.0,0.0,0.0,0.0,0.0,0.0,0.0,0.0,0.0,0.0,0.0,0.0,0.0,0.0,0.0,0.0,0.0,0.0,0.0,0.0,0.0,0.0,0.0,0.0,0.0,0.0,0.0,0.0,0.0,0.0,0.0,0.0,0.0,0.0,0.0,0.0,0.0,0.0,0.0,0.0,0.0,0.0,0.0,0.0,0.0,0.0,0.0,0.0,0.0,0.0,0.0,0.0,0.0,0.0,0.0,0.0,0.0,0.0,0.0,0.0,0.0,0.0,0.0,0.0,0.0,0.0,0.0,0.0,0.0,0.0,0.0,0.0,0.0,0.0,0.0,0.0,0.0,0.0,0.0,0.0,0.0,0.0,0.0,0.0,0.0,0.0,0.0,0.0,0.0,0.0,0.0,0.0,0.0,0.0,0.0,0.0,0.0,0.0,0.0,0.0,0.0,0.0,0.8,0.8,0.8,0.8,0.8,1.076377292,0.0
nvbench2:dev:40,40,qwen3:14b,staged,77,0.0,rect,1.0,1.0,13,2,11,0.0,0.0,0.0,0.0,0.0,0.0,0.0,0.0,0.0,0.0,0.0,0.0,0.0,0.0,0.0,0.0,0.0,0.0,0.0,0.0,0.0,0.0,0.0,0.0,0.0,0.0,0.0,0.0,0.0,0.0,0.0,0.0,0.0,0.0,0.0,0.0,0.0,0.0,0.0,0.0,0.0,0.0,0.0,0.0,0.0,0.0,0.0,0.0,0.0,0.0,0.0,0.0,0.0,0.0,0.0,0.0,0.0,0.0,0.0,0.0,0.0,0.0,0.0,0.0,0.0,0.0,0.0,0.0,0.0,0.0,0.0,0.0,0.0,0.0,0.0,0.0,0.0,0.0,0.0,0.0,0.0,0.0,0.0,0.0,0.0,0.0,0.0,0.0,0.0,0.0,0.0,0.0,0.0,0.0,0.0,0.0,0.0,0.0,0.0,0.0,0.0,0.0,0.0,0.0,0.0,0.0,0.0,0.0,0.7333333333333333,0.6666666666666667,0.6666666666666667,0.7333333333333333,0.7333333333333333,2.4887156249999993,0.0
nvbench2:dev:41,41,qwen3:14b,staged,77,0.0,arc,1.0,1.0,4,2,2,1.0,1.0,1.0,0.3333333333333333,1.0,0.5,1.0,0.3333333333333333,0.5,0.4,1.0,0.3333333333333333,0.5,0.4,1.0,0.3333333333333333,0.5,0.4,1.0,0.3333333333333333,0.5,0.4,1.0,0.3333333333333333,0.5,0.4,1.0,0.3333333333333333,0.5,0.4,1.0,0.3333333333333333,0.5,0.4,1.0,0.3333333333333333,0.5,0.4,1.0,0.3333333333333333,0.5,0.4,1.0,0.3333333333333333,0.5,0.4,1.0,0.3333333333333333,0.5,0.4,1.0,0.3333333333333333,0.5,0.4,1.0,0.3333333333333333,0.5,0.4,1.0,0.3333333333333333,0.5,0.4,1.0,0.3333333333333333,0.5,0.4,1.0,0.3333333333333333,0.5,0.4,1.0,0.3333333333333333,0.5,0.4,1.0,0.3333333333333333,0.5,0.4,1.0,0.3333333333333333,0.5,0.4,1.0,1.0,0.3333333333333333,1.0,0.5,1.0,0.3333333333333333,0.5,0.4,1.0,0.3333333333333333,0.5,0.4,1.0,1.0,0.3333333333333333,1.0,0.5,1.0,0.3333333333333333,0.5,0.4,1.0,0.3333333333333333,0.5,0.4,1.0,1.0,1.0,1.0,1.0,1.167953666999999,0.0
nvbench2:dev:48,48,qwen3:14b,staged,77,0.0,arc,1.0,1.0,3,2,1,1.0,1.0,1.0,0.5,1.0,0.6666666666666666,1.0,0.5,1.0,0.6666666666666666,1.0,0.5,1.0,0.6666666666666666,1.0,0.5,1.0,0.6666666666666666,1.0,0.5,1.0,0.6666666666666666,1.0,0.5,1.0,0.6666666666666666,1.0,0.5,1.0,0.6666666666666666,1.0,0.5,1.0,0.6666666666666666,1.0,0.5,1.0,0.6666666666666666,1.0,0.5,1.0,0.6666666666666666,1.0,0.5,1.0,0.6666666666666666,1.0,0.5,1.0,0.6666666666666666,1.0,0.5,1.0,0.6666666666666666,1.0,0.5,1.0,0.6666666666666666,1.0,0.5,1.0,0.6666666666666666,1.0,0.5,1.0,0.6666666666666666,1.0,0.5,1.0,0.6666666666666666,1.0,0.5,1.0,0.6666666666666666,1.0,0.5,1.0,0.6666666666666666,1.0,0.5,1.0,0.6666666666666666,1.0,1.0,0.5,1.0,0.6666666666666666,1.0,0.5,1.0,0.6666666666666666,1.0,0.5,1.0,0.6666666666666666,1.0,1.0,0.5,1.0,0.6666666666666666,1.0,0.5,1.0,0.6666666666666666,1.0,0.5,1.0,0.6666666666666666,1.0,1.0,1.0,1.0,1.0,0.8330616249999991,0.0
nvbench2:dev:49,49,qwen3:14b,staged,77,0.0,line,1.0,1.0,6,0,6,0.0,0.0,0.0,0.0,0.0,0.0,0.0,0.0,0.0,0.0,0.0,0.0,0.0,0.0,0.0,0.0,0.0,0.0,0.0,0.0,0.0,0.0,0.0,0.0,0.0,0.0,0.0,0.0,0.0,0.0,0.0,0.0,0.0,0.0,0.0,0.0,0.0,0.0,0.0,0.0,0.0,0.0,0.0,0.0,0.0,0.0,0.0,0.0,0.0,0.0,0.0,0.0,0.0,0.0,0.0,0.0,0.0,0.0,0.0,0.0,0.0,0.0,0.0,0.0,0.0,0.0,0.0,0.0,0.0,0.0,0.0,0.0,0.0,0.0,0.0,0.0,0.0,0.0,0.0,0.0,0.0,0.0,0.0,0.0,0.0,0.0,0.0,0.0,0.0,0.0,0.0,0.0,0.0,0.0,0.0,0.0,0.0,0.0,0.0,0.0,0.0,0.0,0.0,0.0,0.0,0.0,0.0,0.0,0.9,0.9,0.9,0.9,0.9,1.6627266669999994,0.0
nvbench2:dev:51,51,qwen3:14b,staged,77,0.0,bar,1.0,1.0,4,3,1,0.0,0.0,0.0,0.0,0.0,0.0,0.0,0.0,0.0,0.0,0.0,0.0,0.0,0.0,0.0,0.0,0.0,0.0,0.0,0.0,0.0,0.0,0.0,0.0,0.0,0.0,0.0,0.0,0.0,0.0,0.0,0.0,0.0,0.0,0.0,0.0,0.0,0.0,0.0,0.0,0.0,0.0,0.0,0.0,0.0,0.0,0.0,0.0,0.0,0.0,0.0,0.0,0.0,0.0,0.0,0.0,0.0,0.0,0.0,0.0,0.0,0.0,0.0,0.0,0.0,0.0,0.0,0.0,0.0,0.0,0.0,0.0,0.0,0.0,0.0,0.0,0.0,0.0,0.0,0.0,0.0,0.0,0.0,0.0,0.0,0.0,0.0,0.0,0.0,0.0,0.0,0.0,0.0,0.0,0.0,0.0,0.0,0.0,0.0,0.0,0.0,0.0,0.0,0.0,0.0,0.0,0.0,0.0,0.72,0.72,0.72,0.72,0.72,0.934716667,0.0
nvbench2:dev:54,54,qwen3:14b,staged,77,0.0,bar,0.0,0.0,3,3,0,0.0,0.0,0.0,0.0,0.0,0.0,0.0,0.0,0.0,0.0,0.0,0.0,0.0,0.0,0.0,0.0,0.0,0.0,0.0,0.0,0.0,0.0,0.0,0.0,0.0,0.0,0.0,0.0,0.0,0.0,0.0,0.0,0.0,0.0,0.0,0.0,0.0,0.0,0.0,0.0,0.0,0.0,0.0,0.0,0.0,0.0,0.0,0.0,0.0,0.0,0.0,0.0,0.0,0.0,0.0,0.0,0.0,0.0,0.0,0.0,0.0,0.0,0.0,0.0,0.0,0.0,0.0,0.0,0.0,0.0,0.0,0.0,0.0,0.0,0.0,0.0,0.0,0.0,0.0,0.0,0.0,0.0,0.0,0.0,0.0,0.0,0.0,0.0,0.0,0.0,0.0,0.0,0.0,0.0,0.0,0.0,0.0,0.0,0.0,0.0,0.0,0.0,0.0,0.0,0.0,0.0,0.0,0.0,0.0,0.0,0.0,0.0,0.0,0.0,0.0
nvbench2:dev:57,57,qwen3:14b,staged,77,0.0,rect,1.0,1.0,7,3,4,0.0,0.0,0.0,0.0,0.0,0.0,0.0,0.0,0.0,0.0,0.0,0.0,0.0,0.0,0.0,0.0,0.0,0.0,0.0,0.0,0.0,0.0,0.0,0.0,0.0,0.0,0.0,0.0,0.0,0.0,0.0,0.0,0.0,0.0,0.0,0.0,0.0,0.0,0.0,0.0,0.0,0.0,0.0,0.0,0.0,0.0,0.0,0.0,0.0,0.0,0.0,0.0,0.0,0.0,0.0,0.0,0.0,0.0,0.0,0.0,0.0,0.0,0.0,0.0,0.0,0.0,0.0,0.0,0.0,0.0,0.0,0.0,0.0,0.0,0.0,0.0,0.0,0.0,0.0,0.0,0.0,0.0,0.0,0.0,0.0,0.0,0.0,0.0,0.0,0.0,0.0,0.0,0.0,0.0,0.0,0.0,0.0,0.0,0.0,0.0,0.0,0.0,0.0,0.0,0.0,0.0,0.0,0.0,0.9333333333333332,0.9333333333333332,0.9333333333333332,0.9333333333333332,0.9333333333333332,1.3864557909999995,0.0
nvbench2:dev:61,61,qwen3:14b,staged,77,0.0,arc,1.0,1.0,3,2,1,1.0,1.0,1.0,0.5,1.0,0.6666666666666666,1.0,0.5,1.0,0.6666666666666666,1.0,0.5,1.0,0.6666666666666666,1.0,0.5,1.0,0.6666666666666666,1.0,0.5,1.0,0.6666666666666666,1.0,0.5,1.0,0.6666666666666666,1.0,0.5,1.0,0.6666666666666666,1.0,0.5,1.0,0.6666666666666666,1.0,0.5,1.0,0.6666666666666666,1.0,0.5,1.0,0.6666666666666666,1.0,0.5,1.0,0.6666666666666666,1.0,0.5,1.0,0.6666666666666666,1.0,0.5,1.0,0.6666666666666666,1.0,0.5,1.0,0.6666666666666666,1.0,0.5,1.0,0.6666666666666666,1.0,0.5,1.0,0.6666666666666666,1.0,0.5,1.0,0.6666666666666666,1.0,0.5,1.0,0.6666666666666666,1.0,0.5,1.0,0.6666666666666666,1.0,0.5,1.0,0.6666666666666666,1.0,1.0,0.5,1.0,0.6666666666666666,1.0,0.5,1.0,0.6666666666666666,1.0,0.5,1.0,0.6666666666666666,1.0,1.0,0.5,1.0,0.6666666666666666,1.0,0.5,1.0,0.6666666666666666,1.0,0.5,1.0,0.6666666666666666,1.0,1.0,1.0,1.0,1.0,0.9299180000000007,0.0
nvbench2:dev:63,63,qwen3:14b,staged,77,0.0,arc,1.0,1.0,14,13,1,0.0,0.0,0.0,0.0,0.0,0.0,0.0,0.0,0.0,0.0,0.0,0.0,0.0,0.0,0.0,0.0,0.0,0.0,0.0,0.0,0.0,0.0,0.0,0.0,0.0,0.0,0.0,0.0,0.0,0.0,0.0,0.0,0.0,0.0,0.0,0.0,0.0,0.0,0.0,0.0,0.0,0.0,0.0,0.0,0.0,0.0,0.0,0.0,0.0,0.0,0.0,0.0,0.0,0.0,0.0,0.0,0.0,0.0,0.0,0.0,0.0,0.0,0.0,0.0,0.0,0.0,0.0,0.0,0.0,0.0,0.0,0.0,0.0,0.0,0.0,0.0,0.0,0.0,0.0,0.0,0.0,0.0,0.0,0.0,0.0,0.0,0.0,0.0,0.0,0.0,0.0,0.0,0.0,0.0,0.0,0.0,0.0,0.0,0.0,0.0,0.0,0.0,0.0,0.0,0.0,0.0,0.0,0.0,0.9,0.9,0.9,0.9,0.9,0.9252112500000003,0.0
nvbench2:dev:68,68,qwen3:14b,staged,77,0.0,arc,0.0,0.0,8,8,0,0.0,0.0,0.0,0.0,0.0,0.0,0.0,0.0,0.0,0.0,0.0,0.0,0.0,0.0,0.0,0.0,0.0,0.0,0.0,0.0,0.0,0.0,0.0,0.0,0.0,0.0,0.0,0.0,0.0,0.0,0.0,0.0,0.0,0.0,0.0,0.0,0.0,0.0,0.0,0.0,0.0,0.0,0.0,0.0,0.0,0.0,0.0,0.0,0.0,0.0,0.0,0.0,0.0,0.0,0.0,0.0,0.0,0.0,0.0,0.0,0.0,0.0,0.0,0.0,0.0,0.0,0.0,0.0,0.0,0.0,0.0,0.0,0.0,0.0,0.0,0.0,0.0,0.0,0.0,0.0,0.0,0.0,0.0,0.0,0.0,0.0,0.0,0.0,0.0,0.0,0.0,0.0,0.0,0.0,0.0,0.0,0.0,0.0,0.0,0.0,0.0,0.0,0.0,0.0,0.0,0.0,0.0,0.0,0.0,0.0,0.0,0.0,0.0,0.0,0.0
nvbench2:dev:72,72,qwen3:14b,staged,77,0.0,arc,0.0,0.0,4,4,0,0.0,0.0,0.0,0.0,0.0,0.0,0.0,0.0,0.0,0.0,0.0,0.0,0.0,0.0,0.0,0.0,0.0,0.0,0.0,0.0,0.0,0.0,0.0,0.0,0.0,0.0,0.0,0.0,0.0,0.0,0.0,0.0,0.0,0.0,0.0,0.0,0.0,0.0,0.0,0.0,0.0,0.0,0.0,0.0,0.0,0.0,0.0,0.0,0.0,0.0,0.0,0.0,0.0,0.0,0.0,0.0,0.0,0.0,0.0,0.0,0.0,0.0,0.0,0.0,0.0,0.0,0.0,0.0,0.0,0.0,0.0,0.0,0.0,0.0,0.0,0.0,0.0,0.0,0.0,0.0,0.0,0.0,0.0,0.0,0.0,0.0,0.0,0.0,0.0,0.0,0.0,0.0,0.0,0.0,0.0,0.0,0.0,0.0,0.0,0.0,0.0,0.0,0.0,0.0,0.0,0.0,0.0,0.0,0.0,0.0,0.0,0.0,0.0,0.0,0.0
nvbench2:dev:73,73,qwen3:14b,staged,77,0.0,arc,1.0,1.0,5,4,1,0.0,0.0,0.0,0.0,0.0,0.0,0.0,0.0,0.0,0.0,0.0,0.0,0.0,0.0,0.0,0.0,0.0,0.0,0.0,0.0,0.0,0.0,0.0,0.0,0.0,0.0,0.0,0.0,0.0,0.0,0.0,0.0,0.0,0.0,0.0,0.0,0.0,0.0,0.0,0.0,0.0,0.0,0.0,0.0,0.0,0.0,0.0,0.0,0.0,0.0,0.0,0.0,0.0,0.0,0.0,0.0,0.0,0.0,0.0,0.0,0.0,0.0,0.0,0.0,0.0,0.0,0.0,0.0,0.0,0.0,0.0,0.0,0.0,0.0,0.0,0.0,0.0,0.0,0.0,0.0,0.0,0.0,0.0,0.0,0.0,0.0,0.0,0.0,0.0,0.0,0.0,0.0,0.0,0.0,0.0,0.0,0.0,0.0,0.0,0.0,0.0,0.0,0.0,0.0,0.0,0.0,0.0,0.0,0.8,0.8,0.8,0.8,0.8,1.2995865420000001,0.0
nvbench2:dev:76,76,qwen3:14b,staged,77,0.0,bar,0.0,0.0,4,4,0,0.0,0.0,0.0,0.0,0.0,0.0,0.0,0.0,0.0,0.0,0.0,0.0,0.0,0.0,0.0,0.0,0.0,0.0,0.0,0.0,0.0,0.0,0.0,0.0,0.0,0.0,0.0,0.0,0.0,0.0,0.0,0.0,0.0,0.0,0.0,0.0,0.0,0.0,0.0,0.0,0.0,0.0,0.0,0.0,0.0,0.0,0.0,0.0,0.0,0.0,0.0,0.0,0.0,0.0,0.0,0.0,0.0,0.0,0.0,0.0,0.0,0.0,0.0,0.0,0.0,0.0,0.0,0.0,0.0,0.0,0.0,0.0,0.0,0.0,0.0,0.0,0.0,0.0,0.0,0.0,0.0,0.0,0.0,0.0,0.0,0.0,0.0,0.0,0.0,0.0,0.0,0.0,0.0,0.0,0.0,0.0,0.0,0.0,0.0,0.0,0.0,0.0,0.0,0.0,0.0,0.0,0.0,0.0,0.0,0.0,0.0,0.0,0.0,0.0,0.0
nvbench2:dev:83,83,qwen3:14b,staged,77,0.0,arc,1.0,1.0,3,2,1,1.0,1.0,1.0,0.25,1.0,0.4,1.0,0.25,1.0,0.4,1.0,0.25,1.0,0.4,1.0,0.25,1.0,0.4,1.0,0.25,1.0,0.4,1.0,0.25,1.0,0.4,1.0,0.25,1.0,0.4,1.0,0.25,1.0,0.4,1.0,0.25,1.0,0.4,1.0,0.25,1.0,0.4,1.0,0.25,1.0,0.4,1.0,0.25,1.0,0.4,1.0,0.25,1.0,0.4,1.0,0.25,1.0,0.4,1.0,0.25,1.0,0.4,1.0,0.25,1.0,0.4,1.0,0.25,1.0,0.4,1.0,0.25,1.0,0.4,1.0,0.25,1.0,0.4,1.0,0.25,1.0,0.4,1.0,1.0,0.25,1.0,0.4,1.0,0.25,1.0,0.4,1.0,0.25,1.0,0.4,1.0,1.0,0.25,1.0,0.4,1.0,0.25,1.0,0.4,1.0,0.25,1.0,0.4,1.0,1.0,1.0,1.0,1.0,1.0760356249999994,0.0
nvbench2:dev:84,84,qwen3:14b,staged,77,0.0,rect,1.0,1.0,11,5,6,0.0,0.0,0.0,0.0,0.0,0.0,0.0,0.0,0.0,0.0,0.0,0.0,0.0,0.0,0.0,0.0,0.0,0.0,0.0,0.0,0.0,0.0,0.0,0.0,0.0,0.0,0.0,0.0,0.0,0.0,0.0,0.0,0.0,0.0,0.0,0.0,0.0,0.0,0.0,0.0,0.0,0.0,0.0,0.0,0.0,0.0,0.0,0.0,0.0,0.0,0.0,0.0,0.0,0.0,0.0,0.0,0.0,0.0,0.0,0.0,0.0,0.0,0.0,0.0,0.0,0.0,0.0,0.0,0.0,0.0,0.0,0.0,0.0,0.0,0.0,0.0,0.0,0.0,0.0,0.0,0.0,0.0,0.0,0.0,0.0,0.0,0.0,0.0,0.0,0.0,0.0,0.0,0.0,0.0,0.0,0.0,0.0,0.0,0.0,0.0,0.0,0.0,0.0,0.0,0.0,0.0,0.0,0.0,0.8800000000000001,0.8666666666666668,0.8800000000000001,0.8666666666666668,0.8666666666666668,1.950405958000001,0.0
nvbench2:dev:89,89,qwen3:14b,staged,77,0.0,arc,1.0,1.0,10,7,3,1.0,0.3333333333333333,0.0,0.0,0.0,0.0,0.0,0.0,0.0,0.0,1.0,0.3333333333333333,0.3333333333333333,0.3333333333333333,1.0,0.3333333333333333,0.3333333333333333,0.3333333333333333,1.0,0.3333333333333333,0.3333333333333333,0.3333333333333333,1.0,0.3333333333333333,0.3333333333333333,0.3333333333333333,1.0,0.3333333333333333,0.3333333333333333,0.3333333333333333,1.0,0.3333333333333333,0.3333333333333333,0.3333333333333333,1.0,0.3333333333333333,0.3333333333333333,0.3333333333333333,1.0,0.3333333333333333,0.3333333333333333,0.3333333333333333,1.0,0.3333333333333333,0.3333333333333333,0.3333333333333333,1.0,0.3333333333333333,0.3333333333333333,0.3333333333333333,1.0,0.3333333333333333,0.3333333333333333,0.3333333333333333,1.0,0.3333333333333333,0.3333333333333333,0.3333333333333333,1.0,0.3333333333333333,0.3333333333333333,0.3333333333333333,1.0,0.3333333333333333,0.3333333333333333,0.3333333333333333,1.0,0.3333333333333333,0.3333333333333333,0.3333333333333333,1.0,0.3333333333333333,0.3333333333333333,0.3333333333333333,1.0,0.3333333333333333,0.3333333333333333,0.3333333333333333,1.0,0.3333333333333333,0.3333333333333333,0.3333333333333333,0.3333333333333333,0.0,0.0,0.0,0.0,1.0,0.3333333333333333,0.3333333333333333,0.3333333333333333,1.0,0.3333333333333333,0.3333333333333333,0.3333333333333333,1.0,1.0,0.3333333333333333,1.0,0.5,1.0,0.3333333333333333,0.3333333333333333,0.3333333333333333,1.0,0.3333333333333333,0.3333333333333333,0.3333333333333333,1.0,0.6,1.0,1.0,1.0,1.3826163749999978,1.0
nvbench2:dev:92,92,qwen3:14b,staged,77,0.0,arc,1.0,1.0,4,3,1,0.0,0.0,0.0,0.0,0.0,0.0,0.0,0.0,0.0,0.0,0.0,0.0,0.0,0.0,0.0,0.0,0.0,0.0,0.0,0.0,0.0,0.0,0.0,0.0,0.0,0.0,0.0,0.0,0.0,0.0,0.0,0.0,0.0,0.0,0.0,0.0,0.0,0.0,0.0,0.0,0.0,0.0,0.0,0.0,0.0,0.0,0.0,0.0,0.0,0.0,0.0,0.0,0.0,0.0,0.0,0.0,0.0,0.0,0.0,0.0,0.0,0.0,0.0,0.0,0.0,0.0,0.0,0.0,0.0,0.0,0.0,0.0,0.0,0.0,0.0,0.0,0.0,0.0,0.0,0.0,0.0,0.0,0.0,0.0,0.0,0.0,0.0,0.0,0.0,0.0,0.0,0.0,0.0,0.0,0.0,0.0,0.0,0.0,0.0,0.0,0.0,0.0,0.0,0.0,0.0,0.0,0.0,0.0,0.8,0.8,0.8,0.8,0.8,1.2331555419999987,0.0
nvbench2:dev:97,97,qwen3:14b,staged,77,0.0,line,1.0,1.0,6,3,3,0.0,0.0,0.0,0.0,0.0,0.0,0.0,0.0,0.0,0.0,0.0,0.0,0.0,0.0,0.0,0.0,0.0,0.0,0.0,0.0,0.0,0.0,0.0,0.0,0.0,0.0,0.0,0.0,0.0,0.0,0.0,0.0,0.0,0.0,0.0,0.0,0.0,0.0,0.0,0.0,0.0,0.0,0.0,0.0,0.0,0.0,0.0,0.0,0.0,0.0,0.0,0.0,0.0,0.0,0.0,0.0,0.0,0.0,0.0,0.0,0.0,0.0,0.0,0.0,0.0,0.0,0.0,0.0,0.0,0.0,0.0,0.0,0.0,0.0,0.0,0.0,0.0,0.0,0.0,0.0,0.0,0.0,0.0,0.0,0.0,0.0,0.0,0.0,0.0,0.0,0.0,0.0,0.0,0.0,0.0,0.0,0.0,0.0,0.0,0.0,0.0,0.0,0.0,0.0,0.0,0.0,0.0,0.0,0.6,0.6,0.6,0.6,0.6,1.4768237090000014,0.0
nvbench2:dev:103,103,qwen3:14b,staged,77,0.0,boxplot,1.0,1.0,8,5,3,1.0,0.3333333333333333,0.0,0.0,0.0,0.0,0.0,0.0,0.0,0.0,1.0,0.25,0.3333333333333333,0.28571428571428575,1.0,0.25,0.3333333333333333,0.28571428571428575,1.0,0.25,0.3333333333333333,0.28571428571428575,1.0,0.25,0.3333333333333333,0.28571428571428575,1.0,0.25,0.3333333333333333,0.28571428571428575,1.0,0.25,0.3333333333333333,0.28571428571428575,1.0,0.25,0.3333333333333333,0.28571428571428575,1.0,0.25,0.3333333333333333,0.28571428571428575,1.0,0.25,0.3333333333333333,0.28571428571428575,1.0,0.25,0.3333333333333333,0.28571428571428575,1.0,0.25,0.3333333333333333,0.28571428571428575,1.0,0.25,0.3333333333333333,0.28571428571428575,1.0,0.25,0.3333333333333333,0.28571428571428575,1.0,0.25,0.3333333333333333,0.28571428571428575,1.0,0.25,0.3333333333333333,0.28571428571428575,1.0,0.25,0.3333333333333333,0.28571428571428575,1.0,0.25,0.3333333333333333,0.28571428571428575,1.0,0.25,0.3333333333333333,0.28571428571428575,0.3333333333333333,0.0,0.0,0.0,0.0,1.0,0.25,0.3333333333333333,0.28571428571428575,1.0,0.25,0.3333333333333333,0.28571428571428575,1.0,1.0,0.25,1.0,0.4,1.0,0.25,0.3333333333333333,0.28571428571428575,1.0,0.25,0.3333333333333333,0.28571428571428575,1.0,0.8,1.0,1.0,1.0,1.1893427080000016,1.0
nvbench2:dev:105,105,qwen3:14b,staged,77,0.0,arc,1.0,1.0,4,3,1,0.0,0.0,0.0,0.0,0.0,0.0,0.0,0.0,0.0,0.0,0.0,0.0,0.0,0.0,0.0,0.0,0.0,0.0,0.0,0.0,0.0,0.0,0.0,0.0,0.0,0.0,0.0,0.0,0.0,0.0,0.0,0.0,0.0,0.0,0.0,0.0,0.0,0.0,0.0,0.0,0.0,0.0,0.0,0.0,0.0,0.0,0.0,0.0,0.0,0.0,0.0,0.0,0.0,0.0,0.0,0.0,0.0,0.0,0.0,0.0,0.0,0.0,0.0,0.0,0.0,0.0,0.0,0.0,0.0,0.0,0.0,0.0,0.0,0.0,0.0,0.0,0.0,0.0,0.0,0.0,0.0,0.0,0.0,0.0,0.0,0.0,0.0,0.0,0.0,0.0,0.0,0.0,0.0,0.0,0.0,0.0,0.0,0.0,0.0,0.0,0.0,0.0,0.0,0.0,0.0,0.0,0.0,0.0,0.7,0.7,0.7,0.7,0.7,0.8370372080000017,0.0
nvbench2:dev:108,108,qwen3:14b,staged,77,0.0,boxplot,0.0,0.0,5,5,0,0.0,0.0,0.0,0.0,0.0,0.0,0.0,0.0,0.0,0.0,0.0,0.0,0.0,0.0,0.0,0.0,0.0,0.0,0.0,0.0,0.0,0.0,0.0,0.0,0.0,0.0,0.0,0.0,0.0,0.0,0.0,0.0,0.0,0.0,0.0,0.0,0.0,0.0,0.0,0.0,0.0,0.0,0.0,0.0,0.0,0.0,0.0,0.0,0.0,0.0,0.0,0.0,0.0,0.0,0.0,0.0,0.0,0.0,0.0,0.0,0.0,0.0,0.0,0.0,0.0,0.0,0.0,0.0,0.0,0.0,0.0,0.0,0.0,0.0,0.0,0.0,0.0,0.0,0.0,0.0,0.0,0.0,0.0,0.0,0.0,0.0,0.0,0.0,0.0,0.0,0.0,0.0,0.0,0.0,0.0,0.0,0.0,0.0,0.0,0.0,0.0,0.0,0.0,0.0,0.0,0.0,0.0,0.0,0.0,0.0,0.0,0.0,0.0,0.0,0.0
nvbench2:dev:112,112,qwen3:14b,staged,77,0.0,boxplot,1.0,1.0,4,2,2,0.0,0.0,0.0,0.0,0.0,0.0,0.0,0.0,0.0,0.0,0.0,0.0,0.0,0.0,0.0,0.0,0.0,0.0,0.0,0.0,0.0,0.0,0.0,0.0,0.0,0.0,0.0,0.0,0.0,0.0,0.0,0.0,0.0,0.0,0.0,0.0,0.0,0.0,0.0,0.0,0.0,0.0,0.0,0.0,0.0,0.0,0.0,0.0,0.0,0.0,0.0,0.0,0.0,0.0,0.0,0.0,0.0,0.0,0.0,0.0,0.0,0.0,0.0,0.0,0.0,0.0,0.0,0.0,0.0,0.0,0.0,0.0,0.0,0.0,0.0,0.0,0.0,0.0,0.0,0.0,0.0,0.0,0.0,0.0,0.0,0.0,0.0,0.0,0.0,0.0,0.0,0.0,0.0,0.0,0.0,0.0,0.0,0.0,0.0,0.0,0.0,0.0,0.0,0.0,0.0,0.0,0.0,0.0,0.8,0.8,0.8,0.7,0.8,1.354326375000003,0.0
nvbench2:dev:114,114,qwen3:14b,staged,77,0.0,line,1.0,1.0,6,2,4,0.0,0.0,0.0,0.0,0.0,0.0,0.0,0.0,0.0,0.0,0.0,0.0,0.0,0.0,0.0,0.0,0.0,0.0,0.0,0.0,0.0,0.0,0.0,0.0,0.0,0.0,0.0,0.0,0.0,0.0,0.0,0.0,0.0,0.0,0.0,0.0,0.0,0.0,0.0,0.0,0.0,0.0,0.0,0.0,0.0,0.0,0.0,0.0,0.0,0.0,0.0,0.0,0.0,0.0,0.0,0.0,0.0,0.0,0.0,0.0,0.0,0.0,0.0,0.0,0.0,0.0,0.0,0.0,0.0,0.0,0.0,0.0,0.0,0.0,0.0,0.0,0.0,0.0,0.0,0.0,0.0,0.0,0.0,0.0,0.0,0.0,0.0,0.0,0.0,0.0,0.0,0.0,0.0,0.0,0.0,0.0,0.0,0.0,0.0,0.0,0.0,0.0,0.0,0.0,0.0,0.0,0.0,0.0,0.5733333333333334,0.37333333333333335,0.5733333333333334,0.44000000000000006,0.5733333333333334,2.0857927919999995,0.0
nvbench2:dev:116,116,qwen3:14b,staged,77,0.0,arc,1.0,1.0,4,2,2,1.0,1.0,1.0,0.3333333333333333,1.0,0.5,1.0,0.3333333333333333,0.5,0.4,1.0,0.3333333333333333,0.5,0.4,1.0,0.3333333333333333,0.5,0.4,1.0,0.3333333333333333,0.5,0.4,1.0,0.3333333333333333,0.5,0.4,1.0,0.3333333333333333,0.5,0.4,1.0,0.3333333333333333,0.5,0.4,1.0,0.3333333333333333,0.5,0.4,1.0,0.3333333333333333,0.5,0.4,1.0,0.3333333333333333,0.5,0.4,1.0,0.3333333333333333,0.5,0.4,1.0,0.3333333333333333,0.5,0.4,1.0,0.3333333333333333,0.5,0.4,1.0,0.3333333333333333,0.5,0.4,1.0,0.3333333333333333,0.5,0.4,1.0,0.3333333333333333,0.5,0.4,1.0,0.3333333333333333,0.5,0.4,1.0,0.3333333333333333,0.5,0.4,1.0,0.3333333333333333,0.5,0.4,1.0,1.0,0.3333333333333333,1.0,0.5,1.0,0.3333333333333333,0.5,0.4,1.0,0.3333333333333333,0.5,0.4,1.0,1.0,0.3333333333333333,1.0,0.5,1.0,0.3333333333333333,0.5,0.4,1.0,0.3333333333333333,0.5,0.4,1.0,1.0,1.0,1.0,1.0,1.2789822499999985,0.0
nvbench2:dev:118,118,qwen3:14b,staged,77,0.0,rect,1.0,1.0,5,3,2,0.0,0.0,0.0,0.0,0.0,0.0,0.0,0.0,0.0,0.0,0.0,0.0,0.0,0.0,0.0,0.0,0.0,0.0,0.0,0.0,0.0,0.0,0.0,0.0,0.0,0.0,0.0,0.0,0.0,0.0,0.0,0.0,0.0,0.0,0.0,0.0,0.0,0.0,0.0,0.0,0.0,0.0,0.0,0.0,0.0,0.0,0.0,0.0,0.0,0.0,0.0,0.0,0.0,0.0,0.0,0.0,0.0,0.0,0.0,0.0,0.0,0.0,0.0,0.0,0.0,0.0,0.0,0.0,0.0,0.0,0.0,0.0,0.0,0.0,0.0,0.0,0.0,0.0,0.0,0.0,0.0,0.0,0.0,0.0,0.0,0.0,0.0,0.0,0.0,0.0,0.0,0.0,0.0,0.0,0.0,0.0,0.0,0.0,0.0,0.0,0.0,0.0,0.0,0.0,0.0,0.0,0.0,0.0,0.9333333333333332,0.9333333333333332,0.9333333333333332,0.9333333333333332,0.9333333333333332,1.1557460840000005,0.0
nvbench2:dev:127,127,qwen3:14b,staged,77,0.0,arc,1.0,1.0,11,7,4,1.0,1.0,1.0,0.5,1.0,0.6666666666666666,1.0,0.5,0.5,0.5,1.0,0.5,0.3333333333333333,0.4,1.0,1.0,0.5,0.6666666666666666,1.0,1.0,0.5,0.6666666666666666,1.0,1.0,0.5,0.6666666666666666,1.0,1.0,0.5,0.6666666666666666,1.0,1.0,0.5,0.6666666666666666,1.0,1.0,0.5,0.6666666666666666,1.0,1.0,0.5,0.6666666666666666,1.0,1.0,0.5,0.6666666666666666,1.0,1.0,0.5,0.6666666666666666,1.0,1.0,0.5,0.6666666666666666,1.0,1.0,0.5,0.6666666666666666,1.0,1.0,0.5,0.6666666666666666,1.0,1.0,0.5,0.6666666666666666,1.0,1.0,0.5,0.6666666666666666,1.0,1.0,0.5,0.6666666666666666,1.0,1.0,0.5,0.6666666666666666,1.0,1.0,0.5,0.6666666666666666,1.0,1.0,0.5,1.0,0.6666666666666666,1.0,0.5,0.3333333333333333,0.4,1.0,1.0,0.5,0.6666666666666666,1.0,1.0,0.5,1.0,0.6666666666666666,1.0,0.5,0.3333333333333333,0.4,1.0,1.0,0.5,0.6666666666666666,1.0,1.0,1.0,1.0,1.0,1.5853793330000059,0.0
nvbench2:dev:136,136,qwen3:14b,staged,77,0.0,boxplot,1.0,1.0,4,3,1,1.0,1.0,1.0,0.5,1.0,0.6666666666666666,1.0,0.5,1.0,0.6666666666666666,1.0,0.5,1.0,0.6666666666666666,1.0,0.5,1.0,0.6666666666666666,1.0,0.5,1.0,0.6666666666666666,1.0,0.5,1.0,0.6666666666666666,1.0,0.5,1.0,0.6666666666666666,1.0,0.5,1.0,0.6666666666666666,1.0,0.5,1.0,0.6666666666666666,1.0,0.5,1.0,0.6666666666666666,1.0,0.5,1.0,0.6666666666666666,1.0,0.5,1.0,0.6666666666666666,1.0,0.5,1.0,0.6666666666666666,1.0,0.5,1.0,0.6666666666666666,1.0,0.5,1.0,0.6666666666666666,1.0,0.5,1.0,0.6666666666666666,1.0,0.5,1.0,0.6666666666666666,1.0,0.5,1.0,0.6666666666666666,1.0,0.5,1.0,0.6666666666666666,1.0,0.5,1.0,0.6666666666666666,1.0,1.0,0.5,1.0,0.6666666666666666,1.0,0.5,1.0,0.6666666666666666,1.0,0.5,1.0,0.6666666666666666,1.0,1.0,0.5,1.0,0.6666666666666666,1.0,0.5,1.0,0.6666666666666666,1.0,0.5,1.0,0.6666666666666666,1.0,1.0,1.0,1.0,1.0,0.8461574999999968,0.0
nvbench2:dev:138,138,qwen3:14b,staged,77,0.0,bar,1.0,1.0,4,2,2,0.0,0.0,0.0,0.0,0.0,0.0,0.0,0.0,0.0,0.0,0.0,0.0,0.0,0.0,0.0,0.0,0.0,0.0,0.0,0.0,0.0,0.0,0.0,0.0,0.0,0.0,0.0,0.0,0.0,0.0,0.0,0.0,0.0,0.0,0.0,0.0,0.0,0.0,0.0,0.0,0.0,0.0,0.0,0.0,0.0,0.0,0.0,0.0,0.0,0.0,0.0,0.0,0.0,0.0,0.0,0.0,0.0,0.0,0.0,0.0,0.0,0.0,0.0,0.0,0.0,0.0,0.0,0.0,0.0,0.0,0.0,0.0,0.0,0.0,0.0,0.0,0.0,0.0,0.0,0.0,0.0,0.0,0.0,0.0,0.0,0.0,0.0,0.0,0.0,0.0,0.0,0.0,0.0,0.0,0.0,0.0,0.0,0.0,0.0,0.0,0.0,0.0,0.0,0.0,0.0,0.0,0.0,0.0,0.8,0.8,0.8,0.8,0.8,1.0145589589999986,0.0
nvbench2:dev:139,139,qwen3:14b,staged,77,0.0,line,1.0,1.0,3,2,1,0.0,0.0,0.0,0.0,0.0,0.0,0.0,0.0,0.0,0.0,0.0,0.0,0.0,0.0,0.0,0.0,0.0,0.0,0.0,0.0,0.0,0.0,0.0,0.0,0.0,0.0,0.0,0.0,0.0,0.0,0.0,0.0,0.0,0.0,0.0,0.0,0.0,0.0,0.0,0.0,0.0,0.0,0.0,0.0,0.0,0.0,0.0,0.0,0.0,0.0,0.0,0.0,0.0,0.0,0.0,0.0,0.0,0.0,0.0,0.0,0.0,0.0,0.0,0.0,0.0,0.0,0.0,0.0,0.0,0.0,0.0,0.0,0.0,0.0,0.0,0.0,0.0,0.0,0.0,0.0,0.0,0.0,0.0,0.0,0.0,0.0,0.0,0.0,0.0,0.0,0.0,0.0,0.0,0.0,0.0,0.0,0.0,0.0,0.0,0.0,0.0,0.0,0.0,0.0,0.0,0.0,0.0,0.0,0.7,0.7,0.7,0.7,0.7,0.7423085409999999,0.0
nvbench2:dev:143,143,qwen3:14b,staged,77,0.0,rect,1.0,1.0,6,3,3,1.0,1.0,1.0,0.3333333333333333,1.0,0.5,1.0,0.3333333333333333,0.5,0.4,1.0,0.3333333333333333,0.3333333333333333,0.3333333333333333,1.0,0.3333333333333333,0.3333333333333333,0.3333333333333333,1.0,0.3333333333333333,0.3333333333333333,0.3333333333333333,1.0,0.3333333333333333,0.3333333333333333,0.3333333333333333,1.0,0.3333333333333333,0.3333333333333333,0.3333333333333333,1.0,0.3333333333333333,0.3333333333333333,0.3333333333333333,1.0,0.3333333333333333,0.3333333333333333,0.3333333333333333,1.0,0.3333333333333333,0.3333333333333333,0.3333333333333333,1.0,0.3333333333333333,0.3333333333333333,0.3333333333333333,1.0,0.3333333333333333,0.3333333333333333,0.3333333333333333,1.0,0.3333333333333333,0.3333333333333333,0.3333333333333333,1.0,0.3333333333333333,0.3333333333333333,0.3333333333333333,1.0,0.3333333333333333,0.3333333333333333,0.3333333333333333,1.0,0.3333333333333333,0.3333333333333333,0.3333333333333333,1.0,0.3333333333333333,0.3333333333333333,0.3333333333333333,1.0,0.3333333333333333,0.3333333333333333,0.3333333333333333,1.0,0.3333333333333333,0.3333333333333333,0.3333333333333333,1.0,0.3333333333333333,0.3333333333333333,0.3333333333333333,1.0,1.0,0.3333333333333333,1.0,0.5,1.0,0.3333333333333333,0.3333333333333333,0.3333333333333333,1.0,0.3333333333333333,0.3333333333333333,0.3333333333333333,1.0,1.0,0.3333333333333333,1.0,0.5,1.0,0.3333333333333333,0.3333333333333333,0.3333333333333333,1.0,0.3333333333333333,0.3333333333333333,0.3333333333333333,1.0,1.0,1.0,1.0,1.0,1.2224553329999992,0.0
nvbench2:dev:144,144,qwen3:14b,staged,77,0.0,bar,1.0,1.0,3,2,1,0.0,0.0,0.0,0.0,0.0,0.0,0.0,0.0,0.0,0.0,0.0,0.0,0.0,0.0,0.0,0.0,0.0,0.0,0.0,0.0,0.0,0.0,0.0,0.0,0.0,0.0,0.0,0.0,0.0,0.0,0.0,0.0,0.0,0.0,0.0,0.0,0.0,0.0,0.0,0.0,0.0,0.0,0.0,0.0,0.0,0.0,0.0,0.0,0.0,0.0,0.0,0.0,0.0,0.0,0.0,0.0,0.0,0.0,0.0,0.0,0.0,0.0,0.0,0.0,0.0,0.0,0.0,0.0,0.0,0.0,0.0,0.0,0.0,0.0,0.0,0.0,0.0,0.0,0.0,0.0,0.0,0.0,0.0,0.0,0.0,0.0,0.0,0.0,0.0,0.0,0.0,0.0,0.0,0.0,0.0,0.0,0.0,0.0,0.0,0.0,0.0,0.0,0.0,0.0,0.0,0.0,0.0,0.0,0.9199999999999999,0.9199999999999999,0.9199999999999999,0.9199999999999999,0.9199999999999999,0.8438095409999988,0.0
nvbench2:dev:149,149,qwen3:14b,staged,77,0.0,point,1.0,1.0,10,5,5,0.0,0.0,0.0,0.0,0.0,0.0,0.0,0.0,0.0,0.0,0.0,0.0,0.0,0.0,0.0,0.0,0.0,0.0,0.0,0.0,0.0,0.0,0.0,0.0,0.0,0.0,0.0,0.0,0.0,0.0,0.0,0.0,0.0,0.0,0.0,0.0,0.0,0.0,0.0,0.0,0.0,0.0,0.0,0.0,0.0,0.0,0.0,0.0,0.0,0.0,0.0,0.0,0.0,0.0,0.0,0.0,0.0,0.0,0.0,0.0,0.0,0.0,0.0,0.0,0.0,0.0,0.0,0.0,0.0,0.0,0.0,0.0,0.0,0.0,0.0,0.0,0.0,0.0,0.0,0.0,0.0,0.0,0.0,0.0,0.0,0.0,0.0,0.0,0.0,0.0,0.0,0.0,0.0,0.0,0.0,0.0,0.0,0.0,0.0,0.0,0.0,0.0,0.0,0.0,0.0,0.0,0.0,0.0,0.76,0.7333333333333333,0.76,0.76,0.76,1.7936070419999979,0.0
nvbench2:dev:157,157,qwen3:14b,staged,77,0.0,point,1.0,1.0,3,1,2,0.0,0.0,0.0,0.0,0.0,0.0,0.0,0.0,0.0,0.0,0.0,0.0,0.0,0.0,0.0,0.0,0.0,0.0,0.0,0.0,0.0,0.0,0.0,0.0,0.0,0.0,0.0,0.0,0.0,0.0,0.0,0.0,0.0,0.0,0.0,0.0,0.0,0.0,0.0,0.0,0.0,0.0,0.0,0.0,0.0,0.0,0.0,0.0,0.0,0.0,0.0,0.0,0.0,0.0,0.0,0.0,0.0,0.0,0.0,0.0,0.0,0.0,0.0,0.0,0.0,0.0,0.0,0.0,0.0,0.0,0.0,0.0,0.0,0.0,0.0,0.0,0.0,0.0,0.0,0.0,0.0,0.0,0.0,0.0,0.0,0.0,0.0,0.0,0.0,0.0,0.0,0.0,0.0,0.0,0.0,0.0,0.0,0.0,0.0,0.0,0.0,0.0,0.0,0.0,0.0,0.0,0.0,0.0,0.37142857142857144,0.36,0.37142857142857144,0.36,0.37142857142857144,1.2149819159999993,0.0
nvbench2:dev:158,158,qwen3:14b,staged,77,0.0,point,1.0,1.0,4,2,2,0.0,0.0,0.0,0.0,0.0,0.0,0.0,0.0,0.0,0.0,0.0,0.0,0.0,0.0,0.0,0.0,0.0,0.0,0.0,0.0,0.0,0.0,0.0,0.0,0.0,0.0,0.0,0.0,0.0,0.0,0.0,0.0,0.0,0.0,0.0,0.0,0.0,0.0,0.0,0.0,0.0,0.0,0.0,0.0,0.0,0.0,0.0,0.0,0.0,0.0,0.0,0.0,0.0,0.0,0.0,0.0,0.0,0.0,0.0,0.0,0.0,0.0,0.0,0.0,0.0,0.0,0.0,0.0,0.0,0.0,0.0,0.0,0.0,0.0,0.0,0.0,0.0,0.0,0.0,0.0,0.0,0.0,0.0,0.0,0.0,0.0,0.0,0.0,0.0,0.0,0.0,0.0,0.0,0.0,0.0,0.0,0.0,0.0,0.0,0.0,0.0,0.0,0.0,0.0,0.0,0.0,0.0,0.0,0.44000000000000006,0.44000000000000006,0.44000000000000006,0.44000000000000006,0.44000000000000006,1.428650917000006,0.0
nvbench2:dev:165,165,qwen3:14b,staged,77,0.0,line,1.0,1.0,4,1,3,0.0,0.0,0.0,0.0,0.0,0.0,0.0,0.0,0.0,0.0,0.0,0.0,0.0,0.0,0.0,0.0,0.0,0.0,0.0,0.0,0.0,0.0,0.0,0.0,0.0,0.0,0.0,0.0,0.0,0.0,0.0,0.0,0.0,0.0,0.0,0.0,0.0,0.0,0.0,0.0,0.0,0.0,0.0,0.0,0.0,0.0,0.0,0.0,0.0,0.0,0.0,0.0,0.0,0.0,0.0,0.0,0.0,0.0,0.0,0.0,0.0,0.0,0.0,0.0,0.0,0.0,0.0,0.0,0.0,0.0,0.0,0.0,0.0,0.0,0.0,0.0,0.0,0.0,0.0,0.0,0.0,0.0,0.0,0.0,0.0,0.0,0.0,0.0,0.0,0.0,0.0,0.0,0.0,0.0,0.0,0.0,0.0,0.0,0.0,0.0,0.0,0.0,0.0,0.0,0.0,0.0,0.0,0.0,0.8,0.8,0.8,0.8,0.8,1.8272992919999993,0.0
nvbench2:dev:167,167,qwen3:14b,staged,77,0.0,bar,1.0,1.0,4,2,2,0.0,0.0,0.0,0.0,0.0,0.0,0.0,0.0,0.0,0.0,0.0,0.0,0.0,0.0,0.0,0.0,0.0,0.0,0.0,0.0,0.0,0.0,0.0,0.0,0.0,0.0,0.0,0.0,0.0,0.0,0.0,0.0,0.0,0.0,0.0,0.0,0.0,0.0,0.0,0.0,0.0,0.0,0.0,0.0,0.0,0.0,0.0,0.0,0.0,0.0,0.0,0.0,0.0,0.0,0.0,0.0,0.0,0.0,0.0,0.0,0.0,0.0,0.0,0.0,0.0,0.0,0.0,0.0,0.0,0.0,0.0,0.0,0.0,0.0,0.0,0.0,0.0,0.0,0.0,0.0,0.0,0.0,0.0,0.0,0.0,0.0,0.0,0.0,0.0,0.0,0.0,0.0,0.0,0.0,0.0,0.0,0.0,0.0,0.0,0.0,0.0,0.0,0.0,0.0,0.0,0.0,0.0,0.0,1.0,1.0,1.0,1.0,1.0,1.0610592499999996,0.0
nvbench2:dev:176,176,qwen3:14b,staged,77,0.0,line,1.0,1.0,4,2,2,1.0,0.5,0.0,0.0,0.0,0.0,1.0,0.2,0.5,0.28571428571428575,1.0,0.2,0.5,0.28571428571428575,1.0,0.2,0.5,0.28571428571428575,1.0,0.2,0.5,0.28571428571428575,1.0,0.2,0.5,0.28571428571428575,1.0,0.2,0.5,0.28571428571428575,1.0,0.2,0.5,0.28571428571428575,1.0,0.2,0.5,0.28571428571428575,1.0,0.2,0.5,0.28571428571428575,1.0,0.2,0.5,0.28571428571428575,1.0,0.2,0.5,0.28571428571428575,1.0,0.2,0.5,0.28571428571428575,1.0,0.2,0.5,0.28571428571428575,1.0,0.2,0.5,0.28571428571428575,1.0,0.2,0.5,0.28571428571428575,1.0,0.2,0.5,0.28571428571428575,1.0,0.2,0.5,0.28571428571428575,1.0,0.2,0.5,0.28571428571428575,1.0,0.2,0.5,0.28571428571428575,0.5,0.0,0.0,0.0,0.0,1.0,0.2,0.5,0.28571428571428575,1.0,0.2,0.5,0.28571428571428575,1.0,1.0,0.2,1.0,0.33333333333333337,1.0,0.2,0.5,0.28571428571428575,1.0,0.2,0.5,0.28571428571428575,1.0,0.6,1.0,1.0,1.0,0.9465135830000051,1.0
nvbench2:dev:182,182,qwen3:14b,staged,77,0.0,rect,0.0,0.0,5,5,0,0.0,0.0,0.0,0.0,0.0,0.0,0.0,0.0,0.0,0.0,0.0,0.0,0.0,0.0,0.0,0.0,0.0,0.0,0.0,0.0,0.0,0.0,0.0,0.0,0.0,0.0,0.0,0.0,0.0,0.0,0.0,0.0,0.0,0.0,0.0,0.0,0.0,0.0,0.0,0.0,0.0,0.0,0.0,0.0,0.0,0.0,0.0,0.0,0.0,0.0,0.0,0.0,0.0,0.0,0.0,0.0,0.0,0.0,0.0,0.0,0.0,0.0,0.0,0.0,0.0,0.0,0.0,0.0,0.0,0.0,0.0,0.0,0.0,0.0,0.0,0.0,0.0,0.0,0.0,0.0,0.0,0.0,0.0,0.0,0.0,0.0,0.0,0.0,0.0,0.0,0.0,0.0,0.0,0.0,0.0,0.0,0.0,0.0,0.0,0.0,0.0,0.0,0.0,0.0,0.0,0.0,0.0,0.0,0.0,0.0,0.0,0.0,0.0,0.0,0.0
nvbench2:dev:188,188,qwen3:14b,staged,77,0.0,rect,1.0,1.0,4,2,2,1.0,1.0,1.0,0.3333333333333333,1.0,0.5,1.0,0.3333333333333333,0.5,0.4,1.0,0.3333333333333333,0.5,0.4,1.0,0.3333333333333333,0.5,0.4,1.0,0.3333333333333333,0.5,0.4,1.0,0.3333333333333333,0.5,0.4,1.0,0.3333333333333333,0.5,0.4,1.0,0.3333333333333333,0.5,0.4,1.0,0.3333333333333333,0.5,0.4,1.0,0.3333333333333333,0.5,0.4,1.0,0.3333333333333333,0.5,0.4,1.0,0.3333333333333333,0.5,0.4,1.0,0.3333333333333333,0.5,0.4,1.0,0.3333333333333333,0.5,0.4,1.0,0.3333333333333333,0.5,0.4,1.0,0.3333333333333333,0.5,0.4,1.0,0.3333333333333333,0.5,0.4,1.0,0.3333333333333333,0.5,0.4,1.0,0.3333333333333333,0.5,0.4,1.0,0.3333333333333333,0.5,0.4,1.0,1.0,0.3333333333333333,1.0,0.5,1.0,0.3333333333333333,0.5,0.4,1.0,0.3333333333333333,0.5,0.4,1.0,1.0,0.3333333333333333,1.0,0.5,1.0,0.3333333333333333,0.5,0.4,1.0,0.3333333333333333,0.5,0.4,1.0,1.0,1.0,1.0,1.0,0.9925702909999998,0.0
nvbench2:dev:191,191,qwen3:14b,staged,77,0.0,rect,1.0,1.0,8,5,3,0.0,0.0,0.0,0.0,0.0,0.0,0.0,0.0,0.0,0.0,0.0,0.0,0.0,0.0,0.0,0.0,0.0,0.0,0.0,0.0,0.0,0.0,0.0,0.0,0.0,0.0,0.0,0.0,0.0,0.0,0.0,0.0,0.0,0.0,0.0,0.0,0.0,0.0,0.0,0.0,0.0,0.0,0.0,0.0,0.0,0.0,0.0,0.0,0.0,0.0,0.0,0.0,0.0,0.0,0.0,0.0,0.0,0.0,0.0,0.0,0.0,0.0,0.0,0.0,0.0,0.0,0.0,0.0,0.0,0.0,0.0,0.0,0.0,0.0,0.0,0.0,0.0,0.0,0.0,0.0,0.0,0.0,0.0,0.0,0.0,0.0,0.0,0.0,0.0,0.0,0.0,0.0,0.0,0.0,0.0,0.0,0.0,0.0,0.0,0.0,0.0,0.0,0.0,0.0,0.0,0.0,0.0,0.0,0.96,0.96,0.96,0.96,0.96,1.263665582999998,0.0
nvbench2:dev:203,203,qwen3:14b,staged,77,0.0,bar+line,1.0,1.0,10,6,4,0.0,0.0,0.0,0.0,0.0,0.0,0.0,0.0,0.0,0.0,0.0,0.0,0.0,0.0,0.0,0.0,0.0,0.0,0.0,0.0,0.0,0.0,0.0,0.0,0.0,0.0,0.0,0.0,0.0,0.0,0.0,0.0,0.0,0.0,0.0,0.0,0.0,0.0,0.0,0.0,0.0,0.0,0.0,0.0,0.0,0.0,0.0,0.0,0.0,0.0,0.0,0.0,0.0,0.0,0.0,0.0,0.0,0.0,0.0,0.0,0.0,0.0,0.0,0.0,0.0,0.0,0.0,0.0,0.0,0.0,0.0,0.0,0.0,0.0,0.0,0.0,0.0,0.0,0.0,0.0,0.0,0.0,0.0,0.0,0.0,0.0,0.0,0.0,0.0,0.0,0.0,0.0,0.0,0.0,0.0,0.0,0.0,0.0,0.0,0.0,0.0,0.0,0.0,0.0,0.0,0.0,0.0,0.0,0.72,0.72,0.72,0.72,0.72,1.826843457999999,0.0
nvbench2:dev:214,214,qwen3:14b,staged,77,0.0,rect,1.0,1.0,7,1,6,1.0,1.0,1.0,0.2,1.0,0.33333333333333337,1.0,0.2,0.5,0.28571428571428575,1.0,0.2,0.3333333333333333,0.25,1.0,0.2,0.25,0.22222222222222224,1.0,0.2,0.2,0.20000000000000004,1.0,0.2,0.16666666666666666,0.1818181818181818,1.0,0.2,0.16666666666666666,0.1818181818181818,1.0,0.2,0.16666666666666666,0.1818181818181818,1.0,0.2,0.16666666666666666,0.1818181818181818,1.0,0.2,0.16666666666666666,0.1818181818181818,1.0,0.2,0.16666666666666666,0.1818181818181818,1.0,0.2,0.16666666666666666,0.1818181818181818,1.0,0.2,0.16666666666666666,0.1818181818181818,1.0,0.2,0.16666666666666666,0.1818181818181818,1.0,0.2,0.16666666666666666,0.1818181818181818,1.0,0.2,0.16666666666666666,0.1818181818181818,1.0,0.2,0.16666666666666666,0.1818181818181818,1.0,0.2,0.16666666666666666,0.1818181818181818,1.0,0.2,0.16666666666666666,0.1818181818181818,1.0,0.2,0.16666666666666666,0.1818181818181818,1.0,1.0,0.2,1.0,0.33333333333333337,1.0,0.2,0.3333333333333333,0.25,1.0,0.2,0.2,0.20000000000000004,0.25,0.0,0.0,0.0,0.0,0.0,0.0,0.0,0.0,1.0,0.2,0.2,0.20000000000000004,1.0,1.0,1.0,0.6666666666666667,1.0,1.8508909159999973,-1.0
nvbench2:dev:223,223,qwen3:14b,staged,77,0.0,boxplot,1.0,1.0,8,6,2,0.0,0.0,0.0,0.0,0.0,0.0,0.0,0.0,0.0,0.0,0.0,0.0,0.0,0.0,0.0,0.0,0.0,0.0,0.0,0.0,0.0,0.0,0.0,0.0,0.0,0.0,0.0,0.0,0.0,0.0,0.0,0.0,0.0,0.0,0.0,0.0,0.0,0.0,0.0,0.0,0.0,0.0,0.0,0.0,0.0,0.0,0.0,0.0,0.0,0.0,0.0,0.0,0.0,0.0,0.0,0.0,0.0,0.0,0.0,0.0,0.0,0.0,0.0,0.0,0.0,0.0,0.0,0.0,0.0,0.0,0.0,0.0,0.0,0.0,0.0,0.0,0.0,0.0,0.0,0.0,0.0,0.0,0.0,0.0,0.0,0.0,0.0,0.0,0.0,0.0,0.0,0.0,0.0,0.0,0.0,0.0,0.0,0.0,0.0,0.0,0.0,0.0,0.0,0.0,0.0,0.0,0.0,0.0,0.7,0.7,0.7,0.7,0.7,1.2335228750000056,0.0
nvbench2:dev:228,228,qwen3:14b,staged,77,0.0,rect,1.0,1.0,11,7,4,0.0,0.0,0.0,0.0,0.0,0.0,0.0,0.0,0.0,0.0,0.0,0.0,0.0,0.0,0.0,0.0,0.0,0.0,0.0,0.0,0.0,0.0,0.0,0.0,0.0,0.0,0.0,0.0,0.0,0.0,0.0,0.0,0.0,0.0,0.0,0.0,0.0,0.0,0.0,0.0,0.0,0.0,0.0,0.0,0.0,0.0,0.0,0.0,0.0,0.0,0.0,0.0,0.0,0.0,0.0,0.0,0.0,0.0,0.0,0.0,0.0,0.0,0.0,0.0,0.0,0.0,0.0,0.0,0.0,0.0,0.0,0.0,0.0,0.0,0.0,0.0,0.0,0.0,0.0,0.0,0.0,0.0,0.0,0.0,0.0,0.0,0.0,0.0,0.0,0.0,0.0,0.0,0.0,0.0,0.0,0.0,0.0,0.0,0.0,0.0,0.0,0.0,0.0,0.0,0.0,0.0,0.0,0.0,0.6666666666666667,0.44000000000000006,0.6666666666666667,0.44000000000000006,0.6666666666666667,1.9546702909999993,0.0
nvbench2:dev:232,232,qwen3:14b,staged,77,0.0,arc,1.0,1.0,8,5,3,1.0,1.0,1.0,0.5,1.0,0.6666666666666666,1.0,1.0,1.0,1.0,1.0,1.0,0.6666666666666666,0.8,1.0,1.0,0.6666666666666666,0.8,1.0,1.0,0.6666666666666666,0.8,1.0,1.0,0.6666666666666666,0.8,1.0,1.0,0.6666666666666666,0.8,1.0,1.0,0.6666666666666666,0.8,1.0,1.0,0.6666666666666666,0.8,1.0,1.0,0.6666666666666666,0.8,1.0,1.0,0.6666666666666666,0.8,1.0,1.0,0.6666666666666666,0.8,1.0,1.0,0.6666666666666666,0.8,1.0,1.0,0.6666666666666666,0.8,1.0,1.0,0.6666666666666666,0.8,1.0,1.0,0.6666666666666666,0.8,1.0,1.0,0.6666666666666666,0.8,1.0,1.0,0.6666666666666666,0.8,1.0,1.0,0.6666666666666666,0.8,1.0,1.0,0.6666666666666666,0.8,1.0,1.0,0.5,1.0,0.6666666666666666,1.0,1.0,0.6666666666666666,0.8,1.0,1.0,0.6666666666666666,0.8,1.0,1.0,0.5,1.0,0.6666666666666666,1.0,1.0,0.6666666666666666,0.8,1.0,1.0,0.6666666666666666,0.8,1.0,1.0,1.0,1.0,1.0,1.337160874999995,0.0
nvbench2:dev:245,245,qwen3:14b,staged,77,0.0,line,1.0,1.0,4,2,2,0.0,0.0,0.0,0.0,0.0,0.0,0.0,0.0,0.0,0.0,0.0,0.0,0.0,0.0,0.0,0.0,0.0,0.0,0.0,0.0,0.0,0.0,0.0,0.0,0.0,0.0,0.0,0.0,0.0,0.0,0.0,0.0,0.0,0.0,0.0,0.0,0.0,0.0,0.0,0.0,0.0,0.0,0.0,0.0,0.0,0.0,0.0,0.0,0.0,0.0,0.0,0.0,0.0,0.0,0.0,0.0,0.0,0.0,0.0,0.0,0.0,0.0,0.0,0.0,0.0,0.0,0.0,0.0,0.0,0.0,0.0,0.0,0.0,0.0,0.0,0.0,0.0,0.0,0.0,0.0,0.0,0.0,0.0,0.0,0.0,0.0,0.0,0.0,0.0,0.0,0.0,0.0,0.0,0.0,0.0,0.0,0.0,0.0,0.0,0.0,0.0,0.0,0.0,0.0,0.0,0.0,0.0,0.0,0.7333333333333333,0.7,0.7333333333333333,0.7,0.7333333333333333,1.7827030409999978,0.0
nvbench2:dev:252,252,qwen3:14b,staged,77,0.0,rect,1.0,1.0,5,2,3,0.0,0.0,0.0,0.0,0.0,0.0,0.0,0.0,0.0,0.0,0.0,0.0,0.0,0.0,0.0,0.0,0.0,0.0,0.0,0.0,0.0,0.0,0.0,0.0,0.0,0.0,0.0,0.0,0.0,0.0,0.0,0.0,0.0,0.0,0.0,0.0,0.0,0.0,0.0,0.0,0.0,0.0,0.0,0.0,0.0,0.0,0.0,0.0,0.0,0.0,0.0,0.0,0.0,0.0,0.0,0.0,0.0,0.0,0.0,0.0,0.0,0.0,0.0,0.0,0.0,0.0,0.0,0.0,0.0,0.0,0.0,0.0,0.0,0.0,0.0,0.0,0.0,0.0,0.0,0.0,0.0,0.0,0.0,0.0,0.0,0.0,0.0,0.0,0.0,0.0,0.0,0.0,0.0,0.0,0.0,0.0,0.0,0.0,0.0,0.0,0.0,0.0,0.0,0.0,0.0,0.0,0.0,0.0,0.6666666666666667,0.6666666666666667,0.6666666666666667,0.6666666666666667,0.6666666666666667,1.320895374999992,0.0
nvbench2:dev:253,253,qwen3:14b,staged,77,0.0,arc+bar+line,1.0,1.0,7,2,5,1.0,0.2,0.0,0.0,0.0,0.0,0.0,0.0,0.0,0.0,0.0,0.0,0.0,0.0,0.0,0.0,0.0,0.0,1.0,0.3333333333333333,0.2,0.25,1.0,0.3333333333333333,0.2,0.25,1.0,0.3333333333333333,0.2,0.25,1.0,0.3333333333333333,0.2,0.25,1.0,0.3333333333333333,0.2,0.25,1.0,0.3333333333333333,0.2,0.25,1.0,0.3333333333333333,0.2,0.25,1.0,0.3333333333333333,0.2,0.25,1.0,0.3333333333333333,0.2,0.25,1.0,0.3333333333333333,0.2,0.25,1.0,0.3333333333333333,0.2,0.25,1.0,0.3333333333333333,0.2,0.25,1.0,0.3333333333333333,0.2,0.25,1.0,0.3333333333333333,0.2,0.25,1.0,0.3333333333333333,0.2,0.25,1.0,0.3333333333333333,0.2,0.25,0.2,0.0,0.0,0.0,0.0,0.0,0.0,0.0,0.0,1.0,0.3333333333333333,0.2,0.25,0.3333333333333333,0.0,0.0,0.0,0.0,1.0,0.3333333333333333,0.3333333333333333,0.3333333333333333,1.0,0.3333333333333333,0.2,0.25,1.0,0.9,1.0,0.9,1.0,1.363286666999997,0.0
nvbench2:dev:255,255,qwen3:14b,staged,77,0.0,bar,1.0,1.0,4,3,1,0.0,0.0,0.0,0.0,0.0,0.0,0.0,0.0,0.0,0.0,0.0,0.0,0.0,0.0,0.0,0.0,0.0,0.0,0.0,0.0,0.0,0.0,0.0,0.0,0.0,0.0,0.0,0.0,0.0,0.0,0.0,0.0,0.0,0.0,0.0,0.0,0.0,0.0,0.0,0.0,0.0,0.0,0.0,0.0,0.0,0.0,0.0,0.0,0.0,0.0,0.0,0.0,0.0,0.0,0.0,0.0,0.0,0.0,0.0,0.0,0.0,0.0,0.0,0.0,0.0,0.0,0.0,0.0,0.0,0.0,0.0,0.0,0.0,0.0,0.0,0.0,0.0,0.0,0.0,0.0,0.0,0.0,0.0,0.0,0.0,0.0,0.0,0.0,0.0,0.0,0.0,0.0,0.0,0.0,0.0,0.0,0.0,0.0,0.0,0.0,0.0,0.0,0.0,0.0,0.0,0.0,0.0,0.0,0.8,0.8,0.8,0.8,0.8,0.7866865840000088,0.0
nvbench2:dev:256,256,qwen3:14b,staged,77,0.0,rect,1.0,1.0,8,6,2,0.0,0.0,0.0,0.0,0.0,0.0,0.0,0.0,0.0,0.0,0.0,0.0,0.0,0.0,0.0,0.0,0.0,0.0,0.0,0.0,0.0,0.0,0.0,0.0,0.0,0.0,0.0,0.0,0.0,0.0,0.0,0.0,0.0,0.0,0.0,0.0,0.0,0.0,0.0,0.0,0.0,0.0,0.0,0.0,0.0,0.0,0.0,0.0,0.0,0.0,0.0,0.0,0.0,0.0,0.0,0.0,0.0,0.0,0.0,0.0,0.0,0.0,0.0,0.0,0.0,0.0,0.0,0.0,0.0,0.0,0.0,0.0,0.0,0.0,0.0,0.0,0.0,0.0,0.0,0.0,0.0,0.0,0.0,0.0,0.0,0.0,0.0,0.0,0.0,0.0,0.0,0.0,0.0,0.0,0.0,0.0,0.0,0.0,0.0,0.0,0.0,0.0,0.0,0.0,0.0,0.0,0.0,0.0,0.7333333333333333,0.7333333333333333,0.7333333333333333,0.7333333333333333,0.7333333333333333,1.271027832999991,0.0
nvbench2:dev:259,259,qwen3:14b,staged,77,0.0,point,1.0,1.0,6,2,4,0.0,0.0,0.0,0.0,0.0,0.0,0.0,0.0,0.0,0.0,0.0,0.0,0.0,0.0,0.0,0.0,0.0,0.0,0.0,0.0,0.0,0.0,0.0,0.0,0.0,0.0,0.0,0.0,0.0,0.0,0.0,0.0,0.0,0.0,0.0,0.0,0.0,0.0,0.0,0.0,0.0,0.0,0.0,0.0,0.0,0.0,0.0,0.0,0.0,0.0,0.0,0.0,0.0,0.0,0.0,0.0,0.0,0.0,0.0,0.0,0.0,0.0,0.0,0.0,0.0,0.0,0.0,0.0,0.0,0.0,0.0,0.0,0.0,0.0,0.0,0.0,0.0,0.0,0.0,0.0,0.0,0.0,0.0,0.0,0.0,0.0,0.0,0.0,0.0,0.0,0.0,0.0,0.0,0.0,0.0,0.0,0.0,0.0,0.0,0.0,0.0,0.0,0.0,0.0,0.0,0.0,0.0,0.0,0.8400000000000001,0.8400000000000001,0.8400000000000001,0.8400000000000001,0.8400000000000001,1.7137544160000004,0.0
nvbench2:dev:278,278,qwen3:14b,staged,77,0.0,arc,1.0,1.0,7,3,4,1.0,1.0,1.0,0.3333333333333333,1.0,0.5,1.0,0.3333333333333333,0.5,0.4,1.0,0.3333333333333333,0.3333333333333333,0.3333333333333333,1.0,0.3333333333333333,0.25,0.28571428571428575,1.0,0.3333333333333333,0.25,0.28571428571428575,1.0,0.3333333333333333,0.25,0.28571428571428575,1.0,0.3333333333333333,0.25,0.28571428571428575,1.0,0.3333333333333333,0.25,0.28571428571428575,1.0,0.3333333333333333,0.25,0.28571428571428575,1.0,0.3333333333333333,0.25,0.28571428571428575,1.0,0.3333333333333333,0.25,0.28571428571428575,1.0,0.3333333333333333,0.25,0.28571428571428575,1.0,0.3333333333333333,0.25,0.28571428571428575,1.0,0.3333333333333333,0.25,0.28571428571428575,1.0,0.3333333333333333,0.25,0.28571428571428575,1.0,0.3333333333333333,0.25,0.28571428571428575,1.0,0.3333333333333333,0.25,0.28571428571428575,1.0,0.3333333333333333,0.25,0.28571428571428575,1.0,0.3333333333333333,0.25,0.28571428571428575,1.0,0.3333333333333333,0.25,0.28571428571428575,1.0,1.0,0.3333333333333333,1.0,0.5,1.0,0.3333333333333333,0.3333333333333333,0.3333333333333333,1.0,0.3333333333333333,0.25,0.28571428571428575,1.0,1.0,0.3333333333333333,1.0,0.5,1.0,0.3333333333333333,0.3333333333333333,0.3333333333333333,1.0,0.3333333333333333,0.25,0.28571428571428575,1.0,1.0,1.0,1.0,1.0,1.527201667,0.0
nvbench2:dev:283,283,qwen3:14b,staged,77,0.0,rect,1.0,1.0,10,2,8,0.0,0.0,0.0,0.0,0.0,0.0,0.0,0.0,0.0,0.0,0.0,0.0,0.0,0.0,0.0,0.0,0.0,0.0,0.0,0.0,0.0,0.0,0.0,0.0,0.0,0.0,0.0,0.0,0.0,0.0,0.0,0.0,0.0,0.0,0.0,0.0,0.0,0.0,0.0,0.0,0.0,0.0,0.0,0.0,0.0,0.0,0.0,0.0,0.0,0.0,0.0,0.0,0.0,0.0,0.0,0.0,0.0,0.0,0.0,0.0,0.0,0.0,0.0,0.0,0.0,0.0,0.0,0.0,0.0,0.0,0.0,0.0,0.0,0.0,0.0,0.0,0.0,0.0,0.0,0.0,0.0,0.0,0.0,0.0,0.0,0.0,0.0,0.0,0.0,0.0,0.0,0.0,0.0,0.0,0.0,0.0,0.0,0.0,0.0,0.0,0.0,0.0,0.0,0.0,0.0,0.0,0.0,0.0,0.4,0.2,0.4,0.27999999999999997,0.4,3.0542485,0.0
nvbench2:dev:286,286,qwen3:14b,staged,77,0.0,bar,1.0,1.0,4,2,2,0.0,0.0,0.0,0.0,0.0,0.0,0.0,0.0,0.0,0.0,0.0,0.0,0.0,0.0,0.0,0.0,0.0,0.0,0.0,0.0,0.0,0.0,0.0,0.0,0.0,0.0,0.0,0.0,0.0,0.0,0.0,0.0,0.0,0.0,0.0,0.0,0.0,0.0,0.0,0.0,0.0,0.0,0.0,0.0,0.0,0.0,0.0,0.0,0.0,0.0,0.0,0.0,0.0,0.0,0.0,0.0,0.0,0.0,0.0,0.0,0.0,0.0,0.0,0.0,0.0,0.0,0.0,0.0,0.0,0.0,0.0,0.0,0.0,0.0,0.0,0.0,0.0,0.0,0.0,0.0,0.0,0.0,0.0,0.0,0.0,0.0,0.0,0.0,0.0,0.0,0.0,0.0,0.0,0.0,0.0,0.0,0.0,0.0,0.0,0.0,0.0,0.0,0.0,0.0,0.0,0.0,0.0,0.0,0.9199999999999999,0.9199999999999999,0.9199999999999999,0.9199999999999999,0.9199999999999999,1.5960488340000012,0.0
nvbench2:dev:292,292,qwen3:14b,staged,77,0.0,rect,1.0,1.0,5,3,2,0.0,0.0,0.0,0.0,0.0,0.0,0.0,0.0,0.0,0.0,0.0,0.0,0.0,0.0,0.0,0.0,0.0,0.0,0.0,0.0,0.0,0.0,0.0,0.0,0.0,0.0,0.0,0.0,0.0,0.0,0.0,0.0,0.0,0.0,0.0,0.0,0.0,0.0,0.0,0.0,0.0,0.0,0.0,0.0,0.0,0.0,0.0,0.0,0.0,0.0,0.0,0.0,0.0,0.0,0.0,0.0,0.0,0.0,0.0,0.0,0.0,0.0,0.0,0.0,0.0,0.0,0.0,0.0,0.0,0.0,0.0,0.0,0.0,0.0,0.0,0.0,0.0,0.0,0.0,0.0,0.0,0.0,0.0,0.0,0.0,0.0,0.0,0.0,0.0,0.0,0.0,0.0,0.0,0.0,0.0,0.0,0.0,0.0,0.0,0.0,0.0,0.0,0.0,0.0,0.0,0.0,0.0,0.0,0.7333333333333333,0.7333333333333333,0.7333333333333333,0.7333333333333333,0.7333333333333333,2.1535048329999995,0.0
nvbench2:dev:296,296,qwen3:14b,staged,77,0.0,bar,1.0,1.0,8,7,1,0.0,0.0,0.0,0.0,0.0,0.0,0.0,0.0,0.0,0.0,0.0,0.0,0.0,0.0,0.0,0.0,0.0,0.0,0.0,0.0,0.0,0.0,0.0,0.0,0.0,0.0,0.0,0.0,0.0,0.0,0.0,0.0,0.0,0.0,0.0,0.0,0.0,0.0,0.0,0.0,0.0,0.0,0.0,0.0,0.0,0.0,0.0,0.0,0.0,0.0,0.0,0.0,0.0,0.0,0.0,0.0,0.0,0.0,0.0,0.0,0.0,0.0,0.0,0.0,0.0,0.0,0.0,0.0,0.0,0.0,0.0,0.0,0.0,0.0,0.0,0.0,0.0,0.0,0.0,0.0,0.0,0.0,0.0,0.0,0.0,0.0,0.0,0.0,0.0,0.0,0.0,0.0,0.0,0.0,0.0,0.0,0.0,0.0,0.0,0.0,0.0,0.0,0.0,0.0,0.0,0.0,0.0,0.0,0.5333333333333333,0.5333333333333333,0.5333333333333333,0.5333333333333333,0.5333333333333333,1.4766734170000007,0.0
nvbench2:dev:298,298,qwen3:14b,staged,77,0.0,bar,0.0,0.0,7,7,0,0.0,0.0,0.0,0.0,0.0,0.0,0.0,0.0,0.0,0.0,0.0,0.0,0.0,0.0,0.0,0.0,0.0,0.0,0.0,0.0,0.0,0.0,0.0,0.0,0.0,0.0,0.0,0.0,0.0,0.0,0.0,0.0,0.0,0.0,0.0,0.0,0.0,0.0,0.0,0.0,0.0,0.0,0.0,0.0,0.0,0.0,0.0,0.0,0.0,0.0,0.0,0.0,0.0,0.0,0.0,0.0,0.0,0.0,0.0,0.0,0.0,0.0,0.0,0.0,0.0,0.0,0.0,0.0,0.0,0.0,0.0,0.0,0.0,0.0,0.0,0.0,0.0,0.0,0.0,0.0,0.0,0.0,0.0,0.0,0.0,0.0,0.0,0.0,0.0,0.0,0.0,0.0,0.0,0.0,0.0,0.0,0.0,0.0,0.0,0.0,0.0,0.0,0.0,0.0,0.0,0.0,0.0,0.0,0.0,0.0,0.0,0.0,0.0,0.0,0.0
nvbench2:dev:300,300,qwen3:14b,staged,77,0.0,arc,1.0,1.0,16,6,10,1.0,0.5,0.0,0.0,0.0,0.0,1.0,0.5,0.5,0.5,1.0,0.5,0.3333333333333333,0.4,1.0,1.0,0.5,0.6666666666666666,1.0,1.0,0.4,0.5714285714285715,1.0,1.0,0.3333333333333333,0.5,1.0,1.0,0.2857142857142857,0.4444444444444445,1.0,1.0,0.25,0.4,1.0,1.0,0.2222222222222222,0.3636363636363636,1.0,1.0,0.2,0.33333333333333337,1.0,1.0,0.2,0.33333333333333337,1.0,1.0,0.2,0.33333333333333337,1.0,1.0,0.2,0.33333333333333337,1.0,1.0,0.2,0.33333333333333337,1.0,1.0,0.2,0.33333333333333337,1.0,1.0,0.2,0.33333333333333337,1.0,1.0,0.2,0.33333333333333337,1.0,1.0,0.2,0.33333333333333337,1.0,1.0,0.2,0.33333333333333337,1.0,1.0,0.2,0.33333333333333337,0.5,0.0,0.0,0.0,0.0,1.0,0.5,0.3333333333333333,0.4,1.0,1.0,0.4,0.5714285714285715,0.0,0.0,0.0,0.0,0.0,0.0,0.0,0.0,0.0,0.0,0.0,0.0,0.0,1.0,1.0,1.0,0.9,0.9,2.5080388330000005,0.0
nvbench2:dev:302,302,qwen3:14b,staged,77,0.0,rect,1.0,1.0,7,2,5,0.0,0.0,0.0,0.0,0.0,0.0,0.0,0.0,0.0,0.0,0.0,0.0,0.0,0.0,0.0,0.0,0.0,0.0,0.0,0.0,0.0,0.0,0.0,0.0,0.0,0.0,0.0,0.0,0.0,0.0,0.0,0.0,0.0,0.0,0.0,0.0,0.0,0.0,0.0,0.0,0.0,0.0,0.0,0.0,0.0,0.0,0.0,0.0,0.0,0.0,0.0,0.0,0.0,0.0,0.0,0.0,0.0,0.0,0.0,0.0,0.0,0.0,0.0,0.0,0.0,0.0,0.0,0.0,0.0,0.0,0.0,0.0,0.0,0.0,0.0,0.0,0.0,0.0,0.0,0.0,0.0,0.0,0.0,0.0,0.0,0.0,0.0,0.0,0.0,0.0,0.0,0.0,0.0,0.0,0.0,0.0,0.0,0.0,0.0,0.0,0.0,0.0,0.0,0.0,0.0,0.0,0.0,0.0,0.8666666666666668,0.8,0.8666666666666668,0.8666666666666668,0.8666666666666668,1.7034280000000024,0.0
nvbench2:dev:307,307,qwen3:14b,staged,77,0.0,rect,0.0,0.0,4,4,0,0.0,0.0,0.0,0.0,0.0,0.0,0.0,0.0,0.0,0.0,0.0,0.0,0.0,0.0,0.0,0.0,0.0,0.0,0.0,0.0,0.0,0.0,0.0,0.0,0.0,0.0,0.0,0.0,0.0,0.0,0.0,0.0,0.0,0.0,0.0,0.0,0.0,0.0,0.0,0.0,0.0,0.0,0.0,0.0,0.0,0.0,0.0,0.0,0.0,0.0,0.0,0.0,0.0,0.0,0.0,0.0,0.0,0.0,0.0,0.0,0.0,0.0,0.0,0.0,0.0,0.0,0.0,0.0,0.0,0.0,0.0,0.0,0.0,0.0,0.0,0.0,0.0,0.0,0.0,0.0,0.0,0.0,0.0,0.0,0.0,0.0,0.0,0.0,0.0,0.0,0.0,0.0,0.0,0.0,0.0,0.0,0.0,0.0,0.0,0.0,0.0,0.0,0.0,0.0,0.0,0.0,0.0,0.0,0.0,0.0,0.0,0.0,0.0,0.0,0.0
nvbench2:dev:314,314,qwen3:14b,staged,77,0.0,arc,0.0,0.0,3,3,0,0.0,0.0,0.0,0.0,0.0,0.0,0.0,0.0,0.0,0.0,0.0,0.0,0.0,0.0,0.0,0.0,0.0,0.0,0.0,0.0,0.0,0.0,0.0,0.0,0.0,0.0,0.0,0.0,0.0,0.0,0.0,0.0,0.0,0.0,0.0,0.0,0.0,0.0,0.0,0.0,0.0,0.0,0.0,0.0,0.0,0.0,0.0,0.0,0.0,0.0,0.0,0.0,0.0,0.0,0.0,0.0,0.0,0.0,0.0,0.0,0.0,0.0,0.0,0.0,0.0,0.0,0.0,0.0,0.0,0.0,0.0,0.0,0.0,0.0,0.0,0.0,0.0,0.0,0.0,0.0,0.0,0.0,0.0,0.0,0.0,0.0,0.0,0.0,0.0,0.0,0.0,0.0,0.0,0.0,0.0,0.0,0.0,0.0,0.0,0.0,0.0,0.0,0.0,0.0,0.0,0.0,0.0,0.0,0.0,0.0,0.0,0.0,0.0,0.0,0.0
nvbench2:dev:315,315,qwen3:14b,staged,77,0.0,bar,1.0,1.0,5,3,2,1.0,1.0,1.0,0.5,1.0,0.6666666666666666,1.0,0.5,0.5,0.5,1.0,0.5,0.5,0.5,1.0,0.5,0.5,0.5,1.0,0.5,0.5,0.5,1.0,0.5,0.5,0.5,1.0,0.5,0.5,0.5,1.0,0.5,0.5,0.5,1.0,0.5,0.5,0.5,1.0,0.5,0.5,0.5,1.0,0.5,0.5,0.5,1.0,0.5,0.5,0.5,1.0,0.5,0.5,0.5,1.0,0.5,0.5,0.5,1.0,0.5,0.5,0.5,1.0,0.5,0.5,0.5,1.0,0.5,0.5,0.5,1.0,0.5,0.5,0.5,1.0,0.5,0.5,0.5,1.0,0.5,0.5,0.5,1.0,1.0,0.5,1.0,0.6666666666666666,1.0,0.5,0.5,0.5,1.0,0.5,0.5,0.5,1.0,1.0,0.5,1.0,0.6666666666666666,1.0,0.5,0.5,0.5,1.0,0.5,0.5,0.5,1.0,1.0,1.0,1.0,1.0,1.3098923330000076,0.0
nvbench2:dev:317,317,qwen3:14b,staged,77,0.0,rect,1.0,1.0,5,3,2,0.0,0.0,0.0,0.0,0.0,0.0,0.0,0.0,0.0,0.0,0.0,0.0,0.0,0.0,0.0,0.0,0.0,0.0,0.0,0.0,0.0,0.0,0.0,0.0,0.0,0.0,0.0,0.0,0.0,0.0,0.0,0.0,0.0,0.0,0.0,0.0,0.0,0.0,0.0,0.0,0.0,0.0,0.0,0.0,0.0,0.0,0.0,0.0,0.0,0.0,0.0,0.0,0.0,0.0,0.0,0.0,0.0,0.0,0.0,0.0,0.0,0.0,0.0,0.0,0.0,0.0,0.0,0.0,0.0,0.0,0.0,0.0,0.0,0.0,0.0,0.0,0.0,0.0,0.0,0.0,0.0,0.0,0.0,0.0,0.0,0.0,0.0,0.0,0.0,0.0,0.0,0.0,0.0,0.0,0.0,0.0,0.0,0.0,0.0,0.0,0.0,0.0,0.0,0.0,0.0,0.0,0.0,0.0,0.7333333333333333,0.7333333333333333,0.7333333333333333,0.7333333333333333,0.7333333333333333,1.5574018330000001,0.0
nvbench2:dev:319,319,qwen3:14b,staged,77,0.0,boxplot,1.0,1.0,4,2,2,1.0,1.0,1.0,0.2,1.0,0.33333333333333337,1.0,0.2,0.5,0.28571428571428575,1.0,0.2,0.5,0.28571428571428575,1.0,0.2,0.5,0.28571428571428575,1.0,0.2,0.5,0.28571428571428575,1.0,0.2,0.5,0.28571428571428575,1.0,0.2,0.5,0.28571428571428575,1.0,0.2,0.5,0.28571428571428575,1.0,0.2,0.5,0.28571428571428575,1.0,0.2,0.5,0.28571428571428575,1.0,0.2,0.5,0.28571428571428575,1.0,0.2,0.5,0.28571428571428575,1.0,0.2,0.5,0.28571428571428575,1.0,0.2,0.5,0.28571428571428575,1.0,0.2,0.5,0.28571428571428575,1.0,0.2,0.5,0.28571428571428575,1.0,0.2,0.5,0.28571428571428575,1.0,0.2,0.5,0.28571428571428575,1.0,0.2,0.5,0.28571428571428575,1.0,0.2,0.5,0.28571428571428575,1.0,1.0,0.2,1.0,0.33333333333333337,1.0,0.2,0.5,0.28571428571428575,1.0,0.2,0.5,0.28571428571428575,1.0,1.0,0.2,1.0,0.33333333333333337,1.0,0.2,0.5,0.28571428571428575,1.0,0.2,0.5,0.28571428571428575,1.0,1.0,1.0,1.0,1.0,1.2554530000000028,0.0
nvbench2:dev:326,326,qwen3:14b,staged,77,0.0,rect,1.0,1.0,6,5,1,0.0,0.0,0.0,0.0,0.0,0.0,0.0,0.0,0.0,0.0,0.0,0.0,0.0,0.0,0.0,0.0,0.0,0.0,0.0,0.0,0.0,0.0,0.0,0.0,0.0,0.0,0.0,0.0,0.0,0.0,0.0,0.0,0.0,0.0,0.0,0.0,0.0,0.0,0.0,0.0,0.0,0.0,0.0,0.0,0.0,0.0,0.0,0.0,0.0,0.0,0.0,0.0,0.0,0.0,0.0,0.0,0.0,0.0,0.0,0.0,0.0,0.0,0.0,0.0,0.0,0.0,0.0,0.0,0.0,0.0,0.0,0.0,0.0,0.0,0.0,0.0,0.0,0.0,0.0,0.0,0.0,0.0,0.0,0.0,0.0,0.0,0.0,0.0,0.0,0.0,0.0,0.0,0.0,0.0,0.0,0.0,0.0,0.0,0.0,0.0,0.0,0.0,0.0,0.0,0.0,0.0,0.0,0.0,0.24000000000000005,0.24000000000000005,0.24000000000000005,0.24000000000000005,0.24000000000000005,1.0806845000000038,0.0
nvbench2:dev:327,327,qwen3:14b,staged,77,0.0,boxplot,1.0,1.0,8,6,2,0.0,0.0,0.0,0.0,0.0,0.0,0.0,0.0,0.0,0.0,0.0,0.0,0.0,0.0,0.0,0.0,0.0,0.0,0.0,0.0,0.0,0.0,0.0,0.0,0.0,0.0,0.0,0.0,0.0,0.0,0.0,0.0,0.0,0.0,0.0,0.0,0.0,0.0,0.0,0.0,0.0,0.0,0.0,0.0,0.0,0.0,0.0,0.0,0.0,0.0,0.0,0.0,0.0,0.0,0.0,0.0,0.0,0.0,0.0,0.0,0.0,0.0,0.0,0.0,0.0,0.0,0.0,0.0,0.0,0.0,0.0,0.0,0.0,0.0,0.0,0.0,0.0,0.0,0.0,0.0,0.0,0.0,0.0,0.0,0.0,0.0,0.0,0.0,0.0,0.0,0.0,0.0,0.0,0.0,0.0,0.0,0.0,0.0,0.0,0.0,0.0,0.0,0.0,0.0,0.0,0.0,0.0,0.0,0.6,0.6,0.6,0.6,0.6,0.9587890829999992,0.0
nvbench2:dev:331,331,qwen3:14b,staged,77,0.0,bar,1.0,1.0,5,4,1,0.0,0.0,0.0,0.0,0.0,0.0,0.0,0.0,0.0,0.0,0.0,0.0,0.0,0.0,0.0,0.0,0.0,0.0,0.0,0.0,0.0,0.0,0.0,0.0,0.0,0.0,0.0,0.0,0.0,0.0,0.0,0.0,0.0,0.0,0.0,0.0,0.0,0.0,0.0,0.0,0.0,0.0,0.0,0.0,0.0,0.0,0.0,0.0,0.0,0.0,0.0,0.0,0.0,0.0,0.0,0.0,0.0,0.0,0.0,0.0,0.0,0.0,0.0,0.0,0.0,0.0,0.0,0.0,0.0,0.0,0.0,0.0,0.0,0.0,0.0,0.0,0.0,0.0,0.0,0.0,0.0,0.0,0.0,0.0,0.0,0.0,0.0,0.0,0.0,0.0,0.0,0.0,0.0,0.0,0.0,0.0,0.0,0.0,0.0,0.0,0.0,0.0,0.0,0.0,0.0,0.0,0.0,0.0,0.8,0.8,0.8,0.8,0.8,1.073061750000008,0.0
nvbench2:dev:332,332,qwen3:14b,staged,77,0.0,arc,0.0,0.0,4,4,0,0.0,0.0,0.0,0.0,0.0,0.0,0.0,0.0,0.0,0.0,0.0,0.0,0.0,0.0,0.0,0.0,0.0,0.0,0.0,0.0,0.0,0.0,0.0,0.0,0.0,0.0,0.0,0.0,0.0,0.0,0.0,0.0,0.0,0.0,0.0,0.0,0.0,0.0,0.0,0.0,0.0,0.0,0.0,0.0,0.0,0.0,0.0,0.0,0.0,0.0,0.0,0.0,0.0,0.0,0.0,0.0,0.0,0.0,0.0,0.0,0.0,0.0,0.0,0.0,0.0,0.0,0.0,0.0,0.0,0.0,0.0,0.0,0.0,0.0,0.0,0.0,0.0,0.0,0.0,0.0,0.0,0.0,0.0,0.0,0.0,0.0,0.0,0.0,0.0,0.0,0.0,0.0,0.0,0.0,0.0,0.0,0.0,0.0,0.0,0.0,0.0,0.0,0.0,0.0,0.0,0.0,0.0,0.0,0.0,0.0,0.0,0.0,0.0,0.0,0.0
nvbench2:dev:336,336,qwen3:14b,staged,77,0.0,arc,1.0,1.0,8,6,2,1.0,1.0,1.0,0.2,1.0,0.33333333333333337,1.0,0.2,0.5,0.28571428571428575,1.0,0.2,0.5,0.28571428571428575,1.0,0.2,0.5,0.28571428571428575,1.0,0.2,0.5,0.28571428571428575,1.0,0.2,0.5,0.28571428571428575,1.0,0.2,0.5,0.28571428571428575,1.0,0.2,0.5,0.28571428571428575,1.0,0.2,0.5,0.28571428571428575,1.0,0.2,0.5,0.28571428571428575,1.0,0.2,0.5,0.28571428571428575,1.0,0.2,0.5,0.28571428571428575,1.0,0.2,0.5,0.28571428571428575,1.0,0.2,0.5,0.28571428571428575,1.0,0.2,0.5,0.28571428571428575,1.0,0.2,0.5,0.28571428571428575,1.0,0.2,0.5,0.28571428571428575,1.0,0.2,0.5,0.28571428571428575,1.0,0.2,0.5,0.28571428571428575,1.0,0.2,0.5,0.28571428571428575,1.0,1.0,0.2,1.0,0.33333333333333337,1.0,0.2,0.5,0.28571428571428575,1.0,0.2,0.5,0.28571428571428575,1.0,1.0,0.2,1.0,0.33333333333333337,1.0,0.2,0.5,0.28571428571428575,1.0,0.2,0.5,0.28571428571428575,1.0,1.0,1.0,1.0,1.0,1.1023183749999959,0.0
nvbench2:dev:338,338,qwen3:14b,staged,77,0.0,rect,1.0,1.0,10,5,5,0.0,0.0,0.0,0.0,0.0,0.0,0.0,0.0,0.0,0.0,0.0,0.0,0.0,0.0,0.0,0.0,0.0,0.0,0.0,0.0,0.0,0.0,0.0,0.0,0.0,0.0,0.0,0.0,0.0,0.0,0.0,0.0,0.0,0.0,0.0,0.0,0.0,0.0,0.0,0.0,0.0,0.0,0.0,0.0,0.0,0.0,0.0,0.0,0.0,0.0,0.0,0.0,0.0,0.0,0.0,0.0,0.0,0.0,0.0,0.0,0.0,0.0,0.0,0.0,0.0,0.0,0.0,0.0,0.0,0.0,0.0,0.0,0.0,0.0,0.0,0.0,0.0,0.0,0.0,0.0,0.0,0.0,0.0,0.0,0.0,0.0,0.0,0.0,0.0,0.0,0.0,0.0,0.0,0.0,0.0,0.0,0.0,0.0,0.0,0.0,0.0,0.0,0.0,0.0,0.0,0.0,0.0,0.0,0.9333333333333332,0.9333333333333332,0.9333333333333332,0.7333333333333333,0.9333333333333332,1.6862729169999966,0.0
nvbench2:dev:340,340,qwen3:14b,staged,77,0.0,rect,1.0,1.0,7,3,4,0.0,0.0,0.0,0.0,0.0,0.0,0.0,0.0,0.0,0.0,0.0,0.0,0.0,0.0,0.0,0.0,0.0,0.0,0.0,0.0,0.0,0.0,0.0,0.0,0.0,0.0,0.0,0.0,0.0,0.0,0.0,0.0,0.0,0.0,0.0,0.0,0.0,0.0,0.0,0.0,0.0,0.0,0.0,0.0,0.0,0.0,0.0,0.0,0.0,0.0,0.0,0.0,0.0,0.0,0.0,0.0,0.0,0.0,0.0,0.0,0.0,0.0,0.0,0.0,0.0,0.0,0.0,0.0,0.0,0.0,0.0,0.0,0.0,0.0,0.0,0.0,0.0,0.0,0.0,0.0,0.0,0.0,0.0,0.0,0.0,0.0,0.0,0.0,0.0,0.0,0.0,0.0,0.0,0.0,0.0,0.0,0.0,0.0,0.0,0.0,0.0,0.0,0.0,0.0,0.0,0.0,0.0,0.0,0.96,0.9333333333333332,0.96,0.9333333333333332,0.96,1.5378716670000045,0.0
nvbench2:dev:346,346,qwen3:14b,staged,77,0.0,bar+line+rect,0.0,0.0,6,6,0,0.0,0.0,0.0,0.0,0.0,0.0,0.0,0.0,0.0,0.0,0.0,0.0,0.0,0.0,0.0,0.0,0.0,0.0,0.0,0.0,0.0,0.0,0.0,0.0,0.0,0.0,0.0,0.0,0.0,0.0,0.0,0.0,0.0,0.0,0.0,0.0,0.0,0.0,0.0,0.0,0.0,0.0,0.0,0.0,0.0,0.0,0.0,0.0,0.0,0.0,0.0,0.0,0.0,0.0,0.0,0.0,0.0,0.0,0.0,0.0,0.0,0.0,0.0,0.0,0.0,0.0,0.0,0.0,0.0,0.0,0.0,0.0,0.0,0.0,0.0,0.0,0.0,0.0,0.0,0.0,0.0,0.0,0.0,0.0,0.0,0.0,0.0,0.0,0.0,0.0,0.0,0.0,0.0,0.0,0.0,0.0,0.0,0.0,0.0,0.0,0.0,0.0,0.0,0.0,0.0,0.0,0.0,0.0,0.0,0.0,0.0,0.0,0.0,0.0,0.0
nvbench2:dev:358,358,qwen3:14b,staged,77,0.0,bar,1.0,1.0,13,8,5,1.0,0.2,0.0,0.0,0.0,0.0,0.0,0.0,0.0,0.0,0.0,0.0,0.0,0.0,0.0,0.0,0.0,0.0,1.0,0.5,0.2,0.28571428571428575,1.0,0.5,0.2,0.28571428571428575,1.0,0.5,0.2,0.28571428571428575,1.0,0.5,0.2,0.28571428571428575,1.0,0.5,0.2,0.28571428571428575,1.0,0.5,0.2,0.28571428571428575,1.0,0.5,0.2,0.28571428571428575,1.0,0.5,0.2,0.28571428571428575,1.0,0.5,0.2,0.28571428571428575,1.0,0.5,0.2,0.28571428571428575,1.0,0.5,0.2,0.28571428571428575,1.0,0.5,0.2,0.28571428571428575,1.0,0.5,0.2,0.28571428571428575,1.0,0.5,0.2,0.28571428571428575,1.0,0.5,0.2,0.28571428571428575,1.0,0.5,0.2,0.28571428571428575,0.2,0.0,0.0,0.0,0.0,0.0,0.0,0.0,0.0,1.0,0.5,0.2,0.28571428571428575,1.0,1.0,0.5,1.0,0.6666666666666666,1.0,0.5,0.3333333333333333,0.4,1.0,0.5,0.2,0.28571428571428575,1.0,0.9199999999999999,1.0,1.0,1.0,1.7494689170000015,1.0
nvbench2:dev:362,362,qwen3:14b,staged,77,0.0,rect,1.0,1.0,4,3,1,0.0,0.0,0.0,0.0,0.0,0.0,0.0,0.0,0.0,0.0,0.0,0.0,0.0,0.0,0.0,0.0,0.0,0.0,0.0,0.0,0.0,0.0,0.0,0.0,0.0,0.0,0.0,0.0,0.0,0.0,0.0,0.0,0.0,0.0,0.0,0.0,0.0,0.0,0.0,0.0,0.0,0.0,0.0,0.0,0.0,0.0,0.0,0.0,0.0,0.0,0.0,0.0,0.0,0.0,0.0,0.0,0.0,0.0,0.0,0.0,0.0,0.0,0.0,0.0,0.0,0.0,0.0,0.0,0.0,0.0,0.0,0.0,0.0,0.0,0.0,0.0,0.0,0.0,0.0,0.0,0.0,0.0,0.0,0.0,0.0,0.0,0.0,0.0,0.0,0.0,0.0,0.0,0.0,0.0,0.0,0.0,0.0,0.0,0.0,0.0,0.0,0.0,0.0,0.0,0.0,0.0,0.0,0.0,0.4,0.4,0.4,0.4,0.4,1.0470171660000034,0.0
nvbench2:dev:367,367,qwen3:14b,staged,77,0.0,bar,1.0,1.0,8,5,3,0.0,0.0,0.0,0.0,0.0,0.0,0.0,0.0,0.0,0.0,0.0,0.0,0.0,0.0,0.0,0.0,0.0,0.0,0.0,0.0,0.0,0.0,0.0,0.0,0.0,0.0,0.0,0.0,0.0,0.0,0.0,0.0,0.0,0.0,0.0,0.0,0.0,0.0,0.0,0.0,0.0,0.0,0.0,0.0,0.0,0.0,0.0,0.0,0.0,0.0,0.0,0.0,0.0,0.0,0.0,0.0,0.0,0.0,0.0,0.0,0.0,0.0,0.0,0.0,0.0,0.0,0.0,0.0,0.0,0.0,0.0,0.0,0.0,0.0,0.0,0.0,0.0,0.0,0.0,0.0,0.0,0.0,0.0,0.0,0.0,0.0,0.0,0.0,0.0,0.0,0.0,0.0,0.0,0.0,0.0,0.0,0.0,0.0,0.0,0.0,0.0,0.0,0.0,0.0,0.0,0.0,0.0,0.0,0.64,0.4,0.64,0.64,0.64,1.326335458999992,0.0
nvbench2:dev:381,381,qwen3:14b,staged,77,0.0,rect,1.0,1.0,7,3,4,1.0,0.5,0.0,0.0,0.0,0.0,1.0,0.3333333333333333,0.5,0.4,1.0,0.3333333333333333,0.3333333333333333,0.3333333333333333,1.0,0.3333333333333333,0.25,0.28571428571428575,1.0,0.3333333333333333,0.25,0.28571428571428575,1.0,0.3333333333333333,0.25,0.28571428571428575,1.0,0.3333333333333333,0.25,0.28571428571428575,1.0,0.3333333333333333,0.25,0.28571428571428575,1.0,0.3333333333333333,0.25,0.28571428571428575,1.0,0.3333333333333333,0.25,0.28571428571428575,1.0,0.3333333333333333,0.25,0.28571428571428575,1.0,0.3333333333333333,0.25,0.28571428571428575,1.0,0.3333333333333333,0.25,0.28571428571428575,1.0,0.3333333333333333,0.25,0.28571428571428575,1.0,0.3333333333333333,0.25,0.28571428571428575,1.0,0.3333333333333333,0.25,0.28571428571428575,1.0,0.3333333333333333,0.25,0.28571428571428575,1.0,0.3333333333333333,0.25,0.28571428571428575,1.0,0.3333333333333333,0.25,0.28571428571428575,1.0,0.3333333333333333,0.25,0.28571428571428575,0.5,0.0,0.0,0.0,0.0,1.0,0.3333333333333333,0.3333333333333333,0.3333333333333333,1.0,0.3333333333333333,0.25,0.28571428571428575,1.0,1.0,0.3333333333333333,1.0,0.5,1.0,0.3333333333333333,0.3333333333333333,0.3333333333333333,1.0,0.3333333333333333,0.25,0.28571428571428575,1.0,0.9333333333333332,1.0,1.0,1.0,1.104159249999995,1.0
nvbench2:dev:383,383,qwen3:14b,staged,77,0.0,rect,1.0,1.0,5,4,1,1.0,1.0,1.0,0.3333333333333333,1.0,0.5,1.0,0.3333333333333333,1.0,0.5,1.0,0.3333333333333333,1.0,0.5,1.0,0.3333333333333333,1.0,0.5,1.0,0.3333333333333333,1.0,0.5,1.0,0.3333333333333333,1.0,0.5,1.0,0.3333333333333333,1.0,0.5,1.0,0.3333333333333333,1.0,0.5,1.0,0.3333333333333333,1.0,0.5,1.0,0.3333333333333333,1.0,0.5,1.0,0.3333333333333333,1.0,0.5,1.0,0.3333333333333333,1.0,0.5,1.0,0.3333333333333333,1.0,0.5,1.0,0.3333333333333333,1.0,0.5,1.0,0.3333333333333333,1.0,0.5,1.0,0.3333333333333333,1.0,0.5,1.0,0.3333333333333333,1.0,0.5,1.0,0.3333333333333333,1.0,0.5,1.0,0.3333333333333333,1.0,0.5,1.0,0.3333333333333333,1.0,0.5,1.0,1.0,0.3333333333333333,1.0,0.5,1.0,0.3333333333333333,1.0,0.5,1.0,0.3333333333333333,1.0,0.5,1.0,1.0,0.3333333333333333,1.0,0.5,1.0,0.3333333333333333,1.0,0.5,1.0,0.3333333333333333,1.0,0.5,1.0,1.0,1.0,1.0,1.0,0.5688370419999984,0.0
nvbench2:dev:384,384,qwen3:14b,staged,77,0.0,bar,1.0,1.0,5,2,3,0.0,0.0,0.0,0.0,0.0,0.0,0.0,0.0,0.0,0.0,0.0,0.0,0.0,0.0,0.0,0.0,0.0,0.0,0.0,0.0,0.0,0.0,0.0,0.0,0.0,0.0,0.0,0.0,0.0,0.0,0.0,0.0,0.0,0.0,0.0,0.0,0.0,0.0,0.0,0.0,0.0,0.0,0.0,0.0,0.0,0.0,0.0,0.0,0.0,0.0,0.0,0.0,0.0,0.0,0.0,0.0,0.0,0.0,0.0,0.0,0.0,0.0,0.0,0.0,0.0,0.0,0.0,0.0,0.0,0.0,0.0,0.0,0.0,0.0,0.0,0.0,0.0,0.0,0.0,0.0,0.0,0.0,0.0,0.0,0.0,0.0,0.0,0.0,0.0,0.0,0.0,0.0,0.0,0.0,0.0,0.0,0.0,0.0,0.0,0.0,0.0,0.0,0.0,0.0,0.0,0.0,0.0,0.0,0.8,0.7,0.8,0.7,0.8,1.2129692500000004,0.0
nvbench2:dev:388,388,qwen3:14b,staged,77,0.0,rect,1.0,1.0,5,4,1,0.0,0.0,0.0,0.0,0.0,0.0,0.0,0.0,0.0,0.0,0.0,0.0,0.0,0.0,0.0,0.0,0.0,0.0,0.0,0.0,0.0,0.0,0.0,0.0,0.0,0.0,0.0,0.0,0.0,0.0,0.0,0.0,0.0,0.0,0.0,0.0,0.0,0.0,0.0,0.0,0.0,0.0,0.0,0.0,0.0,0.0,0.0,0.0,0.0,0.0,0.0,0.0,0.0,0.0,0.0,0.0,0.0,0.0,0.0,0.0,0.0,0.0,0.0,0.0,0.0,0.0,0.0,0.0,0.0,0.0,0.0,0.0,0.0,0.0,0.0,0.0,0.0,0.0,0.0,0.0,0.0,0.0,0.0,0.0,0.0,0.0,0.0,0.0,0.0,0.0,0.0,0.0,0.0,0.0,0.0,0.0,0.0,0.0,0.0,0.0,0.0,0.0,0.0,0.0,0.0,0.0,0.0,0.0,0.8,0.8,0.8,0.8,0.8,0.7019973749999906,0.0
nvbench2:dev:394,394,qwen3:14b,staged,77,0.0,arc,0.0,0.0,4,4,0,0.0,0.0,0.0,0.0,0.0,0.0,0.0,0.0,0.0,0.0,0.0,0.0,0.0,0.0,0.0,0.0,0.0,0.0,0.0,0.0,0.0,0.0,0.0,0.0,0.0,0.0,0.0,0.0,0.0,0.0,0.0,0.0,0.0,0.0,0.0,0.0,0.0,0.0,0.0,0.0,0.0,0.0,0.0,0.0,0.0,0.0,0.0,0.0,0.0,0.0,0.0,0.0,0.0,0.0,0.0,0.0,0.0,0.0,0.0,0.0,0.0,0.0,0.0,0.0,0.0,0.0,0.0,0.0,0.0,0.0,0.0,0.0,0.0,0.0,0.0,0.0,0.0,0.0,0.0,0.0,0.0,0.0,0.0,0.0,0.0,0.0,0.0,0.0,0.0,0.0,0.0,0.0,0.0,0.0,0.0,0.0,0.0,0.0,0.0,0.0,0.0,0.0,0.0,0.0,0.0,0.0,0.0,0.0,0.0,0.0,0.0,0.0,0.0,0.0,0.0
nvbench2:dev:398,398,qwen3:14b,staged,77,0.0,line,1.0,1.0,5,3,2,1.0,1.0,1.0,0.25,1.0,0.4,1.0,0.25,0.5,0.3333333333333333,1.0,0.25,0.5,0.3333333333333333,1.0,0.25,0.5,0.3333333333333333,1.0,0.25,0.5,0.3333333333333333,1.0,0.25,0.5,0.3333333333333333,1.0,0.25,0.5,0.3333333333333333,1.0,0.25,0.5,0.3333333333333333,1.0,0.25,0.5,0.3333333333333333,1.0,0.25,0.5,0.3333333333333333,1.0,0.25,0.5,0.3333333333333333,1.0,0.25,0.5,0.3333333333333333,1.0,0.25,0.5,0.3333333333333333,1.0,0.25,0.5,0.3333333333333333,1.0,0.25,0.5,0.3333333333333333,1.0,0.25,0.5,0.3333333333333333,1.0,0.25,0.5,0.3333333333333333,1.0,0.25,0.5,0.3333333333333333,1.0,0.25,0.5,0.3333333333333333,1.0,0.25,0.5,0.3333333333333333,1.0,1.0,0.25,1.0,0.4,1.0,0.25,0.5,0.3333333333333333,1.0,0.25,0.5,0.3333333333333333,0.5,0.0,0.0,0.0,0.0,1.0,0.25,0.5,0.3333333333333333,1.0,0.25,0.5,0.3333333333333333,1.0,1.0,1.0,0.9333333333333332,1.0,0.9588161249999985,-1.0
nvbench2:dev:403,403,qwen3:14b,staged,77,0.0,point,1.0,1.0,4,2,2,0.0,0.0,0.0,0.0,0.0,0.0,0.0,0.0,0.0,0.0,0.0,0.0,0.0,0.0,0.0,0.0,0.0,0.0,0.0,0.0,0.0,0.0,0.0,0.0,0.0,0.0,0.0,0.0,0.0,0.0,0.0,0.0,0.0,0.0,0.0,0.0,0.0,0.0,0.0,0.0,0.0,0.0,0.0,0.0,0.0,0.0,0.0,0.0,0.0,0.0,0.0,0.0,0.0,0.0,0.0,0.0,0.0,0.0,0.0,0.0,0.0,0.0,0.0,0.0,0.0,0.0,0.0,0.0,0.0,0.0,0.0,0.0,0.0,0.0,0.0,0.0,0.0,0.0,0.0,0.0,0.0,0.0,0.0,0.0,0.0,0.0,0.0,0.0,0.0,0.0,0.0,0.0,0.0,0.0,0.0,0.0,0.0,0.0,0.0,0.0,0.0,0.0,0.0,0.0,0.0,0.0,0.0,0.0,0.8,0.8,0.8,0.8,0.8,0.8410510000000073,0.0
nvbench2:dev:405,405,qwen3:14b,staged,77,0.0,bar,1.0,1.0,6,4,2,1.0,1.0,1.0,0.2,1.0,0.33333333333333337,1.0,0.2,0.5,0.28571428571428575,1.0,0.2,0.5,0.28571428571428575,1.0,0.2,0.5,0.28571428571428575,1.0,0.2,0.5,0.28571428571428575,1.0,0.2,0.5,0.28571428571428575,1.0,0.2,0.5,0.28571428571428575,1.0,0.2,0.5,0.28571428571428575,1.0,0.2,0.5,0.28571428571428575,1.0,0.2,0.5,0.28571428571428575,1.0,0.2,0.5,0.28571428571428575,1.0,0.2,0.5,0.28571428571428575,1.0,0.2,0.5,0.28571428571428575,1.0,0.2,0.5,0.28571428571428575,1.0,0.2,0.5,0.28571428571428575,1.0,0.2,0.5,0.28571428571428575,1.0,0.2,0.5,0.28571428571428575,1.0,0.2,0.5,0.28571428571428575,1.0,0.2,0.5,0.28571428571428575,1.0,0.2,0.5,0.28571428571428575,1.0,1.0,0.2,1.0,0.33333333333333337,1.0,0.2,0.5,0.28571428571428575,1.0,0.2,0.5,0.28571428571428575,1.0,1.0,0.2,1.0,0.33333333333333337,1.0,0.2,0.5,0.28571428571428575,1.0,0.2,0.5,0.28571428571428575,1.0,1.0,1.0,1.0,1.0,0.7599162089999965,0.0
nvbench2:dev:421,421,qwen3:14b,staged,77,0.0,arc,1.0,1.0,7,6,1,0.0,0.0,0.0,0.0,0.0,0.0,0.0,0.0,0.0,0.0,0.0,0.0,0.0,0.0,0.0,0.0,0.0,0.0,0.0,0.0,0.0,0.0,0.0,0.0,0.0,0.0,0.0,0.0,0.0,0.0,0.0,0.0,0.0,0.0,0.0,0.0,0.0,0.0,0.0,0.0,0.0,0.0,0.0,0.0,0.0,0.0,0.0,0.0,0.0,0.0,0.0,0.0,0.0,0.0,0.0,0.0,0.0,0.0,0.0,0.0,0.0,0.0,0.0,0.0,0.0,0.0,0.0,0.0,0.0,0.0,0.0,0.0,0.0,0.0,0.0,0.0,0.0,0.0,0.0,0.0,0.0,0.0,0.0,0.0,0.0,0.0,0.0,0.0,0.0,0.0,0.0,0.0,0.0,0.0,0.0,0.0,0.0,0.0,0.0,0.0,0.0,0.0,0.0,0.0,0.0,0.0,0.0,0.0,0.8,0.8,0.8,0.8,0.8,0.5785546660000023,0.0
nvbench2:dev:422,422,qwen3:14b,staged,77,0.0,arc,0.0,0.0,4,4,0,0.0,0.0,0.0,0.0,0.0,0.0,0.0,0.0,0.0,0.0,0.0,0.0,0.0,0.0,0.0,0.0,0.0,0.0,0.0,0.0,0.0,0.0,0.0,0.0,0.0,0.0,0.0,0.0,0.0,0.0,0.0,0.0,0.0,0.0,0.0,0.0,0.0,0.0,0.0,0.0,0.0,0.0,0.0,0.0,0.0,0.0,0.0,0.0,0.0,0.0,0.0,0.0,0.0,0.0,0.0,0.0,0.0,0.0,0.0,0.0,0.0,0.0,0.0,0.0,0.0,0.0,0.0,0.0,0.0,0.0,0.0,0.0,0.0,0.0,0.0,0.0,0.0,0.0,0.0,0.0,0.0,0.0,0.0,0.0,0.0,0.0,0.0,0.0,0.0,0.0,0.0,0.0,0.0,0.0,0.0,0.0,0.0,0.0,0.0,0.0,0.0,0.0,0.0,0.0,0.0,0.0,0.0,0.0,0.0,0.0,0.0,0.0,0.0,0.0,0.0
nvbench2:dev:436,436,qwen3:14b,staged,77,0.0,point,1.0,1.0,5,3,2,0.0,0.0,0.0,0.0,0.0,0.0,0.0,0.0,0.0,0.0,0.0,0.0,0.0,0.0,0.0,0.0,0.0,0.0,0.0,0.0,0.0,0.0,0.0,0.0,0.0,0.0,0.0,0.0,0.0,0.0,0.0,0.0,0.0,0.0,0.0,0.0,0.0,0.0,0.0,0.0,0.0,0.0,0.0,0.0,0.0,0.0,0.0,0.0,0.0,0.0,0.0,0.0,0.0,0.0,0.0,0.0,0.0,0.0,0.0,0.0,0.0,0.0,0.0,0.0,0.0,0.0,0.0,0.0,0.0,0.0,0.0,0.0,0.0,0.0,0.0,0.0,0.0,0.0,0.0,0.0,0.0,0.0,0.0,0.0,0.0,0.0,0.0,0.0,0.0,0.0,0.0,0.0,0.0,0.0,0.0,0.0,0.0,0.0,0.0,0.0,0.0,0.0,0.0,0.0,0.0,0.0,0.0,0.0,0.6,0.4,0.6,0.4,0.6,0.7727655409999983,0.0
nvbench2:dev:444,444,qwen3:14b,staged,77,0.0,point,0.0,0.0,4,4,0,0.0,0.0,0.0,0.0,0.0,0.0,0.0,0.0,0.0,0.0,0.0,0.0,0.0,0.0,0.0,0.0,0.0,0.0,0.0,0.0,0.0,0.0,0.0,0.0,0.0,0.0,0.0,0.0,0.0,0.0,0.0,0.0,0.0,0.0,0.0,0.0,0.0,0.0,0.0,0.0,0.0,0.0,0.0,0.0,0.0,0.0,0.0,0.0,0.0,0.0,0.0,0.0,0.0,0.0,0.0,0.0,0.0,0.0,0.0,0.0,0.0,0.0,0.0,0.0,0.0,0.0,0.0,0.0,0.0,0.0,0.0,0.0,0.0,0.0,0.0,0.0,0.0,0.0,0.0,0.0,0.0,0.0,0.0,0.0,0.0,0.0,0.0,0.0,0.0,0.0,0.0,0.0,0.0,0.0,0.0,0.0,0.0,0.0,0.0,0.0,0.0,0.0,0.0,0.0,0.0,0.0,0.0,0.0,0.0,0.0,0.0,0.0,0.0,0.0,0.0
nvbench2:dev:445,445,qwen3:14b,staged,77,0.0,boxplot,1.0,1.0,6,4,2,0.0,0.0,0.0,0.0,0.0,0.0,0.0,0.0,0.0,0.0,0.0,0.0,0.0,0.0,0.0,0.0,0.0,0.0,0.0,0.0,0.0,0.0,0.0,0.0,0.0,0.0,0.0,0.0,0.0,0.0,0.0,0.0,0.0,0.0,0.0,0.0,0.0,0.0,0.0,0.0,0.0,0.0,0.0,0.0,0.0,0.0,0.0,0.0,0.0,0.0,0.0,0.0,0.0,0.0,0.0,0.0,0.0,0.0,0.0,0.0,0.0,0.0,0.0,0.0,0.0,0.0,0.0,0.0,0.0,0.0,0.0,0.0,0.0,0.0,0.0,0.0,0.0,0.0,0.0,0.0,0.0,0.0,0.0,0.0,0.0,0.0,0.0,0.0,0.0,0.0,0.0,0.0,0.0,0.0,0.0,0.0,0.0,0.0,0.0,0.0,0.0,0.0,0.0,0.0,0.0,0.0,0.0,0.0,0.8,0.6,0.8,0.6,0.8,0.8204500830000114,0.0
nvbench2:dev:455,455,qwen3:14b,staged,77,0.0,bar,1.0,1.0,9,5,4,0.0,0.0,0.0,0.0,0.0,0.0,0.0,0.0,0.0,0.0,0.0,0.0,0.0,0.0,0.0,0.0,0.0,0.0,0.0,0.0,0.0,0.0,0.0,0.0,0.0,0.0,0.0,0.0,0.0,0.0,0.0,0.0,0.0,0.0,0.0,0.0,0.0,0.0,0.0,0.0,0.0,0.0,0.0,0.0,0.0,0.0,0.0,0.0,0.0,0.0,0.0,0.0,0.0,0.0,0.0,0.0,0.0,0.0,0.0,0.0,0.0,0.0,0.0,0.0,0.0,0.0,0.0,0.0,0.0,0.0,0.0,0.0,0.0,0.0,0.0,0.0,0.0,0.0,0.0,0.0,0.0,0.0,0.0,0.0,0.0,0.0,0.0,0.0,0.0,0.0,0.0,0.0,0.0,0.0,0.0,0.0,0.0,0.0,0.0,0.0,0.0,0.0,0.0,0.0,0.0,0.0,0.0,0.0,0.9199999999999999,0.9199999999999999,0.9199999999999999,0.9199999999999999,0.9199999999999999,1.175431666999998,0.0
nvbench2:dev:457,457,qwen3:14b,staged,77,0.0,arc,1.0,1.0,3,2,1,1.0,1.0,1.0,0.5,1.0,0.6666666666666666,1.0,0.5,1.0,0.6666666666666666,1.0,0.5,1.0,0.6666666666666666,1.0,0.5,1.0,0.6666666666666666,1.0,0.5,1.0,0.6666666666666666,1.0,0.5,1.0,0.6666666666666666,1.0,0.5,1.0,0.6666666666666666,1.0,0.5,1.0,0.6666666666666666,1.0,0.5,1.0,0.6666666666666666,1.0,0.5,1.0,0.6666666666666666,1.0,0.5,1.0,0.6666666666666666,1.0,0.5,1.0,0.6666666666666666,1.0,0.5,1.0,0.6666666666666666,1.0,0.5,1.0,0.6666666666666666,1.0,0.5,1.0,0.6666666666666666,1.0,0.5,1.0,0.6666666666666666,1.0,0.5,1.0,0.6666666666666666,1.0,0.5,1.0,0.6666666666666666,1.0,0.5,1.0,0.6666666666666666,1.0,0.5,1.0,0.6666666666666666,1.0,1.0,0.5,1.0,0.6666666666666666,1.0,0.5,1.0,0.6666666666666666,1.0,0.5,1.0,0.6666666666666666,1.0,1.0,0.5,1.0,0.6666666666666666,1.0,0.5,1.0,0.6666666666666666,1.0,0.5,1.0,0.6666666666666666,1.0,1.0,1.0,1.0,1.0,1.027232583,0.0
nvbench2:dev:462,462,qwen3:14b,staged,77,0.0,bar,1.0,1.0,6,5,1,0.0,0.0,0.0,0.0,0.0,0.0,0.0,0.0,0.0,0.0,0.0,0.0,0.0,0.0,0.0,0.0,0.0,0.0,0.0,0.0,0.0,0.0,0.0,0.0,0.0,0.0,0.0,0.0,0.0,0.0,0.0,0.0,0.0,0.0,0.0,0.0,0.0,0.0,0.0,0.0,0.0,0.0,0.0,0.0,0.0,0.0,0.0,0.0,0.0,0.0,0.0,0.0,0.0,0.0,0.0,0.0,0.0,0.0,0.0,0.0,0.0,0.0,0.0,0.0,0.0,0.0,0.0,0.0,0.0,0.0,0.0,0.0,0.0,0.0,0.0,0.0,0.0,0.0,0.0,0.0,0.0,0.0,0.0,0.0,0.0,0.0,0.0,0.0,0.0,0.0,0.0,0.0,0.0,0.0,0.0,0.0,0.0,0.0,0.0,0.0,0.0,0.0,0.0,0.0,0.0,0.0,0.0,0.0,0.8,0.8,0.8,0.8,0.8,0.6809075419999999,0.0
nvbench2:dev:463,463,qwen3:14b,staged,77,0.0,bar+line+point,1.0,1.0,10,5,5,0.0,0.0,0.0,0.0,0.0,0.0,0.0,0.0,0.0,0.0,0.0,0.0,0.0,0.0,0.0,0.0,0.0,0.0,0.0,0.0,0.0,0.0,0.0,0.0,0.0,0.0,0.0,0.0,0.0,0.0,0.0,0.0,0.0,0.0,0.0,0.0,0.0,0.0,0.0,0.0,0.0,0.0,0.0,0.0,0.0,0.0,0.0,0.0,0.0,0.0,0.0,0.0,0.0,0.0,0.0,0.0,0.0,0.0,0.0,0.0,0.0,0.0,0.0,0.0,0.0,0.0,0.0,0.0,0.0,0.0,0.0,0.0,0.0,0.0,0.0,0.0,0.0,0.0,0.0,0.0,0.0,0.0,0.0,0.0,0.0,0.0,0.0,0.0,0.0,0.0,0.0,0.0,0.0,0.0,0.0,0.0,0.0,0.0,0.0,0.0,0.0,0.0,0.0,0.0,0.0,0.0,0.0,0.0,0.72,0.52,0.72,0.52,0.72,1.7320896669999968,0.0
nvbench2:dev:465,465,qwen3:14b,staged,77,0.0,arc,1.0,1.0,4,2,2,1.0,1.0,1.0,0.2,1.0,0.33333333333333337,1.0,0.2,0.5,0.28571428571428575,1.0,0.2,0.5,0.28571428571428575,1.0,0.2,0.5,0.28571428571428575,1.0,0.2,0.5,0.28571428571428575,1.0,0.2,0.5,0.28571428571428575,1.0,0.2,0.5,0.28571428571428575,1.0,0.2,0.5,0.28571428571428575,1.0,0.2,0.5,0.28571428571428575,1.0,0.2,0.5,0.28571428571428575,1.0,0.2,0.5,0.28571428571428575,1.0,0.2,0.5,0.28571428571428575,1.0,0.2,0.5,0.28571428571428575,1.0,0.2,0.5,0.28571428571428575,1.0,0.2,0.5,0.28571428571428575,1.0,0.2,0.5,0.28571428571428575,1.0,0.2,0.5,0.28571428571428575,1.0,0.2,0.5,0.28571428571428575,1.0,0.2,0.5,0.28571428571428575,1.0,0.2,0.5,0.28571428571428575,1.0,1.0,0.2,1.0,0.33333333333333337,1.0,0.2,0.5,0.28571428571428575,1.0,0.2,0.5,0.28571428571428575,1.0,1.0,0.2,1.0,0.33333333333333337,1.0,0.2,0.5,0.28571428571428575,1.0,0.2,0.5,0.28571428571428575,1.0,1.0,1.0,1.0,1.0,0.6610700840000021,0.0
nvbench2:dev:470,470,qwen3:14b,staged,77,0.0,boxplot,1.0,1.0,4,1,3,0.0,0.0,0.0,0.0,0.0,0.0,0.0,0.0,0.0,0.0,0.0,0.0,0.0,0.0,0.0,0.0,0.0,0.0,0.0,0.0,0.0,0.0,0.0,0.0,0.0,0.0,0.0,0.0,0.0,0.0,0.0,0.0,0.0,0.0,0.0,0.0,0.0,0.0,0.0,0.0,0.0,0.0,0.0,0.0,0.0,0.0,0.0,0.0,0.0,0.0,0.0,0.0,0.0,0.0,0.0,0.0,0.0,0.0,0.0,0.0,0.0,0.0,0.0,0.0,0.0,0.0,0.0,0.0,0.0,0.0,0.0,0.0,0.0,0.0,0.0,0.0,0.0,0.0,0.0,0.0,0.0,0.0,0.0,0.0,0.0,0.0,0.0,0.0,0.0,0.0,0.0,0.0,0.0,0.0,0.0,0.0,0.0,0.0,0.0,0.0,0.0,0.0,0.0,0.0,0.0,0.0,0.0,0.0,0.8,0.6,0.8,0.8,0.8,0.9382295829999947,0.0
nvbench2:dev:475,475,qwen3:14b,staged,77,0.0,bar+line,1.0,1.0,8,1,7,0.0,0.0,0.0,0.0,0.0,0.0,0.0,0.0,0.0,0.0,0.0,0.0,0.0,0.0,0.0,0.0,0.0,0.0,0.0,0.0,0.0,0.0,0.0,0.0,0.0,0.0,0.0,0.0,0.0,0.0,0.0,0.0,0.0,0.0,0.0,0.0,0.0,0.0,0.0,0.0,0.0,0.0,0.0,0.0,0.0,0.0,0.0,0.0,0.0,0.0,0.0,0.0,0.0,0.0,0.0,0.0,0.0,0.0,0.0,0.0,0.0,0.0,0.0,0.0,0.0,0.0,0.0,0.0,0.0,0.0,0.0,0.0,0.0,0.0,0.0,0.0,0.0,0.0,0.0,0.0,0.0,0.0,0.0,0.0,0.0,0.0,0.0,0.0,0.0,0.0,0.0,0.0,0.0,0.0,0.0,0.0,0.0,0.0,0.0,0.0,0.0,0.0,0.0,0.0,0.0,0.0,0.0,0.0,0.6666666666666667,0.6666666666666666,0.6666666666666667,0.5599999999999999,0.6666666666666667,1.5790336660000008,0.0
nvbench2:dev:485,485,qwen3:14b,staged,77,0.0,bar,1.0,1.0,4,1,3,0.0,0.0,0.0,0.0,0.0,0.0,0.0,0.0,0.0,0.0,0.0,0.0,0.0,0.0,0.0,0.0,0.0,0.0,0.0,0.0,0.0,0.0,0.0,0.0,0.0,0.0,0.0,0.0,0.0,0.0,0.0,0.0,0.0,0.0,0.0,0.0,0.0,0.0,0.0,0.0,0.0,0.0,0.0,0.0,0.0,0.0,0.0,0.0,0.0,0.0,0.0,0.0,0.0,0.0,0.0,0.0,0.0,0.0,0.0,0.0,0.0,0.0,0.0,0.0,0.0,0.0,0.0,0.0,0.0,0.0,0.0,0.0,0.0,0.0,0.0,0.0,0.0,0.0,0.0,0.0,0.0,0.0,0.0,0.0,0.0,0.0,0.0,0.0,0.0,0.0,0.0,0.0,0.0,0.0,0.0,0.0,0.0,0.0,0.0,0.0,0.0,0.0,0.0,0.0,0.0,0.0,0.0,0.0,0.8,0.8,0.8,0.8,0.8,1.0439115829999963,0.0
nvbench2:dev:492,492,qwen3:14b,staged,77,0.0,arc,1.0,1.0,8,2,6,1.0,0.3333333333333333,0.0,0.0,0.0,0.0,0.0,0.0,0.0,0.0,1.0,0.2,0.3333333333333333,0.25,1.0,0.2,0.25,0.22222222222222224,1.0,0.2,0.2,0.20000000000000004,1.0,0.2,0.16666666666666666,0.1818181818181818,1.0,0.2,0.16666666666666666,0.1818181818181818,1.0,0.2,0.16666666666666666,0.1818181818181818,1.0,0.2,0.16666666666666666,0.1818181818181818,1.0,0.2,0.16666666666666666,0.1818181818181818,1.0,0.2,0.16666666666666666,0.1818181818181818,1.0,0.2,0.16666666666666666,0.1818181818181818,1.0,0.2,0.16666666666666666,0.1818181818181818,1.0,0.2,0.16666666666666666,0.1818181818181818,1.0,0.2,0.16666666666666666,0.1818181818181818,1.0,0.2,0.16666666666666666,0.1818181818181818,1.0,0.2,0.16666666666666666,0.1818181818181818,1.0,0.2,0.16666666666666666,0.1818181818181818,1.0,0.2,0.16666666666666666,0.1818181818181818,1.0,0.2,0.16666666666666666,0.1818181818181818,0.3333333333333333,0.0,0.0,0.0,0.0,1.0,0.2,0.3333333333333333,0.25,1.0,0.2,0.2,0.20000000000000004,1.0,1.0,0.2,1.0,0.33333333333333337,1.0,0.2,0.3333333333333333,0.25,1.0,0.2,0.2,0.20000000000000004,1.0,1.0,1.0,1.0,1.0,1.3049789579999924,1.0
nvbench2:dev:495,495,qwen3:14b,staged,77,0.0,boxplot,1.0,1.0,6,5,1,1.0,1.0,1.0,0.3333333333333333,1.0,0.5,1.0,0.3333333333333333,1.0,0.5,1.0,0.3333333333333333,1.0,0.5,1.0,0.3333333333333333,1.0,0.5,1.0,0.3333333333333333,1.0,0.5,1.0,0.3333333333333333,1.0,0.5,1.0,0.3333333333333333,1.0,0.5,1.0,0.3333333333333333,1.0,0.5,1.0,0.3333333333333333,1.0,0.5,1.0,0.3333333333333333,1.0,0.5,1.0,0.3333333333333333,1.0,0.5,1.0,0.3333333333333333,1.0,0.5,1.0,0.3333333333333333,1.0,0.5,1.0,0.3333333333333333,1.0,0.5,1.0,0.3333333333333333,1.0,0.5,1.0,0.3333333333333333,1.0,0.5,1.0,0.3333333333333333,1.0,0.5,1.0,0.3333333333333333,1.0,0.5,1.0,0.3333333333333333,1.0,0.5,1.0,0.3333333333333333,1.0,0.5,1.0,1.0,0.3333333333333333,1.0,0.5,1.0,0.3333333333333333,1.0,0.5,1.0,0.3333333333333333,1.0,0.5,1.0,1.0,0.3333333333333333,1.0,0.5,1.0,0.3333333333333333,1.0,0.5,1.0,0.3333333333333333,1.0,0.5,1.0,1.0,1.0,1.0,1.0,0.5774749589999999,0.0
nvbench2:dev:498,498,qwen3:14b,staged,77,0.0,arc,0.0,0.0,4,4,0,0.0,0.0,0.0,0.0,0.0,0.0,0.0,0.0,0.0,0.0,0.0,0.0,0.0,0.0,0.0,0.0,0.0,0.0,0.0,0.0,0.0,0.0,0.0,0.0,0.0,0.0,0.0,0.0,0.0,0.0,0.0,0.0,0.0,0.0,0.0,0.0,0.0,0.0,0.0,0.0,0.0,0.0,0.0,0.0,0.0,0.0,0.0,0.0,0.0,0.0,0.0,0.0,0.0,0.0,0.0,0.0,0.0,0.0,0.0,0.0,0.0,0.0,0.0,0.0,0.0,0.0,0.0,0.0,0.0,0.0,0.0,0.0,0.0,0.0,0.0,0.0,0.0,0.0,0.0,0.0,0.0,0.0,0.0,0.0,0.0,0.0,0.0,0.0,0.0,0.0,0.0,0.0,0.0,0.0,0.0,0.0,0.0,0.0,0.0,0.0,0.0,0.0,0.0,0.0,0.0,0.0,0.0,0.0,0.0,0.0,0.0,0.0,0.0,0.0,0.0
nvbench2:dev:499,499,qwen3:14b,staged,77,0.0,line,1.0,1.0,4,3,1,1.0,1.0,1.0,0.3333333333333333,1.0,0.5,1.0,0.3333333333333333,1.0,0.5,1.0,0.3333333333333333,1.0,0.5,1.0,0.3333333333333333,1.0,0.5,1.0,0.3333333333333333,1.0,0.5,1.0,0.3333333333333333,1.0,0.5,1.0,0.3333333333333333,1.0,0.5,1.0,0.3333333333333333,1.0,0.5,1.0,0.3333333333333333,1.0,0.5,1.0,0.3333333333333333,1.0,0.5,1.0,0.3333333333333333,1.0,0.5,1.0,0.3333333333333333,1.0,0.5,1.0,0.3333333333333333,1.0,0.5,1.0,0.3333333333333333,1.0,0.5,1.0,0.3333333333333333,1.0,0.5,1.0,0.3333333333333333,1.0,0.5,1.0,0.3333333333333333,1.0,0.5,1.0,0.3333333333333333,1.0,0.5,1.0,0.3333333333333333,1.0,0.5,1.0,0.3333333333333333,1.0,0.5,1.0,1.0,0.3333333333333333,1.0,0.5,1.0,0.3333333333333333,1.0,0.5,1.0,0.3333333333333333,1.0,0.5,1.0,1.0,0.3333333333333333,1.0,0.5,1.0,0.3333333333333333,1.0,0.5,1.0,0.3333333333333333,1.0,0.5,1.0,1.0,1.0,1.0,1.0,0.7550400000000081,0.0
nvbench2:dev:507,507,qwen3:14b,staged,77,0.0,rect,1.0,1.0,7,6,1,0.0,0.0,0.0,0.0,0.0,0.0,0.0,0.0,0.0,0.0,0.0,0.0,0.0,0.0,0.0,0.0,0.0,0.0,0.0,0.0,0.0,0.0,0.0,0.0,0.0,0.0,0.0,0.0,0.0,0.0,0.0,0.0,0.0,0.0,0.0,0.0,0.0,0.0,0.0,0.0,0.0,0.0,0.0,0.0,0.0,0.0,0.0,0.0,0.0,0.0,0.0,0.0,0.0,0.0,0.0,0.0,0.0,0.0,0.0,0.0,0.0,0.0,0.0,0.0,0.0,0.0,0.0,0.0,0.0,0.0,0.0,0.0,0.0,0.0,0.0,0.0,0.0,0.0,0.0,0.0,0.0,0.0,0.0,0.0,0.0,0.0,0.0,0.0,0.0,0.0,0.0,0.0,0.0,0.0,0.0,0.0,0.0,0.0,0.0,0.0,0.0,0.0,0.0,0.0,0.0,0.0,0.0,0.0,0.4,0.4,0.4,0.4,0.4,1.250336209000011,0.0
nvbench2:dev:508,508,qwen3:14b,staged,77,0.0,arc,1.0,1.0,11,7,4,1.0,0.5,0.0,0.0,0.0,0.0,1.0,0.5,0.5,0.5,1.0,0.5,0.3333333333333333,0.4,1.0,1.0,0.5,0.6666666666666666,1.0,1.0,0.5,0.6666666666666666,1.0,1.0,0.5,0.6666666666666666,1.0,1.0,0.5,0.6666666666666666,1.0,1.0,0.5,0.6666666666666666,1.0,1.0,0.5,0.6666666666666666,1.0,1.0,0.5,0.6666666666666666,1.0,1.0,0.5,0.6666666666666666,1.0,1.0,0.5,0.6666666666666666,1.0,1.0,0.5,0.6666666666666666,1.0,1.0,0.5,0.6666666666666666,1.0,1.0,0.5,0.6666666666666666,1.0,1.0,0.5,0.6666666666666666,1.0,1.0,0.5,0.6666666666666666,1.0,1.0,0.5,0.6666666666666666,1.0,1.0,0.5,0.6666666666666666,1.0,1.0,0.5,0.6666666666666666,0.5,0.0,0.0,0.0,0.0,1.0,0.5,0.3333333333333333,0.4,1.0,1.0,0.5,0.6666666666666666,0.5,0.0,0.0,0.0,0.0,1.0,0.5,0.3333333333333333,0.4,1.0,1.0,0.5,0.6666666666666666,1.0,1.0,1.0,1.0,1.0,0.9898884999999922,0.0
nvbench2:dev:515,515,qwen3:14b,staged,77,0.0,line,0.0,0.0,4,4,0,0.0,0.0,0.0,0.0,0.0,0.0,0.0,0.0,0.0,0.0,0.0,0.0,0.0,0.0,0.0,0.0,0.0,0.0,0.0,0.0,0.0,0.0,0.0,0.0,0.0,0.0,0.0,0.0,0.0,0.0,0.0,0.0,0.0,0.0,0.0,0.0,0.0,0.0,0.0,0.0,0.0,0.0,0.0,0.0,0.0,0.0,0.0,0.0,0.0,0.0,0.0,0.0,0.0,0.0,0.0,0.0,0.0,0.0,0.0,0.0,0.0,0.0,0.0,0.0,0.0,0.0,0.0,0.0,0.0,0.0,0.0,0.0,0.0,0.0,0.0,0.0,0.0,0.0,0.0,0.0,0.0,0.0,0.0,0.0,0.0,0.0,0.0,0.0,0.0,0.0,0.0,0.0,0.0,0.0,0.0,0.0,0.0,0.0,0.0,0.0,0.0,0.0,0.0,0.0,0.0,0.0,0.0,0.0,0.0,0.0,0.0,0.0,0.0,0.0,0.0
nvbench2:dev:531,531,qwen3:14b,staged,77,0.0,bar,1.0,1.0,5,3,2,0.0,0.0,0.0,0.0,0.0,0.0,0.0,0.0,0.0,0.0,0.0,0.0,0.0,0.0,0.0,0.0,0.0,0.0,0.0,0.0,0.0,0.0,0.0,0.0,0.0,0.0,0.0,0.0,0.0,0.0,0.0,0.0,0.0,0.0,0.0,0.0,0.0,0.0,0.0,0.0,0.0,0.0,0.0,0.0,0.0,0.0,0.0,0.0,0.0,0.0,0.0,0.0,0.0,0.0,0.0,0.0,0.0,0.0,0.0,0.0,0.0,0.0,0.0,0.0,0.0,0.0,0.0,0.0,0.0,0.0,0.0,0.0,0.0,0.0,0.0,0.0,0.0,0.0,0.0,0.0,0.0,0.0,0.0,0.0,0.0,0.0,0.0,0.0,0.0,0.0,0.0,0.0,0.0,0.0,0.0,0.0,0.0,0.0,0.0,0.0,0.0,0.0,0.0,0.0,0.0,0.0,0.0,0.0,0.9199999999999999,0.9199999999999999,0.9199999999999999,0.9199999999999999,0.9199999999999999,0.729173208000006,0.0
nvbench2:dev:538,538,qwen3:14b,staged,77,0.0,arc,1.0,1.0,6,2,4,1.0,1.0,1.0,0.5,1.0,0.6666666666666666,1.0,0.5,0.5,0.5,1.0,0.5,0.3333333333333333,0.4,1.0,1.0,0.5,0.6666666666666666,1.0,1.0,0.5,0.6666666666666666,1.0,1.0,0.5,0.6666666666666666,1.0,1.0,0.5,0.6666666666666666,1.0,1.0,0.5,0.6666666666666666,1.0,1.0,0.5,0.6666666666666666,1.0,1.0,0.5,0.6666666666666666,1.0,1.0,0.5,0.6666666666666666,1.0,1.0,0.5,0.6666666666666666,1.0,1.0,0.5,0.6666666666666666,1.0,1.0,0.5,0.6666666666666666,1.0,1.0,0.5,0.6666666666666666,1.0,1.0,0.5,0.6666666666666666,1.0,1.0,0.5,0.6666666666666666,1.0,1.0,0.5,0.6666666666666666,1.0,1.0,0.5,0.6666666666666666,1.0,1.0,0.5,0.6666666666666666,1.0,1.0,0.5,1.0,0.6666666666666666,1.0,0.5,0.3333333333333333,0.4,1.0,1.0,0.5,0.6666666666666666,0.3333333333333333,0.0,0.0,0.0,0.0,1.0,0.5,0.3333333333333333,0.4,1.0,1.0,0.5,0.6666666666666666,1.0,1.0,1.0,1.0,1.0,1.000120209000002,-1.0
nvbench2:dev:540,540,qwen3:14b,staged,77,0.0,bar,1.0,1.0,6,5,1,0.0,0.0,0.0,0.0,0.0,0.0,0.0,0.0,0.0,0.0,0.0,0.0,0.0,0.0,0.0,0.0,0.0,0.0,0.0,0.0,0.0,0.0,0.0,0.0,0.0,0.0,0.0,0.0,0.0,0.0,0.0,0.0,0.0,0.0,0.0,0.0,0.0,0.0,0.0,0.0,0.0,0.0,0.0,0.0,0.0,0.0,0.0,0.0,0.0,0.0,0.0,0.0,0.0,0.0,0.0,0.0,0.0,0.0,0.0,0.0,0.0,0.0,0.0,0.0,0.0,0.0,0.0,0.0,0.0,0.0,0.0,0.0,0.0,0.0,0.0,0.0,0.0,0.0,0.0,0.0,0.0,0.0,0.0,0.0,0.0,0.0,0.0,0.0,0.0,0.0,0.0,0.0,0.0,0.0,0.0,0.0,0.0,0.0,0.0,0.0,0.0,0.0,0.0,0.0,0.0,0.0,0.0,0.0,0.9199999999999999,0.9199999999999999,0.9199999999999999,0.9199999999999999,0.9199999999999999,0.5990815830000003,0.0
nvbench2:dev:551,551,qwen3:14b,staged,77,0.0,line,1.0,1.0,5,1,4,1.0,0.3333333333333333,0.0,0.0,0.0,0.0,0.0,0.0,0.0,0.0,1.0,0.25,0.3333333333333333,0.28571428571428575,1.0,0.25,0.25,0.25,1.0,0.25,0.25,0.25,1.0,0.25,0.25,0.25,1.0,0.25,0.25,0.25,1.0,0.25,0.25,0.25,1.0,0.25,0.25,0.25,1.0,0.25,0.25,0.25,1.0,0.25,0.25,0.25,1.0,0.25,0.25,0.25,1.0,0.25,0.25,0.25,1.0,0.25,0.25,0.25,1.0,0.25,0.25,0.25,1.0,0.25,0.25,0.25,1.0,0.25,0.25,0.25,1.0,0.25,0.25,0.25,1.0,0.25,0.25,0.25,1.0,0.25,0.25,0.25,0.3333333333333333,0.0,0.0,0.0,0.0,1.0,0.25,0.3333333333333333,0.28571428571428575,1.0,0.25,0.25,0.25,0.5,0.0,0.0,0.0,0.0,1.0,0.25,0.3333333333333333,0.28571428571428575,1.0,0.25,0.25,0.25,1.0,1.0,1.0,0.8,1.0,1.3639000419999974,0.0
nvbench2:dev:554,554,qwen3:14b,staged,77,0.0,point,1.0,1.0,4,3,1,0.0,0.0,0.0,0.0,0.0,0.0,0.0,0.0,0.0,0.0,0.0,0.0,0.0,0.0,0.0,0.0,0.0,0.0,0.0,0.0,0.0,0.0,0.0,0.0,0.0,0.0,0.0,0.0,0.0,0.0,0.0,0.0,0.0,0.0,0.0,0.0,0.0,0.0,0.0,0.0,0.0,0.0,0.0,0.0,0.0,0.0,0.0,0.0,0.0,0.0,0.0,0.0,0.0,0.0,0.0,0.0,0.0,0.0,0.0,0.0,0.0,0.0,0.0,0.0,0.0,0.0,0.0,0.0,0.0,0.0,0.0,0.0,0.0,0.0,0.0,0.0,0.0,0.0,0.0,0.0,0.0,0.0,0.0,0.0,0.0,0.0,0.0,0.0,0.0,0.0,0.0,0.0,0.0,0.0,0.0,0.0,0.0,0.0,0.0,0.0,0.0,0.0,0.0,0.0,0.0,0.0,0.0,0.0,0.8,0.8,0.8,0.8,0.8,0.49963312500000256,0.0
nvbench2:dev:562,562,qwen3:14b,staged,77,0.0,bar,1.0,1.0,3,2,1,1.0,1.0,1.0,0.3333333333333333,1.0,0.5,1.0,0.3333333333333333,1.0,0.5,1.0,0.3333333333333333,1.0,0.5,1.0,0.3333333333333333,1.0,0.5,1.0,0.3333333333333333,1.0,0.5,1.0,0.3333333333333333,1.0,0.5,1.0,0.3333333333333333,1.0,0.5,1.0,0.3333333333333333,1.0,0.5,1.0,0.3333333333333333,1.0,0.5,1.0,0.3333333333333333,1.0,0.5,1.0,0.3333333333333333,1.0,0.5,1.0,0.3333333333333333,1.0,0.5,1.0,0.3333333333333333,1.0,0.5,1.0,0.3333333333333333,1.0,0.5,1.0,0.3333333333333333,1.0,0.5,1.0,0.3333333333333333,1.0,0.5,1.0,0.3333333333333333,1.0,0.5,1.0,0.3333333333333333,1.0,0.5,1.0,0.3333333333333333,1.0,0.5,1.0,0.3333333333333333,1.0,0.5,1.0,1.0,0.3333333333333333,1.0,0.5,1.0,0.3333333333333333,1.0,0.5,1.0,0.3333333333333333,1.0,0.5,1.0,1.0,0.3333333333333333,1.0,0.5,1.0,0.3333333333333333,1.0,0.5,1.0,0.3333333333333333,1.0,0.5,1.0,1.0,1.0,1.0,1.0,0.8237212920000019,0.0
nvbench2:dev:568,568,qwen3:14b,staged,77,0.0,line,1.0,1.0,7,4,3,0.0,0.0,0.0,0.0,0.0,0.0,0.0,0.0,0.0,0.0,0.0,0.0,0.0,0.0,0.0,0.0,0.0,0.0,0.0,0.0,0.0,0.0,0.0,0.0,0.0,0.0,0.0,0.0,0.0,0.0,0.0,0.0,0.0,0.0,0.0,0.0,0.0,0.0,0.0,0.0,0.0,0.0,0.0,0.0,0.0,0.0,0.0,0.0,0.0,0.0,0.0,0.0,0.0,0.0,0.0,0.0,0.0,0.0,0.0,0.0,0.0,0.0,0.0,0.0,0.0,0.0,0.0,0.0,0.0,0.0,0.0,0.0,0.0,0.0,0.0,0.0,0.0,0.0,0.0,0.0,0.0,0.0,0.0,0.0,0.0,0.0,0.0,0.0,0.0,0.0,0.0,0.0,0.0,0.0,0.0,0.0,0.0,0.0,0.0,0.0,0.0,0.0,0.0,0.0,0.0,0.0,0.0,0.0,0.44000000000000006,0.36,0.44000000000000006,0.36,0.44000000000000006,0.9288332910000037,0.0
nvbench2:dev:571,571,qwen3:14b,staged,77,0.0,rect,1.0,1.0,4,2,2,0.0,0.0,0.0,0.0,0.0,0.0,0.0,0.0,0.0,0.0,0.0,0.0,0.0,0.0,0.0,0.0,0.0,0.0,0.0,0.0,0.0,0.0,0.0,0.0,0.0,0.0,0.0,0.0,0.0,0.0,0.0,0.0,0.0,0.0,0.0,0.0,0.0,0.0,0.0,0.0,0.0,0.0,0.0,0.0,0.0,0.0,0.0,0.0,0.0,0.0,0.0,0.0,0.0,0.0,0.0,0.0,0.0,0.0,0.0,0.0,0.0,0.0,0.0,0.0,0.0,0.0,0.0,0.0,0.0,0.0,0.0,0.0,0.0,0.0,0.0,0.0,0.0,0.0,0.0,0.0,0.0,0.0,0.0,0.0,0.0,0.0,0.0,0.0,0.0,0.0,0.0,0.0,0.0,0.0,0.0,0.0,0.0,0.0,0.0,0.0,0.0,0.0,0.0,0.0,0.0,0.0,0.0,0.0,0.8,0.8,0.8,0.8,0.8,1.4220476250000047,0.0
nvbench2:dev:572,572,qwen3:14b,staged,77,0.0,bar,1.0,1.0,8,5,3,1.0,0.3333333333333333,0.0,0.0,0.0,0.0,0.0,0.0,0.0,0.0,1.0,0.5,0.3333333333333333,0.4,1.0,0.5,0.3333333333333333,0.4,1.0,0.5,0.3333333333333333,0.4,1.0,0.5,0.3333333333333333,0.4,1.0,0.5,0.3333333333333333,0.4,1.0,0.5,0.3333333333333333,0.4,1.0,0.5,0.3333333333333333,0.4,1.0,0.5,0.3333333333333333,0.4,1.0,0.5,0.3333333333333333,0.4,1.0,0.5,0.3333333333333333,0.4,1.0,0.5,0.3333333333333333,0.4,1.0,0.5,0.3333333333333333,0.4,1.0,0.5,0.3333333333333333,0.4,1.0,0.5,0.3333333333333333,0.4,1.0,0.5,0.3333333333333333,0.4,1.0,0.5,0.3333333333333333,0.4,1.0,0.5,0.3333333333333333,0.4,1.0,0.5,0.3333333333333333,0.4,0.3333333333333333,0.0,0.0,0.0,0.0,1.0,0.5,0.3333333333333333,0.4,1.0,0.5,0.3333333333333333,0.4,0.5,0.0,0.0,0.0,0.0,1.0,0.5,0.3333333333333333,0.4,1.0,0.5,0.3333333333333333,0.4,1.0,0.27999999999999997,1.0,1.0,1.0,0.9265955829999939,0.0
nvbench2:dev:573,573,qwen3:14b,staged,77,0.0,point,1.0,1.0,8,6,2,0.0,0.0,0.0,0.0,0.0,0.0,0.0,0.0,0.0,0.0,0.0,0.0,0.0,0.0,0.0,0.0,0.0,0.0,0.0,0.0,0.0,0.0,0.0,0.0,0.0,0.0,0.0,0.0,0.0,0.0,0.0,0.0,0.0,0.0,0.0,0.0,0.0,0.0,0.0,0.0,0.0,0.0,0.0,0.0,0.0,0.0,0.0,0.0,0.0,0.0,0.0,0.0,0.0,0.0,0.0,0.0,0.0,0.0,0.0,0.0,0.0,0.0,0.0,0.0,0.0,0.0,0.0,0.0,0.0,0.0,0.0,0.0,0.0,0.0,0.0,0.0,0.0,0.0,0.0,0.0,0.0,0.0,0.0,0.0,0.0,0.0,0.0,0.0,0.0,0.0,0.0,0.0,0.0,0.0,0.0,0.0,0.0,0.0,0.0,0.0,0.0,0.0,0.0,0.0,0.0,0.0,0.0,0.0,0.36,0.36,0.36,0.36,0.36,0.7627567090000014,0.0
nvbench2:dev:603,603,qwen3:14b,staged,77,0.0,rect,1.0,1.0,5,4,1,0.0,0.0,0.0,0.0,0.0,0.0,0.0,0.0,0.0,0.0,0.0,0.0,0.0,0.0,0.0,0.0,0.0,0.0,0.0,0.0,0.0,0.0,0.0,0.0,0.0,0.0,0.0,0.0,0.0,0.0,0.0,0.0,0.0,0.0,0.0,0.0,0.0,0.0,0.0,0.0,0.0,0.0,0.0,0.0,0.0,0.0,0.0,0.0,0.0,0.0,0.0,0.0,0.0,0.0,0.0,0.0,0.0,0.0,0.0,0.0,0.0,0.0,0.0,0.0,0.0,0.0,0.0,0.0,0.0,0.0,0.0,0.0,0.0,0.0,0.0,0.0,0.0,0.0,0.0,0.0,0.0,0.0,0.0,0.0,0.0,0.0,0.0,0.0,0.0,0.0,0.0,0.0,0.0,0.0,0.0,0.0,0.0,0.0,0.0,0.0,0.0,0.0,0.0,0.0,0.0,0.0,0.0,0.0,0.9333333333333332,0.9333333333333332,0.9333333333333332,0.9333333333333332,0.9333333333333332,0.5665462080000054,0.0
nvbench2:dev:605,605,qwen3:14b,staged,77,0.0,line,1.0,1.0,8,6,2,1.0,0.5,0.0,0.0,0.0,0.0,1.0,0.25,0.5,0.3333333333333333,1.0,0.25,0.5,0.3333333333333333,1.0,0.25,0.5,0.3333333333333333,1.0,0.25,0.5,0.3333333333333333,1.0,0.25,0.5,0.3333333333333333,1.0,0.25,0.5,0.3333333333333333,1.0,0.25,0.5,0.3333333333333333,1.0,0.25,0.5,0.3333333333333333,1.0,0.25,0.5,0.3333333333333333,1.0,0.25,0.5,0.3333333333333333,1.0,0.25,0.5,0.3333333333333333,1.0,0.25,0.5,0.3333333333333333,1.0,0.25,0.5,0.3333333333333333,1.0,0.25,0.5,0.3333333333333333,1.0,0.25,0.5,0.3333333333333333,1.0,0.25,0.5,0.3333333333333333,1.0,0.25,0.5,0.3333333333333333,1.0,0.25,0.5,0.3333333333333333,1.0,0.25,0.5,0.3333333333333333,0.5,0.0,0.0,0.0,0.0,1.0,0.25,0.5,0.3333333333333333,1.0,0.25,0.5,0.3333333333333333,1.0,1.0,0.25,1.0,0.4,1.0,0.25,0.5,0.3333333333333333,1.0,0.25,0.5,0.3333333333333333,1.0,0.36,1.0,1.0,1.0,0.7674388750000105,1.0
nvbench2:dev:606,606,qwen3:14b,staged,77,0.0,bar,1.0,1.0,5,4,1,0.0,0.0,0.0,0.0,0.0,0.0,0.0,0.0,0.0,0.0,0.0,0.0,0.0,0.0,0.0,0.0,0.0,0.0,0.0,0.0,0.0,0.0,0.0,0.0,0.0,0.0,0.0,0.0,0.0,0.0,0.0,0.0,0.0,0.0,0.0,0.0,0.0,0.0,0.0,0.0,0.0,0.0,0.0,0.0,0.0,0.0,0.0,0.0,0.0,0.0,0.0,0.0,0.0,0.0,0.0,0.0,0.0,0.0,0.0,0.0,0.0,0.0,0.0,0.0,0.0,0.0,0.0,0.0,0.0,0.0,0.0,0.0,0.0,0.0,0.0,0.0,0.0,0.0,0.0,0.0,0.0,0.0,0.0,0.0,0.0,0.0,0.0,0.0,0.0,0.0,0.0,0.0,0.0,0.0,0.0,0.0,0.0,0.0,0.0,0.0,0.0,0.0,0.0,0.0,0.0,0.0,0.0,0.0,0.9199999999999999,0.9199999999999999,0.9199999999999999,0.9199999999999999,0.9199999999999999,0.9477652500000033,0.0
nvbench2:dev:612,612,qwen3:14b,staged,77,0.0,arc,1.0,1.0,4,3,1,1.0,1.0,1.0,0.3333333333333333,1.0,0.5,1.0,0.3333333333333333,1.0,0.5,1.0,0.3333333333333333,1.0,0.5,1.0,0.3333333333333333,1.0,0.5,1.0,0.3333333333333333,1.0,0.5,1.0,0.3333333333333333,1.0,0.5,1.0,0.3333333333333333,1.0,0.5,1.0,0.3333333333333333,1.0,0.5,1.0,0.3333333333333333,1.0,0.5,1.0,0.3333333333333333,1.0,0.5,1.0,0.3333333333333333,1.0,0.5,1.0,0.3333333333333333,1.0,0.5,1.0,0.3333333333333333,1.0,0.5,1.0,0.3333333333333333,1.0,0.5,1.0,0.3333333333333333,1.0,0.5,1.0,0.3333333333333333,1.0,0.5,1.0,0.3333333333333333,1.0,0.5,1.0,0.3333333333333333,1.0,0.5,1.0,0.3333333333333333,1.0,0.5,1.0,0.3333333333333333,1.0,0.5,1.0,1.0,0.3333333333333333,1.0,0.5,1.0,0.3333333333333333,1.0,0.5,1.0,0.3333333333333333,1.0,0.5,1.0,1.0,0.3333333333333333,1.0,0.5,1.0,0.3333333333333333,1.0,0.5,1.0,0.3333333333333333,1.0,0.5,1.0,1.0,1.0,1.0,1.0,0.5746654170000056,0.0
nvbench2:dev:614,614,qwen3:14b,staged,77,0.0,bar,1.0,1.0,9,4,5,0.0,0.0,0.0,0.0,0.0,0.0,0.0,0.0,0.0,0.0,0.0,0.0,0.0,0.0,0.0,0.0,0.0,0.0,0.0,0.0,0.0,0.0,0.0,0.0,0.0,0.0,0.0,0.0,0.0,0.0,0.0,0.0,0.0,0.0,0.0,0.0,0.0,0.0,0.0,0.0,0.0,0.0,0.0,0.0,0.0,0.0,0.0,0.0,0.0,0.0,0.0,0.0,0.0,0.0,0.0,0.0,0.0,0.0,0.0,0.0,0.0,0.0,0.0,0.0,0.0,0.0,0.0,0.0,0.0,0.0,0.0,0.0,0.0,0.0,0.0,0.0,0.0,0.0,0.0,0.0,0.0,0.0,0.0,0.0,0.0,0.0,0.0,0.0,0.0,0.0,0.0,0.0,0.0,0.0,0.0,0.0,0.0,0.0,0.0,0.0,0.0,0.0,0.0,0.0,0.0,0.0,0.0,0.0,0.6,0.6,0.6,0.4666666666666666,0.6,1.3068426659999943,0.0
nvbench2:dev:628,628,qwen3:14b,staged,77,0.0,rect,0.0,0.0,4,4,0,0.0,0.0,0.0,0.0,0.0,0.0,0.0,0.0,0.0,0.0,0.0,0.0,0.0,0.0,0.0,0.0,0.0,0.0,0.0,0.0,0.0,0.0,0.0,0.0,0.0,0.0,0.0,0.0,0.0,0.0,0.0,0.0,0.0,0.0,0.0,0.0,0.0,0.0,0.0,0.0,0.0,0.0,0.0,0.0,0.0,0.0,0.0,0.0,0.0,0.0,0.0,0.0,0.0,0.0,0.0,0.0,0.0,0.0,0.0,0.0,0.0,0.0,0.0,0.0,0.0,0.0,0.0,0.0,0.0,0.0,0.0,0.0,0.0,0.0,0.0,0.0,0.0,0.0,0.0,0.0,0.0,0.0,0.0,0.0,0.0,0.0,0.0,0.0,0.0,0.0,0.0,0.0,0.0,0.0,0.0,0.0,0.0,0.0,0.0,0.0,0.0,0.0,0.0,0.0,0.0,0.0,0.0,0.0,0.0,0.0,0.0,0.0,0.0,0.0,0.0
nvbench2:dev:641,641,qwen3:14b,staged,77,0.0,rect,1.0,1.0,6,5,1,0.0,0.0,0.0,0.0,0.0,0.0,0.0,0.0,0.0,0.0,0.0,0.0,0.0,0.0,0.0,0.0,0.0,0.0,0.0,0.0,0.0,0.0,0.0,0.0,0.0,0.0,0.0,0.0,0.0,0.0,0.0,0.0,0.0,0.0,0.0,0.0,0.0,0.0,0.0,0.0,0.0,0.0,0.0,0.0,0.0,0.0,0.0,0.0,0.0,0.0,0.0,0.0,0.0,0.0,0.0,0.0,0.0,0.0,0.0,0.0,0.0,0.0,0.0,0.0,0.0,0.0,0.0,0.0,0.0,0.0,0.0,0.0,0.0,0.0,0.0,0.0,0.0,0.0,0.0,0.0,0.0,0.0,0.0,0.0,0.0,0.0,0.0,0.0,0.0,0.0,0.0,0.0,0.0,0.0,0.0,0.0,0.0,0.0,0.0,0.0,0.0,0.0,0.0,0.0,0.0,0.0,0.0,0.0,0.9333333333333332,0.9333333333333332,0.9333333333333332,0.9333333333333332,0.9333333333333332,0.7711414999999988,0.0
nvbench2:dev:642,642,qwen3:14b,staged,77,0.0,line,1.0,1.0,4,2,2,0.0,0.0,0.0,0.0,0.0,0.0,0.0,0.0,0.0,0.0,0.0,0.0,0.0,0.0,0.0,0.0,0.0,0.0,0.0,0.0,0.0,0.0,0.0,0.0,0.0,0.0,0.0,0.0,0.0,0.0,0.0,0.0,0.0,0.0,0.0,0.0,0.0,0.0,0.0,0.0,0.0,0.0,0.0,0.0,0.0,0.0,0.0,0.0,0.0,0.0,0.0,0.0,0.0,0.0,0.0,0.0,0.0,0.0,0.0,0.0,0.0,0.0,0.0,0.0,0.0,0.0,0.0,0.0,0.0,0.0,0.0,0.0,0.0,0.0,0.0,0.0,0.0,0.0,0.0,0.0,0.0,0.0,0.0,0.0,0.0,0.0,0.0,0.0,0.0,0.0,0.0,0.0,0.0,0.0,0.0,0.0,0.0,0.0,0.0,0.0,0.0,0.0,0.0,0.0,0.0,0.0,0.0,0.0,0.72,0.72,0.72,0.72,0.72,0.8557166249999852,0.0
nvbench2:dev:644,644,qwen3:14b,staged,77,0.0,bar+line,1.0,1.0,10,4,6,0.0,0.0,0.0,0.0,0.0,0.0,0.0,0.0,0.0,0.0,0.0,0.0,0.0,0.0,0.0,0.0,0.0,0.0,0.0,0.0,0.0,0.0,0.0,0.0,0.0,0.0,0.0,0.0,0.0,0.0,0.0,0.0,0.0,0.0,0.0,0.0,0.0,0.0,0.0,0.0,0.0,0.0,0.0,0.0,0.0,0.0,0.0,0.0,0.0,0.0,0.0,0.0,0.0,0.0,0.0,0.0,0.0,0.0,0.0,0.0,0.0,0.0,0.0,0.0,0.0,0.0,0.0,0.0,0.0,0.0,0.0,0.0,0.0,0.0,0.0,0.0,0.0,0.0,0.0,0.0,0.0,0.0,0.0,0.0,0.0,0.0,0.0,0.0,0.0,0.0,0.0,0.0,0.0,0.0,0.0,0.0,0.0,0.0,0.0,0.0,0.0,0.0,0.0,0.0,0.0,0.0,0.0,0.0,0.8400000000000001,0.7333333333333333,0.8400000000000001,0.7333333333333333,0.8400000000000001,1.6159979999999905,0.0
nvbench2:dev:647,647,qwen3:14b,staged,77,0.0,bar,1.0,1.0,8,4,4,1.0,0.5,0.0,0.0,0.0,0.0,1.0,0.5,0.5,0.5,1.0,0.5,0.3333333333333333,0.4,1.0,0.5,0.25,0.3333333333333333,1.0,0.5,0.25,0.3333333333333333,1.0,0.5,0.25,0.3333333333333333,1.0,0.5,0.25,0.3333333333333333,1.0,0.5,0.25,0.3333333333333333,1.0,0.5,0.25,0.3333333333333333,1.0,0.5,0.25,0.3333333333333333,1.0,0.5,0.25,0.3333333333333333,1.0,0.5,0.25,0.3333333333333333,1.0,0.5,0.25,0.3333333333333333,1.0,0.5,0.25,0.3333333333333333,1.0,0.5,0.25,0.3333333333333333,1.0,0.5,0.25,0.3333333333333333,1.0,0.5,0.25,0.3333333333333333,1.0,0.5,0.25,0.3333333333333333,1.0,0.5,0.25,0.3333333333333333,1.0,0.5,0.25,0.3333333333333333,0.5,0.0,0.0,0.0,0.0,1.0,0.5,0.3333333333333333,0.4,1.0,0.5,0.25,0.3333333333333333,0.5,0.0,0.0,0.0,0.0,1.0,0.5,0.3333333333333333,0.4,1.0,0.5,0.25,0.3333333333333333,1.0,0.27999999999999997,1.0,0.6,1.0,1.1097932909999884,0.0
nvbench2:dev:651,651,qwen3:14b,staged,77,0.0,bar,0.0,0.0,8,8,0,0.0,0.0,0.0,0.0,0.0,0.0,0.0,0.0,0.0,0.0,0.0,0.0,0.0,0.0,0.0,0.0,0.0,0.0,0.0,0.0,0.0,0.0,0.0,0.0,0.0,0.0,0.0,0.0,0.0,0.0,0.0,0.0,0.0,0.0,0.0,0.0,0.0,0.0,0.0,0.0,0.0,0.0,0.0,0.0,0.0,0.0,0.0,0.0,0.0,0.0,0.0,0.0,0.0,0.0,0.0,0.0,0.0,0.0,0.0,0.0,0.0,0.0,0.0,0.0,0.0,0.0,0.0,0.0,0.0,0.0,0.0,0.0,0.0,0.0,0.0,0.0,0.0,0.0,0.0,0.0,0.0,0.0,0.0,0.0,0.0,0.0,0.0,0.0,0.0,0.0,0.0,0.0,0.0,0.0,0.0,0.0,0.0,0.0,0.0,0.0,0.0,0.0,0.0,0.0,0.0,0.0,0.0,0.0,0.0,0.0,0.0,0.0,0.0,0.0,0.0
nvbench2:dev:655,655,qwen3:14b,staged,77,0.0,line,1.0,1.0,6,5,1,0.0,0.0,0.0,0.0,0.0,0.0,0.0,0.0,0.0,0.0,0.0,0.0,0.0,0.0,0.0,0.0,0.0,0.0,0.0,0.0,0.0,0.0,0.0,0.0,0.0,0.0,0.0,0.0,0.0,0.0,0.0,0.0,0.0,0.0,0.0,0.0,0.0,0.0,0.0,0.0,0.0,0.0,0.0,0.0,0.0,0.0,0.0,0.0,0.0,0.0,0.0,0.0,0.0,0.0,0.0,0.0,0.0,0.0,0.0,0.0,0.0,0.0,0.0,0.0,0.0,0.0,0.0,0.0,0.0,0.0,0.0,0.0,0.0,0.0,0.0,0.0,0.0,0.0,0.0,0.0,0.0,0.0,0.0,0.0,0.0,0.0,0.0,0.0,0.0,0.0,0.0,0.0,0.0,0.0,0.0,0.0,0.0,0.0,0.0,0.0,0.0,0.0,0.0,0.0,0.0,0.0,0.0,0.0,0.2,0.2,0.2,0.2,0.2,0.6837037500000065,0.0
nvbench2:dev:666,666,qwen3:14b,staged,77,0.0,line,1.0,1.0,10,3,7,0.0,0.0,0.0,0.0,0.0,0.0,0.0,0.0,0.0,0.0,0.0,0.0,0.0,0.0,0.0,0.0,0.0,0.0,0.0,0.0,0.0,0.0,0.0,0.0,0.0,0.0,0.0,0.0,0.0,0.0,0.0,0.0,0.0,0.0,0.0,0.0,0.0,0.0,0.0,0.0,0.0,0.0,0.0,0.0,0.0,0.0,0.0,0.0,0.0,0.0,0.0,0.0,0.0,0.0,0.0,0.0,0.0,0.0,0.0,0.0,0.0,0.0,0.0,0.0,0.0,0.0,0.0,0.0,0.0,0.0,0.0,0.0,0.0,0.0,0.0,0.0,0.0,0.0,0.0,0.0,0.0,0.0,0.0,0.0,0.0,0.0,0.0,0.0,0.0,0.0,0.0,0.0,0.0,0.0,0.0,0.0,0.0,0.0,0.0,0.0,0.0,0.0,0.0,0.0,0.0,0.0,0.0,0.0,0.9333333333333332,0.9333333333333332,0.9333333333333332,0.9333333333333332,0.9333333333333332,1.481243083999999,0.0
nvbench2:dev:672,672,qwen3:14b,staged,77,0.0,bar,1.0,1.0,3,1,2,1.0,1.0,1.0,0.25,1.0,0.4,1.0,0.25,0.5,0.3333333333333333,1.0,0.25,0.5,0.3333333333333333,1.0,0.25,0.5,0.3333333333333333,1.0,0.25,0.5,0.3333333333333333,1.0,0.25,0.5,0.3333333333333333,1.0,0.25,0.5,0.3333333333333333,1.0,0.25,0.5,0.3333333333333333,1.0,0.25,0.5,0.3333333333333333,1.0,0.25,0.5,0.3333333333333333,1.0,0.25,0.5,0.3333333333333333,1.0,0.25,0.5,0.3333333333333333,1.0,0.25,0.5,0.3333333333333333,1.0,0.25,0.5,0.3333333333333333,1.0,0.25,0.5,0.3333333333333333,1.0,0.25,0.5,0.3333333333333333,1.0,0.25,0.5,0.3333333333333333,1.0,0.25,0.5,0.3333333333333333,1.0,0.25,0.5,0.3333333333333333,1.0,0.25,0.5,0.3333333333333333,1.0,1.0,0.25,1.0,0.4,1.0,0.25,0.5,0.3333333333333333,1.0,0.25,0.5,0.3333333333333333,1.0,1.0,0.25,1.0,0.4,1.0,0.25,0.5,0.3333333333333333,1.0,0.25,0.5,0.3333333333333333,1.0,1.0,1.0,1.0,1.0,0.7673109169999748,0.0
nvbench2:dev:675,675,qwen3:14b,staged,77,0.0,bar,1.0,1.0,4,3,1,1.0,1.0,1.0,0.25,1.0,0.4,1.0,0.25,1.0,0.4,1.0,0.25,1.0,0.4,1.0,0.25,1.0,0.4,1.0,0.25,1.0,0.4,1.0,0.25,1.0,0.4,1.0,0.25,1.0,0.4,1.0,0.25,1.0,0.4,1.0,0.25,1.0,0.4,1.0,0.25,1.0,0.4,1.0,0.25,1.0,0.4,1.0,0.25,1.0,0.4,1.0,0.25,1.0,0.4,1.0,0.25,1.0,0.4,1.0,0.25,1.0,0.4,1.0,0.25,1.0,0.4,1.0,0.25,1.0,0.4,1.0,0.25,1.0,0.4,1.0,0.25,1.0,0.4,1.0,0.25,1.0,0.4,1.0,1.0,0.25,1.0,0.4,1.0,0.25,1.0,0.4,1.0,0.25,1.0,0.4,1.0,1.0,0.25,1.0,0.4,1.0,0.25,1.0,0.4,1.0,0.25,1.0,0.4,1.0,1.0,1.0,1.0,1.0,0.570457499999975,0.0
nvbench2:dev:681,681,qwen3:14b,staged,77,0.0,bar,1.0,1.0,7,4,3,0.0,0.0,0.0,0.0,0.0,0.0,0.0,0.0,0.0,0.0,0.0,0.0,0.0,0.0,0.0,0.0,0.0,0.0,0.0,0.0,0.0,0.0,0.0,0.0,0.0,0.0,0.0,0.0,0.0,0.0,0.0,0.0,0.0,0.0,0.0,0.0,0.0,0.0,0.0,0.0,0.0,0.0,0.0,0.0,0.0,0.0,0.0,0.0,0.0,0.0,0.0,0.0,0.0,0.0,0.0,0.0,0.0,0.0,0.0,0.0,0.0,0.0,0.0,0.0,0.0,0.0,0.0,0.0,0.0,0.0,0.0,0.0,0.0,0.0,0.0,0.0,0.0,0.0,0.0,0.0,0.0,0.0,0.0,0.0,0.0,0.0,0.0,0.0,0.0,0.0,0.0,0.0,0.0,0.0,0.0,0.0,0.0,0.0,0.0,0.0,0.0,0.0,0.0,0.0,0.0,0.0,0.0,0.0,0.64,0.64,0.64,0.64,0.64,0.9325349579999909,0.0
nvbench2:dev:683,683,qwen3:14b,staged,77,0.0,bar,1.0,1.0,6,4,2,0.0,0.0,0.0,0.0,0.0,0.0,0.0,0.0,0.0,0.0,0.0,0.0,0.0,0.0,0.0,0.0,0.0,0.0,0.0,0.0,0.0,0.0,0.0,0.0,0.0,0.0,0.0,0.0,0.0,0.0,0.0,0.0,0.0,0.0,0.0,0.0,0.0,0.0,0.0,0.0,0.0,0.0,0.0,0.0,0.0,0.0,0.0,0.0,0.0,0.0,0.0,0.0,0.0,0.0,0.0,0.0,0.0,0.0,0.0,0.0,0.0,0.0,0.0,0.0,0.0,0.0,0.0,0.0,0.0,0.0,0.0,0.0,0.0,0.0,0.0,0.0,0.0,0.0,0.0,0.0,0.0,0.0,0.0,0.0,0.0,0.0,0.0,0.0,0.0,0.0,0.0,0.0,0.0,0.0,0.0,0.0,0.0,0.0,0.0,0.0,0.0,0.0,0.0,0.0,0.0,0.0,0.0,0.0,0.9199999999999999,0.9199999999999999,0.9199999999999999,0.9199999999999999,0.9199999999999999,1.3946032080000066,0.0
nvbench2:dev:684,684,qwen3:14b,staged,77,0.0,bar,0.0,0.0,4,4,0,0.0,0.0,0.0,0.0,0.0,0.0,0.0,0.0,0.0,0.0,0.0,0.0,0.0,0.0,0.0,0.0,0.0,0.0,0.0,0.0,0.0,0.0,0.0,0.0,0.0,0.0,0.0,0.0,0.0,0.0,0.0,0.0,0.0,0.0,0.0,0.0,0.0,0.0,0.0,0.0,0.0,0.0,0.0,0.0,0.0,0.0,0.0,0.0,0.0,0.0,0.0,0.0,0.0,0.0,0.0,0.0,0.0,0.0,0.0,0.0,0.0,0.0,0.0,0.0,0.0,0.0,0.0,0.0,0.0,0.0,0.0,0.0,0.0,0.0,0.0,0.0,0.0,0.0,0.0,0.0,0.0,0.0,0.0,0.0,0.0,0.0,0.0,0.0,0.0,0.0,0.0,0.0,0.0,0.0,0.0,0.0,0.0,0.0,0.0,0.0,0.0,0.0,0.0,0.0,0.0,0.0,0.0,0.0,0.0,0.0,0.0,0.0,0.0,0.0,0.0
nvbench2:dev:713,713,qwen3:14b,staged,77,0.0,bar,1.0,1.0,5,2,3,1.0,0.5,0.0,0.0,0.0,0.0,1.0,0.2,0.5,0.28571428571428575,1.0,0.2,0.3333333333333333,0.25,1.0,0.2,0.3333333333333333,0.25,1.0,0.2,0.3333333333333333,0.25,1.0,0.2,0.3333333333333333,0.25,1.0,0.2,0.3333333333333333,0.25,1.0,0.2,0.3333333333333333,0.25,1.0,0.2,0.3333333333333333,0.25,1.0,0.2,0.3333333333333333,0.25,1.0,0.2,0.3333333333333333,0.25,1.0,0.2,0.3333333333333333,0.25,1.0,0.2,0.3333333333333333,0.25,1.0,0.2,0.3333333333333333,0.25,1.0,0.2,0.3333333333333333,0.25,1.0,0.2,0.3333333333333333,0.25,1.0,0.2,0.3333333333333333,0.25,1.0,0.2,0.3333333333333333,0.25,1.0,0.2,0.3333333333333333,0.25,1.0,0.2,0.3333333333333333,0.25,0.5,0.0,0.0,0.0,0.0,1.0,0.2,0.3333333333333333,0.25,1.0,0.2,0.3333333333333333,0.25,1.0,1.0,0.2,1.0,0.33333333333333337,1.0,0.2,0.3333333333333333,0.25,1.0,0.2,0.3333333333333333,0.25,1.0,0.8,1.0,1.0,1.0,1.3529676250000193,1.0
nvbench2:dev:715,715,qwen3:14b,staged,77,0.0,point,1.0,1.0,4,2,2,0.0,0.0,0.0,0.0,0.0,0.0,0.0,0.0,0.0,0.0,0.0,0.0,0.0,0.0,0.0,0.0,0.0,0.0,0.0,0.0,0.0,0.0,0.0,0.0,0.0,0.0,0.0,0.0,0.0,0.0,0.0,0.0,0.0,0.0,0.0,0.0,0.0,0.0,0.0,0.0,0.0,0.0,0.0,0.0,0.0,0.0,0.0,0.0,0.0,0.0,0.0,0.0,0.0,0.0,0.0,0.0,0.0,0.0,0.0,0.0,0.0,0.0,0.0,0.0,0.0,0.0,0.0,0.0,0.0,0.0,0.0,0.0,0.0,0.0,0.0,0.0,0.0,0.0,0.0,0.0,0.0,0.0,0.0,0.0,0.0,0.0,0.0,0.0,0.0,0.0,0.0,0.0,0.0,0.0,0.0,0.0,0.0,0.0,0.0,0.0,0.0,0.0,0.0,0.0,0.0,0.0,0.0,0.0,0.6285714285714286,0.5333333333333333,0.6285714285714286,0.5333333333333333,0.6285714285714286,0.7270379590000005,0.0
nvbench2:dev:716,716,qwen3:14b,staged,77,0.0,boxplot,1.0,1.0,7,5,2,1.0,0.5,0.0,0.0,0.0,0.0,1.0,0.25,0.5,0.3333333333333333,1.0,0.25,0.5,0.3333333333333333,1.0,0.25,0.5,0.3333333333333333,1.0,0.25,0.5,0.3333333333333333,1.0,0.25,0.5,0.3333333333333333,1.0,0.25,0.5,0.3333333333333333,1.0,0.25,0.5,0.3333333333333333,1.0,0.25,0.5,0.3333333333333333,1.0,0.25,0.5,0.3333333333333333,1.0,0.25,0.5,0.3333333333333333,1.0,0.25,0.5,0.3333333333333333,1.0,0.25,0.5,0.3333333333333333,1.0,0.25,0.5,0.3333333333333333,1.0,0.25,0.5,0.3333333333333333,1.0,0.25,0.5,0.3333333333333333,1.0,0.25,0.5,0.3333333333333333,1.0,0.25,0.5,0.3333333333333333,1.0,0.25,0.5,0.3333333333333333,1.0,0.25,0.5,0.3333333333333333,0.5,0.0,0.0,0.0,0.0,1.0,0.25,0.5,0.3333333333333333,1.0,0.25,0.5,0.3333333333333333,1.0,1.0,0.25,1.0,0.4,1.0,0.25,0.5,0.3333333333333333,1.0,0.25,0.5,0.3333333333333333,1.0,0.8,1.0,1.0,1.0,0.7485735829999953,1.0
nvbench2:dev:717,717,qwen3:14b,staged,77,0.0,boxplot,1.0,1.0,7,6,1,0.0,0.0,0.0,0.0,0.0,0.0,0.0,0.0,0.0,0.0,0.0,0.0,0.0,0.0,0.0,0.0,0.0,0.0,0.0,0.0,0.0,0.0,0.0,0.0,0.0,0.0,0.0,0.0,0.0,0.0,0.0,0.0,0.0,0.0,0.0,0.0,0.0,0.0,0.0,0.0,0.0,0.0,0.0,0.0,0.0,0.0,0.0,0.0,0.0,0.0,0.0,0.0,0.0,0.0,0.0,0.0,0.0,0.0,0.0,0.0,0.0,0.0,0.0,0.0,0.0,0.0,0.0,0.0,0.0,0.0,0.0,0.0,0.0,0.0,0.0,0.0,0.0,0.0,0.0,0.0,0.0,0.0,0.0,0.0,0.0,0.0,0.0,0.0,0.0,0.0,0.0,0.0,0.0,0.0,0.0,0.0,0.0,0.0,0.0,0.0,0.0,0.0,0.0,0.0,0.0,0.0,0.0,0.0,0.6,0.6,0.6,0.6,0.6,1.1321095000000128,0.0
nvbench2:dev:718,718,qwen3:14b,staged,77,0.0,boxplot,1.0,1.0,7,5,2,0.0,0.0,0.0,0.0,0.0,0.0,0.0,0.0,0.0,0.0,0.0,0.0,0.0,0.0,0.0,0.0,0.0,0.0,0.0,0.0,0.0,0.0,0.0,0.0,0.0,0.0,0.0,0.0,0.0,0.0,0.0,0.0,0.0,0.0,0.0,0.0,0.0,0.0,0.0,0.0,0.0,0.0,0.0,0.0,0.0,0.0,0.0,0.0,0.0,0.0,0.0,0.0,0.0,0.0,0.0,0.0,0.0,0.0,0.0,0.0,0.0,0.0,0.0,0.0,0.0,0.0,0.0,0.0,0.0,0.0,0.0,0.0,0.0,0.0,0.0,0.0,0.0,0.0,0.0,0.0,0.0,0.0,0.0,0.0,0.0,0.0,0.0,0.0,0.0,0.0,0.0,0.0,0.0,0.0,0.0,0.0,0.0,0.0,0.0,0.0,0.0,0.0,0.0,0.0,0.0,0.0,0.0,0.0,0.6,0.6,0.6,0.6,0.6,0.7711507500000039,0.0
nvbench2:dev:719,719,qwen3:14b,staged,77,0.0,arc,1.0,1.0,4,1,3,0.0,0.0,0.0,0.0,0.0,0.0,0.0,0.0,0.0,0.0,0.0,0.0,0.0,0.0,0.0,0.0,0.0,0.0,0.0,0.0,0.0,0.0,0.0,0.0,0.0,0.0,0.0,0.0,0.0,0.0,0.0,0.0,0.0,0.0,0.0,0.0,0.0,0.0,0.0,0.0,0.0,0.0,0.0,0.0,0.0,0.0,0.0,0.0,0.0,0.0,0.0,0.0,0.0,0.0,0.0,0.0,0.0,0.0,0.0,0.0,0.0,0.0,0.0,0.0,0.0,0.0,0.0,0.0,0.0,0.0,0.0,0.0,0.0,0.0,0.0,0.0,0.0,0.0,0.0,0.0,0.0,0.0,0.0,0.0,0.0,0.0,0.0,0.0,0.0,0.0,0.0,0.0,0.0,0.0,0.0,0.0,0.0,0.0,0.0,0.0,0.0,0.0,0.0,0.0,0.0,0.0,0.0,0.0,0.8333333333333333,0.4,0.8333333333333333,0.4,0.8333333333333333,1.2420296249999865,0.0
nvbench2:dev:721,721,qwen3:14b,staged,77,0.0,boxplot,1.0,1.0,8,5,3,0.0,0.0,0.0,0.0,0.0,0.0,0.0,0.0,0.0,0.0,0.0,0.0,0.0,0.0,0.0,0.0,0.0,0.0,0.0,0.0,0.0,0.0,0.0,0.0,0.0,0.0,0.0,0.0,0.0,0.0,0.0,0.0,0.0,0.0,0.0,0.0,0.0,0.0,0.0,0.0,0.0,0.0,0.0,0.0,0.0,0.0,0.0,0.0,0.0,0.0,0.0,0.0,0.0,0.0,0.0,0.0,0.0,0.0,0.0,0.0,0.0,0.0,0.0,0.0,0.0,0.0,0.0,0.0,0.0,0.0,0.0,0.0,0.0,0.0,0.0,0.0,0.0,0.0,0.0,0.0,0.0,0.0,0.0,0.0,0.0,0.0,0.0,0.0,0.0,0.0,0.0,0.0,0.0,0.0,0.0,0.0,0.0,0.0,0.0,0.0,0.0,0.0,0.0,0.0,0.0,0.0,0.0,0.0,0.7,0.2,0.7,0.7,0.7,1.0394517090000193,0.0
nvbench2:dev:723,723,qwen3:14b,staged,77,0.0,boxplot,0.0,0.0,3,3,0,0.0,0.0,0.0,0.0,0.0,0.0,0.0,0.0,0.0,0.0,0.0,0.0,0.0,0.0,0.0,0.0,0.0,0.0,0.0,0.0,0.0,0.0,0.0,0.0,0.0,0.0,0.0,0.0,0.0,0.0,0.0,0.0,0.0,0.0,0.0,0.0,0.0,0.0,0.0,0.0,0.0,0.0,0.0,0.0,0.0,0.0,0.0,0.0,0.0,0.0,0.0,0.0,0.0,0.0,0.0,0.0,0.0,0.0,0.0,0.0,0.0,0.0,0.0,0.0,0.0,0.0,0.0,0.0,0.0,0.0,0.0,0.0,0.0,0.0,0.0,0.0,0.0,0.0,0.0,0.0,0.0,0.0,0.0,0.0,0.0,0.0,0.0,0.0,0.0,0.0,0.0,0.0,0.0,0.0,0.0,0.0,0.0,0.0,0.0,0.0,0.0,0.0,0.0,0.0,0.0,0.0,0.0,0.0,0.0,0.0,0.0,0.0,0.0,0.0,0.0
nvbench2:dev:725,725,qwen3:14b,staged,77,0.0,boxplot,1.0,1.0,8,5,3,0.0,0.0,0.0,0.0,0.0,0.0,0.0,0.0,0.0,0.0,0.0,0.0,0.0,0.0,0.0,0.0,0.0,0.0,0.0,0.0,0.0,0.0,0.0,0.0,0.0,0.0,0.0,0.0,0.0,0.0,0.0,0.0,0.0,0.0,0.0,0.0,0.0,0.0,0.0,0.0,0.0,0.0,0.0,0.0,0.0,0.0,0.0,0.0,0.0,0.0,0.0,0.0,0.0,0.0,0.0,0.0,0.0,0.0,0.0,0.0,0.0,0.0,0.0,0.0,0.0,0.0,0.0,0.0,0.0,0.0,0.0,0.0,0.0,0.0,0.0,0.0,0.0,0.0,0.0,0.0,0.0,0.0,0.0,0.0,0.0,0.0,0.0,0.0,0.0,0.0,0.0,0.0,0.0,0.0,0.0,0.0,0.0,0.0,0.0,0.0,0.0,0.0,0.0,0.0,0.0,0.0,0.0,0.0,0.4,0.4,0.4,0.4,0.4,0.8404597500000079,0.0
nvbench2:dev:732,732,qwen3:14b,staged,77,0.0,bar+line+rect,1.0,1.0,6,4,2,1.0,0.5,0.0,0.0,0.0,0.0,1.0,0.2,0.5,0.28571428571428575,1.0,0.2,0.5,0.28571428571428575,1.0,0.2,0.5,0.28571428571428575,1.0,0.2,0.5,0.28571428571428575,1.0,0.2,0.5,0.28571428571428575,1.0,0.2,0.5,0.28571428571428575,1.0,0.2,0.5,0.28571428571428575,1.0,0.2,0.5,0.28571428571428575,1.0,0.2,0.5,0.28571428571428575,1.0,0.2,0.5,0.28571428571428575,1.0,0.2,0.5,0.28571428571428575,1.0,0.2,0.5,0.28571428571428575,1.0,0.2,0.5,0.28571428571428575,1.0,0.2,0.5,0.28571428571428575,1.0,0.2,0.5,0.28571428571428575,1.0,0.2,0.5,0.28571428571428575,1.0,0.2,0.5,0.28571428571428575,1.0,0.2,0.5,0.28571428571428575,1.0,0.2,0.5,0.28571428571428575,0.5,0.0,0.0,0.0,0.0,1.0,0.2,0.5,0.28571428571428575,1.0,0.2,0.5,0.28571428571428575,0.5,0.0,0.0,0.0,0.0,1.0,0.2,0.5,0.28571428571428575,1.0,0.2,0.5,0.28571428571428575,1.0,0.52,1.0,0.52,1.0,0.7725900000000081,0.0
nvbench2:dev:733,733,qwen3:14b,staged,77,0.0,bar+line+rect,1.0,1.0,13,4,9,0.0,0.0,0.0,0.0,0.0,0.0,0.0,0.0,0.0,0.0,0.0,0.0,0.0,0.0,0.0,0.0,0.0,0.0,0.0,0.0,0.0,0.0,0.0,0.0,0.0,0.0,0.0,0.0,0.0,0.0,0.0,0.0,0.0,0.0,0.0,0.0,0.0,0.0,0.0,0.0,0.0,0.0,0.0,0.0,0.0,0.0,0.0,0.0,0.0,0.0,0.0,0.0,0.0,0.0,0.0,0.0,0.0,0.0,0.0,0.0,0.0,0.0,0.0,0.0,0.0,0.0,0.0,0.0,0.0,0.0,0.0,0.0,0.0,0.0,0.0,0.0,0.0,0.0,0.0,0.0,0.0,0.0,0.0,0.0,0.0,0.0,0.0,0.0,0.0,0.0,0.0,0.0,0.0,0.0,0.0,0.0,0.0,0.0,0.0,0.0,0.0,0.0,0.0,0.0,0.0,0.0,0.0,0.0,0.9199999999999999,0.9199999999999999,0.9199999999999999,0.9199999999999999,0.9199999999999999,1.701057708999997,0.0
nvbench2:dev:17,17,qwen3:14b,union,77,0.0,line,1.0,1.0,19,12,7,0.0,0.0,0.0,0.0,0.0,0.0,0.0,0.0,0.0,0.0,0.0,0.0,0.0,0.0,0.0,0.0,0.0,0.0,0.0,0.0,0.0,0.0,0.0,0.0,0.0,0.0,0.0,0.0,0.0,0.0,0.0,0.0,0.0,0.0,0.0,0.0,0.0,0.0,0.0,0.0,0.0,0.0,0.0,0.0,0.0,0.0,0.0,0.0,0.0,0.0,0.0,0.0,0.0,0.0,0.0,0.0,0.0,0.0,0.0,0.0,0.0,0.0,0.0,0.0,0.0,0.0,0.0,0.0,0.0,0.0,0.0,0.0,0.0,0.0,0.0,0.0,0.0,0.0,0.0,0.0,0.0,0.0,0.0,0.0,0.0,0.0,0.0,0.0,0.0,0.0,0.0,0.0,0.0,0.0,0.0,0.0,0.0,0.0,0.0,0.0,0.0,0.0,0.0,0.0,0.0,0.0,0.0,0.0,0.72,0.44000000000000006,0.72,0.52,0.72,1.724240458,0.0
nvbench2:dev:22,22,qwen3:14b,union,77,0.0,boxplot,1.0,1.0,19,5,14,0.0,0.0,0.0,0.0,0.0,0.0,0.0,0.0,0.0,0.0,0.0,0.0,0.0,0.0,0.0,0.0,0.0,0.0,0.0,0.0,0.0,0.0,0.0,0.0,0.0,0.0,0.0,0.0,0.0,0.0,0.0,0.0,0.0,0.0,0.0,0.0,0.0,0.0,0.0,0.0,0.0,0.0,0.0,0.0,0.0,0.0,0.0,0.0,0.0,0.0,0.0,0.0,0.0,0.0,0.0,0.0,0.0,0.0,0.0,0.0,0.0,0.0,0.0,0.0,0.0,0.0,0.0,0.0,0.0,0.0,0.0,0.0,0.0,0.0,0.0,0.0,0.0,0.0,0.0,0.0,0.0,0.0,0.0,0.0,0.0,0.0,0.0,0.0,0.0,0.0,0.0,0.0,0.0,0.0,0.0,0.0,0.0,0.0,0.0,0.0,0.0,0.0,0.0,0.0,0.0,0.0,0.0,0.0,1.0,0.7,1.0,0.7,1.0,2.1419872079999998,0.0
nvbench2:dev:23,23,qwen3:14b,union,77,0.0,point,1.0,1.0,16,6,10,0.0,0.0,0.0,0.0,0.0,0.0,0.0,0.0,0.0,0.0,0.0,0.0,0.0,0.0,0.0,0.0,0.0,0.0,0.0,0.0,0.0,0.0,0.0,0.0,0.0,0.0,0.0,0.0,0.0,0.0,0.0,0.0,0.0,0.0,0.0,0.0,0.0,0.0,0.0,0.0,0.0,0.0,0.0,0.0,0.0,0.0,0.0,0.0,0.0,0.0,0.0,0.0,0.0,0.0,0.0,0.0,0.0,0.0,0.0,0.0,0.0,0.0,0.0,0.0,0.0,0.0,0.0,0.0,0.0,0.0,0.0,0.0,0.0,0.0,0.0,0.0,0.0,0.0,0.0,0.0,0.0,0.0,0.0,0.0,0.0,0.0,0.0,0.0,0.0,0.0,0.0,0.0,0.0,0.0,0.0,0.0,0.0,0.0,0.0,0.0,0.0,0.0,0.0,0.0,0.0,0.0,0.0,0.0,0.64,0.44000000000000006,0.48571428571428577,0.44000000000000006,0.48571428571428577,2.3115204590000005,0.0
nvbench2:dev:25,25,qwen3:14b,union,77,0.0,rect,1.0,1.0,25,6,19,0.0,0.0,0.0,0.0,0.0,0.0,0.0,0.0,0.0,0.0,0.0,0.0,0.0,0.0,0.0,0.0,0.0,0.0,0.0,0.0,0.0,0.0,0.0,0.0,0.0,0.0,0.0,0.0,0.0,0.0,0.0,0.0,0.0,0.0,0.0,0.0,0.0,0.0,0.0,0.0,0.0,0.0,0.0,0.0,0.0,0.0,0.0,0.0,0.0,0.0,0.0,0.0,0.0,0.0,0.0,0.0,0.0,0.0,0.0,0.0,0.0,0.0,0.0,0.0,0.0,0.0,0.0,0.0,0.0,0.0,0.0,0.0,0.0,0.0,0.0,0.0,0.0,0.0,0.0,0.0,0.0,0.0,0.0,0.0,0.0,0.0,0.0,0.0,0.0,0.0,0.0,0.0,0.0,0.0,0.0,0.0,0.0,0.0,0.0,0.0,0.0,0.0,0.0,0.0,0.0,0.0,0.0,0.0,0.9333333333333332,0.9333333333333332,0.9333333333333332,0.44000000000000006,0.9333333333333332,3.0833047910000007,0.0
nvbench2:dev:33,33,qwen3:14b,union,77,0.0,arc,1.0,1.0,19,14,5,0.0,0.0,0.0,0.0,0.0,0.0,0.0,0.0,0.0,0.0,0.0,0.0,0.0,0.0,0.0,0.0,0.0,0.0,0.0,0.0,0.0,0.0,0.0,0.0,0.0,0.0,0.0,0.0,0.0,0.0,0.0,0.0,0.0,0.0,0.0,0.0,0.0,0.0,0.0,0.0,0.0,0.0,0.0,0.0,0.0,0.0,0.0,0.0,0.0,0.0,0.0,0.0,0.0,0.0,0.0,0.0,0.0,0.0,0.0,0.0,0.0,0.0,0.0,0.0,0.0,0.0,0.0,0.0,0.0,0.0,0.0,0.0,0.0,0.0,0.0,0.0,0.0,0.0,0.0,0.0,0.0,0.0,0.0,0.0,0.0,0.0,0.0,0.0,0.0,0.0,0.0,0.0,0.0,0.0,0.0,0.0,0.0,0.0,0.0,0.0,0.0,0.0,0.0,0.0,0.0,0.0,0.0,0.0,0.8,0.8,0.8,0.8,0.8,1.6800007499999996,0.0
nvbench2:dev:34,34,qwen3:14b,union,77,0.0,point,1.0,1.0,12,6,6,1.0,1.0,1.0,0.5,1.0,0.6666666666666666,1.0,0.5,0.5,0.5,1.0,0.5,0.3333333333333333,0.4,1.0,0.5,0.25,0.3333333333333333,1.0,0.5,0.2,0.28571428571428575,1.0,0.5,0.16666666666666666,0.25,1.0,0.5,0.16666666666666666,0.25,1.0,0.5,0.16666666666666666,0.25,1.0,0.5,0.16666666666666666,0.25,1.0,0.5,0.16666666666666666,0.25,1.0,0.5,0.16666666666666666,0.25,1.0,0.5,0.16666666666666666,0.25,1.0,0.5,0.16666666666666666,0.25,1.0,0.5,0.16666666666666666,0.25,1.0,0.5,0.16666666666666666,0.25,1.0,0.5,0.16666666666666666,0.25,1.0,0.5,0.16666666666666666,0.25,1.0,0.5,0.16666666666666666,0.25,1.0,0.5,0.16666666666666666,0.25,1.0,0.5,0.16666666666666666,0.25,1.0,1.0,0.5,1.0,0.6666666666666666,1.0,0.5,0.3333333333333333,0.4,1.0,0.5,0.2,0.28571428571428575,0.3333333333333333,0.0,0.0,0.0,0.0,1.0,0.5,0.3333333333333333,0.4,1.0,0.5,0.2,0.28571428571428575,1.0,1.0,1.0,1.0,1.0,1.6059175000000003,-1.0
nvbench2:dev:35,35,qwen3:14b,union,77,0.0,bar+line+point+rect,1.0,1.0,16,7,9,0.0,0.0,0.0,0.0,0.0,0.0,0.0,0.0,0.0,0.0,0.0,0.0,0.0,0.0,0.0,0.0,0.0,0.0,0.0,0.0,0.0,0.0,0.0,0.0,0.0,0.0,0.0,0.0,0.0,0.0,0.0,0.0,0.0,0.0,0.0,0.0,0.0,0.0,0.0,0.0,0.0,0.0,0.0,0.0,0.0,0.0,0.0,0.0,0.0,0.0,0.0,0.0,0.0,0.0,0.0,0.0,0.0,0.0,0.0,0.0,0.0,0.0,0.0,0.0,0.0,0.0,0.0,0.0,0.0,0.0,0.0,0.0,0.0,0.0,0.0,0.0,0.0,0.0,0.0,0.0,0.0,0.0,0.0,0.0,0.0,0.0,0.0,0.0,0.0,0.0,0.0,0.0,0.0,0.0,0.0,0.0,0.0,0.0,0.0,0.0,0.0,0.0,0.0,0.0,0.0,0.0,0.0,0.0,0.8,0.7333333333333333,0.8,0.8,0.8,1.8603098750000004,0.0
nvbench2:dev:39,39,qwen3:14b,union,77,0.0,arc,1.0,1.0,17,13,4,0.0,0.0,0.0,0.0,0.0,0.0,0.0,0.0,0.0,0.0,0.0,0.0,0.0,0.0,0.0,0.0,0.0,0.0,0.0,0.0,0.0,0.0,0.0,0.0,0.0,0.0,0.0,0.0,0.0,0.0,0.0,0.0,0.0,0.0,0.0,0.0,0.0,0.0,0.0,0.0,0.0,0.0,0.0,0.0,0.0,0.0,0.0,0.0,0.0,0.0,0.0,0.0,0.0,0.0,0.0,0.0,0.0,0.0,0.0,0.0,0.0,0.0,0.0,0.0,0.0,0.0,0.0,0.0,0.0,0.0,0.0,0.0,0.0,0.0,0.0,0.0,0.0,0.0,0.0,0.0,0.0,0.0,0.0,0.0,0.0,0.0,0.0,0.0,0.0,0.0,0.0,0.0,0.0,0.0,0.0,0.0,0.0,0.0,0.0,0.0,0.0,0.0,0.0,0.0,0.0,0.0,0.0,0.0,1.0,1.0,1.0,1.0,1.0,1.7674770420000012,0.0
nvbench2:dev:40,40,qwen3:14b,union,77,0.0,rect,1.0,1.0,29,8,21,0.0,0.0,0.0,0.0,0.0,0.0,0.0,0.0,0.0,0.0,0.0,0.0,0.0,0.0,0.0,0.0,0.0,0.0,0.0,0.0,0.0,0.0,0.0,0.0,0.0,0.0,0.0,0.0,0.0,0.0,0.0,0.0,0.0,0.0,0.0,0.0,0.0,0.0,0.0,0.0,0.0,0.0,0.0,0.0,0.0,0.0,0.0,0.0,0.0,0.0,0.0,0.0,0.0,0.0,0.0,0.0,0.0,0.0,0.0,0.0,0.0,0.0,0.0,0.0,0.0,0.0,0.0,0.0,0.0,0.0,0.0,0.0,0.0,0.0,0.0,0.0,0.0,0.0,0.0,0.0,0.0,0.0,0.0,0.0,0.0,0.0,0.0,0.0,0.0,0.0,0.0,0.0,0.0,0.0,0.0,0.0,0.0,0.0,0.0,0.0,0.0,0.0,0.0,0.0,0.0,0.0,0.0,0.0,1.0,0.6666666666666667,0.7333333333333333,0.6666666666666667,0.8666666666666666,3.699808375,0.0
nvbench2:dev:41,41,qwen3:14b,union,77,0.0,arc,1.0,1.0,13,8,5,1.0,1.0,1.0,0.3333333333333333,1.0,0.5,1.0,0.3333333333333333,0.5,0.4,1.0,0.3333333333333333,0.3333333333333333,0.3333333333333333,1.0,0.3333333333333333,0.25,0.28571428571428575,1.0,0.3333333333333333,0.2,0.25,1.0,0.3333333333333333,0.2,0.25,1.0,0.3333333333333333,0.2,0.25,1.0,0.3333333333333333,0.2,0.25,1.0,0.3333333333333333,0.2,0.25,1.0,0.3333333333333333,0.2,0.25,1.0,0.3333333333333333,0.2,0.25,1.0,0.3333333333333333,0.2,0.25,1.0,0.3333333333333333,0.2,0.25,1.0,0.3333333333333333,0.2,0.25,1.0,0.3333333333333333,0.2,0.25,1.0,0.3333333333333333,0.2,0.25,1.0,0.3333333333333333,0.2,0.25,1.0,0.3333333333333333,0.2,0.25,1.0,0.3333333333333333,0.2,0.25,1.0,0.3333333333333333,0.2,0.25,1.0,1.0,0.3333333333333333,1.0,0.5,1.0,0.3333333333333333,0.3333333333333333,0.3333333333333333,1.0,0.3333333333333333,0.2,0.25,0.25,0.0,0.0,0.0,0.0,0.0,0.0,0.0,0.0,1.0,0.3333333333333333,0.2,0.25,1.0,1.0,1.0,1.0,1.0,1.7643992919999967,-1.0
nvbench2:dev:48,48,qwen3:14b,union,77,0.0,arc,1.0,1.0,14,3,11,1.0,1.0,1.0,0.5,1.0,0.6666666666666666,1.0,0.5,0.5,0.5,1.0,0.5,0.3333333333333333,0.4,1.0,0.5,0.25,0.3333333333333333,1.0,0.5,0.2,0.28571428571428575,1.0,0.5,0.16666666666666666,0.25,1.0,0.5,0.14285714285714285,0.22222222222222224,1.0,0.5,0.125,0.2,1.0,0.5,0.1111111111111111,0.1818181818181818,1.0,0.5,0.1,0.16666666666666669,1.0,0.5,0.09090909090909091,0.15384615384615385,1.0,0.5,0.09090909090909091,0.15384615384615385,1.0,0.5,0.09090909090909091,0.15384615384615385,1.0,0.5,0.09090909090909091,0.15384615384615385,1.0,0.5,0.09090909090909091,0.15384615384615385,1.0,0.5,0.09090909090909091,0.15384615384615385,1.0,0.5,0.09090909090909091,0.15384615384615385,1.0,0.5,0.09090909090909091,0.15384615384615385,1.0,0.5,0.09090909090909091,0.15384615384615385,1.0,0.5,0.09090909090909091,0.15384615384615385,1.0,1.0,0.5,1.0,0.6666666666666666,1.0,0.5,0.3333333333333333,0.4,1.0,0.5,0.2,0.28571428571428575,0.5,0.0,0.0,0.0,0.0,1.0,0.5,0.3333333333333333,0.4,1.0,0.5,0.2,0.28571428571428575,1.0,1.0,1.0,1.0,1.0,2.1143576250000002,-1.0
nvbench2:dev:49,49,qwen3:14b,union,77,0.0,line,1.0,1.0,19,2,17,0.0,0.0,0.0,0.0,0.0,0.0,0.0,0.0,0.0,0.0,0.0,0.0,0.0,0.0,0.0,0.0,0.0,0.0,0.0,0.0,0.0,0.0,0.0,0.0,0.0,0.0,0.0,0.0,0.0,0.0,0.0,0.0,0.0,0.0,0.0,0.0,0.0,0.0,0.0,0.0,0.0,0.0,0.0,0.0,0.0,0.0,0.0,0.0,0.0,0.0,0.0,0.0,0.0,0.0,0.0,0.0,0.0,0.0,0.0,0.0,0.0,0.0,0.0,0.0,0.0,0.0,0.0,0.0,0.0,0.0,0.0,0.0,0.0,0.0,0.0,0.0,0.0,0.0,0.0,0.0,0.0,0.0,0.0,0.0,0.0,0.0,0.0,0.0,0.0,0.0,0.0,0.0,0.0,0.0,0.0,0.0,0.0,0.0,0.0,0.0,0.0,0.0,0.0,0.0,0.0,0.0,0.0,0.0,1.0,0.9,0.9,0.9,0.9,2.906888166999998,0.0
nvbench2:dev:51,51,qwen3:14b,union,77,0.0,bar,1.0,1.0,13,6,7,0.0,0.0,0.0,0.0,0.0,0.0,0.0,0.0,0.0,0.0,0.0,0.0,0.0,0.0,0.0,0.0,0.0,0.0,0.0,0.0,0.0,0.0,0.0,0.0,0.0,0.0,0.0,0.0,0.0,0.0,0.0,0.0,0.0,0.0,0.0,0.0,0.0,0.0,0.0,0.0,0.0,0.0,0.0,0.0,0.0,0.0,0.0,0.0,0.0,0.0,0.0,0.0,0.0,0.0,0.0,0.0,0.0,0.0,0.0,0.0,0.0,0.0,0.0,0.0,0.0,0.0,0.0,0.0,0.0,0.0,0.0,0.0,0.0,0.0,0.0,0.0,0.0,0.0,0.0,0.0,0.0,0.0,0.0,0.0,0.0,0.0,0.0,0.0,0.0,0.0,0.0,0.0,0.0,0.0,0.0,0.0,0.0,0.0,0.0,0.0,0.0,0.0,0.0,0.0,0.0,0.0,0.0,0.0,0.9199999999999999,0.6533333333333333,0.9199999999999999,0.9199999999999999,0.9199999999999999,1.985293458000001,0.0
nvbench2:dev:54,54,qwen3:14b,union,77,0.0,bar,1.0,1.0,15,7,8,0.0,0.0,0.0,0.0,0.0,0.0,0.0,0.0,0.0,0.0,0.0,0.0,0.0,0.0,0.0,0.0,0.0,0.0,0.0,0.0,0.0,0.0,0.0,0.0,0.0,0.0,0.0,0.0,0.0,0.0,0.0,0.0,0.0,0.0,0.0,0.0,0.0,0.0,0.0,0.0,0.0,0.0,0.0,0.0,0.0,0.0,0.0,0.0,0.0,0.0,0.0,0.0,0.0,0.0,0.0,0.0,0.0,0.0,0.0,0.0,0.0,0.0,0.0,0.0,0.0,0.0,0.0,0.0,0.0,0.0,0.0,0.0,0.0,0.0,0.0,0.0,0.0,0.0,0.0,0.0,0.0,0.0,0.0,0.0,0.0,0.0,0.0,0.0,0.0,0.0,0.0,0.0,0.0,0.0,0.0,0.0,0.0,0.0,0.0,0.0,0.0,0.0,0.0,0.0,0.0,0.0,0.0,0.0,0.9199999999999999,0.44000000000000006,0.9199999999999999,0.9199999999999999,0.9199999999999999,2.0913614580000015,0.0
nvbench2:dev:57,57,qwen3:14b,union,77,0.0,rect,1.0,1.0,23,9,14,0.0,0.0,0.0,0.0,0.0,0.0,0.0,0.0,0.0,0.0,0.0,0.0,0.0,0.0,0.0,0.0,0.0,0.0,0.0,0.0,0.0,0.0,0.0,0.0,0.0,0.0,0.0,0.0,0.0,0.0,0.0,0.0,0.0,0.0,0.0,0.0,0.0,0.0,0.0,0.0,0.0,0.0,0.0,0.0,0.0,0.0,0.0,0.0,0.0,0.0,0.0,0.0,0.0,0.0,0.0,0.0,0.0,0.0,0.0,0.0,0.0,0.0,0.0,0.0,0.0,0.0,0.0,0.0,0.0,0.0,0.0,0.0,0.0,0.0,0.0,0.0,0.0,0.0,0.0,0.0,0.0,0.0,0.0,0.0,0.0,0.0,0.0,0.0,0.0,0.0,0.0,0.0,0.0,0.0,0.0,0.0,0.0,0.0,0.0,0.0,0.0,0.0,0.0,0.0,0.0,0.0,0.0,0.0,1.0,0.9333333333333332,1.0,1.0,1.0,2.673874167000001,0.0
nvbench2:dev:61,61,qwen3:14b,union,77,0.0,arc,1.0,1.0,11,8,3,1.0,1.0,1.0,0.5,1.0,0.6666666666666666,1.0,0.5,0.5,0.5,1.0,0.5,0.3333333333333333,0.4,1.0,0.5,0.3333333333333333,0.4,1.0,0.5,0.3333333333333333,0.4,1.0,0.5,0.3333333333333333,0.4,1.0,0.5,0.3333333333333333,0.4,1.0,0.5,0.3333333333333333,0.4,1.0,0.5,0.3333333333333333,0.4,1.0,0.5,0.3333333333333333,0.4,1.0,0.5,0.3333333333333333,0.4,1.0,0.5,0.3333333333333333,0.4,1.0,0.5,0.3333333333333333,0.4,1.0,0.5,0.3333333333333333,0.4,1.0,0.5,0.3333333333333333,0.4,1.0,0.5,0.3333333333333333,0.4,1.0,0.5,0.3333333333333333,0.4,1.0,0.5,0.3333333333333333,0.4,1.0,0.5,0.3333333333333333,0.4,1.0,0.5,0.3333333333333333,0.4,1.0,1.0,0.5,1.0,0.6666666666666666,1.0,0.5,0.3333333333333333,0.4,1.0,0.5,0.3333333333333333,0.4,0.5,0.0,0.0,0.0,0.0,1.0,0.5,0.3333333333333333,0.4,1.0,0.5,0.3333333333333333,0.4,1.0,1.0,1.0,1.0,1.0,1.2760724170000017,-1.0
nvbench2:dev:63,63,qwen3:14b,union,77,0.0,arc,1.0,1.0,32,25,7,0.0,0.0,0.0,0.0,0.0,0.0,0.0,0.0,0.0,0.0,0.0,0.0,0.0,0.0,0.0,0.0,0.0,0.0,0.0,0.0,0.0,0.0,0.0,0.0,0.0,0.0,0.0,0.0,0.0,0.0,0.0,0.0,0.0,0.0,0.0,0.0,0.0,0.0,0.0,0.0,0.0,0.0,0.0,0.0,0.0,0.0,0.0,0.0,0.0,0.0,0.0,0.0,0.0,0.0,0.0,0.0,0.0,0.0,0.0,0.0,0.0,0.0,0.0,0.0,0.0,0.0,0.0,0.0,0.0,0.0,0.0,0.0,0.0,0.0,0.0,0.0,0.0,0.0,0.0,0.0,0.0,0.0,0.0,0.0,0.0,0.0,0.0,0.0,0.0,0.0,0.0,0.0,0.0,0.0,0.0,0.0,0.0,0.0,0.0,0.0,0.0,0.0,0.0,0.0,0.0,0.0,0.0,0.0,1.0,0.7,1.0,1.0,1.0,1.8288751669999996,0.0
nvbench2:dev:68,68,qwen3:14b,union,77,0.0,arc,1.0,1.0,17,11,6,0.0,0.0,0.0,0.0,0.0,0.0,0.0,0.0,0.0,0.0,0.0,0.0,0.0,0.0,0.0,0.0,0.0,0.0,0.0,0.0,0.0,0.0,0.0,0.0,0.0,0.0,0.0,0.0,0.0,0.0,0.0,0.0,0.0,0.0,0.0,0.0,0.0,0.0,0.0,0.0,0.0,0.0,0.0,0.0,0.0,0.0,0.0,0.0,0.0,0.0,0.0,0.0,0.0,0.0,0.0,0.0,0.0,0.0,0.0,0.0,0.0,0.0,0.0,0.0,0.0,0.0,0.0,0.0,0.0,0.0,0.0,0.0,0.0,0.0,0.0,0.0,0.0,0.0,0.0,0.0,0.0,0.0,0.0,0.0,0.0,0.0,0.0,0.0,0.0,0.0,0.0,0.0,0.0,0.0,0.0,0.0,0.0,0.0,0.0,0.0,0.0,0.0,0.0,0.0,0.0,0.0,0.0,0.0,1.0,0.08,1.0,1.0,1.0,2.0408951249999987,0.0
nvbench2:dev:72,72,qwen3:14b,union,77,0.0,arc,1.0,1.0,18,16,2,0.0,0.0,0.0,0.0,0.0,0.0,0.0,0.0,0.0,0.0,0.0,0.0,0.0,0.0,0.0,0.0,0.0,0.0,0.0,0.0,0.0,0.0,0.0,0.0,0.0,0.0,0.0,0.0,0.0,0.0,0.0,0.0,0.0,0.0,0.0,0.0,0.0,0.0,0.0,0.0,0.0,0.0,0.0,0.0,0.0,0.0,0.0,0.0,0.0,0.0,0.0,0.0,0.0,0.0,0.0,0.0,0.0,0.0,0.0,0.0,0.0,0.0,0.0,0.0,0.0,0.0,0.0,0.0,0.0,0.0,0.0,0.0,0.0,0.0,0.0,0.0,0.0,0.0,0.0,0.0,0.0,0.0,0.0,0.0,0.0,0.0,0.0,0.0,0.0,0.0,0.0,0.0,0.0,0.0,0.0,0.0,0.0,0.0,0.0,0.0,0.0,0.0,0.0,0.0,0.0,0.0,0.0,0.0,1.0,1.0,1.0,1.0,1.0,1.540572333,0.0
nvbench2:dev:73,73,qwen3:14b,union,77,0.0,arc,1.0,1.0,15,14,1,0.0,0.0,0.0,0.0,0.0,0.0,0.0,0.0,0.0,0.0,0.0,0.0,0.0,0.0,0.0,0.0,0.0,0.0,0.0,0.0,0.0,0.0,0.0,0.0,0.0,0.0,0.0,0.0,0.0,0.0,0.0,0.0,0.0,0.0,0.0,0.0,0.0,0.0,0.0,0.0,0.0,0.0,0.0,0.0,0.0,0.0,0.0,0.0,0.0,0.0,0.0,0.0,0.0,0.0,0.0,0.0,0.0,0.0,0.0,0.0,0.0,0.0,0.0,0.0,0.0,0.0,0.0,0.0,0.0,0.0,0.0,0.0,0.0,0.0,0.0,0.0,0.0,0.0,0.0,0.0,0.0,0.0,0.0,0.0,0.0,0.0,0.0,0.0,0.0,0.0,0.0,0.0,0.0,0.0,0.0,0.0,0.0,0.0,0.0,0.0,0.0,0.0,0.0,0.0,0.0,0.0,0.0,0.0,0.8,0.8,0.8,0.8,0.8,0.40869508400000143,0.0
nvbench2:dev:76,76,qwen3:14b,union,77,0.0,bar,1.0,1.0,18,9,9,1.0,1.0,1.0,0.2,1.0,0.33333333333333337,1.0,0.2,0.5,0.28571428571428575,1.0,0.2,0.3333333333333333,0.25,1.0,0.2,0.25,0.22222222222222224,1.0,0.2,0.2,0.20000000000000004,1.0,0.2,0.16666666666666666,0.1818181818181818,1.0,0.2,0.14285714285714285,0.16666666666666666,1.0,0.2,0.125,0.15384615384615385,1.0,0.2,0.1111111111111111,0.14285714285714285,1.0,0.2,0.1111111111111111,0.14285714285714285,1.0,0.2,0.1111111111111111,0.14285714285714285,1.0,0.2,0.1111111111111111,0.14285714285714285,1.0,0.2,0.1111111111111111,0.14285714285714285,1.0,0.2,0.1111111111111111,0.14285714285714285,1.0,0.2,0.1111111111111111,0.14285714285714285,1.0,0.2,0.1111111111111111,0.14285714285714285,1.0,0.2,0.1111111111111111,0.14285714285714285,1.0,0.2,0.1111111111111111,0.14285714285714285,1.0,0.2,0.1111111111111111,0.14285714285714285,1.0,0.2,0.1111111111111111,0.14285714285714285,1.0,1.0,0.2,1.0,0.33333333333333337,1.0,0.2,0.3333333333333333,0.25,1.0,0.2,0.2,0.20000000000000004,1.0,1.0,0.2,1.0,0.33333333333333337,1.0,0.2,0.3333333333333333,0.25,1.0,0.2,0.2,0.20000000000000004,1.0,1.0,1.0,1.0,1.0,2.498281542000001,0.0
nvbench2:dev:83,83,qwen3:14b,union,77,0.0,arc,1.0,1.0,11,8,3,1.0,1.0,1.0,0.25,1.0,0.4,1.0,0.25,0.5,0.3333333333333333,1.0,0.25,0.3333333333333333,0.28571428571428575,1.0,0.25,0.3333333333333333,0.28571428571428575,1.0,0.25,0.3333333333333333,0.28571428571428575,1.0,0.25,0.3333333333333333,0.28571428571428575,1.0,0.25,0.3333333333333333,0.28571428571428575,1.0,0.25,0.3333333333333333,0.28571428571428575,1.0,0.25,0.3333333333333333,0.28571428571428575,1.0,0.25,0.3333333333333333,0.28571428571428575,1.0,0.25,0.3333333333333333,0.28571428571428575,1.0,0.25,0.3333333333333333,0.28571428571428575,1.0,0.25,0.3333333333333333,0.28571428571428575,1.0,0.25,0.3333333333333333,0.28571428571428575,1.0,0.25,0.3333333333333333,0.28571428571428575,1.0,0.25,0.3333333333333333,0.28571428571428575,1.0,0.25,0.3333333333333333,0.28571428571428575,1.0,0.25,0.3333333333333333,0.28571428571428575,1.0,0.25,0.3333333333333333,0.28571428571428575,1.0,0.25,0.3333333333333333,0.28571428571428575,1.0,1.0,0.25,1.0,0.4,1.0,0.25,0.3333333333333333,0.28571428571428575,1.0,0.25,0.3333333333333333,0.28571428571428575,0.5,0.0,0.0,0.0,0.0,1.0,0.25,0.3333333333333333,0.28571428571428575,1.0,0.25,0.3333333333333333,0.28571428571428575,1.0,1.0,1.0,1.0,1.0,1.3017500000000055,-1.0
nvbench2:dev:84,84,qwen3:14b,union,77,0.0,rect,1.0,1.0,29,14,15,0.0,0.0,0.0,0.0,0.0,0.0,0.0,0.0,0.0,0.0,0.0,0.0,0.0,0.0,0.0,0.0,0.0,0.0,0.0,0.0,0.0,0.0,0.0,0.0,0.0,0.0,0.0,0.0,0.0,0.0,0.0,0.0,0.0,0.0,0.0,0.0,0.0,0.0,0.0,0.0,0.0,0.0,0.0,0.0,0.0,0.0,0.0,0.0,0.0,0.0,0.0,0.0,0.0,0.0,0.0,0.0,0.0,0.0,0.0,0.0,0.0,0.0,0.0,0.0,0.0,0.0,0.0,0.0,0.0,0.0,0.0,0.0,0.0,0.0,0.0,0.0,0.0,0.0,0.0,0.0,0.0,0.0,0.0,0.0,0.0,0.0,0.0,0.0,0.0,0.0,0.0,0.0,0.0,0.0,0.0,0.0,0.0,0.0,0.0,0.0,0.0,0.0,0.0,0.0,0.0,0.0,0.0,0.0,1.0,0.8666666666666668,0.8800000000000001,0.8666666666666668,0.8666666666666668,2.517068457999997,0.0
nvbench2:dev:89,89,qwen3:14b,union,77,0.0,arc,1.0,1.0,24,16,8,1.0,0.16666666666666666,0.0,0.0,0.0,0.0,0.0,0.0,0.0,0.0,0.0,0.0,0.0,0.0,0.0,0.0,0.0,0.0,0.0,0.0,0.0,0.0,1.0,0.3333333333333333,0.16666666666666666,0.2222222222222222,1.0,0.3333333333333333,0.14285714285714285,0.2,1.0,0.3333333333333333,0.125,0.18181818181818182,1.0,0.3333333333333333,0.125,0.18181818181818182,1.0,0.3333333333333333,0.125,0.18181818181818182,1.0,0.3333333333333333,0.125,0.18181818181818182,1.0,0.3333333333333333,0.125,0.18181818181818182,1.0,0.3333333333333333,0.125,0.18181818181818182,1.0,0.3333333333333333,0.125,0.18181818181818182,1.0,0.3333333333333333,0.125,0.18181818181818182,1.0,0.3333333333333333,0.125,0.18181818181818182,1.0,0.3333333333333333,0.125,0.18181818181818182,1.0,0.3333333333333333,0.125,0.18181818181818182,1.0,0.3333333333333333,0.125,0.18181818181818182,1.0,0.3333333333333333,0.125,0.18181818181818182,0.0,0.0,0.0,0.0,0.0,0.0,0.0,0.0,0.0,0.0,0.0,0.0,0.0,0.2,0.0,0.0,0.0,0.0,0.0,0.0,0.0,0.0,1.0,0.3333333333333333,0.2,0.25,1.0,0.2,1.0,0.2,1.0,1.5812745410000062,0.0
nvbench2:dev:92,92,qwen3:14b,union,77,0.0,arc,1.0,1.0,17,10,7,0.0,0.0,0.0,0.0,0.0,0.0,0.0,0.0,0.0,0.0,0.0,0.0,0.0,0.0,0.0,0.0,0.0,0.0,0.0,0.0,0.0,0.0,0.0,0.0,0.0,0.0,0.0,0.0,0.0,0.0,0.0,0.0,0.0,0.0,0.0,0.0,0.0,0.0,0.0,0.0,0.0,0.0,0.0,0.0,0.0,0.0,0.0,0.0,0.0,0.0,0.0,0.0,0.0,0.0,0.0,0.0,0.0,0.0,0.0,0.0,0.0,0.0,0.0,0.0,0.0,0.0,0.0,0.0,0.0,0.0,0.0,0.0,0.0,0.0,0.0,0.0,0.0,0.0,0.0,0.0,0.0,0.0,0.0,0.0,0.0,0.0,0.0,0.0,0.0,0.0,0.0,0.0,0.0,0.0,0.0,0.0,0.0,0.0,0.0,0.0,0.0,0.0,0.0,0.0,0.0,0.0,0.0,0.0,0.8,0.8,0.8,0.8,0.8,1.747115916999995,0.0
nvbench2:dev:97,97,qwen3:14b,union,77,0.0,line,1.0,1.0,14,10,4,0.0,0.0,0.0,0.0,0.0,0.0,0.0,0.0,0.0,0.0,0.0,0.0,0.0,0.0,0.0,0.0,0.0,0.0,0.0,0.0,0.0,0.0,0.0,0.0,0.0,0.0,0.0,0.0,0.0,0.0,0.0,0.0,0.0,0.0,0.0,0.0,0.0,0.0,0.0,0.0,0.0,0.0,0.0,0.0,0.0,0.0,0.0,0.0,0.0,0.0,0.0,0.0,0.0,0.0,0.0,0.0,0.0,0.0,0.0,0.0,0.0,0.0,0.0,0.0,0.0,0.0,0.0,0.0,0.0,0.0,0.0,0.0,0.0,0.0,0.0,0.0,0.0,0.0,0.0,0.0,0.0,0.0,0.0,0.0,0.0,0.0,0.0,0.0,0.0,0.0,0.0,0.0,0.0,0.0,0.0,0.0,0.0,0.0,0.0,0.0,0.0,0.0,0.0,0.0,0.0,0.0,0.0,0.0,0.6,0.08,0.6,0.6,0.6,1.391324499999996,0.0
nvbench2:dev:103,103,qwen3:14b,union,77,0.0,boxplot,1.0,1.0,20,10,10,1.0,1.0,1.0,0.25,1.0,0.4,1.0,0.25,0.5,0.3333333333333333,1.0,0.25,0.3333333333333333,0.28571428571428575,1.0,0.25,0.25,0.25,1.0,0.25,0.2,0.22222222222222224,1.0,0.25,0.16666666666666666,0.2,1.0,0.25,0.14285714285714285,0.18181818181818182,1.0,0.25,0.125,0.16666666666666666,1.0,0.25,0.1111111111111111,0.15384615384615383,1.0,0.25,0.1,0.14285714285714288,1.0,0.25,0.1,0.14285714285714288,1.0,0.25,0.1,0.14285714285714288,1.0,0.25,0.1,0.14285714285714288,1.0,0.25,0.1,0.14285714285714288,1.0,0.25,0.1,0.14285714285714288,1.0,0.25,0.1,0.14285714285714288,1.0,0.25,0.1,0.14285714285714288,1.0,0.25,0.1,0.14285714285714288,1.0,0.25,0.1,0.14285714285714288,1.0,0.25,0.1,0.14285714285714288,1.0,1.0,0.25,1.0,0.4,1.0,0.25,0.3333333333333333,0.28571428571428575,1.0,0.25,0.2,0.22222222222222224,1.0,1.0,0.25,1.0,0.4,1.0,0.25,0.3333333333333333,0.28571428571428575,1.0,0.25,0.2,0.22222222222222224,1.0,1.0,1.0,1.0,1.0,2.199233042000003,0.0
nvbench2:dev:105,105,qwen3:14b,union,77,0.0,arc,1.0,1.0,18,11,7,1.0,0.3333333333333333,0.0,0.0,0.0,0.0,0.0,0.0,0.0,0.0,1.0,0.5,0.3333333333333333,0.4,1.0,0.5,0.25,0.3333333333333333,1.0,0.5,0.2,0.28571428571428575,1.0,0.5,0.16666666666666666,0.25,1.0,0.5,0.14285714285714285,0.22222222222222224,1.0,0.5,0.14285714285714285,0.22222222222222224,1.0,0.5,0.14285714285714285,0.22222222222222224,1.0,0.5,0.14285714285714285,0.22222222222222224,1.0,0.5,0.14285714285714285,0.22222222222222224,1.0,0.5,0.14285714285714285,0.22222222222222224,1.0,0.5,0.14285714285714285,0.22222222222222224,1.0,0.5,0.14285714285714285,0.22222222222222224,1.0,0.5,0.14285714285714285,0.22222222222222224,1.0,0.5,0.14285714285714285,0.22222222222222224,1.0,0.5,0.14285714285714285,0.22222222222222224,1.0,0.5,0.14285714285714285,0.22222222222222224,1.0,0.5,0.14285714285714285,0.22222222222222224,1.0,0.5,0.14285714285714285,0.22222222222222224,0.3333333333333333,0.0,0.0,0.0,0.0,1.0,0.5,0.3333333333333333,0.4,1.0,0.5,0.2,0.28571428571428575,0.5,0.0,0.0,0.0,0.0,1.0,0.5,0.3333333333333333,0.4,1.0,0.5,0.2,0.28571428571428575,1.0,1.0,1.0,1.0,1.0,1.9584885000000014,0.0
nvbench2:dev:108,108,qwen3:14b,union,77,0.0,boxplot,1.0,1.0,14,8,6,0.0,0.0,0.0,0.0,0.0,0.0,0.0,0.0,0.0,0.0,0.0,0.0,0.0,0.0,0.0,0.0,0.0,0.0,0.0,0.0,0.0,0.0,0.0,0.0,0.0,0.0,0.0,0.0,0.0,0.0,0.0,0.0,0.0,0.0,0.0,0.0,0.0,0.0,0.0,0.0,0.0,0.0,0.0,0.0,0.0,0.0,0.0,0.0,0.0,0.0,0.0,0.0,0.0,0.0,0.0,0.0,0.0,0.0,0.0,0.0,0.0,0.0,0.0,0.0,0.0,0.0,0.0,0.0,0.0,0.0,0.0,0.0,0.0,0.0,0.0,0.0,0.0,0.0,0.0,0.0,0.0,0.0,0.0,0.0,0.0,0.0,0.0,0.0,0.0,0.0,0.0,0.0,0.0,0.0,0.0,0.0,0.0,0.0,0.0,0.0,0.0,0.0,0.0,0.0,0.0,0.0,0.0,0.0,1.0,0.4,1.0,1.0,1.0,1.780973749999994,0.0
nvbench2:dev:112,112,qwen3:14b,union,77,0.0,boxplot,1.0,1.0,13,5,8,0.0,0.0,0.0,0.0,0.0,0.0,0.0,0.0,0.0,0.0,0.0,0.0,0.0,0.0,0.0,0.0,0.0,0.0,0.0,0.0,0.0,0.0,0.0,0.0,0.0,0.0,0.0,0.0,0.0,0.0,0.0,0.0,0.0,0.0,0.0,0.0,0.0,0.0,0.0,0.0,0.0,0.0,0.0,0.0,0.0,0.0,0.0,0.0,0.0,0.0,0.0,0.0,0.0,0.0,0.0,0.0,0.0,0.0,0.0,0.0,0.0,0.0,0.0,0.0,0.0,0.0,0.0,0.0,0.0,0.0,0.0,0.0,0.0,0.0,0.0,0.0,0.0,0.0,0.0,0.0,0.0,0.0,0.0,0.0,0.0,0.0,0.0,0.0,0.0,0.0,0.0,0.0,0.0,0.0,0.0,0.0,0.0,0.0,0.0,0.0,0.0,0.0,0.0,0.0,0.0,0.0,0.0,0.0,0.8,0.6,0.8,0.7,0.8,2.238363208999999,0.0
nvbench2:dev:114,114,qwen3:14b,union,77,0.0,line,1.0,1.0,20,5,15,0.0,0.0,0.0,0.0,0.0,0.0,0.0,0.0,0.0,0.0,0.0,0.0,0.0,0.0,0.0,0.0,0.0,0.0,0.0,0.0,0.0,0.0,0.0,0.0,0.0,0.0,0.0,0.0,0.0,0.0,0.0,0.0,0.0,0.0,0.0,0.0,0.0,0.0,0.0,0.0,0.0,0.0,0.0,0.0,0.0,0.0,0.0,0.0,0.0,0.0,0.0,0.0,0.0,0.0,0.0,0.0,0.0,0.0,0.0,0.0,0.0,0.0,0.0,0.0,0.0,0.0,0.0,0.0,0.0,0.0,0.0,0.0,0.0,0.0,0.0,0.0,0.0,0.0,0.0,0.0,0.0,0.0,0.0,0.0,0.0,0.0,0.0,0.0,0.0,0.0,0.0,0.0,0.0,0.0,0.0,0.0,0.0,0.0,0.0,0.0,0.0,0.0,0.0,0.0,0.0,0.0,0.0,0.0,0.5733333333333334,0.37333333333333335,0.44000000000000006,0.44000000000000006,0.5733333333333334,2.9950339170000007,0.0
nvbench2:dev:116,116,qwen3:14b,union,77,0.0,arc,1.0,1.0,18,12,6,1.0,1.0,1.0,0.3333333333333333,1.0,0.5,1.0,0.3333333333333333,0.5,0.4,1.0,0.3333333333333333,0.3333333333333333,0.3333333333333333,1.0,0.3333333333333333,0.25,0.28571428571428575,1.0,0.3333333333333333,0.2,0.25,1.0,0.3333333333333333,0.16666666666666666,0.2222222222222222,1.0,0.3333333333333333,0.16666666666666666,0.2222222222222222,1.0,0.3333333333333333,0.16666666666666666,0.2222222222222222,1.0,0.3333333333333333,0.16666666666666666,0.2222222222222222,1.0,0.3333333333333333,0.16666666666666666,0.2222222222222222,1.0,0.3333333333333333,0.16666666666666666,0.2222222222222222,1.0,0.3333333333333333,0.16666666666666666,0.2222222222222222,1.0,0.3333333333333333,0.16666666666666666,0.2222222222222222,1.0,0.3333333333333333,0.16666666666666666,0.2222222222222222,1.0,0.3333333333333333,0.16666666666666666,0.2222222222222222,1.0,0.3333333333333333,0.16666666666666666,0.2222222222222222,1.0,0.3333333333333333,0.16666666666666666,0.2222222222222222,1.0,0.3333333333333333,0.16666666666666666,0.2222222222222222,1.0,0.3333333333333333,0.16666666666666666,0.2222222222222222,1.0,0.3333333333333333,0.16666666666666666,0.2222222222222222,1.0,1.0,0.3333333333333333,1.0,0.5,1.0,0.3333333333333333,0.3333333333333333,0.3333333333333333,1.0,0.3333333333333333,0.2,0.25,0.5,0.0,0.0,0.0,0.0,1.0,0.3333333333333333,0.3333333333333333,0.3333333333333333,1.0,0.3333333333333333,0.2,0.25,1.0,1.0,1.0,1.0,1.0,1.418378582999999,-1.0
nvbench2:dev:118,118,qwen3:14b,union,77,0.0,rect,1.0,1.0,16,6,10,0.0,0.0,0.0,0.0,0.0,0.0,0.0,0.0,0.0,0.0,0.0,0.0,0.0,0.0,0.0,0.0,0.0,0.0,0.0,0.0,0.0,0.0,0.0,0.0,0.0,0.0,0.0,0.0,0.0,0.0,0.0,0.0,0.0,0.0,0.0,0.0,0.0,0.0,0.0,0.0,0.0,0.0,0.0,0.0,0.0,0.0,0.0,0.0,0.0,0.0,0.0,0.0,0.0,0.0,0.0,0.0,0.0,0.0,0.0,0.0,0.0,0.0,0.0,0.0,0.0,0.0,0.0,0.0,0.0,0.0,0.0,0.0,0.0,0.0,0.0,0.0,0.0,0.0,0.0,0.0,0.0,0.0,0.0,0.0,0.0,0.0,0.0,0.0,0.0,0.0,0.0,0.0,0.0,0.0,0.0,0.0,0.0,0.0,0.0,0.0,0.0,0.0,0.0,0.0,0.0,0.0,0.0,0.0,0.9333333333333332,0.9333333333333332,0.9333333333333332,0.9333333333333332,0.9333333333333332,1.9583161250000103,0.0
nvbench2:dev:127,127,qwen3:14b,union,77,0.0,arc,1.0,1.0,23,18,5,1.0,0.3333333333333333,0.0,0.0,0.0,0.0,0.0,0.0,0.0,0.0,1.0,0.5,0.3333333333333333,0.4,1.0,0.5,0.25,0.3333333333333333,1.0,1.0,0.4,0.5714285714285715,1.0,1.0,0.4,0.5714285714285715,1.0,1.0,0.4,0.5714285714285715,1.0,1.0,0.4,0.5714285714285715,1.0,1.0,0.4,0.5714285714285715,1.0,1.0,0.4,0.5714285714285715,1.0,1.0,0.4,0.5714285714285715,1.0,1.0,0.4,0.5714285714285715,1.0,1.0,0.4,0.5714285714285715,1.0,1.0,0.4,0.5714285714285715,1.0,1.0,0.4,0.5714285714285715,1.0,1.0,0.4,0.5714285714285715,1.0,1.0,0.4,0.5714285714285715,1.0,1.0,0.4,0.5714285714285715,1.0,1.0,0.4,0.5714285714285715,1.0,1.0,0.4,0.5714285714285715,0.3333333333333333,0.0,0.0,0.0,0.0,1.0,0.5,0.3333333333333333,0.4,1.0,1.0,0.4,0.5714285714285715,1.0,1.0,0.5,1.0,0.6666666666666666,1.0,0.5,0.3333333333333333,0.4,1.0,1.0,0.4,0.5714285714285715,1.0,1.0,1.0,1.0,1.0,1.2950782919999995,1.0
nvbench2:dev:136,136,qwen3:14b,union,77,0.0,boxplot,1.0,1.0,20,12,8,1.0,0.3333333333333333,0.0,0.0,0.0,0.0,0.0,0.0,0.0,0.0,1.0,0.5,0.3333333333333333,0.4,1.0,0.5,0.25,0.3333333333333333,1.0,0.5,0.2,0.28571428571428575,1.0,0.5,0.16666666666666666,0.25,1.0,0.5,0.14285714285714285,0.22222222222222224,1.0,0.5,0.125,0.2,1.0,0.5,0.125,0.2,1.0,0.5,0.125,0.2,1.0,0.5,0.125,0.2,1.0,0.5,0.125,0.2,1.0,0.5,0.125,0.2,1.0,0.5,0.125,0.2,1.0,0.5,0.125,0.2,1.0,0.5,0.125,0.2,1.0,0.5,0.125,0.2,1.0,0.5,0.125,0.2,1.0,0.5,0.125,0.2,1.0,0.5,0.125,0.2,0.3333333333333333,0.0,0.0,0.0,0.0,1.0,0.5,0.3333333333333333,0.4,1.0,0.5,0.2,0.28571428571428575,0.5,0.0,0.0,0.0,0.0,1.0,0.5,0.3333333333333333,0.4,1.0,0.5,0.2,0.28571428571428575,1.0,0.6,1.0,1.0,1.0,1.9420074580000062,0.0
nvbench2:dev:138,138,qwen3:14b,union,77,0.0,bar,1.0,1.0,14,8,6,0.0,0.0,0.0,0.0,0.0,0.0,0.0,0.0,0.0,0.0,0.0,0.0,0.0,0.0,0.0,0.0,0.0,0.0,0.0,0.0,0.0,0.0,0.0,0.0,0.0,0.0,0.0,0.0,0.0,0.0,0.0,0.0,0.0,0.0,0.0,0.0,0.0,0.0,0.0,0.0,0.0,0.0,0.0,0.0,0.0,0.0,0.0,0.0,0.0,0.0,0.0,0.0,0.0,0.0,0.0,0.0,0.0,0.0,0.0,0.0,0.0,0.0,0.0,0.0,0.0,0.0,0.0,0.0,0.0,0.0,0.0,0.0,0.0,0.0,0.0,0.0,0.0,0.0,0.0,0.0,0.0,0.0,0.0,0.0,0.0,0.0,0.0,0.0,0.0,0.0,0.0,0.0,0.0,0.0,0.0,0.0,0.0,0.0,0.0,0.0,0.0,0.0,0.0,0.0,0.0,0.0,0.0,0.0,0.8,0.16,0.8,0.8,0.8,1.62060708300001,0.0
nvbench2:dev:139,139,qwen3:14b,union,77,0.0,line,1.0,1.0,16,8,8,0.0,0.0,0.0,0.0,0.0,0.0,0.0,0.0,0.0,0.0,0.0,0.0,0.0,0.0,0.0,0.0,0.0,0.0,0.0,0.0,0.0,0.0,0.0,0.0,0.0,0.0,0.0,0.0,0.0,0.0,0.0,0.0,0.0,0.0,0.0,0.0,0.0,0.0,0.0,0.0,0.0,0.0,0.0,0.0,0.0,0.0,0.0,0.0,0.0,0.0,0.0,0.0,0.0,0.0,0.0,0.0,0.0,0.0,0.0,0.0,0.0,0.0,0.0,0.0,0.0,0.0,0.0,0.0,0.0,0.0,0.0,0.0,0.0,0.0,0.0,0.0,0.0,0.0,0.0,0.0,0.0,0.0,0.0,0.0,0.0,0.0,0.0,0.0,0.0,0.0,0.0,0.0,0.0,0.0,0.0,0.0,0.0,0.0,0.0,0.0,0.0,0.0,0.0,0.0,0.0,0.0,0.0,0.0,0.7,0.7,0.7,0.7,0.7,1.7235547080000089,0.0
nvbench2:dev:143,143,qwen3:14b,union,77,0.0,rect,1.0,1.0,19,7,12,1.0,0.5,0.0,0.0,0.0,0.0,1.0,0.3333333333333333,0.5,0.4,1.0,0.3333333333333333,0.3333333333333333,0.3333333333333333,1.0,0.3333333333333333,0.25,0.28571428571428575,1.0,0.3333333333333333,0.2,0.25,1.0,0.3333333333333333,0.16666666666666666,0.2222222222222222,1.0,0.3333333333333333,0.14285714285714285,0.2,1.0,0.3333333333333333,0.125,0.18181818181818182,1.0,0.3333333333333333,0.1111111111111111,0.16666666666666666,1.0,0.3333333333333333,0.1,0.15384615384615383,1.0,0.3333333333333333,0.09090909090909091,0.14285714285714288,1.0,0.3333333333333333,0.08333333333333333,0.13333333333333333,1.0,0.3333333333333333,0.08333333333333333,0.13333333333333333,1.0,0.3333333333333333,0.08333333333333333,0.13333333333333333,1.0,0.3333333333333333,0.08333333333333333,0.13333333333333333,1.0,0.3333333333333333,0.08333333333333333,0.13333333333333333,1.0,0.3333333333333333,0.08333333333333333,0.13333333333333333,1.0,0.3333333333333333,0.08333333333333333,0.13333333333333333,1.0,0.3333333333333333,0.08333333333333333,0.13333333333333333,1.0,0.3333333333333333,0.08333333333333333,0.13333333333333333,0.5,0.0,0.0,0.0,0.0,1.0,0.3333333333333333,0.3333333333333333,0.3333333333333333,1.0,0.3333333333333333,0.2,0.25,0.25,0.0,0.0,0.0,0.0,0.0,0.0,0.0,0.0,1.0,0.3333333333333333,0.2,0.25,1.0,0.44000000000000006,1.0,0.6666666666666667,1.0,2.486351333999991,0.0
nvbench2:dev:144,144,qwen3:14b,union,77,0.0,bar,1.0,1.0,11,8,3,0.0,0.0,0.0,0.0,0.0,0.0,0.0,0.0,0.0,0.0,0.0,0.0,0.0,0.0,0.0,0.0,0.0,0.0,0.0,0.0,0.0,0.0,0.0,0.0,0.0,0.0,0.0,0.0,0.0,0.0,0.0,0.0,0.0,0.0,0.0,0.0,0.0,0.0,0.0,0.0,0.0,0.0,0.0,0.0,0.0,0.0,0.0,0.0,0.0,0.0,0.0,0.0,0.0,0.0,0.0,0.0,0.0,0.0,0.0,0.0,0.0,0.0,0.0,0.0,0.0,0.0,0.0,0.0,0.0,0.0,0.0,0.0,0.0,0.0,0.0,0.0,0.0,0.0,0.0,0.0,0.0,0.0,0.0,0.0,0.0,0.0,0.0,0.0,0.0,0.0,0.0,0.0,0.0,0.0,0.0,0.0,0.0,0.0,0.0,0.0,0.0,0.0,0.0,0.0,0.0,0.0,0.0,0.0,0.9199999999999999,0.9199999999999999,0.9199999999999999,0.9199999999999999,0.9199999999999999,1.1679378749999927,0.0
nvbench2:dev:149,149,qwen3:14b,union,77,0.0,point,1.0,1.0,26,12,14,0.0,0.0,0.0,0.0,0.0,0.0,0.0,0.0,0.0,0.0,0.0,0.0,0.0,0.0,0.0,0.0,0.0,0.0,0.0,0.0,0.0,0.0,0.0,0.0,0.0,0.0,0.0,0.0,0.0,0.0,0.0,0.0,0.0,0.0,0.0,0.0,0.0,0.0,0.0,0.0,0.0,0.0,0.0,0.0,0.0,0.0,0.0,0.0,0.0,0.0,0.0,0.0,0.0,0.0,0.0,0.0,0.0,0.0,0.0,0.0,0.0,0.0,0.0,0.0,0.0,0.0,0.0,0.0,0.0,0.0,0.0,0.0,0.0,0.0,0.0,0.0,0.0,0.0,0.0,0.0,0.0,0.0,0.0,0.0,0.0,0.0,0.0,0.0,0.0,0.0,0.0,0.0,0.0,0.0,0.0,0.0,0.0,0.0,0.0,0.0,0.0,0.0,0.0,0.0,0.0,0.0,0.0,0.0,1.0,1.0,1.0,0.8400000000000001,1.0,2.4551096659999985,0.0
nvbench2:dev:157,157,qwen3:14b,union,77,0.0,point,1.0,1.0,21,3,18,0.0,0.0,0.0,0.0,0.0,0.0,0.0,0.0,0.0,0.0,0.0,0.0,0.0,0.0,0.0,0.0,0.0,0.0,0.0,0.0,0.0,0.0,0.0,0.0,0.0,0.0,0.0,0.0,0.0,0.0,0.0,0.0,0.0,0.0,0.0,0.0,0.0,0.0,0.0,0.0,0.0,0.0,0.0,0.0,0.0,0.0,0.0,0.0,0.0,0.0,0.0,0.0,0.0,0.0,0.0,0.0,0.0,0.0,0.0,0.0,0.0,0.0,0.0,0.0,0.0,0.0,0.0,0.0,0.0,0.0,0.0,0.0,0.0,0.0,0.0,0.0,0.0,0.0,0.0,0.0,0.0,0.0,0.0,0.0,0.0,0.0,0.0,0.0,0.0,0.0,0.0,0.0,0.0,0.0,0.0,0.0,0.0,0.0,0.0,0.0,0.0,0.0,0.0,0.0,0.0,0.0,0.0,0.0,0.72,0.36,0.72,0.36,0.36,2.833624499999999,0.0
nvbench2:dev:158,158,qwen3:14b,union,77,0.0,point,1.0,1.0,17,5,12,0.0,0.0,0.0,0.0,0.0,0.0,0.0,0.0,0.0,0.0,0.0,0.0,0.0,0.0,0.0,0.0,0.0,0.0,0.0,0.0,0.0,0.0,0.0,0.0,0.0,0.0,0.0,0.0,0.0,0.0,0.0,0.0,0.0,0.0,0.0,0.0,0.0,0.0,0.0,0.0,0.0,0.0,0.0,0.0,0.0,0.0,0.0,0.0,0.0,0.0,0.0,0.0,0.0,0.0,0.0,0.0,0.0,0.0,0.0,0.0,0.0,0.0,0.0,0.0,0.0,0.0,0.0,0.0,0.0,0.0,0.0,0.0,0.0,0.0,0.0,0.0,0.0,0.0,0.0,0.0,0.0,0.0,0.0,0.0,0.0,0.0,0.0,0.0,0.0,0.0,0.0,0.0,0.0,0.0,0.0,0.0,0.0,0.0,0.0,0.0,0.0,0.0,0.0,0.0,0.0,0.0,0.0,0.0,0.52,0.52,0.52,0.44000000000000006,0.44000000000000006,2.406982291999995,0.0
nvbench2:dev:165,165,qwen3:14b,union,77,0.0,line,1.0,1.0,14,5,9,0.0,0.0,0.0,0.0,0.0,0.0,0.0,0.0,0.0,0.0,0.0,0.0,0.0,0.0,0.0,0.0,0.0,0.0,0.0,0.0,0.0,0.0,0.0,0.0,0.0,0.0,0.0,0.0,0.0,0.0,0.0,0.0,0.0,0.0,0.0,0.0,0.0,0.0,0.0,0.0,0.0,0.0,0.0,0.0,0.0,0.0,0.0,0.0,0.0,0.0,0.0,0.0,0.0,0.0,0.0,0.0,0.0,0.0,0.0,0.0,0.0,0.0,0.0,0.0,0.0,0.0,0.0,0.0,0.0,0.0,0.0,0.0,0.0,0.0,0.0,0.0,0.0,0.0,0.0,0.0,0.0,0.0,0.0,0.0,0.0,0.0,0.0,0.0,0.0,0.0,0.0,0.0,0.0,0.0,0.0,0.0,0.0,0.0,0.0,0.0,0.0,0.0,0.0,0.0,0.0,0.0,0.0,0.0,0.8,0.7333333333333333,0.8,0.8,0.8,2.946698458,0.0
nvbench2:dev:167,167,qwen3:14b,union,77,0.0,bar,1.0,1.0,12,9,3,0.0,0.0,0.0,0.0,0.0,0.0,0.0,0.0,0.0,0.0,0.0,0.0,0.0,0.0,0.0,0.0,0.0,0.0,0.0,0.0,0.0,0.0,0.0,0.0,0.0,0.0,0.0,0.0,0.0,0.0,0.0,0.0,0.0,0.0,0.0,0.0,0.0,0.0,0.0,0.0,0.0,0.0,0.0,0.0,0.0,0.0,0.0,0.0,0.0,0.0,0.0,0.0,0.0,0.0,0.0,0.0,0.0,0.0,0.0,0.0,0.0,0.0,0.0,0.0,0.0,0.0,0.0,0.0,0.0,0.0,0.0,0.0,0.0,0.0,0.0,0.0,0.0,0.0,0.0,0.0,0.0,0.0,0.0,0.0,0.0,0.0,0.0,0.0,0.0,0.0,0.0,0.0,0.0,0.0,0.0,0.0,0.0,0.0,0.0,0.0,0.0,0.0,0.0,0.0,0.0,0.0,0.0,0.0,1.0,0.16,1.0,1.0,1.0,1.2575665829999991,0.0
nvbench2:dev:176,176,qwen3:14b,union,77,0.0,line,1.0,1.0,17,3,14,1.0,1.0,1.0,0.2,1.0,0.33333333333333337,1.0,0.2,0.5,0.28571428571428575,1.0,0.2,0.3333333333333333,0.25,1.0,0.2,0.25,0.22222222222222224,1.0,0.2,0.2,0.20000000000000004,1.0,0.2,0.16666666666666666,0.1818181818181818,1.0,0.2,0.14285714285714285,0.16666666666666666,1.0,0.2,0.125,0.15384615384615385,1.0,0.2,0.1111111111111111,0.14285714285714285,1.0,0.2,0.1,0.13333333333333333,1.0,0.2,0.09090909090909091,0.12500000000000003,1.0,0.2,0.08333333333333333,0.11764705882352941,1.0,0.2,0.07692307692307693,0.1111111111111111,1.0,0.2,0.07142857142857142,0.10526315789473682,1.0,0.2,0.07142857142857142,0.10526315789473682,1.0,0.2,0.07142857142857142,0.10526315789473682,1.0,0.2,0.07142857142857142,0.10526315789473682,1.0,0.2,0.07142857142857142,0.10526315789473682,1.0,0.2,0.07142857142857142,0.10526315789473682,1.0,0.2,0.07142857142857142,0.10526315789473682,1.0,1.0,0.2,1.0,0.33333333333333337,1.0,0.2,0.3333333333333333,0.25,1.0,0.2,0.2,0.20000000000000004,0.3333333333333333,0.0,0.0,0.0,0.0,1.0,0.2,0.3333333333333333,0.25,1.0,0.2,0.2,0.20000000000000004,1.0,1.0,1.0,0.8,1.0,2.559000417000007,-1.0
nvbench2:dev:182,182,qwen3:14b,union,77,0.0,rect,1.0,1.0,22,16,6,0.0,0.0,0.0,0.0,0.0,0.0,0.0,0.0,0.0,0.0,0.0,0.0,0.0,0.0,0.0,0.0,0.0,0.0,0.0,0.0,0.0,0.0,0.0,0.0,0.0,0.0,0.0,0.0,0.0,0.0,0.0,0.0,0.0,0.0,0.0,0.0,0.0,0.0,0.0,0.0,0.0,0.0,0.0,0.0,0.0,0.0,0.0,0.0,0.0,0.0,0.0,0.0,0.0,0.0,0.0,0.0,0.0,0.0,0.0,0.0,0.0,0.0,0.0,0.0,0.0,0.0,0.0,0.0,0.0,0.0,0.0,0.0,0.0,0.0,0.0,0.0,0.0,0.0,0.0,0.0,0.0,0.0,0.0,0.0,0.0,0.0,0.0,0.0,0.0,0.0,0.0,0.0,0.0,0.0,0.0,0.0,0.0,0.0,0.0,0.0,0.0,0.0,0.0,0.0,0.0,0.0,0.0,0.0,0.8,0.08,0.8,0.8,0.8,1.9065315830000031,0.0
nvbench2:dev:188,188,qwen3:14b,union,77,0.0,rect,1.0,1.0,20,5,15,1.0,1.0,1.0,0.3333333333333333,1.0,0.5,1.0,0.3333333333333333,0.5,0.4,1.0,0.3333333333333333,0.3333333333333333,0.3333333333333333,1.0,0.3333333333333333,0.25,0.28571428571428575,1.0,0.3333333333333333,0.2,0.25,1.0,0.6666666666666666,0.3333333333333333,0.4444444444444444,1.0,0.6666666666666666,0.2857142857142857,0.4,1.0,0.6666666666666666,0.25,0.36363636363636365,1.0,0.6666666666666666,0.2222222222222222,0.3333333333333333,1.0,0.6666666666666666,0.2,0.30769230769230765,1.0,0.6666666666666666,0.18181818181818182,0.28571428571428575,1.0,0.6666666666666666,0.16666666666666666,0.26666666666666666,1.0,0.6666666666666666,0.15384615384615385,0.25,1.0,0.6666666666666666,0.14285714285714285,0.23529411764705882,1.0,0.6666666666666666,0.13333333333333333,0.2222222222222222,1.0,0.6666666666666666,0.13333333333333333,0.2222222222222222,1.0,0.6666666666666666,0.13333333333333333,0.2222222222222222,1.0,0.6666666666666666,0.13333333333333333,0.2222222222222222,1.0,0.6666666666666666,0.13333333333333333,0.2222222222222222,1.0,0.6666666666666666,0.13333333333333333,0.2222222222222222,1.0,1.0,0.3333333333333333,1.0,0.5,1.0,0.3333333333333333,0.3333333333333333,0.3333333333333333,1.0,0.3333333333333333,0.2,0.25,0.5,0.0,0.0,0.0,0.0,1.0,0.3333333333333333,0.3333333333333333,0.3333333333333333,1.0,0.3333333333333333,0.2,0.25,1.0,1.0,1.0,1.0,1.0,3.0575724159999993,-1.0
nvbench2:dev:191,191,qwen3:14b,union,77,0.0,rect,1.0,1.0,19,10,9,0.0,0.0,0.0,0.0,0.0,0.0,0.0,0.0,0.0,0.0,0.0,0.0,0.0,0.0,0.0,0.0,0.0,0.0,0.0,0.0,0.0,0.0,0.0,0.0,0.0,0.0,0.0,0.0,0.0,0.0,0.0,0.0,0.0,0.0,0.0,0.0,0.0,0.0,0.0,0.0,0.0,0.0,0.0,0.0,0.0,0.0,0.0,0.0,0.0,0.0,0.0,0.0,0.0,0.0,0.0,0.0,0.0,0.0,0.0,0.0,0.0,0.0,0.0,0.0,0.0,0.0,0.0,0.0,0.0,0.0,0.0,0.0,0.0,0.0,0.0,0.0,0.0,0.0,0.0,0.0,0.0,0.0,0.0,0.0,0.0,0.0,0.0,0.0,0.0,0.0,0.0,0.0,0.0,0.0,0.0,0.0,0.0,0.0,0.0,0.0,0.0,0.0,0.0,0.0,0.0,0.0,0.0,0.0,1.0,1.0,1.0,1.0,1.0,1.8755032090000014,0.0
nvbench2:dev:203,203,qwen3:14b,union,77,0.0,bar+line,1.0,1.0,28,10,18,0.0,0.0,0.0,0.0,0.0,0.0,0.0,0.0,0.0,0.0,0.0,0.0,0.0,0.0,0.0,0.0,0.0,0.0,0.0,0.0,0.0,0.0,0.0,0.0,0.0,0.0,0.0,0.0,0.0,0.0,0.0,0.0,0.0,0.0,0.0,0.0,0.0,0.0,0.0,0.0,0.0,0.0,0.0,0.0,0.0,0.0,0.0,0.0,0.0,0.0,0.0,0.0,0.0,0.0,0.0,0.0,0.0,0.0,0.0,0.0,0.0,0.0,0.0,0.0,0.0,0.0,0.0,0.0,0.0,0.0,0.0,0.0,0.0,0.0,0.0,0.0,0.0,0.0,0.0,0.0,0.0,0.0,0.0,0.0,0.0,0.0,0.0,0.0,0.0,0.0,0.0,0.0,0.0,0.0,0.0,0.0,0.0,0.0,0.0,0.0,0.0,0.0,0.0,0.0,0.0,0.0,0.0,0.0,0.72,0.64,0.72,0.72,0.72,3.034325249999995,0.0
nvbench2:dev:214,214,qwen3:14b,union,77,0.0,rect,1.0,1.0,19,8,11,1.0,1.0,1.0,0.2,1.0,0.33333333333333337,1.0,0.2,0.5,0.28571428571428575,1.0,0.2,0.3333333333333333,0.25,1.0,0.2,0.25,0.22222222222222224,1.0,0.2,0.2,0.20000000000000004,1.0,0.2,0.16666666666666666,0.1818181818181818,1.0,0.2,0.14285714285714285,0.16666666666666666,1.0,0.2,0.125,0.15384615384615385,1.0,0.2,0.1111111111111111,0.14285714285714285,1.0,0.2,0.1,0.13333333333333333,1.0,0.2,0.09090909090909091,0.12500000000000003,1.0,0.2,0.09090909090909091,0.12500000000000003,1.0,0.2,0.09090909090909091,0.12500000000000003,1.0,0.2,0.09090909090909091,0.12500000000000003,1.0,0.2,0.09090909090909091,0.12500000000000003,1.0,0.2,0.09090909090909091,0.12500000000000003,1.0,0.2,0.09090909090909091,0.12500000000000003,1.0,0.2,0.09090909090909091,0.12500000000000003,1.0,0.2,0.09090909090909091,0.12500000000000003,1.0,0.2,0.09090909090909091,0.12500000000000003,1.0,1.0,0.2,1.0,0.33333333333333337,1.0,0.2,0.3333333333333333,0.25,1.0,0.2,0.2,0.20000000000000004,0.0,0.0,0.0,0.0,0.0,0.0,0.0,0.0,0.0,0.0,0.0,0.0,0.0,1.0,1.0,1.0,0.44000000000000006,0.6666666666666667,2.406693125000004,-1.0
nvbench2:dev:223,223,qwen3:14b,union,77,0.0,boxplot,1.0,1.0,21,9,12,0.0,0.0,0.0,0.0,0.0,0.0,0.0,0.0,0.0,0.0,0.0,0.0,0.0,0.0,0.0,0.0,0.0,0.0,0.0,0.0,0.0,0.0,0.0,0.0,0.0,0.0,0.0,0.0,0.0,0.0,0.0,0.0,0.0,0.0,0.0,0.0,0.0,0.0,0.0,0.0,0.0,0.0,0.0,0.0,0.0,0.0,0.0,0.0,0.0,0.0,0.0,0.0,0.0,0.0,0.0,0.0,0.0,0.0,0.0,0.0,0.0,0.0,0.0,0.0,0.0,0.0,0.0,0.0,0.0,0.0,0.0,0.0,0.0,0.0,0.0,0.0,0.0,0.0,0.0,0.0,0.0,0.0,0.0,0.0,0.0,0.0,0.0,0.0,0.0,0.0,0.0,0.0,0.0,0.0,0.0,0.0,0.0,0.0,0.0,0.0,0.0,0.0,0.0,0.0,0.0,0.0,0.0,0.0,1.0,0.6,1.0,1.0,1.0,2.5097664170000087,0.0
nvbench2:dev:228,228,qwen3:14b,union,77,0.0,rect,1.0,1.0,25,14,11,0.0,0.0,0.0,0.0,0.0,0.0,0.0,0.0,0.0,0.0,0.0,0.0,0.0,0.0,0.0,0.0,0.0,0.0,0.0,0.0,0.0,0.0,0.0,0.0,0.0,0.0,0.0,0.0,0.0,0.0,0.0,0.0,0.0,0.0,0.0,0.0,0.0,0.0,0.0,0.0,0.0,0.0,0.0,0.0,0.0,0.0,0.0,0.0,0.0,0.0,0.0,0.0,0.0,0.0,0.0,0.0,0.0,0.0,0.0,0.0,0.0,0.0,0.0,0.0,0.0,0.0,0.0,0.0,0.0,0.0,0.0,0.0,0.0,0.0,0.0,0.0,0.0,0.0,0.0,0.0,0.0,0.0,0.0,0.0,0.0,0.0,0.0,0.0,0.0,0.0,0.0,0.0,0.0,0.0,0.0,0.0,0.0,0.0,0.0,0.0,0.0,0.0,0.0,0.0,0.0,0.0,0.0,0.0,0.8,0.8,0.8,0.44000000000000006,0.6666666666666667,2.7223623330000066,0.0
nvbench2:dev:232,232,qwen3:14b,union,77,0.0,arc,1.0,1.0,22,14,8,1.0,0.5,0.0,0.0,0.0,0.0,1.0,0.5,0.5,0.5,1.0,0.5,0.3333333333333333,0.4,1.0,0.5,0.25,0.3333333333333333,1.0,0.5,0.2,0.28571428571428575,1.0,1.0,0.3333333333333333,0.5,1.0,1.0,0.2857142857142857,0.4444444444444445,1.0,1.0,0.25,0.4,1.0,1.0,0.25,0.4,1.0,1.0,0.25,0.4,1.0,1.0,0.25,0.4,1.0,1.0,0.25,0.4,1.0,1.0,0.25,0.4,1.0,1.0,0.25,0.4,1.0,1.0,0.25,0.4,1.0,1.0,0.25,0.4,1.0,1.0,0.25,0.4,1.0,1.0,0.25,0.4,1.0,1.0,0.25,0.4,1.0,1.0,0.25,0.4,0.5,0.0,0.0,0.0,0.0,1.0,0.5,0.3333333333333333,0.4,1.0,0.5,0.2,0.28571428571428575,0.25,0.0,0.0,0.0,0.0,0.0,0.0,0.0,0.0,1.0,0.5,0.2,0.28571428571428575,1.0,0.6,1.0,0.9,1.0,1.9455377499999997,0.0
nvbench2:dev:245,245,qwen3:14b,union,77,0.0,line,1.0,1.0,19,7,12,0.0,0.0,0.0,0.0,0.0,0.0,0.0,0.0,0.0,0.0,0.0,0.0,0.0,0.0,0.0,0.0,0.0,0.0,0.0,0.0,0.0,0.0,0.0,0.0,0.0,0.0,0.0,0.0,0.0,0.0,0.0,0.0,0.0,0.0,0.0,0.0,0.0,0.0,0.0,0.0,0.0,0.0,0.0,0.0,0.0,0.0,0.0,0.0,0.0,0.0,0.0,0.0,0.0,0.0,0.0,0.0,0.0,0.0,0.0,0.0,0.0,0.0,0.0,0.0,0.0,0.0,0.0,0.0,0.0,0.0,0.0,0.0,0.0,0.0,0.0,0.0,0.0,0.0,0.0,0.0,0.0,0.0,0.0,0.0,0.0,0.0,0.0,0.0,0.0,0.0,0.0,0.0,0.0,0.0,0.0,0.0,0.0,0.0,0.0,0.0,0.0,0.0,0.0,0.0,0.0,0.0,0.0,0.0,0.8,0.6,0.8,0.7,0.8,3.324743749999996,0.0
nvbench2:dev:252,252,qwen3:14b,union,77,0.0,rect,1.0,1.0,16,10,6,0.0,0.0,0.0,0.0,0.0,0.0,0.0,0.0,0.0,0.0,0.0,0.0,0.0,0.0,0.0,0.0,0.0,0.0,0.0,0.0,0.0,0.0,0.0,0.0,0.0,0.0,0.0,0.0,0.0,0.0,0.0,0.0,0.0,0.0,0.0,0.0,0.0,0.0,0.0,0.0,0.0,0.0,0.0,0.0,0.0,0.0,0.0,0.0,0.0,0.0,0.0,0.0,0.0,0.0,0.0,0.0,0.0,0.0,0.0,0.0,0.0,0.0,0.0,0.0,0.0,0.0,0.0,0.0,0.0,0.0,0.0,0.0,0.0,0.0,0.0,0.0,0.0,0.0,0.0,0.0,0.0,0.0,0.0,0.0,0.0,0.0,0.0,0.0,0.0,0.0,0.0,0.0,0.0,0.0,0.0,0.0,0.0,0.0,0.0,0.0,0.0,0.0,0.0,0.0,0.0,0.0,0.0,0.0,0.6666666666666667,0.6666666666666667,0.6666666666666667,0.6666666666666667,0.6666666666666667,1.9106075420000082,0.0
nvbench2:dev:253,253,qwen3:14b,union,77,0.0,arc+bar+line,1.0,1.0,12,5,7,1.0,0.14285714285714285,0.0,0.0,0.0,0.0,0.0,0.0,0.0,0.0,0.0,0.0,0.0,0.0,0.0,0.0,0.0,0.0,0.0,0.0,0.0,0.0,0.0,0.0,0.0,0.0,1.0,0.3333333333333333,0.14285714285714285,0.2,1.0,0.3333333333333333,0.14285714285714285,0.2,1.0,0.3333333333333333,0.14285714285714285,0.2,1.0,0.3333333333333333,0.14285714285714285,0.2,1.0,0.3333333333333333,0.14285714285714285,0.2,1.0,0.3333333333333333,0.14285714285714285,0.2,1.0,0.3333333333333333,0.14285714285714285,0.2,1.0,0.3333333333333333,0.14285714285714285,0.2,1.0,0.3333333333333333,0.14285714285714285,0.2,1.0,0.3333333333333333,0.14285714285714285,0.2,1.0,0.3333333333333333,0.14285714285714285,0.2,1.0,0.3333333333333333,0.14285714285714285,0.2,1.0,0.3333333333333333,0.14285714285714285,0.2,1.0,0.3333333333333333,0.14285714285714285,0.2,0.0,0.0,0.0,0.0,0.0,0.0,0.0,0.0,0.0,0.0,0.0,0.0,0.0,0.2,0.0,0.0,0.0,0.0,0.0,0.0,0.0,0.0,1.0,0.3333333333333333,0.2,0.25,1.0,0.9,1.0,0.4,1.0,1.545922332999993,0.0
nvbench2:dev:255,255,qwen3:14b,union,77,0.0,bar,1.0,1.0,12,8,4,0.0,0.0,0.0,0.0,0.0,0.0,0.0,0.0,0.0,0.0,0.0,0.0,0.0,0.0,0.0,0.0,0.0,0.0,0.0,0.0,0.0,0.0,0.0,0.0,0.0,0.0,0.0,0.0,0.0,0.0,0.0,0.0,0.0,0.0,0.0,0.0,0.0,0.0,0.0,0.0,0.0,0.0,0.0,0.0,0.0,0.0,0.0,0.0,0.0,0.0,0.0,0.0,0.0,0.0,0.0,0.0,0.0,0.0,0.0,0.0,0.0,0.0,0.0,0.0,0.0,0.0,0.0,0.0,0.0,0.0,0.0,0.0,0.0,0.0,0.0,0.0,0.0,0.0,0.0,0.0,0.0,0.0,0.0,0.0,0.0,0.0,0.0,0.0,0.0,0.0,0.0,0.0,0.0,0.0,0.0,0.0,0.0,0.0,0.0,0.0,0.0,0.0,0.0,0.0,0.0,0.0,0.0,0.0,0.8,0.44000000000000006,0.8,0.8,0.8,1.5170754580000079,0.0
nvbench2:dev:256,256,qwen3:14b,union,77,0.0,rect,1.0,1.0,24,8,16,0.0,0.0,0.0,0.0,0.0,0.0,0.0,0.0,0.0,0.0,0.0,0.0,0.0,0.0,0.0,0.0,0.0,0.0,0.0,0.0,0.0,0.0,0.0,0.0,0.0,0.0,0.0,0.0,0.0,0.0,0.0,0.0,0.0,0.0,0.0,0.0,0.0,0.0,0.0,0.0,0.0,0.0,0.0,0.0,0.0,0.0,0.0,0.0,0.0,0.0,0.0,0.0,0.0,0.0,0.0,0.0,0.0,0.0,0.0,0.0,0.0,0.0,0.0,0.0,0.0,0.0,0.0,0.0,0.0,0.0,0.0,0.0,0.0,0.0,0.0,0.0,0.0,0.0,0.0,0.0,0.0,0.0,0.0,0.0,0.0,0.0,0.0,0.0,0.0,0.0,0.0,0.0,0.0,0.0,0.0,0.0,0.0,0.0,0.0,0.0,0.0,0.0,0.0,0.0,0.0,0.0,0.0,0.0,0.9,0.7333333333333333,0.8,0.8333333333333333,0.9,3.860455250000001,0.0
nvbench2:dev:259,259,qwen3:14b,union,77,0.0,point,1.0,1.0,20,8,12,0.0,0.0,0.0,0.0,0.0,0.0,0.0,0.0,0.0,0.0,0.0,0.0,0.0,0.0,0.0,0.0,0.0,0.0,0.0,0.0,0.0,0.0,0.0,0.0,0.0,0.0,0.0,0.0,0.0,0.0,0.0,0.0,0.0,0.0,0.0,0.0,0.0,0.0,0.0,0.0,0.0,0.0,0.0,0.0,0.0,0.0,0.0,0.0,0.0,0.0,0.0,0.0,0.0,0.0,0.0,0.0,0.0,0.0,0.0,0.0,0.0,0.0,0.0,0.0,0.0,0.0,0.0,0.0,0.0,0.0,0.0,0.0,0.0,0.0,0.0,0.0,0.0,0.0,0.0,0.0,0.0,0.0,0.0,0.0,0.0,0.0,0.0,0.0,0.0,0.0,0.0,0.0,0.0,0.0,0.0,0.0,0.0,0.0,0.0,0.0,0.0,0.0,0.0,0.0,0.0,0.0,0.0,0.0,0.9333333333333332,0.8400000000000001,0.8400000000000001,0.8400000000000001,0.9333333333333332,2.604324208999998,0.0
nvbench2:dev:278,278,qwen3:14b,union,77,0.0,arc,1.0,1.0,16,10,6,1.0,1.0,1.0,0.3333333333333333,1.0,0.5,1.0,0.3333333333333333,0.5,0.4,1.0,0.3333333333333333,0.3333333333333333,0.3333333333333333,1.0,0.3333333333333333,0.25,0.28571428571428575,1.0,0.3333333333333333,0.2,0.25,1.0,0.3333333333333333,0.16666666666666666,0.2222222222222222,1.0,0.3333333333333333,0.16666666666666666,0.2222222222222222,1.0,0.3333333333333333,0.16666666666666666,0.2222222222222222,1.0,0.3333333333333333,0.16666666666666666,0.2222222222222222,1.0,0.3333333333333333,0.16666666666666666,0.2222222222222222,1.0,0.3333333333333333,0.16666666666666666,0.2222222222222222,1.0,0.3333333333333333,0.16666666666666666,0.2222222222222222,1.0,0.3333333333333333,0.16666666666666666,0.2222222222222222,1.0,0.3333333333333333,0.16666666666666666,0.2222222222222222,1.0,0.3333333333333333,0.16666666666666666,0.2222222222222222,1.0,0.3333333333333333,0.16666666666666666,0.2222222222222222,1.0,0.3333333333333333,0.16666666666666666,0.2222222222222222,1.0,0.3333333333333333,0.16666666666666666,0.2222222222222222,1.0,0.3333333333333333,0.16666666666666666,0.2222222222222222,1.0,0.3333333333333333,0.16666666666666666,0.2222222222222222,1.0,1.0,0.3333333333333333,1.0,0.5,1.0,0.3333333333333333,0.3333333333333333,0.3333333333333333,1.0,0.3333333333333333,0.2,0.25,0.5,0.0,0.0,0.0,0.0,1.0,0.3333333333333333,0.3333333333333333,0.3333333333333333,1.0,0.3333333333333333,0.2,0.25,1.0,1.0,1.0,1.0,1.0,1.637115707999996,-1.0
nvbench2:dev:283,283,qwen3:14b,union,77,0.0,rect,1.0,1.0,24,11,13,0.0,0.0,0.0,0.0,0.0,0.0,0.0,0.0,0.0,0.0,0.0,0.0,0.0,0.0,0.0,0.0,0.0,0.0,0.0,0.0,0.0,0.0,0.0,0.0,0.0,0.0,0.0,0.0,0.0,0.0,0.0,0.0,0.0,0.0,0.0,0.0,0.0,0.0,0.0,0.0,0.0,0.0,0.0,0.0,0.0,0.0,0.0,0.0,0.0,0.0,0.0,0.0,0.0,0.0,0.0,0.0,0.0,0.0,0.0,0.0,0.0,0.0,0.0,0.0,0.0,0.0,0.0,0.0,0.0,0.0,0.0,0.0,0.0,0.0,0.0,0.0,0.0,0.0,0.0,0.0,0.0,0.0,0.0,0.0,0.0,0.0,0.0,0.0,0.0,0.0,0.0,0.0,0.0,0.0,0.0,0.0,0.0,0.0,0.0,0.0,0.0,0.0,0.0,0.0,0.0,0.0,0.0,0.0,0.4,0.08,0.27999999999999997,0.24000000000000005,0.27999999999999997,3.848214791999993,0.0
nvbench2:dev:286,286,qwen3:14b,union,77,0.0,bar,1.0,1.0,8,3,5,0.0,0.0,0.0,0.0,0.0,0.0,0.0,0.0,0.0,0.0,0.0,0.0,0.0,0.0,0.0,0.0,0.0,0.0,0.0,0.0,0.0,0.0,0.0,0.0,0.0,0.0,0.0,0.0,0.0,0.0,0.0,0.0,0.0,0.0,0.0,0.0,0.0,0.0,0.0,0.0,0.0,0.0,0.0,0.0,0.0,0.0,0.0,0.0,0.0,0.0,0.0,0.0,0.0,0.0,0.0,0.0,0.0,0.0,0.0,0.0,0.0,0.0,0.0,0.0,0.0,0.0,0.0,0.0,0.0,0.0,0.0,0.0,0.0,0.0,0.0,0.0,0.0,0.0,0.0,0.0,0.0,0.0,0.0,0.0,0.0,0.0,0.0,0.0,0.0,0.0,0.0,0.0,0.0,0.0,0.0,0.0,0.0,0.0,0.0,0.0,0.0,0.0,0.0,0.0,0.0,0.0,0.0,0.0,0.9199999999999999,0.9199999999999999,0.9199999999999999,0.9199999999999999,0.9199999999999999,2.0918972919999987,0.0
nvbench2:dev:292,292,qwen3:14b,union,77,0.0,rect,1.0,1.0,20,14,6,0.0,0.0,0.0,0.0,0.0,0.0,0.0,0.0,0.0,0.0,0.0,0.0,0.0,0.0,0.0,0.0,0.0,0.0,0.0,0.0,0.0,0.0,0.0,0.0,0.0,0.0,0.0,0.0,0.0,0.0,0.0,0.0,0.0,0.0,0.0,0.0,0.0,0.0,0.0,0.0,0.0,0.0,0.0,0.0,0.0,0.0,0.0,0.0,0.0,0.0,0.0,0.0,0.0,0.0,0.0,0.0,0.0,0.0,0.0,0.0,0.0,0.0,0.0,0.0,0.0,0.0,0.0,0.0,0.0,0.0,0.0,0.0,0.0,0.0,0.0,0.0,0.0,0.0,0.0,0.0,0.0,0.0,0.0,0.0,0.0,0.0,0.0,0.0,0.0,0.0,0.0,0.0,0.0,0.0,0.0,0.0,0.0,0.0,0.0,0.0,0.0,0.0,0.0,0.0,0.0,0.0,0.0,0.0,0.7333333333333333,0.7333333333333333,0.7333333333333333,0.7333333333333333,0.7333333333333333,2.885367209000009,0.0
nvbench2:dev:296,296,qwen3:14b,union,77,0.0,bar,1.0,1.0,25,13,12,0.0,0.0,0.0,0.0,0.0,0.0,0.0,0.0,0.0,0.0,0.0,0.0,0.0,0.0,0.0,0.0,0.0,0.0,0.0,0.0,0.0,0.0,0.0,0.0,0.0,0.0,0.0,0.0,0.0,0.0,0.0,0.0,0.0,0.0,0.0,0.0,0.0,0.0,0.0,0.0,0.0,0.0,0.0,0.0,0.0,0.0,0.0,0.0,0.0,0.0,0.0,0.0,0.0,0.0,0.0,0.0,0.0,0.0,0.0,0.0,0.0,0.0,0.0,0.0,0.0,0.0,0.0,0.0,0.0,0.0,0.0,0.0,0.0,0.0,0.0,0.0,0.0,0.0,0.0,0.0,0.0,0.0,0.0,0.0,0.0,0.0,0.0,0.0,0.0,0.0,0.0,0.0,0.0,0.0,0.0,0.0,0.0,0.0,0.0,0.0,0.0,0.0,0.0,0.0,0.0,0.0,0.0,0.0,0.9199999999999999,0.5333333333333333,0.9199999999999999,0.8,0.9199999999999999,3.009265499999998,0.0
nvbench2:dev:298,298,qwen3:14b,union,77,0.0,bar,1.0,1.0,22,19,3,0.0,0.0,0.0,0.0,0.0,0.0,0.0,0.0,0.0,0.0,0.0,0.0,0.0,0.0,0.0,0.0,0.0,0.0,0.0,0.0,0.0,0.0,0.0,0.0,0.0,0.0,0.0,0.0,0.0,0.0,0.0,0.0,0.0,0.0,0.0,0.0,0.0,0.0,0.0,0.0,0.0,0.0,0.0,0.0,0.0,0.0,0.0,0.0,0.0,0.0,0.0,0.0,0.0,0.0,0.0,0.0,0.0,0.0,0.0,0.0,0.0,0.0,0.0,0.0,0.0,0.0,0.0,0.0,0.0,0.0,0.0,0.0,0.0,0.0,0.0,0.0,0.0,0.0,0.0,0.0,0.0,0.0,0.0,0.0,0.0,0.0,0.0,0.0,0.0,0.0,0.0,0.0,0.0,0.0,0.0,0.0,0.0,0.0,0.0,0.0,0.0,0.0,0.0,0.0,0.0,0.0,0.0,0.0,0.9199999999999999,0.9199999999999999,0.9199999999999999,0.9199999999999999,0.9199999999999999,1.7281467919999898,0.0
nvbench2:dev:300,300,qwen3:14b,union,77,0.0,arc,1.0,1.0,35,25,10,1.0,0.5,0.0,0.0,0.0,0.0,1.0,0.5,0.5,0.5,1.0,0.5,0.3333333333333333,0.4,1.0,1.0,0.5,0.6666666666666666,1.0,1.0,0.4,0.5714285714285715,1.0,1.0,0.3333333333333333,0.5,1.0,1.0,0.2857142857142857,0.4444444444444445,1.0,1.0,0.25,0.4,1.0,1.0,0.2222222222222222,0.3636363636363636,1.0,1.0,0.2,0.33333333333333337,1.0,1.0,0.2,0.33333333333333337,1.0,1.0,0.2,0.33333333333333337,1.0,1.0,0.2,0.33333333333333337,1.0,1.0,0.2,0.33333333333333337,1.0,1.0,0.2,0.33333333333333337,1.0,1.0,0.2,0.33333333333333337,1.0,1.0,0.2,0.33333333333333337,1.0,1.0,0.2,0.33333333333333337,1.0,1.0,0.2,0.33333333333333337,1.0,1.0,0.2,0.33333333333333337,0.5,0.0,0.0,0.0,0.0,1.0,0.5,0.3333333333333333,0.4,1.0,1.0,0.4,0.5714285714285715,0.0,0.0,0.0,0.0,0.0,0.0,0.0,0.0,0.0,0.0,0.0,0.0,0.0,1.0,1.0,1.0,0.9,0.9,2.482069958000011,0.0
nvbench2:dev:302,302,qwen3:14b,union,77,0.0,rect,1.0,1.0,21,8,13,0.0,0.0,0.0,0.0,0.0,0.0,0.0,0.0,0.0,0.0,0.0,0.0,0.0,0.0,0.0,0.0,0.0,0.0,0.0,0.0,0.0,0.0,0.0,0.0,0.0,0.0,0.0,0.0,0.0,0.0,0.0,0.0,0.0,0.0,0.0,0.0,0.0,0.0,0.0,0.0,0.0,0.0,0.0,0.0,0.0,0.0,0.0,0.0,0.0,0.0,0.0,0.0,0.0,0.0,0.0,0.0,0.0,0.0,0.0,0.0,0.0,0.0,0.0,0.0,0.0,0.0,0.0,0.0,0.0,0.0,0.0,0.0,0.0,0.0,0.0,0.0,0.0,0.0,0.0,0.0,0.0,0.0,0.0,0.0,0.0,0.0,0.0,0.0,0.0,0.0,0.0,0.0,0.0,0.0,0.0,0.0,0.0,0.0,0.0,0.0,0.0,0.0,0.0,0.0,0.0,0.0,0.0,0.0,0.8666666666666668,0.8,0.8666666666666668,0.8666666666666668,0.8666666666666668,2.5303343749999954,0.0
nvbench2:dev:307,307,qwen3:14b,union,77,0.0,rect,1.0,1.0,18,16,2,0.0,0.0,0.0,0.0,0.0,0.0,0.0,0.0,0.0,0.0,0.0,0.0,0.0,0.0,0.0,0.0,0.0,0.0,0.0,0.0,0.0,0.0,0.0,0.0,0.0,0.0,0.0,0.0,0.0,0.0,0.0,0.0,0.0,0.0,0.0,0.0,0.0,0.0,0.0,0.0,0.0,0.0,0.0,0.0,0.0,0.0,0.0,0.0,0.0,0.0,0.0,0.0,0.0,0.0,0.0,0.0,0.0,0.0,0.0,0.0,0.0,0.0,0.0,0.0,0.0,0.0,0.0,0.0,0.0,0.0,0.0,0.0,0.0,0.0,0.0,0.0,0.0,0.0,0.0,0.0,0.0,0.0,0.0,0.0,0.0,0.0,0.0,0.0,0.0,0.0,0.0,0.0,0.0,0.0,0.0,0.0,0.0,0.0,0.0,0.0,0.0,0.0,0.0,0.0,0.0,0.0,0.0,0.0,0.4666666666666667,0.08,0.4666666666666667,0.4666666666666667,0.4666666666666667,1.263285959000001,0.0
nvbench2:dev:314,314,qwen3:14b,union,77,0.0,arc,1.0,1.0,11,9,2,0.0,0.0,0.0,0.0,0.0,0.0,0.0,0.0,0.0,0.0,0.0,0.0,0.0,0.0,0.0,0.0,0.0,0.0,0.0,0.0,0.0,0.0,0.0,0.0,0.0,0.0,0.0,0.0,0.0,0.0,0.0,0.0,0.0,0.0,0.0,0.0,0.0,0.0,0.0,0.0,0.0,0.0,0.0,0.0,0.0,0.0,0.0,0.0,0.0,0.0,0.0,0.0,0.0,0.0,0.0,0.0,0.0,0.0,0.0,0.0,0.0,0.0,0.0,0.0,0.0,0.0,0.0,0.0,0.0,0.0,0.0,0.0,0.0,0.0,0.0,0.0,0.0,0.0,0.0,0.0,0.0,0.0,0.0,0.0,0.0,0.0,0.0,0.0,0.0,0.0,0.0,0.0,0.0,0.0,0.0,0.0,0.0,0.0,0.0,0.0,0.0,0.0,0.0,0.0,0.0,0.0,0.0,0.0,1.0,1.0,1.0,1.0,1.0,1.250111167,0.0
nvbench2:dev:315,315,qwen3:14b,union,77,0.0,bar,1.0,1.0,21,14,7,1.0,1.0,1.0,0.5,1.0,0.6666666666666666,1.0,0.5,0.5,0.5,1.0,0.5,0.3333333333333333,0.4,1.0,0.5,0.25,0.3333333333333333,1.0,0.5,0.2,0.28571428571428575,1.0,0.5,0.16666666666666666,0.25,1.0,0.5,0.14285714285714285,0.22222222222222224,1.0,0.5,0.14285714285714285,0.22222222222222224,1.0,0.5,0.14285714285714285,0.22222222222222224,1.0,0.5,0.14285714285714285,0.22222222222222224,1.0,0.5,0.14285714285714285,0.22222222222222224,1.0,0.5,0.14285714285714285,0.22222222222222224,1.0,0.5,0.14285714285714285,0.22222222222222224,1.0,0.5,0.14285714285714285,0.22222222222222224,1.0,0.5,0.14285714285714285,0.22222222222222224,1.0,0.5,0.14285714285714285,0.22222222222222224,1.0,0.5,0.14285714285714285,0.22222222222222224,1.0,0.5,0.14285714285714285,0.22222222222222224,1.0,0.5,0.14285714285714285,0.22222222222222224,1.0,0.5,0.14285714285714285,0.22222222222222224,1.0,1.0,0.5,1.0,0.6666666666666666,1.0,0.5,0.3333333333333333,0.4,1.0,0.5,0.2,0.28571428571428575,1.0,1.0,0.5,1.0,0.6666666666666666,1.0,0.5,0.3333333333333333,0.4,1.0,0.5,0.2,0.28571428571428575,1.0,1.0,1.0,1.0,1.0,2.0364201669999886,0.0
nvbench2:dev:317,317,qwen3:14b,union,77,0.0,rect,1.0,1.0,20,13,7,0.0,0.0,0.0,0.0,0.0,0.0,0.0,0.0,0.0,0.0,0.0,0.0,0.0,0.0,0.0,0.0,0.0,0.0,0.0,0.0,0.0,0.0,0.0,0.0,0.0,0.0,0.0,0.0,0.0,0.0,0.0,0.0,0.0,0.0,0.0,0.0,0.0,0.0,0.0,0.0,0.0,0.0,0.0,0.0,0.0,0.0,0.0,0.0,0.0,0.0,0.0,0.0,0.0,0.0,0.0,0.0,0.0,0.0,0.0,0.0,0.0,0.0,0.0,0.0,0.0,0.0,0.0,0.0,0.0,0.0,0.0,0.0,0.0,0.0,0.0,0.0,0.0,0.0,0.0,0.0,0.0,0.0,0.0,0.0,0.0,0.0,0.0,0.0,0.0,0.0,0.0,0.0,0.0,0.0,0.0,0.0,0.0,0.0,0.0,0.0,0.0,0.0,0.0,0.0,0.0,0.0,0.0,0.0,0.7333333333333333,0.7333333333333333,0.7333333333333333,0.7333333333333333,0.7333333333333333,2.3388171249999914,0.0
nvbench2:dev:319,319,qwen3:14b,union,77,0.0,boxplot,1.0,1.0,18,6,12,1.0,1.0,1.0,0.2,1.0,0.33333333333333337,1.0,0.2,0.5,0.28571428571428575,1.0,0.2,0.3333333333333333,0.25,1.0,0.2,0.25,0.22222222222222224,1.0,0.2,0.2,0.20000000000000004,1.0,0.2,0.16666666666666666,0.1818181818181818,1.0,0.2,0.14285714285714285,0.16666666666666666,1.0,0.2,0.125,0.15384615384615385,1.0,0.2,0.1111111111111111,0.14285714285714285,1.0,0.2,0.1,0.13333333333333333,1.0,0.2,0.09090909090909091,0.12500000000000003,1.0,0.2,0.08333333333333333,0.11764705882352941,1.0,0.2,0.08333333333333333,0.11764705882352941,1.0,0.2,0.08333333333333333,0.11764705882352941,1.0,0.2,0.08333333333333333,0.11764705882352941,1.0,0.2,0.08333333333333333,0.11764705882352941,1.0,0.2,0.08333333333333333,0.11764705882352941,1.0,0.2,0.08333333333333333,0.11764705882352941,1.0,0.2,0.08333333333333333,0.11764705882352941,1.0,0.2,0.08333333333333333,0.11764705882352941,1.0,1.0,0.2,1.0,0.33333333333333337,1.0,0.2,0.3333333333333333,0.25,1.0,0.2,0.2,0.20000000000000004,0.3333333333333333,0.0,0.0,0.0,0.0,1.0,0.2,0.3333333333333333,0.25,1.0,0.2,0.2,0.20000000000000004,1.0,1.0,1.0,1.0,1.0,2.526993874999988,-1.0
nvbench2:dev:326,326,qwen3:14b,union,77,0.0,rect,1.0,1.0,16,11,5,0.0,0.0,0.0,0.0,0.0,0.0,0.0,0.0,0.0,0.0,0.0,0.0,0.0,0.0,0.0,0.0,0.0,0.0,0.0,0.0,0.0,0.0,0.0,0.0,0.0,0.0,0.0,0.0,0.0,0.0,0.0,0.0,0.0,0.0,0.0,0.0,0.0,0.0,0.0,0.0,0.0,0.0,0.0,0.0,0.0,0.0,0.0,0.0,0.0,0.0,0.0,0.0,0.0,0.0,0.0,0.0,0.0,0.0,0.0,0.0,0.0,0.0,0.0,0.0,0.0,0.0,0.0,0.0,0.0,0.0,0.0,0.0,0.0,0.0,0.0,0.0,0.0,0.0,0.0,0.0,0.0,0.0,0.0,0.0,0.0,0.0,0.0,0.0,0.0,0.0,0.0,0.0,0.0,0.0,0.0,0.0,0.0,0.0,0.0,0.0,0.0,0.0,0.0,0.0,0.0,0.0,0.0,0.0,0.44000000000000006,0.16,0.44000000000000006,0.24000000000000005,0.44000000000000006,1.7734453340000016,0.0
nvbench2:dev:327,327,qwen3:14b,union,77,0.0,boxplot,1.0,1.0,22,10,12,0.0,0.0,0.0,0.0,0.0,0.0,0.0,0.0,0.0,0.0,0.0,0.0,0.0,0.0,0.0,0.0,0.0,0.0,0.0,0.0,0.0,0.0,0.0,0.0,0.0,0.0,0.0,0.0,0.0,0.0,0.0,0.0,0.0,0.0,0.0,0.0,0.0,0.0,0.0,0.0,0.0,0.0,0.0,0.0,0.0,0.0,0.0,0.0,0.0,0.0,0.0,0.0,0.0,0.0,0.0,0.0,0.0,0.0,0.0,0.0,0.0,0.0,0.0,0.0,0.0,0.0,0.0,0.0,0.0,0.0,0.0,0.0,0.0,0.0,0.0,0.0,0.0,0.0,0.0,0.0,0.0,0.0,0.0,0.0,0.0,0.0,0.0,0.0,0.0,0.0,0.0,0.0,0.0,0.0,0.0,0.0,0.0,0.0,0.0,0.0,0.0,0.0,0.0,0.0,0.0,0.0,0.0,0.0,0.6,0.6,0.6,0.6,0.6,2.194066666999987,0.0
nvbench2:dev:331,331,qwen3:14b,union,77,0.0,bar,1.0,1.0,16,7,9,0.0,0.0,0.0,0.0,0.0,0.0,0.0,0.0,0.0,0.0,0.0,0.0,0.0,0.0,0.0,0.0,0.0,0.0,0.0,0.0,0.0,0.0,0.0,0.0,0.0,0.0,0.0,0.0,0.0,0.0,0.0,0.0,0.0,0.0,0.0,0.0,0.0,0.0,0.0,0.0,0.0,0.0,0.0,0.0,0.0,0.0,0.0,0.0,0.0,0.0,0.0,0.0,0.0,0.0,0.0,0.0,0.0,0.0,0.0,0.0,0.0,0.0,0.0,0.0,0.0,0.0,0.0,0.0,0.0,0.0,0.0,0.0,0.0,0.0,0.0,0.0,0.0,0.0,0.0,0.0,0.0,0.0,0.0,0.0,0.0,0.0,0.0,0.0,0.0,0.0,0.0,0.0,0.0,0.0,0.0,0.0,0.0,0.0,0.0,0.0,0.0,0.0,0.0,0.0,0.0,0.0,0.0,0.0,1.0,0.5,1.0,0.8,1.0,2.309015749999986,0.0
nvbench2:dev:332,332,qwen3:14b,union,77,0.0,arc,1.0,1.0,14,9,5,0.0,0.0,0.0,0.0,0.0,0.0,0.0,0.0,0.0,0.0,0.0,0.0,0.0,0.0,0.0,0.0,0.0,0.0,0.0,0.0,0.0,0.0,0.0,0.0,0.0,0.0,0.0,0.0,0.0,0.0,0.0,0.0,0.0,0.0,0.0,0.0,0.0,0.0,0.0,0.0,0.0,0.0,0.0,0.0,0.0,0.0,0.0,0.0,0.0,0.0,0.0,0.0,0.0,0.0,0.0,0.0,0.0,0.0,0.0,0.0,0.0,0.0,0.0,0.0,0.0,0.0,0.0,0.0,0.0,0.0,0.0,0.0,0.0,0.0,0.0,0.0,0.0,0.0,0.0,0.0,0.0,0.0,0.0,0.0,0.0,0.0,0.0,0.0,0.0,0.0,0.0,0.0,0.0,0.0,0.0,0.0,0.0,0.0,0.0,0.0,0.0,0.0,0.0,0.0,0.0,0.0,0.0,0.0,0.7,0.2,0.7,0.2,0.7,1.5529817080000043,0.0
nvbench2:dev:336,336,qwen3:14b,union,77,0.0,arc,1.0,1.0,22,19,3,1.0,0.5,0.0,0.0,0.0,0.0,1.0,0.2,0.5,0.28571428571428575,1.0,0.2,0.3333333333333333,0.25,1.0,0.2,0.3333333333333333,0.25,1.0,0.2,0.3333333333333333,0.25,1.0,0.2,0.3333333333333333,0.25,1.0,0.2,0.3333333333333333,0.25,1.0,0.2,0.3333333333333333,0.25,1.0,0.2,0.3333333333333333,0.25,1.0,0.2,0.3333333333333333,0.25,1.0,0.2,0.3333333333333333,0.25,1.0,0.2,0.3333333333333333,0.25,1.0,0.2,0.3333333333333333,0.25,1.0,0.2,0.3333333333333333,0.25,1.0,0.2,0.3333333333333333,0.25,1.0,0.2,0.3333333333333333,0.25,1.0,0.2,0.3333333333333333,0.25,1.0,0.2,0.3333333333333333,0.25,1.0,0.2,0.3333333333333333,0.25,1.0,0.2,0.3333333333333333,0.25,0.5,0.0,0.0,0.0,0.0,1.0,0.2,0.3333333333333333,0.25,1.0,0.2,0.3333333333333333,0.25,0.5,0.0,0.0,0.0,0.0,1.0,0.2,0.3333333333333333,0.25,1.0,0.2,0.3333333333333333,0.25,1.0,0.8,1.0,0.8,1.0,1.3674942920000035,0.0
nvbench2:dev:338,338,qwen3:14b,union,77,0.0,rect,1.0,1.0,25,13,12,0.0,0.0,0.0,0.0,0.0,0.0,0.0,0.0,0.0,0.0,0.0,0.0,0.0,0.0,0.0,0.0,0.0,0.0,0.0,0.0,0.0,0.0,0.0,0.0,0.0,0.0,0.0,0.0,0.0,0.0,0.0,0.0,0.0,0.0,0.0,0.0,0.0,0.0,0.0,0.0,0.0,0.0,0.0,0.0,0.0,0.0,0.0,0.0,0.0,0.0,0.0,0.0,0.0,0.0,0.0,0.0,0.0,0.0,0.0,0.0,0.0,0.0,0.0,0.0,0.0,0.0,0.0,0.0,0.0,0.0,0.0,0.0,0.0,0.0,0.0,0.0,0.0,0.0,0.0,0.0,0.0,0.0,0.0,0.0,0.0,0.0,0.0,0.0,0.0,0.0,0.0,0.0,0.0,0.0,0.0,0.0,0.0,0.0,0.0,0.0,0.0,0.0,0.0,0.0,0.0,0.0,0.0,0.0,0.9333333333333332,0.9333333333333332,0.9333333333333332,0.7333333333333333,0.7333333333333333,2.3643862090000027,0.0
nvbench2:dev:340,340,qwen3:14b,union,77,0.0,rect,1.0,1.0,20,10,10,0.0,0.0,0.0,0.0,0.0,0.0,0.0,0.0,0.0,0.0,0.0,0.0,0.0,0.0,0.0,0.0,0.0,0.0,0.0,0.0,0.0,0.0,0.0,0.0,0.0,0.0,0.0,0.0,0.0,0.0,0.0,0.0,0.0,0.0,0.0,0.0,0.0,0.0,0.0,0.0,0.0,0.0,0.0,0.0,0.0,0.0,0.0,0.0,0.0,0.0,0.0,0.0,0.0,0.0,0.0,0.0,0.0,0.0,0.0,0.0,0.0,0.0,0.0,0.0,0.0,0.0,0.0,0.0,0.0,0.0,0.0,0.0,0.0,0.0,0.0,0.0,0.0,0.0,0.0,0.0,0.0,0.0,0.0,0.0,0.0,0.0,0.0,0.0,0.0,0.0,0.0,0.0,0.0,0.0,0.0,0.0,0.0,0.0,0.0,0.0,0.0,0.0,0.0,0.0,0.0,0.0,0.0,0.0,1.0,0.9333333333333332,0.96,0.44000000000000006,1.0,2.11626983299999,0.0
nvbench2:dev:346,346,qwen3:14b,union,77,0.0,bar+line+rect,1.0,1.0,20,11,9,0.0,0.0,0.0,0.0,0.0,0.0,0.0,0.0,0.0,0.0,0.0,0.0,0.0,0.0,0.0,0.0,0.0,0.0,0.0,0.0,0.0,0.0,0.0,0.0,0.0,0.0,0.0,0.0,0.0,0.0,0.0,0.0,0.0,0.0,0.0,0.0,0.0,0.0,0.0,0.0,0.0,0.0,0.0,0.0,0.0,0.0,0.0,0.0,0.0,0.0,0.0,0.0,0.0,0.0,0.0,0.0,0.0,0.0,0.0,0.0,0.0,0.0,0.0,0.0,0.0,0.0,0.0,0.0,0.0,0.0,0.0,0.0,0.0,0.0,0.0,0.0,0.0,0.0,0.0,0.0,0.0,0.0,0.0,0.0,0.0,0.0,0.0,0.0,0.0,0.0,0.0,0.0,0.0,0.0,0.0,0.0,0.0,0.0,0.0,0.0,0.0,0.0,0.0,0.0,0.0,0.0,0.0,0.0,0.72,0.08,0.72,0.72,0.72,2.5792436250000037,0.0
nvbench2:dev:358,358,qwen3:14b,union,77,0.0,bar,1.0,1.0,30,17,13,1.0,0.08333333333333333,0.0,0.0,0.0,0.0,0.0,0.0,0.0,0.0,0.0,0.0,0.0,0.0,0.0,0.0,0.0,0.0,0.0,0.0,0.0,0.0,0.0,0.0,0.0,0.0,0.0,0.0,0.0,0.0,0.0,0.0,0.0,0.0,0.0,0.0,0.0,0.0,0.0,0.0,0.0,0.0,0.0,0.0,0.0,0.0,1.0,0.5,0.08333333333333333,0.14285714285714285,1.0,0.5,0.07692307692307693,0.13333333333333336,1.0,0.5,0.07692307692307693,0.13333333333333336,1.0,0.5,0.07692307692307693,0.13333333333333336,1.0,0.5,0.07692307692307693,0.13333333333333336,1.0,0.5,0.07692307692307693,0.13333333333333336,1.0,0.5,0.07692307692307693,0.13333333333333336,1.0,0.5,0.07692307692307693,0.13333333333333336,1.0,0.5,0.07692307692307693,0.13333333333333336,0.0,0.0,0.0,0.0,0.0,0.0,0.0,0.0,0.0,0.0,0.0,0.0,0.0,0.5,0.0,0.0,0.0,0.0,1.0,0.5,0.3333333333333333,0.4,1.0,0.5,0.2,0.28571428571428575,1.0,0.27999999999999997,0.9199999999999999,1.0,1.0,2.6069559999999967,0.0
nvbench2:dev:362,362,qwen3:14b,union,77,0.0,rect,1.0,1.0,19,11,8,0.0,0.0,0.0,0.0,0.0,0.0,0.0,0.0,0.0,0.0,0.0,0.0,0.0,0.0,0.0,0.0,0.0,0.0,0.0,0.0,0.0,0.0,0.0,0.0,0.0,0.0,0.0,0.0,0.0,0.0,0.0,0.0,0.0,0.0,0.0,0.0,0.0,0.0,0.0,0.0,0.0,0.0,0.0,0.0,0.0,0.0,0.0,0.0,0.0,0.0,0.0,0.0,0.0,0.0,0.0,0.0,0.0,0.0,0.0,0.0,0.0,0.0,0.0,0.0,0.0,0.0,0.0,0.0,0.0,0.0,0.0,0.0,0.0,0.0,0.0,0.0,0.0,0.0,0.0,0.0,0.0,0.0,0.0,0.0,0.0,0.0,0.0,0.0,0.0,0.0,0.0,0.0,0.0,0.0,0.0,0.0,0.0,0.0,0.0,0.0,0.0,0.0,0.0,0.0,0.0,0.0,0.0,0.0,0.6666666666666667,0.6666666666666667,0.6666666666666667,0.4,0.6666666666666667,2.2460432910000065,0.0
nvbench2:dev:367,367,qwen3:14b,union,77,0.0,bar,1.0,1.0,17,9,8,0.0,0.0,0.0,0.0,0.0,0.0,0.0,0.0,0.0,0.0,0.0,0.0,0.0,0.0,0.0,0.0,0.0,0.0,0.0,0.0,0.0,0.0,0.0,0.0,0.0,0.0,0.0,0.0,0.0,0.0,0.0,0.0,0.0,0.0,0.0,0.0,0.0,0.0,0.0,0.0,0.0,0.0,0.0,0.0,0.0,0.0,0.0,0.0,0.0,0.0,0.0,0.0,0.0,0.0,0.0,0.0,0.0,0.0,0.0,0.0,0.0,0.0,0.0,0.0,0.0,0.0,0.0,0.0,0.0,0.0,0.0,0.0,0.0,0.0,0.0,0.0,0.0,0.0,0.0,0.0,0.0,0.0,0.0,0.0,0.0,0.0,0.0,0.0,0.0,0.0,0.0,0.0,0.0,0.0,0.0,0.0,0.0,0.0,0.0,0.0,0.0,0.0,0.0,0.0,0.0,0.0,0.0,0.0,0.9199999999999999,0.4,0.9199999999999999,0.9199999999999999,0.9199999999999999,1.9215402080000104,0.0
nvbench2:dev:381,381,qwen3:14b,union,77,0.0,rect,1.0,1.0,22,7,15,1.0,0.25,0.0,0.0,0.0,0.0,0.0,0.0,0.0,0.0,0.0,0.0,0.0,0.0,1.0,0.3333333333333333,0.25,0.28571428571428575,1.0,0.3333333333333333,0.2,0.25,1.0,0.3333333333333333,0.16666666666666666,0.2222222222222222,1.0,0.3333333333333333,0.14285714285714285,0.2,1.0,0.3333333333333333,0.125,0.18181818181818182,1.0,0.3333333333333333,0.1111111111111111,0.16666666666666666,1.0,0.3333333333333333,0.1,0.15384615384615383,1.0,0.3333333333333333,0.09090909090909091,0.14285714285714288,1.0,0.3333333333333333,0.08333333333333333,0.13333333333333333,1.0,0.3333333333333333,0.07692307692307693,0.125,1.0,0.3333333333333333,0.07142857142857142,0.11764705882352941,1.0,0.3333333333333333,0.06666666666666667,0.1111111111111111,1.0,0.3333333333333333,0.06666666666666667,0.1111111111111111,1.0,0.3333333333333333,0.06666666666666667,0.1111111111111111,1.0,0.3333333333333333,0.06666666666666667,0.1111111111111111,1.0,0.3333333333333333,0.06666666666666667,0.1111111111111111,1.0,0.3333333333333333,0.06666666666666667,0.1111111111111111,0.25,0.0,0.0,0.0,0.0,0.0,0.0,0.0,0.0,1.0,0.3333333333333333,0.2,0.25,0.2,0.0,0.0,0.0,0.0,0.0,0.0,0.0,0.0,1.0,0.3333333333333333,0.2,0.25,1.0,0.9333333333333332,1.0,0.9333333333333332,1.0,3.0734852909999972,0.0
nvbench2:dev:383,383,qwen3:14b,union,77,0.0,rect,1.0,1.0,19,6,13,1.0,1.0,1.0,0.3333333333333333,1.0,0.5,1.0,0.3333333333333333,0.5,0.4,1.0,0.3333333333333333,0.3333333333333333,0.3333333333333333,1.0,0.3333333333333333,0.25,0.28571428571428575,1.0,0.3333333333333333,0.2,0.25,1.0,0.3333333333333333,0.16666666666666666,0.2222222222222222,1.0,0.3333333333333333,0.14285714285714285,0.2,1.0,0.3333333333333333,0.125,0.18181818181818182,1.0,0.3333333333333333,0.1111111111111111,0.16666666666666666,1.0,0.3333333333333333,0.1,0.15384615384615383,1.0,0.3333333333333333,0.09090909090909091,0.14285714285714288,1.0,0.3333333333333333,0.08333333333333333,0.13333333333333333,1.0,0.3333333333333333,0.07692307692307693,0.125,1.0,0.3333333333333333,0.07692307692307693,0.125,1.0,0.3333333333333333,0.07692307692307693,0.125,1.0,0.3333333333333333,0.07692307692307693,0.125,1.0,0.3333333333333333,0.07692307692307693,0.125,1.0,0.3333333333333333,0.07692307692307693,0.125,1.0,0.3333333333333333,0.07692307692307693,0.125,1.0,0.3333333333333333,0.07692307692307693,0.125,1.0,1.0,0.3333333333333333,1.0,0.5,1.0,0.3333333333333333,0.3333333333333333,0.3333333333333333,1.0,0.3333333333333333,0.2,0.25,0.2,0.0,0.0,0.0,0.0,0.0,0.0,0.0,0.0,1.0,0.3333333333333333,0.2,0.25,1.0,1.0,1.0,0.9333333333333332,1.0,2.426033082999993,-1.0
nvbench2:dev:384,384,qwen3:14b,union,77,0.0,bar,1.0,1.0,18,11,7,0.0,0.0,0.0,0.0,0.0,0.0,0.0,0.0,0.0,0.0,0.0,0.0,0.0,0.0,0.0,0.0,0.0,0.0,0.0,0.0,0.0,0.0,0.0,0.0,0.0,0.0,0.0,0.0,0.0,0.0,0.0,0.0,0.0,0.0,0.0,0.0,0.0,0.0,0.0,0.0,0.0,0.0,0.0,0.0,0.0,0.0,0.0,0.0,0.0,0.0,0.0,0.0,0.0,0.0,0.0,0.0,0.0,0.0,0.0,0.0,0.0,0.0,0.0,0.0,0.0,0.0,0.0,0.0,0.0,0.0,0.0,0.0,0.0,0.0,0.0,0.0,0.0,0.0,0.0,0.0,0.0,0.0,0.0,0.0,0.0,0.0,0.0,0.0,0.0,0.0,0.0,0.0,0.0,0.0,0.0,0.0,0.0,0.0,0.0,0.0,0.0,0.0,0.0,0.0,0.0,0.0,0.0,0.0,0.8,0.08,0.8,0.7,0.8,2.3614163339999834,0.0
nvbench2:dev:388,388,qwen3:14b,union,77,0.0,rect,1.0,1.0,19,13,6,0.0,0.0,0.0,0.0,0.0,0.0,0.0,0.0,0.0,0.0,0.0,0.0,0.0,0.0,0.0,0.0,0.0,0.0,0.0,0.0,0.0,0.0,0.0,0.0,0.0,0.0,0.0,0.0,0.0,0.0,0.0,0.0,0.0,0.0,0.0,0.0,0.0,0.0,0.0,0.0,0.0,0.0,0.0,0.0,0.0,0.0,0.0,0.0,0.0,0.0,0.0,0.0,0.0,0.0,0.0,0.0,0.0,0.0,0.0,0.0,0.0,0.0,0.0,0.0,0.0,0.0,0.0,0.0,0.0,0.0,0.0,0.0,0.0,0.0,0.0,0.0,0.0,0.0,0.0,0.0,0.0,0.0,0.0,0.0,0.0,0.0,0.0,0.0,0.0,0.0,0.0,0.0,0.0,0.0,0.0,0.0,0.0,0.0,0.0,0.0,0.0,0.0,0.0,0.0,0.0,0.0,0.0,0.0,0.8,0.6666666666666667,0.8,0.8,0.8,2.2333851669999945,0.0
nvbench2:dev:394,394,qwen3:14b,union,77,0.0,arc,1.0,1.0,15,14,1,0.0,0.0,0.0,0.0,0.0,0.0,0.0,0.0,0.0,0.0,0.0,0.0,0.0,0.0,0.0,0.0,0.0,0.0,0.0,0.0,0.0,0.0,0.0,0.0,0.0,0.0,0.0,0.0,0.0,0.0,0.0,0.0,0.0,0.0,0.0,0.0,0.0,0.0,0.0,0.0,0.0,0.0,0.0,0.0,0.0,0.0,0.0,0.0,0.0,0.0,0.0,0.0,0.0,0.0,0.0,0.0,0.0,0.0,0.0,0.0,0.0,0.0,0.0,0.0,0.0,0.0,0.0,0.0,0.0,0.0,0.0,0.0,0.0,0.0,0.0,0.0,0.0,0.0,0.0,0.0,0.0,0.0,0.0,0.0,0.0,0.0,0.0,0.0,0.0,0.0,0.0,0.0,0.0,0.0,0.0,0.0,0.0,0.0,0.0,0.0,0.0,0.0,0.0,0.0,0.0,0.0,0.0,0.0,0.9,0.9,0.9,0.9,0.9,0.7373162089999994,0.0
nvbench2:dev:398,398,qwen3:14b,union,77,0.0,line,1.0,1.0,11,5,6,1.0,1.0,1.0,0.25,1.0,0.4,1.0,0.25,0.5,0.3333333333333333,1.0,0.25,0.3333333333333333,0.28571428571428575,1.0,0.25,0.25,0.25,1.0,0.25,0.2,0.22222222222222224,1.0,0.25,0.16666666666666666,0.2,1.0,0.25,0.16666666666666666,0.2,1.0,0.25,0.16666666666666666,0.2,1.0,0.25,0.16666666666666666,0.2,1.0,0.25,0.16666666666666666,0.2,1.0,0.25,0.16666666666666666,0.2,1.0,0.25,0.16666666666666666,0.2,1.0,0.25,0.16666666666666666,0.2,1.0,0.25,0.16666666666666666,0.2,1.0,0.25,0.16666666666666666,0.2,1.0,0.25,0.16666666666666666,0.2,1.0,0.25,0.16666666666666666,0.2,1.0,0.25,0.16666666666666666,0.2,1.0,0.25,0.16666666666666666,0.2,1.0,0.25,0.16666666666666666,0.2,1.0,1.0,0.25,1.0,0.4,1.0,0.25,0.3333333333333333,0.28571428571428575,1.0,0.25,0.2,0.22222222222222224,0.5,0.0,0.0,0.0,0.0,1.0,0.25,0.3333333333333333,0.28571428571428575,1.0,0.25,0.2,0.22222222222222224,1.0,1.0,1.0,1.0,1.0,1.461174083000003,-1.0
nvbench2:dev:403,403,qwen3:14b,union,77,0.0,point,1.0,1.0,20,12,8,0.0,0.0,0.0,0.0,0.0,0.0,0.0,0.0,0.0,0.0,0.0,0.0,0.0,0.0,0.0,0.0,0.0,0.0,0.0,0.0,0.0,0.0,0.0,0.0,0.0,0.0,0.0,0.0,0.0,0.0,0.0,0.0,0.0,0.0,0.0,0.0,0.0,0.0,0.0,0.0,0.0,0.0,0.0,0.0,0.0,0.0,0.0,0.0,0.0,0.0,0.0,0.0,0.0,0.0,0.0,0.0,0.0,0.0,0.0,0.0,0.0,0.0,0.0,0.0,0.0,0.0,0.0,0.0,0.0,0.0,0.0,0.0,0.0,0.0,0.0,0.0,0.0,0.0,0.0,0.0,0.0,0.0,0.0,0.0,0.0,0.0,0.0,0.0,0.0,0.0,0.0,0.0,0.0,0.0,0.0,0.0,0.0,0.0,0.0,0.0,0.0,0.0,0.0,0.0,0.0,0.0,0.0,0.0,0.8,0.4,0.8,0.6,0.8,2.2695053340000015,0.0
nvbench2:dev:405,405,qwen3:14b,union,77,0.0,bar,1.0,1.0,21,12,9,1.0,1.0,1.0,0.2,1.0,0.33333333333333337,1.0,0.2,0.5,0.28571428571428575,1.0,0.2,0.3333333333333333,0.25,1.0,0.2,0.25,0.22222222222222224,1.0,0.2,0.2,0.20000000000000004,1.0,0.2,0.16666666666666666,0.1818181818181818,1.0,0.2,0.14285714285714285,0.16666666666666666,1.0,0.2,0.125,0.15384615384615385,1.0,0.2,0.1111111111111111,0.14285714285714285,1.0,0.2,0.1111111111111111,0.14285714285714285,1.0,0.2,0.1111111111111111,0.14285714285714285,1.0,0.2,0.1111111111111111,0.14285714285714285,1.0,0.2,0.1111111111111111,0.14285714285714285,1.0,0.2,0.1111111111111111,0.14285714285714285,1.0,0.2,0.1111111111111111,0.14285714285714285,1.0,0.2,0.1111111111111111,0.14285714285714285,1.0,0.2,0.1111111111111111,0.14285714285714285,1.0,0.2,0.1111111111111111,0.14285714285714285,1.0,0.2,0.1111111111111111,0.14285714285714285,1.0,0.2,0.1111111111111111,0.14285714285714285,1.0,1.0,0.2,1.0,0.33333333333333337,1.0,0.2,0.3333333333333333,0.25,1.0,0.2,0.2,0.20000000000000004,0.5,0.0,0.0,0.0,0.0,1.0,0.2,0.3333333333333333,0.25,1.0,0.2,0.2,0.20000000000000004,1.0,1.0,1.0,1.0,1.0,1.884065167000017,-1.0
nvbench2:dev:421,421,qwen3:14b,union,77,0.0,arc,1.0,1.0,19,13,6,0.0,0.0,0.0,0.0,0.0,0.0,0.0,0.0,0.0,0.0,0.0,0.0,0.0,0.0,0.0,0.0,0.0,0.0,0.0,0.0,0.0,0.0,0.0,0.0,0.0,0.0,0.0,0.0,0.0,0.0,0.0,0.0,0.0,0.0,0.0,0.0,0.0,0.0,0.0,0.0,0.0,0.0,0.0,0.0,0.0,0.0,0.0,0.0,0.0,0.0,0.0,0.0,0.0,0.0,0.0,0.0,0.0,0.0,0.0,0.0,0.0,0.0,0.0,0.0,0.0,0.0,0.0,0.0,0.0,0.0,0.0,0.0,0.0,0.0,0.0,0.0,0.0,0.0,0.0,0.0,0.0,0.0,0.0,0.0,0.0,0.0,0.0,0.0,0.0,0.0,0.0,0.0,0.0,0.0,0.0,0.0,0.0,0.0,0.0,0.0,0.0,0.0,0.0,0.0,0.0,0.0,0.0,0.0,0.8,0.8,0.8,0.7,0.7,2.0646832500000016,0.0
nvbench2:dev:422,422,qwen3:14b,union,77,0.0,arc,1.0,1.0,17,16,1,0.0,0.0,0.0,0.0,0.0,0.0,0.0,0.0,0.0,0.0,0.0,0.0,0.0,0.0,0.0,0.0,0.0,0.0,0.0,0.0,0.0,0.0,0.0,0.0,0.0,0.0,0.0,0.0,0.0,0.0,0.0,0.0,0.0,0.0,0.0,0.0,0.0,0.0,0.0,0.0,0.0,0.0,0.0,0.0,0.0,0.0,0.0,0.0,0.0,0.0,0.0,0.0,0.0,0.0,0.0,0.0,0.0,0.0,0.0,0.0,0.0,0.0,0.0,0.0,0.0,0.0,0.0,0.0,0.0,0.0,0.0,0.0,0.0,0.0,0.0,0.0,0.0,0.0,0.0,0.0,0.0,0.0,0.0,0.0,0.0,0.0,0.0,0.0,0.0,0.0,0.0,0.0,0.0,0.0,0.0,0.0,0.0,0.0,0.0,0.0,0.0,0.0,0.0,0.0,0.0,0.0,0.0,0.0,0.0,0.0,0.0,0.0,0.0,1.4253347080000083,0.0
nvbench2:dev:436,436,qwen3:14b,union,77,0.0,point,1.0,1.0,17,7,10,0.0,0.0,0.0,0.0,0.0,0.0,0.0,0.0,0.0,0.0,0.0,0.0,0.0,0.0,0.0,0.0,0.0,0.0,0.0,0.0,0.0,0.0,0.0,0.0,0.0,0.0,0.0,0.0,0.0,0.0,0.0,0.0,0.0,0.0,0.0,0.0,0.0,0.0,0.0,0.0,0.0,0.0,0.0,0.0,0.0,0.0,0.0,0.0,0.0,0.0,0.0,0.0,0.0,0.0,0.0,0.0,0.0,0.0,0.0,0.0,0.0,0.0,0.0,0.0,0.0,0.0,0.0,0.0,0.0,0.0,0.0,0.0,0.0,0.0,0.0,0.0,0.0,0.0,0.0,0.0,0.0,0.0,0.0,0.0,0.0,0.0,0.0,0.0,0.0,0.0,0.0,0.0,0.0,0.0,0.0,0.0,0.0,0.0,0.0,0.0,0.0,0.0,0.0,0.0,0.0,0.0,0.0,0.0,0.6,0.4,0.6,0.6,0.6,2.316472250000004,0.0
nvbench2:dev:444,444,qwen3:14b,union,77,0.0,point,1.0,1.0,22,16,6,0.0,0.0,0.0,0.0,0.0,0.0,0.0,0.0,0.0,0.0,0.0,0.0,0.0,0.0,0.0,0.0,0.0,0.0,0.0,0.0,0.0,0.0,0.0,0.0,0.0,0.0,0.0,0.0,0.0,0.0,0.0,0.0,0.0,0.0,0.0,0.0,0.0,0.0,0.0,0.0,0.0,0.0,0.0,0.0,0.0,0.0,0.0,0.0,0.0,0.0,0.0,0.0,0.0,0.0,0.0,0.0,0.0,0.0,0.0,0.0,0.0,0.0,0.0,0.0,0.0,0.0,0.0,0.0,0.0,0.0,0.0,0.0,0.0,0.0,0.0,0.0,0.0,0.0,0.0,0.0,0.0,0.0,0.0,0.0,0.0,0.0,0.0,0.0,0.0,0.0,0.0,0.0,0.0,0.0,0.0,0.0,0.0,0.0,0.0,0.0,0.0,0.0,0.0,0.0,0.0,0.0,0.0,0.0,0.17142857142857143,0.13333333333333333,0.17142857142857143,0.13333333333333333,0.17142857142857143,2.335232208000008,0.0
nvbench2:dev:445,445,qwen3:14b,union,77,0.0,boxplot,1.0,1.0,15,11,4,0.0,0.0,0.0,0.0,0.0,0.0,0.0,0.0,0.0,0.0,0.0,0.0,0.0,0.0,0.0,0.0,0.0,0.0,0.0,0.0,0.0,0.0,0.0,0.0,0.0,0.0,0.0,0.0,0.0,0.0,0.0,0.0,0.0,0.0,0.0,0.0,0.0,0.0,0.0,0.0,0.0,0.0,0.0,0.0,0.0,0.0,0.0,0.0,0.0,0.0,0.0,0.0,0.0,0.0,0.0,0.0,0.0,0.0,0.0,0.0,0.0,0.0,0.0,0.0,0.0,0.0,0.0,0.0,0.0,0.0,0.0,0.0,0.0,0.0,0.0,0.0,0.0,0.0,0.0,0.0,0.0,0.0,0.0,0.0,0.0,0.0,0.0,0.0,0.0,0.0,0.0,0.0,0.0,0.0,0.0,0.0,0.0,0.0,0.0,0.0,0.0,0.0,0.0,0.0,0.0,0.0,0.0,0.0,0.8,0.2,0.8,0.6,0.8,1.9491407500000264,0.0
nvbench2:dev:455,455,qwen3:14b,union,77,0.0,bar,1.0,1.0,19,8,11,0.0,0.0,0.0,0.0,0.0,0.0,0.0,0.0,0.0,0.0,0.0,0.0,0.0,0.0,0.0,0.0,0.0,0.0,0.0,0.0,0.0,0.0,0.0,0.0,0.0,0.0,0.0,0.0,0.0,0.0,0.0,0.0,0.0,0.0,0.0,0.0,0.0,0.0,0.0,0.0,0.0,0.0,0.0,0.0,0.0,0.0,0.0,0.0,0.0,0.0,0.0,0.0,0.0,0.0,0.0,0.0,0.0,0.0,0.0,0.0,0.0,0.0,0.0,0.0,0.0,0.0,0.0,0.0,0.0,0.0,0.0,0.0,0.0,0.0,0.0,0.0,0.0,0.0,0.0,0.0,0.0,0.0,0.0,0.0,0.0,0.0,0.0,0.0,0.0,0.0,0.0,0.0,0.0,0.0,0.0,0.0,0.0,0.0,0.0,0.0,0.0,0.0,0.0,0.0,0.0,0.0,0.0,0.0,0.9199999999999999,0.9199999999999999,0.9199999999999999,0.8533333333333333,0.9199999999999999,2.192331834000015,0.0
nvbench2:dev:457,457,qwen3:14b,union,77,0.0,arc,1.0,1.0,11,8,3,1.0,1.0,1.0,0.5,1.0,0.6666666666666666,1.0,0.5,0.5,0.5,1.0,0.5,0.3333333333333333,0.4,1.0,0.5,0.3333333333333333,0.4,1.0,0.5,0.3333333333333333,0.4,1.0,0.5,0.3333333333333333,0.4,1.0,0.5,0.3333333333333333,0.4,1.0,0.5,0.3333333333333333,0.4,1.0,0.5,0.3333333333333333,0.4,1.0,0.5,0.3333333333333333,0.4,1.0,0.5,0.3333333333333333,0.4,1.0,0.5,0.3333333333333333,0.4,1.0,0.5,0.3333333333333333,0.4,1.0,0.5,0.3333333333333333,0.4,1.0,0.5,0.3333333333333333,0.4,1.0,0.5,0.3333333333333333,0.4,1.0,0.5,0.3333333333333333,0.4,1.0,0.5,0.3333333333333333,0.4,1.0,0.5,0.3333333333333333,0.4,1.0,0.5,0.3333333333333333,0.4,1.0,1.0,0.5,1.0,0.6666666666666666,1.0,0.5,0.3333333333333333,0.4,1.0,0.5,0.3333333333333333,0.4,0.5,0.0,0.0,0.0,0.0,1.0,0.5,0.3333333333333333,0.4,1.0,0.5,0.3333333333333333,0.4,1.0,1.0,1.0,1.0,1.0,1.1304667080000002,-1.0
nvbench2:dev:462,462,qwen3:14b,union,77,0.0,bar,1.0,1.0,13,7,6,0.0,0.0,0.0,0.0,0.0,0.0,0.0,0.0,0.0,0.0,0.0,0.0,0.0,0.0,0.0,0.0,0.0,0.0,0.0,0.0,0.0,0.0,0.0,0.0,0.0,0.0,0.0,0.0,0.0,0.0,0.0,0.0,0.0,0.0,0.0,0.0,0.0,0.0,0.0,0.0,0.0,0.0,0.0,0.0,0.0,0.0,0.0,0.0,0.0,0.0,0.0,0.0,0.0,0.0,0.0,0.0,0.0,0.0,0.0,0.0,0.0,0.0,0.0,0.0,0.0,0.0,0.0,0.0,0.0,0.0,0.0,0.0,0.0,0.0,0.0,0.0,0.0,0.0,0.0,0.0,0.0,0.0,0.0,0.0,0.0,0.0,0.0,0.0,0.0,0.0,0.0,0.0,0.0,0.0,0.0,0.0,0.0,0.0,0.0,0.0,0.0,0.0,0.0,0.0,0.0,0.0,0.0,0.0,0.8,0.8,0.8,0.8,0.8,1.7064012079999884,0.0
nvbench2:dev:463,463,qwen3:14b,union,77,0.0,bar+line+point,1.0,1.0,20,7,13,0.0,0.0,0.0,0.0,0.0,0.0,0.0,0.0,0.0,0.0,0.0,0.0,0.0,0.0,0.0,0.0,0.0,0.0,0.0,0.0,0.0,0.0,0.0,0.0,0.0,0.0,0.0,0.0,0.0,0.0,0.0,0.0,0.0,0.0,0.0,0.0,0.0,0.0,0.0,0.0,0.0,0.0,0.0,0.0,0.0,0.0,0.0,0.0,0.0,0.0,0.0,0.0,0.0,0.0,0.0,0.0,0.0,0.0,0.0,0.0,0.0,0.0,0.0,0.0,0.0,0.0,0.0,0.0,0.0,0.0,0.0,0.0,0.0,0.0,0.0,0.0,0.0,0.0,0.0,0.0,0.0,0.0,0.0,0.0,0.0,0.0,0.0,0.0,0.0,0.0,0.0,0.0,0.0,0.0,0.0,0.0,0.0,0.0,0.0,0.0,0.0,0.0,0.0,0.0,0.0,0.0,0.0,0.0,0.72,0.36,0.72,0.52,0.72,4.441208708999994,0.0
nvbench2:dev:465,465,qwen3:14b,union,77,0.0,arc,1.0,1.0,13,9,4,1.0,0.5,0.0,0.0,0.0,0.0,1.0,0.2,0.5,0.28571428571428575,1.0,0.2,0.3333333333333333,0.25,1.0,0.2,0.25,0.22222222222222224,1.0,0.2,0.25,0.22222222222222224,1.0,0.2,0.25,0.22222222222222224,1.0,0.2,0.25,0.22222222222222224,1.0,0.2,0.25,0.22222222222222224,1.0,0.2,0.25,0.22222222222222224,1.0,0.2,0.25,0.22222222222222224,1.0,0.2,0.25,0.22222222222222224,1.0,0.2,0.25,0.22222222222222224,1.0,0.2,0.25,0.22222222222222224,1.0,0.2,0.25,0.22222222222222224,1.0,0.2,0.25,0.22222222222222224,1.0,0.2,0.25,0.22222222222222224,1.0,0.2,0.25,0.22222222222222224,1.0,0.2,0.25,0.22222222222222224,1.0,0.2,0.25,0.22222222222222224,1.0,0.2,0.25,0.22222222222222224,0.5,0.0,0.0,0.0,0.0,1.0,0.2,0.3333333333333333,0.25,1.0,0.2,0.25,0.22222222222222224,0.5,0.0,0.0,0.0,0.0,1.0,0.2,0.3333333333333333,0.25,1.0,0.2,0.25,0.22222222222222224,1.0,1.0,1.0,1.0,1.0,1.8362496249999936,0.0
nvbench2:dev:470,470,qwen3:14b,union,77,0.0,boxplot,1.0,1.0,14,5,9,0.0,0.0,0.0,0.0,0.0,0.0,0.0,0.0,0.0,0.0,0.0,0.0,0.0,0.0,0.0,0.0,0.0,0.0,0.0,0.0,0.0,0.0,0.0,0.0,0.0,0.0,0.0,0.0,0.0,0.0,0.0,0.0,0.0,0.0,0.0,0.0,0.0,0.0,0.0,0.0,0.0,0.0,0.0,0.0,0.0,0.0,0.0,0.0,0.0,0.0,0.0,0.0,0.0,0.0,0.0,0.0,0.0,0.0,0.0,0.0,0.0,0.0,0.0,0.0,0.0,0.0,0.0,0.0,0.0,0.0,0.0,0.0,0.0,0.0,0.0,0.0,0.0,0.0,0.0,0.0,0.0,0.0,0.0,0.0,0.0,0.0,0.0,0.0,0.0,0.0,0.0,0.0,0.0,0.0,0.0,0.0,0.0,0.0,0.0,0.0,0.0,0.0,0.0,0.0,0.0,0.0,0.0,0.0,0.8,0.8,0.8,0.8,0.8,2.4346549589999995,0.0
nvbench2:dev:475,475,qwen3:14b,union,77,0.0,bar+line,1.0,1.0,21,3,18,0.0,0.0,0.0,0.0,0.0,0.0,0.0,0.0,0.0,0.0,0.0,0.0,0.0,0.0,0.0,0.0,0.0,0.0,0.0,0.0,0.0,0.0,0.0,0.0,0.0,0.0,0.0,0.0,0.0,0.0,0.0,0.0,0.0,0.0,0.0,0.0,0.0,0.0,0.0,0.0,0.0,0.0,0.0,0.0,0.0,0.0,0.0,0.0,0.0,0.0,0.0,0.0,0.0,0.0,0.0,0.0,0.0,0.0,0.0,0.0,0.0,0.0,0.0,0.0,0.0,0.0,0.0,0.0,0.0,0.0,0.0,0.0,0.0,0.0,0.0,0.0,0.0,0.0,0.0,0.0,0.0,0.0,0.0,0.0,0.0,0.0,0.0,0.0,0.0,0.0,0.0,0.0,0.0,0.0,0.0,0.0,0.0,0.0,0.0,0.0,0.0,0.0,0.0,0.0,0.0,0.0,0.0,0.0,0.76,0.6666666666666667,0.6666666666666667,0.5599999999999999,0.76,3.5802182089999803,0.0
nvbench2:dev:485,485,qwen3:14b,union,77,0.0,bar,1.0,1.0,15,3,12,0.0,0.0,0.0,0.0,0.0,0.0,0.0,0.0,0.0,0.0,0.0,0.0,0.0,0.0,0.0,0.0,0.0,0.0,0.0,0.0,0.0,0.0,0.0,0.0,0.0,0.0,0.0,0.0,0.0,0.0,0.0,0.0,0.0,0.0,0.0,0.0,0.0,0.0,0.0,0.0,0.0,0.0,0.0,0.0,0.0,0.0,0.0,0.0,0.0,0.0,0.0,0.0,0.0,0.0,0.0,0.0,0.0,0.0,0.0,0.0,0.0,0.0,0.0,0.0,0.0,0.0,0.0,0.0,0.0,0.0,0.0,0.0,0.0,0.0,0.0,0.0,0.0,0.0,0.0,0.0,0.0,0.0,0.0,0.0,0.0,0.0,0.0,0.0,0.0,0.0,0.0,0.0,0.0,0.0,0.0,0.0,0.0,0.0,0.0,0.0,0.0,0.0,0.0,0.0,0.0,0.0,0.0,0.0,0.8,0.7333333333333333,0.8,0.8,0.8,2.5325587920000032,0.0
nvbench2:dev:492,492,qwen3:14b,union,77,0.0,arc,1.0,1.0,21,10,11,1.0,0.3333333333333333,0.0,0.0,0.0,0.0,0.0,0.0,0.0,0.0,1.0,0.2,0.3333333333333333,0.25,1.0,0.2,0.25,0.22222222222222224,1.0,0.2,0.2,0.20000000000000004,1.0,0.2,0.16666666666666666,0.1818181818181818,1.0,0.2,0.14285714285714285,0.16666666666666666,1.0,0.2,0.125,0.15384615384615385,1.0,0.2,0.1111111111111111,0.14285714285714285,1.0,0.2,0.1,0.13333333333333333,1.0,0.2,0.09090909090909091,0.12500000000000003,1.0,0.2,0.09090909090909091,0.12500000000000003,1.0,0.2,0.09090909090909091,0.12500000000000003,1.0,0.2,0.09090909090909091,0.12500000000000003,1.0,0.2,0.09090909090909091,0.12500000000000003,1.0,0.2,0.09090909090909091,0.12500000000000003,1.0,0.2,0.09090909090909091,0.12500000000000003,1.0,0.2,0.09090909090909091,0.12500000000000003,1.0,0.2,0.09090909090909091,0.12500000000000003,1.0,0.2,0.09090909090909091,0.12500000000000003,0.3333333333333333,0.0,0.0,0.0,0.0,1.0,0.2,0.3333333333333333,0.25,1.0,0.2,0.2,0.20000000000000004,0.3333333333333333,0.0,0.0,0.0,0.0,1.0,0.2,0.3333333333333333,0.25,1.0,0.2,0.2,0.20000000000000004,1.0,1.0,1.0,0.7,1.0,2.1292198330000076,0.0
nvbench2:dev:495,495,qwen3:14b,union,77,0.0,boxplot,1.0,1.0,18,8,10,1.0,1.0,1.0,0.3333333333333333,1.0,0.5,1.0,0.3333333333333333,0.5,0.4,1.0,0.3333333333333333,0.3333333333333333,0.3333333333333333,1.0,0.3333333333333333,0.25,0.28571428571428575,1.0,0.3333333333333333,0.2,0.25,1.0,0.3333333333333333,0.16666666666666666,0.2222222222222222,1.0,0.6666666666666666,0.2857142857142857,0.4,1.0,0.6666666666666666,0.25,0.36363636363636365,1.0,0.6666666666666666,0.2222222222222222,0.3333333333333333,1.0,0.6666666666666666,0.2,0.30769230769230765,1.0,0.6666666666666666,0.2,0.30769230769230765,1.0,0.6666666666666666,0.2,0.30769230769230765,1.0,0.6666666666666666,0.2,0.30769230769230765,1.0,0.6666666666666666,0.2,0.30769230769230765,1.0,0.6666666666666666,0.2,0.30769230769230765,1.0,0.6666666666666666,0.2,0.30769230769230765,1.0,0.6666666666666666,0.2,0.30769230769230765,1.0,0.6666666666666666,0.2,0.30769230769230765,1.0,0.6666666666666666,0.2,0.30769230769230765,1.0,0.6666666666666666,0.2,0.30769230769230765,1.0,1.0,0.3333333333333333,1.0,0.5,1.0,0.3333333333333333,0.3333333333333333,0.3333333333333333,1.0,0.3333333333333333,0.2,0.25,1.0,1.0,0.3333333333333333,1.0,0.5,1.0,0.3333333333333333,0.3333333333333333,0.3333333333333333,1.0,0.6666666666666666,0.4,0.5,1.0,1.0,1.0,1.0,1.0,1.9418419579999977,0.0
nvbench2:dev:498,498,qwen3:14b,union,77,0.0,arc,1.0,1.0,15,12,3,0.0,0.0,0.0,0.0,0.0,0.0,0.0,0.0,0.0,0.0,0.0,0.0,0.0,0.0,0.0,0.0,0.0,0.0,0.0,0.0,0.0,0.0,0.0,0.0,0.0,0.0,0.0,0.0,0.0,0.0,0.0,0.0,0.0,0.0,0.0,0.0,0.0,0.0,0.0,0.0,0.0,0.0,0.0,0.0,0.0,0.0,0.0,0.0,0.0,0.0,0.0,0.0,0.0,0.0,0.0,0.0,0.0,0.0,0.0,0.0,0.0,0.0,0.0,0.0,0.0,0.0,0.0,0.0,0.0,0.0,0.0,0.0,0.0,0.0,0.0,0.0,0.0,0.0,0.0,0.0,0.0,0.0,0.0,0.0,0.0,0.0,0.0,0.0,0.0,0.0,0.0,0.0,0.0,0.0,0.0,0.0,0.0,0.0,0.0,0.0,0.0,0.0,0.0,0.0,0.0,0.0,0.0,0.0,0.8,0.8,0.8,0.8,0.8,1.1619335409999962,0.0
nvbench2:dev:499,499,qwen3:14b,union,77,0.0,line,1.0,1.0,16,8,8,1.0,0.5,0.0,0.0,0.0,0.0,1.0,0.3333333333333333,0.5,0.4,1.0,0.3333333333333333,0.3333333333333333,0.3333333333333333,1.0,0.3333333333333333,0.25,0.28571428571428575,1.0,0.3333333333333333,0.2,0.25,1.0,0.3333333333333333,0.16666666666666666,0.2222222222222222,1.0,0.3333333333333333,0.14285714285714285,0.2,1.0,0.3333333333333333,0.125,0.18181818181818182,1.0,0.3333333333333333,0.125,0.18181818181818182,1.0,0.3333333333333333,0.125,0.18181818181818182,1.0,0.3333333333333333,0.125,0.18181818181818182,1.0,0.3333333333333333,0.125,0.18181818181818182,1.0,0.3333333333333333,0.125,0.18181818181818182,1.0,0.3333333333333333,0.125,0.18181818181818182,1.0,0.3333333333333333,0.125,0.18181818181818182,1.0,0.3333333333333333,0.125,0.18181818181818182,1.0,0.3333333333333333,0.125,0.18181818181818182,1.0,0.3333333333333333,0.125,0.18181818181818182,1.0,0.3333333333333333,0.125,0.18181818181818182,1.0,0.3333333333333333,0.125,0.18181818181818182,0.5,0.0,0.0,0.0,0.0,1.0,0.3333333333333333,0.3333333333333333,0.3333333333333333,1.0,0.3333333333333333,0.2,0.25,0.5,0.0,0.0,0.0,0.0,1.0,0.3333333333333333,0.3333333333333333,0.3333333333333333,1.0,0.3333333333333333,0.2,0.25,1.0,1.0,1.0,1.0,1.0,1.6265793330000236,0.0
nvbench2:dev:507,507,qwen3:14b,union,77,0.0,rect,1.0,1.0,21,9,12,0.0,0.0,0.0,0.0,0.0,0.0,0.0,0.0,0.0,0.0,0.0,0.0,0.0,0.0,0.0,0.0,0.0,0.0,0.0,0.0,0.0,0.0,0.0,0.0,0.0,0.0,0.0,0.0,0.0,0.0,0.0,0.0,0.0,0.0,0.0,0.0,0.0,0.0,0.0,0.0,0.0,0.0,0.0,0.0,0.0,0.0,0.0,0.0,0.0,0.0,0.0,0.0,0.0,0.0,0.0,0.0,0.0,0.0,0.0,0.0,0.0,0.0,0.0,0.0,0.0,0.0,0.0,0.0,0.0,0.0,0.0,0.0,0.0,0.0,0.0,0.0,0.0,0.0,0.0,0.0,0.0,0.0,0.0,0.0,0.0,0.0,0.0,0.0,0.0,0.0,0.0,0.0,0.0,0.0,0.0,0.0,0.0,0.0,0.0,0.0,0.0,0.0,0.0,0.0,0.0,0.0,0.0,0.0,0.6,0.5666666666666667,0.6,0.4,0.6,3.0847686669999916,0.0
nvbench2:dev:508,508,qwen3:14b,union,77,0.0,arc,1.0,1.0,25,19,6,1.0,0.5,0.0,0.0,0.0,0.0,1.0,0.5,0.5,0.5,1.0,0.5,0.3333333333333333,0.4,1.0,0.5,0.25,0.3333333333333333,1.0,1.0,0.4,0.5714285714285715,1.0,1.0,0.3333333333333333,0.5,1.0,1.0,0.3333333333333333,0.5,1.0,1.0,0.3333333333333333,0.5,1.0,1.0,0.3333333333333333,0.5,1.0,1.0,0.3333333333333333,0.5,1.0,1.0,0.3333333333333333,0.5,1.0,1.0,0.3333333333333333,0.5,1.0,1.0,0.3333333333333333,0.5,1.0,1.0,0.3333333333333333,0.5,1.0,1.0,0.3333333333333333,0.5,1.0,1.0,0.3333333333333333,0.5,1.0,1.0,0.3333333333333333,0.5,1.0,1.0,0.3333333333333333,0.5,1.0,1.0,0.3333333333333333,0.5,1.0,1.0,0.3333333333333333,0.5,0.5,0.0,0.0,0.0,0.0,1.0,0.5,0.3333333333333333,0.4,1.0,1.0,0.4,0.5714285714285715,0.5,0.0,0.0,0.0,0.0,1.0,0.5,0.3333333333333333,0.4,1.0,1.0,0.4,0.5714285714285715,1.0,1.0,1.0,1.0,1.0,1.9274975829999903,0.0
nvbench2:dev:515,515,qwen3:14b,union,77,0.0,line,1.0,1.0,15,10,5,0.0,0.0,0.0,0.0,0.0,0.0,0.0,0.0,0.0,0.0,0.0,0.0,0.0,0.0,0.0,0.0,0.0,0.0,0.0,0.0,0.0,0.0,0.0,0.0,0.0,0.0,0.0,0.0,0.0,0.0,0.0,0.0,0.0,0.0,0.0,0.0,0.0,0.0,0.0,0.0,0.0,0.0,0.0,0.0,0.0,0.0,0.0,0.0,0.0,0.0,0.0,0.0,0.0,0.0,0.0,0.0,0.0,0.0,0.0,0.0,0.0,0.0,0.0,0.0,0.0,0.0,0.0,0.0,0.0,0.0,0.0,0.0,0.0,0.0,0.0,0.0,0.0,0.0,0.0,0.0,0.0,0.0,0.0,0.0,0.0,0.0,0.0,0.0,0.0,0.0,0.0,0.0,0.0,0.0,0.0,0.0,0.0,0.0,0.0,0.0,0.0,0.0,0.0,0.0,0.0,0.0,0.0,0.0,1.0,0.5,1.0,0.7333333333333333,1.0,1.6179017919999978,0.0
nvbench2:dev:531,531,qwen3:14b,union,77,0.0,bar,1.0,1.0,19,11,8,0.0,0.0,0.0,0.0,0.0,0.0,0.0,0.0,0.0,0.0,0.0,0.0,0.0,0.0,0.0,0.0,0.0,0.0,0.0,0.0,0.0,0.0,0.0,0.0,0.0,0.0,0.0,0.0,0.0,0.0,0.0,0.0,0.0,0.0,0.0,0.0,0.0,0.0,0.0,0.0,0.0,0.0,0.0,0.0,0.0,0.0,0.0,0.0,0.0,0.0,0.0,0.0,0.0,0.0,0.0,0.0,0.0,0.0,0.0,0.0,0.0,0.0,0.0,0.0,0.0,0.0,0.0,0.0,0.0,0.0,0.0,0.0,0.0,0.0,0.0,0.0,0.0,0.0,0.0,0.0,0.0,0.0,0.0,0.0,0.0,0.0,0.0,0.0,0.0,0.0,0.0,0.0,0.0,0.0,0.0,0.0,0.0,0.0,0.0,0.0,0.0,0.0,0.0,0.0,0.0,0.0,0.0,0.0,0.9199999999999999,0.9199999999999999,0.9199999999999999,0.9199999999999999,0.9199999999999999,1.9190151669999977,0.0
nvbench2:dev:538,538,qwen3:14b,union,77,0.0,arc,1.0,1.0,13,6,7,1.0,1.0,1.0,0.5,1.0,0.6666666666666666,1.0,0.5,0.5,0.5,1.0,0.5,0.3333333333333333,0.4,1.0,1.0,0.5,0.6666666666666666,1.0,1.0,0.4,0.5714285714285715,1.0,1.0,0.3333333333333333,0.5,1.0,1.0,0.2857142857142857,0.4444444444444445,1.0,1.0,0.2857142857142857,0.4444444444444445,1.0,1.0,0.2857142857142857,0.4444444444444445,1.0,1.0,0.2857142857142857,0.4444444444444445,1.0,1.0,0.2857142857142857,0.4444444444444445,1.0,1.0,0.2857142857142857,0.4444444444444445,1.0,1.0,0.2857142857142857,0.4444444444444445,1.0,1.0,0.2857142857142857,0.4444444444444445,1.0,1.0,0.2857142857142857,0.4444444444444445,1.0,1.0,0.2857142857142857,0.4444444444444445,1.0,1.0,0.2857142857142857,0.4444444444444445,1.0,1.0,0.2857142857142857,0.4444444444444445,1.0,1.0,0.2857142857142857,0.4444444444444445,1.0,1.0,0.2857142857142857,0.4444444444444445,1.0,1.0,0.5,1.0,0.6666666666666666,1.0,0.5,0.3333333333333333,0.4,1.0,1.0,0.4,0.5714285714285715,1.0,1.0,0.5,1.0,0.6666666666666666,1.0,1.0,0.6666666666666666,0.8,1.0,1.0,0.4,0.5714285714285715,1.0,1.0,1.0,1.0,1.0,1.577260042000006,0.0
nvbench2:dev:540,540,qwen3:14b,union,77,0.0,bar,1.0,1.0,19,12,7,0.0,0.0,0.0,0.0,0.0,0.0,0.0,0.0,0.0,0.0,0.0,0.0,0.0,0.0,0.0,0.0,0.0,0.0,0.0,0.0,0.0,0.0,0.0,0.0,0.0,0.0,0.0,0.0,0.0,0.0,0.0,0.0,0.0,0.0,0.0,0.0,0.0,0.0,0.0,0.0,0.0,0.0,0.0,0.0,0.0,0.0,0.0,0.0,0.0,0.0,0.0,0.0,0.0,0.0,0.0,0.0,0.0,0.0,0.0,0.0,0.0,0.0,0.0,0.0,0.0,0.0,0.0,0.0,0.0,0.0,0.0,0.0,0.0,0.0,0.0,0.0,0.0,0.0,0.0,0.0,0.0,0.0,0.0,0.0,0.0,0.0,0.0,0.0,0.0,0.0,0.0,0.0,0.0,0.0,0.0,0.0,0.0,0.0,0.0,0.0,0.0,0.0,0.0,0.0,0.0,0.0,0.0,0.0,0.9199999999999999,0.9199999999999999,0.9199999999999999,0.9199999999999999,0.9199999999999999,1.817873375000005,0.0
nvbench2:dev:551,551,qwen3:14b,union,77,0.0,line,1.0,1.0,13,6,7,1.0,0.2,0.0,0.0,0.0,0.0,0.0,0.0,0.0,0.0,0.0,0.0,0.0,0.0,0.0,0.0,0.0,0.0,1.0,0.25,0.2,0.22222222222222224,1.0,0.25,0.16666666666666666,0.2,1.0,0.25,0.14285714285714285,0.18181818181818182,1.0,0.25,0.14285714285714285,0.18181818181818182,1.0,0.25,0.14285714285714285,0.18181818181818182,1.0,0.25,0.14285714285714285,0.18181818181818182,1.0,0.25,0.14285714285714285,0.18181818181818182,1.0,0.25,0.14285714285714285,0.18181818181818182,1.0,0.25,0.14285714285714285,0.18181818181818182,1.0,0.25,0.14285714285714285,0.18181818181818182,1.0,0.25,0.14285714285714285,0.18181818181818182,1.0,0.25,0.14285714285714285,0.18181818181818182,1.0,0.25,0.14285714285714285,0.18181818181818182,1.0,0.25,0.14285714285714285,0.18181818181818182,1.0,0.25,0.14285714285714285,0.18181818181818182,1.0,0.25,0.14285714285714285,0.18181818181818182,0.2,0.0,0.0,0.0,0.0,0.0,0.0,0.0,0.0,1.0,0.25,0.2,0.22222222222222224,0.2,0.0,0.0,0.0,0.0,0.0,0.0,0.0,0.0,1.0,0.25,0.2,0.22222222222222224,1.0,1.0,1.0,1.0,1.0,1.7038282080000045,0.0
nvbench2:dev:554,554,qwen3:14b,union,77,0.0,point,1.0,1.0,15,6,9,1.0,0.5,0.0,0.0,0.0,0.0,1.0,0.5,0.5,0.5,1.0,0.5,0.3333333333333333,0.4,1.0,0.5,0.25,0.3333333333333333,1.0,0.5,0.2,0.28571428571428575,1.0,0.5,0.16666666666666666,0.25,1.0,0.5,0.14285714285714285,0.22222222222222224,1.0,0.5,0.125,0.2,1.0,0.5,0.1111111111111111,0.1818181818181818,1.0,0.5,0.1111111111111111,0.1818181818181818,1.0,0.5,0.1111111111111111,0.1818181818181818,1.0,0.5,0.1111111111111111,0.1818181818181818,1.0,0.5,0.1111111111111111,0.1818181818181818,1.0,0.5,0.1111111111111111,0.1818181818181818,1.0,0.5,0.1111111111111111,0.1818181818181818,1.0,0.5,0.1111111111111111,0.1818181818181818,1.0,0.5,0.1111111111111111,0.1818181818181818,1.0,0.5,0.1111111111111111,0.1818181818181818,1.0,0.5,0.1111111111111111,0.1818181818181818,1.0,0.5,0.1111111111111111,0.1818181818181818,0.5,0.0,0.0,0.0,0.0,1.0,0.5,0.3333333333333333,0.4,1.0,0.5,0.2,0.28571428571428575,0.5,0.0,0.0,0.0,0.0,1.0,0.5,0.3333333333333333,0.4,1.0,0.5,0.2,0.28571428571428575,1.0,0.8,1.0,1.0,1.0,1.8865453749999972,0.0
nvbench2:dev:562,562,qwen3:14b,union,77,0.0,bar,1.0,1.0,18,7,11,1.0,1.0,1.0,0.3333333333333333,1.0,0.5,1.0,0.3333333333333333,0.5,0.4,1.0,0.3333333333333333,0.3333333333333333,0.3333333333333333,1.0,0.3333333333333333,0.25,0.28571428571428575,1.0,0.3333333333333333,0.2,0.25,1.0,0.3333333333333333,0.16666666666666666,0.2222222222222222,1.0,0.3333333333333333,0.14285714285714285,0.2,1.0,0.3333333333333333,0.125,0.18181818181818182,1.0,0.3333333333333333,0.1111111111111111,0.16666666666666666,1.0,0.3333333333333333,0.1,0.15384615384615383,1.0,0.3333333333333333,0.09090909090909091,0.14285714285714288,1.0,0.3333333333333333,0.09090909090909091,0.14285714285714288,1.0,0.3333333333333333,0.09090909090909091,0.14285714285714288,1.0,0.3333333333333333,0.09090909090909091,0.14285714285714288,1.0,0.3333333333333333,0.09090909090909091,0.14285714285714288,1.0,0.3333333333333333,0.09090909090909091,0.14285714285714288,1.0,0.3333333333333333,0.09090909090909091,0.14285714285714288,1.0,0.3333333333333333,0.09090909090909091,0.14285714285714288,1.0,0.3333333333333333,0.09090909090909091,0.14285714285714288,1.0,0.3333333333333333,0.09090909090909091,0.14285714285714288,1.0,1.0,0.3333333333333333,1.0,0.5,1.0,0.3333333333333333,0.3333333333333333,0.3333333333333333,1.0,0.3333333333333333,0.2,0.25,1.0,1.0,0.3333333333333333,1.0,0.5,1.0,0.3333333333333333,0.3333333333333333,0.3333333333333333,1.0,0.3333333333333333,0.2,0.25,1.0,1.0,1.0,1.0,1.0,2.148685499999999,0.0
nvbench2:dev:568,568,qwen3:14b,union,77,0.0,line,1.0,1.0,15,7,8,0.0,0.0,0.0,0.0,0.0,0.0,0.0,0.0,0.0,0.0,0.0,0.0,0.0,0.0,0.0,0.0,0.0,0.0,0.0,0.0,0.0,0.0,0.0,0.0,0.0,0.0,0.0,0.0,0.0,0.0,0.0,0.0,0.0,0.0,0.0,0.0,0.0,0.0,0.0,0.0,0.0,0.0,0.0,0.0,0.0,0.0,0.0,0.0,0.0,0.0,0.0,0.0,0.0,0.0,0.0,0.0,0.0,0.0,0.0,0.0,0.0,0.0,0.0,0.0,0.0,0.0,0.0,0.0,0.0,0.0,0.0,0.0,0.0,0.0,0.0,0.0,0.0,0.0,0.0,0.0,0.0,0.0,0.0,0.0,0.0,0.0,0.0,0.0,0.0,0.0,0.0,0.0,0.0,0.0,0.0,0.0,0.0,0.0,0.0,0.0,0.0,0.0,0.0,0.0,0.0,0.0,0.0,0.0,1.0,0.36,1.0,1.0,1.0,1.703607083999998,0.0
nvbench2:dev:571,571,qwen3:14b,union,77,0.0,rect,1.0,1.0,12,9,3,0.0,0.0,0.0,0.0,0.0,0.0,0.0,0.0,0.0,0.0,0.0,0.0,0.0,0.0,0.0,0.0,0.0,0.0,0.0,0.0,0.0,0.0,0.0,0.0,0.0,0.0,0.0,0.0,0.0,0.0,0.0,0.0,0.0,0.0,0.0,0.0,0.0,0.0,0.0,0.0,0.0,0.0,0.0,0.0,0.0,0.0,0.0,0.0,0.0,0.0,0.0,0.0,0.0,0.0,0.0,0.0,0.0,0.0,0.0,0.0,0.0,0.0,0.0,0.0,0.0,0.0,0.0,0.0,0.0,0.0,0.0,0.0,0.0,0.0,0.0,0.0,0.0,0.0,0.0,0.0,0.0,0.0,0.0,0.0,0.0,0.0,0.0,0.0,0.0,0.0,0.0,0.0,0.0,0.0,0.0,0.0,0.0,0.0,0.0,0.0,0.0,0.0,0.0,0.0,0.0,0.0,0.0,0.0,0.8,0.8,0.8,0.8,0.8,1.5424898750000011,0.0
nvbench2:dev:572,572,qwen3:14b,union,77,0.0,bar,1.0,1.0,20,9,11,1.0,0.5,0.0,0.0,0.0,0.0,1.0,0.5,0.5,0.5,1.0,0.5,0.3333333333333333,0.4,1.0,0.5,0.25,0.3333333333333333,1.0,0.5,0.2,0.28571428571428575,1.0,0.5,0.16666666666666666,0.25,1.0,0.5,0.14285714285714285,0.22222222222222224,1.0,0.5,0.125,0.2,1.0,0.5,0.1111111111111111,0.1818181818181818,1.0,0.5,0.1,0.16666666666666669,1.0,0.5,0.09090909090909091,0.15384615384615385,1.0,0.5,0.09090909090909091,0.15384615384615385,1.0,0.5,0.09090909090909091,0.15384615384615385,1.0,0.5,0.09090909090909091,0.15384615384615385,1.0,0.5,0.09090909090909091,0.15384615384615385,1.0,0.5,0.09090909090909091,0.15384615384615385,1.0,0.5,0.09090909090909091,0.15384615384615385,1.0,0.5,0.09090909090909091,0.15384615384615385,1.0,0.5,0.09090909090909091,0.15384615384615385,1.0,0.5,0.09090909090909091,0.15384615384615385,0.5,0.0,0.0,0.0,0.0,1.0,0.5,0.3333333333333333,0.4,1.0,0.5,0.2,0.28571428571428575,0.3333333333333333,0.0,0.0,0.0,0.0,1.0,0.5,0.3333333333333333,0.4,1.0,0.5,0.2,0.28571428571428575,1.0,0.9333333333333332,1.0,1.0,1.0,2.3665713339999854,0.0
nvbench2:dev:573,573,qwen3:14b,union,77,0.0,point,1.0,1.0,20,11,9,0.0,0.0,0.0,0.0,0.0,0.0,0.0,0.0,0.0,0.0,0.0,0.0,0.0,0.0,0.0,0.0,0.0,0.0,0.0,0.0,0.0,0.0,0.0,0.0,0.0,0.0,0.0,0.0,0.0,0.0,0.0,0.0,0.0,0.0,0.0,0.0,0.0,0.0,0.0,0.0,0.0,0.0,0.0,0.0,0.0,0.0,0.0,0.0,0.0,0.0,0.0,0.0,0.0,0.0,0.0,0.0,0.0,0.0,0.0,0.0,0.0,0.0,0.0,0.0,0.0,0.0,0.0,0.0,0.0,0.0,0.0,0.0,0.0,0.0,0.0,0.0,0.0,0.0,0.0,0.0,0.0,0.0,0.0,0.0,0.0,0.0,0.0,0.0,0.0,0.0,0.0,0.0,0.0,0.0,0.0,0.0,0.0,0.0,0.0,0.0,0.0,0.0,0.0,0.0,0.0,0.0,0.0,0.0,0.64,0.36,0.64,0.36,0.5599999999999999,2.011574292000006,0.0
nvbench2:dev:603,603,qwen3:14b,union,77,0.0,rect,1.0,1.0,17,10,7,0.0,0.0,0.0,0.0,0.0,0.0,0.0,0.0,0.0,0.0,0.0,0.0,0.0,0.0,0.0,0.0,0.0,0.0,0.0,0.0,0.0,0.0,0.0,0.0,0.0,0.0,0.0,0.0,0.0,0.0,0.0,0.0,0.0,0.0,0.0,0.0,0.0,0.0,0.0,0.0,0.0,0.0,0.0,0.0,0.0,0.0,0.0,0.0,0.0,0.0,0.0,0.0,0.0,0.0,0.0,0.0,0.0,0.0,0.0,0.0,0.0,0.0,0.0,0.0,0.0,0.0,0.0,0.0,0.0,0.0,0.0,0.0,0.0,0.0,0.0,0.0,0.0,0.0,0.0,0.0,0.0,0.0,0.0,0.0,0.0,0.0,0.0,0.0,0.0,0.0,0.0,0.0,0.0,0.0,0.0,0.0,0.0,0.0,0.0,0.0,0.0,0.0,0.0,0.0,0.0,0.0,0.0,0.0,0.9333333333333332,0.8,0.9333333333333332,0.36,0.9333333333333332,1.8037199169999667,0.0
nvbench2:dev:605,605,qwen3:14b,union,77,0.0,line,1.0,1.0,20,15,5,1.0,0.25,0.0,0.0,0.0,0.0,0.0,0.0,0.0,0.0,0.0,0.0,0.0,0.0,1.0,0.25,0.25,0.25,1.0,0.25,0.2,0.22222222222222224,1.0,0.25,0.2,0.22222222222222224,1.0,0.25,0.2,0.22222222222222224,1.0,0.25,0.2,0.22222222222222224,1.0,0.25,0.2,0.22222222222222224,1.0,0.25,0.2,0.22222222222222224,1.0,0.25,0.2,0.22222222222222224,1.0,0.25,0.2,0.22222222222222224,1.0,0.25,0.2,0.22222222222222224,1.0,0.25,0.2,0.22222222222222224,1.0,0.25,0.2,0.22222222222222224,1.0,0.25,0.2,0.22222222222222224,1.0,0.25,0.2,0.22222222222222224,1.0,0.25,0.2,0.22222222222222224,1.0,0.25,0.2,0.22222222222222224,1.0,0.25,0.2,0.22222222222222224,0.25,0.0,0.0,0.0,0.0,0.0,0.0,0.0,0.0,1.0,0.25,0.2,0.22222222222222224,0.5,0.0,0.0,0.0,0.0,1.0,0.25,0.3333333333333333,0.28571428571428575,1.0,0.25,0.2,0.22222222222222224,1.0,0.36,1.0,0.9333333333333332,1.0,1.5934393339999815,0.0
nvbench2:dev:606,606,qwen3:14b,union,77,0.0,bar,1.0,1.0,16,13,3,0.0,0.0,0.0,0.0,0.0,0.0,0.0,0.0,0.0,0.0,0.0,0.0,0.0,0.0,0.0,0.0,0.0,0.0,0.0,0.0,0.0,0.0,0.0,0.0,0.0,0.0,0.0,0.0,0.0,0.0,0.0,0.0,0.0,0.0,0.0,0.0,0.0,0.0,0.0,0.0,0.0,0.0,0.0,0.0,0.0,0.0,0.0,0.0,0.0,0.0,0.0,0.0,0.0,0.0,0.0,0.0,0.0,0.0,0.0,0.0,0.0,0.0,0.0,0.0,0.0,0.0,0.0,0.0,0.0,0.0,0.0,0.0,0.0,0.0,0.0,0.0,0.0,0.0,0.0,0.0,0.0,0.0,0.0,0.0,0.0,0.0,0.0,0.0,0.0,0.0,0.0,0.0,0.0,0.0,0.0,0.0,0.0,0.0,0.0,0.0,0.0,0.0,0.0,0.0,0.0,0.0,0.0,0.0,0.9199999999999999,0.9199999999999999,0.9199999999999999,0.8533333333333333,0.9199999999999999,1.292715792000024,0.0
nvbench2:dev:612,612,qwen3:14b,union,77,0.0,arc,1.0,1.0,14,9,5,1.0,1.0,1.0,0.3333333333333333,1.0,0.5,1.0,0.3333333333333333,0.5,0.4,1.0,0.3333333333333333,0.3333333333333333,0.3333333333333333,1.0,0.3333333333333333,0.25,0.28571428571428575,1.0,0.3333333333333333,0.2,0.25,1.0,0.3333333333333333,0.2,0.25,1.0,0.3333333333333333,0.2,0.25,1.0,0.3333333333333333,0.2,0.25,1.0,0.3333333333333333,0.2,0.25,1.0,0.3333333333333333,0.2,0.25,1.0,0.3333333333333333,0.2,0.25,1.0,0.3333333333333333,0.2,0.25,1.0,0.3333333333333333,0.2,0.25,1.0,0.3333333333333333,0.2,0.25,1.0,0.3333333333333333,0.2,0.25,1.0,0.3333333333333333,0.2,0.25,1.0,0.3333333333333333,0.2,0.25,1.0,0.3333333333333333,0.2,0.25,1.0,0.3333333333333333,0.2,0.25,1.0,0.3333333333333333,0.2,0.25,1.0,1.0,0.3333333333333333,1.0,0.5,1.0,0.3333333333333333,0.3333333333333333,0.3333333333333333,1.0,0.3333333333333333,0.2,0.25,1.0,1.0,0.3333333333333333,1.0,0.5,1.0,0.3333333333333333,0.3333333333333333,0.3333333333333333,1.0,0.3333333333333333,0.2,0.25,1.0,1.0,1.0,1.0,1.0,1.8962752919999843,0.0
nvbench2:dev:614,614,qwen3:14b,union,77,0.0,bar,1.0,1.0,27,12,15,0.0,0.0,0.0,0.0,0.0,0.0,0.0,0.0,0.0,0.0,0.0,0.0,0.0,0.0,0.0,0.0,0.0,0.0,0.0,0.0,0.0,0.0,0.0,0.0,0.0,0.0,0.0,0.0,0.0,0.0,0.0,0.0,0.0,0.0,0.0,0.0,0.0,0.0,0.0,0.0,0.0,0.0,0.0,0.0,0.0,0.0,0.0,0.0,0.0,0.0,0.0,0.0,0.0,0.0,0.0,0.0,0.0,0.0,0.0,0.0,0.0,0.0,0.0,0.0,0.0,0.0,0.0,0.0,0.0,0.0,0.0,0.0,0.0,0.0,0.0,0.0,0.0,0.0,0.0,0.0,0.0,0.0,0.0,0.0,0.0,0.0,0.0,0.0,0.0,0.0,0.0,0.0,0.0,0.0,0.0,0.0,0.0,0.0,0.0,0.0,0.0,0.0,0.0,0.0,0.0,0.0,0.0,0.0,1.0,0.7333333333333333,0.9199999999999999,0.7333333333333333,1.0,3.0427104579999877,0.0
nvbench2:dev:628,628,qwen3:14b,union,77,0.0,rect,1.0,1.0,14,8,6,0.0,0.0,0.0,0.0,0.0,0.0,0.0,0.0,0.0,0.0,0.0,0.0,0.0,0.0,0.0,0.0,0.0,0.0,0.0,0.0,0.0,0.0,0.0,0.0,0.0,0.0,0.0,0.0,0.0,0.0,0.0,0.0,0.0,0.0,0.0,0.0,0.0,0.0,0.0,0.0,0.0,0.0,0.0,0.0,0.0,0.0,0.0,0.0,0.0,0.0,0.0,0.0,0.0,0.0,0.0,0.0,0.0,0.0,0.0,0.0,0.0,0.0,0.0,0.0,0.0,0.0,0.0,0.0,0.0,0.0,0.0,0.0,0.0,0.0,0.0,0.0,0.0,0.0,0.0,0.0,0.0,0.0,0.0,0.0,0.0,0.0,0.0,0.0,0.0,0.0,0.0,0.0,0.0,0.0,0.0,0.0,0.0,0.0,0.0,0.0,0.0,0.0,0.0,0.0,0.0,0.0,0.0,0.0,0.4666666666666667,0.4,0.4666666666666667,0.4,0.4666666666666667,2.7670415830000366,0.0
nvbench2:dev:641,641,qwen3:14b,union,77,0.0,rect,1.0,1.0,18,14,4,0.0,0.0,0.0,0.0,0.0,0.0,0.0,0.0,0.0,0.0,0.0,0.0,0.0,0.0,0.0,0.0,0.0,0.0,0.0,0.0,0.0,0.0,0.0,0.0,0.0,0.0,0.0,0.0,0.0,0.0,0.0,0.0,0.0,0.0,0.0,0.0,0.0,0.0,0.0,0.0,0.0,0.0,0.0,0.0,0.0,0.0,0.0,0.0,0.0,0.0,0.0,0.0,0.0,0.0,0.0,0.0,0.0,0.0,0.0,0.0,0.0,0.0,0.0,0.0,0.0,0.0,0.0,0.0,0.0,0.0,0.0,0.0,0.0,0.0,0.0,0.0,0.0,0.0,0.0,0.0,0.0,0.0,0.0,0.0,0.0,0.0,0.0,0.0,0.0,0.0,0.0,0.0,0.0,0.0,0.0,0.0,0.0,0.0,0.0,0.0,0.0,0.0,0.0,0.0,0.0,0.0,0.0,0.0,1.0,0.9333333333333332,1.0,1.0,1.0,1.3832966669999678,0.0
nvbench2:dev:642,642,qwen3:14b,union,77,0.0,line,1.0,1.0,14,9,5,0.0,0.0,0.0,0.0,0.0,0.0,0.0,0.0,0.0,0.0,0.0,0.0,0.0,0.0,0.0,0.0,0.0,0.0,0.0,0.0,0.0,0.0,0.0,0.0,0.0,0.0,0.0,0.0,0.0,0.0,0.0,0.0,0.0,0.0,0.0,0.0,0.0,0.0,0.0,0.0,0.0,0.0,0.0,0.0,0.0,0.0,0.0,0.0,0.0,0.0,0.0,0.0,0.0,0.0,0.0,0.0,0.0,0.0,0.0,0.0,0.0,0.0,0.0,0.0,0.0,0.0,0.0,0.0,0.0,0.0,0.0,0.0,0.0,0.0,0.0,0.0,0.0,0.0,0.0,0.0,0.0,0.0,0.0,0.0,0.0,0.0,0.0,0.0,0.0,0.0,0.0,0.0,0.0,0.0,0.0,0.0,0.0,0.0,0.0,0.0,0.0,0.0,0.0,0.0,0.0,0.0,0.0,0.0,0.72,0.6666666666666666,0.72,0.72,0.72,2.086482459000024,0.0
nvbench2:dev:644,644,qwen3:14b,union,77,0.0,bar+line,1.0,1.0,27,10,17,0.0,0.0,0.0,0.0,0.0,0.0,0.0,0.0,0.0,0.0,0.0,0.0,0.0,0.0,0.0,0.0,0.0,0.0,0.0,0.0,0.0,0.0,0.0,0.0,0.0,0.0,0.0,0.0,0.0,0.0,0.0,0.0,0.0,0.0,0.0,0.0,0.0,0.0,0.0,0.0,0.0,0.0,0.0,0.0,0.0,0.0,0.0,0.0,0.0,0.0,0.0,0.0,0.0,0.0,0.0,0.0,0.0,0.0,0.0,0.0,0.0,0.0,0.0,0.0,0.0,0.0,0.0,0.0,0.0,0.0,0.0,0.0,0.0,0.0,0.0,0.0,0.0,0.0,0.0,0.0,0.0,0.0,0.0,0.0,0.0,0.0,0.0,0.0,0.0,0.0,0.0,0.0,0.0,0.0,0.0,0.0,0.0,0.0,0.0,0.0,0.0,0.0,0.0,0.0,0.0,0.0,0.0,0.0,1.0,0.7333333333333333,0.9333333333333332,0.7333333333333333,1.0,3.6770612500000084,0.0
nvbench2:dev:647,647,qwen3:14b,union,77,0.0,bar,1.0,1.0,25,16,9,1.0,0.3333333333333333,0.0,0.0,0.0,0.0,0.0,0.0,0.0,0.0,1.0,0.5,0.3333333333333333,0.4,1.0,0.5,0.25,0.3333333333333333,1.0,0.5,0.2,0.28571428571428575,1.0,0.5,0.16666666666666666,0.25,1.0,0.5,0.14285714285714285,0.22222222222222224,1.0,0.5,0.125,0.2,1.0,0.5,0.1111111111111111,0.1818181818181818,1.0,0.5,0.1111111111111111,0.1818181818181818,1.0,0.5,0.1111111111111111,0.1818181818181818,1.0,0.5,0.1111111111111111,0.1818181818181818,1.0,0.5,0.1111111111111111,0.1818181818181818,1.0,0.5,0.1111111111111111,0.1818181818181818,1.0,0.5,0.1111111111111111,0.1818181818181818,1.0,0.5,0.1111111111111111,0.1818181818181818,1.0,0.5,0.1111111111111111,0.1818181818181818,1.0,0.5,0.1111111111111111,0.1818181818181818,1.0,0.5,0.1111111111111111,0.1818181818181818,1.0,0.5,0.1111111111111111,0.1818181818181818,0.3333333333333333,0.0,0.0,0.0,0.0,1.0,0.5,0.3333333333333333,0.4,1.0,0.5,0.2,0.28571428571428575,0.5,0.0,0.0,0.0,0.0,1.0,0.5,0.3333333333333333,0.4,1.0,0.5,0.2,0.28571428571428575,1.0,0.4666666666666666,1.0,0.9199999999999999,1.0,2.5488242499999956,0.0
nvbench2:dev:651,651,qwen3:14b,union,77,0.0,bar,1.0,1.0,25,12,13,0.0,0.0,0.0,0.0,0.0,0.0,0.0,0.0,0.0,0.0,0.0,0.0,0.0,0.0,0.0,0.0,0.0,0.0,0.0,0.0,0.0,0.0,0.0,0.0,0.0,0.0,0.0,0.0,0.0,0.0,0.0,0.0,0.0,0.0,0.0,0.0,0.0,0.0,0.0,0.0,0.0,0.0,0.0,0.0,0.0,0.0,0.0,0.0,0.0,0.0,0.0,0.0,0.0,0.0,0.0,0.0,0.0,0.0,0.0,0.0,0.0,0.0,0.0,0.0,0.0,0.0,0.0,0.0,0.0,0.0,0.0,0.0,0.0,0.0,0.0,0.0,0.0,0.0,0.0,0.0,0.0,0.0,0.0,0.0,0.0,0.0,0.0,0.0,0.0,0.0,0.0,0.0,0.0,0.0,0.0,0.0,0.0,0.0,0.0,0.0,0.0,0.0,0.0,0.0,0.0,0.0,0.0,0.0,0.9333333333333332,0.9199999999999999,0.9333333333333332,0.9199999999999999,0.9333333333333332,3.0683359580000342,0.0
nvbench2:dev:655,655,qwen3:14b,union,77,0.0,line,1.0,1.0,22,8,14,0.0,0.0,0.0,0.0,0.0,0.0,0.0,0.0,0.0,0.0,0.0,0.0,0.0,0.0,0.0,0.0,0.0,0.0,0.0,0.0,0.0,0.0,0.0,0.0,0.0,0.0,0.0,0.0,0.0,0.0,0.0,0.0,0.0,0.0,0.0,0.0,0.0,0.0,0.0,0.0,0.0,0.0,0.0,0.0,0.0,0.0,0.0,0.0,0.0,0.0,0.0,0.0,0.0,0.0,0.0,0.0,0.0,0.0,0.0,0.0,0.0,0.0,0.0,0.0,0.0,0.0,0.0,0.0,0.0,0.0,0.0,0.0,0.0,0.0,0.0,0.0,0.0,0.0,0.0,0.0,0.0,0.0,0.0,0.0,0.0,0.0,0.0,0.0,0.0,0.0,0.0,0.0,0.0,0.0,0.0,0.0,0.0,0.0,0.0,0.0,0.0,0.0,0.0,0.0,0.0,0.0,0.0,0.0,0.7,0.13333333333333333,0.3,0.2,0.7,4.158701624999992,0.0
nvbench2:dev:666,666,qwen3:14b,union,77,0.0,line,1.0,1.0,23,4,19,0.0,0.0,0.0,0.0,0.0,0.0,0.0,0.0,0.0,0.0,0.0,0.0,0.0,0.0,0.0,0.0,0.0,0.0,0.0,0.0,0.0,0.0,0.0,0.0,0.0,0.0,0.0,0.0,0.0,0.0,0.0,0.0,0.0,0.0,0.0,0.0,0.0,0.0,0.0,0.0,0.0,0.0,0.0,0.0,0.0,0.0,0.0,0.0,0.0,0.0,0.0,0.0,0.0,0.0,0.0,0.0,0.0,0.0,0.0,0.0,0.0,0.0,0.0,0.0,0.0,0.0,0.0,0.0,0.0,0.0,0.0,0.0,0.0,0.0,0.0,0.0,0.0,0.0,0.0,0.0,0.0,0.0,0.0,0.0,0.0,0.0,0.0,0.0,0.0,0.0,0.0,0.0,0.0,0.0,0.0,0.0,0.0,0.0,0.0,0.0,0.0,0.0,0.0,0.0,0.0,0.0,0.0,0.0,1.0,0.9333333333333332,1.0,1.0,1.0,3.599837832999981,0.0
nvbench2:dev:672,672,qwen3:14b,union,77,0.0,bar,1.0,1.0,15,7,8,1.0,1.0,1.0,0.25,1.0,0.4,1.0,0.25,0.5,0.3333333333333333,1.0,0.25,0.3333333333333333,0.28571428571428575,1.0,0.25,0.25,0.25,1.0,0.25,0.2,0.22222222222222224,1.0,0.25,0.16666666666666666,0.2,1.0,0.25,0.14285714285714285,0.18181818181818182,1.0,0.25,0.125,0.16666666666666666,1.0,0.25,0.125,0.16666666666666666,1.0,0.25,0.125,0.16666666666666666,1.0,0.25,0.125,0.16666666666666666,1.0,0.25,0.125,0.16666666666666666,1.0,0.25,0.125,0.16666666666666666,1.0,0.25,0.125,0.16666666666666666,1.0,0.25,0.125,0.16666666666666666,1.0,0.25,0.125,0.16666666666666666,1.0,0.25,0.125,0.16666666666666666,1.0,0.25,0.125,0.16666666666666666,1.0,0.25,0.125,0.16666666666666666,1.0,0.25,0.125,0.16666666666666666,1.0,1.0,0.25,1.0,0.4,1.0,0.25,0.3333333333333333,0.28571428571428575,1.0,0.25,0.2,0.22222222222222224,1.0,1.0,0.25,1.0,0.4,1.0,0.25,0.3333333333333333,0.28571428571428575,1.0,0.25,0.2,0.22222222222222224,1.0,1.0,1.0,1.0,1.0,1.890775417000043,0.0
nvbench2:dev:675,675,qwen3:14b,union,77,0.0,bar,1.0,1.0,20,13,7,1.0,1.0,1.0,0.25,1.0,0.4,1.0,0.25,0.5,0.3333333333333333,1.0,0.25,0.3333333333333333,0.28571428571428575,1.0,0.25,0.25,0.25,1.0,0.25,0.2,0.22222222222222224,1.0,0.25,0.16666666666666666,0.2,1.0,0.25,0.14285714285714285,0.18181818181818182,1.0,0.25,0.14285714285714285,0.18181818181818182,1.0,0.25,0.14285714285714285,0.18181818181818182,1.0,0.25,0.14285714285714285,0.18181818181818182,1.0,0.25,0.14285714285714285,0.18181818181818182,1.0,0.25,0.14285714285714285,0.18181818181818182,1.0,0.25,0.14285714285714285,0.18181818181818182,1.0,0.25,0.14285714285714285,0.18181818181818182,1.0,0.25,0.14285714285714285,0.18181818181818182,1.0,0.25,0.14285714285714285,0.18181818181818182,1.0,0.25,0.14285714285714285,0.18181818181818182,1.0,0.25,0.14285714285714285,0.18181818181818182,1.0,0.25,0.14285714285714285,0.18181818181818182,1.0,0.25,0.14285714285714285,0.18181818181818182,1.0,1.0,0.25,1.0,0.4,1.0,0.25,0.3333333333333333,0.28571428571428575,1.0,0.25,0.2,0.22222222222222224,0.5,0.0,0.0,0.0,0.0,1.0,0.25,0.3333333333333333,0.28571428571428575,1.0,0.25,0.2,0.22222222222222224,1.0,1.0,1.0,1.0,1.0,1.7507662500000265,-1.0
nvbench2:dev:681,681,qwen3:14b,union,77,0.0,bar,1.0,1.0,19,7,12,0.0,0.0,0.0,0.0,0.0,0.0,0.0,0.0,0.0,0.0,0.0,0.0,0.0,0.0,0.0,0.0,0.0,0.0,0.0,0.0,0.0,0.0,0.0,0.0,0.0,0.0,0.0,0.0,0.0,0.0,0.0,0.0,0.0,0.0,0.0,0.0,0.0,0.0,0.0,0.0,0.0,0.0,0.0,0.0,0.0,0.0,0.0,0.0,0.0,0.0,0.0,0.0,0.0,0.0,0.0,0.0,0.0,0.0,0.0,0.0,0.0,0.0,0.0,0.0,0.0,0.0,0.0,0.0,0.0,0.0,0.0,0.0,0.0,0.0,0.0,0.0,0.0,0.0,0.0,0.0,0.0,0.0,0.0,0.0,0.0,0.0,0.0,0.0,0.0,0.0,0.0,0.0,0.0,0.0,0.0,0.0,0.0,0.0,0.0,0.0,0.0,0.0,0.0,0.0,0.0,0.0,0.0,0.0,0.9199999999999999,0.64,0.9199999999999999,0.64,0.9199999999999999,2.709430666000003,0.0
nvbench2:dev:683,683,qwen3:14b,union,77,0.0,bar,1.0,1.0,18,16,2,0.0,0.0,0.0,0.0,0.0,0.0,0.0,0.0,0.0,0.0,0.0,0.0,0.0,0.0,0.0,0.0,0.0,0.0,0.0,0.0,0.0,0.0,0.0,0.0,0.0,0.0,0.0,0.0,0.0,0.0,0.0,0.0,0.0,0.0,0.0,0.0,0.0,0.0,0.0,0.0,0.0,0.0,0.0,0.0,0.0,0.0,0.0,0.0,0.0,0.0,0.0,0.0,0.0,0.0,0.0,0.0,0.0,0.0,0.0,0.0,0.0,0.0,0.0,0.0,0.0,0.0,0.0,0.0,0.0,0.0,0.0,0.0,0.0,0.0,0.0,0.0,0.0,0.0,0.0,0.0,0.0,0.0,0.0,0.0,0.0,0.0,0.0,0.0,0.0,0.0,0.0,0.0,0.0,0.0,0.0,0.0,0.0,0.0,0.0,0.0,0.0,0.0,0.0,0.0,0.0,0.0,0.0,0.0,0.9199999999999999,0.9199999999999999,0.9199999999999999,0.9199999999999999,0.9199999999999999,1.3335738749999564,0.0
nvbench2:dev:684,684,qwen3:14b,union,77,0.0,bar,0.0,0.0,16,16,0,0.0,0.0,0.0,0.0,0.0,0.0,0.0,0.0,0.0,0.0,0.0,0.0,0.0,0.0,0.0,0.0,0.0,0.0,0.0,0.0,0.0,0.0,0.0,0.0,0.0,0.0,0.0,0.0,0.0,0.0,0.0,0.0,0.0,0.0,0.0,0.0,0.0,0.0,0.0,0.0,0.0,0.0,0.0,0.0,0.0,0.0,0.0,0.0,0.0,0.0,0.0,0.0,0.0,0.0,0.0,0.0,0.0,0.0,0.0,0.0,0.0,0.0,0.0,0.0,0.0,0.0,0.0,0.0,0.0,0.0,0.0,0.0,0.0,0.0,0.0,0.0,0.0,0.0,0.0,0.0,0.0,0.0,0.0,0.0,0.0,0.0,0.0,0.0,0.0,0.0,0.0,0.0,0.0,0.0,0.0,0.0,0.0,0.0,0.0,0.0,0.0,0.0,0.0,0.0,0.0,0.0,0.0,0.0,0.0,0.0,0.0,0.0,0.0,0.0,0.0
nvbench2:dev:713,713,qwen3:14b,union,77,0.0,bar,1.0,1.0,15,10,5,1.0,0.25,0.0,0.0,0.0,0.0,0.0,0.0,0.0,0.0,0.0,0.0,0.0,0.0,1.0,0.2,0.25,0.22222222222222224,1.0,0.2,0.2,0.20000000000000004,1.0,0.2,0.2,0.20000000000000004,1.0,0.2,0.2,0.20000000000000004,1.0,0.2,0.2,0.20000000000000004,1.0,0.2,0.2,0.20000000000000004,1.0,0.2,0.2,0.20000000000000004,1.0,0.2,0.2,0.20000000000000004,1.0,0.2,0.2,0.20000000000000004,1.0,0.2,0.2,0.20000000000000004,1.0,0.2,0.2,0.20000000000000004,1.0,0.2,0.2,0.20000000000000004,1.0,0.2,0.2,0.20000000000000004,1.0,0.2,0.2,0.20000000000000004,1.0,0.2,0.2,0.20000000000000004,1.0,0.2,0.2,0.20000000000000004,1.0,0.2,0.2,0.20000000000000004,0.25,0.0,0.0,0.0,0.0,0.0,0.0,0.0,0.0,1.0,0.2,0.2,0.20000000000000004,1.0,1.0,0.2,1.0,0.33333333333333337,1.0,0.2,0.3333333333333333,0.25,1.0,0.2,0.2,0.20000000000000004,1.0,0.16,1.0,1.0,1.0,1.8840792089999923,1.0
nvbench2:dev:715,715,qwen3:14b,union,77,0.0,point,1.0,1.0,17,7,10,0.0,0.0,0.0,0.0,0.0,0.0,0.0,0.0,0.0,0.0,0.0,0.0,0.0,0.0,0.0,0.0,0.0,0.0,0.0,0.0,0.0,0.0,0.0,0.0,0.0,0.0,0.0,0.0,0.0,0.0,0.0,0.0,0.0,0.0,0.0,0.0,0.0,0.0,0.0,0.0,0.0,0.0,0.0,0.0,0.0,0.0,0.0,0.0,0.0,0.0,0.0,0.0,0.0,0.0,0.0,0.0,0.0,0.0,0.0,0.0,0.0,0.0,0.0,0.0,0.0,0.0,0.0,0.0,0.0,0.0,0.0,0.0,0.0,0.0,0.0,0.0,0.0,0.0,0.0,0.0,0.0,0.0,0.0,0.0,0.0,0.0,0.0,0.0,0.0,0.0,0.0,0.0,0.0,0.0,0.0,0.0,0.0,0.0,0.0,0.0,0.0,0.0,0.0,0.0,0.0,0.0,0.0,0.0,0.7619047619047619,0.5333333333333333,0.6285714285714286,0.3333333333333333,0.6285714285714286,2.3465275410000004,0.0
nvbench2:dev:716,716,qwen3:14b,union,77,0.0,boxplot,1.0,1.0,22,5,17,1.0,1.0,1.0,0.25,1.0,0.4,1.0,0.25,0.5,0.3333333333333333,1.0,0.25,0.3333333333333333,0.28571428571428575,1.0,0.25,0.25,0.25,1.0,0.25,0.2,0.22222222222222224,1.0,0.25,0.16666666666666666,0.2,1.0,0.25,0.14285714285714285,0.18181818181818182,1.0,0.25,0.125,0.16666666666666666,1.0,0.5,0.2222222222222222,0.30769230769230765,1.0,0.5,0.2,0.28571428571428575,1.0,0.5,0.18181818181818182,0.26666666666666666,1.0,0.5,0.16666666666666666,0.25,1.0,0.75,0.23076923076923078,0.3529411764705882,1.0,0.75,0.21428571428571427,0.3333333333333333,1.0,0.75,0.2,0.31578947368421056,1.0,0.75,0.1875,0.3,1.0,0.75,0.17647058823529413,0.2857142857142857,1.0,0.75,0.17647058823529413,0.2857142857142857,1.0,0.75,0.17647058823529413,0.2857142857142857,1.0,0.75,0.17647058823529413,0.2857142857142857,1.0,1.0,0.25,1.0,0.4,1.0,0.25,0.3333333333333333,0.28571428571428575,1.0,0.25,0.2,0.22222222222222224,0.5,0.0,0.0,0.0,0.0,1.0,0.25,0.3333333333333333,0.28571428571428575,1.0,0.25,0.2,0.22222222222222224,1.0,1.0,1.0,1.0,1.0,2.8770696660000112,-1.0
nvbench2:dev:717,717,qwen3:14b,union,77,0.0,boxplot,1.0,1.0,18,17,1,0.0,0.0,0.0,0.0,0.0,0.0,0.0,0.0,0.0,0.0,0.0,0.0,0.0,0.0,0.0,0.0,0.0,0.0,0.0,0.0,0.0,0.0,0.0,0.0,0.0,0.0,0.0,0.0,0.0,0.0,0.0,0.0,0.0,0.0,0.0,0.0,0.0,0.0,0.0,0.0,0.0,0.0,0.0,0.0,0.0,0.0,0.0,0.0,0.0,0.0,0.0,0.0,0.0,0.0,0.0,0.0,0.0,0.0,0.0,0.0,0.0,0.0,0.0,0.0,0.0,0.0,0.0,0.0,0.0,0.0,0.0,0.0,0.0,0.0,0.0,0.0,0.0,0.0,0.0,0.0,0.0,0.0,0.0,0.0,0.0,0.0,0.0,0.0,0.0,0.0,0.0,0.0,0.0,0.0,0.0,0.0,0.0,0.0,0.0,0.0,0.0,0.0,0.0,0.0,0.0,0.0,0.0,0.0,0.6,0.6,0.6,0.6,0.6,1.050686832999986,0.0
nvbench2:dev:718,718,qwen3:14b,union,77,0.0,boxplot,1.0,1.0,19,9,10,0.0,0.0,0.0,0.0,0.0,0.0,0.0,0.0,0.0,0.0,0.0,0.0,0.0,0.0,0.0,0.0,0.0,0.0,0.0,0.0,0.0,0.0,0.0,0.0,0.0,0.0,0.0,0.0,0.0,0.0,0.0,0.0,0.0,0.0,0.0,0.0,0.0,0.0,0.0,0.0,0.0,0.0,0.0,0.0,0.0,0.0,0.0,0.0,0.0,0.0,0.0,0.0,0.0,0.0,0.0,0.0,0.0,0.0,0.0,0.0,0.0,0.0,0.0,0.0,0.0,0.0,0.0,0.0,0.0,0.0,0.0,0.0,0.0,0.0,0.0,0.0,0.0,0.0,0.0,0.0,0.0,0.0,0.0,0.0,0.0,0.0,0.0,0.0,0.0,0.0,0.0,0.0,0.0,0.0,0.0,0.0,0.0,0.0,0.0,0.0,0.0,0.0,0.0,0.0,0.0,0.0,0.0,0.0,0.8,0.6,0.8,0.6,0.8,2.2810261250000394,0.0
nvbench2:dev:719,719,qwen3:14b,union,77,0.0,arc,1.0,1.0,13,8,5,0.0,0.0,0.0,0.0,0.0,0.0,0.0,0.0,0.0,0.0,0.0,0.0,0.0,0.0,0.0,0.0,0.0,0.0,0.0,0.0,0.0,0.0,0.0,0.0,0.0,0.0,0.0,0.0,0.0,0.0,0.0,0.0,0.0,0.0,0.0,0.0,0.0,0.0,0.0,0.0,0.0,0.0,0.0,0.0,0.0,0.0,0.0,0.0,0.0,0.0,0.0,0.0,0.0,0.0,0.0,0.0,0.0,0.0,0.0,0.0,0.0,0.0,0.0,0.0,0.0,0.0,0.0,0.0,0.0,0.0,0.0,0.0,0.0,0.0,0.0,0.0,0.0,0.0,0.0,0.0,0.0,0.0,0.0,0.0,0.0,0.0,0.0,0.0,0.0,0.0,0.0,0.0,0.0,0.0,0.0,0.0,0.0,0.0,0.0,0.0,0.0,0.0,0.0,0.0,0.0,0.0,0.0,0.0,0.8333333333333333,0.4,0.8333333333333333,0.4,0.8333333333333333,2.2371616669999526,0.0
nvbench2:dev:721,721,qwen3:14b,union,77,0.0,boxplot,1.0,1.0,17,10,7,1.0,0.16666666666666666,0.0,0.0,0.0,0.0,0.0,0.0,0.0,0.0,0.0,0.0,0.0,0.0,0.0,0.0,0.0,0.0,0.0,0.0,0.0,0.0,1.0,0.25,0.16666666666666666,0.2,1.0,0.5,0.2857142857142857,0.36363636363636365,1.0,0.5,0.2857142857142857,0.36363636363636365,1.0,0.5,0.2857142857142857,0.36363636363636365,1.0,0.5,0.2857142857142857,0.36363636363636365,1.0,0.5,0.2857142857142857,0.36363636363636365,1.0,0.5,0.2857142857142857,0.36363636363636365,1.0,0.5,0.2857142857142857,0.36363636363636365,1.0,0.5,0.2857142857142857,0.36363636363636365,1.0,0.5,0.2857142857142857,0.36363636363636365,1.0,0.5,0.2857142857142857,0.36363636363636365,1.0,0.5,0.2857142857142857,0.36363636363636365,1.0,0.5,0.2857142857142857,0.36363636363636365,1.0,0.5,0.2857142857142857,0.36363636363636365,1.0,0.5,0.2857142857142857,0.36363636363636365,0.0,0.0,0.0,0.0,0.0,0.0,0.0,0.0,0.0,0.0,0.0,0.0,0.0,0.3333333333333333,0.0,0.0,0.0,0.0,1.0,0.25,0.3333333333333333,0.28571428571428575,1.0,0.5,0.4,0.4444444444444445,1.0,0.7,0.7,0.7,1.0,2.3746194170000194,0.0
nvbench2:dev:723,723,qwen3:14b,union,77,0.0,boxplot,1.0,1.0,12,8,4,0.0,0.0,0.0,0.0,0.0,0.0,0.0,0.0,0.0,0.0,0.0,0.0,0.0,0.0,0.0,0.0,0.0,0.0,0.0,0.0,0.0,0.0,0.0,0.0,0.0,0.0,0.0,0.0,0.0,0.0,0.0,0.0,0.0,0.0,0.0,0.0,0.0,0.0,0.0,0.0,0.0,0.0,0.0,0.0,0.0,0.0,0.0,0.0,0.0,0.0,0.0,0.0,0.0,0.0,0.0,0.0,0.0,0.0,0.0,0.0,0.0,0.0,0.0,0.0,0.0,0.0,0.0,0.0,0.0,0.0,0.0,0.0,0.0,0.0,0.0,0.0,0.0,0.0,0.0,0.0,0.0,0.0,0.0,0.0,0.0,0.0,0.0,0.0,0.0,0.0,0.0,0.0,0.0,0.0,0.0,0.0,0.0,0.0,0.0,0.0,0.0,0.0,0.0,0.0,0.0,0.0,0.0,0.0,0.7,0.7,0.7,0.7,0.7,1.7229789169999776,0.0
nvbench2:dev:725,725,qwen3:14b,union,77,0.0,boxplot,1.0,1.0,22,15,7,0.0,0.0,0.0,0.0,0.0,0.0,0.0,0.0,0.0,0.0,0.0,0.0,0.0,0.0,0.0,0.0,0.0,0.0,0.0,0.0,0.0,0.0,0.0,0.0,0.0,0.0,0.0,0.0,0.0,0.0,0.0,0.0,0.0,0.0,0.0,0.0,0.0,0.0,0.0,0.0,0.0,0.0,0.0,0.0,0.0,0.0,0.0,0.0,0.0,0.0,0.0,0.0,0.0,0.0,0.0,0.0,0.0,0.0,0.0,0.0,0.0,0.0,0.0,0.0,0.0,0.0,0.0,0.0,0.0,0.0,0.0,0.0,0.0,0.0,0.0,0.0,0.0,0.0,0.0,0.0,0.0,0.0,0.0,0.0,0.0,0.0,0.0,0.0,0.0,0.0,0.0,0.0,0.0,0.0,0.0,0.0,0.0,0.0,0.0,0.0,0.0,0.0,0.0,0.0,0.0,0.0,0.0,0.0,0.4,0.4,0.4,0.4,0.4,2.171549209000034,0.0
nvbench2:dev:732,732,qwen3:14b,union,77,0.0,bar+line+rect,1.0,1.0,18,7,11,1.0,0.3333333333333333,0.0,0.0,0.0,0.0,0.0,0.0,0.0,0.0,1.0,0.2,0.3333333333333333,0.25,1.0,0.2,0.25,0.22222222222222224,1.0,0.2,0.2,0.20000000000000004,1.0,0.2,0.16666666666666666,0.1818181818181818,1.0,0.2,0.14285714285714285,0.16666666666666666,1.0,0.2,0.125,0.15384615384615385,1.0,0.2,0.1111111111111111,0.14285714285714285,1.0,0.2,0.1,0.13333333333333333,1.0,0.2,0.09090909090909091,0.12500000000000003,1.0,0.2,0.09090909090909091,0.12500000000000003,1.0,0.2,0.09090909090909091,0.12500000000000003,1.0,0.2,0.09090909090909091,0.12500000000000003,1.0,0.2,0.09090909090909091,0.12500000000000003,1.0,0.2,0.09090909090909091,0.12500000000000003,1.0,0.2,0.09090909090909091,0.12500000000000003,1.0,0.2,0.09090909090909091,0.12500000000000003,1.0,0.2,0.09090909090909091,0.12500000000000003,1.0,0.2,0.09090909090909091,0.12500000000000003,0.3333333333333333,0.0,0.0,0.0,0.0,1.0,0.2,0.3333333333333333,0.25,1.0,0.2,0.2,0.20000000000000004,0.0,0.0,0.0,0.0,0.0,0.0,0.0,0.0,0.0,0.0,0.0,0.0,0.0,1.0,0.52,1.0,0.36,0.9199999999999999,3.1396615410000095,0.0
nvbench2:dev:733,733,qwen3:14b,union,77,0.0,bar+line+rect,1.0,1.0,27,7,20,0.0,0.0,0.0,0.0,0.0,0.0,0.0,0.0,0.0,0.0,0.0,0.0,0.0,0.0,0.0,0.0,0.0,0.0,0.0,0.0,0.0,0.0,0.0,0.0,0.0,0.0,0.0,0.0,0.0,0.0,0.0,0.0,0.0,0.0,0.0,0.0,0.0,0.0,0.0,0.0,0.0,0.0,0.0,0.0,0.0,0.0,0.0,0.0,0.0,0.0,0.0,0.0,0.0,0.0,0.0,0.0,0.0,0.0,0.0,0.0,0.0,0.0,0.0,0.0,0.0,0.0,0.0,0.0,0.0,0.0,0.0,0.0,0.0,0.0,0.0,0.0,0.0,0.0,0.0,0.0,0.0,0.0,0.0,0.0,0.0,0.0,0.0,0.0,0.0,0.0,0.0,0.0,0.0,0.0,0.0,0.0,0.0,0.0,0.0,0.0,0.0,0.0,0.0,0.0,0.0,0.0,0.0,0.0,0.9199999999999999,0.9199999999999999,0.9199999999999999,0.9199999999999999,0.9199999999999999,3.846217958000011,0.0
