record_id,index,model,condition,seed,temperature,parse_success,candidate_count,valid_candidate_count,any_candidate,any_valid_candidate,all_candidates_valid,elapsed_seconds,gold_count_raw,gold_count_canonical,ambiguity_group,gold_family,raw_mrr,raw_hit@1,raw_recall@1,raw_precision@1,raw_f1@1,raw_hit@3,raw_recall@3,raw_precision@3,raw_f1@3,raw_hit@5,raw_recall@5,raw_precision@5,raw_f1@5,valid_mrr,valid_hit@1,valid_recall@1,valid_precision@1,valid_f1@1,valid_hit@3,valid_recall@3,valid_precision@3,valid_f1@3,valid_hit@5,valid_recall@5,valid_precision@5,valid_f1@5,top1_mark,top1_channels,top1_fields,top1_operations,top1_filters,top1_macro,best5_mark,best5_channels,best5_fields,best5_operations,best5_filters,best5_macro,graded_ndcg@5
nvbench2:test:7,7,gemma3:27b,direct,55,0.0,1.0,5,5,1.0,1.0,1.0,32.28836170001887,5,5,multi_gold,bar,0.3333333333333333,0.0,0.0,0.0,0.0,1.0,0.2,0.3333333333333333,0.25,1.0,0.2,0.2,0.20000000000000004,0.3333333333333333,0.0,0.0,0.0,0.0,1.0,0.2,0.3333333333333333,0.25,1.0,0.2,0.2,0.20000000000000004,1.0,1.0,1.0,0.0,1.0,0.8,1.0,1.0,1.0,1.0,1.0,1.0,0.7072044253009147
nvbench2:test:11,11,gemma3:27b,direct,55,0.0,1.0,4,4,1.0,1.0,1.0,11.940731200040318,5,5,multi_gold,point,0.0,0.0,0.0,0.0,0.0,0.0,0.0,0.0,0.0,0.0,0.0,0.0,0.0,0.0,0.0,0.0,0.0,0.0,0.0,0.0,0.0,0.0,0.0,0.0,0.0,0.0,1.0,0.8,0.0,0.0,1.0,0.5599999999999999,1.0,0.8,0.0,0.0,1.0,0.5599999999999999,0.32009095738665316
nvbench2:test:18,18,gemma3:27b,direct,55,0.0,1.0,3,3,1.0,1.0,1.0,6.538282499997877,4,4,multi_gold,rect,0.0,0.0,0.0,0.0,0.0,0.0,0.0,0.0,0.0,0.0,0.0,0.0,0.0,0.0,0.0,0.0,0.0,0.0,0.0,0.0,0.0,0.0,0.0,0.0,0.0,0.0,1.0,1.0,0.3333333333333333,0.0,0.0,0.4666666666666667,1.0,1.0,0.3333333333333333,0.0,0.0,0.4666666666666667,0.2289980561376153
nvbench2:test:20,20,gemma3:27b,direct,55,0.0,1.0,1,0,1.0,0.0,0.0,9.000054699950852,2,2,multi_gold,arc,0.0,0.0,0.0,0.0,0.0,0.0,0.0,0.0,0.0,0.0,0.0,0.0,0.0,0.0,0.0,0.0,0.0,0.0,0.0,0.0,0.0,0.0,0.0,0.0,0.0,0.0,1.0,0.0,0.0,0.0,1.0,0.4,1.0,0.0,0.0,0.0,1.0,0.4,0.19590537855675663
nvbench2:test:25,25,gemma3:27b,direct,55,0.0,1.0,5,0,1.0,0.0,0.0,7.910489699919708,2,2,multi_gold,boxplot,0.0,0.0,0.0,0.0,0.0,0.0,0.0,0.0,0.0,0.0,0.0,0.0,0.0,0.0,0.0,0.0,0.0,0.0,0.0,0.0,0.0,0.0,0.0,0.0,0.0,0.0,1.0,0.6666666666666666,0.6666666666666666,1.0,1.0,0.8666666666666666,1.0,0.6666666666666666,0.6666666666666666,1.0,1.0,0.8666666666666666,1.3456965655580468
nvbench2:test:26,26,gemma3:27b,direct,55,0.0,1.0,5,1,1.0,1.0,0.0,14.758785800077021,4,4,multi_gold,boxplot,0.0,0.0,0.0,0.0,0.0,0.0,0.0,0.0,0.0,0.0,0.0,0.0,0.0,0.0,0.0,0.0,0.0,0.0,0.0,0.0,0.0,0.0,0.0,0.0,0.0,0.0,1.0,1.0,0.5,0.0,0.0,0.5,1.0,1.0,0.5,0.0,0.0,0.5,0.2700628537408632
nvbench2:test:31,31,gemma3:27b,direct,55,0.0,1.0,5,2,1.0,1.0,0.0,19.633139500045218,2,2,multi_gold,rect,0.0,0.0,0.0,0.0,0.0,0.0,0.0,0.0,0.0,0.0,0.0,0.0,0.0,0.0,0.0,0.0,0.0,0.0,0.0,0.0,0.0,0.0,0.0,0.0,0.0,0.0,1.0,1.0,0.3333333333333333,0.0,1.0,0.6666666666666667,1.0,1.0,0.6666666666666666,0.0,1.0,0.7333333333333333,1.110794503757047
nvbench2:test:35,35,gemma3:27b,direct,55,0.0,1.0,4,4,1.0,1.0,1.0,11.068528600037098,4,4,multi_gold,bar+line,0.0,0.0,0.0,0.0,0.0,0.0,0.0,0.0,0.0,0.0,0.0,0.0,0.0,0.0,0.0,0.0,0.0,0.0,0.0,0.0,0.0,0.0,0.0,0.0,0.0,0.0,1.0,0.8,0.4,1.0,1.0,0.8400000000000001,1.0,0.8,0.4,1.0,1.0,0.8400000000000001,0.7606810785615927
nvbench2:test:37,37,gemma3:27b,direct,55,0.0,1.0,4,4,1.0,1.0,1.0,11.32387370010838,2,2,multi_gold,arc,0.0,0.0,0.0,0.0,0.0,0.0,0.0,0.0,0.0,0.0,0.0,0.0,0.0,0.0,0.0,0.0,0.0,0.0,0.0,0.0,0.0,0.0,0.0,0.0,0.0,0.0,1.0,1.0,1.0,0.0,0.0,0.6,1.0,1.0,1.0,0.0,0.0,0.6,0.47644984441714305
nvbench2:test:39,39,gemma3:27b,direct,55,0.0,1.0,3,1,1.0,1.0,0.0,23.949428399908356,2,2,multi_gold,bar,0.0,0.0,0.0,0.0,0.0,0.0,0.0,0.0,0.0,0.0,0.0,0.0,0.0,0.0,0.0,0.0,0.0,0.0,0.0,0.0,0.0,0.0,0.0,0.0,0.0,0.0,1.0,1.0,0.6666666666666666,0.0,1.0,0.7333333333333333,1.0,1.0,0.6666666666666666,0.0,1.0,0.7333333333333333,0.7933553532975887
nvbench2:test:62,62,gemma3:27b,direct,55,0.0,1.0,3,0,1.0,0.0,0.0,7.543357199989259,3,3,multi_gold,arc,0.0,0.0,0.0,0.0,0.0,0.0,0.0,0.0,0.0,0.0,0.0,0.0,0.0,0.0,0.0,0.0,0.0,0.0,0.0,0.0,0.0,0.0,0.0,0.0,0.0,0.0,1.0,0.6666666666666666,0.0,1.0,1.0,0.7333333333333333,1.0,0.6666666666666666,0.0,1.0,1.0,0.7333333333333333,0.3898031762270379
nvbench2:test:70,70,gemma3:27b,direct,55,0.0,1.0,4,2,1.0,1.0,0.0,10.269315500045195,2,2,multi_gold,bar,0.0,0.0,0.0,0.0,0.0,0.0,0.0,0.0,0.0,0.0,0.0,0.0,0.0,0.0,0.0,0.0,0.0,0.0,0.0,0.0,0.0,0.0,0.0,0.0,0.0,0.0,1.0,0.8,0.4,1.0,1.0,0.8400000000000001,1.0,0.8,0.4,1.0,1.0,0.8400000000000001,1.0213389157797708
nvbench2:test:79,79,gemma3:27b,direct,55,0.0,1.0,5,5,1.0,1.0,1.0,9.2391956000356,3,3,multi_gold,boxplot,0.0,0.0,0.0,0.0,0.0,0.0,0.0,0.0,0.0,0.0,0.0,0.0,0.0,0.0,0.0,0.0,0.0,0.0,0.0,0.0,0.0,0.0,0.0,0.0,0.0,0.0,1.0,1.0,0.0,1.0,1.0,0.8,1.0,1.0,0.0,1.0,1.0,0.8,0.9845072187018804
nvbench2:test:90,90,gemma3:27b,direct,55,0.0,1.0,1,0,1.0,0.0,0.0,8.334300599992275,3,3,multi_gold,arc,0.0,0.0,0.0,0.0,0.0,0.0,0.0,0.0,0.0,0.0,0.0,0.0,0.0,0.0,0.0,0.0,0.0,0.0,0.0,0.0,0.0,0.0,0.0,0.0,0.0,0.0,1.0,0.6666666666666666,0.0,0.0,1.0,0.5333333333333333,1.0,0.6666666666666666,0.0,0.0,1.0,0.5333333333333333,0.20989393793519043
nvbench2:test:97,97,gemma3:27b,direct,55,0.0,1.0,4,2,1.0,1.0,0.0,11.164652300067246,5,5,multi_gold,line,0.0,0.0,0.0,0.0,0.0,0.0,0.0,0.0,0.0,0.0,0.0,0.0,0.0,0.0,0.0,0.0,0.0,0.0,0.0,0.0,0.0,0.0,0.0,0.0,0.0,0.0,1.0,1.0,0.6666666666666666,0.6666666666666666,1.0,0.8666666666666666,1.0,1.0,0.6666666666666666,0.6666666666666666,1.0,0.8666666666666666,0.5691202524775514
nvbench2:test:99,99,gemma3:27b,direct,55,0.0,1.0,1,0,1.0,0.0,0.0,1.94441320002079,2,2,multi_gold,boxplot,0.0,0.0,0.0,0.0,0.0,0.0,0.0,0.0,0.0,0.0,0.0,0.0,0.0,0.0,0.0,0.0,0.0,0.0,0.0,0.0,0.0,0.0,0.0,0.0,0.0,0.0,1.0,0.6666666666666666,0.0,1.0,1.0,0.7333333333333333,1.0,0.6666666666666666,0.0,1.0,1.0,0.7333333333333333,0.40619517231497354
nvbench2:test:102,102,gemma3:27b,direct,55,0.0,1.0,3,0,1.0,0.0,0.0,5.118324399925768,3,3,multi_gold,boxplot,0.0,0.0,0.0,0.0,0.0,0.0,0.0,0.0,0.0,0.0,0.0,0.0,0.0,0.0,0.0,0.0,0.0,0.0,0.0,0.0,0.0,0.0,0.0,0.0,0.0,0.0,1.0,0.6666666666666666,0.6666666666666666,1.0,1.0,0.8666666666666666,1.0,0.6666666666666666,0.6666666666666666,1.0,1.0,0.8666666666666666,0.5891145000158539
nvbench2:test:105,105,gemma3:27b,direct,55,0.0,1.0,3,2,1.0,1.0,0.0,6.88316210010089,3,3,multi_gold,arc,0.0,0.0,0.0,0.0,0.0,0.0,0.0,0.0,0.0,0.0,0.0,0.0,0.0,0.0,0.0,0.0,0.0,0.0,0.0,0.0,0.0,0.0,0.0,0.0,0.0,0.0,1.0,1.0,0.5,0.6666666666666666,0.0,0.6333333333333333,1.0,1.0,0.5,0.6666666666666666,0.0,0.6333333333333333,0.2586405116874505
nvbench2:test:111,111,gemma3:27b,direct,55,0.0,1.0,1,0,1.0,0.0,0.0,11.721786000067368,3,3,multi_gold,rect,0.0,0.0,0.0,0.0,0.0,0.0,0.0,0.0,0.0,0.0,0.0,0.0,0.0,0.0,0.0,0.0,0.0,0.0,0.0,0.0,0.0,0.0,0.0,0.0,0.0,0.0,1.0,0.5,0.0,1.0,0.0,0.5,1.0,0.5,0.0,1.0,0.0,0.5,0.19438161285179364
nvbench2:test:112,112,gemma3:27b,direct,55,0.0,1.0,4,0,1.0,0.0,0.0,10.844132600002922,2,2,multi_gold,arc,0.0,0.0,0.0,0.0,0.0,0.0,0.0,0.0,0.0,0.0,0.0,0.0,0.0,0.0,0.0,0.0,0.0,0.0,0.0,0.0,0.0,0.0,0.0,0.0,0.0,0.0,1.0,1.0,0.5,0.6666666666666666,1.0,0.8333333333333334,1.0,1.0,0.5,0.6666666666666666,1.0,0.8333333333333334,0.866650921182015
nvbench2:test:113,113,gemma3:27b,direct,55,0.0,1.0,4,4,1.0,1.0,1.0,10.125837699975818,3,3,multi_gold,line,0.0,0.0,0.0,0.0,0.0,0.0,0.0,0.0,0.0,0.0,0.0,0.0,0.0,0.0,0.0,0.0,0.0,0.0,0.0,0.0,0.0,0.0,0.0,0.0,0.0,0.0,1.0,1.0,1.0,0.6666666666666666,1.0,0.9333333333333333,1.0,1.0,1.0,0.6666666666666666,1.0,0.9333333333333333,0.9252043590368905
nvbench2:test:117,117,gemma3:27b,direct,55,0.0,1.0,2,1,1.0,1.0,0.0,4.7418926999671385,5,5,multi_gold,bar,0.5,0.0,0.0,0.0,0.0,1.0,0.2,0.5,0.28571428571428575,1.0,0.2,0.5,0.28571428571428575,1.0,1.0,0.2,1.0,0.33333333333333337,1.0,0.2,1.0,0.33333333333333337,1.0,0.2,1.0,0.33333333333333337,1.0,1.0,1.0,0.6666666666666666,1.0,0.9333333333333333,1.0,1.0,1.0,1.0,1.0,1.0,0.522514608233003
nvbench2:test:127,127,gemma3:27b,direct,55,0.0,1.0,4,0,1.0,0.0,0.0,21.505292000016198,2,2,multi_gold,arc,0.0,0.0,0.0,0.0,0.0,0.0,0.0,0.0,0.0,0.0,0.0,0.0,0.0,0.0,0.0,0.0,0.0,0.0,0.0,0.0,0.0,0.0,0.0,0.0,0.0,0.0,0.0,0.4,0.0,0.0,1.0,0.27999999999999997,0.0,0.4,0.0,0.0,1.0,0.27999999999999997,0.3364234214176723
nvbench2:test:131,131,gemma3:27b,direct,55,0.0,1.0,3,1,1.0,1.0,0.0,8.916574800037779,4,4,multi_gold,arc,0.0,0.0,0.0,0.0,0.0,0.0,0.0,0.0,0.0,0.0,0.0,0.0,0.0,0.0,0.0,0.0,0.0,0.0,0.0,0.0,0.0,0.0,0.0,0.0,0.0,0.0,1.0,1.0,0.5,0.6666666666666666,1.0,0.8333333333333334,1.0,1.0,0.5,0.6666666666666666,1.0,0.8333333333333334,0.39714479032636646
nvbench2:test:132,132,gemma3:27b,direct,55,0.0,1.0,5,0,1.0,0.0,0.0,18.942999099963345,2,2,multi_gold,bar,0.0,0.0,0.0,0.0,0.0,0.0,0.0,0.0,0.0,0.0,0.0,0.0,0.0,0.0,0.0,0.0,0.0,0.0,0.0,0.0,0.0,0.0,0.0,0.0,0.0,0.0,1.0,0.8,0.4,0.6666666666666666,0.0,0.5733333333333334,1.0,0.8,0.4,1.0,1.0,0.8400000000000001,1.0281072481734932
nvbench2:test:133,133,gemma3:27b,direct,55,0.0,1.0,4,0,1.0,0.0,0.0,12.335212400066666,2,2,multi_gold,bar,0.0,0.0,0.0,0.0,0.0,0.0,0.0,0.0,0.0,0.0,0.0,0.0,0.0,0.0,0.0,0.0,0.0,0.0,0.0,0.0,0.0,0.0,0.0,0.0,0.0,0.0,1.0,1.0,0.6666666666666666,0.0,0.0,0.5333333333333333,1.0,0.8,0.4,1.0,0.0,0.64,0.7040316414710848
nvbench2:test:142,142,gemma3:27b,direct,55,0.0,1.0,4,4,1.0,1.0,1.0,11.897321700002067,2,2,multi_gold,rect,1.0,1.0,0.5,1.0,0.6666666666666666,1.0,1.0,0.6666666666666666,0.8,1.0,1.0,0.5,0.6666666666666666,1.0,1.0,0.5,1.0,0.6666666666666666,1.0,1.0,0.6666666666666666,0.8,1.0,1.0,0.5,0.6666666666666666,1.0,1.0,1.0,1.0,1.0,1.0,1.0,1.0,1.0,1.0,1.0,1.0,1.51910318941567
nvbench2:test:144,144,gemma3:27b,direct,55,0.0,1.0,4,2,1.0,1.0,0.0,10.400603299960494,2,2,multi_gold,bar,0.0,0.0,0.0,0.0,0.0,0.0,0.0,0.0,0.0,0.0,0.0,0.0,0.0,0.0,0.0,0.0,0.0,0.0,0.0,0.0,0.0,0.0,0.0,0.0,0.0,0.0,1.0,0.8,0.4,0.0,1.0,0.64,1.0,0.8,0.4,1.0,1.0,0.8400000000000001,0.8514643783114348
nvbench2:test:150,150,gemma3:27b,direct,55,0.0,1.0,5,0,1.0,0.0,0.0,13.469626800040714,4,4,multi_gold,bar,0.0,0.0,0.0,0.0,0.0,0.0,0.0,0.0,0.0,0.0,0.0,0.0,0.0,0.0,0.0,0.0,0.0,0.0,0.0,0.0,0.0,0.0,0.0,0.0,0.0,0.0,1.0,0.8,0.4,0.0,1.0,0.64,1.0,0.8,0.4,0.0,1.0,0.64,0.5994126623149396
nvbench2:test:157,157,gemma3:27b,direct,55,0.0,1.0,3,1,1.0,1.0,0.0,6.822406799998134,5,5,multi_gold,line,0.0,0.0,0.0,0.0,0.0,0.0,0.0,0.0,0.0,0.0,0.0,0.0,0.0,0.0,0.0,0.0,0.0,0.0,0.0,0.0,0.0,0.0,0.0,0.0,0.0,0.0,0.0,1.0,1.0,0.6666666666666666,1.0,0.7333333333333333,1.0,1.0,1.0,0.6666666666666666,1.0,0.9333333333333333,0.5450211425454479
nvbench2:test:160,160,gemma3:27b,direct,55,0.0,1.0,3,1,1.0,1.0,0.0,6.309705200023018,2,2,multi_gold,arc,0.0,0.0,0.0,0.0,0.0,0.0,0.0,0.0,0.0,0.0,0.0,0.0,0.0,0.0,0.0,0.0,0.0,0.0,0.0,0.0,0.0,0.0,0.0,0.0,0.0,0.0,1.0,1.0,0.5,1.0,1.0,0.9,1.0,1.0,0.5,1.0,1.0,0.9,0.6341372918006422
nvbench2:test:162,162,gemma3:27b,direct,55,0.0,1.0,3,3,1.0,1.0,1.0,8.074708799947985,4,3,multi_gold,rect,0.0,0.0,0.0,0.0,0.0,0.0,0.0,0.0,0.0,0.0,0.0,0.0,0.0,0.0,0.0,0.0,0.0,0.0,0.0,0.0,0.0,0.0,0.0,0.0,0.0,0.0,1.0,1.0,0.3333333333333333,0.0,1.0,0.6666666666666667,1.0,1.0,0.6666666666666666,0.0,1.0,0.7333333333333333,0.6272448137929479
nvbench2:test:163,163,gemma3:27b,direct,55,0.0,1.0,2,0,1.0,0.0,0.0,7.724636800005101,3,3,multi_gold,line,0.0,0.0,0.0,0.0,0.0,0.0,0.0,0.0,0.0,0.0,0.0,0.0,0.0,0.0,0.0,0.0,0.0,0.0,0.0,0.0,0.0,0.0,0.0,0.0,0.0,0.0,1.0,0.6666666666666666,0.6666666666666666,1.0,0.0,0.6666666666666666,1.0,0.6666666666666666,0.6666666666666666,1.0,0.0,0.6666666666666666,0.3887323126553998
nvbench2:test:168,168,gemma3:27b,direct,55,0.0,1.0,3,1,1.0,1.0,0.0,6.708629700005986,5,5,multi_gold,bar,0.5,0.0,0.0,0.0,0.0,1.0,0.2,0.3333333333333333,0.25,1.0,0.2,0.3333333333333333,0.25,1.0,1.0,0.2,1.0,0.33333333333333337,1.0,0.2,1.0,0.33333333333333337,1.0,0.2,1.0,0.33333333333333337,1.0,1.0,1.0,0.6666666666666666,1.0,0.9333333333333333,1.0,1.0,1.0,1.0,1.0,1.0,0.6348573210831916
nvbench2:test:170,170,gemma3:27b,direct,55,0.0,1.0,3,0,1.0,0.0,0.0,13.09903869999107,2,2,multi_gold,rect,0.0,0.0,0.0,0.0,0.0,0.0,0.0,0.0,0.0,0.0,0.0,0.0,0.0,0.0,0.0,0.0,0.0,0.0,0.0,0.0,0.0,0.0,0.0,0.0,0.0,0.0,1.0,1.0,0.0,0.0,0.0,0.4,1.0,1.0,0.3333333333333333,1.0,0.0,0.6666666666666667,0.5754934330695526
nvbench2:test:173,173,gemma3:27b,direct,55,0.0,1.0,2,1,1.0,1.0,0.0,6.169088400085457,4,4,multi_gold,point,0.5,0.0,0.0,0.0,0.0,1.0,0.25,0.5,0.3333333333333333,1.0,0.25,0.5,0.3333333333333333,1.0,1.0,0.25,1.0,0.4,1.0,0.25,1.0,0.4,1.0,0.25,1.0,0.4,1.0,1.0,1.0,0.0,1.0,0.8,1.0,1.0,1.0,1.0,1.0,1.0,0.5356134835890147
nvbench2:test:174,174,gemma3:27b,direct,55,0.0,1.0,5,3,1.0,1.0,0.0,9.689847400062717,2,2,multi_gold,boxplot,0.0,0.0,0.0,0.0,0.0,0.0,0.0,0.0,0.0,0.0,0.0,0.0,0.0,0.0,0.0,0.0,0.0,0.0,0.0,0.0,0.0,0.0,0.0,0.0,0.0,0.0,1.0,0.6666666666666666,0.6666666666666666,1.0,1.0,0.8666666666666666,1.0,0.6666666666666666,0.6666666666666666,1.0,1.0,0.8666666666666666,1.0711999207774983
nvbench2:test:178,178,gemma3:27b,direct,55,0.0,1.0,3,0,1.0,0.0,0.0,8.389886500081047,2,2,multi_gold,arc,0.0,0.0,0.0,0.0,0.0,0.0,0.0,0.0,0.0,0.0,0.0,0.0,0.0,0.0,0.0,0.0,0.0,0.0,0.0,0.0,0.0,0.0,0.0,0.0,0.0,0.0,1.0,1.0,0.5,0.6666666666666666,1.0,0.8333333333333334,1.0,1.0,0.5,0.6666666666666666,1.0,0.8333333333333334,0.8273844257483154
nvbench2:test:183,183,gemma3:27b,direct,55,0.0,1.0,1,0,1.0,0.0,0.0,2.7047519999323413,3,3,multi_gold,bar,0.0,0.0,0.0,0.0,0.0,0.0,0.0,0.0,0.0,0.0,0.0,0.0,0.0,0.0,0.0,0.0,0.0,0.0,0.0,0.0,0.0,0.0,0.0,0.0,0.0,0.0,1.0,0.6666666666666666,0.6666666666666666,0.0,1.0,0.6666666666666666,1.0,0.6666666666666666,0.6666666666666666,0.0,1.0,0.6666666666666666,0.27565481733206354
nvbench2:test:192,192,gemma3:27b,direct,55,0.0,1.0,3,0,1.0,0.0,0.0,6.039574300055392,5,5,multi_gold,point,0.0,0.0,0.0,0.0,0.0,0.0,0.0,0.0,0.0,0.0,0.0,0.0,0.0,0.0,0.0,0.0,0.0,0.0,0.0,0.0,0.0,0.0,0.0,0.0,0.0,0.0,1.0,0.0,0.0,0.0,1.0,0.4,1.0,0.0,0.0,0.0,1.0,0.4,0.20195095528602508
nvbench2:test:194,194,gemma3:27b,direct,55,0.0,1.0,1,0,1.0,0.0,0.0,9.683506000088528,2,2,multi_gold,boxplot,0.0,0.0,0.0,0.0,0.0,0.0,0.0,0.0,0.0,0.0,0.0,0.0,0.0,0.0,0.0,0.0,0.0,0.0,0.0,0.0,0.0,0.0,0.0,0.0,0.0,0.0,1.0,0.0,0.0,1.0,0.0,0.4,1.0,0.0,0.0,1.0,0.0,0.4,0.19590537855675663
nvbench2:test:201,201,gemma3:27b,direct,55,0.0,1.0,4,1,1.0,1.0,0.0,8.946347199962474,2,2,multi_gold,bar,0.0,0.0,0.0,0.0,0.0,0.0,0.0,0.0,0.0,0.0,0.0,0.0,0.0,0.0,0.0,0.0,0.0,0.0,0.0,0.0,0.0,0.0,0.0,0.0,0.0,0.0,1.0,0.5,0.5,0.0,1.0,0.6,1.0,0.8,0.8,1.0,1.0,0.9199999999999999,1.0349708654020322
nvbench2:test:223,223,gemma3:27b,direct,55,0.0,1.0,1,0,1.0,0.0,0.0,2.4516646000556648,3,3,multi_gold,boxplot,0.0,0.0,0.0,0.0,0.0,0.0,0.0,0.0,0.0,0.0,0.0,0.0,0.0,0.0,0.0,0.0,0.0,0.0,0.0,0.0,0.0,0.0,0.0,0.0,0.0,0.0,1.0,0.6666666666666666,0.0,0.0,0.0,0.3333333333333333,1.0,0.6666666666666666,0.0,0.0,0.0,0.3333333333333333,0.1219754191611634
nvbench2:test:227,227,gemma3:27b,direct,55,0.0,1.0,2,0,1.0,0.0,0.0,5.108226799988188,4,4,multi_gold,line,0.0,0.0,0.0,0.0,0.0,0.0,0.0,0.0,0.0,0.0,0.0,0.0,0.0,0.0,0.0,0.0,0.0,0.0,0.0,0.0,0.0,0.0,0.0,0.0,0.0,0.0,0.0,1.0,0.5,1.0,1.0,0.7,1.0,1.0,0.5,1.0,1.0,0.9,0.45710833263752143
nvbench2:test:236,236,gemma3:27b,direct,55,0.0,1.0,3,2,1.0,1.0,0.0,6.405852399999276,2,2,multi_gold,boxplot,0.0,0.0,0.0,0.0,0.0,0.0,0.0,0.0,0.0,0.0,0.0,0.0,0.0,0.0,0.0,0.0,0.0,0.0,0.0,0.0,0.0,0.0,0.0,0.0,0.0,0.0,0.0,1.0,0.0,0.0,1.0,0.4,1.0,0.6666666666666666,0.0,1.0,1.0,0.7333333333333333,0.5501386878057369
nvbench2:test:238,238,gemma3:27b,direct,55,0.0,1.0,4,4,1.0,1.0,1.0,10.597463099984452,3,3,multi_gold,line,1.0,1.0,0.3333333333333333,1.0,0.5,1.0,0.3333333333333333,0.3333333333333333,0.3333333333333333,1.0,0.3333333333333333,0.25,0.28571428571428575,1.0,1.0,0.3333333333333333,1.0,0.5,1.0,0.3333333333333333,0.3333333333333333,0.3333333333333333,1.0,0.3333333333333333,0.25,0.28571428571428575,1.0,1.0,1.0,1.0,1.0,1.0,1.0,1.0,1.0,1.0,1.0,1.0,0.9668269668775544
nvbench2:test:252,252,gemma3:27b,direct,55,0.0,1.0,1,0,1.0,0.0,0.0,14.509990300051868,2,2,multi_gold,arc,0.0,0.0,0.0,0.0,0.0,0.0,0.0,0.0,0.0,0.0,0.0,0.0,0.0,0.0,0.0,0.0,0.0,0.0,0.0,0.0,0.0,0.0,0.0,0.0,0.0,0.0,1.0,1.0,0.0,0.0,0.0,0.4,1.0,1.0,0.0,0.0,0.0,0.4,0.19590537855675663
nvbench2:test:254,254,gemma3:27b,direct,55,0.0,1.0,3,3,1.0,1.0,1.0,8.41031910001766,2,2,multi_gold,point,0.0,0.0,0.0,0.0,0.0,0.0,0.0,0.0,0.0,0.0,0.0,0.0,0.0,0.0,0.0,0.0,0.0,0.0,0.0,0.0,0.0,0.0,0.0,0.0,0.0,0.0,1.0,0.6666666666666666,0.3333333333333333,0.0,1.0,0.6,1.0,0.6666666666666666,0.3333333333333333,0.0,1.0,0.6,0.6738216490196437
nvbench2:test:263,263,gemma3:27b,direct,55,0.0,1.0,5,1,1.0,1.0,0.0,9.638959500007331,5,5,multi_gold,boxplot,0.0,0.0,0.0,0.0,0.0,0.0,0.0,0.0,0.0,0.0,0.0,0.0,0.0,0.0,0.0,0.0,0.0,0.0,0.0,0.0,0.0,0.0,0.0,0.0,0.0,0.0,1.0,0.6666666666666666,0.0,1.0,1.0,0.7333333333333333,1.0,0.6666666666666666,0.0,1.0,1.0,0.7333333333333333,0.4013797125696493
nvbench2:test:268,268,gemma3:27b,direct,55,0.0,1.0,4,0,1.0,0.0,0.0,15.987627499969676,5,5,multi_gold,rect,0.0,0.0,0.0,0.0,0.0,0.0,0.0,0.0,0.0,0.0,0.0,0.0,0.0,0.0,0.0,0.0,0.0,0.0,0.0,0.0,0.0,0.0,0.0,0.0,0.0,0.0,1.0,1.0,0.6666666666666666,0.5,0.0,0.6333333333333333,1.0,1.0,0.6666666666666666,0.5,0.0,0.6333333333333333,0.4788317706368183
nvbench2:test:287,287,gemma3:27b,direct,55,0.0,1.0,3,2,1.0,1.0,0.0,7.8963606000179425,3,3,multi_gold,point,0.0,0.0,0.0,0.0,0.0,0.0,0.0,0.0,0.0,0.0,0.0,0.0,0.0,0.0,0.0,0.0,0.0,0.0,0.0,0.0,0.0,0.0,0.0,0.0,0.0,0.0,0.0,0.8,0.0,0.0,1.0,0.36,1.0,0.8,0.0,0.0,1.0,0.5599999999999999,0.33993115236309834
nvbench2:test:296,296,gemma3:27b,direct,55,0.0,1.0,3,2,1.0,1.0,0.0,8.693702499964274,5,5,multi_gold,bar+line+rect,0.0,0.0,0.0,0.0,0.0,0.0,0.0,0.0,0.0,0.0,0.0,0.0,0.0,0.0,0.0,0.0,0.0,0.0,0.0,0.0,0.0,0.0,0.0,0.0,0.0,0.0,1.0,0.8,0.4,0.6666666666666666,1.0,0.7733333333333333,1.0,0.8,0.4,0.6666666666666666,1.0,0.7733333333333333,0.4457404594654016
nvbench2:test:297,297,gemma3:27b,direct,55,0.0,1.0,3,1,1.0,1.0,0.0,7.907046300009824,2,2,multi_gold,bar,0.0,0.0,0.0,0.0,0.0,0.0,0.0,0.0,0.0,0.0,0.0,0.0,0.0,0.0,0.0,0.0,0.0,0.0,0.0,0.0,0.0,0.0,0.0,0.0,0.0,0.0,1.0,0.8,0.4,0.0,0.0,0.44000000000000006,1.0,0.8,0.8,1.0,0.0,0.72,0.6330510687885162
nvbench2:test:298,298,gemma3:27b,direct,55,0.0,1.0,3,0,1.0,0.0,0.0,8.556236000033095,3,3,multi_gold,line,0.0,0.0,0.0,0.0,0.0,0.0,0.0,0.0,0.0,0.0,0.0,0.0,0.0,0.0,0.0,0.0,0.0,0.0,0.0,0.0,0.0,0.0,0.0,0.0,0.0,0.0,1.0,1.0,0.5,0.6666666666666666,0.0,0.6333333333333333,1.0,1.0,0.5,1.0,0.0,0.7,0.5278150615424622
nvbench2:test:303,303,gemma3:27b,direct,55,0.0,1.0,3,0,1.0,0.0,0.0,4.656125499983318,2,2,multi_gold,boxplot,0.0,0.0,0.0,0.0,0.0,0.0,0.0,0.0,0.0,0.0,0.0,0.0,0.0,0.0,0.0,0.0,0.0,0.0,0.0,0.0,0.0,0.0,0.0,0.0,0.0,0.0,1.0,0.6666666666666666,0.6666666666666666,1.0,1.0,0.8666666666666666,1.0,0.6666666666666666,0.6666666666666666,1.0,1.0,0.8666666666666666,1.0265425632739205
nvbench2:test:317,317,gemma3:27b,direct,55,0.0,1.0,4,0,1.0,0.0,0.0,7.421646800008602,2,2,multi_gold,arc,0.0,0.0,0.0,0.0,0.0,0.0,0.0,0.0,0.0,0.0,0.0,0.0,0.0,0.0,0.0,0.0,0.0,0.0,0.0,0.0,0.0,0.0,0.0,0.0,0.0,0.0,1.0,0.6666666666666666,0.6666666666666666,0.0,1.0,0.6666666666666666,1.0,0.6666666666666666,0.6666666666666666,0.0,1.0,0.6666666666666666,0.5025411670048765
nvbench2:test:319,319,gemma3:27b,direct,55,0.0,1.0,4,3,1.0,1.0,0.0,18.293881499907002,2,2,multi_gold,point,0.0,0.0,0.0,0.0,0.0,0.0,0.0,0.0,0.0,0.0,0.0,0.0,0.0,0.0,0.0,0.0,0.0,0.0,0.0,0.0,0.0,0.0,0.0,0.0,0.0,0.0,1.0,0.8571428571428571,0.0,0.0,0.0,0.37142857142857144,1.0,0.8571428571428571,0.0,0.0,0.0,0.37142857142857144,0.42891333362233314
nvbench2:test:320,320,gemma3:27b,direct,55,0.0,1.0,4,2,1.0,1.0,0.0,11.099353099940345,3,3,multi_gold,rect,0.0,0.0,0.0,0.0,0.0,0.0,0.0,0.0,0.0,0.0,0.0,0.0,0.0,0.0,0.0,0.0,0.0,0.0,0.0,0.0,0.0,0.0,0.0,0.0,0.0,0.0,1.0,1.0,0.3333333333333333,0.0,0.0,0.4666666666666667,1.0,1.0,0.3333333333333333,0.0,0.0,0.4666666666666667,0.3637715189212346
nvbench2:test:325,325,gemma3:27b,direct,55,0.0,1.0,5,2,1.0,1.0,0.0,12.210946400067769,2,2,multi_gold,rect,0.0,0.0,0.0,0.0,0.0,0.0,0.0,0.0,0.0,0.0,0.0,0.0,0.0,0.0,0.0,0.0,0.0,0.0,0.0,0.0,0.0,0.0,0.0,0.0,0.0,0.0,0.0,0.8,0.4,0.0,0.0,0.24000000000000005,1.0,1.0,0.3333333333333333,0.0,0.0,0.4666666666666667,0.4049322207567862
nvbench2:test:332,332,gemma3:27b,direct,55,0.0,1.0,3,0,1.0,0.0,0.0,9.727919599972665,2,2,multi_gold,rect,0.0,0.0,0.0,0.0,0.0,0.0,0.0,0.0,0.0,0.0,0.0,0.0,0.0,0.0,0.0,0.0,0.0,0.0,0.0,0.0,0.0,0.0,0.0,0.0,0.0,0.0,1.0,1.0,0.3333333333333333,0.6666666666666666,1.0,0.8,1.0,1.0,0.3333333333333333,1.0,1.0,0.8666666666666666,0.8822815474773081
nvbench2:test:335,335,gemma3:27b,direct,55,0.0,1.0,4,1,1.0,1.0,0.0,9.752624400076456,4,4,multi_gold,arc,0.0,0.0,0.0,0.0,0.0,0.0,0.0,0.0,0.0,0.0,0.0,0.0,0.0,0.0,0.0,0.0,0.0,0.0,0.0,0.0,0.0,0.0,0.0,0.0,0.0,0.0,1.0,1.0,0.5,0.6666666666666666,1.0,0.8333333333333334,1.0,1.0,0.5,0.6666666666666666,1.0,0.8333333333333334,0.39584760599849744
nvbench2:test:341,341,gemma3:27b,direct,55,0.0,1.0,4,4,1.0,1.0,1.0,10.41596989997197,5,5,multi_gold,rect,0.0,0.0,0.0,0.0,0.0,0.0,0.0,0.0,0.0,0.0,0.0,0.0,0.0,0.0,0.0,0.0,0.0,0.0,0.0,0.0,0.0,0.0,0.0,0.0,0.0,0.0,1.0,1.0,0.3333333333333333,0.0,1.0,0.6666666666666667,1.0,1.0,0.3333333333333333,0.0,1.0,0.6666666666666667,0.5103310514138808
nvbench2:test:344,344,gemma3:27b,direct,55,0.0,1.0,3,0,1.0,0.0,0.0,28.685843599960208,5,5,multi_gold,rect,0.0,0.0,0.0,0.0,0.0,0.0,0.0,0.0,0.0,0.0,0.0,0.0,0.0,0.0,0.0,0.0,0.0,0.0,0.0,0.0,0.0,0.0,0.0,0.0,0.0,0.0,1.0,0.4,0.0,1.0,0.0,0.48,1.0,0.4,0.0,1.0,0.0,0.48,0.1338813429098633
nvbench2:test:349,349,gemma3:27b,direct,55,0.0,1.0,5,2,1.0,1.0,0.0,12.231095899944194,4,4,multi_gold,arc,0.0,0.0,0.0,0.0,0.0,0.0,0.0,0.0,0.0,0.0,0.0,0.0,0.0,0.0,0.0,0.0,0.0,0.0,0.0,0.0,0.0,0.0,0.0,0.0,0.0,0.0,1.0,1.0,1.0,0.0,1.0,0.8,1.0,1.0,1.0,0.0,1.0,0.8,0.6639582769265183
nvbench2:test:351,351,gemma3:27b,direct,55,0.0,1.0,5,2,1.0,1.0,0.0,7.946121700108051,2,2,multi_gold,boxplot,0.0,0.0,0.0,0.0,0.0,0.0,0.0,0.0,0.0,0.0,0.0,0.0,0.0,0.0,0.0,0.0,0.0,0.0,0.0,0.0,0.0,0.0,0.0,0.0,0.0,0.0,1.0,0.6666666666666666,0.6666666666666666,1.0,1.0,0.8666666666666666,1.0,0.6666666666666666,0.6666666666666666,1.0,1.0,0.8666666666666666,1.2227822777553317
nvbench2:test:355,355,gemma3:27b,direct,55,0.0,1.0,5,3,1.0,1.0,0.0,25.50015540001914,4,4,multi_gold,rect,0.0,0.0,0.0,0.0,0.0,0.0,0.0,0.0,0.0,0.0,0.0,0.0,0.0,0.0,0.0,0.0,0.0,0.0,0.0,0.0,0.0,0.0,0.0,0.0,0.0,0.0,1.0,1.0,1.0,0.6666666666666666,1.0,0.9333333333333333,1.0,1.0,1.0,0.6666666666666666,1.0,0.9333333333333333,0.608976042216877
nvbench2:test:365,365,gemma3:27b,direct,55,0.0,1.0,4,2,1.0,1.0,0.0,39.613511799951084,2,2,multi_gold,point,0.0,0.0,0.0,0.0,0.0,0.0,0.0,0.0,0.0,0.0,0.0,0.0,0.0,0.0,0.0,0.0,0.0,0.0,0.0,0.0,0.0,0.0,0.0,0.0,0.0,0.0,0.0,0.8,0.0,0.0,0.0,0.16,0.0,0.8,0.4,0.0,0.0,0.24000000000000005,0.22056910150866557
nvbench2:test:366,366,gemma3:27b,direct,55,0.0,1.0,2,1,1.0,1.0,0.0,4.604704699944705,5,5,multi_gold,boxplot,0.5,0.0,0.0,0.0,0.0,1.0,0.2,0.5,0.28571428571428575,1.0,0.2,0.5,0.28571428571428575,1.0,1.0,0.2,1.0,0.33333333333333337,1.0,0.2,1.0,0.33333333333333337,1.0,0.2,1.0,0.33333333333333337,1.0,1.0,1.0,0.0,1.0,0.8,1.0,1.0,1.0,1.0,1.0,1.0,0.4653382749580626
nvbench2:test:376,376,gemma3:27b,direct,55,0.0,1.0,3,0,1.0,0.0,0.0,10.907577299978584,4,4,multi_gold,rect,0.0,0.0,0.0,0.0,0.0,0.0,0.0,0.0,0.0,0.0,0.0,0.0,0.0,0.0,0.0,0.0,0.0,0.0,0.0,0.0,0.0,0.0,0.0,0.0,0.0,0.0,1.0,1.0,0.6666666666666666,1.0,0.0,0.7333333333333333,1.0,1.0,0.6666666666666666,1.0,0.0,0.7333333333333333,0.4386235772681172
nvbench2:test:377,377,gemma3:27b,direct,55,0.0,1.0,1,0,1.0,0.0,0.0,20.25742150004953,4,4,multi_gold,rect,0.0,0.0,0.0,0.0,0.0,0.0,0.0,0.0,0.0,0.0,0.0,0.0,0.0,0.0,0.0,0.0,0.0,0.0,0.0,0.0,0.0,0.0,0.0,0.0,0.0,0.0,1.0,0.5,0.0,1.0,0.0,0.5,1.0,0.5,0.0,1.0,0.0,0.5,0.16170071118661541
nvbench2:test:384,384,gemma3:27b,direct,55,0.0,1.0,2,0,1.0,0.0,0.0,5.87812699994538,3,3,multi_gold,arc,0.0,0.0,0.0,0.0,0.0,0.0,0.0,0.0,0.0,0.0,0.0,0.0,0.0,0.0,0.0,0.0,0.0,0.0,0.0,0.0,0.0,0.0,0.0,0.0,0.0,0.0,1.0,1.0,0.5,0.6666666666666666,1.0,0.8333333333333334,1.0,1.0,0.5,0.6666666666666666,1.0,0.8333333333333334,0.5983569838278514
nvbench2:test:385,385,gemma3:27b,direct,55,0.0,1.0,3,0,1.0,0.0,0.0,7.706755899940617,3,3,multi_gold,arc,0.0,0.0,0.0,0.0,0.0,0.0,0.0,0.0,0.0,0.0,0.0,0.0,0.0,0.0,0.0,0.0,0.0,0.0,0.0,0.0,0.0,0.0,0.0,0.0,0.0,0.0,1.0,1.0,0.5,0.6666666666666666,1.0,0.8333333333333334,1.0,1.0,0.5,0.6666666666666666,1.0,0.8333333333333334,0.44579828530800075
nvbench2:test:388,388,gemma3:27b,direct,55,0.0,1.0,5,2,1.0,1.0,0.0,11.637022800045088,5,5,multi_gold,bar+line+rect,0.0,0.0,0.0,0.0,0.0,0.0,0.0,0.0,0.0,0.0,0.0,0.0,0.0,0.0,0.0,0.0,0.0,0.0,0.0,0.0,0.0,0.0,0.0,0.0,0.0,0.0,0.0,0.8,0.4,0.6666666666666666,1.0,0.5733333333333334,1.0,0.8,0.4,0.6666666666666666,1.0,0.7733333333333333,0.5362711275535796
nvbench2:test:392,392,gemma3:27b,direct,55,0.0,1.0,5,0,1.0,0.0,0.0,11.422989400103688,4,4,multi_gold,rect,0.0,0.0,0.0,0.0,0.0,0.0,0.0,0.0,0.0,0.0,0.0,0.0,0.0,0.0,0.0,0.0,0.0,0.0,0.0,0.0,0.0,0.0,0.0,0.0,0.0,0.0,0.0,0.8,0.4,0.0,1.0,0.44000000000000006,0.0,0.8,0.4,0.0,1.0,0.44000000000000006,0.3781508551939088
nvbench2:test:395,395,gemma3:27b,direct,55,0.0,1.0,3,0,1.0,0.0,0.0,11.082938199979253,2,2,multi_gold,rect,0.0,0.0,0.0,0.0,0.0,0.0,0.0,0.0,0.0,0.0,0.0,0.0,0.0,0.0,0.0,0.0,0.0,0.0,0.0,0.0,0.0,0.0,0.0,0.0,0.0,0.0,1.0,0.8,0.8,0.0,1.0,0.72,1.0,0.8,0.8,0.0,1.0,0.72,0.6515855503164099
nvbench2:test:406,406,gemma3:27b,direct,55,0.0,1.0,4,1,1.0,1.0,0.0,9.102407699916512,2,2,multi_gold,bar,0.0,0.0,0.0,0.0,0.0,0.0,0.0,0.0,0.0,0.0,0.0,0.0,0.0,0.0,0.0,0.0,0.0,0.0,0.0,0.0,0.0,0.0,0.0,0.0,0.0,0.0,1.0,0.8,0.4,0.0,1.0,0.64,1.0,0.8,0.4,1.0,1.0,0.8400000000000001,0.9124924099058256
nvbench2:test:426,426,gemma3:27b,direct,55,0.0,1.0,5,1,1.0,1.0,0.0,11.534111100016162,5,5,multi_gold,arc,0.0,0.0,0.0,0.0,0.0,0.0,0.0,0.0,0.0,0.0,0.0,0.0,0.0,0.0,0.0,0.0,0.0,0.0,0.0,0.0,0.0,0.0,0.0,0.0,0.0,0.0,1.0,1.0,0.5,0.6666666666666666,1.0,0.8333333333333334,1.0,1.0,0.5,0.6666666666666666,1.0,0.8333333333333334,0.3634203693637334
nvbench2:test:430,430,gemma3:27b,direct,55,0.0,1.0,5,2,1.0,1.0,0.0,13.354592000017874,2,2,multi_gold,bar,0.0,0.0,0.0,0.0,0.0,0.0,0.0,0.0,0.0,0.0,0.0,0.0,0.0,0.0,0.0,0.0,0.0,0.0,0.0,0.0,0.0,0.0,0.0,0.0,0.0,0.0,1.0,0.8,0.8,0.0,0.0,0.52,1.0,1.0,1.0,1.0,0.0,0.8,0.975929741386983
nvbench2:test:432,432,gemma3:27b,direct,55,0.0,1.0,3,1,1.0,1.0,0.0,8.599921499961056,5,5,multi_gold,bar+line+rect,0.0,0.0,0.0,0.0,0.0,0.0,0.0,0.0,0.0,0.0,0.0,0.0,0.0,0.0,0.0,0.0,0.0,0.0,0.0,0.0,0.0,0.0,0.0,0.0,0.0,0.0,1.0,0.8,0.4,1.0,0.0,0.64,1.0,0.8,0.4,1.0,0.0,0.64,0.36301998788316503
nvbench2:test:434,434,gemma3:27b,direct,55,0.0,1.0,4,3,1.0,1.0,0.0,8.254266700008884,5,5,multi_gold,arc,1.0,1.0,0.2,1.0,0.33333333333333337,1.0,0.2,0.3333333333333333,0.25,1.0,0.2,0.25,0.22222222222222224,1.0,1.0,0.2,1.0,0.33333333333333337,1.0,0.2,0.3333333333333333,0.25,1.0,0.2,0.3333333333333333,0.25,1.0,1.0,1.0,1.0,1.0,1.0,1.0,1.0,1.0,1.0,1.0,1.0,0.43759544629362357
nvbench2:test:435,435,gemma3:27b,direct,55,0.0,1.0,5,1,1.0,1.0,0.0,11.626792100025341,4,4,multi_gold,rect,0.0,0.0,0.0,0.0,0.0,0.0,0.0,0.0,0.0,0.0,0.0,0.0,0.0,0.0,0.0,0.0,0.0,0.0,0.0,0.0,0.0,0.0,0.0,0.0,0.0,0.0,1.0,1.0,0.3333333333333333,0.0,1.0,0.6666666666666667,1.0,1.0,0.3333333333333333,0.0,1.0,0.6666666666666667,0.4448946043818231
nvbench2:test:443,443,gemma3:27b,direct,55,0.0,1.0,5,3,1.0,1.0,0.0,11.503612600034103,2,2,multi_gold,arc,0.0,0.0,0.0,0.0,0.0,0.0,0.0,0.0,0.0,0.0,0.0,0.0,0.0,0.0,0.0,0.0,0.0,0.0,0.0,0.0,0.0,0.0,0.0,0.0,0.0,0.0,1.0,1.0,0.5,0.6666666666666666,0.0,0.6333333333333333,1.0,1.0,0.5,0.6666666666666666,0.0,0.6333333333333333,0.36890465787838495
nvbench2:test:446,446,gemma3:27b,direct,55,0.0,1.0,5,3,1.0,1.0,0.0,19.256814900087193,2,2,multi_gold,arc,0.0,0.0,0.0,0.0,0.0,0.0,0.0,0.0,0.0,0.0,0.0,0.0,0.0,0.0,0.0,0.0,0.0,0.0,0.0,0.0,0.0,0.0,0.0,0.0,0.0,0.0,1.0,1.0,1.0,1.0,0.0,0.8,1.0,1.0,1.0,1.0,0.0,0.8,0.48967498502320916
nvbench2:test:454,454,gemma3:27b,direct,55,0.0,1.0,3,0,1.0,0.0,0.0,7.956878699944355,2,2,multi_gold,arc,0.0,0.0,0.0,0.0,0.0,0.0,0.0,0.0,0.0,0.0,0.0,0.0,0.0,0.0,0.0,0.0,0.0,0.0,0.0,0.0,0.0,0.0,0.0,0.0,0.0,0.0,1.0,1.0,0.5,0.0,1.0,0.7,1.0,1.0,0.5,0.0,1.0,0.7,0.48602472604962427
nvbench2:test:461,461,gemma3:27b,direct,55,0.0,1.0,3,3,1.0,1.0,1.0,8.713089600089006,3,3,multi_gold,rect,1.0,1.0,0.3333333333333333,1.0,0.5,1.0,0.3333333333333333,0.3333333333333333,0.3333333333333333,1.0,0.3333333333333333,0.3333333333333333,0.3333333333333333,1.0,1.0,0.3333333333333333,1.0,0.5,1.0,0.3333333333333333,0.3333333333333333,0.3333333333333333,1.0,0.3333333333333333,0.3333333333333333,0.3333333333333333,1.0,1.0,1.0,1.0,1.0,1.0,1.0,1.0,1.0,1.0,1.0,1.0,0.9418326391621231
nvbench2:test:466,466,gemma3:27b,direct,55,0.0,1.0,4,0,1.0,0.0,0.0,12.907732600113377,2,2,multi_gold,rect,0.0,0.0,0.0,0.0,0.0,0.0,0.0,0.0,0.0,0.0,0.0,0.0,0.0,0.0,0.0,0.0,0.0,0.0,0.0,0.0,0.0,0.0,0.0,0.0,0.0,0.0,1.0,1.0,0.3333333333333333,0.0,1.0,0.6666666666666667,1.0,1.0,0.3333333333333333,0.0,1.0,0.6666666666666667,0.8053364742841881
nvbench2:test:471,471,gemma3:27b,direct,55,0.0,1.0,4,0,1.0,0.0,0.0,10.12374730000738,5,5,multi_gold,line,0.0,0.0,0.0,0.0,0.0,0.0,0.0,0.0,0.0,0.0,0.0,0.0,0.0,0.0,0.0,0.0,0.0,0.0,0.0,0.0,0.0,0.0,0.0,0.0,0.0,0.0,1.0,1.0,0.5,0.6666666666666666,1.0,0.8333333333333334,1.0,1.0,0.5,1.0,1.0,0.9,0.6211799307243873
nvbench2:test:479,479,gemma3:27b,direct,55,0.0,1.0,3,1,1.0,1.0,0.0,8.183045099955052,2,2,multi_gold,bar+line,0.0,0.0,0.0,0.0,0.0,0.0,0.0,0.0,0.0,0.0,0.0,0.0,0.0,0.0,0.0,0.0,0.0,0.0,0.0,0.0,0.0,0.0,0.0,0.0,0.0,0.0,1.0,0.8,0.4,0.5,1.0,0.74,1.0,0.8,0.4,0.5,1.0,0.74,0.6581952905506404
nvbench2:test:483,483,gemma3:27b,direct,55,0.0,1.0,3,0,1.0,0.0,0.0,7.442941999994218,2,2,multi_gold,arc,0.0,0.0,0.0,0.0,0.0,0.0,0.0,0.0,0.0,0.0,0.0,0.0,0.0,0.0,0.0,0.0,0.0,0.0,0.0,0.0,0.0,0.0,0.0,0.0,0.0,0.0,1.0,1.0,0.5,0.6666666666666666,1.0,0.8333333333333334,1.0,1.0,0.5,0.6666666666666666,1.0,0.8333333333333334,0.5824682688961286
nvbench2:test:486,486,gemma3:27b,direct,55,0.0,1.0,3,3,1.0,1.0,1.0,8.383145999978296,2,2,multi_gold,rect,0.0,0.0,0.0,0.0,0.0,0.0,0.0,0.0,0.0,0.0,0.0,0.0,0.0,0.0,0.0,0.0,0.0,0.0,0.0,0.0,0.0,0.0,0.0,0.0,0.0,0.0,1.0,1.0,1.0,0.4,1.0,0.8800000000000001,1.0,1.0,1.0,0.6666666666666666,1.0,0.9333333333333333,1.132700222605945
nvbench2:test:489,489,gemma3:27b,direct,55,0.0,1.0,3,0,1.0,0.0,0.0,7.059306099894457,2,2,multi_gold,arc,0.0,0.0,0.0,0.0,0.0,0.0,0.0,0.0,0.0,0.0,0.0,0.0,0.0,0.0,0.0,0.0,0.0,0.0,0.0,0.0,0.0,0.0,0.0,0.0,0.0,0.0,1.0,1.0,0.5,0.0,1.0,0.7,1.0,1.0,0.5,0.0,1.0,0.7,0.48602472604962427
nvbench2:test:492,492,gemma3:27b,direct,55,0.0,1.0,4,4,1.0,1.0,1.0,9.91073929995764,2,2,multi_gold,rect,0.0,0.0,0.0,0.0,0.0,0.0,0.0,0.0,0.0,0.0,0.0,0.0,0.0,0.0,0.0,0.0,0.0,0.0,0.0,0.0,0.0,0.0,0.0,0.0,0.0,0.0,1.0,1.0,0.6666666666666666,0.5,1.0,0.8333333333333334,1.0,1.0,0.6666666666666666,0.5,1.0,0.8333333333333334,0.9659666520898433
nvbench2:test:505,505,gemma3:27b,direct,55,0.0,1.0,5,1,1.0,1.0,0.0,11.833577900077216,2,2,multi_gold,bar,0.0,0.0,0.0,0.0,0.0,0.0,0.0,0.0,0.0,0.0,0.0,0.0,0.0,0.0,0.0,0.0,0.0,0.0,0.0,0.0,0.0,0.0,0.0,0.0,0.0,0.0,1.0,0.8,0.4,0.0,0.0,0.44000000000000006,1.0,0.8,0.4,0.0,0.0,0.44000000000000006,0.5452824543482753
nvbench2:test:508,508,gemma3:27b,direct,55,0.0,1.0,5,0,1.0,0.0,0.0,10.523200400057249,2,2,multi_gold,arc,0.0,0.0,0.0,0.0,0.0,0.0,0.0,0.0,0.0,0.0,0.0,0.0,0.0,0.0,0.0,0.0,0.0,0.0,0.0,0.0,0.0,0.0,0.0,0.0,0.0,0.0,1.0,0.6666666666666666,0.0,1.0,1.0,0.7333333333333333,1.0,0.6666666666666666,0.0,1.0,1.0,0.7333333333333333,0.7826001868847656
nvbench2:test:519,519,gemma3:27b,direct,55,0.0,1.0,4,3,1.0,1.0,0.0,8.516677199979313,3,3,multi_gold,boxplot,0.0,0.0,0.0,0.0,0.0,0.0,0.0,0.0,0.0,0.0,0.0,0.0,0.0,0.0,0.0,0.0,0.0,0.0,0.0,0.0,0.0,0.0,0.0,0.0,0.0,0.0,1.0,0.6666666666666666,0.0,1.0,1.0,0.7333333333333333,1.0,0.6666666666666666,0.0,1.0,1.0,0.7333333333333333,0.7143436559172411
nvbench2:test:524,524,gemma3:27b,direct,55,0.0,1.0,3,0,1.0,0.0,0.0,7.534876900026575,5,5,multi_gold,bar+line+rect,0.0,0.0,0.0,0.0,0.0,0.0,0.0,0.0,0.0,0.0,0.0,0.0,0.0,0.0,0.0,0.0,0.0,0.0,0.0,0.0,0.0,0.0,0.0,0.0,0.0,0.0,1.0,0.8,0.8,0.6666666666666666,1.0,0.8533333333333333,1.0,0.8,0.8,0.6666666666666666,1.0,0.8533333333333333,0.555956080936505
nvbench2:test:526,526,gemma3:27b,direct,55,0.0,1.0,5,0,1.0,0.0,0.0,24.68611529993359,2,2,multi_gold,arc,0.0,0.0,0.0,0.0,0.0,0.0,0.0,0.0,0.0,0.0,0.0,0.0,0.0,0.0,0.0,0.0,0.0,0.0,0.0,0.0,0.0,0.0,0.0,0.0,0.0,0.0,1.0,1.0,0.5,0.6666666666666666,0.0,0.6333333333333333,1.0,1.0,0.5,0.6666666666666666,0.0,0.6333333333333333,0.5789650027217218
nvbench2:test:531,531,gemma3:27b,direct,55,0.0,1.0,5,0,1.0,0.0,0.0,20.930708899977617,3,3,multi_gold,line,0.0,0.0,0.0,0.0,0.0,0.0,0.0,0.0,0.0,0.0,0.0,0.0,0.0,0.0,0.0,0.0,0.0,0.0,0.0,0.0,0.0,0.0,0.0,0.0,0.0,0.0,1.0,1.0,0.5,0.6666666666666666,0.0,0.6333333333333333,1.0,1.0,0.5,0.6666666666666666,0.0,0.6333333333333333,0.6308569325799156
nvbench2:test:532,532,gemma3:27b,direct,55,0.0,1.0,3,0,1.0,0.0,0.0,7.16414959996473,3,3,multi_gold,arc+bar+line,0.0,0.0,0.0,0.0,0.0,0.0,0.0,0.0,0.0,0.0,0.0,0.0,0.0,0.0,0.0,0.0,0.0,0.0,0.0,0.0,0.0,0.0,0.0,0.0,0.0,0.0,1.0,1.0,0.5,0.6666666666666666,1.0,0.8333333333333334,1.0,1.0,0.5,1.0,1.0,0.9,0.8265205467908365
nvbench2:test:535,535,gemma3:27b,direct,55,0.0,1.0,4,2,1.0,1.0,0.0,9.940770299988799,3,3,multi_gold,line,0.0,0.0,0.0,0.0,0.0,0.0,0.0,0.0,0.0,0.0,0.0,0.0,0.0,0.0,0.0,0.0,0.0,0.0,0.0,0.0,0.0,0.0,0.0,0.0,0.0,0.0,1.0,1.0,0.5,0.6666666666666666,0.0,0.6333333333333333,1.0,1.0,0.5,0.6666666666666666,0.0,0.6333333333333333,0.5062795837211799
nvbench2:test:545,545,gemma3:27b,direct,55,0.0,1.0,4,1,1.0,1.0,0.0,13.326065599918365,2,2,multi_gold,rect,0.0,0.0,0.0,0.0,0.0,0.0,0.0,0.0,0.0,0.0,0.0,0.0,0.0,0.0,0.0,0.0,0.0,0.0,0.0,0.0,0.0,0.0,0.0,0.0,0.0,0.0,1.0,1.0,0.3333333333333333,0.0,1.0,0.6666666666666667,1.0,1.0,0.3333333333333333,0.0,1.0,0.6666666666666667,0.8053364742841881
nvbench2:test:546,546,gemma3:27b,direct,55,0.0,1.0,3,0,1.0,0.0,0.0,8.531877899891697,3,3,multi_gold,arc,0.0,0.0,0.0,0.0,0.0,0.0,0.0,0.0,0.0,0.0,0.0,0.0,0.0,0.0,0.0,0.0,0.0,0.0,0.0,0.0,0.0,0.0,0.0,0.0,0.0,0.0,1.0,1.0,0.5,0.6666666666666666,1.0,0.8333333333333334,1.0,1.0,0.5,0.6666666666666666,1.0,0.8333333333333334,0.7817974362806784
nvbench2:test:547,547,gemma3:27b,direct,55,0.0,1.0,4,1,1.0,1.0,0.0,12.24903579999227,4,3,multi_gold,rect,0.5,0.0,0.0,0.0,0.0,1.0,0.3333333333333333,0.3333333333333333,0.3333333333333333,1.0,0.3333333333333333,0.25,0.28571428571428575,1.0,1.0,0.3333333333333333,1.0,0.5,1.0,0.3333333333333333,1.0,0.5,1.0,0.3333333333333333,1.0,0.5,1.0,1.0,1.0,0.5,1.0,0.9,1.0,1.0,1.0,1.0,1.0,1.0,1.0998093998682996
nvbench2:test:551,551,gemma3:27b,direct,55,0.0,1.0,4,0,1.0,0.0,0.0,7.694494299939834,3,3,multi_gold,line,0.0,0.0,0.0,0.0,0.0,0.0,0.0,0.0,0.0,0.0,0.0,0.0,0.0,0.0,0.0,0.0,0.0,0.0,0.0,0.0,0.0,0.0,0.0,0.0,0.0,0.0,0.0,0.6666666666666666,0.6666666666666666,0.0,0.0,0.26666666666666666,1.0,0.6666666666666666,0.6666666666666666,0.0,0.0,0.4666666666666666,0.30781820893626355
nvbench2:test:552,552,gemma3:27b,direct,55,0.0,1.0,3,0,1.0,0.0,0.0,7.673970200004987,2,2,multi_gold,arc,0.0,0.0,0.0,0.0,0.0,0.0,0.0,0.0,0.0,0.0,0.0,0.0,0.0,0.0,0.0,0.0,0.0,0.0,0.0,0.0,0.0,0.0,0.0,0.0,0.0,0.0,1.0,1.0,0.5,0.6666666666666666,1.0,0.8333333333333334,1.0,1.0,0.5,0.6666666666666666,1.0,0.8333333333333334,0.5824682688961286
nvbench2:test:553,553,gemma3:27b,direct,55,0.0,1.0,4,0,1.0,0.0,0.0,11.160696199978702,3,3,multi_gold,bar,0.0,0.0,0.0,0.0,0.0,0.0,0.0,0.0,0.0,0.0,0.0,0.0,0.0,0.0,0.0,0.0,0.0,0.0,0.0,0.0,0.0,0.0,0.0,0.0,0.0,0.0,1.0,1.0,0.5,0.0,1.0,0.7,1.0,1.0,0.5,1.0,1.0,0.9,0.8088691164340363
nvbench2:test:554,554,gemma3:27b,direct,55,0.0,1.0,4,0,1.0,0.0,0.0,10.457233499968424,2,2,multi_gold,arc,0.0,0.0,0.0,0.0,0.0,0.0,0.0,0.0,0.0,0.0,0.0,0.0,0.0,0.0,0.0,0.0,0.0,0.0,0.0,0.0,0.0,0.0,0.0,0.0,0.0,0.0,1.0,1.0,0.5,1.0,1.0,0.9,1.0,1.0,0.5,1.0,1.0,0.9,0.6734037872343418
nvbench2:test:556,556,gemma3:27b,direct,55,0.0,1.0,1,0,1.0,0.0,0.0,5.271564200054854,2,1,single_gold,rect,0.0,0.0,0.0,0.0,0.0,0.0,0.0,0.0,0.0,0.0,0.0,0.0,0.0,0.0,0.0,0.0,0.0,0.0,0.0,0.0,0.0,0.0,0.0,0.0,0.0,0.0,1.0,0.0,0.0,0.0,1.0,0.4,1.0,0.0,0.0,0.0,1.0,0.4,0.3195079107728942
nvbench2:test:558,558,gemma3:27b,direct,55,0.0,1.0,5,1,1.0,1.0,0.0,13.386043400038034,2,2,multi_gold,arc,0.0,0.0,0.0,0.0,0.0,0.0,0.0,0.0,0.0,0.0,0.0,0.0,0.0,0.0,0.0,0.0,0.0,0.0,0.0,0.0,0.0,0.0,0.0,0.0,0.0,0.0,0.0,0.0,0.0,0.0,0.0,0.0,0.0,0.5,0.5,0.0,0.0,0.2,0.09679087149546116
nvbench2:test:561,561,gemma3:27b,direct,55,0.0,1.0,3,0,1.0,0.0,0.0,6.744909300003201,5,5,multi_gold,line,0.0,0.0,0.0,0.0,0.0,0.0,0.0,0.0,0.0,0.0,0.0,0.0,0.0,0.0,0.0,0.0,0.0,0.0,0.0,0.0,0.0,0.0,0.0,0.0,0.0,0.0,1.0,1.0,0.5,0.0,1.0,0.7,1.0,1.0,0.5,0.0,1.0,0.7,0.370685565126107
nvbench2:test:566,566,gemma3:27b,direct,55,0.0,1.0,1,0,1.0,0.0,0.0,2.12977050000336,4,4,multi_gold,boxplot,0.0,0.0,0.0,0.0,0.0,0.0,0.0,0.0,0.0,0.0,0.0,0.0,0.0,0.0,0.0,0.0,0.0,0.0,0.0,0.0,0.0,0.0,0.0,0.0,0.0,0.0,1.0,0.0,0.0,1.0,1.0,0.6,1.0,0.0,0.0,1.0,1.0,0.6,0.2013254590160842
nvbench2:test:574,574,gemma3:27b,direct,55,0.0,1.0,4,4,1.0,1.0,1.0,8.874262500088662,5,5,multi_gold,bar,0.0,0.0,0.0,0.0,0.0,0.0,0.0,0.0,0.0,0.0,0.0,0.0,0.0,0.0,0.0,0.0,0.0,0.0,0.0,0.0,0.0,0.0,0.0,0.0,0.0,0.0,1.0,0.8,0.8,1.0,1.0,0.9199999999999999,1.0,0.8,0.8,1.0,1.0,0.9199999999999999,0.6103238564531099
nvbench2:test:577,577,gemma3:27b,direct,55,0.0,1.0,4,2,1.0,1.0,0.0,10.13839320000261,5,5,multi_gold,line,0.0,0.0,0.0,0.0,0.0,0.0,0.0,0.0,0.0,0.0,0.0,0.0,0.0,0.0,0.0,0.0,0.0,0.0,0.0,0.0,0.0,0.0,0.0,0.0,0.0,0.0,1.0,1.0,0.5,0.0,1.0,0.7,1.0,1.0,0.5,0.0,1.0,0.7,0.4668502650889859
nvbench2:test:578,578,gemma3:27b,direct,55,0.0,1.0,3,0,1.0,0.0,0.0,8.07568790006917,3,3,multi_gold,arc,0.0,0.0,0.0,0.0,0.0,0.0,0.0,0.0,0.0,0.0,0.0,0.0,0.0,0.0,0.0,0.0,0.0,0.0,0.0,0.0,0.0,0.0,0.0,0.0,0.0,0.0,1.0,1.0,0.5,0.6666666666666666,1.0,0.8333333333333334,1.0,1.0,0.5,0.6666666666666666,1.0,0.8333333333333334,0.44579828530800075
nvbench2:test:583,583,gemma3:27b,direct,55,0.0,1.0,3,2,1.0,1.0,0.0,10.601100599975325,4,4,multi_gold,rect,0.0,0.0,0.0,0.0,0.0,0.0,0.0,0.0,0.0,0.0,0.0,0.0,0.0,0.0,0.0,0.0,0.0,0.0,0.0,0.0,0.0,0.0,0.0,0.0,0.0,0.0,1.0,1.0,0.6666666666666666,0.0,1.0,0.7333333333333333,1.0,1.0,0.6666666666666666,0.6666666666666666,1.0,0.8666666666666666,0.5825149487000743
nvbench2:test:589,589,gemma3:27b,direct,55,0.0,1.0,5,3,1.0,1.0,0.0,10.048024200019427,2,2,multi_gold,arc,1.0,1.0,0.5,1.0,0.6666666666666666,1.0,0.5,0.3333333333333333,0.4,1.0,0.5,0.2,0.28571428571428575,1.0,1.0,0.5,1.0,0.6666666666666666,1.0,0.5,0.3333333333333333,0.4,1.0,0.5,0.3333333333333333,0.4,1.0,1.0,1.0,1.0,1.0,1.0,1.0,1.0,1.0,1.0,1.0,1.0,0.8668888485997711
nvbench2:test:609,609,gemma3:27b,direct,55,0.0,1.0,4,4,1.0,1.0,1.0,9.191167499986477,2,2,multi_gold,point,0.0,0.0,0.0,0.0,0.0,0.0,0.0,0.0,0.0,0.0,0.0,0.0,0.0,0.0,0.0,0.0,0.0,0.0,0.0,0.0,0.0,0.0,0.0,0.0,0.0,0.0,0.0,1.0,1.0,0.0,1.0,0.6,0.0,1.0,1.0,1.0,1.0,0.8,0.8971966042926132
nvbench2:test:610,610,gemma3:27b,direct,55,0.0,1.0,2,2,1.0,1.0,1.0,5.121493200073019,2,2,multi_gold,bar,0.0,0.0,0.0,0.0,0.0,0.0,0.0,0.0,0.0,0.0,0.0,0.0,0.0,0.0,0.0,0.0,0.0,0.0,0.0,0.0,0.0,0.0,0.0,0.0,0.0,0.0,1.0,1.0,0.0,0.6666666666666666,1.0,0.7333333333333333,1.0,1.0,0.0,1.0,1.0,0.8,0.6928922235818662
nvbench2:test:611,611,gemma3:27b,direct,55,0.0,1.0,5,1,1.0,1.0,0.0,11.70802050002385,2,2,multi_gold,bar+line,0.0,0.0,0.0,0.0,0.0,0.0,0.0,0.0,0.0,0.0,0.0,0.0,0.0,0.0,0.0,0.0,0.0,0.0,0.0,0.0,0.0,0.0,0.0,0.0,0.0,0.0,1.0,1.0,0.0,0.5,1.0,0.7,1.0,1.0,1.0,0.0,1.0,0.8,0.9456887815440517
nvbench2:test:622,622,gemma3:27b,direct,55,0.0,1.0,5,3,1.0,1.0,0.0,13.260917000006884,4,4,multi_gold,line,0.0,0.0,0.0,0.0,0.0,0.0,0.0,0.0,0.0,0.0,0.0,0.0,0.0,0.0,0.0,0.0,0.0,0.0,0.0,0.0,0.0,0.0,0.0,0.0,0.0,0.0,1.0,0.8,0.8,0.0,0.0,0.52,1.0,0.8,0.8,0.0,0.0,0.52,0.34545088594329254
nvbench2:test:623,623,gemma3:27b,direct,55,0.0,1.0,4,2,1.0,1.0,0.0,13.170802699984051,2,2,multi_gold,arc,0.0,0.0,0.0,0.0,0.0,0.0,0.0,0.0,0.0,0.0,0.0,0.0,0.0,0.0,0.0,0.0,0.0,0.0,0.0,0.0,0.0,0.0,0.0,0.0,0.0,0.0,1.0,1.0,1.0,0.5,1.0,0.9,1.0,1.0,1.0,0.6666666666666666,1.0,0.9333333333333333,0.9677929138121927
nvbench2:test:634,634,gemma3:27b,direct,55,0.0,1.0,4,0,1.0,0.0,0.0,12.278521600062959,2,2,multi_gold,boxplot,0.0,0.0,0.0,0.0,0.0,0.0,0.0,0.0,0.0,0.0,0.0,0.0,0.0,0.0,0.0,0.0,0.0,0.0,0.0,0.0,0.0,0.0,0.0,0.0,0.0,0.0,1.0,1.0,0.0,0.0,0.0,0.4,1.0,1.0,0.0,0.0,0.0,0.4,0.5018324541961615
nvbench2:test:636,636,gemma3:27b,direct,55,0.0,1.0,3,0,1.0,0.0,0.0,9.221912799985148,2,2,multi_gold,arc,0.0,0.0,0.0,0.0,0.0,0.0,0.0,0.0,0.0,0.0,0.0,0.0,0.0,0.0,0.0,0.0,0.0,0.0,0.0,0.0,0.0,0.0,0.0,0.0,0.0,0.0,1.0,1.0,0.0,0.0,1.0,0.6,1.0,1.0,0.0,0.0,1.0,0.6,0.41932153054788956
nvbench2:test:637,637,gemma3:27b,direct,55,0.0,1.0,3,0,1.0,0.0,0.0,15.003810100024566,2,2,multi_gold,line,0.0,0.0,0.0,0.0,0.0,0.0,0.0,0.0,0.0,0.0,0.0,0.0,0.0,0.0,0.0,0.0,0.0,0.0,0.0,0.0,0.0,0.0,0.0,0.0,0.0,0.0,1.0,0.6666666666666666,0.3333333333333333,1.0,0.0,0.6,1.0,0.8571428571428571,0.5714285714285715,1.0,0.0,0.6857142857142857,0.6495620757142864
nvbench2:test:642,642,gemma3:27b,direct,55,0.0,1.0,2,0,1.0,0.0,0.0,9.044393200078048,2,2,multi_gold,boxplot,0.0,0.0,0.0,0.0,0.0,0.0,0.0,0.0,0.0,0.0,0.0,0.0,0.0,0.0,0.0,0.0,0.0,0.0,0.0,0.0,0.0,0.0,0.0,0.0,0.0,0.0,1.0,0.6666666666666666,0.0,0.0,0.0,0.3333333333333333,1.0,0.6666666666666666,0.0,0.0,0.0,0.3333333333333333,0.21689423814545358
nvbench2:test:647,647,gemma3:27b,direct,55,0.0,1.0,3,2,1.0,1.0,0.0,30.69528630003333,4,4,multi_gold,bar+line+point,0.0,0.0,0.0,0.0,0.0,0.0,0.0,0.0,0.0,0.0,0.0,0.0,0.0,0.0,0.0,0.0,0.0,0.0,0.0,0.0,0.0,0.0,0.0,0.0,0.0,0.0,1.0,1.0,0.3333333333333333,0.5,0.0,0.5666666666666667,1.0,1.0,1.0,0.6666666666666666,0.0,0.7333333333333333,0.3863082187440834
nvbench2:test:649,649,gemma3:27b,direct,55,0.0,1.0,5,4,1.0,1.0,0.0,12.947945600026287,4,4,multi_gold,rect,0.0,0.0,0.0,0.0,0.0,0.0,0.0,0.0,0.0,0.0,0.0,0.0,0.0,0.0,0.0,0.0,0.0,0.0,0.0,0.0,0.0,0.0,0.0,0.0,0.0,0.0,0.0,0.8,0.0,0.0,0.0,0.16,1.0,1.0,0.3333333333333333,0.0,0.0,0.4666666666666667,0.18911145472215857
nvbench2:test:651,651,gemma3:27b,direct,55,0.0,1.0,5,5,1.0,1.0,1.0,14.173913899925537,3,3,multi_gold,point,0.0,0.0,0.0,0.0,0.0,0.0,0.0,0.0,0.0,0.0,0.0,0.0,0.0,0.0,0.0,0.0,0.0,0.0,0.0,0.0,0.0,0.0,0.0,0.0,0.0,0.0,0.0,0.6666666666666666,0.0,0.0,0.0,0.13333333333333333,0.0,0.6666666666666666,0.3333333333333333,0.0,0.0,0.2,0.14933056787961813
nvbench2:test:658,658,gemma3:27b,direct,55,0.0,1.0,5,4,1.0,1.0,0.0,15.536836700048298,3,3,multi_gold,bar,0.0,0.0,0.0,0.0,0.0,0.0,0.0,0.0,0.0,0.0,0.0,0.0,0.0,0.0,0.0,0.0,0.0,0.0,0.0,0.0,0.0,0.0,0.0,0.0,0.0,0.0,1.0,1.0,1.0,0.5,0.0,0.7,1.0,1.0,1.0,0.6666666666666666,0.0,0.7333333333333333,0.7897468748204961
nvbench2:test:663,663,gemma3:27b,direct,55,0.0,1.0,5,5,1.0,1.0,1.0,14.65456609998364,2,2,multi_gold,point,0.0,0.0,0.0,0.0,0.0,0.0,0.0,0.0,0.0,0.0,0.0,0.0,0.0,0.0,0.0,0.0,0.0,0.0,0.0,0.0,0.0,0.0,0.0,0.0,0.0,0.0,0.0,0.8,0.0,0.0,1.0,0.36,0.0,0.8571428571428571,0.5714285714285715,0.0,1.0,0.48571428571428577,0.5849125481430728
nvbench2:test:665,665,gemma3:27b,direct,55,0.0,1.0,3,3,1.0,1.0,1.0,8.423596699954942,5,5,multi_gold,point,0.0,0.0,0.0,0.0,0.0,0.0,0.0,0.0,0.0,0.0,0.0,0.0,0.0,0.0,0.0,0.0,0.0,0.0,0.0,0.0,0.0,0.0,0.0,0.0,0.0,0.0,1.0,0.6666666666666666,0.0,0.0,1.0,0.5333333333333333,1.0,0.6666666666666666,0.0,0.0,1.0,0.5333333333333333,0.2513928992943726
nvbench2:test:666,666,gemma3:27b,direct,55,0.0,1.0,3,2,1.0,1.0,0.0,6.940072000026703,2,2,multi_gold,arc,0.0,0.0,0.0,0.0,0.0,0.0,0.0,0.0,0.0,0.0,0.0,0.0,0.0,0.0,0.0,0.0,0.0,0.0,0.0,0.0,0.0,0.0,0.0,0.0,0.0,0.0,1.0,1.0,0.0,0.0,1.0,0.6,1.0,1.0,0.0,0.0,1.0,0.6,0.41932153054788956
nvbench2:test:676,676,gemma3:27b,direct,55,0.0,1.0,4,2,1.0,1.0,0.0,10.668606799910776,2,2,multi_gold,line,0.3333333333333333,0.0,0.0,0.0,0.0,1.0,0.5,0.3333333333333333,0.4,1.0,0.5,0.25,0.3333333333333333,0.5,0.0,0.0,0.0,0.0,1.0,0.5,0.5,0.5,1.0,0.5,0.5,0.5,1.0,1.0,0.5,0.5,1.0,0.8,1.0,1.0,1.0,1.0,1.0,1.0,1.1982702870359767
nvbench2:test:677,677,gemma3:27b,direct,55,0.0,1.0,3,0,1.0,0.0,0.0,7.796791899949312,2,2,multi_gold,arc,0.0,0.0,0.0,0.0,0.0,0.0,0.0,0.0,0.0,0.0,0.0,0.0,0.0,0.0,0.0,0.0,0.0,0.0,0.0,0.0,0.0,0.0,0.0,0.0,0.0,0.0,1.0,1.0,0.5,0.0,1.0,0.7,1.0,1.0,0.5,0.0,1.0,0.7,0.48602472604962427
nvbench2:test:685,685,gemma3:27b,direct,55,0.0,1.0,2,0,1.0,0.0,0.0,5.315654999925755,3,3,multi_gold,point,0.0,0.0,0.0,0.0,0.0,0.0,0.0,0.0,0.0,0.0,0.0,0.0,0.0,0.0,0.0,0.0,0.0,0.0,0.0,0.0,0.0,0.0,0.0,0.0,0.0,0.0,0.0,0.6666666666666666,0.0,0.0,1.0,0.3333333333333333,0.0,0.6666666666666666,0.0,0.0,1.0,0.3333333333333333,0.19893334031429144
nvbench2:test:687,687,gemma3:27b,direct,55,0.0,1.0,3,0,1.0,0.0,0.0,4.141234799986705,2,2,multi_gold,boxplot,0.0,0.0,0.0,0.0,0.0,0.0,0.0,0.0,0.0,0.0,0.0,0.0,0.0,0.0,0.0,0.0,0.0,0.0,0.0,0.0,0.0,0.0,0.0,0.0,0.0,0.0,1.0,0.6666666666666666,0.0,1.0,1.0,0.7333333333333333,1.0,0.6666666666666666,0.0,1.0,1.0,0.7333333333333333,0.8655733784430623
nvbench2:test:688,688,gemma3:27b,direct,55,0.0,1.0,5,1,1.0,1.0,0.0,10.443677900009789,2,2,multi_gold,boxplot,0.0,0.0,0.0,0.0,0.0,0.0,0.0,0.0,0.0,0.0,0.0,0.0,0.0,0.0,0.0,0.0,0.0,0.0,0.0,0.0,0.0,0.0,0.0,0.0,0.0,0.0,0.0,0.6666666666666666,0.0,0.0,1.0,0.3333333333333333,1.0,1.0,0.0,1.0,1.0,0.8,0.6493732122722116
nvbench2:test:695,695,gemma3:27b,direct,55,0.0,1.0,4,3,1.0,1.0,0.0,12.77221650001593,2,2,multi_gold,point,0.0,0.0,0.0,0.0,0.0,0.0,0.0,0.0,0.0,0.0,0.0,0.0,0.0,0.0,0.0,0.0,0.0,0.0,0.0,0.0,0.0,0.0,0.0,0.0,0.0,0.0,1.0,0.8571428571428571,0.28571428571428575,0.0,0.0,0.42857142857142855,1.0,0.8571428571428571,0.28571428571428575,0.0,0.0,0.42857142857142855,0.5432852731430602
nvbench2:test:703,703,gemma3:27b,direct,55,0.0,1.0,4,2,1.0,1.0,0.0,8.9960296000354,4,4,multi_gold,arc,0.0,0.0,0.0,0.0,0.0,0.0,0.0,0.0,0.0,0.0,0.0,0.0,0.0,0.0,0.0,0.0,0.0,0.0,0.0,0.0,0.0,0.0,0.0,0.0,0.0,0.0,1.0,1.0,0.5,0.0,0.0,0.5,1.0,1.0,0.5,0.0,0.0,0.5,0.16170071118661541
nvbench2:test:705,705,gemma3:27b,direct,55,0.0,1.0,3,2,1.0,1.0,0.0,6.696492400020361,2,2,multi_gold,arc,0.0,0.0,0.0,0.0,0.0,0.0,0.0,0.0,0.0,0.0,0.0,0.0,0.0,0.0,0.0,0.0,0.0,0.0,0.0,0.0,0.0,0.0,0.0,0.0,0.0,0.0,1.0,1.0,0.5,0.0,1.0,0.7,1.0,1.0,0.5,0.0,1.0,0.7,0.48602472604962427
nvbench2:test:707,707,gemma3:27b,direct,55,0.0,1.0,2,0,1.0,0.0,0.0,9.233882799977437,4,4,multi_gold,arc,0.0,0.0,0.0,0.0,0.0,0.0,0.0,0.0,0.0,0.0,0.0,0.0,0.0,0.0,0.0,0.0,0.0,0.0,0.0,0.0,0.0,0.0,0.0,0.0,0.0,0.0,1.0,0.0,0.0,0.0,1.0,0.4,1.0,0.0,0.0,0.0,1.0,0.4,0.1613542742179812
nvbench2:test:711,711,gemma3:27b,direct,55,0.0,1.0,5,4,1.0,1.0,0.0,8.954383000032976,2,2,multi_gold,boxplot,0.0,0.0,0.0,0.0,0.0,0.0,0.0,0.0,0.0,0.0,0.0,0.0,0.0,0.0,0.0,0.0,0.0,0.0,0.0,0.0,0.0,0.0,0.0,0.0,0.0,0.0,1.0,0.6666666666666666,0.0,1.0,1.0,0.7333333333333333,1.0,1.0,0.0,1.0,1.0,0.8,1.238122234393692
nvbench2:test:727,727,gemma3:27b,direct,55,0.0,1.0,3,2,1.0,1.0,0.0,10.162090199999511,2,2,multi_gold,bar,0.0,0.0,0.0,0.0,0.0,0.0,0.0,0.0,0.0,0.0,0.0,0.0,0.0,0.0,0.0,0.0,0.0,0.0,0.0,0.0,0.0,0.0,0.0,0.0,0.0,0.0,1.0,0.8,0.4,0.6666666666666666,1.0,0.7733333333333333,1.0,0.8,0.4,0.6666666666666666,1.0,0.7733333333333333,0.8220129678526449
nvbench2:test:730,730,gemma3:27b,direct,55,0.0,1.0,5,0,1.0,0.0,0.0,12.204865199979395,3,3,multi_gold,arc,0.0,0.0,0.0,0.0,0.0,0.0,0.0,0.0,0.0,0.0,0.0,0.0,0.0,0.0,0.0,0.0,0.0,0.0,0.0,0.0,0.0,0.0,0.0,0.0,0.0,0.0,0.0,0.0,0.0,0.0,1.0,0.2,0.0,0.0,0.0,0.0,1.0,0.2,0.20574635086799964
nvbench2:test:731,731,gemma3:27b,direct,55,0.0,1.0,5,0,1.0,0.0,0.0,14.282155499910004,2,2,multi_gold,bar,0.0,0.0,0.0,0.0,0.0,0.0,0.0,0.0,0.0,0.0,0.0,0.0,0.0,0.0,0.0,0.0,0.0,0.0,0.0,0.0,0.0,0.0,0.0,0.0,0.0,0.0,1.0,0.8,0.4,0.0,0.0,0.44000000000000006,1.0,0.8,0.4,0.0,0.0,0.44000000000000006,0.6159528266179243
nvbench2:test:732,732,gemma3:27b,direct,55,0.0,1.0,1,0,1.0,0.0,0.0,2.0864142999053,2,2,multi_gold,boxplot,0.0,0.0,0.0,0.0,0.0,0.0,0.0,0.0,0.0,0.0,0.0,0.0,0.0,0.0,0.0,0.0,0.0,0.0,0.0,0.0,0.0,0.0,0.0,0.0,0.0,0.0,1.0,0.6666666666666666,0.6666666666666666,1.0,1.0,0.8666666666666666,1.0,0.6666666666666666,0.6666666666666666,1.0,1.0,0.8666666666666666,0.5048929761157583
nvbench2:test:736,736,gemma3:27b,direct,55,0.0,1.0,3,1,1.0,1.0,0.0,8.312464300077409,3,3,multi_gold,bar,0.0,0.0,0.0,0.0,0.0,0.0,0.0,0.0,0.0,0.0,0.0,0.0,0.0,0.0,0.0,0.0,0.0,0.0,0.0,0.0,0.0,0.0,0.0,0.0,0.0,0.0,1.0,1.0,0.0,0.4,1.0,0.6799999999999999,1.0,0.8,0.0,0.6666666666666666,1.0,0.6933333333333334,0.5624492540222358
nvbench2:test:737,737,gemma3:27b,direct,55,0.0,1.0,2,0,1.0,0.0,0.0,11.271954700001515,5,5,multi_gold,arc,0.0,0.0,0.0,0.0,0.0,0.0,0.0,0.0,0.0,0.0,0.0,0.0,0.0,0.0,0.0,0.0,0.0,0.0,0.0,0.0,0.0,0.0,0.0,0.0,0.0,0.0,1.0,1.0,0.5,0.6666666666666666,1.0,0.8333333333333334,1.0,1.0,0.5,0.6666666666666666,1.0,0.8333333333333334,0.2969739845293261
nvbench2:test:741,741,gemma3:27b,direct,55,0.0,1.0,2,0,1.0,0.0,0.0,3.7951395999407396,2,2,multi_gold,boxplot,0.0,0.0,0.0,0.0,0.0,0.0,0.0,0.0,0.0,0.0,0.0,0.0,0.0,0.0,0.0,0.0,0.0,0.0,0.0,0.0,0.0,0.0,0.0,0.0,0.0,0.0,1.0,0.6666666666666666,0.6666666666666666,1.0,1.0,0.8666666666666666,1.0,0.6666666666666666,0.6666666666666666,1.0,1.0,0.8666666666666666,0.7321307220421792
nvbench2:test:745,745,gemma3:27b,direct,55,0.0,1.0,4,0,1.0,0.0,0.0,13.864054000005126,3,3,multi_gold,boxplot,0.0,0.0,0.0,0.0,0.0,0.0,0.0,0.0,0.0,0.0,0.0,0.0,0.0,0.0,0.0,0.0,0.0,0.0,0.0,0.0,0.0,0.0,0.0,0.0,0.0,0.0,1.0,0.6666666666666666,0.0,0.0,0.0,0.3333333333333333,1.0,0.6666666666666666,0.0,0.0,0.0,0.3333333333333333,0.2971806303781892
nvbench2:test:7,7,gemma3:27b,staged,55,0.0,1.0,1,1,1.0,1.0,1.0,57.15781739994418,5,5,multi_gold,bar,0.0,0.0,0.0,0.0,0.0,0.0,0.0,0.0,0.0,0.0,0.0,0.0,0.0,0.0,0.0,0.0,0.0,0.0,0.0,0.0,0.0,0.0,0.0,0.0,0.0,0.0,1.0,1.0,1.0,0.0,1.0,0.8,1.0,1.0,1.0,0.0,1.0,0.8,0.2513520102235351
nvbench2:test:11,11,gemma3:27b,staged,55,0.0,1.0,1,1,1.0,1.0,1.0,43.417770999949425,5,5,multi_gold,point,0.0,0.0,0.0,0.0,0.0,0.0,0.0,0.0,0.0,0.0,0.0,0.0,0.0,0.0,0.0,0.0,0.0,0.0,0.0,0.0,0.0,0.0,0.0,0.0,0.0,0.0,1.0,0.8,0.0,0.0,1.0,0.5599999999999999,1.0,0.8,0.0,0.0,1.0,0.5599999999999999,0.1608532450914071
nvbench2:test:18,18,gemma3:27b,staged,55,0.0,1.0,1,0,1.0,0.0,0.0,50.43804919999093,4,4,multi_gold,rect,0.0,0.0,0.0,0.0,0.0,0.0,0.0,0.0,0.0,0.0,0.0,0.0,0.0,0.0,0.0,0.0,0.0,0.0,0.0,0.0,0.0,0.0,0.0,0.0,0.0,0.0,1.0,1.0,0.3333333333333333,1.0,0.0,0.6666666666666667,1.0,1.0,0.3333333333333333,1.0,0.0,0.6666666666666667,0.22930965203275888
nvbench2:test:20,20,gemma3:27b,staged,55,0.0,1.0,1,0,1.0,0.0,0.0,40.873368700034916,2,2,multi_gold,arc,0.0,0.0,0.0,0.0,0.0,0.0,0.0,0.0,0.0,0.0,0.0,0.0,0.0,0.0,0.0,0.0,0.0,0.0,0.0,0.0,0.0,0.0,0.0,0.0,0.0,0.0,1.0,0.6666666666666666,0.6666666666666666,1.0,1.0,0.8666666666666666,1.0,0.6666666666666666,0.6666666666666666,1.0,1.0,0.8666666666666666,0.5048929761157583
nvbench2:test:25,25,gemma3:27b,staged,55,0.0,1.0,1,1,1.0,1.0,1.0,41.6474087999668,2,2,multi_gold,boxplot,0.0,0.0,0.0,0.0,0.0,0.0,0.0,0.0,0.0,0.0,0.0,0.0,0.0,0.0,0.0,0.0,0.0,0.0,0.0,0.0,0.0,0.0,0.0,0.0,0.0,0.0,1.0,1.0,0.5,0.0,1.0,0.7,1.0,1.0,0.5,0.0,1.0,0.7,0.38291336052022606
nvbench2:test:26,26,gemma3:27b,staged,55,0.0,1.0,1,1,1.0,1.0,1.0,48.75915239995811,4,4,multi_gold,boxplot,0.0,0.0,0.0,0.0,0.0,0.0,0.0,0.0,0.0,0.0,0.0,0.0,0.0,0.0,0.0,0.0,0.0,0.0,0.0,0.0,0.0,0.0,0.0,0.0,0.0,0.0,1.0,1.0,0.0,0.0,0.0,0.4,1.0,1.0,0.0,0.0,0.0,0.4,0.12472951418039441
nvbench2:test:31,31,gemma3:27b,staged,55,0.0,1.0,1,1,1.0,1.0,1.0,50.306253600050695,2,2,multi_gold,rect,0.0,0.0,0.0,0.0,0.0,0.0,0.0,0.0,0.0,0.0,0.0,0.0,0.0,0.0,0.0,0.0,0.0,0.0,0.0,0.0,0.0,0.0,0.0,0.0,0.0,0.0,1.0,1.0,0.6666666666666666,1.0,1.0,0.9333333333333333,1.0,1.0,0.6666666666666666,1.0,1.0,0.9333333333333333,0.5577697051812209
nvbench2:test:35,35,gemma3:27b,staged,55,0.0,1.0,1,1,1.0,1.0,1.0,38.861103800009005,4,4,multi_gold,bar+line,0.0,0.0,0.0,0.0,0.0,0.0,0.0,0.0,0.0,0.0,0.0,0.0,0.0,0.0,0.0,0.0,0.0,0.0,0.0,0.0,0.0,0.0,0.0,0.0,0.0,0.0,1.0,0.8,0.4,1.0,1.0,0.8400000000000001,1.0,0.8,0.4,1.0,1.0,0.8400000000000001,0.3084198138739908
nvbench2:test:37,37,gemma3:27b,staged,55,0.0,1.0,1,1,1.0,1.0,1.0,43.39068039995618,2,2,multi_gold,arc,0.0,0.0,0.0,0.0,0.0,0.0,0.0,0.0,0.0,0.0,0.0,0.0,0.0,0.0,0.0,0.0,0.0,0.0,0.0,0.0,0.0,0.0,0.0,0.0,0.0,0.0,1.0,1.0,1.0,1.0,0.0,0.8,1.0,1.0,1.0,1.0,0.0,0.8,0.4544040753253556
nvbench2:test:39,39,gemma3:27b,staged,55,0.0,1.0,1,0,1.0,0.0,0.0,46.098062000004575,2,2,multi_gold,bar,0.0,0.0,0.0,0.0,0.0,0.0,0.0,0.0,0.0,0.0,0.0,0.0,0.0,0.0,0.0,0.0,0.0,0.0,0.0,0.0,0.0,0.0,0.0,0.0,0.0,0.0,1.0,0.8,0.4,1.0,0.0,0.64,1.0,0.8,0.4,1.0,0.0,0.64,0.34233795667676936
nvbench2:test:62,62,gemma3:27b,staged,55,0.0,1.0,1,1,1.0,1.0,1.0,42.40813270001672,3,3,multi_gold,arc,1.0,1.0,0.3333333333333333,1.0,0.5,1.0,0.3333333333333333,1.0,0.5,1.0,0.3333333333333333,1.0,0.5,1.0,1.0,0.3333333333333333,1.0,0.5,1.0,0.3333333333333333,1.0,0.5,1.0,0.3333333333333333,1.0,0.5,1.0,1.0,1.0,1.0,1.0,1.0,1.0,1.0,1.0,1.0,1.0,1.0,0.46927872602275644
nvbench2:test:70,70,gemma3:27b,staged,55,0.0,1.0,1,0,1.0,0.0,0.0,40.86946389998775,2,2,multi_gold,bar,0.0,0.0,0.0,0.0,0.0,0.0,0.0,0.0,0.0,0.0,0.0,0.0,0.0,0.0,0.0,0.0,0.0,0.0,0.0,0.0,0.0,0.0,0.0,0.0,0.0,0.0,1.0,0.8,0.4,1.0,1.0,0.8400000000000001,1.0,0.8,0.4,1.0,1.0,0.8400000000000001,0.4844170266229248
nvbench2:test:79,79,gemma3:27b,staged,55,0.0,1.0,1,1,1.0,1.0,1.0,40.67166510003153,3,3,multi_gold,boxplot,0.0,0.0,0.0,0.0,0.0,0.0,0.0,0.0,0.0,0.0,0.0,0.0,0.0,0.0,0.0,0.0,0.0,0.0,0.0,0.0,0.0,0.0,0.0,0.0,0.0,0.0,1.0,1.0,0.0,1.0,1.0,0.8,1.0,1.0,0.0,1.0,1.0,0.8,0.3477829925412398
nvbench2:test:90,90,gemma3:27b,staged,55,0.0,1.0,1,1,1.0,1.0,1.0,46.57471479999367,3,3,multi_gold,arc,1.0,1.0,0.3333333333333333,1.0,0.5,1.0,0.3333333333333333,1.0,0.5,1.0,0.3333333333333333,1.0,0.5,1.0,1.0,0.3333333333333333,1.0,0.5,1.0,0.3333333333333333,1.0,0.5,1.0,0.3333333333333333,1.0,0.5,1.0,1.0,1.0,1.0,1.0,1.0,1.0,1.0,1.0,1.0,1.0,1.0,0.46927872602275644
nvbench2:test:97,97,gemma3:27b,staged,55,0.0,1.0,1,1,1.0,1.0,1.0,43.437817799975164,5,5,multi_gold,line,1.0,1.0,0.2,1.0,0.33333333333333337,1.0,0.2,1.0,0.33333333333333337,1.0,0.2,1.0,0.33333333333333337,1.0,1.0,0.2,1.0,0.33333333333333337,1.0,0.2,1.0,0.33333333333333337,1.0,0.2,1.0,0.33333333333333337,1.0,1.0,1.0,1.0,1.0,1.0,1.0,1.0,1.0,1.0,1.0,1.0,0.3391602052736161
nvbench2:test:99,99,gemma3:27b,staged,55,0.0,1.0,1,1,1.0,1.0,1.0,39.001750500057824,2,2,multi_gold,boxplot,0.0,0.0,0.0,0.0,0.0,0.0,0.0,0.0,0.0,0.0,0.0,0.0,0.0,0.0,0.0,0.0,0.0,0.0,0.0,0.0,0.0,0.0,0.0,0.0,0.0,0.0,1.0,1.0,0.5,1.0,1.0,0.9,1.0,1.0,0.5,1.0,1.0,0.9,0.5310259262712439
nvbench2:test:102,102,gemma3:27b,staged,55,0.0,1.0,1,1,1.0,1.0,1.0,41.102495300001465,3,3,multi_gold,boxplot,0.0,0.0,0.0,0.0,0.0,0.0,0.0,0.0,0.0,0.0,0.0,0.0,0.0,0.0,0.0,0.0,0.0,0.0,0.0,0.0,0.0,0.0,0.0,0.0,0.0,0.0,1.0,1.0,0.5,1.0,1.0,0.9,1.0,1.0,0.5,1.0,1.0,0.9,0.40642634118843207
nvbench2:test:105,105,gemma3:27b,staged,55,0.0,1.0,1,0,1.0,0.0,0.0,45.83882240008097,3,3,multi_gold,arc,0.0,0.0,0.0,0.0,0.0,0.0,0.0,0.0,0.0,0.0,0.0,0.0,0.0,0.0,0.0,0.0,0.0,0.0,0.0,0.0,0.0,0.0,0.0,0.0,0.0,0.0,1.0,0.6666666666666666,0.0,0.0,0.0,0.3333333333333333,1.0,0.6666666666666666,0.0,0.0,0.0,0.3333333333333333,0.1219754191611634
nvbench2:test:111,111,gemma3:27b,staged,55,0.0,1.0,1,0,1.0,0.0,0.0,50.75799279997591,3,3,multi_gold,rect,0.0,0.0,0.0,0.0,0.0,0.0,0.0,0.0,0.0,0.0,0.0,0.0,0.0,0.0,0.0,0.0,0.0,0.0,0.0,0.0,0.0,0.0,0.0,0.0,0.0,0.0,1.0,1.0,0.3333333333333333,0.6666666666666666,0.0,0.6,1.0,1.0,0.3333333333333333,0.6666666666666666,0.0,0.6,0.2420148133208297
nvbench2:test:112,112,gemma3:27b,staged,55,0.0,1.0,1,1,1.0,1.0,1.0,42.63202499994077,2,2,multi_gold,arc,0.0,0.0,0.0,0.0,0.0,0.0,0.0,0.0,0.0,0.0,0.0,0.0,0.0,0.0,0.0,0.0,0.0,0.0,0.0,0.0,0.0,0.0,0.0,0.0,0.0,0.0,1.0,1.0,0.0,0.0,1.0,0.6,1.0,1.0,0.0,0.0,1.0,0.6,0.3162101650184913
nvbench2:test:113,113,gemma3:27b,staged,55,0.0,1.0,1,1,1.0,1.0,1.0,43.66619220003486,3,3,multi_gold,line,1.0,1.0,0.3333333333333333,1.0,0.5,1.0,0.3333333333333333,1.0,0.5,1.0,0.3333333333333333,1.0,0.5,1.0,1.0,0.3333333333333333,1.0,0.5,1.0,0.3333333333333333,1.0,0.5,1.0,0.3333333333333333,1.0,0.5,1.0,1.0,1.0,1.0,1.0,1.0,1.0,1.0,1.0,1.0,1.0,1.0,0.46927872602275644
nvbench2:test:117,117,gemma3:27b,staged,55,0.0,1.0,1,1,1.0,1.0,1.0,37.52821140002925,5,5,multi_gold,bar,1.0,1.0,0.2,1.0,0.33333333333333337,1.0,0.2,1.0,0.33333333333333337,1.0,0.2,1.0,0.33333333333333337,1.0,1.0,0.2,1.0,0.33333333333333337,1.0,0.2,1.0,0.33333333333333337,1.0,0.2,1.0,0.33333333333333337,1.0,1.0,1.0,1.0,1.0,1.0,1.0,1.0,1.0,1.0,1.0,1.0,0.3391602052736161
nvbench2:test:127,127,gemma3:27b,staged,55,0.0,1.0,1,0,1.0,0.0,0.0,46.47589230001904,2,2,multi_gold,arc,0.0,0.0,0.0,0.0,0.0,0.0,0.0,0.0,0.0,0.0,0.0,0.0,0.0,0.0,0.0,0.0,0.0,0.0,0.0,0.0,0.0,0.0,0.0,0.0,0.0,0.0,0.0,0.3333333333333333,0.0,0.0,1.0,0.26666666666666666,0.0,0.3333333333333333,0.0,0.0,1.0,0.26666666666666666,0.12448423093485571
nvbench2:test:131,131,gemma3:27b,staged,55,0.0,1.0,1,1,1.0,1.0,1.0,41.988467399962246,4,4,multi_gold,arc,1.0,1.0,0.25,1.0,0.4,1.0,0.25,1.0,0.4,1.0,0.25,1.0,0.4,1.0,1.0,0.25,1.0,0.4,1.0,0.25,1.0,0.4,1.0,0.25,1.0,0.4,1.0,1.0,1.0,1.0,1.0,1.0,1.0,1.0,1.0,1.0,1.0,1.0,0.3903800499921017
nvbench2:test:132,132,gemma3:27b,staged,55,0.0,1.0,1,0,1.0,0.0,0.0,48.82441060000565,2,2,multi_gold,bar,0.0,0.0,0.0,0.0,0.0,0.0,0.0,0.0,0.0,0.0,0.0,0.0,0.0,0.0,0.0,0.0,0.0,0.0,0.0,0.0,0.0,0.0,0.0,0.0,0.0,0.0,1.0,0.8,0.4,1.0,0.0,0.64,1.0,0.8,0.4,1.0,0.0,0.64,0.34233795667676936
nvbench2:test:133,133,gemma3:27b,staged,55,0.0,1.0,1,0,1.0,0.0,0.0,46.801895200042054,2,2,multi_gold,bar,0.0,0.0,0.0,0.0,0.0,0.0,0.0,0.0,0.0,0.0,0.0,0.0,0.0,0.0,0.0,0.0,0.0,0.0,0.0,0.0,0.0,0.0,0.0,0.0,0.0,0.0,1.0,0.8,0.4,1.0,0.0,0.64,1.0,0.8,0.4,1.0,0.0,0.64,0.34233795667676936
nvbench2:test:142,142,gemma3:27b,staged,55,0.0,1.0,2,2,1.0,1.0,1.0,53.72728989995085,2,2,multi_gold,rect,1.0,1.0,0.5,1.0,0.6666666666666666,1.0,1.0,1.0,1.0,1.0,1.0,1.0,1.0,1.0,1.0,0.5,1.0,0.6666666666666666,1.0,1.0,1.0,1.0,1.0,1.0,1.0,1.0,1.0,1.0,1.0,1.0,1.0,1.0,1.0,1.0,1.0,1.0,1.0,1.0,1.0
nvbench2:test:144,144,gemma3:27b,staged,55,0.0,1.0,1,0,1.0,0.0,0.0,40.93338559998665,2,2,multi_gold,bar,0.0,0.0,0.0,0.0,0.0,0.0,0.0,0.0,0.0,0.0,0.0,0.0,0.0,0.0,0.0,0.0,0.0,0.0,0.0,0.0,0.0,0.0,0.0,0.0,0.0,0.0,1.0,0.5,0.0,1.0,1.0,0.7,1.0,0.5,0.0,1.0,1.0,0.7,0.38291336052022606
nvbench2:test:150,150,gemma3:27b,staged,55,0.0,1.0,1,1,1.0,1.0,1.0,46.064483399968594,4,4,multi_gold,bar,1.0,1.0,0.25,1.0,0.4,1.0,0.25,1.0,0.4,1.0,0.25,1.0,0.4,1.0,1.0,0.25,1.0,0.4,1.0,0.25,1.0,0.4,1.0,0.25,1.0,0.4,1.0,1.0,1.0,1.0,1.0,1.0,1.0,1.0,1.0,1.0,1.0,1.0,0.3903800499921017
nvbench2:test:157,157,gemma3:27b,staged,55,0.0,1.0,1,0,1.0,0.0,0.0,39.02643560001161,5,5,multi_gold,line,0.0,0.0,0.0,0.0,0.0,0.0,0.0,0.0,0.0,0.0,0.0,0.0,0.0,0.0,0.0,0.0,0.0,0.0,0.0,0.0,0.0,0.0,0.0,0.0,0.0,0.0,1.0,1.0,0.5,1.0,1.0,0.9,1.0,1.0,0.5,1.0,1.0,0.9,0.29373511659974333
nvbench2:test:160,160,gemma3:27b,staged,55,0.0,1.0,1,0,1.0,0.0,0.0,38.3592239000136,2,2,multi_gold,arc,0.0,0.0,0.0,0.0,0.0,0.0,0.0,0.0,0.0,0.0,0.0,0.0,0.0,0.0,0.0,0.0,0.0,0.0,0.0,0.0,0.0,0.0,0.0,0.0,0.0,0.0,1.0,0.6666666666666666,0.0,0.0,1.0,0.5333333333333333,1.0,0.6666666666666666,0.0,0.0,1.0,0.5333333333333333,0.27424187734691513
nvbench2:test:162,162,gemma3:27b,staged,55,0.0,1.0,1,1,1.0,1.0,1.0,41.80004599993117,4,3,multi_gold,rect,0.0,0.0,0.0,0.0,0.0,0.0,0.0,0.0,0.0,0.0,0.0,0.0,0.0,0.0,0.0,0.0,0.0,0.0,0.0,0.0,0.0,0.0,0.0,0.0,0.0,0.0,1.0,1.0,0.6666666666666666,1.0,1.0,0.9333333333333333,1.0,1.0,0.6666666666666666,1.0,1.0,0.9333333333333333,0.426894976850455
nvbench2:test:163,163,gemma3:27b,staged,55,0.0,1.0,1,1,1.0,1.0,1.0,43.29113360005431,3,3,multi_gold,line,0.0,0.0,0.0,0.0,0.0,0.0,0.0,0.0,0.0,0.0,0.0,0.0,0.0,0.0,0.0,0.0,0.0,0.0,0.0,0.0,0.0,0.0,0.0,0.0,0.0,0.0,1.0,1.0,1.0,1.0,0.0,0.8,1.0,1.0,1.0,1.0,0.0,0.8,0.3477829925412398
nvbench2:test:168,168,gemma3:27b,staged,55,0.0,1.0,1,0,1.0,0.0,0.0,42.51873040001374,5,5,multi_gold,bar,0.0,0.0,0.0,0.0,0.0,0.0,0.0,0.0,0.0,0.0,0.0,0.0,0.0,0.0,0.0,0.0,0.0,0.0,0.0,0.0,0.0,0.0,0.0,0.0,0.0,0.0,1.0,1.0,0.5,1.0,1.0,0.9,1.0,1.0,0.5,1.0,1.0,0.9,0.29373511659974333
nvbench2:test:170,170,gemma3:27b,staged,55,0.0,1.0,1,1,1.0,1.0,1.0,53.25736039993353,2,2,multi_gold,rect,0.0,0.0,0.0,0.0,0.0,0.0,0.0,0.0,0.0,0.0,0.0,0.0,0.0,0.0,0.0,0.0,0.0,0.0,0.0,0.0,0.0,0.0,0.0,0.0,0.0,0.0,1.0,1.0,1.0,1.0,0.0,0.8,1.0,1.0,1.0,1.0,0.0,0.8,0.4544040753253556
nvbench2:test:173,173,gemma3:27b,staged,55,0.0,1.0,1,1,1.0,1.0,1.0,44.603043999988586,4,4,multi_gold,point,0.0,0.0,0.0,0.0,0.0,0.0,0.0,0.0,0.0,0.0,0.0,0.0,0.0,0.0,0.0,0.0,0.0,0.0,0.0,0.0,0.0,0.0,0.0,0.0,0.0,0.0,1.0,1.0,0.5,1.0,1.0,0.9,1.0,1.0,0.5,1.0,1.0,0.9,0.3380948817687364
nvbench2:test:174,174,gemma3:27b,staged,55,0.0,1.0,1,0,1.0,0.0,0.0,40.71081680001225,2,2,multi_gold,boxplot,0.0,0.0,0.0,0.0,0.0,0.0,0.0,0.0,0.0,0.0,0.0,0.0,0.0,0.0,0.0,0.0,0.0,0.0,0.0,0.0,0.0,0.0,0.0,0.0,0.0,0.0,1.0,0.6666666666666666,0.0,0.0,1.0,0.5333333333333333,1.0,0.6666666666666666,0.0,0.0,1.0,0.5333333333333333,0.27424187734691513
nvbench2:test:178,178,gemma3:27b,staged,55,0.0,1.0,1,0,1.0,0.0,0.0,40.56448120006826,2,2,multi_gold,arc,0.0,0.0,0.0,0.0,0.0,0.0,0.0,0.0,0.0,0.0,0.0,0.0,0.0,0.0,0.0,0.0,0.0,0.0,0.0,0.0,0.0,0.0,0.0,0.0,0.0,0.0,1.0,1.0,0.5,1.0,1.0,0.9,1.0,1.0,0.5,1.0,1.0,0.9,0.5310259262712439
nvbench2:test:183,183,gemma3:27b,staged,55,0.0,1.0,1,1,1.0,1.0,1.0,37.51668050000444,3,3,multi_gold,bar,1.0,1.0,0.3333333333333333,1.0,0.5,1.0,0.3333333333333333,1.0,0.5,1.0,0.3333333333333333,1.0,0.5,1.0,1.0,0.3333333333333333,1.0,0.5,1.0,0.3333333333333333,1.0,0.5,1.0,0.3333333333333333,1.0,0.5,1.0,1.0,1.0,1.0,1.0,1.0,1.0,1.0,1.0,1.0,1.0,1.0,0.46927872602275644
nvbench2:test:192,192,gemma3:27b,staged,55,0.0,1.0,1,1,1.0,1.0,1.0,42.171118000056595,5,5,multi_gold,point,0.0,0.0,0.0,0.0,0.0,0.0,0.0,0.0,0.0,0.0,0.0,0.0,0.0,0.0,0.0,0.0,0.0,0.0,0.0,0.0,0.0,0.0,0.0,0.0,0.0,0.0,1.0,0.8571428571428571,0.28571428571428575,0.0,1.0,0.6285714285714286,1.0,0.8571428571428571,0.28571428571428575,0.0,1.0,0.6285714285714286,0.18519277875370663
nvbench2:test:194,194,gemma3:27b,staged,55,0.0,1.0,1,1,1.0,1.0,1.0,45.607533899950795,2,2,multi_gold,boxplot,0.0,0.0,0.0,0.0,0.0,0.0,0.0,0.0,0.0,0.0,0.0,0.0,0.0,0.0,0.0,0.0,0.0,0.0,0.0,0.0,0.0,0.0,0.0,0.0,0.0,0.0,1.0,1.0,1.0,1.0,0.0,0.8,1.0,1.0,1.0,1.0,0.0,0.8,0.4544040753253556
nvbench2:test:201,201,gemma3:27b,staged,55,0.0,1.0,2,2,1.0,1.0,1.0,46.58300440001767,2,2,multi_gold,bar,0.0,0.0,0.0,0.0,0.0,0.0,0.0,0.0,0.0,0.0,0.0,0.0,0.0,0.0,0.0,0.0,0.0,0.0,0.0,0.0,0.0,0.0,0.0,0.0,0.0,0.0,1.0,0.8,0.8,1.0,1.0,0.9199999999999999,1.0,0.8,0.8,1.0,1.0,0.9199999999999999,0.8921152934511918
nvbench2:test:223,223,gemma3:27b,staged,55,0.0,1.0,1,1,1.0,1.0,1.0,45.60764840000775,3,3,multi_gold,boxplot,0.0,0.0,0.0,0.0,0.0,0.0,0.0,0.0,0.0,0.0,0.0,0.0,0.0,0.0,0.0,0.0,0.0,0.0,0.0,0.0,0.0,0.0,0.0,0.0,0.0,0.0,1.0,1.0,1.0,1.0,0.0,0.8,1.0,1.0,1.0,1.0,0.0,0.8,0.3477829925412398
nvbench2:test:227,227,gemma3:27b,staged,55,0.0,1.0,1,0,1.0,0.0,0.0,41.21037119999528,4,4,multi_gold,line,0.0,0.0,0.0,0.0,0.0,0.0,0.0,0.0,0.0,0.0,0.0,0.0,0.0,0.0,0.0,0.0,0.0,0.0,0.0,0.0,0.0,0.0,0.0,0.0,0.0,0.0,1.0,1.0,0.5,1.0,1.0,0.9,1.0,1.0,0.5,1.0,1.0,0.9,0.3380948817687364
nvbench2:test:236,236,gemma3:27b,staged,55,0.0,1.0,1,1,1.0,1.0,1.0,41.796174600021914,2,2,multi_gold,boxplot,0.0,0.0,0.0,0.0,0.0,0.0,0.0,0.0,0.0,0.0,0.0,0.0,0.0,0.0,0.0,0.0,0.0,0.0,0.0,0.0,0.0,0.0,0.0,0.0,0.0,0.0,0.0,1.0,0.0,0.0,1.0,0.4,0.0,1.0,0.0,0.0,1.0,0.4,0.19590537855675663
nvbench2:test:238,238,gemma3:27b,staged,55,0.0,1.0,1,1,1.0,1.0,1.0,40.758471600012854,3,3,multi_gold,line,1.0,1.0,0.3333333333333333,1.0,0.5,1.0,0.3333333333333333,1.0,0.5,1.0,0.3333333333333333,1.0,0.5,1.0,1.0,0.3333333333333333,1.0,0.5,1.0,0.3333333333333333,1.0,0.5,1.0,0.3333333333333333,1.0,0.5,1.0,1.0,1.0,1.0,1.0,1.0,1.0,1.0,1.0,1.0,1.0,1.0,0.46927872602275644
nvbench2:test:252,252,gemma3:27b,staged,55,0.0,1.0,1,1,1.0,1.0,1.0,52.55773180001415,2,2,multi_gold,arc,0.0,0.0,0.0,0.0,0.0,0.0,0.0,0.0,0.0,0.0,0.0,0.0,0.0,0.0,0.0,0.0,0.0,0.0,0.0,0.0,0.0,0.0,0.0,0.0,0.0,0.0,1.0,1.0,1.0,1.0,0.0,0.8,1.0,1.0,1.0,1.0,0.0,0.8,0.4544040753253556
nvbench2:test:254,254,gemma3:27b,staged,55,0.0,1.0,1,1,1.0,1.0,1.0,46.08844419999514,2,2,multi_gold,point,0.0,0.0,0.0,0.0,0.0,0.0,0.0,0.0,0.0,0.0,0.0,0.0,0.0,0.0,0.0,0.0,0.0,0.0,0.0,0.0,0.0,0.0,0.0,0.0,0.0,0.0,1.0,0.8571428571428571,0.5714285714285715,0.0,1.0,0.6857142857142857,1.0,0.8571428571428571,0.5714285714285715,0.0,1.0,0.6857142857142857,0.37309893864556204
nvbench2:test:263,263,gemma3:27b,staged,55,0.0,1.0,1,1,1.0,1.0,1.0,46.456441599992104,5,5,multi_gold,boxplot,0.0,0.0,0.0,0.0,0.0,0.0,0.0,0.0,0.0,0.0,0.0,0.0,0.0,0.0,0.0,0.0,0.0,0.0,0.0,0.0,0.0,0.0,0.0,0.0,0.0,0.0,1.0,1.0,0.5,0.0,1.0,0.7,1.0,1.0,0.5,0.0,1.0,0.7,0.21180717369071872
nvbench2:test:268,268,gemma3:27b,staged,55,0.0,1.0,1,1,1.0,1.0,1.0,49.96974930004217,5,5,multi_gold,rect,0.0,0.0,0.0,0.0,0.0,0.0,0.0,0.0,0.0,0.0,0.0,0.0,0.0,0.0,0.0,0.0,0.0,0.0,0.0,0.0,0.0,0.0,0.0,0.0,0.0,0.0,1.0,1.0,0.6666666666666666,1.0,0.0,0.7333333333333333,1.0,1.0,0.6666666666666666,1.0,0.0,0.7333333333333333,0.22468542570037728
nvbench2:test:287,287,gemma3:27b,staged,55,0.0,1.0,3,3,1.0,1.0,1.0,57.26313420000952,3,3,multi_gold,point,0.0,0.0,0.0,0.0,0.0,0.0,0.0,0.0,0.0,0.0,0.0,0.0,0.0,0.0,0.0,0.0,0.0,0.0,0.0,0.0,0.0,0.0,0.0,0.0,0.0,0.0,0.0,0.8,0.0,0.0,1.0,0.36,0.0,0.8,0.0,0.0,1.0,0.36,0.2834258975629042
nvbench2:test:296,296,gemma3:27b,staged,55,0.0,1.0,1,0,1.0,0.0,0.0,48.493059600004926,5,5,multi_gold,bar+line+rect,0.0,0.0,0.0,0.0,0.0,0.0,0.0,0.0,0.0,0.0,0.0,0.0,0.0,0.0,0.0,0.0,0.0,0.0,0.0,0.0,0.0,0.0,0.0,0.0,0.0,0.0,1.0,0.8,0.8,0.0,1.0,0.72,1.0,0.8,0.8,0.0,1.0,0.72,0.2194983916823367
nvbench2:test:297,297,gemma3:27b,staged,55,0.0,1.0,1,1,1.0,1.0,1.0,47.545072500011884,2,2,multi_gold,bar,0.0,0.0,0.0,0.0,0.0,0.0,0.0,0.0,0.0,0.0,0.0,0.0,0.0,0.0,0.0,0.0,0.0,0.0,0.0,0.0,0.0,0.0,0.0,0.0,0.0,0.0,1.0,0.8,0.0,0.0,0.0,0.36,1.0,0.8,0.0,0.0,0.0,0.36,0.17378179344772512
nvbench2:test:298,298,gemma3:27b,staged,55,0.0,1.0,1,1,1.0,1.0,1.0,45.78996080008801,3,3,multi_gold,line,0.0,0.0,0.0,0.0,0.0,0.0,0.0,0.0,0.0,0.0,0.0,0.0,0.0,0.0,0.0,0.0,0.0,0.0,0.0,0.0,0.0,0.0,0.0,0.0,0.0,0.0,1.0,0.8,0.8,1.0,0.0,0.72,1.0,0.8,0.8,1.0,0.0,0.72,0.30370876067146896
nvbench2:test:303,303,gemma3:27b,staged,55,0.0,1.0,1,1,1.0,1.0,1.0,41.36867080000229,2,2,multi_gold,boxplot,1.0,1.0,0.5,1.0,0.6666666666666666,1.0,0.5,1.0,0.6666666666666666,1.0,0.5,1.0,0.6666666666666666,1.0,1.0,0.5,1.0,0.6666666666666666,1.0,0.5,1.0,0.6666666666666666,1.0,0.5,1.0,0.6666666666666666,1.0,1.0,1.0,1.0,1.0,1.0,1.0,1.0,1.0,1.0,1.0,1.0,0.6131471927654584
nvbench2:test:317,317,gemma3:27b,staged,55,0.0,1.0,1,0,1.0,0.0,0.0,41.780645399936475,2,2,multi_gold,arc,0.0,0.0,0.0,0.0,0.0,0.0,0.0,0.0,0.0,0.0,0.0,0.0,0.0,0.0,0.0,0.0,0.0,0.0,0.0,0.0,0.0,0.0,0.0,0.0,0.0,0.0,1.0,1.0,0.5,0.0,1.0,0.7,1.0,1.0,0.5,0.0,1.0,0.7,0.38291336052022606
nvbench2:test:319,319,gemma3:27b,staged,55,0.0,1.0,1,1,1.0,1.0,1.0,65.30827390006743,2,2,multi_gold,point,0.0,0.0,0.0,0.0,0.0,0.0,0.0,0.0,0.0,0.0,0.0,0.0,0.0,0.0,0.0,0.0,0.0,0.0,0.0,0.0,0.0,0.0,0.0,0.0,0.0,0.0,1.0,1.0,0.25,1.0,0.0,0.65,1.0,1.0,0.25,1.0,0.0,0.65,0.34898388146216625
nvbench2:test:320,320,gemma3:27b,staged,55,0.0,1.0,1,1,1.0,1.0,1.0,53.180584999965504,3,3,multi_gold,rect,0.0,0.0,0.0,0.0,0.0,0.0,0.0,0.0,0.0,0.0,0.0,0.0,0.0,0.0,0.0,0.0,0.0,0.0,0.0,0.0,0.0,0.0,0.0,0.0,0.0,0.0,1.0,1.0,0.6666666666666666,1.0,1.0,0.9333333333333333,1.0,1.0,0.6666666666666666,1.0,1.0,0.9333333333333333,0.426894976850455
nvbench2:test:325,325,gemma3:27b,staged,55,0.0,1.0,1,0,1.0,0.0,0.0,51.21651839988772,2,2,multi_gold,rect,0.0,0.0,0.0,0.0,0.0,0.0,0.0,0.0,0.0,0.0,0.0,0.0,0.0,0.0,0.0,0.0,0.0,0.0,0.0,0.0,0.0,0.0,0.0,0.0,0.0,0.0,0.0,0.8,0.0,0.0,0.0,0.16,0.0,0.8,0.0,0.0,0.0,0.16,0.07191427945647642
nvbench2:test:332,332,gemma3:27b,staged,55,0.0,1.0,1,0,1.0,0.0,0.0,46.69524769997224,2,2,multi_gold,rect,0.0,0.0,0.0,0.0,0.0,0.0,0.0,0.0,0.0,0.0,0.0,0.0,0.0,0.0,0.0,0.0,0.0,0.0,0.0,0.0,0.0,0.0,0.0,0.0,0.0,0.0,1.0,1.0,0.6666666666666666,1.0,1.0,0.9333333333333333,1.0,1.0,0.6666666666666666,1.0,1.0,0.9333333333333333,0.5577697051812209
nvbench2:test:335,335,gemma3:27b,staged,55,0.0,1.0,1,0,1.0,0.0,0.0,41.27568810002413,4,4,multi_gold,arc,0.0,0.0,0.0,0.0,0.0,0.0,0.0,0.0,0.0,0.0,0.0,0.0,0.0,0.0,0.0,0.0,0.0,0.0,0.0,0.0,0.0,0.0,0.0,0.0,0.0,0.0,1.0,1.0,0.5,1.0,1.0,0.9,1.0,1.0,0.5,1.0,1.0,0.9,0.3380948817687364
nvbench2:test:341,341,gemma3:27b,staged,55,0.0,1.0,1,0,1.0,0.0,0.0,53.204941300093196,5,5,multi_gold,rect,0.0,0.0,0.0,0.0,0.0,0.0,0.0,0.0,0.0,0.0,0.0,0.0,0.0,0.0,0.0,0.0,0.0,0.0,0.0,0.0,0.0,0.0,0.0,0.0,0.0,0.0,1.0,1.0,0.6666666666666666,0.0,1.0,0.7333333333333333,1.0,1.0,0.6666666666666666,0.0,1.0,0.7333333333333333,0.22468542570037728
nvbench2:test:344,344,gemma3:27b,staged,55,0.0,1.0,1,0,1.0,0.0,0.0,51.24376420001499,5,5,multi_gold,rect,0.0,0.0,0.0,0.0,0.0,0.0,0.0,0.0,0.0,0.0,0.0,0.0,0.0,0.0,0.0,0.0,0.0,0.0,0.0,0.0,0.0,0.0,0.0,0.0,0.0,0.0,1.0,1.0,0.3333333333333333,0.0,0.0,0.4666666666666667,1.0,1.0,0.3333333333333333,0.0,0.0,0.4666666666666667,0.12952965076650882
nvbench2:test:349,349,gemma3:27b,staged,55,0.0,1.0,1,1,1.0,1.0,1.0,31.909428299986757,4,4,multi_gold,arc,0.0,0.0,0.0,0.0,0.0,0.0,0.0,0.0,0.0,0.0,0.0,0.0,0.0,0.0,0.0,0.0,0.0,0.0,0.0,0.0,0.0,0.0,0.0,0.0,0.0,0.0,1.0,1.0,0.5,0.0,1.0,0.7,1.0,1.0,0.5,0.0,1.0,0.7,0.2437942121994015
nvbench2:test:351,351,gemma3:27b,staged,55,0.0,1.0,2,2,1.0,1.0,1.0,49.52115980000235,2,2,multi_gold,boxplot,0.0,0.0,0.0,0.0,0.0,0.0,0.0,0.0,0.0,0.0,0.0,0.0,0.0,0.0,0.0,0.0,0.0,0.0,0.0,0.0,0.0,0.0,0.0,0.0,0.0,0.0,1.0,1.0,0.0,1.0,1.0,0.8,1.0,1.0,0.0,1.0,1.0,0.8,0.7411011265922482
nvbench2:test:355,355,gemma3:27b,staged,55,0.0,1.0,1,0,1.0,0.0,0.0,65.30218050000258,4,4,multi_gold,rect,0.0,0.0,0.0,0.0,0.0,0.0,0.0,0.0,0.0,0.0,0.0,0.0,0.0,0.0,0.0,0.0,0.0,0.0,0.0,0.0,0.0,0.0,0.0,0.0,0.0,0.0,1.0,1.0,0.3333333333333333,1.0,0.0,0.6666666666666667,1.0,1.0,0.3333333333333333,1.0,0.0,0.6666666666666667,0.22930965203275888
nvbench2:test:365,365,gemma3:27b,staged,55,0.0,1.0,1,1,1.0,1.0,1.0,63.51341620006133,2,2,multi_gold,point,0.0,0.0,0.0,0.0,0.0,0.0,0.0,0.0,0.0,0.0,0.0,0.0,0.0,0.0,0.0,0.0,0.0,0.0,0.0,0.0,0.0,0.0,0.0,0.0,0.0,0.0,0.0,0.8571428571428571,0.5714285714285715,0.0,0.0,0.2857142857142857,0.0,0.8571428571428571,0.5714285714285715,0.0,0.0,0.2857142857142857,0.1342876072527789
nvbench2:test:366,366,gemma3:27b,staged,55,0.0,1.0,1,1,1.0,1.0,1.0,43.514511200017296,5,5,multi_gold,boxplot,1.0,1.0,0.2,1.0,0.33333333333333337,1.0,0.2,1.0,0.33333333333333337,1.0,0.2,1.0,0.33333333333333337,1.0,1.0,0.2,1.0,0.33333333333333337,1.0,0.2,1.0,0.33333333333333337,1.0,0.2,1.0,0.33333333333333337,1.0,1.0,1.0,1.0,1.0,1.0,1.0,1.0,1.0,1.0,1.0,1.0,0.3391602052736161
nvbench2:test:376,376,gemma3:27b,staged,55,0.0,1.0,1,1,1.0,1.0,1.0,44.002099100034684,4,4,multi_gold,rect,0.0,0.0,0.0,0.0,0.0,0.0,0.0,0.0,0.0,0.0,0.0,0.0,0.0,0.0,0.0,0.0,0.0,0.0,0.0,0.0,0.0,0.0,0.0,0.0,0.0,0.0,1.0,1.0,0.6666666666666666,1.0,0.0,0.7333333333333333,1.0,1.0,0.6666666666666666,1.0,0.0,0.7333333333333333,0.25861733291100014
nvbench2:test:377,377,gemma3:27b,staged,55,0.0,1.0,1,1,1.0,1.0,1.0,46.95269820000976,4,4,multi_gold,rect,0.0,0.0,0.0,0.0,0.0,0.0,0.0,0.0,0.0,0.0,0.0,0.0,0.0,0.0,0.0,0.0,0.0,0.0,0.0,0.0,0.0,0.0,0.0,0.0,0.0,0.0,1.0,1.0,0.6666666666666666,1.0,0.0,0.7333333333333333,1.0,1.0,0.6666666666666666,1.0,0.0,0.7333333333333333,0.25861733291100014
nvbench2:test:384,384,gemma3:27b,staged,55,0.0,1.0,1,0,1.0,0.0,0.0,43.532670599990524,3,3,multi_gold,arc,0.0,0.0,0.0,0.0,0.0,0.0,0.0,0.0,0.0,0.0,0.0,0.0,0.0,0.0,0.0,0.0,0.0,0.0,0.0,0.0,0.0,0.0,0.0,0.0,0.0,0.0,1.0,1.0,0.5,0.6666666666666666,1.0,0.8333333333333334,1.0,1.0,0.5,0.6666666666666666,1.0,0.8333333333333334,0.36688090490565395
nvbench2:test:385,385,gemma3:27b,staged,55,0.0,1.0,1,1,1.0,1.0,1.0,38.7042290000245,3,3,multi_gold,arc,1.0,1.0,0.3333333333333333,1.0,0.5,1.0,0.3333333333333333,1.0,0.5,1.0,0.3333333333333333,1.0,0.5,1.0,1.0,0.3333333333333333,1.0,0.5,1.0,0.3333333333333333,1.0,0.5,1.0,0.3333333333333333,1.0,0.5,1.0,1.0,1.0,1.0,1.0,1.0,1.0,1.0,1.0,1.0,1.0,1.0,0.46927872602275644
nvbench2:test:388,388,gemma3:27b,staged,55,0.0,1.0,1,1,1.0,1.0,1.0,48.75925320002716,5,5,multi_gold,bar+line+rect,0.0,0.0,0.0,0.0,0.0,0.0,0.0,0.0,0.0,0.0,0.0,0.0,0.0,0.0,0.0,0.0,0.0,0.0,0.0,0.0,0.0,0.0,0.0,0.0,0.0,0.0,0.0,1.0,0.3333333333333333,1.0,0.0,0.4666666666666667,0.0,1.0,0.3333333333333333,1.0,0.0,0.4666666666666667,0.12952965076650882
nvbench2:test:392,392,gemma3:27b,staged,55,0.0,1.0,1,1,1.0,1.0,1.0,39.1866620000219,4,4,multi_gold,rect,0.0,0.0,0.0,0.0,0.0,0.0,0.0,0.0,0.0,0.0,0.0,0.0,0.0,0.0,0.0,0.0,0.0,0.0,0.0,0.0,0.0,0.0,0.0,0.0,0.0,0.0,0.0,0.8,0.4,0.0,1.0,0.44000000000000006,0.0,0.8,0.4,0.0,1.0,0.44000000000000006,0.139211215176422
nvbench2:test:395,395,gemma3:27b,staged,55,0.0,1.0,1,1,1.0,1.0,1.0,43.33786720002536,2,2,multi_gold,rect,0.0,0.0,0.0,0.0,0.0,0.0,0.0,0.0,0.0,0.0,0.0,0.0,0.0,0.0,0.0,0.0,0.0,0.0,0.0,0.0,0.0,0.0,0.0,0.0,0.0,0.0,0.0,1.0,1.0,1.0,1.0,0.8,0.0,1.0,1.0,1.0,1.0,0.8,0.4544040753253556
nvbench2:test:406,406,gemma3:27b,staged,55,0.0,1.0,1,0,1.0,0.0,0.0,43.293201499967836,2,2,multi_gold,bar,0.0,0.0,0.0,0.0,0.0,0.0,0.0,0.0,0.0,0.0,0.0,0.0,0.0,0.0,0.0,0.0,0.0,0.0,0.0,0.0,0.0,0.0,0.0,0.0,0.0,0.0,1.0,0.8,0.4,1.0,1.0,0.8400000000000001,1.0,0.8,0.4,1.0,1.0,0.8400000000000001,0.4844170266229248
nvbench2:test:426,426,gemma3:27b,staged,55,0.0,1.0,1,1,1.0,1.0,1.0,40.51796450000256,5,5,multi_gold,arc,0.0,0.0,0.0,0.0,0.0,0.0,0.0,0.0,0.0,0.0,0.0,0.0,0.0,0.0,0.0,0.0,0.0,0.0,0.0,0.0,0.0,0.0,0.0,0.0,0.0,0.0,1.0,1.0,0.0,0.0,1.0,0.6,1.0,1.0,0.0,0.0,1.0,0.6,0.17491053656067107
nvbench2:test:430,430,gemma3:27b,staged,55,0.0,1.0,1,1,1.0,1.0,1.0,45.652633699937724,2,2,multi_gold,bar,0.0,0.0,0.0,0.0,0.0,0.0,0.0,0.0,0.0,0.0,0.0,0.0,0.0,0.0,0.0,0.0,0.0,0.0,0.0,0.0,0.0,0.0,0.0,0.0,0.0,0.0,1.0,0.8,0.8,1.0,0.0,0.72,1.0,0.8,0.8,1.0,0.0,0.72,0.39681784768346284
nvbench2:test:432,432,gemma3:27b,staged,55,0.0,1.0,1,0,1.0,0.0,0.0,46.259906199993566,5,5,multi_gold,bar+line+rect,0.0,0.0,0.0,0.0,0.0,0.0,0.0,0.0,0.0,0.0,0.0,0.0,0.0,0.0,0.0,0.0,0.0,0.0,0.0,0.0,0.0,0.0,0.0,0.0,0.0,0.0,1.0,0.8,0.4,1.0,0.0,0.64,1.0,0.8,0.4,1.0,0.0,0.64,0.18936303228555582
nvbench2:test:434,434,gemma3:27b,staged,55,0.0,1.0,1,1,1.0,1.0,1.0,39.476654700003564,5,5,multi_gold,arc,1.0,1.0,0.2,1.0,0.33333333333333337,1.0,0.2,1.0,0.33333333333333337,1.0,0.2,1.0,0.33333333333333337,1.0,1.0,0.2,1.0,0.33333333333333337,1.0,0.2,1.0,0.33333333333333337,1.0,0.2,1.0,0.33333333333333337,1.0,1.0,1.0,1.0,1.0,1.0,1.0,1.0,1.0,1.0,1.0,1.0,0.3391602052736161
nvbench2:test:435,435,gemma3:27b,staged,55,0.0,1.0,1,1,1.0,1.0,1.0,45.109918100060895,4,4,multi_gold,rect,1.0,1.0,0.25,1.0,0.4,1.0,0.25,1.0,0.4,1.0,0.25,1.0,0.4,1.0,1.0,0.25,1.0,0.4,1.0,0.25,1.0,0.4,1.0,0.25,1.0,0.4,1.0,1.0,1.0,1.0,1.0,1.0,1.0,1.0,1.0,1.0,1.0,1.0,0.3903800499921017
nvbench2:test:443,443,gemma3:27b,staged,55,0.0,1.0,1,1,1.0,1.0,1.0,50.07459580001887,2,2,multi_gold,arc,0.0,0.0,0.0,0.0,0.0,0.0,0.0,0.0,0.0,0.0,0.0,0.0,0.0,0.0,0.0,0.0,0.0,0.0,0.0,0.0,0.0,0.0,0.0,0.0,0.0,0.0,1.0,1.0,1.0,1.0,0.0,0.8,1.0,1.0,1.0,1.0,0.0,0.8,0.4544040753253556
nvbench2:test:446,446,gemma3:27b,staged,55,0.0,1.0,1,1,1.0,1.0,1.0,53.86364439991303,2,2,multi_gold,arc,0.0,0.0,0.0,0.0,0.0,0.0,0.0,0.0,0.0,0.0,0.0,0.0,0.0,0.0,0.0,0.0,0.0,0.0,0.0,0.0,0.0,0.0,0.0,0.0,0.0,0.0,1.0,1.0,1.0,1.0,0.0,0.8,1.0,1.0,1.0,1.0,0.0,0.8,0.4544040753253556
nvbench2:test:454,454,gemma3:27b,staged,55,0.0,1.0,1,1,1.0,1.0,1.0,43.05662869999651,2,2,multi_gold,arc,0.0,0.0,0.0,0.0,0.0,0.0,0.0,0.0,0.0,0.0,0.0,0.0,0.0,0.0,0.0,0.0,0.0,0.0,0.0,0.0,0.0,0.0,0.0,0.0,0.0,0.0,1.0,1.0,0.0,0.0,1.0,0.6,1.0,1.0,0.0,0.0,1.0,0.6,0.3162101650184913
nvbench2:test:461,461,gemma3:27b,staged,55,0.0,1.0,1,1,1.0,1.0,1.0,43.00440549990162,3,3,multi_gold,rect,1.0,1.0,0.3333333333333333,1.0,0.5,1.0,0.3333333333333333,1.0,0.5,1.0,0.3333333333333333,1.0,0.5,1.0,1.0,0.3333333333333333,1.0,0.5,1.0,0.3333333333333333,1.0,0.5,1.0,0.3333333333333333,1.0,0.5,1.0,1.0,1.0,1.0,1.0,1.0,1.0,1.0,1.0,1.0,1.0,1.0,0.46927872602275644
nvbench2:test:466,466,gemma3:27b,staged,55,0.0,1.0,1,0,1.0,0.0,0.0,42.0950743999565,2,2,multi_gold,rect,0.0,0.0,0.0,0.0,0.0,0.0,0.0,0.0,0.0,0.0,0.0,0.0,0.0,0.0,0.0,0.0,0.0,0.0,0.0,0.0,0.0,0.0,0.0,0.0,0.0,0.0,1.0,0.8,0.4,0.6666666666666666,1.0,0.7733333333333333,1.0,0.8,0.4,0.6666666666666666,1.0,0.7733333333333333,0.43485278687002965
nvbench2:test:471,471,gemma3:27b,staged,55,0.0,1.0,1,1,1.0,1.0,1.0,39.118037700071,5,5,multi_gold,line,1.0,1.0,0.2,1.0,0.33333333333333337,1.0,0.2,1.0,0.33333333333333337,1.0,0.2,1.0,0.33333333333333337,1.0,1.0,0.2,1.0,0.33333333333333337,1.0,0.2,1.0,0.33333333333333337,1.0,0.2,1.0,0.33333333333333337,1.0,1.0,1.0,1.0,1.0,1.0,1.0,1.0,1.0,1.0,1.0,1.0,0.3391602052736161
nvbench2:test:479,479,gemma3:27b,staged,55,0.0,1.0,2,1,1.0,1.0,0.0,49.572967599960975,2,2,multi_gold,bar+line,0.0,0.0,0.0,0.0,0.0,0.0,0.0,0.0,0.0,0.0,0.0,0.0,0.0,0.0,0.0,0.0,0.0,0.0,0.0,0.0,0.0,0.0,0.0,0.0,0.0,0.0,1.0,0.8,0.4,0.5,1.0,0.74,1.0,0.8,0.4,0.5,1.0,0.74,0.6104228357461522
nvbench2:test:483,483,gemma3:27b,staged,55,0.0,1.0,1,1,1.0,1.0,1.0,39.34778760001063,2,2,multi_gold,arc,1.0,1.0,0.5,1.0,0.6666666666666666,1.0,0.5,1.0,0.6666666666666666,1.0,0.5,1.0,0.6666666666666666,1.0,1.0,0.5,1.0,0.6666666666666666,1.0,0.5,1.0,0.6666666666666666,1.0,0.5,1.0,0.6666666666666666,1.0,1.0,1.0,1.0,1.0,1.0,1.0,1.0,1.0,1.0,1.0,1.0,0.6131471927654584
nvbench2:test:486,486,gemma3:27b,staged,55,0.0,1.0,1,1,1.0,1.0,1.0,39.97738880000543,2,2,multi_gold,rect,0.0,0.0,0.0,0.0,0.0,0.0,0.0,0.0,0.0,0.0,0.0,0.0,0.0,0.0,0.0,0.0,0.0,0.0,0.0,0.0,0.0,0.0,0.0,0.0,0.0,0.0,1.0,1.0,0.6666666666666666,0.6666666666666666,1.0,0.8666666666666666,1.0,1.0,0.6666666666666666,0.6666666666666666,1.0,0.8666666666666666,0.5048929761157583
nvbench2:test:489,489,gemma3:27b,staged,55,0.0,1.0,1,0,1.0,0.0,0.0,42.942429800052196,2,2,multi_gold,arc,0.0,0.0,0.0,0.0,0.0,0.0,0.0,0.0,0.0,0.0,0.0,0.0,0.0,0.0,0.0,0.0,0.0,0.0,0.0,0.0,0.0,0.0,0.0,0.0,0.0,0.0,1.0,1.0,0.5,0.0,1.0,0.7,1.0,1.0,0.5,0.0,1.0,0.7,0.38291336052022606
nvbench2:test:492,492,gemma3:27b,staged,55,0.0,1.0,1,1,1.0,1.0,1.0,40.80130609998014,2,2,multi_gold,rect,0.0,0.0,0.0,0.0,0.0,0.0,0.0,0.0,0.0,0.0,0.0,0.0,0.0,0.0,0.0,0.0,0.0,0.0,0.0,0.0,0.0,0.0,0.0,0.0,0.0,0.0,1.0,1.0,0.6666666666666666,1.0,1.0,0.9333333333333333,1.0,1.0,0.6666666666666666,1.0,1.0,0.9333333333333333,0.5577697051812209
nvbench2:test:505,505,gemma3:27b,staged,55,0.0,1.0,1,1,1.0,1.0,1.0,49.10651690000668,2,2,multi_gold,bar,0.0,0.0,0.0,0.0,0.0,0.0,0.0,0.0,0.0,0.0,0.0,0.0,0.0,0.0,0.0,0.0,0.0,0.0,0.0,0.0,0.0,0.0,0.0,0.0,0.0,0.0,1.0,0.8,0.8,1.0,0.0,0.72,1.0,0.8,0.8,1.0,0.0,0.72,0.39681784768346284
nvbench2:test:508,508,gemma3:27b,staged,55,0.0,1.0,1,1,1.0,1.0,1.0,38.375346799963154,2,2,multi_gold,arc,1.0,1.0,0.5,1.0,0.6666666666666666,1.0,0.5,1.0,0.6666666666666666,1.0,0.5,1.0,0.6666666666666666,1.0,1.0,0.5,1.0,0.6666666666666666,1.0,0.5,1.0,0.6666666666666666,1.0,0.5,1.0,0.6666666666666666,1.0,1.0,1.0,1.0,1.0,1.0,1.0,1.0,1.0,1.0,1.0,1.0,0.6131471927654584
nvbench2:test:519,519,gemma3:27b,staged,55,0.0,1.0,1,1,1.0,1.0,1.0,39.9694676999934,3,3,multi_gold,boxplot,0.0,0.0,0.0,0.0,0.0,0.0,0.0,0.0,0.0,0.0,0.0,0.0,0.0,0.0,0.0,0.0,0.0,0.0,0.0,0.0,0.0,0.0,0.0,0.0,0.0,0.0,1.0,1.0,1.0,1.0,1.0,1.0,1.0,1.0,1.0,1.0,1.0,1.0,0.46927872602275644
nvbench2:test:524,524,gemma3:27b,staged,55,0.0,1.0,2,2,1.0,1.0,1.0,47.59581560001243,5,5,multi_gold,bar+line+rect,0.0,0.0,0.0,0.0,0.0,0.0,0.0,0.0,0.0,0.0,0.0,0.0,0.0,0.0,0.0,0.0,0.0,0.0,0.0,0.0,0.0,0.0,0.0,0.0,0.0,0.0,1.0,0.8,0.8,1.0,1.0,0.9199999999999999,1.0,0.8,0.8,1.0,1.0,0.9199999999999999,0.49347042541280595
nvbench2:test:526,526,gemma3:27b,staged,55,0.0,1.0,1,0,1.0,0.0,0.0,66.60952549998183,2,2,multi_gold,arc,0.0,0.0,0.0,0.0,0.0,0.0,0.0,0.0,0.0,0.0,0.0,0.0,0.0,0.0,0.0,0.0,0.0,0.0,0.0,0.0,0.0,0.0,0.0,0.0,0.0,0.0,1.0,0.6666666666666666,0.6666666666666666,1.0,0.0,0.6666666666666666,1.0,0.6666666666666666,0.6666666666666666,1.0,0.0,0.6666666666666666,0.36016330604177854
nvbench2:test:531,531,gemma3:27b,staged,55,0.0,1.0,1,1,1.0,1.0,1.0,46.53206819994375,3,3,multi_gold,line,0.0,0.0,0.0,0.0,0.0,0.0,0.0,0.0,0.0,0.0,0.0,0.0,0.0,0.0,0.0,0.0,0.0,0.0,0.0,0.0,0.0,0.0,0.0,0.0,0.0,0.0,1.0,1.0,1.0,1.0,0.0,0.8,1.0,1.0,1.0,1.0,0.0,0.8,0.3477829925412398
nvbench2:test:532,532,gemma3:27b,staged,55,0.0,1.0,1,1,1.0,1.0,1.0,41.072681899997406,3,3,multi_gold,arc+bar+line,0.0,0.0,0.0,0.0,0.0,0.0,0.0,0.0,0.0,0.0,0.0,0.0,0.0,0.0,0.0,0.0,0.0,0.0,0.0,0.0,0.0,0.0,0.0,0.0,0.0,0.0,1.0,1.0,1.0,1.0,1.0,1.0,1.0,1.0,1.0,1.0,1.0,1.0,0.46927872602275644
nvbench2:test:535,535,gemma3:27b,staged,55,0.0,1.0,1,0,1.0,0.0,0.0,56.878284899983555,3,3,multi_gold,line,0.0,0.0,0.0,0.0,0.0,0.0,0.0,0.0,0.0,0.0,0.0,0.0,0.0,0.0,0.0,0.0,0.0,0.0,0.0,0.0,0.0,0.0,0.0,0.0,0.0,0.0,1.0,1.0,0.5,1.0,0.0,0.7,1.0,1.0,0.5,1.0,0.0,0.7,0.29306681351921393
nvbench2:test:545,545,gemma3:27b,staged,55,0.0,1.0,1,1,1.0,1.0,1.0,45.760831799940206,2,2,multi_gold,rect,1.0,1.0,0.5,1.0,0.6666666666666666,1.0,0.5,1.0,0.6666666666666666,1.0,0.5,1.0,0.6666666666666666,1.0,1.0,0.5,1.0,0.6666666666666666,1.0,0.5,1.0,0.6666666666666666,1.0,0.5,1.0,0.6666666666666666,1.0,1.0,1.0,1.0,1.0,1.0,1.0,1.0,1.0,1.0,1.0,1.0,0.6131471927654584
nvbench2:test:546,546,gemma3:27b,staged,55,0.0,1.0,1,0,1.0,0.0,0.0,44.16237669996917,3,3,multi_gold,arc,0.0,0.0,0.0,0.0,0.0,0.0,0.0,0.0,0.0,0.0,0.0,0.0,0.0,0.0,0.0,0.0,0.0,0.0,0.0,0.0,0.0,0.0,0.0,0.0,0.0,0.0,1.0,1.0,0.5,1.0,1.0,0.9,1.0,1.0,0.5,1.0,1.0,0.9,0.40642634118843207
nvbench2:test:547,547,gemma3:27b,staged,55,0.0,1.0,1,1,1.0,1.0,1.0,48.3039063999895,4,3,multi_gold,rect,1.0,1.0,0.3333333333333333,1.0,0.5,1.0,0.3333333333333333,1.0,0.5,1.0,0.3333333333333333,1.0,0.5,1.0,1.0,0.3333333333333333,1.0,0.5,1.0,0.3333333333333333,1.0,0.5,1.0,0.3333333333333333,1.0,0.5,1.0,1.0,1.0,1.0,1.0,1.0,1.0,1.0,1.0,1.0,1.0,1.0,0.46927872602275644
nvbench2:test:551,551,gemma3:27b,staged,55,0.0,1.0,2,0,1.0,0.0,0.0,64.96793930011336,3,3,multi_gold,line,0.0,0.0,0.0,0.0,0.0,0.0,0.0,0.0,0.0,0.0,0.0,0.0,0.0,0.0,0.0,0.0,0.0,0.0,0.0,0.0,0.0,0.0,0.0,0.0,0.0,0.0,1.0,0.8,0.8,1.0,0.0,0.72,1.0,1.0,1.0,1.0,0.0,0.8,0.5231353984518574
nvbench2:test:552,552,gemma3:27b,staged,55,0.0,1.0,1,0,1.0,0.0,0.0,38.54279320000205,2,2,multi_gold,arc,0.0,0.0,0.0,0.0,0.0,0.0,0.0,0.0,0.0,0.0,0.0,0.0,0.0,0.0,0.0,0.0,0.0,0.0,0.0,0.0,0.0,0.0,0.0,0.0,0.0,0.0,1.0,0.6666666666666666,0.6666666666666666,1.0,1.0,0.8666666666666666,1.0,0.6666666666666666,0.6666666666666666,1.0,1.0,0.8666666666666666,0.5048929761157583
nvbench2:test:553,553,gemma3:27b,staged,55,0.0,1.0,1,0,1.0,0.0,0.0,42.18273240001872,3,3,multi_gold,bar,0.0,0.0,0.0,0.0,0.0,0.0,0.0,0.0,0.0,0.0,0.0,0.0,0.0,0.0,0.0,0.0,0.0,0.0,0.0,0.0,0.0,0.0,0.0,0.0,0.0,0.0,1.0,0.6666666666666666,0.0,0.0,1.0,0.5333333333333333,1.0,0.6666666666666666,0.0,0.0,1.0,0.5333333333333333,0.20989393793519043
nvbench2:test:554,554,gemma3:27b,staged,55,0.0,1.0,1,1,1.0,1.0,1.0,41.15684229996987,2,2,multi_gold,arc,1.0,1.0,0.5,1.0,0.6666666666666666,1.0,0.5,1.0,0.6666666666666666,1.0,0.5,1.0,0.6666666666666666,1.0,1.0,0.5,1.0,0.6666666666666666,1.0,0.5,1.0,0.6666666666666666,1.0,0.5,1.0,0.6666666666666666,1.0,1.0,1.0,1.0,1.0,1.0,1.0,1.0,1.0,1.0,1.0,1.0,0.6131471927654584
nvbench2:test:556,556,gemma3:27b,staged,55,0.0,1.0,1,1,1.0,1.0,1.0,48.93609979993198,2,1,single_gold,rect,1.0,1.0,1.0,1.0,1.0,1.0,1.0,1.0,1.0,1.0,1.0,1.0,1.0,1.0,1.0,1.0,1.0,1.0,1.0,1.0,1.0,1.0,1.0,1.0,1.0,1.0,1.0,1.0,1.0,1.0,1.0,1.0,1.0,1.0,1.0,1.0,1.0,1.0,1.0
nvbench2:test:558,558,gemma3:27b,staged,55,0.0,1.0,1,1,1.0,1.0,1.0,59.205811799969524,2,2,multi_gold,arc,0.0,0.0,0.0,0.0,0.0,0.0,0.0,0.0,0.0,0.0,0.0,0.0,0.0,0.0,0.0,0.0,0.0,0.0,0.0,0.0,0.0,0.0,0.0,0.0,0.0,0.0,0.0,0.4,0.4,0.0,0.0,0.16,0.0,0.4,0.4,0.0,0.0,0.16,0.07191427945647642
nvbench2:test:561,561,gemma3:27b,staged,55,0.0,1.0,1,1,1.0,1.0,1.0,38.299012499977835,5,5,multi_gold,line,1.0,1.0,0.2,1.0,0.33333333333333337,1.0,0.2,1.0,0.33333333333333337,1.0,0.2,1.0,0.33333333333333337,1.0,1.0,0.2,1.0,0.33333333333333337,1.0,0.2,1.0,0.33333333333333337,1.0,0.2,1.0,0.33333333333333337,1.0,1.0,1.0,1.0,1.0,1.0,1.0,1.0,1.0,1.0,1.0,1.0,0.3391602052736161
nvbench2:test:566,566,gemma3:27b,staged,55,0.0,1.0,1,1,1.0,1.0,1.0,39.67742019996513,4,4,multi_gold,boxplot,1.0,1.0,0.25,1.0,0.4,1.0,0.25,1.0,0.4,1.0,0.25,1.0,0.4,1.0,1.0,0.25,1.0,0.4,1.0,0.25,1.0,0.4,1.0,0.25,1.0,0.4,1.0,1.0,1.0,1.0,1.0,1.0,1.0,1.0,1.0,1.0,1.0,1.0,0.3903800499921017
nvbench2:test:574,574,gemma3:27b,staged,55,0.0,1.0,1,0,1.0,0.0,0.0,46.96348759997636,5,5,multi_gold,bar,0.0,0.0,0.0,0.0,0.0,0.0,0.0,0.0,0.0,0.0,0.0,0.0,0.0,0.0,0.0,0.0,0.0,0.0,0.0,0.0,0.0,0.0,0.0,0.0,0.0,0.0,1.0,0.8,0.4,1.0,1.0,0.8400000000000001,1.0,0.8,0.4,1.0,1.0,0.8400000000000001,0.2679535682883118
nvbench2:test:577,577,gemma3:27b,staged,55,0.0,1.0,1,1,1.0,1.0,1.0,39.55381909990683,5,5,multi_gold,line,0.0,0.0,0.0,0.0,0.0,0.0,0.0,0.0,0.0,0.0,0.0,0.0,0.0,0.0,0.0,0.0,0.0,0.0,0.0,0.0,0.0,0.0,0.0,0.0,0.0,0.0,1.0,1.0,0.5,0.0,1.0,0.7,1.0,1.0,0.5,0.0,1.0,0.7,0.21180717369071872
nvbench2:test:578,578,gemma3:27b,staged,55,0.0,1.0,1,0,1.0,0.0,0.0,44.55622270004824,3,3,multi_gold,arc,0.0,0.0,0.0,0.0,0.0,0.0,0.0,0.0,0.0,0.0,0.0,0.0,0.0,0.0,0.0,0.0,0.0,0.0,0.0,0.0,0.0,0.0,0.0,0.0,0.0,0.0,1.0,1.0,0.5,1.0,1.0,0.9,1.0,1.0,0.5,1.0,1.0,0.9,0.40642634118843207
nvbench2:test:583,583,gemma3:27b,staged,55,0.0,1.0,1,1,1.0,1.0,1.0,44.15826189995278,4,4,multi_gold,rect,0.0,0.0,0.0,0.0,0.0,0.0,0.0,0.0,0.0,0.0,0.0,0.0,0.0,0.0,0.0,0.0,0.0,0.0,0.0,0.0,0.0,0.0,0.0,0.0,0.0,0.0,1.0,1.0,0.6666666666666666,0.0,1.0,0.7333333333333333,1.0,1.0,0.6666666666666666,0.0,1.0,0.7333333333333333,0.25861733291100014
nvbench2:test:589,589,gemma3:27b,staged,55,0.0,1.0,1,1,1.0,1.0,1.0,40.736162499990314,2,2,multi_gold,arc,1.0,1.0,0.5,1.0,0.6666666666666666,1.0,0.5,1.0,0.6666666666666666,1.0,0.5,1.0,0.6666666666666666,1.0,1.0,0.5,1.0,0.6666666666666666,1.0,0.5,1.0,0.6666666666666666,1.0,0.5,1.0,0.6666666666666666,1.0,1.0,1.0,1.0,1.0,1.0,1.0,1.0,1.0,1.0,1.0,1.0,0.6131471927654584
nvbench2:test:609,609,gemma3:27b,staged,55,0.0,1.0,1,1,1.0,1.0,1.0,39.92462439998053,2,2,multi_gold,point,0.0,0.0,0.0,0.0,0.0,0.0,0.0,0.0,0.0,0.0,0.0,0.0,0.0,0.0,0.0,0.0,0.0,0.0,0.0,0.0,0.0,0.0,0.0,0.0,0.0,0.0,0.0,1.0,1.0,1.0,1.0,0.8,0.0,1.0,1.0,1.0,1.0,0.8,0.4544040753253556
nvbench2:test:610,610,gemma3:27b,staged,55,0.0,1.0,1,1,1.0,1.0,1.0,37.19315379997715,2,2,multi_gold,bar,0.0,0.0,0.0,0.0,0.0,0.0,0.0,0.0,0.0,0.0,0.0,0.0,0.0,0.0,0.0,0.0,0.0,0.0,0.0,0.0,0.0,0.0,0.0,0.0,0.0,0.0,1.0,1.0,0.0,1.0,1.0,0.8,1.0,1.0,0.0,1.0,1.0,0.8,0.4544040753253556
nvbench2:test:611,611,gemma3:27b,staged,55,0.0,1.0,3,1,1.0,1.0,0.0,63.26322029996663,2,2,multi_gold,bar+line,0.0,0.0,0.0,0.0,0.0,0.0,0.0,0.0,0.0,0.0,0.0,0.0,0.0,0.0,0.0,0.0,0.0,0.0,0.0,0.0,0.0,0.0,0.0,0.0,0.0,0.0,1.0,0.6666666666666666,0.0,0.0,1.0,0.5333333333333333,1.0,0.6666666666666666,0.6666666666666666,0.0,1.0,0.6666666666666666,0.577926062583942
nvbench2:test:622,622,gemma3:27b,staged,55,0.0,1.0,2,2,1.0,1.0,1.0,64.6010721999919,4,4,multi_gold,line,0.0,0.0,0.0,0.0,0.0,0.0,0.0,0.0,0.0,0.0,0.0,0.0,0.0,0.0,0.0,0.0,0.0,0.0,0.0,0.0,0.0,0.0,0.0,0.0,0.0,0.0,1.0,0.8,0.8,0.0,0.0,0.52,1.0,0.8,0.8,0.0,0.0,0.52,0.2305718788065172
nvbench2:test:623,623,gemma3:27b,staged,55,0.0,1.0,1,0,1.0,0.0,0.0,43.48341009998694,2,2,multi_gold,arc,0.0,0.0,0.0,0.0,0.0,0.0,0.0,0.0,0.0,0.0,0.0,0.0,0.0,0.0,0.0,0.0,0.0,0.0,0.0,0.0,0.0,0.0,0.0,0.0,0.0,0.0,1.0,1.0,1.0,0.0,1.0,0.8,1.0,1.0,1.0,0.0,1.0,0.8,0.4544040753253556
nvbench2:test:634,634,gemma3:27b,staged,55,0.0,1.0,1,1,1.0,1.0,1.0,54.965431299991906,2,2,multi_gold,boxplot,0.0,0.0,0.0,0.0,0.0,0.0,0.0,0.0,0.0,0.0,0.0,0.0,0.0,0.0,0.0,0.0,0.0,0.0,0.0,0.0,0.0,0.0,0.0,0.0,0.0,0.0,1.0,1.0,0.5,0.0,0.0,0.5,1.0,1.0,0.5,0.0,0.0,0.5,0.2539738829744434
nvbench2:test:636,636,gemma3:27b,staged,55,0.0,1.0,1,1,1.0,1.0,1.0,42.66448259993922,2,2,multi_gold,arc,0.0,0.0,0.0,0.0,0.0,0.0,0.0,0.0,0.0,0.0,0.0,0.0,0.0,0.0,0.0,0.0,0.0,0.0,0.0,0.0,0.0,0.0,0.0,0.0,0.0,0.0,1.0,1.0,0.5,0.6666666666666666,1.0,0.8333333333333334,1.0,1.0,0.5,0.6666666666666666,1.0,0.8333333333333334,0.47935690336673037
nvbench2:test:637,637,gemma3:27b,staged,55,0.0,1.0,1,1,1.0,1.0,1.0,58.04923350003082,2,2,multi_gold,line,0.0,0.0,0.0,0.0,0.0,0.0,0.0,0.0,0.0,0.0,0.0,0.0,0.0,0.0,0.0,0.0,0.0,0.0,0.0,0.0,0.0,0.0,0.0,0.0,0.0,0.0,1.0,1.0,1.0,0.6666666666666666,0.0,0.7333333333333333,1.0,1.0,1.0,0.6666666666666666,0.0,0.7333333333333333,0.40619517231497354
nvbench2:test:642,642,gemma3:27b,staged,55,0.0,1.0,1,1,1.0,1.0,1.0,47.50310229999013,2,2,multi_gold,boxplot,0.0,0.0,0.0,0.0,0.0,0.0,0.0,0.0,0.0,0.0,0.0,0.0,0.0,0.0,0.0,0.0,0.0,0.0,0.0,0.0,0.0,0.0,0.0,0.0,0.0,0.0,1.0,1.0,0.0,0.0,0.0,0.4,1.0,1.0,0.0,0.0,0.0,0.4,0.19590537855675663
nvbench2:test:647,647,gemma3:27b,staged,55,0.0,1.0,1,1,1.0,1.0,1.0,62.584947400027886,4,4,multi_gold,bar+line+point,0.0,0.0,0.0,0.0,0.0,0.0,0.0,0.0,0.0,0.0,0.0,0.0,0.0,0.0,0.0,0.0,0.0,0.0,0.0,0.0,0.0,0.0,0.0,0.0,0.0,0.0,1.0,1.0,1.0,0.6666666666666666,0.0,0.7333333333333333,1.0,1.0,1.0,0.6666666666666666,0.0,0.7333333333333333,0.25861733291100014
nvbench2:test:649,649,gemma3:27b,staged,55,0.0,1.0,1,1,1.0,1.0,1.0,51.35632140003145,4,4,multi_gold,rect,0.0,0.0,0.0,0.0,0.0,0.0,0.0,0.0,0.0,0.0,0.0,0.0,0.0,0.0,0.0,0.0,0.0,0.0,0.0,0.0,0.0,0.0,0.0,0.0,0.0,0.0,1.0,1.0,0.3333333333333333,0.5,0.0,0.5666666666666667,1.0,1.0,0.3333333333333333,0.5,0.0,0.5666666666666667,0.18781088651270667
nvbench2:test:651,651,gemma3:27b,staged,55,0.0,1.0,1,1,1.0,1.0,1.0,71.0586230000481,3,3,multi_gold,point,0.0,0.0,0.0,0.0,0.0,0.0,0.0,0.0,0.0,0.0,0.0,0.0,0.0,0.0,0.0,0.0,0.0,0.0,0.0,0.0,0.0,0.0,0.0,0.0,0.0,0.0,0.0,0.6666666666666666,0.0,0.0,0.0,0.13333333333333333,0.0,0.6666666666666666,0.0,0.0,0.0,0.13333333333333333,0.045437903118273296
nvbench2:test:658,658,gemma3:27b,staged,55,0.0,1.0,1,1,1.0,1.0,1.0,44.737626099959016,3,3,multi_gold,bar,0.0,0.0,0.0,0.0,0.0,0.0,0.0,0.0,0.0,0.0,0.0,0.0,0.0,0.0,0.0,0.0,0.0,0.0,0.0,0.0,0.0,0.0,0.0,0.0,0.0,0.0,1.0,1.0,1.0,0.5,0.0,0.7,1.0,1.0,1.0,0.5,0.0,0.7,0.29306681351921393
nvbench2:test:663,663,gemma3:27b,staged,55,0.0,1.0,2,0,1.0,0.0,0.0,67.078551899991,2,2,multi_gold,point,0.0,0.0,0.0,0.0,0.0,0.0,0.0,0.0,0.0,0.0,0.0,0.0,0.0,0.0,0.0,0.0,0.0,0.0,0.0,0.0,0.0,0.0,0.0,0.0,0.0,0.0,0.0,0.5,0.0,0.0,1.0,0.3,0.0,0.5,0.0,0.0,1.0,0.3,0.2311444133449163
nvbench2:test:665,665,gemma3:27b,staged,55,0.0,1.0,1,1,1.0,1.0,1.0,42.518532200017944,5,5,multi_gold,point,0.0,0.0,0.0,0.0,0.0,0.0,0.0,0.0,0.0,0.0,0.0,0.0,0.0,0.0,0.0,0.0,0.0,0.0,0.0,0.0,0.0,0.0,0.0,0.0,0.0,0.0,1.0,0.6666666666666666,0.0,0.0,1.0,0.5333333333333333,1.0,0.6666666666666666,0.0,0.0,1.0,0.5333333333333333,0.1516959263828524
nvbench2:test:666,666,gemma3:27b,staged,55,0.0,1.0,1,1,1.0,1.0,1.0,43.22728630003985,2,2,multi_gold,arc,0.0,0.0,0.0,0.0,0.0,0.0,0.0,0.0,0.0,0.0,0.0,0.0,0.0,0.0,0.0,0.0,0.0,0.0,0.0,0.0,0.0,0.0,0.0,0.0,0.0,0.0,1.0,1.0,0.5,1.0,1.0,0.9,1.0,1.0,0.5,1.0,1.0,0.9,0.5310259262712439
nvbench2:test:676,676,gemma3:27b,staged,55,0.0,1.0,1,1,1.0,1.0,1.0,38.57983399997465,2,2,multi_gold,line,1.0,1.0,0.5,1.0,0.6666666666666666,1.0,0.5,1.0,0.6666666666666666,1.0,0.5,1.0,0.6666666666666666,1.0,1.0,0.5,1.0,0.6666666666666666,1.0,0.5,1.0,0.6666666666666666,1.0,0.5,1.0,0.6666666666666666,1.0,1.0,1.0,1.0,1.0,1.0,1.0,1.0,1.0,1.0,1.0,1.0,0.6131471927654584
nvbench2:test:677,677,gemma3:27b,staged,55,0.0,1.0,1,1,1.0,1.0,1.0,40.164327800041065,2,2,multi_gold,arc,0.0,0.0,0.0,0.0,0.0,0.0,0.0,0.0,0.0,0.0,0.0,0.0,0.0,0.0,0.0,0.0,0.0,0.0,0.0,0.0,0.0,0.0,0.0,0.0,0.0,0.0,1.0,1.0,0.0,0.0,1.0,0.6,1.0,1.0,0.0,0.0,1.0,0.6,0.3162101650184913
nvbench2:test:685,685,gemma3:27b,staged,55,0.0,1.0,1,0,1.0,0.0,0.0,41.59733949997462,3,3,multi_gold,point,0.0,0.0,0.0,0.0,0.0,0.0,0.0,0.0,0.0,0.0,0.0,0.0,0.0,0.0,0.0,0.0,0.0,0.0,0.0,0.0,0.0,0.0,0.0,0.0,0.0,0.0,0.0,0.6666666666666666,0.0,0.0,1.0,0.3333333333333333,0.0,0.6666666666666666,0.0,0.0,1.0,0.3333333333333333,0.1219754191611634
nvbench2:test:687,687,gemma3:27b,staged,55,0.0,1.0,1,1,1.0,1.0,1.0,41.942691900068894,2,2,multi_gold,boxplot,0.0,0.0,0.0,0.0,0.0,0.0,0.0,0.0,0.0,0.0,0.0,0.0,0.0,0.0,0.0,0.0,0.0,0.0,0.0,0.0,0.0,0.0,0.0,0.0,0.0,0.0,1.0,1.0,0.0,0.0,1.0,0.6,1.0,1.0,0.0,0.0,1.0,0.6,0.3162101650184913
nvbench2:test:688,688,gemma3:27b,staged,55,0.0,1.0,1,1,1.0,1.0,1.0,37.28814560000319,2,2,multi_gold,boxplot,0.0,0.0,0.0,0.0,0.0,0.0,0.0,0.0,0.0,0.0,0.0,0.0,0.0,0.0,0.0,0.0,0.0,0.0,0.0,0.0,0.0,0.0,0.0,0.0,0.0,0.0,0.0,1.0,0.0,0.0,1.0,0.4,0.0,1.0,0.0,0.0,1.0,0.4,0.19590537855675663
nvbench2:test:695,695,gemma3:27b,staged,55,0.0,1.0,1,1,1.0,1.0,1.0,42.51899399992544,2,2,multi_gold,point,0.0,0.0,0.0,0.0,0.0,0.0,0.0,0.0,0.0,0.0,0.0,0.0,0.0,0.0,0.0,0.0,0.0,0.0,0.0,0.0,0.0,0.0,0.0,0.0,0.0,0.0,1.0,0.6666666666666666,0.0,0.0,0.0,0.3333333333333333,1.0,0.6666666666666666,0.0,0.0,0.0,0.3333333333333333,0.15936986208369214
nvbench2:test:703,703,gemma3:27b,staged,55,0.0,1.0,1,0,1.0,0.0,0.0,43.2729440999683,4,4,multi_gold,arc,0.0,0.0,0.0,0.0,0.0,0.0,0.0,0.0,0.0,0.0,0.0,0.0,0.0,0.0,0.0,0.0,0.0,0.0,0.0,0.0,0.0,0.0,0.0,0.0,0.0,0.0,1.0,1.0,0.5,0.0,0.0,0.5,1.0,1.0,0.5,0.0,0.0,0.5,0.16170071118661541
nvbench2:test:705,705,gemma3:27b,staged,55,0.0,1.0,1,0,1.0,0.0,0.0,48.36942099989392,2,2,multi_gold,arc,0.0,0.0,0.0,0.0,0.0,0.0,0.0,0.0,0.0,0.0,0.0,0.0,0.0,0.0,0.0,0.0,0.0,0.0,0.0,0.0,0.0,0.0,0.0,0.0,0.0,0.0,1.0,1.0,0.5,1.0,1.0,0.9,1.0,1.0,0.5,1.0,1.0,0.9,0.5310259262712439
nvbench2:test:707,707,gemma3:27b,staged,55,0.0,1.0,1,1,1.0,1.0,1.0,45.989894600003026,4,4,multi_gold,arc,1.0,1.0,0.25,1.0,0.4,1.0,0.25,1.0,0.4,1.0,0.25,1.0,0.4,1.0,1.0,0.25,1.0,0.4,1.0,0.25,1.0,0.4,1.0,0.25,1.0,0.4,1.0,1.0,1.0,1.0,1.0,1.0,1.0,1.0,1.0,1.0,1.0,1.0,0.3903800499921017
nvbench2:test:711,711,gemma3:27b,staged,55,0.0,1.0,1,0,1.0,0.0,0.0,35.63097820000257,2,2,multi_gold,boxplot,0.0,0.0,0.0,0.0,0.0,0.0,0.0,0.0,0.0,0.0,0.0,0.0,0.0,0.0,0.0,0.0,0.0,0.0,0.0,0.0,0.0,0.0,0.0,0.0,0.0,0.0,1.0,0.6666666666666666,0.0,0.0,1.0,0.5333333333333333,1.0,0.6666666666666666,0.0,0.0,1.0,0.5333333333333333,0.27424187734691513
nvbench2:test:727,727,gemma3:27b,staged,55,0.0,1.0,1,0,1.0,0.0,0.0,55.59139179997146,2,2,multi_gold,bar,0.0,0.0,0.0,0.0,0.0,0.0,0.0,0.0,0.0,0.0,0.0,0.0,0.0,0.0,0.0,0.0,0.0,0.0,0.0,0.0,0.0,0.0,0.0,0.0,0.0,0.0,1.0,0.8,0.4,0.6666666666666666,1.0,0.7733333333333333,1.0,0.8,0.4,0.6666666666666666,1.0,0.7733333333333333,0.43485278687002965
nvbench2:test:730,730,gemma3:27b,staged,55,0.0,1.0,1,0,1.0,0.0,0.0,48.734494099975564,3,3,multi_gold,arc,0.0,0.0,0.0,0.0,0.0,0.0,0.0,0.0,0.0,0.0,0.0,0.0,0.0,0.0,0.0,0.0,0.0,0.0,0.0,0.0,0.0,0.0,0.0,0.0,0.0,0.0,0.0,0.0,0.0,0.0,0.0,0.0,0.0,0.0,0.0,0.0,0.0,0.0,0.0
nvbench2:test:731,731,gemma3:27b,staged,55,0.0,1.0,1,1,1.0,1.0,1.0,49.42820019996725,2,2,multi_gold,bar,0.0,0.0,0.0,0.0,0.0,0.0,0.0,0.0,0.0,0.0,0.0,0.0,0.0,0.0,0.0,0.0,0.0,0.0,0.0,0.0,0.0,0.0,0.0,0.0,0.0,0.0,1.0,0.8,0.8,1.0,0.0,0.72,1.0,0.8,0.8,1.0,0.0,0.72,0.39681784768346284
nvbench2:test:732,732,gemma3:27b,staged,55,0.0,1.0,1,1,1.0,1.0,1.0,40.78734230005648,2,2,multi_gold,boxplot,1.0,1.0,0.5,1.0,0.6666666666666666,1.0,0.5,1.0,0.6666666666666666,1.0,0.5,1.0,0.6666666666666666,1.0,1.0,0.5,1.0,0.6666666666666666,1.0,0.5,1.0,0.6666666666666666,1.0,0.5,1.0,0.6666666666666666,1.0,1.0,1.0,1.0,1.0,1.0,1.0,1.0,1.0,1.0,1.0,1.0,0.6131471927654584
nvbench2:test:736,736,gemma3:27b,staged,55,0.0,1.0,1,0,1.0,0.0,0.0,50.826959200087,3,3,multi_gold,bar,0.0,0.0,0.0,0.0,0.0,0.0,0.0,0.0,0.0,0.0,0.0,0.0,0.0,0.0,0.0,0.0,0.0,0.0,0.0,0.0,0.0,0.0,0.0,0.0,0.0,0.0,1.0,0.8,0.0,0.6666666666666666,1.0,0.6933333333333334,1.0,0.8,0.0,0.6666666666666666,1.0,0.6933333333333334,0.2895521559477035
nvbench2:test:737,737,gemma3:27b,staged,55,0.0,1.0,1,1,1.0,1.0,1.0,55.11428109998815,5,5,multi_gold,arc,0.0,0.0,0.0,0.0,0.0,0.0,0.0,0.0,0.0,0.0,0.0,0.0,0.0,0.0,0.0,0.0,0.0,0.0,0.0,0.0,0.0,0.0,0.0,0.0,0.0,0.0,1.0,1.0,1.0,1.0,0.0,0.8,1.0,1.0,1.0,1.0,0.0,0.8,0.2513520102235351
nvbench2:test:741,741,gemma3:27b,staged,55,0.0,1.0,1,1,1.0,1.0,1.0,40.16097909992095,2,2,multi_gold,boxplot,0.0,0.0,0.0,0.0,0.0,0.0,0.0,0.0,0.0,0.0,0.0,0.0,0.0,0.0,0.0,0.0,0.0,0.0,0.0,0.0,0.0,0.0,0.0,0.0,0.0,0.0,1.0,1.0,0.5,0.0,1.0,0.7,1.0,1.0,0.5,0.0,1.0,0.7,0.38291336052022606
nvbench2:test:745,745,gemma3:27b,staged,55,0.0,1.0,1,1,1.0,1.0,1.0,43.01795749994926,3,3,multi_gold,boxplot,0.0,0.0,0.0,0.0,0.0,0.0,0.0,0.0,0.0,0.0,0.0,0.0,0.0,0.0,0.0,0.0,0.0,0.0,0.0,0.0,0.0,0.0,0.0,0.0,0.0,0.0,1.0,1.0,1.0,1.0,0.0,0.8,1.0,1.0,1.0,1.0,0.0,0.8,0.3477829925412398
nvbench2:test:7,7,llama3.2:3b,direct,55,0.0,1.0,5,5,1.0,1.0,1.0,11.127795099979267,5,5,multi_gold,bar,0.0,0.0,0.0,0.0,0.0,0.0,0.0,0.0,0.0,0.0,0.0,0.0,0.0,0.0,0.0,0.0,0.0,0.0,0.0,0.0,0.0,0.0,0.0,0.0,0.0,0.0,1.0,1.0,1.0,0.0,1.0,0.8,1.0,1.0,1.0,0.0,1.0,0.8,0.5527661646915731
nvbench2:test:11,11,llama3.2:3b,direct,55,0.0,1.0,5,3,1.0,1.0,0.0,8.391255000024103,5,5,multi_gold,point,0.0,0.0,0.0,0.0,0.0,0.0,0.0,0.0,0.0,0.0,0.0,0.0,0.0,0.0,0.0,0.0,0.0,0.0,0.0,0.0,0.0,0.0,0.0,0.0,0.0,0.0,0.0,0.8,0.0,0.0,1.0,0.36,1.0,0.8,0.0,0.0,1.0,0.5599999999999999,0.33117223547139407
nvbench2:test:18,18,llama3.2:3b,direct,55,0.0,1.0,5,0,1.0,0.0,0.0,11.174484300077893,4,4,multi_gold,rect,0.0,0.0,0.0,0.0,0.0,0.0,0.0,0.0,0.0,0.0,0.0,0.0,0.0,0.0,0.0,0.0,0.0,0.0,0.0,0.0,0.0,0.0,0.0,0.0,0.0,0.0,1.0,0.0,0.0,0.0,0.0,0.2,1.0,0.0,0.0,0.0,0.0,0.2,0.05804887125748585
nvbench2:test:20,20,llama3.2:3b,direct,55,0.0,1.0,1,1,1.0,1.0,1.0,1.6193465000251308,2,2,multi_gold,arc,0.0,0.0,0.0,0.0,0.0,0.0,0.0,0.0,0.0,0.0,0.0,0.0,0.0,0.0,0.0,0.0,0.0,0.0,0.0,0.0,0.0,0.0,0.0,0.0,0.0,0.0,1.0,1.0,0.0,0.0,1.0,0.6,1.0,1.0,0.0,0.0,1.0,0.6,0.3162101650184913
nvbench2:test:25,25,llama3.2:3b,direct,55,0.0,1.0,5,2,1.0,1.0,0.0,7.946094400016591,2,2,multi_gold,boxplot,0.0,0.0,0.0,0.0,0.0,0.0,0.0,0.0,0.0,0.0,0.0,0.0,0.0,0.0,0.0,0.0,0.0,0.0,0.0,0.0,0.0,0.0,0.0,0.0,0.0,0.0,1.0,1.0,1.0,0.0,1.0,0.8,1.0,1.0,1.0,0.0,1.0,0.8,0.856861406984315
nvbench2:test:26,26,llama3.2:3b,direct,55,0.0,1.0,5,1,1.0,1.0,0.0,8.5545482999878,4,4,multi_gold,boxplot,0.0,0.0,0.0,0.0,0.0,0.0,0.0,0.0,0.0,0.0,0.0,0.0,0.0,0.0,0.0,0.0,0.0,0.0,0.0,0.0,0.0,0.0,0.0,0.0,0.0,0.0,1.0,1.0,0.0,0.0,0.0,0.4,1.0,1.0,0.0,0.0,0.0,0.4,0.2252860509055634
nvbench2:test:31,31,llama3.2:3b,direct,55,0.0,1.0,5,1,1.0,1.0,0.0,10.904209100059234,2,2,multi_gold,rect,0.0,0.0,0.0,0.0,0.0,0.0,0.0,0.0,0.0,0.0,0.0,0.0,0.0,0.0,0.0,0.0,0.0,0.0,0.0,0.0,0.0,0.0,0.0,0.0,0.0,0.0,0.0,0.8,0.4,0.0,1.0,0.44000000000000006,1.0,1.0,0.0,0.0,1.0,0.6,0.6387654487473136
nvbench2:test:35,35,llama3.2:3b,direct,55,0.0,1.0,5,5,1.0,1.0,1.0,6.780185499927029,4,4,multi_gold,bar+line,0.0,0.0,0.0,0.0,0.0,0.0,0.0,0.0,0.0,0.0,0.0,0.0,0.0,0.0,0.0,0.0,0.0,0.0,0.0,0.0,0.0,0.0,0.0,0.0,0.0,0.0,1.0,0.8,0.4,0.0,1.0,0.64,1.0,0.8,0.4,0.0,1.0,0.64,0.5404757541290224
nvbench2:test:37,37,llama3.2:3b,direct,55,0.0,1.0,5,5,1.0,1.0,1.0,7.014939800021239,2,2,multi_gold,arc,0.0,0.0,0.0,0.0,0.0,0.0,0.0,0.0,0.0,0.0,0.0,0.0,0.0,0.0,0.0,0.0,0.0,0.0,0.0,0.0,0.0,0.0,0.0,0.0,0.0,0.0,1.0,1.0,0.0,0.0,0.0,0.4,1.0,1.0,0.0,0.0,0.0,0.4,0.27246416237703686
nvbench2:test:39,39,llama3.2:3b,direct,55,0.0,1.0,5,4,1.0,1.0,0.0,7.315707299974747,2,2,multi_gold,bar,0.0,0.0,0.0,0.0,0.0,0.0,0.0,0.0,0.0,0.0,0.0,0.0,0.0,0.0,0.0,0.0,0.0,0.0,0.0,0.0,0.0,0.0,0.0,0.0,0.0,0.0,1.0,0.8,0.4,0.0,0.0,0.44000000000000006,1.0,0.8,0.4,0.0,0.0,0.44000000000000006,0.46426875370278314
nvbench2:test:62,62,llama3.2:3b,direct,55,0.0,1.0,5,1,1.0,1.0,0.0,8.378656399901956,3,3,multi_gold,arc,0.0,0.0,0.0,0.0,0.0,0.0,0.0,0.0,0.0,0.0,0.0,0.0,0.0,0.0,0.0,0.0,0.0,0.0,0.0,0.0,0.0,0.0,0.0,0.0,0.0,0.0,1.0,0.0,0.0,0.0,1.0,0.4,1.0,0.0,0.0,0.0,1.0,0.4,0.28590364159500775
nvbench2:test:70,70,llama3.2:3b,direct,55,0.0,1.0,5,2,1.0,1.0,0.0,8.99063280003611,2,2,multi_gold,bar,0.0,0.0,0.0,0.0,0.0,0.0,0.0,0.0,0.0,0.0,0.0,0.0,0.0,0.0,0.0,0.0,0.0,0.0,0.0,0.0,0.0,0.0,0.0,0.0,0.0,0.0,1.0,0.8,0.4,0.6666666666666666,1.0,0.7733333333333333,1.0,0.8,0.4,0.6666666666666666,1.0,0.7733333333333333,0.9082363909438501
nvbench2:test:79,79,llama3.2:3b,direct,55,0.0,1.0,5,5,1.0,1.0,1.0,7.073497399920598,3,3,multi_gold,boxplot,0.0,0.0,0.0,0.0,0.0,0.0,0.0,0.0,0.0,0.0,0.0,0.0,0.0,0.0,0.0,0.0,0.0,0.0,0.0,0.0,0.0,0.0,0.0,0.0,0.0,0.0,1.0,1.0,0.0,0.0,1.0,0.6,1.0,1.0,0.0,0.0,1.0,0.6,0.5276821578861054
nvbench2:test:90,90,llama3.2:3b,direct,55,0.0,1.0,5,3,1.0,1.0,0.0,8.809318100102246,3,3,multi_gold,arc,0.0,0.0,0.0,0.0,0.0,0.0,0.0,0.0,0.0,0.0,0.0,0.0,0.0,0.0,0.0,0.0,0.0,0.0,0.0,0.0,0.0,0.0,0.0,0.0,0.0,0.0,1.0,0.0,0.0,0.0,1.0,0.4,1.0,0.0,0.0,0.0,1.0,0.4,0.28590364159500775
nvbench2:test:97,97,llama3.2:3b,direct,55,0.0,1.0,5,3,1.0,1.0,0.0,6.843034000019543,5,5,multi_gold,line,0.0,0.0,0.0,0.0,0.0,0.0,0.0,0.0,0.0,0.0,0.0,0.0,0.0,0.0,0.0,0.0,0.0,0.0,0.0,0.0,0.0,0.0,0.0,0.0,0.0,0.0,1.0,0.8,0.4,0.0,1.0,0.64,1.0,0.8,0.4,0.0,1.0,0.64,0.5166371311269492
nvbench2:test:99,99,llama3.2:3b,direct,55,0.0,1.0,5,3,1.0,1.0,0.0,6.98198839998804,2,2,multi_gold,boxplot,0.0,0.0,0.0,0.0,0.0,0.0,0.0,0.0,0.0,0.0,0.0,0.0,0.0,0.0,0.0,0.0,0.0,0.0,0.0,0.0,0.0,0.0,0.0,0.0,0.0,0.0,1.0,1.0,0.5,1.0,1.0,0.9,1.0,1.0,0.5,1.0,1.0,0.9,1.1402339921348383
nvbench2:test:102,102,llama3.2:3b,direct,55,0.0,1.0,5,2,1.0,1.0,0.0,7.248573999968357,3,3,multi_gold,boxplot,0.0,0.0,0.0,0.0,0.0,0.0,0.0,0.0,0.0,0.0,0.0,0.0,0.0,0.0,0.0,0.0,0.0,0.0,0.0,0.0,0.0,0.0,0.0,0.0,0.0,0.0,1.0,1.0,0.5,0.0,1.0,0.7,1.0,1.0,0.5,0.0,1.0,0.7,0.6710977689982652
nvbench2:test:105,105,llama3.2:3b,direct,55,0.0,1.0,5,0,1.0,0.0,0.0,6.823984700022265,3,3,multi_gold,arc,0.0,0.0,0.0,0.0,0.0,0.0,0.0,0.0,0.0,0.0,0.0,0.0,0.0,0.0,0.0,0.0,0.0,0.0,0.0,0.0,0.0,0.0,0.0,0.0,0.0,0.0,1.0,0.0,0.0,0.0,0.0,0.2,1.0,0.0,0.0,0.0,0.0,0.2,0.06978097459468821
nvbench2:test:111,111,llama3.2:3b,direct,55,0.0,1.0,5,1,1.0,1.0,0.0,9.680397000047378,3,3,multi_gold,rect,0.0,0.0,0.0,0.0,0.0,0.0,0.0,0.0,0.0,0.0,0.0,0.0,0.0,0.0,0.0,0.0,0.0,0.0,0.0,0.0,0.0,0.0,0.0,0.0,0.0,0.0,0.0,0.8,0.0,0.0,0.0,0.16,1.0,1.0,0.3333333333333333,0.0,0.0,0.4666666666666667,0.21504542959459158
nvbench2:test:112,112,llama3.2:3b,direct,55,0.0,1.0,5,3,1.0,1.0,0.0,12.40505909989588,2,2,multi_gold,arc,0.0,0.0,0.0,0.0,0.0,0.0,0.0,0.0,0.0,0.0,0.0,0.0,0.0,0.0,0.0,0.0,0.0,0.0,0.0,0.0,0.0,0.0,0.0,0.0,0.0,0.0,1.0,0.0,0.0,0.0,1.0,0.4,1.0,0.0,0.0,0.0,1.0,0.4,0.3735541492177082
nvbench2:test:113,113,llama3.2:3b,direct,55,0.0,1.0,5,1,1.0,1.0,0.0,6.907818699954078,3,3,multi_gold,line,0.0,0.0,0.0,0.0,0.0,0.0,0.0,0.0,0.0,0.0,0.0,0.0,0.0,0.0,0.0,0.0,0.0,0.0,0.0,0.0,0.0,0.0,0.0,0.0,0.0,0.0,1.0,1.0,0.0,0.0,1.0,0.6,1.0,1.0,0.0,0.0,1.0,0.6,0.5488911533202518
nvbench2:test:117,117,llama3.2:3b,direct,55,0.0,1.0,5,0,1.0,0.0,0.0,9.41158469999209,5,5,multi_gold,bar,0.0,0.0,0.0,0.0,0.0,0.0,0.0,0.0,0.0,0.0,0.0,0.0,0.0,0.0,0.0,0.0,0.0,0.0,0.0,0.0,0.0,0.0,0.0,0.0,0.0,0.0,1.0,1.0,0.5,0.6666666666666666,1.0,0.8333333333333334,1.0,1.0,0.5,0.6666666666666666,1.0,0.8333333333333334,0.7338316434707801
nvbench2:test:127,127,llama3.2:3b,direct,55,0.0,1.0,5,2,1.0,1.0,0.0,9.175191099988297,2,2,multi_gold,arc,0.0,0.0,0.0,0.0,0.0,0.0,0.0,0.0,0.0,0.0,0.0,0.0,0.0,0.0,0.0,0.0,0.0,0.0,0.0,0.0,0.0,0.0,0.0,0.0,0.0,0.0,0.0,0.0,0.0,0.0,1.0,0.2,1.0,1.0,0.0,0.0,1.0,0.6,0.365740559660509
nvbench2:test:131,131,llama3.2:3b,direct,55,0.0,1.0,5,0,1.0,0.0,0.0,5.77680530003272,4,4,multi_gold,arc,0.0,0.0,0.0,0.0,0.0,0.0,0.0,0.0,0.0,0.0,0.0,0.0,0.0,0.0,0.0,0.0,0.0,0.0,0.0,0.0,0.0,0.0,0.0,0.0,0.0,0.0,1.0,0.0,0.0,0.0,1.0,0.4,1.0,0.0,0.0,0.0,1.0,0.4,0.23783536672269853
nvbench2:test:132,132,llama3.2:3b,direct,55,0.0,1.0,5,0,1.0,0.0,0.0,8.193824500078335,2,2,multi_gold,bar,0.0,0.0,0.0,0.0,0.0,0.0,0.0,0.0,0.0,0.0,0.0,0.0,0.0,0.0,0.0,0.0,0.0,0.0,0.0,0.0,0.0,0.0,0.0,0.0,0.0,0.0,1.0,0.8,0.4,0.6666666666666666,0.0,0.5733333333333334,1.0,0.8,0.4,0.6666666666666666,0.0,0.5733333333333334,0.5505470231272214
nvbench2:test:133,133,llama3.2:3b,direct,55,0.0,1.0,5,3,1.0,1.0,0.0,8.979133200016804,2,2,multi_gold,bar,0.0,0.0,0.0,0.0,0.0,0.0,0.0,0.0,0.0,0.0,0.0,0.0,0.0,0.0,0.0,0.0,0.0,0.0,0.0,0.0,0.0,0.0,0.0,0.0,0.0,0.0,1.0,0.8,0.4,0.6666666666666666,0.0,0.5733333333333334,1.0,0.8,0.4,0.6666666666666666,0.0,0.5733333333333334,0.4546673370981861
nvbench2:test:142,142,llama3.2:3b,direct,55,0.0,1.0,5,2,1.0,1.0,0.0,11.237693900009617,2,2,multi_gold,rect,0.0,0.0,0.0,0.0,0.0,0.0,0.0,0.0,0.0,0.0,0.0,0.0,0.0,0.0,0.0,0.0,0.0,0.0,0.0,0.0,0.0,0.0,0.0,0.0,0.0,0.0,1.0,1.0,0.0,0.0,1.0,0.6,1.0,1.0,0.0,0.0,1.0,0.6,0.6979237863049231
nvbench2:test:144,144,llama3.2:3b,direct,55,0.0,1.0,5,1,1.0,1.0,0.0,8.140763900009915,2,2,multi_gold,bar,0.0,0.0,0.0,0.0,0.0,0.0,0.0,0.0,0.0,0.0,0.0,0.0,0.0,0.0,0.0,0.0,0.0,0.0,0.0,0.0,0.0,0.0,0.0,0.0,0.0,0.0,1.0,0.8,0.4,0.0,1.0,0.64,1.0,0.8,0.4,0.0,1.0,0.64,0.7307145347135189
nvbench2:test:150,150,llama3.2:3b,direct,55,0.0,1.0,5,1,1.0,1.0,0.0,7.5962722999975085,4,4,multi_gold,bar,0.0,0.0,0.0,0.0,0.0,0.0,0.0,0.0,0.0,0.0,0.0,0.0,0.0,0.0,0.0,0.0,0.0,0.0,0.0,0.0,0.0,0.0,0.0,0.0,0.0,0.0,1.0,0.8,0.4,0.6666666666666666,1.0,0.7733333333333333,1.0,0.8,0.4,0.6666666666666666,1.0,0.7733333333333333,0.5935698286569778
nvbench2:test:157,157,llama3.2:3b,direct,55,0.0,1.0,5,1,1.0,1.0,0.0,8.130779099999927,5,5,multi_gold,line,0.0,0.0,0.0,0.0,0.0,0.0,0.0,0.0,0.0,0.0,0.0,0.0,0.0,0.0,0.0,0.0,0.0,0.0,0.0,0.0,0.0,0.0,0.0,0.0,0.0,0.0,1.0,1.0,0.5,0.0,1.0,0.7,1.0,1.0,0.5,0.0,1.0,0.7,0.5310795064833432
nvbench2:test:160,160,llama3.2:3b,direct,55,0.0,1.0,5,5,1.0,1.0,1.0,10.42211129993666,2,2,multi_gold,arc,0.0,0.0,0.0,0.0,0.0,0.0,0.0,0.0,0.0,0.0,0.0,0.0,0.0,0.0,0.0,0.0,0.0,0.0,0.0,0.0,0.0,0.0,0.0,0.0,0.0,0.0,1.0,1.0,0.5,0.0,1.0,0.7,1.0,1.0,0.5,0.0,1.0,0.7,0.5961393804053655
nvbench2:test:162,162,llama3.2:3b,direct,55,0.0,1.0,5,1,1.0,1.0,0.0,10.111122600035742,4,3,multi_gold,rect,0.0,0.0,0.0,0.0,0.0,0.0,0.0,0.0,0.0,0.0,0.0,0.0,0.0,0.0,0.0,0.0,0.0,0.0,0.0,0.0,0.0,0.0,0.0,0.0,0.0,0.0,1.0,1.0,0.3333333333333333,0.0,1.0,0.6666666666666667,1.0,1.0,0.3333333333333333,0.0,1.0,0.6666666666666667,0.5752063904914638
nvbench2:test:163,163,llama3.2:3b,direct,55,0.0,1.0,5,0,1.0,0.0,0.0,7.066821299958974,3,3,multi_gold,line,0.0,0.0,0.0,0.0,0.0,0.0,0.0,0.0,0.0,0.0,0.0,0.0,0.0,0.0,0.0,0.0,0.0,0.0,0.0,0.0,0.0,0.0,0.0,0.0,0.0,0.0,1.0,1.0,0.5,0.0,0.0,0.5,1.0,1.0,0.5,0.0,0.0,0.5,0.3915395781473598
nvbench2:test:168,168,llama3.2:3b,direct,55,0.0,1.0,5,0,1.0,0.0,0.0,8.258755199960433,5,5,multi_gold,bar,0.0,0.0,0.0,0.0,0.0,0.0,0.0,0.0,0.0,0.0,0.0,0.0,0.0,0.0,0.0,0.0,0.0,0.0,0.0,0.0,0.0,0.0,0.0,0.0,0.0,0.0,1.0,1.0,0.5,0.0,1.0,0.7,1.0,1.0,0.5,0.0,1.0,0.7,0.48608007159659206
nvbench2:test:170,170,llama3.2:3b,direct,55,0.0,1.0,5,0,1.0,0.0,0.0,8.539779899991117,2,2,multi_gold,rect,0.0,0.0,0.0,0.0,0.0,0.0,0.0,0.0,0.0,0.0,0.0,0.0,0.0,0.0,0.0,0.0,0.0,0.0,0.0,0.0,0.0,0.0,0.0,0.0,0.0,0.0,0.0,0.8,0.0,0.0,0.0,0.16,1.0,1.0,0.0,0.0,0.0,0.4,0.24152570382548894
nvbench2:test:173,173,llama3.2:3b,direct,55,0.0,1.0,5,2,1.0,1.0,0.0,6.697464100085199,4,4,multi_gold,point,0.0,0.0,0.0,0.0,0.0,0.0,0.0,0.0,0.0,0.0,0.0,0.0,0.0,0.0,0.0,0.0,0.0,0.0,0.0,0.0,0.0,0.0,0.0,0.0,0.0,0.0,1.0,1.0,1.0,0.0,1.0,0.8,1.0,1.0,1.0,0.0,1.0,0.8,0.6425310634618414
nvbench2:test:174,174,llama3.2:3b,direct,55,0.0,1.0,5,1,1.0,1.0,0.0,6.385350500000641,2,2,multi_gold,boxplot,0.0,0.0,0.0,0.0,0.0,0.0,0.0,0.0,0.0,0.0,0.0,0.0,0.0,0.0,0.0,0.0,0.0,0.0,0.0,0.0,0.0,0.0,0.0,0.0,0.0,0.0,1.0,1.0,0.0,0.0,1.0,0.6,1.0,1.0,0.0,0.0,1.0,0.6,0.7409537909309849
nvbench2:test:178,178,llama3.2:3b,direct,55,0.0,1.0,5,1,1.0,1.0,0.0,6.74611189996358,2,2,multi_gold,arc,0.0,0.0,0.0,0.0,0.0,0.0,0.0,0.0,0.0,0.0,0.0,0.0,0.0,0.0,0.0,0.0,0.0,0.0,0.0,0.0,0.0,0.0,0.0,0.0,0.0,0.0,1.0,1.0,0.5,0.0,1.0,0.7,1.0,1.0,0.5,0.0,1.0,0.7,0.5961393804053655
nvbench2:test:183,183,llama3.2:3b,direct,55,0.0,1.0,1,1,1.0,1.0,1.0,0.9297397000482306,3,3,multi_gold,bar,0.0,0.0,0.0,0.0,0.0,0.0,0.0,0.0,0.0,0.0,0.0,0.0,0.0,0.0,0.0,0.0,0.0,0.0,0.0,0.0,0.0,0.0,0.0,0.0,0.0,0.0,1.0,0.8,0.4,0.0,1.0,0.64,1.0,0.8,0.4,0.0,1.0,0.64,0.2620119965875154
nvbench2:test:192,192,llama3.2:3b,direct,55,0.0,1.0,5,0,1.0,0.0,0.0,7.333808400086127,5,5,multi_gold,point,0.0,0.0,0.0,0.0,0.0,0.0,0.0,0.0,0.0,0.0,0.0,0.0,0.0,0.0,0.0,0.0,0.0,0.0,0.0,0.0,0.0,0.0,0.0,0.0,0.0,0.0,1.0,0.6666666666666666,0.3333333333333333,0.6666666666666666,1.0,0.7333333333333333,1.0,0.6666666666666666,0.3333333333333333,0.6666666666666666,1.0,0.7333333333333333,0.45715239469537555
nvbench2:test:194,194,llama3.2:3b,direct,55,0.0,1.0,1,0,1.0,0.0,0.0,0.9516642999369651,2,2,multi_gold,boxplot,0.0,0.0,0.0,0.0,0.0,0.0,0.0,0.0,0.0,0.0,0.0,0.0,0.0,0.0,0.0,0.0,0.0,0.0,0.0,0.0,0.0,0.0,0.0,0.0,0.0,0.0,1.0,1.0,0.5,0.0,0.0,0.5,1.0,1.0,0.5,0.0,0.0,0.5,0.2539738829744434
nvbench2:test:201,201,llama3.2:3b,direct,55,0.0,1.0,5,1,1.0,1.0,0.0,7.451155799906701,2,2,multi_gold,bar,0.0,0.0,0.0,0.0,0.0,0.0,0.0,0.0,0.0,0.0,0.0,0.0,0.0,0.0,0.0,0.0,0.0,0.0,0.0,0.0,0.0,0.0,0.0,0.0,0.0,0.0,1.0,0.8,0.0,0.0,1.0,0.5599999999999999,1.0,0.8,0.0,0.0,1.0,0.5599999999999999,0.6918628678355095
nvbench2:test:223,223,llama3.2:3b,direct,55,0.0,1.0,5,5,1.0,1.0,1.0,5.608716199989431,3,3,multi_gold,boxplot,0.0,0.0,0.0,0.0,0.0,0.0,0.0,0.0,0.0,0.0,0.0,0.0,0.0,0.0,0.0,0.0,0.0,0.0,0.0,0.0,0.0,0.0,0.0,0.0,0.0,0.0,1.0,1.0,0.0,0.0,0.0,0.4,1.0,1.0,0.0,0.0,0.0,0.4,0.3409496921786253
nvbench2:test:227,227,llama3.2:3b,direct,55,0.0,1.0,5,1,1.0,1.0,0.0,6.439035799936391,4,4,multi_gold,line,0.0,0.0,0.0,0.0,0.0,0.0,0.0,0.0,0.0,0.0,0.0,0.0,0.0,0.0,0.0,0.0,0.0,0.0,0.0,0.0,0.0,0.0,0.0,0.0,0.0,0.0,0.0,1.0,0.5,0.6666666666666666,1.0,0.6333333333333333,1.0,1.0,0.5,0.0,1.0,0.7,0.5530775211502695
nvbench2:test:236,236,llama3.2:3b,direct,55,0.0,1.0,5,4,1.0,1.0,0.0,8.741155399940908,2,2,multi_gold,boxplot,0.0,0.0,0.0,0.0,0.0,0.0,0.0,0.0,0.0,0.0,0.0,0.0,0.0,0.0,0.0,0.0,0.0,0.0,0.0,0.0,0.0,0.0,0.0,0.0,0.0,0.0,0.0,1.0,1.0,0.0,1.0,0.6,0.0,1.0,1.0,0.0,1.0,0.6,0.7689346633309232
nvbench2:test:238,238,llama3.2:3b,direct,55,0.0,1.0,2,2,1.0,1.0,1.0,3.000943999970332,3,3,multi_gold,line,0.0,0.0,0.0,0.0,0.0,0.0,0.0,0.0,0.0,0.0,0.0,0.0,0.0,0.0,0.0,0.0,0.0,0.0,0.0,0.0,0.0,0.0,0.0,0.0,0.0,0.0,1.0,1.0,1.0,0.0,1.0,0.8,1.0,1.0,1.0,0.0,1.0,0.8,0.47042413563664437
nvbench2:test:252,252,llama3.2:3b,direct,55,0.0,1.0,5,0,1.0,0.0,0.0,8.385633800062351,2,2,multi_gold,arc,0.0,0.0,0.0,0.0,0.0,0.0,0.0,0.0,0.0,0.0,0.0,0.0,0.0,0.0,0.0,0.0,0.0,0.0,0.0,0.0,0.0,0.0,0.0,0.0,0.0,0.0,1.0,0.0,0.0,0.0,0.0,0.2,1.0,0.0,0.0,0.0,0.0,0.2,0.11899421982326086
nvbench2:test:254,254,llama3.2:3b,direct,55,0.0,1.0,5,3,1.0,1.0,0.0,7.0712660000426695,2,2,multi_gold,point,0.0,0.0,0.0,0.0,0.0,0.0,0.0,0.0,0.0,0.0,0.0,0.0,0.0,0.0,0.0,0.0,0.0,0.0,0.0,0.0,0.0,0.0,0.0,0.0,0.0,0.0,1.0,0.6666666666666666,0.3333333333333333,0.0,1.0,0.6,1.0,0.6666666666666666,0.3333333333333333,0.0,1.0,0.6,0.6645941562094784
nvbench2:test:263,263,llama3.2:3b,direct,55,0.0,1.0,1,0,1.0,0.0,0.0,1.7797349999891594,5,5,multi_gold,boxplot,0.0,0.0,0.0,0.0,0.0,0.0,0.0,0.0,0.0,0.0,0.0,0.0,0.0,0.0,0.0,0.0,0.0,0.0,0.0,0.0,0.0,0.0,0.0,0.0,0.0,0.0,1.0,1.0,0.5,0.0,0.0,0.5,1.0,1.0,0.5,0.0,0.0,0.5,0.14048475684157474
nvbench2:test:268,268,llama3.2:3b,direct,55,0.0,1.0,5,1,1.0,1.0,0.0,9.852184900082648,5,5,multi_gold,rect,0.0,0.0,0.0,0.0,0.0,0.0,0.0,0.0,0.0,0.0,0.0,0.0,0.0,0.0,0.0,0.0,0.0,0.0,0.0,0.0,0.0,0.0,0.0,0.0,0.0,0.0,1.0,1.0,0.3333333333333333,0.0,0.0,0.4666666666666667,1.0,1.0,0.3333333333333333,0.0,0.0,0.4666666666666667,0.24236967303412607
nvbench2:test:287,287,llama3.2:3b,direct,55,0.0,1.0,5,5,1.0,1.0,1.0,7.554925599950366,3,3,multi_gold,point,0.0,0.0,0.0,0.0,0.0,0.0,0.0,0.0,0.0,0.0,0.0,0.0,0.0,0.0,0.0,0.0,0.0,0.0,0.0,0.0,0.0,0.0,0.0,0.0,0.0,0.0,1.0,0.8,0.0,0.0,1.0,0.5599999999999999,1.0,0.8,0.0,0.0,1.0,0.5599999999999999,0.47882325241536433
nvbench2:test:296,296,llama3.2:3b,direct,55,0.0,1.0,5,3,1.0,1.0,0.0,8.686491300002672,5,5,multi_gold,bar+line+rect,0.0,0.0,0.0,0.0,0.0,0.0,0.0,0.0,0.0,0.0,0.0,0.0,0.0,0.0,0.0,0.0,0.0,0.0,0.0,0.0,0.0,0.0,0.0,0.0,0.0,0.0,1.0,0.8,0.4,0.6666666666666666,1.0,0.7733333333333333,1.0,0.8,0.4,0.6666666666666666,1.0,0.7733333333333333,0.5662707846510183
nvbench2:test:297,297,llama3.2:3b,direct,55,0.0,1.0,1,1,1.0,1.0,1.0,1.282993400003761,2,2,multi_gold,bar,0.0,0.0,0.0,0.0,0.0,0.0,0.0,0.0,0.0,0.0,0.0,0.0,0.0,0.0,0.0,0.0,0.0,0.0,0.0,0.0,0.0,0.0,0.0,0.0,0.0,0.0,1.0,0.8,0.4,0.0,0.0,0.44000000000000006,1.0,0.8,0.4,0.0,0.0,0.44000000000000006,0.21865094230255439
nvbench2:test:298,298,llama3.2:3b,direct,55,0.0,1.0,5,1,1.0,1.0,0.0,8.696793199982494,3,3,multi_gold,line,0.0,0.0,0.0,0.0,0.0,0.0,0.0,0.0,0.0,0.0,0.0,0.0,0.0,0.0,0.0,0.0,0.0,0.0,0.0,0.0,0.0,0.0,0.0,0.0,0.0,0.0,1.0,0.8,0.4,0.0,0.0,0.44000000000000006,0.0,1.0,0.6666666666666666,0.6666666666666666,0.0,0.4666666666666666,0.3882255975347156
nvbench2:test:303,303,llama3.2:3b,direct,55,0.0,1.0,5,2,1.0,1.0,0.0,7.495311000035144,2,2,multi_gold,boxplot,0.0,0.0,0.0,0.0,0.0,0.0,0.0,0.0,0.0,0.0,0.0,0.0,0.0,0.0,0.0,0.0,0.0,0.0,0.0,0.0,0.0,0.0,0.0,0.0,0.0,0.0,1.0,1.0,1.0,0.0,1.0,0.8,1.0,1.0,1.0,0.0,1.0,0.8,0.9870846079020759
nvbench2:test:317,317,llama3.2:3b,direct,55,0.0,1.0,5,0,1.0,0.0,0.0,5.239472400047816,2,2,multi_gold,arc,0.0,0.0,0.0,0.0,0.0,0.0,0.0,0.0,0.0,0.0,0.0,0.0,0.0,0.0,0.0,0.0,0.0,0.0,0.0,0.0,0.0,0.0,0.0,0.0,0.0,0.0,1.0,0.0,0.0,0.0,1.0,0.4,1.0,0.0,0.0,0.0,1.0,0.4,0.3735541492177082
nvbench2:test:319,319,llama3.2:3b,direct,55,0.0,1.0,5,2,1.0,1.0,0.0,15.02513069997076,2,2,multi_gold,point,0.0,0.0,0.0,0.0,0.0,0.0,0.0,0.0,0.0,0.0,0.0,0.0,0.0,0.0,0.0,0.0,0.0,0.0,0.0,0.0,0.0,0.0,0.0,0.0,0.0,0.0,0.0,0.8571428571428571,0.0,0.0,0.0,0.17142857142857143,1.0,0.8571428571428571,0.28571428571428575,0.0,0.0,0.42857142857142855,0.3284680083587187
nvbench2:test:320,320,llama3.2:3b,direct,55,0.0,1.0,5,0,1.0,0.0,0.0,10.796830100007355,3,3,multi_gold,rect,0.0,0.0,0.0,0.0,0.0,0.0,0.0,0.0,0.0,0.0,0.0,0.0,0.0,0.0,0.0,0.0,0.0,0.0,0.0,0.0,0.0,0.0,0.0,0.0,0.0,0.0,1.0,1.0,0.3333333333333333,0.0,0.0,0.4666666666666667,1.0,1.0,0.3333333333333333,0.0,0.0,0.4666666666666667,0.31966174268991643
nvbench2:test:325,325,llama3.2:3b,direct,55,0.0,1.0,5,1,1.0,1.0,0.0,10.237544699921273,2,2,multi_gold,rect,0.0,0.0,0.0,0.0,0.0,0.0,0.0,0.0,0.0,0.0,0.0,0.0,0.0,0.0,0.0,0.0,0.0,0.0,0.0,0.0,0.0,0.0,0.0,0.0,0.0,0.0,0.0,0.8,0.4,0.0,0.0,0.24000000000000005,1.0,1.0,0.3333333333333333,0.0,0.0,0.4666666666666667,0.3368561410917331
nvbench2:test:332,332,llama3.2:3b,direct,55,0.0,1.0,5,2,1.0,1.0,0.0,8.243882499984466,2,2,multi_gold,rect,0.0,0.0,0.0,0.0,0.0,0.0,0.0,0.0,0.0,0.0,0.0,0.0,0.0,0.0,0.0,0.0,0.0,0.0,0.0,0.0,0.0,0.0,0.0,0.0,0.0,0.0,0.0,0.8,0.4,0.0,1.0,0.44000000000000006,1.0,1.0,0.3333333333333333,0.0,1.0,0.6666666666666667,0.6761947571126423
nvbench2:test:335,335,llama3.2:3b,direct,55,0.0,1.0,5,0,1.0,0.0,0.0,8.746308099944144,4,4,multi_gold,arc,0.0,0.0,0.0,0.0,0.0,0.0,0.0,0.0,0.0,0.0,0.0,0.0,0.0,0.0,0.0,0.0,0.0,0.0,0.0,0.0,0.0,0.0,0.0,0.0,0.0,0.0,1.0,0.0,0.0,0.0,1.0,0.4,1.0,0.0,0.0,0.0,1.0,0.4,0.2581818687657665
nvbench2:test:341,341,llama3.2:3b,direct,55,0.0,1.0,5,4,1.0,1.0,0.0,13.056631400017068,5,5,multi_gold,rect,0.0,0.0,0.0,0.0,0.0,0.0,0.0,0.0,0.0,0.0,0.0,0.0,0.0,0.0,0.0,0.0,0.0,0.0,0.0,0.0,0.0,0.0,0.0,0.0,0.0,0.0,0.0,1.0,0.6666666666666666,0.0,1.0,0.5333333333333333,1.0,1.0,0.6666666666666666,0.0,1.0,0.7333333333333333,0.4755054301500063
nvbench2:test:344,344,llama3.2:3b,direct,55,0.0,1.0,5,4,1.0,1.0,0.0,9.41706379991956,5,5,multi_gold,rect,0.0,0.0,0.0,0.0,0.0,0.0,0.0,0.0,0.0,0.0,0.0,0.0,0.0,0.0,0.0,0.0,0.0,0.0,0.0,0.0,0.0,0.0,0.0,0.0,0.0,0.0,0.0,0.8,0.8,0.0,0.0,0.32,1.0,1.0,0.6666666666666666,0.0,0.0,0.5333333333333333,0.21774420303129724
nvbench2:test:349,349,llama3.2:3b,direct,55,0.0,1.0,5,0,1.0,0.0,0.0,5.816827100003138,4,4,multi_gold,arc,0.0,0.0,0.0,0.0,0.0,0.0,0.0,0.0,0.0,0.0,0.0,0.0,0.0,0.0,0.0,0.0,0.0,0.0,0.0,0.0,0.0,0.0,0.0,0.0,0.0,0.0,1.0,0.0,0.0,1.0,1.0,0.6,1.0,0.0,0.0,1.0,1.0,0.6,0.4443558183142701
nvbench2:test:351,351,llama3.2:3b,direct,55,0.0,1.0,5,0,1.0,0.0,0.0,6.714848599978723,2,2,multi_gold,boxplot,0.0,0.0,0.0,0.0,0.0,0.0,0.0,0.0,0.0,0.0,0.0,0.0,0.0,0.0,0.0,0.0,0.0,0.0,0.0,0.0,0.0,0.0,0.0,0.0,0.0,0.0,1.0,1.0,1.0,0.0,1.0,0.8,1.0,1.0,1.0,0.0,1.0,0.8,1.0489360969640715
nvbench2:test:355,355,llama3.2:3b,direct,55,0.0,1.0,5,2,1.0,1.0,0.0,10.275217200047337,4,4,multi_gold,rect,0.0,0.0,0.0,0.0,0.0,0.0,0.0,0.0,0.0,0.0,0.0,0.0,0.0,0.0,0.0,0.0,0.0,0.0,0.0,0.0,0.0,0.0,0.0,0.0,0.0,0.0,0.0,0.8,0.4,0.0,0.0,0.24000000000000005,1.0,1.0,0.3333333333333333,0.0,0.0,0.4666666666666667,0.21447038941241547
nvbench2:test:365,365,llama3.2:3b,direct,55,0.0,1.0,5,4,1.0,1.0,0.0,13.038254700019024,2,2,multi_gold,point,0.0,0.0,0.0,0.0,0.0,0.0,0.0,0.0,0.0,0.0,0.0,0.0,0.0,0.0,0.0,0.0,0.0,0.0,0.0,0.0,0.0,0.0,0.0,0.0,0.0,0.0,0.0,0.8571428571428571,0.0,0.0,0.0,0.17142857142857143,0.0,0.8571428571428571,0.28571428571428575,0.0,0.0,0.22857142857142856,0.256495649699742
nvbench2:test:366,366,llama3.2:3b,direct,55,0.0,1.0,4,3,1.0,1.0,0.0,10.18037469999399,5,5,multi_gold,boxplot,0.0,0.0,0.0,0.0,0.0,0.0,0.0,0.0,0.0,0.0,0.0,0.0,0.0,0.0,0.0,0.0,0.0,0.0,0.0,0.0,0.0,0.0,0.0,0.0,0.0,0.0,1.0,1.0,1.0,0.0,1.0,0.8,1.0,1.0,1.0,0.0,1.0,0.8,0.6438648958332285
nvbench2:test:376,376,llama3.2:3b,direct,55,0.0,1.0,5,0,1.0,0.0,0.0,10.384754400001839,4,4,multi_gold,rect,0.0,0.0,0.0,0.0,0.0,0.0,0.0,0.0,0.0,0.0,0.0,0.0,0.0,0.0,0.0,0.0,0.0,0.0,0.0,0.0,0.0,0.0,0.0,0.0,0.0,0.0,1.0,0.8,0.0,0.0,0.0,0.36,1.0,0.8,0.0,0.0,0.0,0.36,0.3262287684087271
nvbench2:test:377,377,llama3.2:3b,direct,55,0.0,1.0,5,1,1.0,1.0,0.0,8.817842000047676,4,4,multi_gold,rect,0.0,0.0,0.0,0.0,0.0,0.0,0.0,0.0,0.0,0.0,0.0,0.0,0.0,0.0,0.0,0.0,0.0,0.0,0.0,0.0,0.0,0.0,0.0,0.0,0.0,0.0,0.0,0.8,0.0,0.0,0.0,0.16,1.0,1.0,0.0,0.0,0.0,0.4,0.1537751741282759
nvbench2:test:384,384,llama3.2:3b,direct,55,0.0,1.0,5,0,1.0,0.0,0.0,11.957998199970461,3,3,multi_gold,arc,0.0,0.0,0.0,0.0,0.0,0.0,0.0,0.0,0.0,0.0,0.0,0.0,0.0,0.0,0.0,0.0,0.0,0.0,0.0,0.0,0.0,0.0,0.0,0.0,0.0,0.0,0.0,0.0,0.0,0.0,1.0,0.2,1.0,1.0,0.5,0.0,1.0,0.7,0.3019103274425445
nvbench2:test:385,385,llama3.2:3b,direct,55,0.0,1.0,5,0,1.0,0.0,0.0,10.014651600038633,3,3,multi_gold,arc,0.0,0.0,0.0,0.0,0.0,0.0,0.0,0.0,0.0,0.0,0.0,0.0,0.0,0.0,0.0,0.0,0.0,0.0,0.0,0.0,0.0,0.0,0.0,0.0,0.0,0.0,1.0,0.4,0.4,0.0,1.0,0.5599999999999999,1.0,0.4,0.4,0.0,1.0,0.5599999999999999,0.4501083243282145
nvbench2:test:388,388,llama3.2:3b,direct,55,0.0,1.0,5,3,1.0,1.0,0.0,8.175838999915868,5,5,multi_gold,bar+line+rect,0.0,0.0,0.0,0.0,0.0,0.0,0.0,0.0,0.0,0.0,0.0,0.0,0.0,0.0,0.0,0.0,0.0,0.0,0.0,0.0,0.0,0.0,0.0,0.0,0.0,0.0,1.0,0.8,0.4,0.6666666666666666,1.0,0.7733333333333333,1.0,0.8,0.4,0.6666666666666666,1.0,0.7733333333333333,0.5184075159522784
nvbench2:test:392,392,llama3.2:3b,direct,55,0.0,1.0,5,1,1.0,1.0,0.0,7.834729800000787,4,4,multi_gold,rect,0.0,0.0,0.0,0.0,0.0,0.0,0.0,0.0,0.0,0.0,0.0,0.0,0.0,0.0,0.0,0.0,0.0,0.0,0.0,0.0,0.0,0.0,0.0,0.0,0.0,0.0,0.0,0.8,0.4,0.0,1.0,0.44000000000000006,1.0,1.0,0.3333333333333333,0.0,1.0,0.6666666666666667,0.387189176103776
nvbench2:test:395,395,llama3.2:3b,direct,55,0.0,1.0,5,1,1.0,1.0,0.0,7.727359400014393,2,2,multi_gold,rect,0.0,0.0,0.0,0.0,0.0,0.0,0.0,0.0,0.0,0.0,0.0,0.0,0.0,0.0,0.0,0.0,0.0,0.0,0.0,0.0,0.0,0.0,0.0,0.0,0.0,0.0,0.0,0.8,0.4,0.0,1.0,0.44000000000000006,1.0,1.0,0.6666666666666666,0.0,1.0,0.7333333333333333,0.6735764014289783
nvbench2:test:406,406,llama3.2:3b,direct,55,0.0,1.0,5,5,1.0,1.0,1.0,6.56804370007012,2,2,multi_gold,bar,0.0,0.0,0.0,0.0,0.0,0.0,0.0,0.0,0.0,0.0,0.0,0.0,0.0,0.0,0.0,0.0,0.0,0.0,0.0,0.0,0.0,0.0,0.0,0.0,0.0,0.0,1.0,0.8,0.4,0.0,1.0,0.64,1.0,0.8,0.4,0.0,1.0,0.64,0.7043055637791898
nvbench2:test:426,426,llama3.2:3b,direct,55,0.0,1.0,5,0,1.0,0.0,0.0,9.587097399984486,5,5,multi_gold,arc,0.0,0.0,0.0,0.0,0.0,0.0,0.0,0.0,0.0,0.0,0.0,0.0,0.0,0.0,0.0,0.0,0.0,0.0,0.0,0.0,0.0,0.0,0.0,0.0,0.0,0.0,1.0,0.0,0.0,0.0,1.0,0.4,1.0,0.0,0.0,0.0,1.0,0.4,0.22630958881763014
nvbench2:test:430,430,llama3.2:3b,direct,55,0.0,1.0,5,2,1.0,1.0,0.0,9.888820499996655,2,2,multi_gold,bar,0.0,0.0,0.0,0.0,0.0,0.0,0.0,0.0,0.0,0.0,0.0,0.0,0.0,0.0,0.0,0.0,0.0,0.0,0.0,0.0,0.0,0.0,0.0,0.0,0.0,0.0,1.0,0.8,0.4,0.6666666666666666,0.0,0.5733333333333334,1.0,0.8,0.4,0.6666666666666666,0.0,0.5733333333333334,0.49021986783313193
nvbench2:test:432,432,llama3.2:3b,direct,55,0.0,1.0,5,0,1.0,0.0,0.0,9.184134099981748,5,5,multi_gold,bar+line+rect,0.0,0.0,0.0,0.0,0.0,0.0,0.0,0.0,0.0,0.0,0.0,0.0,0.0,0.0,0.0,0.0,0.0,0.0,0.0,0.0,0.0,0.0,0.0,0.0,0.0,0.0,1.0,0.8,0.4,0.6666666666666666,0.0,0.5733333333333334,1.0,0.8,0.4,0.6666666666666666,0.0,0.5733333333333334,0.3474810262378389
nvbench2:test:434,434,llama3.2:3b,direct,55,0.0,1.0,5,0,1.0,0.0,0.0,8.045392300002277,5,5,multi_gold,arc,0.0,0.0,0.0,0.0,0.0,0.0,0.0,0.0,0.0,0.0,0.0,0.0,0.0,0.0,0.0,0.0,0.0,0.0,0.0,0.0,0.0,0.0,0.0,0.0,0.0,0.0,1.0,0.4,0.4,0.0,1.0,0.5599999999999999,1.0,0.4,0.4,0.0,1.0,0.5599999999999999,0.27679597314920096
nvbench2:test:435,435,llama3.2:3b,direct,55,0.0,1.0,5,1,1.0,1.0,0.0,7.342095900094137,4,4,multi_gold,rect,0.0,0.0,0.0,0.0,0.0,0.0,0.0,0.0,0.0,0.0,0.0,0.0,0.0,0.0,0.0,0.0,0.0,0.0,0.0,0.0,0.0,0.0,0.0,0.0,0.0,0.0,0.0,0.8,0.0,0.0,1.0,0.36,1.0,1.0,0.3333333333333333,0.0,1.0,0.6666666666666667,0.3889491081966459
nvbench2:test:443,443,llama3.2:3b,direct,55,0.0,1.0,5,0,1.0,0.0,0.0,4.830026600044221,2,2,multi_gold,arc,0.0,0.0,0.0,0.0,0.0,0.0,0.0,0.0,0.0,0.0,0.0,0.0,0.0,0.0,0.0,0.0,0.0,0.0,0.0,0.0,0.0,0.0,0.0,0.0,0.0,0.0,1.0,0.0,0.0,0.0,0.0,0.2,1.0,0.0,0.0,0.0,0.0,0.2,0.09117397893527364
nvbench2:test:446,446,llama3.2:3b,direct,55,0.0,1.0,5,0,1.0,0.0,0.0,9.413334300043061,2,2,multi_gold,arc,0.0,0.0,0.0,0.0,0.0,0.0,0.0,0.0,0.0,0.0,0.0,0.0,0.0,0.0,0.0,0.0,0.0,0.0,0.0,0.0,0.0,0.0,0.0,0.0,0.0,0.0,1.0,0.0,0.0,1.0,0.0,0.4,1.0,0.0,0.0,1.0,0.0,0.4,0.3735541492177082
nvbench2:test:454,454,llama3.2:3b,direct,55,0.0,1.0,5,0,1.0,0.0,0.0,5.675593200023286,2,2,multi_gold,arc,0.0,0.0,0.0,0.0,0.0,0.0,0.0,0.0,0.0,0.0,0.0,0.0,0.0,0.0,0.0,0.0,0.0,0.0,0.0,0.0,0.0,0.0,0.0,0.0,0.0,0.0,1.0,0.0,0.0,0.0,1.0,0.4,1.0,0.0,0.0,0.0,1.0,0.4,0.3735541492177082
nvbench2:test:461,461,llama3.2:3b,direct,55,0.0,1.0,5,2,1.0,1.0,0.0,6.3388557999860495,3,3,multi_gold,rect,0.0,0.0,0.0,0.0,0.0,0.0,0.0,0.0,0.0,0.0,0.0,0.0,0.0,0.0,0.0,0.0,0.0,0.0,0.0,0.0,0.0,0.0,0.0,0.0,0.0,0.0,0.0,0.8,0.8,0.0,1.0,0.52,1.0,1.0,0.6666666666666666,0.0,1.0,0.7333333333333333,0.574730213495886
nvbench2:test:466,466,llama3.2:3b,direct,55,0.0,1.0,5,2,1.0,1.0,0.0,8.192627700045705,2,2,multi_gold,rect,0.0,0.0,0.0,0.0,0.0,0.0,0.0,0.0,0.0,0.0,0.0,0.0,0.0,0.0,0.0,0.0,0.0,0.0,0.0,0.0,0.0,0.0,0.0,0.0,0.0,0.0,0.0,0.8,0.4,0.0,1.0,0.44000000000000006,1.0,1.0,0.0,0.0,1.0,0.6,0.6448186295993034
nvbench2:test:471,471,llama3.2:3b,direct,55,0.0,1.0,5,1,1.0,1.0,0.0,7.117366600083187,5,5,multi_gold,line,0.0,0.0,0.0,0.0,0.0,0.0,0.0,0.0,0.0,0.0,0.0,0.0,0.0,0.0,0.0,0.0,0.0,0.0,0.0,0.0,0.0,0.0,0.0,0.0,0.0,0.0,1.0,1.0,0.5,0.6666666666666666,1.0,0.8333333333333334,1.0,1.0,0.5,0.6666666666666666,1.0,0.8333333333333334,0.5410427856373453
nvbench2:test:479,479,llama3.2:3b,direct,55,0.0,1.0,5,3,1.0,1.0,0.0,6.794183799996972,2,2,multi_gold,bar+line,0.0,0.0,0.0,0.0,0.0,0.0,0.0,0.0,0.0,0.0,0.0,0.0,0.0,0.0,0.0,0.0,0.0,0.0,0.0,0.0,0.0,0.0,0.0,0.0,0.0,0.0,1.0,0.8,0.0,0.0,1.0,0.5599999999999999,1.0,0.8,0.4,0.6666666666666666,1.0,0.7733333333333333,0.8007792777900467
nvbench2:test:483,483,llama3.2:3b,direct,55,0.0,1.0,5,1,1.0,1.0,0.0,6.559207200072706,2,2,multi_gold,arc,0.0,0.0,0.0,0.0,0.0,0.0,0.0,0.0,0.0,0.0,0.0,0.0,0.0,0.0,0.0,0.0,0.0,0.0,0.0,0.0,0.0,0.0,0.0,0.0,0.0,0.0,1.0,0.0,0.0,0.0,1.0,0.4,1.0,0.0,0.0,0.0,1.0,0.4,0.40913139844189605
nvbench2:test:486,486,llama3.2:3b,direct,55,0.0,1.0,5,4,1.0,1.0,0.0,9.584123900043778,2,2,multi_gold,rect,0.0,0.0,0.0,0.0,0.0,0.0,0.0,0.0,0.0,0.0,0.0,0.0,0.0,0.0,0.0,0.0,0.0,0.0,0.0,0.0,0.0,0.0,0.0,0.0,0.0,0.0,1.0,0.8,0.8,0.0,1.0,0.72,1.0,0.8,0.8,0.0,1.0,0.72,0.8572291079063588
nvbench2:test:489,489,llama3.2:3b,direct,55,0.0,1.0,3,0,1.0,0.0,0.0,3.6201808999758214,2,2,multi_gold,arc,0.0,0.0,0.0,0.0,0.0,0.0,0.0,0.0,0.0,0.0,0.0,0.0,0.0,0.0,0.0,0.0,0.0,0.0,0.0,0.0,0.0,0.0,0.0,0.0,0.0,0.0,0.0,0.0,0.0,0.0,1.0,0.2,1.0,1.0,1.0,0.0,0.0,0.6,0.3068034375062808
nvbench2:test:492,492,llama3.2:3b,direct,55,0.0,1.0,5,2,1.0,1.0,0.0,9.307985799969174,2,2,multi_gold,rect,0.0,0.0,0.0,0.0,0.0,0.0,0.0,0.0,0.0,0.0,0.0,0.0,0.0,0.0,0.0,0.0,0.0,0.0,0.0,0.0,0.0,0.0,0.0,0.0,0.0,0.0,1.0,1.0,0.3333333333333333,0.0,1.0,0.6666666666666667,1.0,1.0,0.3333333333333333,0.0,1.0,0.6666666666666667,0.7485899341592476
nvbench2:test:505,505,llama3.2:3b,direct,55,0.0,1.0,1,0,1.0,0.0,0.0,8.407941900077276,2,2,multi_gold,bar,0.0,0.0,0.0,0.0,0.0,0.0,0.0,0.0,0.0,0.0,0.0,0.0,0.0,0.0,0.0,0.0,0.0,0.0,0.0,0.0,0.0,0.0,0.0,0.0,0.0,0.0,1.0,0.8,0.4,0.6666666666666666,0.0,0.5733333333333334,1.0,0.8,0.4,0.6666666666666666,0.0,0.5733333333333334,0.2991897798405424
nvbench2:test:508,508,llama3.2:3b,direct,55,0.0,1.0,5,1,1.0,1.0,0.0,9.191152599989437,2,2,multi_gold,arc,0.0,0.0,0.0,0.0,0.0,0.0,0.0,0.0,0.0,0.0,0.0,0.0,0.0,0.0,0.0,0.0,0.0,0.0,0.0,0.0,0.0,0.0,0.0,0.0,0.0,0.0,1.0,0.0,0.0,0.0,1.0,0.4,1.0,0.0,0.0,0.0,1.0,0.4,0.3735541492177082
nvbench2:test:519,519,llama3.2:3b,direct,55,0.0,1.0,5,3,1.0,1.0,0.0,5.432359099970199,3,3,multi_gold,boxplot,0.0,0.0,0.0,0.0,0.0,0.0,0.0,0.0,0.0,0.0,0.0,0.0,0.0,0.0,0.0,0.0,0.0,0.0,0.0,0.0,0.0,0.0,0.0,0.0,0.0,0.0,1.0,1.0,1.0,0.0,1.0,0.8,1.0,1.0,1.0,0.0,1.0,0.8,0.7860786026612635
nvbench2:test:524,524,llama3.2:3b,direct,55,0.0,1.0,5,2,1.0,1.0,0.0,6.9870712999254465,5,5,multi_gold,bar+line+rect,0.0,0.0,0.0,0.0,0.0,0.0,0.0,0.0,0.0,0.0,0.0,0.0,0.0,0.0,0.0,0.0,0.0,0.0,0.0,0.0,0.0,0.0,0.0,0.0,0.0,0.0,1.0,0.8,0.4,0.6666666666666666,1.0,0.7733333333333333,1.0,0.8,0.4,0.6666666666666666,1.0,0.7733333333333333,0.4981008105374877
nvbench2:test:526,526,llama3.2:3b,direct,55,0.0,1.0,5,4,1.0,1.0,0.0,10.10418549994938,2,2,multi_gold,arc,0.0,0.0,0.0,0.0,0.0,0.0,0.0,0.0,0.0,0.0,0.0,0.0,0.0,0.0,0.0,0.0,0.0,0.0,0.0,0.0,0.0,0.0,0.0,0.0,0.0,0.0,1.0,0.0,0.0,0.0,0.0,0.2,1.0,0.0,0.0,0.0,0.0,0.2,0.11899421982326086
nvbench2:test:531,531,llama3.2:3b,direct,55,0.0,1.0,2,0,1.0,0.0,0.0,3.336615000036545,3,3,multi_gold,line,0.0,0.0,0.0,0.0,0.0,0.0,0.0,0.0,0.0,0.0,0.0,0.0,0.0,0.0,0.0,0.0,0.0,0.0,0.0,0.0,0.0,0.0,0.0,0.0,0.0,0.0,1.0,1.0,0.5,0.0,0.0,0.5,1.0,1.0,0.5,0.0,0.0,0.5,0.29811389442005937
nvbench2:test:532,532,llama3.2:3b,direct,55,0.0,1.0,5,0,1.0,0.0,0.0,6.01061540003866,3,3,multi_gold,arc+bar+line,0.0,0.0,0.0,0.0,0.0,0.0,0.0,0.0,0.0,0.0,0.0,0.0,0.0,0.0,0.0,0.0,0.0,0.0,0.0,0.0,0.0,0.0,0.0,0.0,0.0,0.0,1.0,1.0,0.5,0.0,1.0,0.7,1.0,1.0,0.5,0.0,1.0,0.7,0.7596740421833139
nvbench2:test:535,535,llama3.2:3b,direct,55,0.0,1.0,5,1,1.0,1.0,0.0,5.954920399934053,3,3,multi_gold,line,0.0,0.0,0.0,0.0,0.0,0.0,0.0,0.0,0.0,0.0,0.0,0.0,0.0,0.0,0.0,0.0,0.0,0.0,0.0,0.0,0.0,0.0,0.0,0.0,0.0,0.0,1.0,1.0,0.5,0.0,0.0,0.5,1.0,1.0,0.5,0.0,0.0,0.5,0.40455937381785956
nvbench2:test:545,545,llama3.2:3b,direct,55,0.0,1.0,5,2,1.0,1.0,0.0,7.40093020000495,2,2,multi_gold,rect,0.0,0.0,0.0,0.0,0.0,0.0,0.0,0.0,0.0,0.0,0.0,0.0,0.0,0.0,0.0,0.0,0.0,0.0,0.0,0.0,0.0,0.0,0.0,0.0,0.0,0.0,1.0,0.8,0.4,0.0,1.0,0.64,1.0,0.8,0.4,0.0,1.0,0.64,0.7307645847942383
nvbench2:test:546,546,llama3.2:3b,direct,55,0.0,1.0,5,1,1.0,1.0,0.0,7.221841700025834,3,3,multi_gold,arc,0.0,0.0,0.0,0.0,0.0,0.0,0.0,0.0,0.0,0.0,0.0,0.0,0.0,0.0,0.0,0.0,0.0,0.0,0.0,0.0,0.0,0.0,0.0,0.0,0.0,0.0,0.0,0.0,0.0,0.0,1.0,0.2,1.0,1.0,0.5,0.0,1.0,0.7,0.3418479499118229
nvbench2:test:547,547,llama3.2:3b,direct,55,0.0,1.0,4,0,1.0,0.0,0.0,11.735893100034446,4,3,multi_gold,rect,0.0,0.0,0.0,0.0,0.0,0.0,0.0,0.0,0.0,0.0,0.0,0.0,0.0,0.0,0.0,0.0,0.0,0.0,0.0,0.0,0.0,0.0,0.0,0.0,0.0,0.0,1.0,0.8,0.8,0.0,1.0,0.72,1.0,0.8,0.8,0.0,1.0,0.72,0.7779822782378703
nvbench2:test:551,551,llama3.2:3b,direct,55,0.0,1.0,5,0,1.0,0.0,0.0,6.71099349996075,3,3,multi_gold,line,0.0,0.0,0.0,0.0,0.0,0.0,0.0,0.0,0.0,0.0,0.0,0.0,0.0,0.0,0.0,0.0,0.0,0.0,0.0,0.0,0.0,0.0,0.0,0.0,0.0,0.0,1.0,0.8,0.4,0.6666666666666666,0.0,0.5733333333333334,1.0,1.0,0.5,0.6666666666666666,0.0,0.6333333333333333,0.6242996798284174
nvbench2:test:552,552,llama3.2:3b,direct,55,0.0,1.0,5,0,1.0,0.0,0.0,10.346738999942318,2,2,multi_gold,arc,0.0,0.0,0.0,0.0,0.0,0.0,0.0,0.0,0.0,0.0,0.0,0.0,0.0,0.0,0.0,0.0,0.0,0.0,0.0,0.0,0.0,0.0,0.0,0.0,0.0,0.0,1.0,0.0,0.0,0.0,1.0,0.4,1.0,0.0,0.0,0.0,1.0,0.4,0.40913139844189605
nvbench2:test:553,553,llama3.2:3b,direct,55,0.0,1.0,5,1,1.0,1.0,0.0,6.962563700042665,3,3,multi_gold,bar,0.0,0.0,0.0,0.0,0.0,0.0,0.0,0.0,0.0,0.0,0.0,0.0,0.0,0.0,0.0,0.0,0.0,0.0,0.0,0.0,0.0,0.0,0.0,0.0,0.0,0.0,1.0,0.8,0.4,0.6666666666666666,1.0,0.7733333333333333,1.0,0.8,0.4,0.6666666666666666,1.0,0.7733333333333333,0.7424730775592832
nvbench2:test:554,554,llama3.2:3b,direct,55,0.0,1.0,5,0,1.0,0.0,0.0,10.02154420001898,2,2,multi_gold,arc,0.0,0.0,0.0,0.0,0.0,0.0,0.0,0.0,0.0,0.0,0.0,0.0,0.0,0.0,0.0,0.0,0.0,0.0,0.0,0.0,0.0,0.0,0.0,0.0,0.0,0.0,1.0,0.0,0.0,0.0,1.0,0.4,1.0,0.0,0.0,0.0,1.0,0.4,0.3735541492177082
nvbench2:test:556,556,llama3.2:3b,direct,55,0.0,1.0,5,3,1.0,1.0,0.0,6.486579800024629,2,1,single_gold,rect,0.0,0.0,0.0,0.0,0.0,0.0,0.0,0.0,0.0,0.0,0.0,0.0,0.0,0.0,0.0,0.0,0.0,0.0,0.0,0.0,0.0,0.0,0.0,0.0,0.0,0.0,1.0,0.8,0.0,0.0,1.0,0.5599999999999999,1.0,0.8,0.0,0.0,1.0,0.5599999999999999,0.9966968174610518
nvbench2:test:558,558,llama3.2:3b,direct,55,0.0,1.0,5,0,1.0,0.0,0.0,7.71421410003677,2,2,multi_gold,arc,0.0,0.0,0.0,0.0,0.0,0.0,0.0,0.0,0.0,0.0,0.0,0.0,0.0,0.0,0.0,0.0,0.0,0.0,0.0,0.0,0.0,0.0,0.0,0.0,0.0,0.0,0.0,0.0,0.0,0.0,0.0,0.0,0.0,0.4,0.4,0.0,0.0,0.16,0.030971794352643384
nvbench2:test:561,561,llama3.2:3b,direct,55,0.0,1.0,5,0,1.0,0.0,0.0,5.998308400041424,5,5,multi_gold,line,0.0,0.0,0.0,0.0,0.0,0.0,0.0,0.0,0.0,0.0,0.0,0.0,0.0,0.0,0.0,0.0,0.0,0.0,0.0,0.0,0.0,0.0,0.0,0.0,0.0,0.0,1.0,1.0,0.5,0.0,1.0,0.7,1.0,1.0,0.5,0.6666666666666666,1.0,0.8333333333333334,0.5954634818111643
nvbench2:test:566,566,llama3.2:3b,direct,55,0.0,1.0,1,0,1.0,0.0,0.0,1.6766342000337318,4,4,multi_gold,boxplot,0.0,0.0,0.0,0.0,0.0,0.0,0.0,0.0,0.0,0.0,0.0,0.0,0.0,0.0,0.0,0.0,0.0,0.0,0.0,0.0,0.0,0.0,0.0,0.0,0.0,0.0,1.0,1.0,1.0,0.0,0.0,0.6,1.0,1.0,1.0,0.0,0.0,0.6,0.2013254590160842
nvbench2:test:574,574,llama3.2:3b,direct,55,0.0,1.0,5,4,1.0,1.0,0.0,8.60914459999185,5,5,multi_gold,bar,0.0,0.0,0.0,0.0,0.0,0.0,0.0,0.0,0.0,0.0,0.0,0.0,0.0,0.0,0.0,0.0,0.0,0.0,0.0,0.0,0.0,0.0,0.0,0.0,0.0,0.0,1.0,0.8,0.4,0.0,1.0,0.64,1.0,0.8,0.4,0.0,1.0,0.64,0.43511891097169436
nvbench2:test:577,577,llama3.2:3b,direct,55,0.0,1.0,5,0,1.0,0.0,0.0,6.79954939999152,5,5,multi_gold,line,0.0,0.0,0.0,0.0,0.0,0.0,0.0,0.0,0.0,0.0,0.0,0.0,0.0,0.0,0.0,0.0,0.0,0.0,0.0,0.0,0.0,0.0,0.0,0.0,0.0,0.0,1.0,1.0,0.5,0.0,1.0,0.7,1.0,1.0,0.5,0.0,1.0,0.7,0.5291515082398158
nvbench2:test:578,578,llama3.2:3b,direct,55,0.0,1.0,5,0,1.0,0.0,0.0,6.728297600056976,3,3,multi_gold,arc,0.0,0.0,0.0,0.0,0.0,0.0,0.0,0.0,0.0,0.0,0.0,0.0,0.0,0.0,0.0,0.0,0.0,0.0,0.0,0.0,0.0,0.0,0.0,0.0,0.0,0.0,1.0,0.0,0.0,0.0,1.0,0.4,1.0,0.0,0.0,0.0,1.0,0.4,0.31313306772353516
nvbench2:test:583,583,llama3.2:3b,direct,55,0.0,1.0,5,5,1.0,1.0,1.0,8.815117099904455,4,4,multi_gold,rect,0.0,0.0,0.0,0.0,0.0,0.0,0.0,0.0,0.0,0.0,0.0,0.0,0.0,0.0,0.0,0.0,0.0,0.0,0.0,0.0,0.0,0.0,0.0,0.0,0.0,0.0,1.0,1.0,0.6666666666666666,0.0,1.0,0.7333333333333333,1.0,1.0,0.6666666666666666,0.0,1.0,0.7333333333333333,0.5596417958172655
nvbench2:test:589,589,llama3.2:3b,direct,55,0.0,1.0,5,0,1.0,0.0,0.0,4.329827499925159,2,2,multi_gold,arc,0.0,0.0,0.0,0.0,0.0,0.0,0.0,0.0,0.0,0.0,0.0,0.0,0.0,0.0,0.0,0.0,0.0,0.0,0.0,0.0,0.0,0.0,0.0,0.0,0.0,0.0,1.0,0.0,0.0,1.0,1.0,0.6,1.0,0.0,0.0,1.0,1.0,0.6,0.6979237863049231
nvbench2:test:609,609,llama3.2:3b,direct,55,0.0,1.0,5,4,1.0,1.0,0.0,6.7945485999807715,2,2,multi_gold,point,0.0,0.0,0.0,0.0,0.0,0.0,0.0,0.0,0.0,0.0,0.0,0.0,0.0,0.0,0.0,0.0,0.0,0.0,0.0,0.0,0.0,0.0,0.0,0.0,0.0,0.0,0.0,1.0,1.0,0.0,1.0,0.6,1.0,1.0,1.0,0.0,1.0,0.8,0.8023237478546478
nvbench2:test:610,610,llama3.2:3b,direct,55,0.0,1.0,5,4,1.0,1.0,0.0,6.80100700003095,2,2,multi_gold,bar,0.0,0.0,0.0,0.0,0.0,0.0,0.0,0.0,0.0,0.0,0.0,0.0,0.0,0.0,0.0,0.0,0.0,0.0,0.0,0.0,0.0,0.0,0.0,0.0,0.0,0.0,1.0,1.0,0.0,0.6666666666666666,1.0,0.7333333333333333,1.0,1.0,0.0,0.6666666666666666,1.0,0.7333333333333333,0.8676893387401794
nvbench2:test:611,611,llama3.2:3b,direct,55,0.0,1.0,5,2,1.0,1.0,0.0,6.795504300040193,2,2,multi_gold,bar+line,0.0,0.0,0.0,0.0,0.0,0.0,0.0,0.0,0.0,0.0,0.0,0.0,0.0,0.0,0.0,0.0,0.0,0.0,0.0,0.0,0.0,0.0,0.0,0.0,0.0,0.0,1.0,1.0,0.0,0.0,1.0,0.6,1.0,1.0,0.0,0.0,1.0,0.6,0.7129033847644295
nvbench2:test:622,622,llama3.2:3b,direct,55,0.0,1.0,1,0,1.0,0.0,0.0,17.108034599921666,4,4,multi_gold,line,0.0,0.0,0.0,0.0,0.0,0.0,0.0,0.0,0.0,0.0,0.0,0.0,0.0,0.0,0.0,0.0,0.0,0.0,0.0,0.0,0.0,0.0,0.0,0.0,0.0,0.0,1.0,0.0,0.0,0.0,0.0,0.2,1.0,0.0,0.0,0.0,0.0,0.2,0.05804887125748585
nvbench2:test:623,623,llama3.2:3b,direct,55,0.0,1.0,5,3,1.0,1.0,0.0,6.43274780001957,2,2,multi_gold,arc,0.0,0.0,0.0,0.0,0.0,0.0,0.0,0.0,0.0,0.0,0.0,0.0,0.0,0.0,0.0,0.0,0.0,0.0,0.0,0.0,0.0,0.0,0.0,0.0,0.0,0.0,1.0,0.0,0.0,0.0,1.0,0.4,1.0,0.0,0.0,0.0,1.0,0.4,0.40913139844189605
nvbench2:test:634,634,llama3.2:3b,direct,55,0.0,1.0,5,0,1.0,0.0,0.0,6.6579074000474066,2,2,multi_gold,boxplot,0.0,0.0,0.0,0.0,0.0,0.0,0.0,0.0,0.0,0.0,0.0,0.0,0.0,0.0,0.0,0.0,0.0,0.0,0.0,0.0,0.0,0.0,0.0,0.0,0.0,0.0,1.0,0.0,0.0,1.0,0.0,0.4,1.0,0.0,0.0,1.0,0.0,0.4,0.3735541492177082
nvbench2:test:636,636,llama3.2:3b,direct,55,0.0,1.0,5,3,1.0,1.0,0.0,3.5633401999948546,2,2,multi_gold,arc,0.0,0.0,0.0,0.0,0.0,0.0,0.0,0.0,0.0,0.0,0.0,0.0,0.0,0.0,0.0,0.0,0.0,0.0,0.0,0.0,0.0,0.0,0.0,0.0,0.0,0.0,0.0,0.0,0.0,0.0,1.0,0.2,1.0,0.6666666666666666,0.0,0.0,1.0,0.5333333333333333,0.3603566988020459
nvbench2:test:637,637,llama3.2:3b,direct,55,0.0,1.0,5,0,1.0,0.0,0.0,6.526868599932641,2,2,multi_gold,line,0.0,0.0,0.0,0.0,0.0,0.0,0.0,0.0,0.0,0.0,0.0,0.0,0.0,0.0,0.0,0.0,0.0,0.0,0.0,0.0,0.0,0.0,0.0,0.0,0.0,0.0,1.0,0.8,0.4,1.0,0.0,0.64,1.0,0.8,0.4,1.0,0.0,0.64,0.83470581572261
nvbench2:test:642,642,llama3.2:3b,direct,55,0.0,1.0,1,0,1.0,0.0,0.0,1.705854499945417,2,2,multi_gold,boxplot,0.0,0.0,0.0,0.0,0.0,0.0,0.0,0.0,0.0,0.0,0.0,0.0,0.0,0.0,0.0,0.0,0.0,0.0,0.0,0.0,0.0,0.0,0.0,0.0,0.0,0.0,1.0,1.0,0.0,0.0,0.0,0.4,1.0,1.0,0.0,0.0,0.0,0.4,0.19590537855675663
nvbench2:test:647,647,llama3.2:3b,direct,55,0.0,1.0,5,5,1.0,1.0,1.0,7.7274991000304,4,4,multi_gold,bar+line+point,0.0,0.0,0.0,0.0,0.0,0.0,0.0,0.0,0.0,0.0,0.0,0.0,0.0,0.0,0.0,0.0,0.0,0.0,0.0,0.0,0.0,0.0,0.0,0.0,0.0,0.0,1.0,0.8,0.0,0.4,0.0,0.44000000000000006,1.0,0.8,0.0,0.4,0.0,0.44000000000000006,0.3373374715249317
nvbench2:test:649,649,llama3.2:3b,direct,55,0.0,1.0,5,0,1.0,0.0,0.0,5.662522400030866,4,4,multi_gold,rect,0.0,0.0,0.0,0.0,0.0,0.0,0.0,0.0,0.0,0.0,0.0,0.0,0.0,0.0,0.0,0.0,0.0,0.0,0.0,0.0,0.0,0.0,0.0,0.0,0.0,0.0,0.0,0.0,0.0,0.0,0.0,0.0,1.0,0.0,0.0,0.0,0.0,0.2,0.022456368802754895
nvbench2:test:651,651,llama3.2:3b,direct,55,0.0,1.0,5,0,1.0,0.0,0.0,6.954574199975468,3,3,multi_gold,point,0.0,0.0,0.0,0.0,0.0,0.0,0.0,0.0,0.0,0.0,0.0,0.0,0.0,0.0,0.0,0.0,0.0,0.0,0.0,0.0,0.0,0.0,0.0,0.0,0.0,0.0,0.0,0.0,0.0,0.0,0.0,0.0,1.0,0.0,0.0,0.0,0.0,0.2,0.034890487297344105
nvbench2:test:658,658,llama3.2:3b,direct,55,0.0,1.0,5,0,1.0,0.0,0.0,8.640974399982952,3,3,multi_gold,bar,0.0,0.0,0.0,0.0,0.0,0.0,0.0,0.0,0.0,0.0,0.0,0.0,0.0,0.0,0.0,0.0,0.0,0.0,0.0,0.0,0.0,0.0,0.0,0.0,0.0,0.0,1.0,1.0,0.5,0.5,0.0,0.6,1.0,1.0,0.5,0.5,0.0,0.6,0.46710170336210977
nvbench2:test:663,663,llama3.2:3b,direct,55,0.0,1.0,5,0,1.0,0.0,0.0,5.901344700017944,2,2,multi_gold,point,0.0,0.0,0.0,0.0,0.0,0.0,0.0,0.0,0.0,0.0,0.0,0.0,0.0,0.0,0.0,0.0,0.0,0.0,0.0,0.0,0.0,0.0,0.0,0.0,0.0,0.0,0.0,0.0,0.0,0.0,1.0,0.2,1.0,0.0,0.0,0.0,1.0,0.4,0.3139281083074145
nvbench2:test:665,665,llama3.2:3b,direct,55,0.0,1.0,5,3,1.0,1.0,0.0,6.489971500006504,5,5,multi_gold,point,0.0,0.0,0.0,0.0,0.0,0.0,0.0,0.0,0.0,0.0,0.0,0.0,0.0,0.0,0.0,0.0,0.0,0.0,0.0,0.0,0.0,0.0,0.0,0.0,0.0,0.0,1.0,0.6666666666666666,0.0,0.0,1.0,0.5333333333333333,1.0,0.6666666666666666,0.0,0.0,1.0,0.5333333333333333,0.31298320779965627
nvbench2:test:666,666,llama3.2:3b,direct,55,0.0,1.0,5,0,1.0,0.0,0.0,6.234836700023152,2,2,multi_gold,arc,0.0,0.0,0.0,0.0,0.0,0.0,0.0,0.0,0.0,0.0,0.0,0.0,0.0,0.0,0.0,0.0,0.0,0.0,0.0,0.0,0.0,0.0,0.0,0.0,0.0,0.0,1.0,0.0,0.0,0.0,1.0,0.4,1.0,0.0,0.0,0.0,1.0,0.4,0.3735541492177082
nvbench2:test:676,676,llama3.2:3b,direct,55,0.0,1.0,5,3,1.0,1.0,0.0,6.455817400012165,2,2,multi_gold,line,0.0,0.0,0.0,0.0,0.0,0.0,0.0,0.0,0.0,0.0,0.0,0.0,0.0,0.0,0.0,0.0,0.0,0.0,0.0,0.0,0.0,0.0,0.0,0.0,0.0,0.0,1.0,1.0,0.0,1.0,1.0,0.8,1.0,1.0,0.0,1.0,1.0,0.8,1.0653679915074898
nvbench2:test:677,677,llama3.2:3b,direct,55,0.0,1.0,5,0,1.0,0.0,0.0,6.682612500037067,2,2,multi_gold,arc,0.0,0.0,0.0,0.0,0.0,0.0,0.0,0.0,0.0,0.0,0.0,0.0,0.0,0.0,0.0,0.0,0.0,0.0,0.0,0.0,0.0,0.0,0.0,0.0,0.0,0.0,1.0,0.0,0.0,0.0,1.0,0.4,1.0,0.0,0.0,0.0,1.0,0.4,0.3908496947708616
nvbench2:test:685,685,llama3.2:3b,direct,55,0.0,1.0,5,0,1.0,0.0,0.0,6.632203600020148,3,3,multi_gold,point,0.0,0.0,0.0,0.0,0.0,0.0,0.0,0.0,0.0,0.0,0.0,0.0,0.0,0.0,0.0,0.0,0.0,0.0,0.0,0.0,0.0,0.0,0.0,0.0,0.0,0.0,0.0,0.6666666666666666,0.0,0.0,1.0,0.3333333333333333,1.0,0.6666666666666666,0.0,0.0,1.0,0.5333333333333333,0.4131127896547649
nvbench2:test:687,687,llama3.2:3b,direct,55,0.0,1.0,1,0,1.0,0.0,0.0,0.9944864999270067,2,2,multi_gold,boxplot,0.0,0.0,0.0,0.0,0.0,0.0,0.0,0.0,0.0,0.0,0.0,0.0,0.0,0.0,0.0,0.0,0.0,0.0,0.0,0.0,0.0,0.0,0.0,0.0,0.0,0.0,1.0,1.0,0.0,0.0,1.0,0.6,1.0,1.0,0.0,0.0,1.0,0.6,0.3162101650184913
nvbench2:test:688,688,llama3.2:3b,direct,55,0.0,1.0,5,0,1.0,0.0,0.0,5.74651610001456,2,2,multi_gold,boxplot,0.0,0.0,0.0,0.0,0.0,0.0,0.0,0.0,0.0,0.0,0.0,0.0,0.0,0.0,0.0,0.0,0.0,0.0,0.0,0.0,0.0,0.0,0.0,0.0,0.0,0.0,0.0,1.0,0.0,0.0,1.0,0.4,0.0,0.8,0.4,0.0,1.0,0.44000000000000006,0.5340524852196411
nvbench2:test:695,695,llama3.2:3b,direct,55,0.0,1.0,5,1,1.0,1.0,0.0,6.080963899963535,2,2,multi_gold,point,0.0,0.0,0.0,0.0,0.0,0.0,0.0,0.0,0.0,0.0,0.0,0.0,0.0,0.0,0.0,0.0,0.0,0.0,0.0,0.0,0.0,0.0,0.0,0.0,0.0,0.0,1.0,0.6666666666666666,0.0,0.0,0.0,0.3333333333333333,1.0,0.6666666666666666,0.0,0.0,0.0,0.3333333333333333,0.2848307031793055
nvbench2:test:703,703,llama3.2:3b,direct,55,0.0,1.0,5,0,1.0,0.0,0.0,9.263394299894571,4,4,multi_gold,arc,0.0,0.0,0.0,0.0,0.0,0.0,0.0,0.0,0.0,0.0,0.0,0.0,0.0,0.0,0.0,0.0,0.0,0.0,0.0,0.0,0.0,0.0,0.0,0.0,0.0,0.0,1.0,0.4,0.4,0.0,0.0,0.36,1.0,0.4,0.4,0.0,0.0,0.36,0.1821443953078191
nvbench2:test:705,705,llama3.2:3b,direct,55,0.0,1.0,5,4,1.0,1.0,0.0,8.041718499967828,2,2,multi_gold,arc,0.0,0.0,0.0,0.0,0.0,0.0,0.0,0.0,0.0,0.0,0.0,0.0,0.0,0.0,0.0,0.0,0.0,0.0,0.0,0.0,0.0,0.0,0.0,0.0,0.0,0.0,1.0,0.0,0.0,0.0,1.0,0.4,1.0,0.0,0.0,0.0,1.0,0.4,0.38908977618524354
nvbench2:test:707,707,llama3.2:3b,direct,55,0.0,1.0,5,3,1.0,1.0,0.0,7.384134099935181,4,4,multi_gold,arc,0.0,0.0,0.0,0.0,0.0,0.0,0.0,0.0,0.0,0.0,0.0,0.0,0.0,0.0,0.0,0.0,0.0,0.0,0.0,0.0,0.0,0.0,0.0,0.0,0.0,0.0,1.0,0.0,0.0,0.0,1.0,0.4,1.0,0.0,0.0,0.0,1.0,0.4,0.29136558432890847
nvbench2:test:711,711,llama3.2:3b,direct,55,0.0,1.0,5,5,1.0,1.0,1.0,5.629593500052579,2,2,multi_gold,boxplot,0.0,0.0,0.0,0.0,0.0,0.0,0.0,0.0,0.0,0.0,0.0,0.0,0.0,0.0,0.0,0.0,0.0,0.0,0.0,0.0,0.0,0.0,0.0,0.0,0.0,0.0,1.0,1.0,0.0,0.0,1.0,0.6,1.0,1.0,0.0,0.0,1.0,0.6,0.7119195387221414
nvbench2:test:727,727,llama3.2:3b,direct,55,0.0,1.0,5,3,1.0,1.0,0.0,8.355038200039417,2,2,multi_gold,bar,0.0,0.0,0.0,0.0,0.0,0.0,0.0,0.0,0.0,0.0,0.0,0.0,0.0,0.0,0.0,0.0,0.0,0.0,0.0,0.0,0.0,0.0,0.0,0.0,0.0,0.0,1.0,0.8,0.4,0.6666666666666666,1.0,0.7733333333333333,1.0,0.8,0.4,0.6666666666666666,1.0,0.7733333333333333,0.82855832238046
nvbench2:test:730,730,llama3.2:3b,direct,55,0.0,1.0,5,2,1.0,1.0,0.0,8.263530199998058,3,3,multi_gold,arc,0.0,0.0,0.0,0.0,0.0,0.0,0.0,0.0,0.0,0.0,0.0,0.0,0.0,0.0,0.0,0.0,0.0,0.0,0.0,0.0,0.0,0.0,0.0,0.0,0.0,0.0,0.0,0.0,0.0,0.0,1.0,0.2,1.0,1.0,0.5,0.0,1.0,0.7,0.3418479499118229
nvbench2:test:731,731,llama3.2:3b,direct,55,0.0,1.0,5,3,1.0,1.0,0.0,10.889882900053635,2,2,multi_gold,bar,0.0,0.0,0.0,0.0,0.0,0.0,0.0,0.0,0.0,0.0,0.0,0.0,0.0,0.0,0.0,0.0,0.0,0.0,0.0,0.0,0.0,0.0,0.0,0.0,0.0,0.0,1.0,0.8,0.4,0.6666666666666666,0.0,0.5733333333333334,1.0,0.8,0.4,0.6666666666666666,0.0,0.5733333333333334,0.46165263386774197
nvbench2:test:732,732,llama3.2:3b,direct,55,0.0,1.0,5,2,1.0,1.0,0.0,6.3409486000891775,2,2,multi_gold,boxplot,0.0,0.0,0.0,0.0,0.0,0.0,0.0,0.0,0.0,0.0,0.0,0.0,0.0,0.0,0.0,0.0,0.0,0.0,0.0,0.0,0.0,0.0,0.0,0.0,0.0,0.0,1.0,1.0,1.0,0.0,1.0,0.8,1.0,1.0,1.0,0.0,1.0,0.8,0.949532564353128
nvbench2:test:736,736,llama3.2:3b,direct,55,0.0,1.0,5,3,1.0,1.0,0.0,8.94165030005388,3,3,multi_gold,bar,0.0,0.0,0.0,0.0,0.0,0.0,0.0,0.0,0.0,0.0,0.0,0.0,0.0,0.0,0.0,0.0,0.0,0.0,0.0,0.0,0.0,0.0,0.0,0.0,0.0,0.0,1.0,0.8,0.0,0.5,1.0,0.6599999999999999,1.0,0.8,0.0,0.5,1.0,0.6599999999999999,0.6201311087310111
nvbench2:test:737,737,llama3.2:3b,direct,55,0.0,1.0,5,0,1.0,0.0,0.0,10.516405900008976,5,5,multi_gold,arc,0.0,0.0,0.0,0.0,0.0,0.0,0.0,0.0,0.0,0.0,0.0,0.0,0.0,0.0,0.0,0.0,0.0,0.0,0.0,0.0,0.0,0.0,0.0,0.0,0.0,0.0,1.0,0.0,0.0,0.0,0.0,0.2,1.0,0.0,0.0,0.0,0.0,0.2,0.05876109570070878
nvbench2:test:741,741,llama3.2:3b,direct,55,0.0,1.0,1,0,1.0,0.0,0.0,1.862602600012906,2,2,multi_gold,boxplot,0.0,0.0,0.0,0.0,0.0,0.0,0.0,0.0,0.0,0.0,0.0,0.0,0.0,0.0,0.0,0.0,0.0,0.0,0.0,0.0,0.0,0.0,0.0,0.0,0.0,0.0,1.0,1.0,0.0,0.0,1.0,0.6,1.0,1.0,0.0,0.0,1.0,0.6,0.3162101650184913
nvbench2:test:745,745,llama3.2:3b,direct,55,0.0,1.0,5,2,1.0,1.0,0.0,10.918655699933879,3,3,multi_gold,boxplot,0.0,0.0,0.0,0.0,0.0,0.0,0.0,0.0,0.0,0.0,0.0,0.0,0.0,0.0,0.0,0.0,0.0,0.0,0.0,0.0,0.0,0.0,0.0,0.0,0.0,0.0,1.0,1.0,0.5,0.0,0.0,0.5,1.0,1.0,0.5,0.0,0.0,0.5,0.4219552971545672
nvbench2:test:11,11,mistral-small:24b,direct,55,0.0,1.0,5,5,1.0,1.0,1.0,49.96667430002708,5,5,multi_gold,point,0.0,0.0,0.0,0.0,0.0,0.0,0.0,0.0,0.0,0.0,0.0,0.0,0.0,0.0,0.0,0.0,0.0,0.0,0.0,0.0,0.0,0.0,0.0,0.0,0.0,0.0,1.0,0.8,0.0,0.0,1.0,0.5599999999999999,1.0,0.8,0.0,0.0,1.0,0.5599999999999999,0.35727787424539903
nvbench2:test:18,18,mistral-small:24b,direct,55,0.0,1.0,2,1,1.0,1.0,0.0,7.107343800016679,4,4,multi_gold,rect,0.0,0.0,0.0,0.0,0.0,0.0,0.0,0.0,0.0,0.0,0.0,0.0,0.0,0.0,0.0,0.0,0.0,0.0,0.0,0.0,0.0,0.0,0.0,0.0,0.0,0.0,1.0,0.8,0.4,0.0,0.0,0.44000000000000006,1.0,0.8,0.4,0.0,0.0,0.44000000000000006,0.18379014003105756
nvbench2:test:20,20,mistral-small:24b,direct,55,0.0,1.0,4,4,1.0,1.0,1.0,15.095567099982873,2,2,multi_gold,arc,0.0,0.0,0.0,0.0,0.0,0.0,0.0,0.0,0.0,0.0,0.0,0.0,0.0,0.0,0.0,0.0,0.0,0.0,0.0,0.0,0.0,0.0,0.0,0.0,0.0,0.0,1.0,1.0,0.5,1.0,1.0,0.9,1.0,1.0,1.0,1.0,1.0,1.0,1.4531527480627495
nvbench2:test:25,25,mistral-small:24b,direct,55,0.0,1.0,2,2,1.0,1.0,1.0,7.425160099985078,2,2,multi_gold,boxplot,0.0,0.0,0.0,0.0,0.0,0.0,0.0,0.0,0.0,0.0,0.0,0.0,0.0,0.0,0.0,0.0,0.0,0.0,0.0,0.0,0.0,0.0,0.0,0.0,0.0,0.0,1.0,1.0,0.5,0.0,1.0,0.7,1.0,1.0,0.5,0.0,1.0,0.7,0.5824197620121327
nvbench2:test:26,26,mistral-small:24b,direct,55,0.0,1.0,4,4,1.0,1.0,1.0,19.15761939994991,4,4,multi_gold,boxplot,0.0,0.0,0.0,0.0,0.0,0.0,0.0,0.0,0.0,0.0,0.0,0.0,0.0,0.0,0.0,0.0,0.0,0.0,0.0,0.0,0.0,0.0,0.0,0.0,0.0,0.0,1.0,1.0,0.0,0.0,0.0,0.4,1.0,1.0,0.5,0.0,0.0,0.5,0.3772423653668741
nvbench2:test:31,31,mistral-small:24b,direct,55,0.0,1.0,4,4,1.0,1.0,1.0,27.467713100020774,2,2,multi_gold,rect,0.0,0.0,0.0,0.0,0.0,0.0,0.0,0.0,0.0,0.0,0.0,0.0,0.0,0.0,0.0,0.0,0.0,0.0,0.0,0.0,0.0,0.0,0.0,0.0,0.0,0.0,1.0,1.0,1.0,1.0,1.0,1.0,1.0,1.0,1.0,1.0,1.0,1.0,1.4592740767149273
nvbench2:test:35,35,mistral-small:24b,direct,55,0.0,1.0,2,2,1.0,1.0,1.0,8.460931900073774,4,4,multi_gold,bar+line,0.0,0.0,0.0,0.0,0.0,0.0,0.0,0.0,0.0,0.0,0.0,0.0,0.0,0.0,0.0,0.0,0.0,0.0,0.0,0.0,0.0,0.0,0.0,0.0,0.0,0.0,1.0,0.8,0.4,1.0,1.0,0.8400000000000001,1.0,0.8,0.4,1.0,1.0,0.8400000000000001,0.5030110510380627
nvbench2:test:37,37,mistral-small:24b,direct,55,0.0,1.0,1,0,1.0,0.0,0.0,6.001543699996546,2,2,multi_gold,arc,0.0,0.0,0.0,0.0,0.0,0.0,0.0,0.0,0.0,0.0,0.0,0.0,0.0,0.0,0.0,0.0,0.0,0.0,0.0,0.0,0.0,0.0,0.0,0.0,0.0,0.0,1.0,1.0,0.5,0.0,0.0,0.5,1.0,1.0,0.5,0.0,0.0,0.5,0.2539738829744434
nvbench2:test:39,39,mistral-small:24b,direct,55,0.0,1.0,1,1,1.0,1.0,1.0,6.905521300039254,2,2,multi_gold,bar,0.0,0.0,0.0,0.0,0.0,0.0,0.0,0.0,0.0,0.0,0.0,0.0,0.0,0.0,0.0,0.0,0.0,0.0,0.0,0.0,0.0,0.0,0.0,0.0,0.0,0.0,1.0,0.8,0.4,0.0,1.0,0.64,1.0,0.8,0.4,0.0,1.0,0.64,0.34233795667676936
nvbench2:test:62,62,mistral-small:24b,direct,55,0.0,1.0,2,2,1.0,1.0,1.0,7.054002300021239,3,3,multi_gold,arc,0.0,0.0,0.0,0.0,0.0,0.0,0.0,0.0,0.0,0.0,0.0,0.0,0.0,0.0,0.0,0.0,0.0,0.0,0.0,0.0,0.0,0.0,0.0,0.0,0.0,0.0,1.0,1.0,1.0,1.0,1.0,1.0,1.0,1.0,1.0,1.0,1.0,1.0,0.5133056191277592
nvbench2:test:70,70,mistral-small:24b,direct,55,0.0,1.0,4,2,1.0,1.0,0.0,15.537399400025606,2,2,multi_gold,bar,0.0,0.0,0.0,0.0,0.0,0.0,0.0,0.0,0.0,0.0,0.0,0.0,0.0,0.0,0.0,0.0,0.0,0.0,0.0,0.0,0.0,0.0,0.0,0.0,0.0,0.0,1.0,0.8,0.8,1.0,1.0,0.9199999999999999,1.0,0.8,0.8,1.0,1.0,0.9199999999999999,1.3429508644607626
nvbench2:test:79,79,mistral-small:24b,direct,55,0.0,1.0,5,5,1.0,1.0,1.0,18.935727300005965,3,3,multi_gold,boxplot,0.0,0.0,0.0,0.0,0.0,0.0,0.0,0.0,0.0,0.0,0.0,0.0,0.0,0.0,0.0,0.0,0.0,0.0,0.0,0.0,0.0,0.0,0.0,0.0,0.0,0.0,1.0,1.0,0.0,0.0,1.0,0.6,1.0,1.0,0.5,0.0,1.0,0.7,0.7610836830670885
nvbench2:test:90,90,mistral-small:24b,direct,55,0.0,1.0,3,3,1.0,1.0,1.0,11.682528900098987,3,3,multi_gold,arc,0.0,0.0,0.0,0.0,0.0,0.0,0.0,0.0,0.0,0.0,0.0,0.0,0.0,0.0,0.0,0.0,0.0,0.0,0.0,0.0,0.0,0.0,0.0,0.0,0.0,0.0,1.0,1.0,0.0,1.0,1.0,0.8,1.0,1.0,0.5,1.0,1.0,0.9,0.8074226344264224
nvbench2:test:97,97,mistral-small:24b,direct,55,0.0,1.0,1,1,1.0,1.0,1.0,5.039215500000864,5,5,multi_gold,line,0.0,0.0,0.0,0.0,0.0,0.0,0.0,0.0,0.0,0.0,0.0,0.0,0.0,0.0,0.0,0.0,0.0,0.0,0.0,0.0,0.0,0.0,0.0,0.0,0.0,0.0,1.0,0.8,0.8,0.6666666666666666,0.0,0.6533333333333333,1.0,0.8,0.8,0.6666666666666666,0.0,0.6533333333333333,0.19427026548214885
nvbench2:test:99,99,mistral-small:24b,direct,55,0.0,1.0,2,1,1.0,1.0,0.0,6.298029899946414,2,2,multi_gold,boxplot,0.0,0.0,0.0,0.0,0.0,0.0,0.0,0.0,0.0,0.0,0.0,0.0,0.0,0.0,0.0,0.0,0.0,0.0,0.0,0.0,0.0,0.0,0.0,0.0,0.0,0.0,1.0,0.6666666666666666,0.0,1.0,1.0,0.7333333333333333,1.0,0.6666666666666666,0.0,1.0,1.0,0.7333333333333333,0.5664348517136253
nvbench2:test:102,102,mistral-small:24b,direct,55,0.0,1.0,2,2,1.0,1.0,1.0,7.175166999921203,3,3,multi_gold,boxplot,0.0,0.0,0.0,0.0,0.0,0.0,0.0,0.0,0.0,0.0,0.0,0.0,0.0,0.0,0.0,0.0,0.0,0.0,0.0,0.0,0.0,0.0,0.0,0.0,0.0,0.0,1.0,1.0,0.5,0.0,1.0,0.7,1.0,1.0,0.5,0.0,1.0,0.7,0.4157079566146185
nvbench2:test:105,105,mistral-small:24b,direct,55,0.0,1.0,1,1,1.0,1.0,1.0,6.236930900020525,3,3,multi_gold,arc,0.0,0.0,0.0,0.0,0.0,0.0,0.0,0.0,0.0,0.0,0.0,0.0,0.0,0.0,0.0,0.0,0.0,0.0,0.0,0.0,0.0,0.0,0.0,0.0,0.0,0.0,1.0,1.0,1.0,1.0,0.0,0.8,1.0,1.0,1.0,1.0,0.0,0.8,0.3477829925412398
nvbench2:test:111,111,mistral-small:24b,direct,55,0.0,1.0,5,5,1.0,1.0,1.0,21.722090299939737,3,3,multi_gold,rect,0.0,0.0,0.0,0.0,0.0,0.0,0.0,0.0,0.0,0.0,0.0,0.0,0.0,0.0,0.0,0.0,0.0,0.0,0.0,0.0,0.0,0.0,0.0,0.0,0.0,0.0,1.0,1.0,0.6666666666666666,0.5,0.0,0.6333333333333333,1.0,1.0,1.0,0.5,0.0,0.7,0.6916174179585363
nvbench2:test:112,112,mistral-small:24b,direct,55,0.0,1.0,2,2,1.0,1.0,1.0,7.227012500050478,2,2,multi_gold,arc,0.0,0.0,0.0,0.0,0.0,0.0,0.0,0.0,0.0,0.0,0.0,0.0,0.0,0.0,0.0,0.0,0.0,0.0,0.0,0.0,0.0,0.0,0.0,0.0,0.0,0.0,1.0,1.0,1.0,1.0,1.0,1.0,1.0,1.0,1.0,1.0,1.0,1.0,1.0
nvbench2:test:113,113,mistral-small:24b,direct,55,0.0,1.0,5,5,1.0,1.0,1.0,17.13219710008707,3,3,multi_gold,line,0.0,0.0,0.0,0.0,0.0,0.0,0.0,0.0,0.0,0.0,0.0,0.0,0.0,0.0,0.0,0.0,0.0,0.0,0.0,0.0,0.0,0.0,0.0,0.0,0.0,0.0,1.0,1.0,1.0,0.6666666666666666,1.0,0.9333333333333333,1.0,1.0,1.0,0.6666666666666666,1.0,0.9333333333333333,1.0823026603350074
nvbench2:test:117,117,mistral-small:24b,direct,55,0.0,1.0,2,2,1.0,1.0,1.0,7.1442098000552505,5,5,multi_gold,bar,0.0,0.0,0.0,0.0,0.0,0.0,0.0,0.0,0.0,0.0,0.0,0.0,0.0,0.0,0.0,0.0,0.0,0.0,0.0,0.0,0.0,0.0,0.0,0.0,0.0,0.0,1.0,1.0,1.0,1.0,1.0,1.0,1.0,1.0,1.0,1.0,1.0,1.0,0.5300606246317836
nvbench2:test:127,127,mistral-small:24b,direct,55,0.0,1.0,5,5,1.0,1.0,1.0,20.32798029994592,2,2,multi_gold,arc,0.0,0.0,0.0,0.0,0.0,0.0,0.0,0.0,0.0,0.0,0.0,0.0,0.0,0.0,0.0,0.0,0.0,0.0,0.0,0.0,0.0,0.0,0.0,0.0,0.0,0.0,0.0,0.0,0.0,0.0,1.0,0.2,1.0,1.0,0.5,1.0,1.0,0.9,0.5036736951666363
nvbench2:test:131,131,mistral-small:24b,direct,55,0.0,1.0,2,2,1.0,1.0,1.0,7.315902999951504,4,4,multi_gold,arc,0.0,0.0,0.0,0.0,0.0,0.0,0.0,0.0,0.0,0.0,0.0,0.0,0.0,0.0,0.0,0.0,0.0,0.0,0.0,0.0,0.0,0.0,0.0,0.0,0.0,0.0,1.0,1.0,1.0,1.0,1.0,1.0,1.0,1.0,1.0,1.0,1.0,1.0,0.4270048100296885
nvbench2:test:132,132,mistral-small:24b,direct,55,0.0,1.0,1,1,1.0,1.0,1.0,6.3322874000296,2,2,multi_gold,bar,0.0,0.0,0.0,0.0,0.0,0.0,0.0,0.0,0.0,0.0,0.0,0.0,0.0,0.0,0.0,0.0,0.0,0.0,0.0,0.0,0.0,0.0,0.0,0.0,0.0,0.0,1.0,0.8,0.8,1.0,1.0,0.9199999999999999,1.0,0.8,0.8,1.0,1.0,0.9199999999999999,0.5469979878027313
nvbench2:test:133,133,mistral-small:24b,direct,55,0.0,1.0,1,0,1.0,0.0,0.0,6.244597299955785,2,2,multi_gold,bar,0.0,0.0,0.0,0.0,0.0,0.0,0.0,0.0,0.0,0.0,0.0,0.0,0.0,0.0,0.0,0.0,0.0,0.0,0.0,0.0,0.0,0.0,0.0,0.0,0.0,0.0,1.0,0.8,0.8,1.0,0.0,0.72,1.0,0.8,0.8,1.0,0.0,0.72,0.39681784768346284
nvbench2:test:142,142,mistral-small:24b,direct,55,0.0,1.0,2,0,1.0,0.0,0.0,8.47650510002859,2,2,multi_gold,rect,0.0,0.0,0.0,0.0,0.0,0.0,0.0,0.0,0.0,0.0,0.0,0.0,0.0,0.0,0.0,0.0,0.0,0.0,0.0,0.0,0.0,0.0,0.0,0.0,0.0,0.0,1.0,0.8,0.0,0.0,1.0,0.5599999999999999,1.0,0.8,0.0,0.0,1.0,0.5599999999999999,0.47426921729110116
nvbench2:test:144,144,mistral-small:24b,direct,55,0.0,1.0,5,5,1.0,1.0,1.0,21.79511549999006,2,2,multi_gold,bar,0.0,0.0,0.0,0.0,0.0,0.0,0.0,0.0,0.0,0.0,0.0,0.0,0.0,0.0,0.0,0.0,0.0,0.0,0.0,0.0,0.0,0.0,0.0,0.0,0.0,0.0,1.0,0.8,0.8,1.0,1.0,0.9199999999999999,1.0,1.0,1.0,1.0,1.0,1.0,1.690151697222239
nvbench2:test:150,150,mistral-small:24b,direct,55,0.0,1.0,5,5,1.0,1.0,1.0,16.266551900072955,4,4,multi_gold,bar,0.0,0.0,0.0,0.0,0.0,0.0,0.0,0.0,0.0,0.0,0.0,0.0,0.0,0.0,0.0,0.0,0.0,0.0,0.0,0.0,0.0,0.0,0.0,0.0,0.0,0.0,1.0,0.8,0.8,1.0,1.0,0.9199999999999999,1.0,0.8,0.8,1.0,1.0,0.9199999999999999,0.9743463022871509
nvbench2:test:157,157,mistral-small:24b,direct,55,0.0,1.0,2,2,1.0,1.0,1.0,6.761291899951175,5,5,multi_gold,line,0.0,0.0,0.0,0.0,0.0,0.0,0.0,0.0,0.0,0.0,0.0,0.0,0.0,0.0,0.0,0.0,0.0,0.0,0.0,0.0,0.0,0.0,0.0,0.0,0.0,0.0,1.0,1.0,1.0,1.0,1.0,1.0,1.0,1.0,1.0,1.0,1.0,1.0,0.49774566714364155
nvbench2:test:160,160,mistral-small:24b,direct,55,0.0,1.0,2,2,1.0,1.0,1.0,6.758618800085969,2,2,multi_gold,arc,0.0,0.0,0.0,0.0,0.0,0.0,0.0,0.0,0.0,0.0,0.0,0.0,0.0,0.0,0.0,0.0,0.0,0.0,0.0,0.0,0.0,0.0,0.0,0.0,0.0,0.0,1.0,1.0,0.5,1.0,1.0,0.9,1.0,1.0,0.5,1.0,1.0,0.9,0.5885503023330054
nvbench2:test:162,162,mistral-small:24b,direct,55,0.0,1.0,3,3,1.0,1.0,1.0,13.413152999943122,4,3,multi_gold,rect,0.0,0.0,0.0,0.0,0.0,0.0,0.0,0.0,0.0,0.0,0.0,0.0,0.0,0.0,0.0,0.0,0.0,0.0,0.0,0.0,0.0,0.0,0.0,0.0,0.0,0.0,1.0,1.0,1.0,1.0,1.0,1.0,1.0,1.0,1.0,1.0,1.0,1.0,0.9477252514340114
nvbench2:test:163,163,mistral-small:24b,direct,55,0.0,1.0,1,1,1.0,1.0,1.0,7.885650299955159,3,3,multi_gold,line,0.0,0.0,0.0,0.0,0.0,0.0,0.0,0.0,0.0,0.0,0.0,0.0,0.0,0.0,0.0,0.0,0.0,0.0,0.0,0.0,0.0,0.0,0.0,0.0,0.0,0.0,1.0,1.0,1.0,1.0,0.0,0.8,1.0,1.0,1.0,1.0,0.0,0.8,0.3477829925412398
nvbench2:test:168,168,mistral-small:24b,direct,55,0.0,1.0,3,3,1.0,1.0,1.0,11.247705099987797,5,5,multi_gold,bar,0.0,0.0,0.0,0.0,0.0,0.0,0.0,0.0,0.0,0.0,0.0,0.0,0.0,0.0,0.0,0.0,0.0,0.0,0.0,0.0,0.0,0.0,0.0,0.0,0.0,0.0,1.0,1.0,1.0,1.0,1.0,1.0,1.0,1.0,1.0,1.0,1.0,1.0,0.6234216722554091
nvbench2:test:170,170,mistral-small:24b,direct,55,0.0,1.0,3,3,1.0,1.0,1.0,15.311892800033092,2,2,multi_gold,rect,0.0,0.0,0.0,0.0,0.0,0.0,0.0,0.0,0.0,0.0,0.0,0.0,0.0,0.0,0.0,0.0,0.0,0.0,0.0,0.0,0.0,0.0,0.0,0.0,0.0,0.0,1.0,1.0,0.6666666666666666,1.0,0.0,0.7333333333333333,1.0,1.0,0.6666666666666666,1.0,0.0,0.7333333333333333,0.8135145712622838
nvbench2:test:173,173,mistral-small:24b,direct,55,0.0,1.0,2,0,1.0,0.0,0.0,7.710395799949765,4,4,multi_gold,point,0.0,0.0,0.0,0.0,0.0,0.0,0.0,0.0,0.0,0.0,0.0,0.0,0.0,0.0,0.0,0.0,0.0,0.0,0.0,0.0,0.0,0.0,0.0,0.0,0.0,0.0,1.0,1.0,0.5,1.0,1.0,0.9,1.0,1.0,0.5,1.0,1.0,0.9,0.4401166716300371
nvbench2:test:174,174,mistral-small:24b,direct,55,0.0,1.0,2,2,1.0,1.0,1.0,8.036102499929257,2,2,multi_gold,boxplot,0.0,0.0,0.0,0.0,0.0,0.0,0.0,0.0,0.0,0.0,0.0,0.0,0.0,0.0,0.0,0.0,0.0,0.0,0.0,0.0,0.0,0.0,0.0,0.0,0.0,0.0,1.0,1.0,0.5,0.0,1.0,0.7,1.0,1.0,0.5,0.0,1.0,0.7,0.5431530399188778
nvbench2:test:178,178,mistral-small:24b,direct,55,0.0,1.0,2,0,1.0,0.0,0.0,9.255235000047833,2,2,multi_gold,arc,0.0,0.0,0.0,0.0,0.0,0.0,0.0,0.0,0.0,0.0,0.0,0.0,0.0,0.0,0.0,0.0,0.0,0.0,0.0,0.0,0.0,0.0,0.0,0.0,0.0,0.0,1.0,1.0,0.5,0.6666666666666666,1.0,0.8333333333333334,1.0,1.0,0.5,0.6666666666666666,1.0,0.8333333333333334,0.7817974362806784
nvbench2:test:183,183,mistral-small:24b,direct,55,0.0,1.0,2,2,1.0,1.0,1.0,7.773872299934737,3,3,multi_gold,bar,0.0,0.0,0.0,0.0,0.0,0.0,0.0,0.0,0.0,0.0,0.0,0.0,0.0,0.0,0.0,0.0,0.0,0.0,0.0,0.0,0.0,0.0,0.0,0.0,0.0,0.0,1.0,1.0,1.0,1.0,1.0,1.0,1.0,1.0,1.0,1.0,1.0,1.0,0.7334179269096589
nvbench2:test:192,192,mistral-small:24b,direct,55,0.0,1.0,3,3,1.0,1.0,1.0,11.902789600077085,5,5,multi_gold,point,0.0,0.0,0.0,0.0,0.0,0.0,0.0,0.0,0.0,0.0,0.0,0.0,0.0,0.0,0.0,0.0,0.0,0.0,0.0,0.0,0.0,0.0,0.0,0.0,0.0,0.0,1.0,0.8,0.0,0.0,1.0,0.5599999999999999,1.0,0.8,0.4,0.0,1.0,0.64,0.3161840103827017
nvbench2:test:194,194,mistral-small:24b,direct,55,0.0,1.0,3,3,1.0,1.0,1.0,14.280715600005351,2,2,multi_gold,boxplot,0.0,0.0,0.0,0.0,0.0,0.0,0.0,0.0,0.0,0.0,0.0,0.0,0.0,0.0,0.0,0.0,0.0,0.0,0.0,0.0,0.0,0.0,0.0,0.0,0.0,0.0,1.0,1.0,1.0,1.0,0.0,0.8,1.0,1.0,1.0,1.0,0.0,0.8,0.86808806807947
nvbench2:test:201,201,mistral-small:24b,direct,55,0.0,1.0,3,0,1.0,0.0,0.0,11.177609200007282,2,2,multi_gold,bar,0.0,0.0,0.0,0.0,0.0,0.0,0.0,0.0,0.0,0.0,0.0,0.0,0.0,0.0,0.0,0.0,0.0,0.0,0.0,0.0,0.0,0.0,0.0,0.0,0.0,0.0,1.0,0.8,0.8,0.6666666666666666,1.0,0.8533333333333333,1.0,0.8,0.8,0.6666666666666666,1.0,0.8533333333333333,1.0240967950173792
nvbench2:test:223,223,mistral-small:24b,direct,55,0.0,1.0,1,0,1.0,0.0,0.0,5.887040599947795,3,3,multi_gold,boxplot,0.0,0.0,0.0,0.0,0.0,0.0,0.0,0.0,0.0,0.0,0.0,0.0,0.0,0.0,0.0,0.0,0.0,0.0,0.0,0.0,0.0,0.0,0.0,0.0,0.0,0.0,1.0,1.0,1.0,0.0,0.0,0.6,1.0,1.0,1.0,0.0,0.0,0.6,0.2420148133208297
nvbench2:test:227,227,mistral-small:24b,direct,55,0.0,1.0,2,2,1.0,1.0,1.0,6.900763800018467,4,4,multi_gold,line,0.0,0.0,0.0,0.0,0.0,0.0,0.0,0.0,0.0,0.0,0.0,0.0,0.0,0.0,0.0,0.0,0.0,0.0,0.0,0.0,0.0,0.0,0.0,0.0,0.0,0.0,0.0,1.0,1.0,1.0,1.0,0.8,1.0,1.0,1.0,1.0,1.0,1.0,0.5356134835890147
nvbench2:test:236,236,mistral-small:24b,direct,55,0.0,1.0,4,1,1.0,1.0,0.0,11.990383199998178,2,2,multi_gold,boxplot,0.0,0.0,0.0,0.0,0.0,0.0,0.0,0.0,0.0,0.0,0.0,0.0,0.0,0.0,0.0,0.0,0.0,0.0,0.0,0.0,0.0,0.0,0.0,0.0,0.0,0.0,0.0,0.6666666666666666,0.0,0.0,1.0,0.3333333333333333,1.0,0.6666666666666666,0.6666666666666666,1.0,1.0,0.8666666666666666,0.6507182970206332
nvbench2:test:238,238,mistral-small:24b,direct,55,0.0,1.0,5,4,1.0,1.0,0.0,23.359786799992435,3,3,multi_gold,line,0.0,0.0,0.0,0.0,0.0,0.0,0.0,0.0,0.0,0.0,0.0,0.0,0.0,0.0,0.0,0.0,0.0,0.0,0.0,0.0,0.0,0.0,0.0,0.0,0.0,0.0,1.0,1.0,1.0,1.0,1.0,1.0,1.0,1.0,1.0,1.0,1.0,1.0,1.1809913463355477
nvbench2:test:252,252,mistral-small:24b,direct,55,0.0,1.0,1,0,1.0,0.0,0.0,7.0761791000841185,2,2,multi_gold,arc,0.0,0.0,0.0,0.0,0.0,0.0,0.0,0.0,0.0,0.0,0.0,0.0,0.0,0.0,0.0,0.0,0.0,0.0,0.0,0.0,0.0,0.0,0.0,0.0,0.0,0.0,1.0,1.0,1.0,1.0,0.0,0.8,1.0,1.0,1.0,1.0,0.0,0.8,0.4544040753253556
nvbench2:test:254,254,mistral-small:24b,direct,55,0.0,1.0,5,5,1.0,1.0,1.0,22.331783899920993,2,2,multi_gold,point,0.0,0.0,0.0,0.0,0.0,0.0,0.0,0.0,0.0,0.0,0.0,0.0,0.0,0.0,0.0,0.0,0.0,0.0,0.0,0.0,0.0,0.0,0.0,0.0,0.0,0.0,1.0,0.6666666666666666,0.3333333333333333,0.0,1.0,0.6,1.0,0.8571428571428571,0.5714285714285715,0.0,1.0,0.6857142857142857,0.9927166473163611
nvbench2:test:263,263,mistral-small:24b,direct,55,0.0,1.0,2,2,1.0,1.0,1.0,7.235247600008734,5,5,multi_gold,boxplot,0.0,0.0,0.0,0.0,0.0,0.0,0.0,0.0,0.0,0.0,0.0,0.0,0.0,0.0,0.0,0.0,0.0,0.0,0.0,0.0,0.0,0.0,0.0,0.0,0.0,0.0,1.0,1.0,0.0,0.0,1.0,0.6,1.0,1.0,0.0,0.0,1.0,0.6,0.24328084094009544
nvbench2:test:268,268,mistral-small:24b,direct,55,0.0,1.0,1,0,1.0,0.0,0.0,7.040767300059088,5,5,multi_gold,rect,0.0,0.0,0.0,0.0,0.0,0.0,0.0,0.0,0.0,0.0,0.0,0.0,0.0,0.0,0.0,0.0,0.0,0.0,0.0,0.0,0.0,0.0,0.0,0.0,0.0,0.0,1.0,1.0,0.6666666666666666,0.6666666666666666,0.0,0.6666666666666666,1.0,1.0,0.6666666666666666,0.6666666666666666,0.0,0.6666666666666666,0.19922306136347254
nvbench2:test:287,287,mistral-small:24b,direct,55,0.0,1.0,5,5,1.0,1.0,1.0,18.004155399976298,3,3,multi_gold,point,0.0,0.0,0.0,0.0,0.0,0.0,0.0,0.0,0.0,0.0,0.0,0.0,0.0,0.0,0.0,0.0,0.0,0.0,0.0,0.0,0.0,0.0,0.0,0.0,0.0,0.0,1.0,0.8,0.0,0.0,1.0,0.5599999999999999,1.0,0.8,0.4,0.0,1.0,0.64,0.5316271400098882
nvbench2:test:296,296,mistral-small:24b,direct,55,0.0,1.0,5,5,1.0,1.0,1.0,19.91009760007728,5,5,multi_gold,bar+line+rect,0.0,0.0,0.0,0.0,0.0,0.0,0.0,0.0,0.0,0.0,0.0,0.0,0.0,0.0,0.0,0.0,0.0,0.0,0.0,0.0,0.0,0.0,0.0,0.0,0.0,0.0,1.0,0.8,0.8,1.0,1.0,0.9199999999999999,1.0,1.0,1.0,1.0,1.0,1.0,0.7751960845111265
nvbench2:test:297,297,mistral-small:24b,direct,55,0.0,1.0,2,2,1.0,1.0,1.0,7.227381499949843,2,2,multi_gold,bar,0.0,0.0,0.0,0.0,0.0,0.0,0.0,0.0,0.0,0.0,0.0,0.0,0.0,0.0,0.0,0.0,0.0,0.0,0.0,0.0,0.0,0.0,0.0,0.0,0.0,0.0,1.0,0.8,0.8,1.0,0.0,0.72,1.0,0.8,0.8,1.0,0.0,0.72,0.6471820345351461
nvbench2:test:298,298,mistral-small:24b,direct,55,0.0,1.0,2,2,1.0,1.0,1.0,7.148174099973403,3,3,multi_gold,line,0.0,0.0,0.0,0.0,0.0,0.0,0.0,0.0,0.0,0.0,0.0,0.0,0.0,0.0,0.0,0.0,0.0,0.0,0.0,0.0,0.0,0.0,0.0,0.0,0.0,0.0,1.0,0.8,0.8,1.0,0.0,0.72,1.0,0.8,0.8,1.0,0.0,0.72,0.4564031072006223
nvbench2:test:303,303,mistral-small:24b,direct,55,0.0,1.0,2,2,1.0,1.0,1.0,8.652885199990124,2,2,multi_gold,boxplot,0.0,0.0,0.0,0.0,0.0,0.0,0.0,0.0,0.0,0.0,0.0,0.0,0.0,0.0,0.0,0.0,0.0,0.0,0.0,0.0,0.0,0.0,0.0,0.0,0.0,0.0,1.0,1.0,1.0,0.0,1.0,0.8,1.0,1.0,1.0,0.0,1.0,0.8,0.7411011265922482
nvbench2:test:317,317,mistral-small:24b,direct,55,0.0,1.0,2,2,1.0,1.0,1.0,7.312453199992888,2,2,multi_gold,arc,0.0,0.0,0.0,0.0,0.0,0.0,0.0,0.0,0.0,0.0,0.0,0.0,0.0,0.0,0.0,0.0,0.0,0.0,0.0,0.0,0.0,0.0,0.0,0.0,0.0,0.0,1.0,1.0,0.0,0.0,1.0,0.6,1.0,1.0,0.0,0.0,1.0,0.6,0.37373454108025284
nvbench2:test:319,319,mistral-small:24b,direct,55,0.0,1.0,1,0,1.0,0.0,0.0,7.782712399959564,2,2,multi_gold,point,0.0,0.0,0.0,0.0,0.0,0.0,0.0,0.0,0.0,0.0,0.0,0.0,0.0,0.0,0.0,0.0,0.0,0.0,0.0,0.0,0.0,0.0,0.0,0.0,0.0,0.0,1.0,0.6666666666666666,0.0,0.0,0.0,0.3333333333333333,1.0,0.6666666666666666,0.0,0.0,0.0,0.3333333333333333,0.15936986208369214
nvbench2:test:320,320,mistral-small:24b,direct,55,0.0,1.0,1,1,1.0,1.0,1.0,7.58952469995711,3,3,multi_gold,rect,0.0,0.0,0.0,0.0,0.0,0.0,0.0,0.0,0.0,0.0,0.0,0.0,0.0,0.0,0.0,0.0,0.0,0.0,0.0,0.0,0.0,0.0,0.0,0.0,0.0,0.0,1.0,1.0,0.6666666666666666,0.6666666666666666,1.0,0.8666666666666666,1.0,1.0,0.6666666666666666,0.6666666666666666,1.0,0.8666666666666666,0.3864252098110378
nvbench2:test:325,325,mistral-small:24b,direct,55,0.0,1.0,1,1,1.0,1.0,1.0,7.962154799955897,2,2,multi_gold,rect,0.0,0.0,0.0,0.0,0.0,0.0,0.0,0.0,0.0,0.0,0.0,0.0,0.0,0.0,0.0,0.0,0.0,0.0,0.0,0.0,0.0,0.0,0.0,0.0,0.0,0.0,0.0,0.8,0.4,0.0,0.0,0.24000000000000005,0.0,0.8,0.4,0.0,0.0,0.24000000000000005,0.11097514226666569
nvbench2:test:332,332,mistral-small:24b,direct,55,0.0,1.0,3,3,1.0,1.0,1.0,11.01520350005012,2,2,multi_gold,rect,0.0,0.0,0.0,0.0,0.0,0.0,0.0,0.0,0.0,0.0,0.0,0.0,0.0,0.0,0.0,0.0,0.0,0.0,0.0,0.0,0.0,0.0,0.0,0.0,0.0,0.0,1.0,1.0,0.6666666666666666,0.6666666666666666,1.0,0.8666666666666666,1.0,1.0,0.6666666666666666,0.6666666666666666,1.0,0.8666666666666666,0.7521718324121531
nvbench2:test:335,335,mistral-small:24b,direct,55,0.0,1.0,2,0,1.0,0.0,0.0,7.594472900032997,4,4,multi_gold,arc,0.0,0.0,0.0,0.0,0.0,0.0,0.0,0.0,0.0,0.0,0.0,0.0,0.0,0.0,0.0,0.0,0.0,0.0,0.0,0.0,0.0,0.0,0.0,0.0,0.0,0.0,1.0,1.0,0.6666666666666666,0.0,1.0,0.7333333333333333,1.0,1.0,0.6666666666666666,0.0,1.0,0.7333333333333333,0.29524209294858694
nvbench2:test:341,341,mistral-small:24b,direct,55,0.0,1.0,3,3,1.0,1.0,1.0,11.792523799929768,5,5,multi_gold,rect,0.0,0.0,0.0,0.0,0.0,0.0,0.0,0.0,0.0,0.0,0.0,0.0,0.0,0.0,0.0,0.0,0.0,0.0,0.0,0.0,0.0,0.0,0.0,0.0,0.0,0.0,1.0,1.0,0.6666666666666666,1.0,1.0,0.9333333333333333,1.0,1.0,0.6666666666666666,1.0,1.0,0.9333333333333333,0.44530976996647725
nvbench2:test:344,344,mistral-small:24b,direct,55,0.0,1.0,4,4,1.0,1.0,1.0,26.236125299939886,5,5,multi_gold,rect,0.0,0.0,0.0,0.0,0.0,0.0,0.0,0.0,0.0,0.0,0.0,0.0,0.0,0.0,0.0,0.0,0.0,0.0,0.0,0.0,0.0,0.0,0.0,0.0,0.0,0.0,1.0,1.0,0.3333333333333333,0.0,0.0,0.4666666666666667,1.0,1.0,0.3333333333333333,0.0,0.0,0.4666666666666667,0.3318039709486422
nvbench2:test:349,349,mistral-small:24b,direct,55,0.0,1.0,4,4,1.0,1.0,1.0,17.97467089991551,4,4,multi_gold,arc,0.0,0.0,0.0,0.0,0.0,0.0,0.0,0.0,0.0,0.0,0.0,0.0,0.0,0.0,0.0,0.0,0.0,0.0,0.0,0.0,0.0,0.0,0.0,0.0,0.0,0.0,1.0,1.0,1.0,1.0,1.0,1.0,1.0,1.0,1.0,1.0,1.0,1.0,0.5674524269224388
nvbench2:test:351,351,mistral-small:24b,direct,55,0.0,1.0,3,3,1.0,1.0,1.0,13.471708999946713,2,2,multi_gold,boxplot,0.0,0.0,0.0,0.0,0.0,0.0,0.0,0.0,0.0,0.0,0.0,0.0,0.0,0.0,0.0,0.0,0.0,0.0,0.0,0.0,0.0,0.0,0.0,0.0,0.0,0.0,1.0,1.0,0.5,0.0,1.0,0.7,1.0,1.0,1.0,1.0,1.0,1.0,1.0763397641374968
nvbench2:test:355,355,mistral-small:24b,direct,55,0.0,1.0,4,4,1.0,1.0,1.0,23.394305899972096,4,4,multi_gold,rect,0.0,0.0,0.0,0.0,0.0,0.0,0.0,0.0,0.0,0.0,0.0,0.0,0.0,0.0,0.0,0.0,0.0,0.0,0.0,0.0,0.0,0.0,0.0,0.0,0.0,0.0,1.0,1.0,1.0,1.0,0.0,0.8,1.0,1.0,1.0,1.0,0.0,0.8,0.5588882863757668
nvbench2:test:365,365,mistral-small:24b,direct,55,0.0,1.0,1,0,1.0,0.0,0.0,9.417011399986222,2,2,multi_gold,point,0.0,0.0,0.0,0.0,0.0,0.0,0.0,0.0,0.0,0.0,0.0,0.0,0.0,0.0,0.0,0.0,0.0,0.0,0.0,0.0,0.0,0.0,0.0,0.0,0.0,0.0,0.0,0.8,0.0,0.0,0.0,0.16,0.0,0.8,0.0,0.0,0.0,0.16,0.07191427945647642
nvbench2:test:366,366,mistral-small:24b,direct,55,0.0,1.0,2,2,1.0,1.0,1.0,8.037496299948543,5,5,multi_gold,boxplot,0.0,0.0,0.0,0.0,0.0,0.0,0.0,0.0,0.0,0.0,0.0,0.0,0.0,0.0,0.0,0.0,0.0,0.0,0.0,0.0,0.0,0.0,0.0,0.0,0.0,0.0,1.0,1.0,1.0,0.0,1.0,0.8,1.0,1.0,1.0,0.0,1.0,0.8,0.38498745812488716
nvbench2:test:376,376,mistral-small:24b,direct,55,0.0,1.0,2,2,1.0,1.0,1.0,7.975477800006047,4,4,multi_gold,rect,0.0,0.0,0.0,0.0,0.0,0.0,0.0,0.0,0.0,0.0,0.0,0.0,0.0,0.0,0.0,0.0,0.0,0.0,0.0,0.0,0.0,0.0,0.0,0.0,0.0,0.0,1.0,1.0,0.6666666666666666,0.6666666666666666,0.0,0.6666666666666666,1.0,1.0,0.6666666666666666,0.6666666666666666,0.0,0.6666666666666666,0.2738885768873943
nvbench2:test:377,377,mistral-small:24b,direct,55,0.0,1.0,1,1,1.0,1.0,1.0,8.550391700002365,4,4,multi_gold,rect,0.0,0.0,0.0,0.0,0.0,0.0,0.0,0.0,0.0,0.0,0.0,0.0,0.0,0.0,0.0,0.0,0.0,0.0,0.0,0.0,0.0,0.0,0.0,0.0,0.0,0.0,1.0,1.0,0.6666666666666666,0.6666666666666666,0.0,0.6666666666666666,1.0,1.0,0.6666666666666666,0.6666666666666666,0.0,0.6666666666666666,0.2293096520327588
nvbench2:test:384,384,mistral-small:24b,direct,55,0.0,1.0,2,2,1.0,1.0,1.0,7.2369104999816045,3,3,multi_gold,arc,0.0,0.0,0.0,0.0,0.0,0.0,0.0,0.0,0.0,0.0,0.0,0.0,0.0,0.0,0.0,0.0,0.0,0.0,0.0,0.0,0.0,0.0,0.0,0.0,0.0,0.0,1.0,1.0,1.0,1.0,1.0,1.0,1.0,1.0,1.0,1.0,1.0,1.0,0.7653606369886217
nvbench2:test:385,385,mistral-small:24b,direct,55,0.0,1.0,2,2,1.0,1.0,1.0,7.161335400072858,3,3,multi_gold,arc,0.0,0.0,0.0,0.0,0.0,0.0,0.0,0.0,0.0,0.0,0.0,0.0,0.0,0.0,0.0,0.0,0.0,0.0,0.0,0.0,0.0,0.0,0.0,0.0,0.0,0.0,1.0,1.0,1.0,1.0,1.0,1.0,1.0,1.0,1.0,1.0,1.0,1.0,0.5133056191277592
nvbench2:test:388,388,mistral-small:24b,direct,55,0.0,1.0,5,5,1.0,1.0,1.0,19.168980300077237,5,5,multi_gold,bar+line+rect,0.0,0.0,0.0,0.0,0.0,0.0,0.0,0.0,0.0,0.0,0.0,0.0,0.0,0.0,0.0,0.0,0.0,0.0,0.0,0.0,0.0,0.0,0.0,0.0,0.0,0.0,1.0,0.8,0.8,1.0,1.0,0.9199999999999999,1.0,0.8,0.8,1.0,1.0,0.9199999999999999,0.7402503412865851
nvbench2:test:392,392,mistral-small:24b,direct,55,0.0,1.0,4,4,1.0,1.0,1.0,13.661772400024347,4,4,multi_gold,rect,0.0,0.0,0.0,0.0,0.0,0.0,0.0,0.0,0.0,0.0,0.0,0.0,0.0,0.0,0.0,0.0,0.0,0.0,0.0,0.0,0.0,0.0,0.0,0.0,0.0,0.0,0.0,0.8,0.4,0.0,1.0,0.44000000000000006,0.0,0.8,0.4,0.0,1.0,0.44000000000000006,0.3242966058043781
nvbench2:test:395,395,mistral-small:24b,direct,55,0.0,1.0,5,5,1.0,1.0,1.0,18.143709699972533,2,2,multi_gold,rect,0.0,0.0,0.0,0.0,0.0,0.0,0.0,0.0,0.0,0.0,0.0,0.0,0.0,0.0,0.0,0.0,0.0,0.0,0.0,0.0,0.0,0.0,0.0,0.0,0.0,0.0,0.0,0.8,0.4,0.0,1.0,0.44000000000000006,1.0,1.0,1.0,1.0,1.0,1.0,0.7769403620998561
nvbench2:test:406,406,mistral-small:24b,direct,55,0.0,1.0,2,2,1.0,1.0,1.0,8.476413400028832,2,2,multi_gold,bar,0.0,0.0,0.0,0.0,0.0,0.0,0.0,0.0,0.0,0.0,0.0,0.0,0.0,0.0,0.0,0.0,0.0,0.0,0.0,0.0,0.0,0.0,0.0,0.0,0.0,0.0,1.0,0.8,0.8,1.0,1.0,0.9199999999999999,1.0,0.8,0.8,1.0,1.0,0.9199999999999999,0.8336950390696239
nvbench2:test:426,426,mistral-small:24b,direct,55,0.0,1.0,2,0,1.0,0.0,0.0,6.8771374999778345,5,5,multi_gold,arc,0.0,0.0,0.0,0.0,0.0,0.0,0.0,0.0,0.0,0.0,0.0,0.0,0.0,0.0,0.0,0.0,0.0,0.0,0.0,0.0,0.0,0.0,0.0,0.0,0.0,0.0,1.0,0.6666666666666666,0.6666666666666666,0.0,1.0,0.6666666666666666,1.0,1.0,0.5,1.0,1.0,0.9,0.3845492860950319
nvbench2:test:430,430,mistral-small:24b,direct,55,0.0,1.0,2,0,1.0,0.0,0.0,10.772401900030673,2,2,multi_gold,bar,0.0,0.0,0.0,0.0,0.0,0.0,0.0,0.0,0.0,0.0,0.0,0.0,0.0,0.0,0.0,0.0,0.0,0.0,0.0,0.0,0.0,0.0,0.0,0.0,0.0,0.0,1.0,0.8,0.8,1.0,0.0,0.72,1.0,0.8,0.8,1.0,0.0,0.72,0.6471820345351461
nvbench2:test:432,432,mistral-small:24b,direct,55,0.0,1.0,3,3,1.0,1.0,1.0,11.61541450000368,5,5,multi_gold,bar+line+rect,0.0,0.0,0.0,0.0,0.0,0.0,0.0,0.0,0.0,0.0,0.0,0.0,0.0,0.0,0.0,0.0,0.0,0.0,0.0,0.0,0.0,0.0,0.0,0.0,0.0,0.0,1.0,0.8,0.8,1.0,0.0,0.72,1.0,1.0,1.0,1.0,0.0,0.8,0.47521898629343656
nvbench2:test:434,434,mistral-small:24b,direct,55,0.0,1.0,2,0,1.0,0.0,0.0,7.107072199927643,5,5,multi_gold,arc,0.0,0.0,0.0,0.0,0.0,0.0,0.0,0.0,0.0,0.0,0.0,0.0,0.0,0.0,0.0,0.0,0.0,0.0,0.0,0.0,0.0,0.0,0.0,0.0,0.0,0.0,1.0,1.0,0.5,0.6666666666666666,1.0,0.8333333333333334,1.0,1.0,0.5,0.6666666666666666,1.0,0.8333333333333334,0.2969739845293261
nvbench2:test:435,435,mistral-small:24b,direct,55,0.0,1.0,4,4,1.0,1.0,1.0,17.532238099956885,4,4,multi_gold,rect,0.0,0.0,0.0,0.0,0.0,0.0,0.0,0.0,0.0,0.0,0.0,0.0,0.0,0.0,0.0,0.0,0.0,0.0,0.0,0.0,0.0,0.0,0.0,0.0,0.0,0.0,1.0,1.0,0.0,0.0,1.0,0.6,1.0,1.0,0.0,0.0,1.0,0.6,0.41944836199753627
nvbench2:test:443,443,mistral-small:24b,direct,55,0.0,1.0,1,0,1.0,0.0,0.0,5.9679793999530375,2,2,multi_gold,arc,0.0,0.0,0.0,0.0,0.0,0.0,0.0,0.0,0.0,0.0,0.0,0.0,0.0,0.0,0.0,0.0,0.0,0.0,0.0,0.0,0.0,0.0,0.0,0.0,0.0,0.0,1.0,1.0,1.0,1.0,0.0,0.8,1.0,1.0,1.0,1.0,0.0,0.8,0.4544040753253556
nvbench2:test:446,446,mistral-small:24b,direct,55,0.0,1.0,1,1,1.0,1.0,1.0,7.283574000000954,2,2,multi_gold,arc,0.0,0.0,0.0,0.0,0.0,0.0,0.0,0.0,0.0,0.0,0.0,0.0,0.0,0.0,0.0,0.0,0.0,0.0,0.0,0.0,0.0,0.0,0.0,0.0,0.0,0.0,1.0,1.0,1.0,1.0,1.0,1.0,1.0,1.0,1.0,1.0,1.0,1.0,0.6131471927654584
nvbench2:test:454,454,mistral-small:24b,direct,55,0.0,1.0,2,2,1.0,1.0,1.0,7.109257799922489,2,2,multi_gold,arc,0.0,0.0,0.0,0.0,0.0,0.0,0.0,0.0,0.0,0.0,0.0,0.0,0.0,0.0,0.0,0.0,0.0,0.0,0.0,0.0,0.0,0.0,0.0,0.0,0.0,0.0,1.0,1.0,0.0,0.0,1.0,0.6,1.0,1.0,0.0,0.0,1.0,0.6,0.37373454108025284
nvbench2:test:461,461,mistral-small:24b,direct,55,0.0,1.0,4,2,1.0,1.0,0.0,16.25237040000502,3,3,multi_gold,rect,0.0,0.0,0.0,0.0,0.0,0.0,0.0,0.0,0.0,0.0,0.0,0.0,0.0,0.0,0.0,0.0,0.0,0.0,0.0,0.0,0.0,0.0,0.0,0.0,0.0,0.0,1.0,1.0,1.0,1.0,1.0,1.0,1.0,1.0,1.0,1.0,1.0,1.0,0.8832848679252374
nvbench2:test:466,466,mistral-small:24b,direct,55,0.0,1.0,2,2,1.0,1.0,1.0,7.694195099989884,2,2,multi_gold,rect,0.0,0.0,0.0,0.0,0.0,0.0,0.0,0.0,0.0,0.0,0.0,0.0,0.0,0.0,0.0,0.0,0.0,0.0,0.0,0.0,0.0,0.0,0.0,0.0,0.0,0.0,1.0,1.0,0.6666666666666666,0.6666666666666666,1.0,0.8666666666666666,1.0,1.0,0.6666666666666666,0.6666666666666666,1.0,0.8666666666666666,0.642846361260876
nvbench2:test:471,471,mistral-small:24b,direct,55,0.0,1.0,2,2,1.0,1.0,1.0,6.881483700009994,5,5,multi_gold,line,0.0,0.0,0.0,0.0,0.0,0.0,0.0,0.0,0.0,0.0,0.0,0.0,0.0,0.0,0.0,0.0,0.0,0.0,0.0,0.0,0.0,0.0,0.0,0.0,0.0,0.0,1.0,1.0,1.0,1.0,1.0,1.0,1.0,1.0,1.0,1.0,1.0,1.0,0.49774566714364155
nvbench2:test:479,479,mistral-small:24b,direct,55,0.0,1.0,5,5,1.0,1.0,1.0,19.193177899927832,2,2,multi_gold,bar+line,0.0,0.0,0.0,0.0,0.0,0.0,0.0,0.0,0.0,0.0,0.0,0.0,0.0,0.0,0.0,0.0,0.0,0.0,0.0,0.0,0.0,0.0,0.0,0.0,0.0,0.0,1.0,0.8,0.0,0.0,1.0,0.5599999999999999,1.0,0.8,0.8,1.0,1.0,0.9199999999999999,0.9292330930542829
nvbench2:test:483,483,mistral-small:24b,direct,55,0.0,1.0,2,2,1.0,1.0,1.0,7.195927800028585,2,2,multi_gold,arc,0.0,0.0,0.0,0.0,0.0,0.0,0.0,0.0,0.0,0.0,0.0,0.0,0.0,0.0,0.0,0.0,0.0,0.0,0.0,0.0,0.0,0.0,0.0,0.0,0.0,0.0,1.0,1.0,1.0,1.0,1.0,1.0,1.0,1.0,1.0,1.0,1.0,1.0,0.6706715688272199
nvbench2:test:486,486,mistral-small:24b,direct,55,0.0,1.0,5,4,1.0,1.0,0.0,20.44086850003805,2,2,multi_gold,rect,0.0,0.0,0.0,0.0,0.0,0.0,0.0,0.0,0.0,0.0,0.0,0.0,0.0,0.0,0.0,0.0,0.0,0.0,0.0,0.0,0.0,0.0,0.0,0.0,0.0,0.0,1.0,0.8,0.4,0.0,1.0,0.64,1.0,1.0,1.0,0.6666666666666666,1.0,0.9333333333333333,1.1215804283409385
nvbench2:test:489,489,mistral-small:24b,direct,55,0.0,1.0,2,2,1.0,1.0,1.0,6.979457299923524,2,2,multi_gold,arc,0.0,0.0,0.0,0.0,0.0,0.0,0.0,0.0,0.0,0.0,0.0,0.0,0.0,0.0,0.0,0.0,0.0,0.0,0.0,0.0,0.0,0.0,0.0,0.0,0.0,0.0,1.0,1.0,0.0,0.0,1.0,0.6,1.0,1.0,0.0,0.0,1.0,0.6,0.37373454108025284
nvbench2:test:492,492,mistral-small:24b,direct,55,0.0,1.0,2,1,1.0,1.0,0.0,7.0088760000653565,2,2,multi_gold,rect,0.0,0.0,0.0,0.0,0.0,0.0,0.0,0.0,0.0,0.0,0.0,0.0,0.0,0.0,0.0,0.0,0.0,0.0,0.0,0.0,0.0,0.0,0.0,0.0,0.0,0.0,1.0,0.8,0.4,0.0,1.0,0.64,1.0,0.8,0.4,0.0,1.0,0.64,0.480291341821887
nvbench2:test:505,505,mistral-small:24b,direct,55,0.0,1.0,1,1,1.0,1.0,1.0,7.190823799930513,2,2,multi_gold,bar,0.0,0.0,0.0,0.0,0.0,0.0,0.0,0.0,0.0,0.0,0.0,0.0,0.0,0.0,0.0,0.0,0.0,0.0,0.0,0.0,0.0,0.0,0.0,0.0,0.0,0.0,1.0,0.8,0.8,1.0,1.0,0.9199999999999999,1.0,0.8,0.8,1.0,1.0,0.9199999999999999,0.5469979878027313
nvbench2:test:508,508,mistral-small:24b,direct,55,0.0,1.0,2,2,1.0,1.0,1.0,7.1594372999388725,2,2,multi_gold,arc,0.0,0.0,0.0,0.0,0.0,0.0,0.0,0.0,0.0,0.0,0.0,0.0,0.0,0.0,0.0,0.0,0.0,0.0,0.0,0.0,0.0,0.0,0.0,0.0,0.0,0.0,1.0,1.0,1.0,1.0,1.0,1.0,1.0,1.0,1.0,1.0,1.0,1.0,1.0
nvbench2:test:519,519,mistral-small:24b,direct,55,0.0,1.0,2,1,1.0,1.0,0.0,6.807871399912983,3,3,multi_gold,boxplot,0.0,0.0,0.0,0.0,0.0,0.0,0.0,0.0,0.0,0.0,0.0,0.0,0.0,0.0,0.0,0.0,0.0,0.0,0.0,0.0,0.0,0.0,0.0,0.0,0.0,0.0,1.0,0.6666666666666666,0.0,1.0,1.0,0.7333333333333333,1.0,0.6666666666666666,0.0,1.0,1.0,0.7333333333333333,0.4957903682583411
nvbench2:test:524,524,mistral-small:24b,direct,55,0.0,1.0,5,5,1.0,1.0,1.0,17.809101299964823,5,5,multi_gold,bar+line+rect,0.0,0.0,0.0,0.0,0.0,0.0,0.0,0.0,0.0,0.0,0.0,0.0,0.0,0.0,0.0,0.0,0.0,0.0,0.0,0.0,0.0,0.0,0.0,0.0,0.0,0.0,1.0,0.8,0.8,1.0,1.0,0.9199999999999999,1.0,0.8,0.8,1.0,1.0,0.9199999999999999,0.8193068326386252
nvbench2:test:526,526,mistral-small:24b,direct,55,0.0,1.0,1,0,1.0,0.0,0.0,7.3131648999406025,2,2,multi_gold,arc,0.0,0.0,0.0,0.0,0.0,0.0,0.0,0.0,0.0,0.0,0.0,0.0,0.0,0.0,0.0,0.0,0.0,0.0,0.0,0.0,0.0,0.0,0.0,0.0,0.0,0.0,1.0,1.0,1.0,1.0,0.0,0.8,1.0,1.0,1.0,1.0,0.0,0.8,0.4544040753253556
nvbench2:test:531,531,mistral-small:24b,direct,55,0.0,1.0,1,0,1.0,0.0,0.0,7.461276200017892,3,3,multi_gold,line,0.0,0.0,0.0,0.0,0.0,0.0,0.0,0.0,0.0,0.0,0.0,0.0,0.0,0.0,0.0,0.0,0.0,0.0,0.0,0.0,0.0,0.0,0.0,0.0,0.0,0.0,1.0,1.0,1.0,1.0,0.0,0.8,1.0,1.0,1.0,1.0,0.0,0.8,0.3477829925412398
nvbench2:test:532,532,mistral-small:24b,direct,55,0.0,1.0,2,2,1.0,1.0,1.0,6.989481099997647,3,3,multi_gold,arc+bar+line,0.0,0.0,0.0,0.0,0.0,0.0,0.0,0.0,0.0,0.0,0.0,0.0,0.0,0.0,0.0,0.0,0.0,0.0,0.0,0.0,0.0,0.0,0.0,0.0,0.0,0.0,1.0,1.0,1.0,1.0,1.0,1.0,1.0,1.0,1.0,1.0,1.0,1.0,0.7653606369886217
nvbench2:test:535,535,mistral-small:24b,direct,55,0.0,1.0,1,1,1.0,1.0,1.0,7.237756200018339,3,3,multi_gold,line,0.0,0.0,0.0,0.0,0.0,0.0,0.0,0.0,0.0,0.0,0.0,0.0,0.0,0.0,0.0,0.0,0.0,0.0,0.0,0.0,0.0,0.0,0.0,0.0,0.0,0.0,1.0,1.0,1.0,1.0,1.0,1.0,1.0,1.0,1.0,1.0,1.0,1.0,0.46927872602275644
nvbench2:test:545,545,mistral-small:24b,direct,55,0.0,1.0,5,0,1.0,0.0,0.0,24.995391400065273,2,2,multi_gold,rect,0.0,0.0,0.0,0.0,0.0,0.0,0.0,0.0,0.0,0.0,0.0,0.0,0.0,0.0,0.0,0.0,0.0,0.0,0.0,0.0,0.0,0.0,0.0,0.0,0.0,0.0,1.0,1.0,0.3333333333333333,1.0,1.0,0.8666666666666666,1.0,1.0,0.6666666666666666,1.0,1.0,0.9333333333333333,1.5183356586905334
nvbench2:test:546,546,mistral-small:24b,direct,55,0.0,1.0,2,2,1.0,1.0,1.0,6.8796547000529245,3,3,multi_gold,arc,0.0,0.0,0.0,0.0,0.0,0.0,0.0,0.0,0.0,0.0,0.0,0.0,0.0,0.0,0.0,0.0,0.0,0.0,0.0,0.0,0.0,0.0,0.0,0.0,0.0,0.0,1.0,1.0,1.0,1.0,1.0,1.0,1.0,1.0,1.0,1.0,1.0,1.0,0.5133056191277592
nvbench2:test:547,547,mistral-small:24b,direct,55,0.0,1.0,3,3,1.0,1.0,1.0,22.28179080004338,4,3,multi_gold,rect,0.0,0.0,0.0,0.0,0.0,0.0,0.0,0.0,0.0,0.0,0.0,0.0,0.0,0.0,0.0,0.0,0.0,0.0,0.0,0.0,0.0,0.0,0.0,0.0,0.0,0.0,1.0,1.0,1.0,1.0,1.0,1.0,1.0,1.0,1.0,1.0,1.0,1.0,1.0
nvbench2:test:551,551,mistral-small:24b,direct,55,0.0,1.0,2,2,1.0,1.0,1.0,7.002123299986124,3,3,multi_gold,line,0.0,0.0,0.0,0.0,0.0,0.0,0.0,0.0,0.0,0.0,0.0,0.0,0.0,0.0,0.0,0.0,0.0,0.0,0.0,0.0,0.0,0.0,0.0,0.0,0.0,0.0,1.0,1.0,1.0,1.0,0.0,0.8,1.0,1.0,1.0,1.0,0.0,0.8,0.5004773390703932
nvbench2:test:552,552,mistral-small:24b,direct,55,0.0,1.0,2,2,1.0,1.0,1.0,7.056518799974583,2,2,multi_gold,arc,0.0,0.0,0.0,0.0,0.0,0.0,0.0,0.0,0.0,0.0,0.0,0.0,0.0,0.0,0.0,0.0,0.0,0.0,0.0,0.0,0.0,0.0,0.0,0.0,0.0,0.0,1.0,1.0,1.0,1.0,1.0,1.0,1.0,1.0,1.0,1.0,1.0,1.0,0.6706715688272199
nvbench2:test:553,553,mistral-small:24b,direct,55,0.0,1.0,2,2,1.0,1.0,1.0,7.037362899980508,3,3,multi_gold,bar,0.0,0.0,0.0,0.0,0.0,0.0,0.0,0.0,0.0,0.0,0.0,0.0,0.0,0.0,0.0,0.0,0.0,0.0,0.0,0.0,0.0,0.0,0.0,0.0,0.0,0.0,1.0,1.0,1.0,1.0,1.0,1.0,1.0,1.0,1.0,1.0,1.0,1.0,0.7334179269096589
nvbench2:test:554,554,mistral-small:24b,direct,55,0.0,1.0,2,2,1.0,1.0,1.0,6.893395999912173,2,2,multi_gold,arc,0.0,0.0,0.0,0.0,0.0,0.0,0.0,0.0,0.0,0.0,0.0,0.0,0.0,0.0,0.0,0.0,0.0,0.0,0.0,0.0,0.0,0.0,0.0,0.0,0.0,0.0,1.0,1.0,1.0,1.0,1.0,1.0,1.0,1.0,1.0,1.0,1.0,1.0,1.0
nvbench2:test:556,556,mistral-small:24b,direct,55,0.0,1.0,2,1,1.0,1.0,0.0,8.045914300018921,2,1,single_gold,rect,0.0,0.0,0.0,0.0,0.0,0.0,0.0,0.0,0.0,0.0,0.0,0.0,0.0,0.0,0.0,0.0,0.0,0.0,0.0,0.0,0.0,0.0,0.0,0.0,0.0,0.0,1.0,0.8,0.8,0.0,1.0,0.72,1.0,0.8,0.8,0.0,1.0,0.72,0.9209773122268128
nvbench2:test:558,558,mistral-small:24b,direct,55,0.0,1.0,1,0,1.0,0.0,0.0,6.80380170000717,2,2,multi_gold,arc,0.0,0.0,0.0,0.0,0.0,0.0,0.0,0.0,0.0,0.0,0.0,0.0,0.0,0.0,0.0,0.0,0.0,0.0,0.0,0.0,0.0,0.0,0.0,0.0,0.0,0.0,0.0,0.0,0.0,0.0,0.0,0.0,0.0,0.0,0.0,0.0,0.0,0.0,0.0
nvbench2:test:561,561,mistral-small:24b,direct,55,0.0,1.0,2,2,1.0,1.0,1.0,6.9196588000049815,5,5,multi_gold,line,0.0,0.0,0.0,0.0,0.0,0.0,0.0,0.0,0.0,0.0,0.0,0.0,0.0,0.0,0.0,0.0,0.0,0.0,0.0,0.0,0.0,0.0,0.0,0.0,0.0,0.0,1.0,1.0,1.0,1.0,1.0,1.0,1.0,1.0,1.0,1.0,1.0,1.0,0.49774566714364155
nvbench2:test:566,566,mistral-small:24b,direct,55,0.0,1.0,3,2,1.0,1.0,0.0,11.238075600005686,4,4,multi_gold,boxplot,0.0,0.0,0.0,0.0,0.0,0.0,0.0,0.0,0.0,0.0,0.0,0.0,0.0,0.0,0.0,0.0,0.0,0.0,0.0,0.0,0.0,0.0,0.0,0.0,0.0,0.0,1.0,1.0,1.0,0.0,1.0,0.8,1.0,1.0,1.0,0.0,1.0,0.8,0.5877836644975432
nvbench2:test:574,574,mistral-small:24b,direct,55,0.0,1.0,4,1,1.0,1.0,0.0,14.41703409992624,5,5,multi_gold,bar,0.0,0.0,0.0,0.0,0.0,0.0,0.0,0.0,0.0,0.0,0.0,0.0,0.0,0.0,0.0,0.0,0.0,0.0,0.0,0.0,0.0,0.0,0.0,0.0,0.0,0.0,1.0,0.8,0.4,1.0,1.0,0.8400000000000001,1.0,1.0,1.0,1.0,1.0,1.0,0.7170585810839114
nvbench2:test:577,577,mistral-small:24b,direct,55,0.0,1.0,2,2,1.0,1.0,1.0,6.96927170001436,5,5,multi_gold,line,0.0,0.0,0.0,0.0,0.0,0.0,0.0,0.0,0.0,0.0,0.0,0.0,0.0,0.0,0.0,0.0,0.0,0.0,0.0,0.0,0.0,0.0,0.0,0.0,0.0,0.0,1.0,1.0,1.0,1.0,1.0,1.0,1.0,1.0,1.0,1.0,1.0,1.0,0.49774566714364155
nvbench2:test:578,578,mistral-small:24b,direct,55,0.0,1.0,2,2,1.0,1.0,1.0,7.430250799981877,3,3,multi_gold,arc,0.0,0.0,0.0,0.0,0.0,0.0,0.0,0.0,0.0,0.0,0.0,0.0,0.0,0.0,0.0,0.0,0.0,0.0,0.0,0.0,0.0,0.0,0.0,0.0,0.0,0.0,1.0,1.0,1.0,1.0,1.0,1.0,1.0,1.0,1.0,1.0,1.0,1.0,0.5133056191277592
nvbench2:test:583,583,mistral-small:24b,direct,55,0.0,1.0,5,5,1.0,1.0,1.0,24.963682200061157,4,4,multi_gold,rect,0.0,0.0,0.0,0.0,0.0,0.0,0.0,0.0,0.0,0.0,0.0,0.0,0.0,0.0,0.0,0.0,0.0,0.0,0.0,0.0,0.0,0.0,0.0,0.0,0.0,0.0,1.0,1.0,0.3333333333333333,0.0,1.0,0.6666666666666667,1.0,1.0,0.6666666666666666,0.0,1.0,0.7333333333333333,0.6946012224573079
nvbench2:test:589,589,mistral-small:24b,direct,55,0.0,1.0,2,2,1.0,1.0,1.0,7.010388600057922,2,2,multi_gold,arc,0.0,0.0,0.0,0.0,0.0,0.0,0.0,0.0,0.0,0.0,0.0,0.0,0.0,0.0,0.0,0.0,0.0,0.0,0.0,0.0,0.0,0.0,0.0,0.0,0.0,0.0,1.0,1.0,1.0,1.0,1.0,1.0,1.0,1.0,1.0,1.0,1.0,1.0,0.6706715688272199
nvbench2:test:609,609,mistral-small:24b,direct,55,0.0,1.0,5,5,1.0,1.0,1.0,17.781312600011006,2,2,multi_gold,point,0.0,0.0,0.0,0.0,0.0,0.0,0.0,0.0,0.0,0.0,0.0,0.0,0.0,0.0,0.0,0.0,0.0,0.0,0.0,0.0,0.0,0.0,0.0,0.0,0.0,0.0,0.0,1.0,1.0,0.0,1.0,0.6,1.0,1.0,1.0,1.0,1.0,1.0,1.1075906093238939
nvbench2:test:610,610,mistral-small:24b,direct,55,0.0,1.0,2,2,1.0,1.0,1.0,8.607707099989057,2,2,multi_gold,bar,0.0,0.0,0.0,0.0,0.0,0.0,0.0,0.0,0.0,0.0,0.0,0.0,0.0,0.0,0.0,0.0,0.0,0.0,0.0,0.0,0.0,0.0,0.0,0.0,0.0,0.0,1.0,1.0,0.0,1.0,1.0,0.8,1.0,1.0,0.0,1.0,1.0,0.8,0.7106846952959576
nvbench2:test:611,611,mistral-small:24b,direct,55,0.0,1.0,5,5,1.0,1.0,1.0,18.649936600006185,2,2,multi_gold,bar+line,0.0,0.0,0.0,0.0,0.0,0.0,0.0,0.0,0.0,0.0,0.0,0.0,0.0,0.0,0.0,0.0,0.0,0.0,0.0,0.0,0.0,0.0,0.0,0.0,0.0,0.0,1.0,1.0,0.0,0.0,1.0,0.6,1.0,1.0,0.0,0.0,1.0,0.6,0.8709921836910323
nvbench2:test:622,622,mistral-small:24b,direct,55,0.0,1.0,1,1,1.0,1.0,1.0,7.517053700052202,4,4,multi_gold,line,0.0,0.0,0.0,0.0,0.0,0.0,0.0,0.0,0.0,0.0,0.0,0.0,0.0,0.0,0.0,0.0,0.0,0.0,0.0,0.0,0.0,0.0,0.0,0.0,0.0,0.0,1.0,0.8,0.8,0.0,1.0,0.72,1.0,0.8,0.8,0.0,1.0,0.72,0.25264695499582046
nvbench2:test:623,623,mistral-small:24b,direct,55,0.0,1.0,5,4,1.0,1.0,0.0,19.521818399894983,2,2,multi_gold,arc,0.0,0.0,0.0,0.0,0.0,0.0,0.0,0.0,0.0,0.0,0.0,0.0,0.0,0.0,0.0,0.0,0.0,0.0,0.0,0.0,0.0,0.0,0.0,0.0,0.0,0.0,1.0,1.0,1.0,0.6666666666666666,1.0,0.9333333333333333,1.0,1.0,1.0,0.6666666666666666,1.0,0.9333333333333333,1.0871914846317132
nvbench2:test:634,634,mistral-small:24b,direct,55,0.0,1.0,3,3,1.0,1.0,1.0,16.585793899954297,2,2,multi_gold,boxplot,0.0,0.0,0.0,0.0,0.0,0.0,0.0,0.0,0.0,0.0,0.0,0.0,0.0,0.0,0.0,0.0,0.0,0.0,0.0,0.0,0.0,0.0,0.0,0.0,0.0,0.0,1.0,1.0,0.5,0.0,0.0,0.5,1.0,1.0,0.5,0.0,0.0,0.5,0.5412005038603168
nvbench2:test:636,636,mistral-small:24b,direct,55,0.0,1.0,3,3,1.0,1.0,1.0,11.625968100037426,2,2,multi_gold,arc,0.0,0.0,0.0,0.0,0.0,0.0,0.0,0.0,0.0,0.0,0.0,0.0,0.0,0.0,0.0,0.0,0.0,0.0,0.0,0.0,0.0,0.0,0.0,0.0,0.0,0.0,1.0,1.0,0.0,0.0,1.0,0.6,1.0,1.0,0.0,0.0,1.0,0.6,0.43940103711602513
nvbench2:test:637,637,mistral-small:24b,direct,55,0.0,1.0,1,0,1.0,0.0,0.0,7.4791487999027595,2,2,multi_gold,line,0.0,0.0,0.0,0.0,0.0,0.0,0.0,0.0,0.0,0.0,0.0,0.0,0.0,0.0,0.0,0.0,0.0,0.0,0.0,0.0,0.0,0.0,0.0,0.0,0.0,0.0,1.0,0.8,0.8,1.0,0.0,0.72,1.0,0.8,0.8,1.0,0.0,0.72,0.39681784768346284
nvbench2:test:642,642,mistral-small:24b,direct,55,0.0,1.0,1,1,1.0,1.0,1.0,7.4577394999796525,2,2,multi_gold,boxplot,0.0,0.0,0.0,0.0,0.0,0.0,0.0,0.0,0.0,0.0,0.0,0.0,0.0,0.0,0.0,0.0,0.0,0.0,0.0,0.0,0.0,0.0,0.0,0.0,0.0,0.0,1.0,1.0,0.0,0.0,0.0,0.4,1.0,1.0,0.0,0.0,0.0,0.4,0.19590537855675663
nvbench2:test:647,647,mistral-small:24b,direct,55,0.0,1.0,2,0,1.0,0.0,0.0,17.13631979993079,4,4,multi_gold,bar+line+point,0.0,0.0,0.0,0.0,0.0,0.0,0.0,0.0,0.0,0.0,0.0,0.0,0.0,0.0,0.0,0.0,0.0,0.0,0.0,0.0,0.0,0.0,0.0,0.0,0.0,0.0,1.0,0.8,0.4,0.6666666666666666,0.0,0.5733333333333334,1.0,0.8,0.4,0.6666666666666666,0.0,0.5733333333333334,0.31067397995195833
nvbench2:test:649,649,mistral-small:24b,direct,55,0.0,1.0,5,5,1.0,1.0,1.0,39.28973289998248,4,4,multi_gold,rect,0.0,0.0,0.0,0.0,0.0,0.0,0.0,0.0,0.0,0.0,0.0,0.0,0.0,0.0,0.0,0.0,0.0,0.0,0.0,0.0,0.0,0.0,0.0,0.0,0.0,0.0,1.0,1.0,0.6666666666666666,0.3333333333333333,0.0,0.6,1.0,1.0,0.6666666666666666,0.3333333333333333,0.0,0.6,0.5517573143835232
nvbench2:test:651,651,mistral-small:24b,direct,55,0.0,1.0,3,1,1.0,1.0,0.0,18.458676800015382,3,3,multi_gold,point,0.0,0.0,0.0,0.0,0.0,0.0,0.0,0.0,0.0,0.0,0.0,0.0,0.0,0.0,0.0,0.0,0.0,0.0,0.0,0.0,0.0,0.0,0.0,0.0,0.0,0.0,0.0,0.6666666666666666,0.0,0.0,0.0,0.13333333333333333,1.0,0.6666666666666666,0.3333333333333333,0.0,0.0,0.4,0.1490751607963374
nvbench2:test:658,658,mistral-small:24b,direct,55,0.0,1.0,1,1,1.0,1.0,1.0,6.89305549999699,3,3,multi_gold,bar,0.0,0.0,0.0,0.0,0.0,0.0,0.0,0.0,0.0,0.0,0.0,0.0,0.0,0.0,0.0,0.0,0.0,0.0,0.0,0.0,0.0,0.0,0.0,0.0,0.0,0.0,1.0,1.0,1.0,1.0,0.0,0.8,1.0,1.0,1.0,1.0,0.0,0.8,0.3477829925412398
nvbench2:test:663,663,mistral-small:24b,direct,55,0.0,1.0,5,0,1.0,0.0,0.0,21.021165799931623,2,2,multi_gold,point,0.0,0.0,0.0,0.0,0.0,0.0,0.0,0.0,0.0,0.0,0.0,0.0,0.0,0.0,0.0,0.0,0.0,0.0,0.0,0.0,0.0,0.0,0.0,0.0,0.0,0.0,0.0,0.8,0.0,0.0,1.0,0.36,0.0,0.8,0.5,0.0,1.0,0.45999999999999996,0.5619013940302957
nvbench2:test:665,665,mistral-small:24b,direct,55,0.0,1.0,2,2,1.0,1.0,1.0,8.68754600000102,5,5,multi_gold,point,0.0,0.0,0.0,0.0,0.0,0.0,0.0,0.0,0.0,0.0,0.0,0.0,0.0,0.0,0.0,0.0,0.0,0.0,0.0,0.0,0.0,0.0,0.0,0.0,0.0,0.0,1.0,0.6666666666666666,0.0,0.0,1.0,0.5333333333333333,1.0,0.6666666666666666,0.0,0.0,1.0,0.5333333333333333,0.20731546097573308
nvbench2:test:666,666,mistral-small:24b,direct,55,0.0,1.0,5,5,1.0,1.0,1.0,16.782063900027424,2,2,multi_gold,arc,0.0,0.0,0.0,0.0,0.0,0.0,0.0,0.0,0.0,0.0,0.0,0.0,0.0,0.0,0.0,0.0,0.0,0.0,0.0,0.0,0.0,0.0,0.0,0.0,0.0,0.0,1.0,1.0,0.0,0.0,1.0,0.6,1.0,1.0,0.0,0.0,1.0,0.6,0.7327587711738719
nvbench2:test:676,676,mistral-small:24b,direct,55,0.0,1.0,3,3,1.0,1.0,1.0,9.841848700074479,2,2,multi_gold,line,0.0,0.0,0.0,0.0,0.0,0.0,0.0,0.0,0.0,0.0,0.0,0.0,0.0,0.0,0.0,0.0,0.0,0.0,0.0,0.0,0.0,0.0,0.0,0.0,0.0,0.0,1.0,1.0,0.0,0.0,1.0,0.6,1.0,1.0,0.0,0.0,1.0,0.6,0.6738216490196437
nvbench2:test:677,677,mistral-small:24b,direct,55,0.0,1.0,2,2,1.0,1.0,1.0,7.266760400030762,2,2,multi_gold,arc,0.0,0.0,0.0,0.0,0.0,0.0,0.0,0.0,0.0,0.0,0.0,0.0,0.0,0.0,0.0,0.0,0.0,0.0,0.0,0.0,0.0,0.0,0.0,0.0,0.0,0.0,1.0,1.0,0.0,0.0,1.0,0.6,1.0,1.0,0.0,0.0,1.0,0.6,0.37373454108025284
nvbench2:test:685,685,mistral-small:24b,direct,55,0.0,1.0,2,2,1.0,1.0,1.0,6.867741399910301,3,3,multi_gold,point,0.0,0.0,0.0,0.0,0.0,0.0,0.0,0.0,0.0,0.0,0.0,0.0,0.0,0.0,0.0,0.0,0.0,0.0,0.0,0.0,0.0,0.0,0.0,0.0,0.0,0.0,0.0,0.6666666666666666,0.0,0.0,1.0,0.3333333333333333,0.0,0.6666666666666666,0.0,0.0,1.0,0.3333333333333333,0.19893334031429144
nvbench2:test:687,687,mistral-small:24b,direct,55,0.0,1.0,2,1,1.0,1.0,0.0,6.295395900029689,2,2,multi_gold,boxplot,0.0,0.0,0.0,0.0,0.0,0.0,0.0,0.0,0.0,0.0,0.0,0.0,0.0,0.0,0.0,0.0,0.0,0.0,0.0,0.0,0.0,0.0,0.0,0.0,0.0,0.0,1.0,0.6666666666666666,0.0,1.0,1.0,0.7333333333333333,1.0,0.6666666666666666,0.0,1.0,1.0,0.7333333333333333,0.5664348517136253
nvbench2:test:688,688,mistral-small:24b,direct,55,0.0,1.0,5,5,1.0,1.0,1.0,17.803456499939784,2,2,multi_gold,boxplot,0.0,0.0,0.0,0.0,0.0,0.0,0.0,0.0,0.0,0.0,0.0,0.0,0.0,0.0,0.0,0.0,0.0,0.0,0.0,0.0,0.0,0.0,0.0,0.0,0.0,0.0,0.0,1.0,0.0,0.0,1.0,0.4,1.0,1.0,0.0,1.0,1.0,0.8,0.7611892000972657
nvbench2:test:695,695,mistral-small:24b,direct,55,0.0,1.0,1,0,1.0,0.0,0.0,6.922445100033656,2,2,multi_gold,point,0.0,0.0,0.0,0.0,0.0,0.0,0.0,0.0,0.0,0.0,0.0,0.0,0.0,0.0,0.0,0.0,0.0,0.0,0.0,0.0,0.0,0.0,0.0,0.0,0.0,0.0,1.0,0.6666666666666666,0.0,0.0,0.0,0.3333333333333333,1.0,0.6666666666666666,0.0,0.0,0.0,0.3333333333333333,0.15936986208369214
nvbench2:test:703,703,mistral-small:24b,direct,55,0.0,1.0,1,0,1.0,0.0,0.0,5.676773700048216,4,4,multi_gold,arc,0.0,0.0,0.0,0.0,0.0,0.0,0.0,0.0,0.0,0.0,0.0,0.0,0.0,0.0,0.0,0.0,0.0,0.0,0.0,0.0,0.0,0.0,0.0,0.0,0.0,0.0,1.0,1.0,0.5,0.0,0.0,0.5,1.0,1.0,0.5,0.0,0.0,0.5,0.16170071118661541
nvbench2:test:705,705,mistral-small:24b,direct,55,0.0,1.0,3,3,1.0,1.0,1.0,10.394982199999504,2,2,multi_gold,arc,0.0,0.0,0.0,0.0,0.0,0.0,0.0,0.0,0.0,0.0,0.0,0.0,0.0,0.0,0.0,0.0,0.0,0.0,0.0,0.0,0.0,0.0,0.0,0.0,0.0,0.0,1.0,1.0,0.0,0.0,1.0,0.6,1.0,1.0,1.0,1.0,1.0,1.0,1.0096365686357622
nvbench2:test:707,707,mistral-small:24b,direct,55,0.0,1.0,5,5,1.0,1.0,1.0,17.79888410004787,4,4,multi_gold,arc,0.0,0.0,0.0,0.0,0.0,0.0,0.0,0.0,0.0,0.0,0.0,0.0,0.0,0.0,0.0,0.0,0.0,0.0,0.0,0.0,0.0,0.0,0.0,0.0,0.0,0.0,1.0,1.0,0.5,0.6666666666666666,1.0,0.8333333333333334,1.0,1.0,1.0,1.0,1.0,1.0,0.6928061494896715
nvbench2:test:711,711,mistral-small:24b,direct,55,0.0,1.0,5,5,1.0,1.0,1.0,18.30585559993051,2,2,multi_gold,boxplot,0.0,0.0,0.0,0.0,0.0,0.0,0.0,0.0,0.0,0.0,0.0,0.0,0.0,0.0,0.0,0.0,0.0,0.0,0.0,0.0,0.0,0.0,0.0,0.0,0.0,0.0,1.0,1.0,0.0,0.0,1.0,0.6,1.0,1.0,0.5,1.0,1.0,0.9,1.2194473876087415
nvbench2:test:727,727,mistral-small:24b,direct,55,0.0,1.0,5,5,1.0,1.0,1.0,22.070816799998283,2,2,multi_gold,bar,0.0,0.0,0.0,0.0,0.0,0.0,0.0,0.0,0.0,0.0,0.0,0.0,0.0,0.0,0.0,0.0,0.0,0.0,0.0,0.0,0.0,0.0,0.0,0.0,0.0,0.0,1.0,0.8,0.8,1.0,1.0,0.9199999999999999,1.0,1.0,1.0,1.0,1.0,1.0,1.6785317886462499
nvbench2:test:730,730,mistral-small:24b,direct,55,0.0,1.0,3,1,1.0,1.0,0.0,9.282992699998431,3,3,multi_gold,arc,0.0,0.0,0.0,0.0,0.0,0.0,0.0,0.0,0.0,0.0,0.0,0.0,0.0,0.0,0.0,0.0,0.0,0.0,0.0,0.0,0.0,0.0,0.0,0.0,0.0,0.0,0.0,0.0,0.0,0.0,1.0,0.2,0.0,0.4,0.4,0.0,1.0,0.36,0.18031073976477896
nvbench2:test:731,731,mistral-small:24b,direct,55,0.0,1.0,1,0,1.0,0.0,0.0,6.529459899989888,2,2,multi_gold,bar,0.0,0.0,0.0,0.0,0.0,0.0,0.0,0.0,0.0,0.0,0.0,0.0,0.0,0.0,0.0,0.0,0.0,0.0,0.0,0.0,0.0,0.0,0.0,0.0,0.0,0.0,1.0,0.8,0.8,1.0,0.0,0.72,1.0,0.8,0.8,1.0,0.0,0.72,0.39681784768346284
nvbench2:test:732,732,mistral-small:24b,direct,55,0.0,1.0,2,2,1.0,1.0,1.0,7.711820500087924,2,2,multi_gold,boxplot,0.0,0.0,0.0,0.0,0.0,0.0,0.0,0.0,0.0,0.0,0.0,0.0,0.0,0.0,0.0,0.0,0.0,0.0,0.0,0.0,0.0,0.0,0.0,0.0,0.0,0.0,1.0,1.0,0.5,0.0,1.0,0.7,1.0,1.0,1.0,1.0,1.0,1.0,0.7697661677547677
nvbench2:test:736,736,mistral-small:24b,direct,55,0.0,1.0,2,1,1.0,1.0,0.0,11.05121639999561,3,3,multi_gold,bar,0.0,0.0,0.0,0.0,0.0,0.0,0.0,0.0,0.0,0.0,0.0,0.0,0.0,0.0,0.0,0.0,0.0,0.0,0.0,0.0,0.0,0.0,0.0,0.0,0.0,0.0,1.0,0.8,0.0,0.5,1.0,0.6599999999999999,1.0,0.8,0.0,0.6666666666666666,1.0,0.6933333333333334,0.454907505048598
nvbench2:test:737,737,mistral-small:24b,direct,55,0.0,1.0,1,0,1.0,0.0,0.0,6.891610100050457,5,5,multi_gold,arc,0.0,0.0,0.0,0.0,0.0,0.0,0.0,0.0,0.0,0.0,0.0,0.0,0.0,0.0,0.0,0.0,0.0,0.0,0.0,0.0,0.0,0.0,0.0,0.0,0.0,0.0,1.0,1.0,1.0,1.0,0.0,0.8,1.0,1.0,1.0,1.0,0.0,0.8,0.2513520102235351
nvbench2:test:741,741,mistral-small:24b,direct,55,0.0,1.0,2,2,1.0,1.0,1.0,7.136886900058016,2,2,multi_gold,boxplot,0.0,0.0,0.0,0.0,0.0,0.0,0.0,0.0,0.0,0.0,0.0,0.0,0.0,0.0,0.0,0.0,0.0,0.0,0.0,0.0,0.0,0.0,0.0,0.0,0.0,0.0,1.0,1.0,0.5,0.0,1.0,0.7,1.0,1.0,0.5,0.0,1.0,0.7,0.5431530399188778
nvbench2:test:745,745,mistral-small:24b,direct,55,0.0,1.0,1,0,1.0,0.0,0.0,5.734246300067753,3,3,multi_gold,boxplot,0.0,0.0,0.0,0.0,0.0,0.0,0.0,0.0,0.0,0.0,0.0,0.0,0.0,0.0,0.0,0.0,0.0,0.0,0.0,0.0,0.0,0.0,0.0,0.0,0.0,0.0,1.0,1.0,0.0,0.0,0.0,0.4,1.0,1.0,0.0,0.0,0.0,0.4,0.14993826532169632
nvbench2:test:7,7,mistral-small:24b,direct,55,0.0,0.0,0,0,0.0,0.0,0.0,43.36670989997219,5,5,multi_gold,bar,0.0,0.0,0.0,0.0,0.0,0.0,0.0,0.0,0.0,0.0,0.0,0.0,0.0,0.0,0.0,0.0,0.0,0.0,0.0,0.0,0.0,0.0,0.0,0.0,0.0,0.0,0.0,0.0,0.0,0.0,0.0,0.0,0.0,0.0,0.0,0.0,0.0,0.0,0.0
nvbench2:test:7,7,mistral-small:24b,staged,55,0.0,1.0,2,2,1.0,1.0,1.0,40.0415785999503,5,5,multi_gold,bar,0.0,0.0,0.0,0.0,0.0,0.0,0.0,0.0,0.0,0.0,0.0,0.0,0.0,0.0,0.0,0.0,0.0,0.0,0.0,0.0,0.0,0.0,0.0,0.0,0.0,0.0,1.0,1.0,1.0,0.0,1.0,0.8,1.0,1.0,1.0,0.0,1.0,0.8,0.3617082719528107
nvbench2:test:11,11,mistral-small:24b,staged,55,0.0,1.0,1,1,1.0,1.0,1.0,23.58410710003227,5,5,multi_gold,point,0.0,0.0,0.0,0.0,0.0,0.0,0.0,0.0,0.0,0.0,0.0,0.0,0.0,0.0,0.0,0.0,0.0,0.0,0.0,0.0,0.0,0.0,0.0,0.0,0.0,0.0,1.0,0.8,0.0,0.0,1.0,0.5599999999999999,1.0,0.8,0.0,0.0,1.0,0.5599999999999999,0.1608532450914071
nvbench2:test:18,18,mistral-small:24b,staged,55,0.0,1.0,1,0,1.0,0.0,0.0,26.80122200003825,4,4,multi_gold,rect,0.0,0.0,0.0,0.0,0.0,0.0,0.0,0.0,0.0,0.0,0.0,0.0,0.0,0.0,0.0,0.0,0.0,0.0,0.0,0.0,0.0,0.0,0.0,0.0,0.0,0.0,1.0,1.0,0.6666666666666666,0.6666666666666666,0.0,0.6666666666666666,1.0,1.0,0.6666666666666666,0.6666666666666666,0.0,0.6666666666666666,0.2293096520327588
nvbench2:test:20,20,mistral-small:24b,staged,55,0.0,1.0,1,0,1.0,0.0,0.0,21.51656580006238,2,2,multi_gold,arc,0.0,0.0,0.0,0.0,0.0,0.0,0.0,0.0,0.0,0.0,0.0,0.0,0.0,0.0,0.0,0.0,0.0,0.0,0.0,0.0,0.0,0.0,0.0,0.0,0.0,0.0,1.0,1.0,0.5,1.0,1.0,0.9,1.0,1.0,0.5,1.0,1.0,0.9,0.5310259262712439
nvbench2:test:25,25,mistral-small:24b,staged,55,0.0,1.0,1,0,1.0,0.0,0.0,23.57330930000171,2,2,multi_gold,boxplot,0.0,0.0,0.0,0.0,0.0,0.0,0.0,0.0,0.0,0.0,0.0,0.0,0.0,0.0,0.0,0.0,0.0,0.0,0.0,0.0,0.0,0.0,0.0,0.0,0.0,0.0,1.0,1.0,0.5,0.0,1.0,0.7,1.0,1.0,0.5,0.0,1.0,0.7,0.38291336052022606
nvbench2:test:26,26,mistral-small:24b,staged,55,0.0,1.0,1,1,1.0,1.0,1.0,23.10887570003979,4,4,multi_gold,boxplot,0.0,0.0,0.0,0.0,0.0,0.0,0.0,0.0,0.0,0.0,0.0,0.0,0.0,0.0,0.0,0.0,0.0,0.0,0.0,0.0,0.0,0.0,0.0,0.0,0.0,0.0,1.0,1.0,0.0,0.0,0.0,0.4,1.0,1.0,0.0,0.0,0.0,0.4,0.12472951418039441
nvbench2:test:31,31,mistral-small:24b,staged,55,0.0,1.0,1,0,1.0,0.0,0.0,28.25782220007386,2,2,multi_gold,rect,0.0,0.0,0.0,0.0,0.0,0.0,0.0,0.0,0.0,0.0,0.0,0.0,0.0,0.0,0.0,0.0,0.0,0.0,0.0,0.0,0.0,0.0,0.0,0.0,0.0,0.0,1.0,1.0,0.3333333333333333,0.6666666666666666,0.0,0.6,1.0,1.0,0.3333333333333333,0.6666666666666666,0.0,0.6,0.3162101650184913
nvbench2:test:35,35,mistral-small:24b,staged,55,0.0,1.0,1,1,1.0,1.0,1.0,21.979998199967667,4,4,multi_gold,bar+line,0.0,0.0,0.0,0.0,0.0,0.0,0.0,0.0,0.0,0.0,0.0,0.0,0.0,0.0,0.0,0.0,0.0,0.0,0.0,0.0,0.0,0.0,0.0,0.0,0.0,0.0,1.0,0.8,0.4,0.6666666666666666,1.0,0.7733333333333333,1.0,0.8,0.4,0.6666666666666666,1.0,0.7733333333333333,0.2768631328341788
nvbench2:test:37,37,mistral-small:24b,staged,55,0.0,1.0,1,0,1.0,0.0,0.0,20.749786800006405,2,2,multi_gold,arc,0.0,0.0,0.0,0.0,0.0,0.0,0.0,0.0,0.0,0.0,0.0,0.0,0.0,0.0,0.0,0.0,0.0,0.0,0.0,0.0,0.0,0.0,0.0,0.0,0.0,0.0,1.0,1.0,0.0,1.0,0.0,0.6,1.0,1.0,0.0,1.0,0.0,0.6,0.3162101650184913
nvbench2:test:39,39,mistral-small:24b,staged,55,0.0,1.0,1,0,1.0,0.0,0.0,25.456417000037618,2,2,multi_gold,bar,0.0,0.0,0.0,0.0,0.0,0.0,0.0,0.0,0.0,0.0,0.0,0.0,0.0,0.0,0.0,0.0,0.0,0.0,0.0,0.0,0.0,0.0,0.0,0.0,0.0,0.0,1.0,0.8,0.4,0.0,0.0,0.44000000000000006,1.0,0.8,0.4,0.0,0.0,0.44000000000000006,0.21865094230255439
nvbench2:test:62,62,mistral-small:24b,staged,55,0.0,1.0,1,0,1.0,0.0,0.0,21.768337700050324,3,3,multi_gold,arc,0.0,0.0,0.0,0.0,0.0,0.0,0.0,0.0,0.0,0.0,0.0,0.0,0.0,0.0,0.0,0.0,0.0,0.0,0.0,0.0,0.0,0.0,0.0,0.0,0.0,0.0,1.0,1.0,0.5,1.0,1.0,0.9,1.0,1.0,0.5,1.0,1.0,0.9,0.40642634118843207
nvbench2:test:70,70,mistral-small:24b,staged,55,0.0,1.0,2,2,1.0,1.0,1.0,27.87870739994105,2,2,multi_gold,bar,0.0,0.0,0.0,0.0,0.0,0.0,0.0,0.0,0.0,0.0,0.0,0.0,0.0,0.0,0.0,0.0,0.0,0.0,0.0,0.0,0.0,0.0,0.0,0.0,0.0,0.0,1.0,0.8,0.8,1.0,1.0,0.9199999999999999,1.0,0.8,0.8,1.0,1.0,0.9199999999999999,0.8921152934511918
nvbench2:test:79,79,mistral-small:24b,staged,55,0.0,1.0,1,1,1.0,1.0,1.0,20.501233500079252,3,3,multi_gold,boxplot,0.0,0.0,0.0,0.0,0.0,0.0,0.0,0.0,0.0,0.0,0.0,0.0,0.0,0.0,0.0,0.0,0.0,0.0,0.0,0.0,0.0,0.0,0.0,0.0,0.0,0.0,1.0,1.0,0.0,0.0,1.0,0.6,1.0,1.0,0.0,0.0,1.0,0.6,0.2420148133208297
nvbench2:test:90,90,mistral-small:24b,staged,55,0.0,1.0,1,1,1.0,1.0,1.0,27.304656099993736,3,3,multi_gold,arc,0.0,0.0,0.0,0.0,0.0,0.0,0.0,0.0,0.0,0.0,0.0,0.0,0.0,0.0,0.0,0.0,0.0,0.0,0.0,0.0,0.0,0.0,0.0,0.0,0.0,0.0,1.0,1.0,0.0,0.0,1.0,0.6,1.0,1.0,0.0,0.0,1.0,0.6,0.2420148133208297
nvbench2:test:97,97,mistral-small:24b,staged,55,0.0,1.0,1,1,1.0,1.0,1.0,24.967417099978775,5,5,multi_gold,line,0.0,0.0,0.0,0.0,0.0,0.0,0.0,0.0,0.0,0.0,0.0,0.0,0.0,0.0,0.0,0.0,0.0,0.0,0.0,0.0,0.0,0.0,0.0,0.0,0.0,0.0,1.0,1.0,1.0,0.6666666666666666,1.0,0.9333333333333333,1.0,1.0,1.0,0.6666666666666666,1.0,0.9333333333333333,0.3085283434984754
nvbench2:test:99,99,mistral-small:24b,staged,55,0.0,1.0,1,1,1.0,1.0,1.0,18.79064909997396,2,2,multi_gold,boxplot,0.0,0.0,0.0,0.0,0.0,0.0,0.0,0.0,0.0,0.0,0.0,0.0,0.0,0.0,0.0,0.0,0.0,0.0,0.0,0.0,0.0,0.0,0.0,0.0,0.0,0.0,1.0,1.0,0.0,0.0,1.0,0.6,1.0,1.0,0.0,0.0,1.0,0.6,0.3162101650184913
nvbench2:test:102,102,mistral-small:24b,staged,55,0.0,1.0,1,1,1.0,1.0,1.0,20.36584079999011,3,3,multi_gold,boxplot,0.0,0.0,0.0,0.0,0.0,0.0,0.0,0.0,0.0,0.0,0.0,0.0,0.0,0.0,0.0,0.0,0.0,0.0,0.0,0.0,0.0,0.0,0.0,0.0,0.0,0.0,1.0,1.0,0.5,0.0,1.0,0.7,1.0,1.0,0.5,0.0,1.0,0.7,0.29306681351921393
nvbench2:test:105,105,mistral-small:24b,staged,55,0.0,1.0,1,1,1.0,1.0,1.0,23.773869000026025,3,3,multi_gold,arc,0.0,0.0,0.0,0.0,0.0,0.0,0.0,0.0,0.0,0.0,0.0,0.0,0.0,0.0,0.0,0.0,0.0,0.0,0.0,0.0,0.0,0.0,0.0,0.0,0.0,0.0,1.0,1.0,1.0,1.0,0.0,0.8,1.0,1.0,1.0,1.0,0.0,0.8,0.3477829925412398
nvbench2:test:111,111,mistral-small:24b,staged,55,0.0,1.0,1,0,1.0,0.0,0.0,29.15439330006484,3,3,multi_gold,rect,0.0,0.0,0.0,0.0,0.0,0.0,0.0,0.0,0.0,0.0,0.0,0.0,0.0,0.0,0.0,0.0,0.0,0.0,0.0,0.0,0.0,0.0,0.0,0.0,0.0,0.0,1.0,1.0,0.6666666666666666,0.0,0.0,0.5333333333333333,1.0,1.0,0.6666666666666666,0.0,0.0,0.5333333333333333,0.20989393793519043
nvbench2:test:112,112,mistral-small:24b,staged,55,0.0,1.0,1,0,1.0,0.0,0.0,23.37157900002785,2,2,multi_gold,arc,0.0,0.0,0.0,0.0,0.0,0.0,0.0,0.0,0.0,0.0,0.0,0.0,0.0,0.0,0.0,0.0,0.0,0.0,0.0,0.0,0.0,0.0,0.0,0.0,0.0,0.0,1.0,1.0,1.0,1.0,1.0,1.0,1.0,1.0,1.0,1.0,1.0,1.0,0.6131471927654584
nvbench2:test:113,113,mistral-small:24b,staged,55,0.0,1.0,1,0,1.0,0.0,0.0,25.959676999947987,3,3,multi_gold,line,0.0,0.0,0.0,0.0,0.0,0.0,0.0,0.0,0.0,0.0,0.0,0.0,0.0,0.0,0.0,0.0,0.0,0.0,0.0,0.0,0.0,0.0,0.0,0.0,0.0,0.0,1.0,1.0,1.0,0.6666666666666666,1.0,0.9333333333333333,1.0,1.0,1.0,0.6666666666666666,1.0,0.9333333333333333,0.426894976850455
nvbench2:test:117,117,mistral-small:24b,staged,55,0.0,1.0,1,0,1.0,0.0,0.0,21.840109099983238,5,5,multi_gold,bar,0.0,0.0,0.0,0.0,0.0,0.0,0.0,0.0,0.0,0.0,0.0,0.0,0.0,0.0,0.0,0.0,0.0,0.0,0.0,0.0,0.0,0.0,0.0,0.0,0.0,0.0,1.0,1.0,0.5,1.0,1.0,0.9,1.0,1.0,0.5,1.0,1.0,0.9,0.29373511659974333
nvbench2:test:127,127,mistral-small:24b,staged,55,0.0,1.0,2,2,1.0,1.0,1.0,31.83150079997722,2,2,multi_gold,arc,0.0,0.0,0.0,0.0,0.0,0.0,0.0,0.0,0.0,0.0,0.0,0.0,0.0,0.0,0.0,0.0,0.0,0.0,0.0,0.0,0.0,0.0,0.0,0.0,0.0,0.0,0.0,0.4,0.0,0.0,1.0,0.27999999999999997,0.0,0.4,0.0,0.0,1.0,0.27999999999999997,0.21419488439504675
nvbench2:test:131,131,mistral-small:24b,staged,55,0.0,1.0,1,1,1.0,1.0,1.0,22.21989810001105,4,4,multi_gold,arc,1.0,1.0,0.25,1.0,0.4,1.0,0.25,1.0,0.4,1.0,0.25,1.0,0.4,1.0,1.0,0.25,1.0,0.4,1.0,0.25,1.0,0.4,1.0,0.25,1.0,0.4,1.0,1.0,1.0,1.0,1.0,1.0,1.0,1.0,1.0,1.0,1.0,1.0,0.3903800499921017
nvbench2:test:132,132,mistral-small:24b,staged,55,0.0,1.0,1,0,1.0,0.0,0.0,27.95833389996551,2,2,multi_gold,bar,0.0,0.0,0.0,0.0,0.0,0.0,0.0,0.0,0.0,0.0,0.0,0.0,0.0,0.0,0.0,0.0,0.0,0.0,0.0,0.0,0.0,0.0,0.0,0.0,0.0,0.0,1.0,0.8,0.4,1.0,0.0,0.64,1.0,0.8,0.4,1.0,0.0,0.64,0.34233795667676936
nvbench2:test:133,133,mistral-small:24b,staged,55,0.0,1.0,1,0,1.0,0.0,0.0,26.638254799996503,2,2,multi_gold,bar,0.0,0.0,0.0,0.0,0.0,0.0,0.0,0.0,0.0,0.0,0.0,0.0,0.0,0.0,0.0,0.0,0.0,0.0,0.0,0.0,0.0,0.0,0.0,0.0,0.0,0.0,1.0,0.8,0.8,1.0,0.0,0.72,1.0,0.8,0.8,1.0,0.0,0.72,0.39681784768346284
nvbench2:test:142,142,mistral-small:24b,staged,55,0.0,1.0,2,2,1.0,1.0,1.0,30.816257300088182,2,2,multi_gold,rect,0.0,0.0,0.0,0.0,0.0,0.0,0.0,0.0,0.0,0.0,0.0,0.0,0.0,0.0,0.0,0.0,0.0,0.0,0.0,0.0,0.0,0.0,0.0,0.0,0.0,0.0,1.0,1.0,1.0,1.0,1.0,1.0,1.0,1.0,1.0,1.0,1.0,1.0,1.0
nvbench2:test:144,144,mistral-small:24b,staged,55,0.0,1.0,1,0,1.0,0.0,0.0,21.772944600088522,2,2,multi_gold,bar,0.0,0.0,0.0,0.0,0.0,0.0,0.0,0.0,0.0,0.0,0.0,0.0,0.0,0.0,0.0,0.0,0.0,0.0,0.0,0.0,0.0,0.0,0.0,0.0,0.0,0.0,1.0,0.8,0.4,1.0,1.0,0.8400000000000001,1.0,0.8,0.4,1.0,1.0,0.8400000000000001,0.4844170266229248
nvbench2:test:150,150,mistral-small:24b,staged,55,0.0,1.0,2,2,1.0,1.0,1.0,31.186189600033686,4,4,multi_gold,bar,0.0,0.0,0.0,0.0,0.0,0.0,0.0,0.0,0.0,0.0,0.0,0.0,0.0,0.0,0.0,0.0,0.0,0.0,0.0,0.0,0.0,0.0,0.0,0.0,0.0,0.0,1.0,0.8,0.8,1.0,1.0,0.9199999999999999,1.0,0.8,0.8,1.0,1.0,0.9199999999999999,0.5679941406653606
nvbench2:test:157,157,mistral-small:24b,staged,55,0.0,1.0,1,1,1.0,1.0,1.0,21.76284250000026,5,5,multi_gold,line,1.0,1.0,0.2,1.0,0.33333333333333337,1.0,0.2,1.0,0.33333333333333337,1.0,0.2,1.0,0.33333333333333337,1.0,1.0,0.2,1.0,0.33333333333333337,1.0,0.2,1.0,0.33333333333333337,1.0,0.2,1.0,0.33333333333333337,1.0,1.0,1.0,1.0,1.0,1.0,1.0,1.0,1.0,1.0,1.0,1.0,0.3391602052736161
nvbench2:test:160,160,mistral-small:24b,staged,55,0.0,1.0,1,1,1.0,1.0,1.0,19.486490299925208,2,2,multi_gold,arc,0.0,0.0,0.0,0.0,0.0,0.0,0.0,0.0,0.0,0.0,0.0,0.0,0.0,0.0,0.0,0.0,0.0,0.0,0.0,0.0,0.0,0.0,0.0,0.0,0.0,0.0,1.0,1.0,0.5,1.0,1.0,0.9,1.0,1.0,0.5,1.0,1.0,0.9,0.5310259262712439
nvbench2:test:162,162,mistral-small:24b,staged,55,0.0,1.0,2,0,1.0,0.0,0.0,27.825961700058542,4,3,multi_gold,rect,0.0,0.0,0.0,0.0,0.0,0.0,0.0,0.0,0.0,0.0,0.0,0.0,0.0,0.0,0.0,0.0,0.0,0.0,0.0,0.0,0.0,0.0,0.0,0.0,0.0,0.0,1.0,0.8,0.4,1.0,1.0,0.8400000000000001,1.0,0.8,0.4,1.0,1.0,0.8400000000000001,0.4992400231704479
nvbench2:test:163,163,mistral-small:24b,staged,55,0.0,1.0,1,0,1.0,0.0,0.0,30.228227899991907,3,3,multi_gold,line,0.0,0.0,0.0,0.0,0.0,0.0,0.0,0.0,0.0,0.0,0.0,0.0,0.0,0.0,0.0,0.0,0.0,0.0,0.0,0.0,0.0,0.0,0.0,0.0,0.0,0.0,1.0,1.0,1.0,1.0,0.0,0.8,1.0,1.0,1.0,1.0,0.0,0.8,0.3477829925412398
nvbench2:test:168,168,mistral-small:24b,staged,55,0.0,1.0,1,0,1.0,0.0,0.0,20.83699029998388,5,5,multi_gold,bar,0.0,0.0,0.0,0.0,0.0,0.0,0.0,0.0,0.0,0.0,0.0,0.0,0.0,0.0,0.0,0.0,0.0,0.0,0.0,0.0,0.0,0.0,0.0,0.0,0.0,0.0,1.0,1.0,0.5,1.0,1.0,0.9,1.0,1.0,0.5,1.0,1.0,0.9,0.29373511659974333
nvbench2:test:170,170,mistral-small:24b,staged,55,0.0,1.0,1,0,1.0,0.0,0.0,25.403708899975754,2,2,multi_gold,rect,0.0,0.0,0.0,0.0,0.0,0.0,0.0,0.0,0.0,0.0,0.0,0.0,0.0,0.0,0.0,0.0,0.0,0.0,0.0,0.0,0.0,0.0,0.0,0.0,0.0,0.0,1.0,1.0,0.3333333333333333,1.0,0.0,0.6666666666666667,1.0,1.0,0.3333333333333333,1.0,0.0,0.6666666666666667,0.3601633060417787
nvbench2:test:173,173,mistral-small:24b,staged,55,0.0,1.0,1,0,1.0,0.0,0.0,20.604268299997784,4,4,multi_gold,point,0.0,0.0,0.0,0.0,0.0,0.0,0.0,0.0,0.0,0.0,0.0,0.0,0.0,0.0,0.0,0.0,0.0,0.0,0.0,0.0,0.0,0.0,0.0,0.0,0.0,0.0,1.0,1.0,0.5,1.0,1.0,0.9,1.0,1.0,0.5,1.0,1.0,0.9,0.3380948817687364
nvbench2:test:174,174,mistral-small:24b,staged,55,0.0,1.0,1,1,1.0,1.0,1.0,19.915671800030395,2,2,multi_gold,boxplot,0.0,0.0,0.0,0.0,0.0,0.0,0.0,0.0,0.0,0.0,0.0,0.0,0.0,0.0,0.0,0.0,0.0,0.0,0.0,0.0,0.0,0.0,0.0,0.0,0.0,0.0,1.0,1.0,0.5,0.0,1.0,0.7,1.0,1.0,0.5,0.0,1.0,0.7,0.38291336052022606
nvbench2:test:178,178,mistral-small:24b,staged,55,0.0,1.0,1,1,1.0,1.0,1.0,19.090590399922803,2,2,multi_gold,arc,1.0,1.0,0.5,1.0,0.6666666666666666,1.0,0.5,1.0,0.6666666666666666,1.0,0.5,1.0,0.6666666666666666,1.0,1.0,0.5,1.0,0.6666666666666666,1.0,0.5,1.0,0.6666666666666666,1.0,0.5,1.0,0.6666666666666666,1.0,1.0,1.0,1.0,1.0,1.0,1.0,1.0,1.0,1.0,1.0,1.0,0.6131471927654584
nvbench2:test:183,183,mistral-small:24b,staged,55,0.0,1.0,1,1,1.0,1.0,1.0,19.604626899934374,3,3,multi_gold,bar,0.0,0.0,0.0,0.0,0.0,0.0,0.0,0.0,0.0,0.0,0.0,0.0,0.0,0.0,0.0,0.0,0.0,0.0,0.0,0.0,0.0,0.0,0.0,0.0,0.0,0.0,1.0,1.0,1.0,1.0,1.0,1.0,1.0,1.0,1.0,1.0,1.0,1.0,0.46927872602275644
nvbench2:test:192,192,mistral-small:24b,staged,55,0.0,1.0,1,0,1.0,0.0,0.0,27.259435200016014,5,5,multi_gold,point,0.0,0.0,0.0,0.0,0.0,0.0,0.0,0.0,0.0,0.0,0.0,0.0,0.0,0.0,0.0,0.0,0.0,0.0,0.0,0.0,0.0,0.0,0.0,0.0,0.0,0.0,1.0,0.8,0.4,0.0,1.0,0.64,1.0,0.8,0.4,0.0,1.0,0.64,0.18936303228555582
nvbench2:test:194,194,mistral-small:24b,staged,55,0.0,1.0,1,1,1.0,1.0,1.0,22.07451500010211,2,2,multi_gold,boxplot,0.0,0.0,0.0,0.0,0.0,0.0,0.0,0.0,0.0,0.0,0.0,0.0,0.0,0.0,0.0,0.0,0.0,0.0,0.0,0.0,0.0,0.0,0.0,0.0,0.0,0.0,1.0,1.0,0.5,0.0,0.0,0.5,1.0,1.0,0.5,0.0,0.0,0.5,0.2539738829744434
nvbench2:test:201,201,mistral-small:24b,staged,55,0.0,1.0,2,2,1.0,1.0,1.0,22.34589880006388,2,2,multi_gold,bar,0.0,0.0,0.0,0.0,0.0,0.0,0.0,0.0,0.0,0.0,0.0,0.0,0.0,0.0,0.0,0.0,0.0,0.0,0.0,0.0,0.0,0.0,0.0,0.0,0.0,0.0,1.0,0.8,0.8,1.0,1.0,0.9199999999999999,1.0,0.8,0.8,1.0,1.0,0.9199999999999999,0.8921152934511918
nvbench2:test:223,223,mistral-small:24b,staged,55,0.0,1.0,1,0,1.0,0.0,0.0,27.75587190000806,3,3,multi_gold,boxplot,0.0,0.0,0.0,0.0,0.0,0.0,0.0,0.0,0.0,0.0,0.0,0.0,0.0,0.0,0.0,0.0,0.0,0.0,0.0,0.0,0.0,0.0,0.0,0.0,0.0,0.0,1.0,1.0,0.0,0.0,0.0,0.4,1.0,1.0,0.0,0.0,0.0,0.4,0.14993826532169632
nvbench2:test:227,227,mistral-small:24b,staged,55,0.0,1.0,2,0,1.0,0.0,0.0,24.681016299990006,4,4,multi_gold,line,0.0,0.0,0.0,0.0,0.0,0.0,0.0,0.0,0.0,0.0,0.0,0.0,0.0,0.0,0.0,0.0,0.0,0.0,0.0,0.0,0.0,0.0,0.0,0.0,0.0,0.0,1.0,1.0,0.5,1.0,1.0,0.9,1.0,1.0,0.5,1.0,1.0,0.9,0.4919119039938525
nvbench2:test:236,236,mistral-small:24b,staged,55,0.0,1.0,1,0,1.0,0.0,0.0,23.21072259999346,2,2,multi_gold,boxplot,0.0,0.0,0.0,0.0,0.0,0.0,0.0,0.0,0.0,0.0,0.0,0.0,0.0,0.0,0.0,0.0,0.0,0.0,0.0,0.0,0.0,0.0,0.0,0.0,0.0,0.0,0.0,1.0,0.0,0.0,1.0,0.4,0.0,1.0,0.0,0.0,1.0,0.4,0.19590537855675663
nvbench2:test:238,238,mistral-small:24b,staged,55,0.0,1.0,1,1,1.0,1.0,1.0,27.632588600041345,3,3,multi_gold,line,0.0,0.0,0.0,0.0,0.0,0.0,0.0,0.0,0.0,0.0,0.0,0.0,0.0,0.0,0.0,0.0,0.0,0.0,0.0,0.0,0.0,0.0,0.0,0.0,0.0,0.0,1.0,1.0,1.0,0.6666666666666666,1.0,0.9333333333333333,1.0,1.0,1.0,0.6666666666666666,1.0,0.9333333333333333,0.426894976850455
nvbench2:test:252,252,mistral-small:24b,staged,55,0.0,1.0,1,0,1.0,0.0,0.0,25.439832200063393,2,2,multi_gold,arc,0.0,0.0,0.0,0.0,0.0,0.0,0.0,0.0,0.0,0.0,0.0,0.0,0.0,0.0,0.0,0.0,0.0,0.0,0.0,0.0,0.0,0.0,0.0,0.0,0.0,0.0,1.0,1.0,1.0,1.0,0.0,0.8,1.0,1.0,1.0,1.0,0.0,0.8,0.4544040753253556
nvbench2:test:254,254,mistral-small:24b,staged,55,0.0,1.0,1,0,1.0,0.0,0.0,29.944324500043876,2,2,multi_gold,point,0.0,0.0,0.0,0.0,0.0,0.0,0.0,0.0,0.0,0.0,0.0,0.0,0.0,0.0,0.0,0.0,0.0,0.0,0.0,0.0,0.0,0.0,0.0,0.0,0.0,0.0,1.0,0.8571428571428571,0.5714285714285715,0.0,1.0,0.6857142857142857,1.0,0.8571428571428571,0.5714285714285715,0.0,1.0,0.6857142857142857,0.37309893864556204
nvbench2:test:263,263,mistral-small:24b,staged,55,0.0,1.0,1,1,1.0,1.0,1.0,24.18556949996855,5,5,multi_gold,boxplot,0.0,0.0,0.0,0.0,0.0,0.0,0.0,0.0,0.0,0.0,0.0,0.0,0.0,0.0,0.0,0.0,0.0,0.0,0.0,0.0,0.0,0.0,0.0,0.0,0.0,0.0,1.0,1.0,0.0,0.0,1.0,0.6,1.0,1.0,0.0,0.0,1.0,0.6,0.17491053656067107
nvbench2:test:268,268,mistral-small:24b,staged,55,0.0,1.0,2,2,1.0,1.0,1.0,38.45447699993383,5,5,multi_gold,rect,0.0,0.0,0.0,0.0,0.0,0.0,0.0,0.0,0.0,0.0,0.0,0.0,0.0,0.0,0.0,0.0,0.0,0.0,0.0,0.0,0.0,0.0,0.0,0.0,0.0,0.0,1.0,1.0,0.4,0.0,0.0,0.48,1.0,1.0,0.4,0.0,0.0,0.48,0.17261128647352955
nvbench2:test:287,287,mistral-small:24b,staged,55,0.0,1.0,1,1,1.0,1.0,1.0,21.836656100000255,3,3,multi_gold,point,0.0,0.0,0.0,0.0,0.0,0.0,0.0,0.0,0.0,0.0,0.0,0.0,0.0,0.0,0.0,0.0,0.0,0.0,0.0,0.0,0.0,0.0,0.0,0.0,0.0,0.0,1.0,0.8,0.0,0.0,1.0,0.5599999999999999,1.0,0.8,0.0,0.0,1.0,0.5599999999999999,0.2225644540821778
nvbench2:test:296,296,mistral-small:24b,staged,55,0.0,1.0,1,1,1.0,1.0,1.0,18.793694099993445,5,5,multi_gold,bar+line+rect,0.0,0.0,0.0,0.0,0.0,0.0,0.0,0.0,0.0,0.0,0.0,0.0,0.0,0.0,0.0,0.0,0.0,0.0,0.0,0.0,0.0,0.0,0.0,0.0,0.0,0.0,1.0,0.8,0.4,0.0,1.0,0.64,1.0,0.8,0.4,0.0,1.0,0.64,0.18936303228555582
nvbench2:test:297,297,mistral-small:24b,staged,55,0.0,1.0,1,0,1.0,0.0,0.0,22.607475700089708,2,2,multi_gold,bar,0.0,0.0,0.0,0.0,0.0,0.0,0.0,0.0,0.0,0.0,0.0,0.0,0.0,0.0,0.0,0.0,0.0,0.0,0.0,0.0,0.0,0.0,0.0,0.0,0.0,0.0,1.0,0.8,0.8,1.0,0.0,0.72,1.0,0.8,0.8,1.0,0.0,0.72,0.39681784768346284
nvbench2:test:298,298,mistral-small:24b,staged,55,0.0,1.0,1,1,1.0,1.0,1.0,22.408798299962655,3,3,multi_gold,line,0.0,0.0,0.0,0.0,0.0,0.0,0.0,0.0,0.0,0.0,0.0,0.0,0.0,0.0,0.0,0.0,0.0,0.0,0.0,0.0,0.0,0.0,0.0,0.0,0.0,0.0,1.0,1.0,1.0,1.0,1.0,1.0,1.0,1.0,1.0,1.0,1.0,1.0,0.46927872602275644
nvbench2:test:303,303,mistral-small:24b,staged,55,0.0,1.0,2,2,1.0,1.0,1.0,25.328544600051828,2,2,multi_gold,boxplot,0.0,0.0,0.0,0.0,0.0,0.0,0.0,0.0,0.0,0.0,0.0,0.0,0.0,0.0,0.0,0.0,0.0,0.0,0.0,0.0,0.0,0.0,0.0,0.0,0.0,0.0,1.0,1.0,0.5,0.0,1.0,0.7,1.0,1.0,0.5,0.0,1.0,0.7,0.6245047927124708
nvbench2:test:317,317,mistral-small:24b,staged,55,0.0,1.0,1,0,1.0,0.0,0.0,20.845799800008535,2,2,multi_gold,arc,0.0,0.0,0.0,0.0,0.0,0.0,0.0,0.0,0.0,0.0,0.0,0.0,0.0,0.0,0.0,0.0,0.0,0.0,0.0,0.0,0.0,0.0,0.0,0.0,0.0,0.0,1.0,0.6666666666666666,0.0,0.0,1.0,0.5333333333333333,1.0,0.6666666666666666,0.0,0.0,1.0,0.5333333333333333,0.27424187734691513
nvbench2:test:319,319,mistral-small:24b,staged,55,0.0,1.0,1,0,1.0,0.0,0.0,38.4352050999878,2,2,multi_gold,point,0.0,0.0,0.0,0.0,0.0,0.0,0.0,0.0,0.0,0.0,0.0,0.0,0.0,0.0,0.0,0.0,0.0,0.0,0.0,0.0,0.0,0.0,0.0,0.0,0.0,0.0,1.0,0.8571428571428571,0.0,0.0,0.0,0.37142857142857144,1.0,0.8571428571428571,0.0,0.0,0.0,0.37142857142857144,0.18004035110647013
nvbench2:test:320,320,mistral-small:24b,staged,55,0.0,1.0,2,0,1.0,0.0,0.0,31.624220500001684,3,3,multi_gold,rect,0.0,0.0,0.0,0.0,0.0,0.0,0.0,0.0,0.0,0.0,0.0,0.0,0.0,0.0,0.0,0.0,0.0,0.0,0.0,0.0,0.0,0.0,0.0,0.0,0.0,0.0,0.0,0.8,0.4,0.0,0.0,0.24000000000000005,1.0,1.0,0.3333333333333333,0.0,0.0,0.4666666666666667,0.1980135008984544
nvbench2:test:325,325,mistral-small:24b,staged,55,0.0,1.0,1,0,1.0,0.0,0.0,27.776247199974023,2,2,multi_gold,rect,0.0,0.0,0.0,0.0,0.0,0.0,0.0,0.0,0.0,0.0,0.0,0.0,0.0,0.0,0.0,0.0,0.0,0.0,0.0,0.0,0.0,0.0,0.0,0.0,0.0,0.0,0.0,0.8,0.4,0.0,0.0,0.24000000000000005,0.0,0.8,0.4,0.0,0.0,0.24000000000000005,0.11097514226666569
nvbench2:test:332,332,mistral-small:24b,staged,55,0.0,1.0,2,0,1.0,0.0,0.0,31.716821999987587,2,2,multi_gold,rect,0.0,0.0,0.0,0.0,0.0,0.0,0.0,0.0,0.0,0.0,0.0,0.0,0.0,0.0,0.0,0.0,0.0,0.0,0.0,0.0,0.0,0.0,0.0,0.0,0.0,0.0,0.0,0.8,0.4,0.0,1.0,0.44000000000000006,0.0,0.8,0.4,0.0,1.0,0.44000000000000006,0.356604327447672
nvbench2:test:335,335,mistral-small:24b,staged,55,0.0,1.0,1,0,1.0,0.0,0.0,21.590639099944383,4,4,multi_gold,arc,0.0,0.0,0.0,0.0,0.0,0.0,0.0,0.0,0.0,0.0,0.0,0.0,0.0,0.0,0.0,0.0,0.0,0.0,0.0,0.0,0.0,0.0,0.0,0.0,0.0,0.0,1.0,1.0,1.0,0.6666666666666666,1.0,0.9333333333333333,1.0,1.0,1.0,0.6666666666666666,1.0,0.9333333333333333,0.3551221761460723
nvbench2:test:341,341,mistral-small:24b,staged,55,0.0,1.0,2,2,1.0,1.0,1.0,27.59756870009005,5,5,multi_gold,rect,0.0,0.0,0.0,0.0,0.0,0.0,0.0,0.0,0.0,0.0,0.0,0.0,0.0,0.0,0.0,0.0,0.0,0.0,0.0,0.0,0.0,0.0,0.0,0.0,0.0,0.0,1.0,1.0,0.4,0.0,1.0,0.6799999999999999,1.0,1.0,0.4,0.0,1.0,0.6799999999999999,0.3330714800289667
nvbench2:test:344,344,mistral-small:24b,staged,55,0.0,1.0,5,5,1.0,1.0,1.0,71.59817660006229,5,5,multi_gold,rect,0.0,0.0,0.0,0.0,0.0,0.0,0.0,0.0,0.0,0.0,0.0,0.0,0.0,0.0,0.0,0.0,0.0,0.0,0.0,0.0,0.0,0.0,0.0,0.0,0.0,0.0,1.0,1.0,0.3333333333333333,0.0,0.0,0.4666666666666667,1.0,1.0,0.3333333333333333,0.0,0.0,0.4666666666666667,0.38191287996777595
nvbench2:test:349,349,mistral-small:24b,staged,55,0.0,1.0,1,0,1.0,0.0,0.0,23.03266310004983,4,4,multi_gold,arc,0.0,0.0,0.0,0.0,0.0,0.0,0.0,0.0,0.0,0.0,0.0,0.0,0.0,0.0,0.0,0.0,0.0,0.0,0.0,0.0,0.0,0.0,0.0,0.0,0.0,0.0,1.0,1.0,0.5,0.0,0.0,0.5,1.0,1.0,0.5,0.0,0.0,0.5,0.16170071118661541
nvbench2:test:351,351,mistral-small:24b,staged,55,0.0,1.0,1,1,1.0,1.0,1.0,19.254518599947914,2,2,multi_gold,boxplot,0.0,0.0,0.0,0.0,0.0,0.0,0.0,0.0,0.0,0.0,0.0,0.0,0.0,0.0,0.0,0.0,0.0,0.0,0.0,0.0,0.0,0.0,0.0,0.0,0.0,0.0,1.0,1.0,0.5,0.0,1.0,0.7,1.0,1.0,0.5,0.0,1.0,0.7,0.38291336052022606
nvbench2:test:355,355,mistral-small:24b,staged,55,0.0,1.0,1,0,1.0,0.0,0.0,32.212693899986334,4,4,multi_gold,rect,0.0,0.0,0.0,0.0,0.0,0.0,0.0,0.0,0.0,0.0,0.0,0.0,0.0,0.0,0.0,0.0,0.0,0.0,0.0,0.0,0.0,0.0,0.0,0.0,0.0,0.0,1.0,1.0,0.3333333333333333,0.0,0.0,0.4666666666666667,1.0,1.0,0.3333333333333333,0.0,0.0,0.4666666666666667,0.14909116917444792
nvbench2:test:365,365,mistral-small:24b,staged,55,0.0,1.0,1,0,1.0,0.0,0.0,43.53347410005517,2,2,multi_gold,point,0.0,0.0,0.0,0.0,0.0,0.0,0.0,0.0,0.0,0.0,0.0,0.0,0.0,0.0,0.0,0.0,0.0,0.0,0.0,0.0,0.0,0.0,0.0,0.0,0.0,0.0,0.0,0.8,0.4,0.0,0.0,0.24000000000000005,0.0,0.8,0.4,0.0,0.0,0.24000000000000005,0.11097514226666569
nvbench2:test:366,366,mistral-small:24b,staged,55,0.0,1.0,1,1,1.0,1.0,1.0,19.666807100060396,5,5,multi_gold,boxplot,1.0,1.0,0.2,1.0,0.33333333333333337,1.0,0.2,1.0,0.33333333333333337,1.0,0.2,1.0,0.33333333333333337,1.0,1.0,0.2,1.0,0.33333333333333337,1.0,0.2,1.0,0.33333333333333337,1.0,0.2,1.0,0.33333333333333337,1.0,1.0,1.0,1.0,1.0,1.0,1.0,1.0,1.0,1.0,1.0,1.0,0.3391602052736161
nvbench2:test:376,376,mistral-small:24b,staged,55,0.0,1.0,1,0,1.0,0.0,0.0,29.706288899993524,4,4,multi_gold,rect,0.0,0.0,0.0,0.0,0.0,0.0,0.0,0.0,0.0,0.0,0.0,0.0,0.0,0.0,0.0,0.0,0.0,0.0,0.0,0.0,0.0,0.0,0.0,0.0,0.0,0.0,1.0,1.0,0.3333333333333333,0.0,0.0,0.4666666666666667,1.0,1.0,0.3333333333333333,0.0,0.0,0.4666666666666667,0.14909116917444792
nvbench2:test:377,377,mistral-small:24b,staged,55,0.0,1.0,1,0,1.0,0.0,0.0,30.09060499991756,4,4,multi_gold,rect,0.0,0.0,0.0,0.0,0.0,0.0,0.0,0.0,0.0,0.0,0.0,0.0,0.0,0.0,0.0,0.0,0.0,0.0,0.0,0.0,0.0,0.0,0.0,0.0,0.0,0.0,1.0,1.0,0.8,1.0,0.0,0.76,1.0,1.0,0.8,1.0,0.0,0.76,0.2707249047492205
nvbench2:test:384,384,mistral-small:24b,staged,55,0.0,1.0,2,2,1.0,1.0,1.0,24.741409099893644,3,3,multi_gold,arc,0.0,0.0,0.0,0.0,0.0,0.0,0.0,0.0,0.0,0.0,0.0,0.0,0.0,0.0,0.0,0.0,0.0,0.0,0.0,0.0,0.0,0.0,0.0,0.0,0.0,0.0,1.0,1.0,1.0,1.0,1.0,1.0,1.0,1.0,1.0,1.0,1.0,1.0,0.7653606369886217
nvbench2:test:385,385,mistral-small:24b,staged,55,0.0,1.0,1,1,1.0,1.0,1.0,18.90020909998566,3,3,multi_gold,arc,1.0,1.0,0.3333333333333333,1.0,0.5,1.0,0.3333333333333333,1.0,0.5,1.0,0.3333333333333333,1.0,0.5,1.0,1.0,0.3333333333333333,1.0,0.5,1.0,0.3333333333333333,1.0,0.5,1.0,0.3333333333333333,1.0,0.5,1.0,1.0,1.0,1.0,1.0,1.0,1.0,1.0,1.0,1.0,1.0,1.0,0.46927872602275644
nvbench2:test:388,388,mistral-small:24b,staged,55,0.0,1.0,2,2,1.0,1.0,1.0,25.253780499915592,5,5,multi_gold,bar+line+rect,0.0,0.0,0.0,0.0,0.0,0.0,0.0,0.0,0.0,0.0,0.0,0.0,0.0,0.0,0.0,0.0,0.0,0.0,0.0,0.0,0.0,0.0,0.0,0.0,0.0,0.0,0.0,0.8,0.4,0.0,1.0,0.44000000000000006,1.0,0.8,0.8,1.0,1.0,0.9199999999999999,0.3118464162567797
nvbench2:test:392,392,mistral-small:24b,staged,55,0.0,1.0,2,2,1.0,1.0,1.0,28.29597990005277,4,4,multi_gold,rect,0.0,0.0,0.0,0.0,0.0,0.0,0.0,0.0,0.0,0.0,0.0,0.0,0.0,0.0,0.0,0.0,0.0,0.0,0.0,0.0,0.0,0.0,0.0,0.0,0.0,0.0,1.0,1.0,0.6666666666666666,0.6666666666666666,1.0,0.8666666666666666,1.0,1.0,0.6666666666666666,0.6666666666666666,1.0,0.8666666666666666,0.4092889890181015
nvbench2:test:395,395,mistral-small:24b,staged,55,0.0,1.0,1,0,1.0,0.0,0.0,25.639588800026104,2,2,multi_gold,rect,0.0,0.0,0.0,0.0,0.0,0.0,0.0,0.0,0.0,0.0,0.0,0.0,0.0,0.0,0.0,0.0,0.0,0.0,0.0,0.0,0.0,0.0,0.0,0.0,0.0,0.0,0.0,1.0,0.3333333333333333,0.0,0.0,0.26666666666666666,0.0,1.0,0.3333333333333333,0.0,0.0,0.26666666666666666,0.12448423093485571
nvbench2:test:406,406,mistral-small:24b,staged,55,0.0,1.0,1,0,1.0,0.0,0.0,24.186176399933174,2,2,multi_gold,bar,0.0,0.0,0.0,0.0,0.0,0.0,0.0,0.0,0.0,0.0,0.0,0.0,0.0,0.0,0.0,0.0,0.0,0.0,0.0,0.0,0.0,0.0,0.0,0.0,0.0,0.0,1.0,1.0,0.6666666666666666,1.0,0.0,0.7333333333333333,1.0,1.0,0.6666666666666666,1.0,0.0,0.7333333333333333,0.40619517231497354
nvbench2:test:426,426,mistral-small:24b,staged,55,0.0,1.0,1,0,1.0,0.0,0.0,20.13875820010435,5,5,multi_gold,arc,0.0,0.0,0.0,0.0,0.0,0.0,0.0,0.0,0.0,0.0,0.0,0.0,0.0,0.0,0.0,0.0,0.0,0.0,0.0,0.0,0.0,0.0,0.0,0.0,0.0,0.0,1.0,1.0,0.0,1.0,1.0,0.8,1.0,1.0,0.0,1.0,1.0,0.8,0.2513520102235351
nvbench2:test:430,430,mistral-small:24b,staged,55,0.0,1.0,1,0,1.0,0.0,0.0,24.851077599916607,2,2,multi_gold,bar,0.0,0.0,0.0,0.0,0.0,0.0,0.0,0.0,0.0,0.0,0.0,0.0,0.0,0.0,0.0,0.0,0.0,0.0,0.0,0.0,0.0,0.0,0.0,0.0,0.0,0.0,1.0,0.8,0.8,1.0,0.0,0.72,1.0,0.8,0.8,1.0,0.0,0.72,0.39681784768346284
nvbench2:test:432,432,mistral-small:24b,staged,55,0.0,1.0,1,0,1.0,0.0,0.0,23.69216920004692,5,5,multi_gold,bar+line+rect,0.0,0.0,0.0,0.0,0.0,0.0,0.0,0.0,0.0,0.0,0.0,0.0,0.0,0.0,0.0,0.0,0.0,0.0,0.0,0.0,0.0,0.0,0.0,0.0,0.0,0.0,1.0,0.8,0.8,1.0,0.0,0.72,1.0,0.8,0.8,1.0,0.0,0.72,0.2194983916823367
nvbench2:test:434,434,mistral-small:24b,staged,55,0.0,1.0,1,0,1.0,0.0,0.0,25.163796600070782,5,5,multi_gold,arc,0.0,0.0,0.0,0.0,0.0,0.0,0.0,0.0,0.0,0.0,0.0,0.0,0.0,0.0,0.0,0.0,0.0,0.0,0.0,0.0,0.0,0.0,0.0,0.0,0.0,0.0,1.0,1.0,1.0,1.0,0.0,0.8,1.0,1.0,1.0,1.0,0.0,0.8,0.2513520102235351
nvbench2:test:435,435,mistral-small:24b,staged,55,0.0,1.0,1,1,1.0,1.0,1.0,25.439183000009507,4,4,multi_gold,rect,0.0,0.0,0.0,0.0,0.0,0.0,0.0,0.0,0.0,0.0,0.0,0.0,0.0,0.0,0.0,0.0,0.0,0.0,0.0,0.0,0.0,0.0,0.0,0.0,0.0,0.0,1.0,1.0,0.4,1.0,1.0,0.8800000000000001,1.0,1.0,0.4,1.0,1.0,0.8800000000000001,0.32806575211400507
nvbench2:test:443,443,mistral-small:24b,staged,55,0.0,1.0,1,0,1.0,0.0,0.0,25.957135899923742,2,2,multi_gold,arc,0.0,0.0,0.0,0.0,0.0,0.0,0.0,0.0,0.0,0.0,0.0,0.0,0.0,0.0,0.0,0.0,0.0,0.0,0.0,0.0,0.0,0.0,0.0,0.0,0.0,0.0,1.0,1.0,1.0,1.0,0.0,0.8,1.0,1.0,1.0,1.0,0.0,0.8,0.4544040753253556
nvbench2:test:446,446,mistral-small:24b,staged,55,0.0,1.0,1,0,1.0,0.0,0.0,26.9704078999348,2,2,multi_gold,arc,0.0,0.0,0.0,0.0,0.0,0.0,0.0,0.0,0.0,0.0,0.0,0.0,0.0,0.0,0.0,0.0,0.0,0.0,0.0,0.0,0.0,0.0,0.0,0.0,0.0,0.0,1.0,1.0,0.0,0.0,0.0,0.4,1.0,1.0,0.0,0.0,0.0,0.4,0.19590537855675663
nvbench2:test:454,454,mistral-small:24b,staged,55,0.0,1.0,1,1,1.0,1.0,1.0,19.952470600022934,2,2,multi_gold,arc,0.0,0.0,0.0,0.0,0.0,0.0,0.0,0.0,0.0,0.0,0.0,0.0,0.0,0.0,0.0,0.0,0.0,0.0,0.0,0.0,0.0,0.0,0.0,0.0,0.0,0.0,1.0,1.0,0.0,0.0,1.0,0.6,1.0,1.0,0.0,0.0,1.0,0.6,0.3162101650184913
nvbench2:test:461,461,mistral-small:24b,staged,55,0.0,1.0,1,1,1.0,1.0,1.0,24.12477290001698,3,3,multi_gold,rect,0.0,0.0,0.0,0.0,0.0,0.0,0.0,0.0,0.0,0.0,0.0,0.0,0.0,0.0,0.0,0.0,0.0,0.0,0.0,0.0,0.0,0.0,0.0,0.0,0.0,0.0,1.0,1.0,1.0,1.0,1.0,1.0,1.0,1.0,1.0,1.0,1.0,1.0,0.46927872602275644
nvbench2:test:466,466,mistral-small:24b,staged,55,0.0,1.0,1,1,1.0,1.0,1.0,22.176847699913196,2,2,multi_gold,rect,0.0,0.0,0.0,0.0,0.0,0.0,0.0,0.0,0.0,0.0,0.0,0.0,0.0,0.0,0.0,0.0,0.0,0.0,0.0,0.0,0.0,0.0,0.0,0.0,0.0,0.0,1.0,1.0,0.6666666666666666,1.0,1.0,0.9333333333333333,1.0,1.0,0.6666666666666666,1.0,1.0,0.9333333333333333,0.5577697051812209
nvbench2:test:471,471,mistral-small:24b,staged,55,0.0,1.0,1,1,1.0,1.0,1.0,19.329417299944907,5,5,multi_gold,line,1.0,1.0,0.2,1.0,0.33333333333333337,1.0,0.2,1.0,0.33333333333333337,1.0,0.2,1.0,0.33333333333333337,1.0,1.0,0.2,1.0,0.33333333333333337,1.0,0.2,1.0,0.33333333333333337,1.0,0.2,1.0,0.33333333333333337,1.0,1.0,1.0,1.0,1.0,1.0,1.0,1.0,1.0,1.0,1.0,1.0,0.3391602052736161
nvbench2:test:479,479,mistral-small:24b,staged,55,0.0,1.0,1,0,1.0,0.0,0.0,25.050461799954064,2,2,multi_gold,bar+line,0.0,0.0,0.0,0.0,0.0,0.0,0.0,0.0,0.0,0.0,0.0,0.0,0.0,0.0,0.0,0.0,0.0,0.0,0.0,0.0,0.0,0.0,0.0,0.0,0.0,0.0,1.0,0.5,0.5,0.6666666666666666,1.0,0.7333333333333333,1.0,0.5,0.5,0.6666666666666666,1.0,0.7333333333333333,0.40619517231497354
nvbench2:test:483,483,mistral-small:24b,staged,55,0.0,1.0,1,1,1.0,1.0,1.0,21.29304489993956,2,2,multi_gold,arc,1.0,1.0,0.5,1.0,0.6666666666666666,1.0,0.5,1.0,0.6666666666666666,1.0,0.5,1.0,0.6666666666666666,1.0,1.0,0.5,1.0,0.6666666666666666,1.0,0.5,1.0,0.6666666666666666,1.0,0.5,1.0,0.6666666666666666,1.0,1.0,1.0,1.0,1.0,1.0,1.0,1.0,1.0,1.0,1.0,1.0,0.6131471927654584
nvbench2:test:486,486,mistral-small:24b,staged,55,0.0,1.0,1,0,1.0,0.0,0.0,24.445420800009742,2,2,multi_gold,rect,0.0,0.0,0.0,0.0,0.0,0.0,0.0,0.0,0.0,0.0,0.0,0.0,0.0,0.0,0.0,0.0,0.0,0.0,0.0,0.0,0.0,0.0,0.0,0.0,0.0,0.0,1.0,1.0,0.6666666666666666,0.5,1.0,0.8333333333333334,1.0,1.0,0.6666666666666666,0.5,1.0,0.8333333333333334,0.47935690336673037
nvbench2:test:489,489,mistral-small:24b,staged,55,0.0,1.0,1,1,1.0,1.0,1.0,21.15300579997711,2,2,multi_gold,arc,0.0,0.0,0.0,0.0,0.0,0.0,0.0,0.0,0.0,0.0,0.0,0.0,0.0,0.0,0.0,0.0,0.0,0.0,0.0,0.0,0.0,0.0,0.0,0.0,0.0,0.0,1.0,1.0,0.0,0.0,1.0,0.6,1.0,1.0,0.0,0.0,1.0,0.6,0.3162101650184913
nvbench2:test:492,492,mistral-small:24b,staged,55,0.0,1.0,2,2,1.0,1.0,1.0,34.33322340005543,2,2,multi_gold,rect,0.0,0.0,0.0,0.0,0.0,0.0,0.0,0.0,0.0,0.0,0.0,0.0,0.0,0.0,0.0,0.0,0.0,0.0,0.0,0.0,0.0,0.0,0.0,0.0,0.0,0.0,1.0,1.0,0.0,0.0,1.0,0.6,1.0,1.0,0.0,0.0,1.0,0.6,0.45416355016360893
nvbench2:test:505,505,mistral-small:24b,staged,55,0.0,1.0,1,1,1.0,1.0,1.0,25.83124480000697,2,2,multi_gold,bar,0.0,0.0,0.0,0.0,0.0,0.0,0.0,0.0,0.0,0.0,0.0,0.0,0.0,0.0,0.0,0.0,0.0,0.0,0.0,0.0,0.0,0.0,0.0,0.0,0.0,0.0,1.0,0.8,0.8,1.0,0.0,0.72,1.0,0.8,0.8,1.0,0.0,0.72,0.39681784768346284
nvbench2:test:508,508,mistral-small:24b,staged,55,0.0,1.0,1,0,1.0,0.0,0.0,21.981994100031443,2,2,multi_gold,arc,0.0,0.0,0.0,0.0,0.0,0.0,0.0,0.0,0.0,0.0,0.0,0.0,0.0,0.0,0.0,0.0,0.0,0.0,0.0,0.0,0.0,0.0,0.0,0.0,0.0,0.0,1.0,1.0,1.0,1.0,0.0,0.8,1.0,1.0,1.0,1.0,0.0,0.8,0.4544040753253556
nvbench2:test:519,519,mistral-small:24b,staged,55,0.0,1.0,2,2,1.0,1.0,1.0,26.902832000050694,3,3,multi_gold,boxplot,0.0,0.0,0.0,0.0,0.0,0.0,0.0,0.0,0.0,0.0,0.0,0.0,0.0,0.0,0.0,0.0,0.0,0.0,0.0,0.0,0.0,0.0,0.0,0.0,0.0,0.0,1.0,1.0,1.0,1.0,1.0,1.0,1.0,1.0,1.0,1.0,1.0,1.0,0.7653606369886217
nvbench2:test:524,524,mistral-small:24b,staged,55,0.0,1.0,1,1,1.0,1.0,1.0,21.153204299975187,5,5,multi_gold,bar+line+rect,0.0,0.0,0.0,0.0,0.0,0.0,0.0,0.0,0.0,0.0,0.0,0.0,0.0,0.0,0.0,0.0,0.0,0.0,0.0,0.0,0.0,0.0,0.0,0.0,0.0,0.0,1.0,0.8,0.8,1.0,0.0,0.72,1.0,0.8,0.8,1.0,0.0,0.72,0.2194983916823367
nvbench2:test:526,526,mistral-small:24b,staged,55,0.0,1.0,1,0,1.0,0.0,0.0,24.087429699953645,2,2,multi_gold,arc,0.0,0.0,0.0,0.0,0.0,0.0,0.0,0.0,0.0,0.0,0.0,0.0,0.0,0.0,0.0,0.0,0.0,0.0,0.0,0.0,0.0,0.0,0.0,0.0,0.0,0.0,1.0,1.0,1.0,1.0,0.0,0.8,1.0,1.0,1.0,1.0,0.0,0.8,0.4544040753253556
nvbench2:test:531,531,mistral-small:24b,staged,55,0.0,1.0,1,0,1.0,0.0,0.0,25.2878910000436,3,3,multi_gold,line,0.0,0.0,0.0,0.0,0.0,0.0,0.0,0.0,0.0,0.0,0.0,0.0,0.0,0.0,0.0,0.0,0.0,0.0,0.0,0.0,0.0,0.0,0.0,0.0,0.0,0.0,1.0,1.0,1.0,1.0,0.0,0.8,1.0,1.0,1.0,1.0,0.0,0.8,0.3477829925412398
nvbench2:test:532,532,mistral-small:24b,staged,55,0.0,1.0,1,0,1.0,0.0,0.0,23.943815500009805,3,3,multi_gold,arc+bar+line,0.0,0.0,0.0,0.0,0.0,0.0,0.0,0.0,0.0,0.0,0.0,0.0,0.0,0.0,0.0,0.0,0.0,0.0,0.0,0.0,0.0,0.0,0.0,0.0,0.0,0.0,1.0,1.0,0.5,1.0,1.0,0.9,1.0,1.0,0.5,1.0,1.0,0.9,0.40642634118843207
nvbench2:test:535,535,mistral-small:24b,staged,55,0.0,1.0,1,1,1.0,1.0,1.0,26.842952399980277,3,3,multi_gold,line,0.0,0.0,0.0,0.0,0.0,0.0,0.0,0.0,0.0,0.0,0.0,0.0,0.0,0.0,0.0,0.0,0.0,0.0,0.0,0.0,0.0,0.0,0.0,0.0,0.0,0.0,1.0,1.0,0.0,0.0,1.0,0.6,1.0,1.0,0.0,0.0,1.0,0.6,0.2420148133208297
nvbench2:test:545,545,mistral-small:24b,staged,55,0.0,1.0,1,1,1.0,1.0,1.0,24.694238600088283,2,2,multi_gold,rect,0.0,0.0,0.0,0.0,0.0,0.0,0.0,0.0,0.0,0.0,0.0,0.0,0.0,0.0,0.0,0.0,0.0,0.0,0.0,0.0,0.0,0.0,0.0,0.0,0.0,0.0,0.0,1.0,0.3333333333333333,1.0,1.0,0.6666666666666667,0.0,1.0,0.3333333333333333,1.0,1.0,0.6666666666666667,0.3601633060417787
nvbench2:test:546,546,mistral-small:24b,staged,55,0.0,1.0,1,0,1.0,0.0,0.0,26.553073999937624,3,3,multi_gold,arc,0.0,0.0,0.0,0.0,0.0,0.0,0.0,0.0,0.0,0.0,0.0,0.0,0.0,0.0,0.0,0.0,0.0,0.0,0.0,0.0,0.0,0.0,0.0,0.0,0.0,0.0,1.0,1.0,0.5,1.0,1.0,0.9,1.0,1.0,0.5,1.0,1.0,0.9,0.40642634118843207
nvbench2:test:547,547,mistral-small:24b,staged,55,0.0,1.0,1,1,1.0,1.0,1.0,21.074338600039482,4,3,multi_gold,rect,1.0,1.0,0.3333333333333333,1.0,0.5,1.0,0.3333333333333333,1.0,0.5,1.0,0.3333333333333333,1.0,0.5,1.0,1.0,0.3333333333333333,1.0,0.5,1.0,0.3333333333333333,1.0,0.5,1.0,0.3333333333333333,1.0,0.5,1.0,1.0,1.0,1.0,1.0,1.0,1.0,1.0,1.0,1.0,1.0,1.0,0.46927872602275644
nvbench2:test:551,551,mistral-small:24b,staged,55,0.0,1.0,1,0,1.0,0.0,0.0,24.384001199970953,3,3,multi_gold,line,0.0,0.0,0.0,0.0,0.0,0.0,0.0,0.0,0.0,0.0,0.0,0.0,0.0,0.0,0.0,0.0,0.0,0.0,0.0,0.0,0.0,0.0,0.0,0.0,0.0,0.0,1.0,1.0,1.0,1.0,0.0,0.8,1.0,1.0,1.0,1.0,0.0,0.8,0.3477829925412398
nvbench2:test:552,552,mistral-small:24b,staged,55,0.0,1.0,1,1,1.0,1.0,1.0,19.537857400020584,2,2,multi_gold,arc,1.0,1.0,0.5,1.0,0.6666666666666666,1.0,0.5,1.0,0.6666666666666666,1.0,0.5,1.0,0.6666666666666666,1.0,1.0,0.5,1.0,0.6666666666666666,1.0,0.5,1.0,0.6666666666666666,1.0,0.5,1.0,0.6666666666666666,1.0,1.0,1.0,1.0,1.0,1.0,1.0,1.0,1.0,1.0,1.0,1.0,0.6131471927654584
nvbench2:test:553,553,mistral-small:24b,staged,55,0.0,1.0,1,0,1.0,0.0,0.0,22.59908109996468,3,3,multi_gold,bar,0.0,0.0,0.0,0.0,0.0,0.0,0.0,0.0,0.0,0.0,0.0,0.0,0.0,0.0,0.0,0.0,0.0,0.0,0.0,0.0,0.0,0.0,0.0,0.0,0.0,0.0,1.0,1.0,1.0,1.0,1.0,1.0,1.0,1.0,1.0,1.0,1.0,1.0,0.46927872602275644
nvbench2:test:554,554,mistral-small:24b,staged,55,0.0,1.0,1,1,1.0,1.0,1.0,20.886262199957855,2,2,multi_gold,arc,1.0,1.0,0.5,1.0,0.6666666666666666,1.0,0.5,1.0,0.6666666666666666,1.0,0.5,1.0,0.6666666666666666,1.0,1.0,0.5,1.0,0.6666666666666666,1.0,0.5,1.0,0.6666666666666666,1.0,0.5,1.0,0.6666666666666666,1.0,1.0,1.0,1.0,1.0,1.0,1.0,1.0,1.0,1.0,1.0,1.0,0.6131471927654584
nvbench2:test:556,556,mistral-small:24b,staged,55,0.0,1.0,1,1,1.0,1.0,1.0,21.86477390001528,2,1,single_gold,rect,0.0,0.0,0.0,0.0,0.0,0.0,0.0,0.0,0.0,0.0,0.0,0.0,0.0,0.0,0.0,0.0,0.0,0.0,0.0,0.0,0.0,0.0,0.0,0.0,0.0,0.0,1.0,1.0,0.6666666666666666,0.0,1.0,0.7333333333333333,1.0,1.0,0.6666666666666666,0.0,1.0,0.7333333333333333,0.6624757922855755
nvbench2:test:558,558,mistral-small:24b,staged,55,0.0,1.0,1,0,1.0,0.0,0.0,27.769986400031485,2,2,multi_gold,arc,0.0,0.0,0.0,0.0,0.0,0.0,0.0,0.0,0.0,0.0,0.0,0.0,0.0,0.0,0.0,0.0,0.0,0.0,0.0,0.0,0.0,0.0,0.0,0.0,0.0,0.0,0.0,0.0,0.0,0.0,0.0,0.0,0.0,0.0,0.0,0.0,0.0,0.0,0.0
nvbench2:test:561,561,mistral-small:24b,staged,55,0.0,1.0,1,1,1.0,1.0,1.0,21.017420000047423,5,5,multi_gold,line,0.0,0.0,0.0,0.0,0.0,0.0,0.0,0.0,0.0,0.0,0.0,0.0,0.0,0.0,0.0,0.0,0.0,0.0,0.0,0.0,0.0,0.0,0.0,0.0,0.0,0.0,1.0,1.0,1.0,0.6666666666666666,1.0,0.9333333333333333,1.0,1.0,1.0,0.6666666666666666,1.0,0.9333333333333333,0.3085283434984754
nvbench2:test:566,566,mistral-small:24b,staged,55,0.0,1.0,2,2,1.0,1.0,1.0,24.668163600028493,4,4,multi_gold,boxplot,0.0,0.0,0.0,0.0,0.0,0.0,0.0,0.0,0.0,0.0,0.0,0.0,0.0,0.0,0.0,0.0,0.0,0.0,0.0,0.0,0.0,0.0,0.0,0.0,0.0,0.0,1.0,1.0,1.0,0.0,1.0,0.8,1.0,1.0,1.0,0.0,1.0,0.8,0.41633331709296334
nvbench2:test:574,574,mistral-small:24b,staged,55,0.0,1.0,2,2,1.0,1.0,1.0,21.2906489999732,5,5,multi_gold,bar,0.0,0.0,0.0,0.0,0.0,0.0,0.0,0.0,0.0,0.0,0.0,0.0,0.0,0.0,0.0,0.0,0.0,0.0,0.0,0.0,0.0,0.0,0.0,0.0,0.0,0.0,1.0,0.8,0.4,0.0,1.0,0.64,1.0,0.8,0.4,0.0,1.0,0.64,0.30883780358102547
nvbench2:test:577,577,mistral-small:24b,staged,55,0.0,1.0,1,0,1.0,0.0,0.0,21.385720400023274,5,5,multi_gold,line,0.0,0.0,0.0,0.0,0.0,0.0,0.0,0.0,0.0,0.0,0.0,0.0,0.0,0.0,0.0,0.0,0.0,0.0,0.0,0.0,0.0,0.0,0.0,0.0,0.0,0.0,1.0,1.0,0.5,1.0,1.0,0.9,1.0,1.0,0.5,1.0,1.0,0.9,0.29373511659974333
nvbench2:test:578,578,mistral-small:24b,staged,55,0.0,1.0,1,0,1.0,0.0,0.0,22.300740199978463,3,3,multi_gold,arc,0.0,0.0,0.0,0.0,0.0,0.0,0.0,0.0,0.0,0.0,0.0,0.0,0.0,0.0,0.0,0.0,0.0,0.0,0.0,0.0,0.0,0.0,0.0,0.0,0.0,0.0,1.0,1.0,0.5,1.0,1.0,0.9,1.0,1.0,0.5,1.0,1.0,0.9,0.40642634118843207
nvbench2:test:583,583,mistral-small:24b,staged,55,0.0,1.0,2,2,1.0,1.0,1.0,30.471083899959922,4,4,multi_gold,rect,0.0,0.0,0.0,0.0,0.0,0.0,0.0,0.0,0.0,0.0,0.0,0.0,0.0,0.0,0.0,0.0,0.0,0.0,0.0,0.0,0.0,0.0,0.0,0.0,0.0,0.0,1.0,1.0,0.6666666666666666,0.0,1.0,0.7333333333333333,1.0,1.0,0.6666666666666666,0.0,1.0,0.7333333333333333,0.3655015471038743
nvbench2:test:589,589,mistral-small:24b,staged,55,0.0,1.0,1,1,1.0,1.0,1.0,18.813084300025366,2,2,multi_gold,arc,0.0,0.0,0.0,0.0,0.0,0.0,0.0,0.0,0.0,0.0,0.0,0.0,0.0,0.0,0.0,0.0,0.0,0.0,0.0,0.0,0.0,0.0,0.0,0.0,0.0,0.0,1.0,1.0,0.6666666666666666,1.0,1.0,0.9333333333333333,1.0,1.0,0.6666666666666666,1.0,1.0,0.9333333333333333,0.5577697051812209
nvbench2:test:609,609,mistral-small:24b,staged,55,0.0,1.0,1,1,1.0,1.0,1.0,18.903740899986587,2,2,multi_gold,point,0.0,0.0,0.0,0.0,0.0,0.0,0.0,0.0,0.0,0.0,0.0,0.0,0.0,0.0,0.0,0.0,0.0,0.0,0.0,0.0,0.0,0.0,0.0,0.0,0.0,0.0,0.0,1.0,1.0,1.0,1.0,0.8,0.0,1.0,1.0,1.0,1.0,0.8,0.4544040753253556
nvbench2:test:610,610,mistral-small:24b,staged,55,0.0,1.0,1,0,1.0,0.0,0.0,24.454255299991928,2,2,multi_gold,bar,0.0,0.0,0.0,0.0,0.0,0.0,0.0,0.0,0.0,0.0,0.0,0.0,0.0,0.0,0.0,0.0,0.0,0.0,0.0,0.0,0.0,0.0,0.0,0.0,0.0,0.0,1.0,1.0,0.0,1.0,1.0,0.8,1.0,1.0,0.0,1.0,1.0,0.8,0.4544040753253556
nvbench2:test:611,611,mistral-small:24b,staged,55,0.0,1.0,2,1,1.0,1.0,0.0,29.219933299929835,2,2,multi_gold,bar+line,0.0,0.0,0.0,0.0,0.0,0.0,0.0,0.0,0.0,0.0,0.0,0.0,0.0,0.0,0.0,0.0,0.0,0.0,0.0,0.0,0.0,0.0,0.0,0.0,0.0,0.0,1.0,0.6666666666666666,0.0,0.0,1.0,0.5333333333333333,1.0,0.6666666666666666,0.0,0.0,1.0,0.5333333333333333,0.3978444095630527
nvbench2:test:622,622,mistral-small:24b,staged,55,0.0,1.0,1,0,1.0,0.0,0.0,24.09480030008126,4,4,multi_gold,line,0.0,0.0,0.0,0.0,0.0,0.0,0.0,0.0,0.0,0.0,0.0,0.0,0.0,0.0,0.0,0.0,0.0,0.0,0.0,0.0,0.0,0.0,0.0,0.0,0.0,0.0,1.0,0.8,0.8,0.0,0.0,0.52,1.0,0.8,0.8,0.0,0.0,0.52,0.16940747141475354
nvbench2:test:623,623,mistral-small:24b,staged,55,0.0,1.0,1,0,1.0,0.0,0.0,27.848311799927615,2,2,multi_gold,arc,0.0,0.0,0.0,0.0,0.0,0.0,0.0,0.0,0.0,0.0,0.0,0.0,0.0,0.0,0.0,0.0,0.0,0.0,0.0,0.0,0.0,0.0,0.0,0.0,0.0,0.0,1.0,1.0,1.0,0.6666666666666666,1.0,0.9333333333333333,1.0,1.0,1.0,0.6666666666666666,1.0,0.9333333333333333,0.5577697051812209
nvbench2:test:634,634,mistral-small:24b,staged,55,0.0,1.0,1,0,1.0,0.0,0.0,27.70975180005189,2,2,multi_gold,boxplot,0.0,0.0,0.0,0.0,0.0,0.0,0.0,0.0,0.0,0.0,0.0,0.0,0.0,0.0,0.0,0.0,0.0,0.0,0.0,0.0,0.0,0.0,0.0,0.0,0.0,0.0,1.0,1.0,0.5,0.0,0.0,0.5,1.0,1.0,0.5,0.0,0.0,0.5,0.2539738829744434
nvbench2:test:636,636,mistral-small:24b,staged,55,0.0,1.0,2,1,1.0,1.0,0.0,31.226338499924168,2,2,multi_gold,arc,0.0,0.0,0.0,0.0,0.0,0.0,0.0,0.0,0.0,0.0,0.0,0.0,0.0,0.0,0.0,0.0,0.0,0.0,0.0,0.0,0.0,0.0,0.0,0.0,0.0,0.0,1.0,1.0,0.6666666666666666,1.0,1.0,0.9333333333333333,1.0,1.0,0.6666666666666666,1.0,1.0,0.9333333333333333,0.8763217061818961
nvbench2:test:637,637,mistral-small:24b,staged,55,0.0,1.0,1,0,1.0,0.0,0.0,28.263092800043523,2,2,multi_gold,line,0.0,0.0,0.0,0.0,0.0,0.0,0.0,0.0,0.0,0.0,0.0,0.0,0.0,0.0,0.0,0.0,0.0,0.0,0.0,0.0,0.0,0.0,0.0,0.0,0.0,0.0,1.0,0.8,0.8,1.0,0.0,0.72,1.0,0.8,0.8,1.0,0.0,0.72,0.39681784768346284
nvbench2:test:642,642,mistral-small:24b,staged,55,0.0,1.0,1,0,1.0,0.0,0.0,27.180845700087957,2,2,multi_gold,boxplot,0.0,0.0,0.0,0.0,0.0,0.0,0.0,0.0,0.0,0.0,0.0,0.0,0.0,0.0,0.0,0.0,0.0,0.0,0.0,0.0,0.0,0.0,0.0,0.0,0.0,0.0,1.0,1.0,0.0,0.0,0.0,0.4,1.0,1.0,0.0,0.0,0.0,0.4,0.19590537855675663
nvbench2:test:647,647,mistral-small:24b,staged,55,0.0,1.0,1,0,1.0,0.0,0.0,30.951670599984936,4,4,multi_gold,bar+line+point,0.0,0.0,0.0,0.0,0.0,0.0,0.0,0.0,0.0,0.0,0.0,0.0,0.0,0.0,0.0,0.0,0.0,0.0,0.0,0.0,0.0,0.0,0.0,0.0,0.0,0.0,1.0,0.8,0.4,0.6666666666666666,0.0,0.5733333333333334,1.0,0.8,0.4,0.6666666666666666,0.0,0.5733333333333334,0.19048887867281555
nvbench2:test:649,649,mistral-small:24b,staged,55,0.0,1.0,1,0,1.0,0.0,0.0,32.98717740003485,4,4,multi_gold,rect,0.0,0.0,0.0,0.0,0.0,0.0,0.0,0.0,0.0,0.0,0.0,0.0,0.0,0.0,0.0,0.0,0.0,0.0,0.0,0.0,0.0,0.0,0.0,0.0,0.0,0.0,1.0,1.0,0.3333333333333333,0.0,0.0,0.4666666666666667,1.0,1.0,0.3333333333333333,0.0,0.0,0.4666666666666667,0.14909116917444792
nvbench2:test:651,651,mistral-small:24b,staged,55,0.0,1.0,1,0,1.0,0.0,0.0,32.04330769996159,3,3,multi_gold,point,0.0,0.0,0.0,0.0,0.0,0.0,0.0,0.0,0.0,0.0,0.0,0.0,0.0,0.0,0.0,0.0,0.0,0.0,0.0,0.0,0.0,0.0,0.0,0.0,0.0,0.0,0.0,0.6666666666666666,0.0,0.0,0.0,0.13333333333333333,0.0,0.6666666666666666,0.0,0.0,0.0,0.13333333333333333,0.045437903118273296
nvbench2:test:658,658,mistral-small:24b,staged,55,0.0,1.0,1,0,1.0,0.0,0.0,27.0101285999408,3,3,multi_gold,bar,0.0,0.0,0.0,0.0,0.0,0.0,0.0,0.0,0.0,0.0,0.0,0.0,0.0,0.0,0.0,0.0,0.0,0.0,0.0,0.0,0.0,0.0,0.0,0.0,0.0,0.0,1.0,1.0,1.0,0.5,0.0,0.7,1.0,1.0,1.0,0.5,0.0,0.7,0.29306681351921393
nvbench2:test:663,663,mistral-small:24b,staged,55,0.0,1.0,3,3,1.0,1.0,1.0,31.51657640002668,2,2,multi_gold,point,0.0,0.0,0.0,0.0,0.0,0.0,0.0,0.0,0.0,0.0,0.0,0.0,0.0,0.0,0.0,0.0,0.0,0.0,0.0,0.0,0.0,0.0,0.0,0.0,0.0,0.0,0.0,0.8,0.0,0.0,1.0,0.36,0.0,0.8,0.5,0.0,1.0,0.45999999999999996,0.3985571033421143
nvbench2:test:665,665,mistral-small:24b,staged,55,0.0,1.0,1,0,1.0,0.0,0.0,27.36899240000639,5,5,multi_gold,point,0.0,0.0,0.0,0.0,0.0,0.0,0.0,0.0,0.0,0.0,0.0,0.0,0.0,0.0,0.0,0.0,0.0,0.0,0.0,0.0,0.0,0.0,0.0,0.0,0.0,0.0,1.0,0.6666666666666666,0.0,0.0,1.0,0.5333333333333333,1.0,0.6666666666666666,0.0,0.0,1.0,0.5333333333333333,0.1516959263828524
nvbench2:test:666,666,mistral-small:24b,staged,55,0.0,1.0,1,0,1.0,0.0,0.0,24.526545999920927,2,2,multi_gold,arc,0.0,0.0,0.0,0.0,0.0,0.0,0.0,0.0,0.0,0.0,0.0,0.0,0.0,0.0,0.0,0.0,0.0,0.0,0.0,0.0,0.0,0.0,0.0,0.0,0.0,0.0,1.0,1.0,0.5,0.0,1.0,0.7,1.0,1.0,0.5,0.0,1.0,0.7,0.38291336052022606
nvbench2:test:676,676,mistral-small:24b,staged,55,0.0,1.0,1,0,1.0,0.0,0.0,26.2526949000312,2,2,multi_gold,line,0.0,0.0,0.0,0.0,0.0,0.0,0.0,0.0,0.0,0.0,0.0,0.0,0.0,0.0,0.0,0.0,0.0,0.0,0.0,0.0,0.0,0.0,0.0,0.0,0.0,0.0,1.0,1.0,0.0,0.0,0.0,0.4,1.0,1.0,0.0,0.0,0.0,0.4,0.19590537855675663
nvbench2:test:677,677,mistral-small:24b,staged,55,0.0,1.0,1,1,1.0,1.0,1.0,19.409235000028275,2,2,multi_gold,arc,0.0,0.0,0.0,0.0,0.0,0.0,0.0,0.0,0.0,0.0,0.0,0.0,0.0,0.0,0.0,0.0,0.0,0.0,0.0,0.0,0.0,0.0,0.0,0.0,0.0,0.0,1.0,1.0,0.0,0.0,1.0,0.6,1.0,1.0,0.0,0.0,1.0,0.6,0.3162101650184913
nvbench2:test:685,685,mistral-small:24b,staged,55,0.0,1.0,1,0,1.0,0.0,0.0,21.175379500025883,3,3,multi_gold,point,0.0,0.0,0.0,0.0,0.0,0.0,0.0,0.0,0.0,0.0,0.0,0.0,0.0,0.0,0.0,0.0,0.0,0.0,0.0,0.0,0.0,0.0,0.0,0.0,0.0,0.0,0.0,0.6666666666666666,0.0,0.0,1.0,0.3333333333333333,0.0,0.6666666666666666,0.0,0.0,1.0,0.3333333333333333,0.1219754191611634
nvbench2:test:687,687,mistral-small:24b,staged,55,0.0,1.0,1,1,1.0,1.0,1.0,20.720634500030428,2,2,multi_gold,boxplot,0.0,0.0,0.0,0.0,0.0,0.0,0.0,0.0,0.0,0.0,0.0,0.0,0.0,0.0,0.0,0.0,0.0,0.0,0.0,0.0,0.0,0.0,0.0,0.0,0.0,0.0,1.0,1.0,0.0,0.0,1.0,0.6,1.0,1.0,0.0,0.0,1.0,0.6,0.3162101650184913
nvbench2:test:688,688,mistral-small:24b,staged,55,0.0,1.0,2,2,1.0,1.0,1.0,26.970996199990623,2,2,multi_gold,boxplot,0.0,0.0,0.0,0.0,0.0,0.0,0.0,0.0,0.0,0.0,0.0,0.0,0.0,0.0,0.0,0.0,0.0,0.0,0.0,0.0,0.0,0.0,0.0,0.0,0.0,0.0,0.0,1.0,0.0,0.0,1.0,0.4,1.0,1.0,0.0,0.0,1.0,0.6,0.3954117800486633
nvbench2:test:695,695,mistral-small:24b,staged,55,0.0,1.0,1,0,1.0,0.0,0.0,28.81868449994363,2,2,multi_gold,point,0.0,0.0,0.0,0.0,0.0,0.0,0.0,0.0,0.0,0.0,0.0,0.0,0.0,0.0,0.0,0.0,0.0,0.0,0.0,0.0,0.0,0.0,0.0,0.0,0.0,0.0,1.0,0.6666666666666666,0.0,0.0,0.0,0.3333333333333333,1.0,0.6666666666666666,0.0,0.0,0.0,0.3333333333333333,0.15936986208369214
nvbench2:test:703,703,mistral-small:24b,staged,55,0.0,1.0,1,0,1.0,0.0,0.0,23.313161300029606,4,4,multi_gold,arc,0.0,0.0,0.0,0.0,0.0,0.0,0.0,0.0,0.0,0.0,0.0,0.0,0.0,0.0,0.0,0.0,0.0,0.0,0.0,0.0,0.0,0.0,0.0,0.0,0.0,0.0,1.0,1.0,0.5,0.0,0.0,0.5,1.0,1.0,0.5,0.0,0.0,0.5,0.16170071118661541
nvbench2:test:705,705,mistral-small:24b,staged,55,0.0,1.0,1,1,1.0,1.0,1.0,21.98988210002426,2,2,multi_gold,arc,0.0,0.0,0.0,0.0,0.0,0.0,0.0,0.0,0.0,0.0,0.0,0.0,0.0,0.0,0.0,0.0,0.0,0.0,0.0,0.0,0.0,0.0,0.0,0.0,0.0,0.0,1.0,1.0,0.5,0.6666666666666666,1.0,0.8333333333333334,1.0,1.0,0.5,0.6666666666666666,1.0,0.8333333333333334,0.47935690336673037
nvbench2:test:707,707,mistral-small:24b,staged,55,0.0,1.0,2,2,1.0,1.0,1.0,27.023565199924633,4,4,multi_gold,arc,1.0,1.0,0.25,1.0,0.4,1.0,0.5,1.0,0.6666666666666666,1.0,0.5,1.0,0.6666666666666666,1.0,1.0,0.25,1.0,0.4,1.0,0.5,1.0,0.6666666666666666,1.0,0.5,1.0,0.6666666666666666,1.0,1.0,1.0,1.0,1.0,1.0,1.0,1.0,1.0,1.0,1.0,1.0,0.6366824387328317
nvbench2:test:711,711,mistral-small:24b,staged,55,0.0,1.0,2,2,1.0,1.0,1.0,26.936704499996267,2,2,multi_gold,boxplot,0.0,0.0,0.0,0.0,0.0,0.0,0.0,0.0,0.0,0.0,0.0,0.0,0.0,0.0,0.0,0.0,0.0,0.0,0.0,0.0,0.0,0.0,0.0,0.0,0.0,0.0,1.0,1.0,0.0,0.0,1.0,0.6,1.0,1.0,0.0,0.0,1.0,0.6,0.515716566510398
nvbench2:test:727,727,mistral-small:24b,staged,55,0.0,1.0,2,2,1.0,1.0,1.0,26.363185700029135,2,2,multi_gold,bar,0.0,0.0,0.0,0.0,0.0,0.0,0.0,0.0,0.0,0.0,0.0,0.0,0.0,0.0,0.0,0.0,0.0,0.0,0.0,0.0,0.0,0.0,0.0,0.0,0.0,0.0,1.0,0.8,0.8,1.0,1.0,0.9199999999999999,1.0,0.8,0.8,1.0,1.0,0.9199999999999999,0.8921152934511918
nvbench2:test:730,730,mistral-small:24b,staged,55,0.0,1.0,1,0,1.0,0.0,0.0,23.14892609999515,3,3,multi_gold,arc,0.0,0.0,0.0,0.0,0.0,0.0,0.0,0.0,0.0,0.0,0.0,0.0,0.0,0.0,0.0,0.0,0.0,0.0,0.0,0.0,0.0,0.0,0.0,0.0,0.0,0.0,0.0,0.0,0.0,0.0,0.0,0.0,0.0,0.0,0.0,0.0,0.0,0.0,0.0
nvbench2:test:731,731,mistral-small:24b,staged,55,0.0,1.0,1,0,1.0,0.0,0.0,28.177147799986415,2,2,multi_gold,bar,0.0,0.0,0.0,0.0,0.0,0.0,0.0,0.0,0.0,0.0,0.0,0.0,0.0,0.0,0.0,0.0,0.0,0.0,0.0,0.0,0.0,0.0,0.0,0.0,0.0,0.0,1.0,0.8,0.8,1.0,0.0,0.72,1.0,0.8,0.8,1.0,0.0,0.72,0.39681784768346284
nvbench2:test:732,732,mistral-small:24b,staged,55,0.0,1.0,2,2,1.0,1.0,1.0,24.035200499929488,2,2,multi_gold,boxplot,0.0,0.0,0.0,0.0,0.0,0.0,0.0,0.0,0.0,0.0,0.0,0.0,0.0,0.0,0.0,0.0,0.0,0.0,0.0,0.0,0.0,0.0,0.0,0.0,0.0,0.0,1.0,1.0,1.0,0.0,1.0,0.8,1.0,1.0,1.0,0.0,1.0,0.8,0.7411011265922482
nvbench2:test:736,736,mistral-small:24b,staged,55,0.0,1.0,1,0,1.0,0.0,0.0,25.799179200083017,3,3,multi_gold,bar,0.0,0.0,0.0,0.0,0.0,0.0,0.0,0.0,0.0,0.0,0.0,0.0,0.0,0.0,0.0,0.0,0.0,0.0,0.0,0.0,0.0,0.0,0.0,0.0,0.0,0.0,1.0,0.8,0.4,1.0,1.0,0.8400000000000001,1.0,0.8,0.4,1.0,1.0,0.8400000000000001,0.37075372406425583
nvbench2:test:737,737,mistral-small:24b,staged,55,0.0,1.0,1,0,1.0,0.0,0.0,24.397084899945185,5,5,multi_gold,arc,0.0,0.0,0.0,0.0,0.0,0.0,0.0,0.0,0.0,0.0,0.0,0.0,0.0,0.0,0.0,0.0,0.0,0.0,0.0,0.0,0.0,0.0,0.0,0.0,0.0,0.0,1.0,1.0,1.0,1.0,0.0,0.8,1.0,1.0,1.0,1.0,0.0,0.8,0.2513520102235351
nvbench2:test:741,741,mistral-small:24b,staged,55,0.0,1.0,1,1,1.0,1.0,1.0,22.272170499898493,2,2,multi_gold,boxplot,0.0,0.0,0.0,0.0,0.0,0.0,0.0,0.0,0.0,0.0,0.0,0.0,0.0,0.0,0.0,0.0,0.0,0.0,0.0,0.0,0.0,0.0,0.0,0.0,0.0,0.0,1.0,1.0,0.5,0.0,1.0,0.7,1.0,1.0,0.5,0.0,1.0,0.7,0.38291336052022606
nvbench2:test:745,745,mistral-small:24b,staged,55,0.0,1.0,1,0,1.0,0.0,0.0,28.7351803999627,3,3,multi_gold,boxplot,0.0,0.0,0.0,0.0,0.0,0.0,0.0,0.0,0.0,0.0,0.0,0.0,0.0,0.0,0.0,0.0,0.0,0.0,0.0,0.0,0.0,0.0,0.0,0.0,0.0,0.0,1.0,1.0,0.6666666666666666,0.0,0.0,0.5333333333333333,1.0,1.0,0.6666666666666666,0.0,0.0,0.5333333333333333,0.20989393793519043
nvbench2:test:7,7,qwen3:14b,direct,55,0.0,1.0,5,5,1.0,1.0,1.0,18.54283559997566,5,5,multi_gold,bar,0.0,0.0,0.0,0.0,0.0,0.0,0.0,0.0,0.0,0.0,0.0,0.0,0.0,0.0,0.0,0.0,0.0,0.0,0.0,0.0,0.0,0.0,0.0,0.0,0.0,0.0,1.0,1.0,1.0,0.0,1.0,0.8,1.0,1.0,1.0,0.0,1.0,0.8,0.7411011265922482
nvbench2:test:11,11,qwen3:14b,direct,55,0.0,1.0,5,5,1.0,1.0,1.0,4.751122699934058,5,5,multi_gold,point,0.0,0.0,0.0,0.0,0.0,0.0,0.0,0.0,0.0,0.0,0.0,0.0,0.0,0.0,0.0,0.0,0.0,0.0,0.0,0.0,0.0,0.0,0.0,0.0,0.0,0.0,1.0,0.8,0.0,0.0,1.0,0.5599999999999999,1.0,0.8,0.0,0.0,1.0,0.5599999999999999,0.3496433158355864
nvbench2:test:18,18,qwen3:14b,direct,55,0.0,1.0,5,5,1.0,1.0,1.0,3.6043229999486357,4,4,multi_gold,rect,0.0,0.0,0.0,0.0,0.0,0.0,0.0,0.0,0.0,0.0,0.0,0.0,0.0,0.0,0.0,0.0,0.0,0.0,0.0,0.0,0.0,0.0,0.0,0.0,0.0,0.0,1.0,1.0,0.6666666666666666,1.0,0.0,0.7333333333333333,1.0,1.0,0.6666666666666666,1.0,0.0,0.7333333333333333,0.3962875127545891
nvbench2:test:20,20,qwen3:14b,direct,55,0.0,1.0,5,5,1.0,1.0,1.0,3.1575567999389023,2,2,multi_gold,arc,0.3333333333333333,0.0,0.0,0.0,0.0,1.0,0.5,0.3333333333333333,0.4,1.0,1.0,0.4,0.5714285714285715,0.3333333333333333,0.0,0.0,0.0,0.0,1.0,0.5,0.3333333333333333,0.4,1.0,1.0,0.4,0.5714285714285715,1.0,1.0,0.5,1.0,1.0,0.9,1.0,1.0,1.0,1.0,1.0,1.0,1.6221482657636115
nvbench2:test:25,25,qwen3:14b,direct,55,0.0,1.0,5,0,1.0,0.0,0.0,4.1181785999797285,2,2,multi_gold,boxplot,0.0,0.0,0.0,0.0,0.0,0.0,0.0,0.0,0.0,0.0,0.0,0.0,0.0,0.0,0.0,0.0,0.0,0.0,0.0,0.0,0.0,0.0,0.0,0.0,0.0,0.0,1.0,1.0,0.5,0.0,1.0,0.7,1.0,1.0,0.5,0.0,1.0,0.7,1.0744725684840684
nvbench2:test:26,26,qwen3:14b,direct,55,0.0,1.0,5,0,1.0,0.0,0.0,4.1579561999533325,4,4,multi_gold,boxplot,0.0,0.0,0.0,0.0,0.0,0.0,0.0,0.0,0.0,0.0,0.0,0.0,0.0,0.0,0.0,0.0,0.0,0.0,0.0,0.0,0.0,0.0,0.0,0.0,0.0,0.0,1.0,1.0,0.0,0.0,0.0,0.4,1.0,1.0,0.0,0.0,0.0,0.4,0.2802404398338258
nvbench2:test:31,31,qwen3:14b,direct,55,0.0,1.0,5,5,1.0,1.0,1.0,5.357939200010151,2,2,multi_gold,rect,0.0,0.0,0.0,0.0,0.0,0.0,0.0,0.0,0.0,0.0,0.0,0.0,0.0,0.0,0.0,0.0,0.0,0.0,0.0,0.0,0.0,0.0,0.0,0.0,0.0,0.0,1.0,1.0,0.6666666666666666,1.0,1.0,0.9333333333333333,1.0,1.0,1.0,1.0,1.0,1.0,1.6530621135384393
nvbench2:test:35,35,qwen3:14b,direct,55,0.0,1.0,5,4,1.0,1.0,0.0,4.274832800030708,4,4,multi_gold,bar+line,0.0,0.0,0.0,0.0,0.0,0.0,0.0,0.0,0.0,0.0,0.0,0.0,0.0,0.0,0.0,0.0,0.0,0.0,0.0,0.0,0.0,0.0,0.0,0.0,0.0,0.0,1.0,0.8,0.4,1.0,1.0,0.8400000000000001,1.0,0.8,0.8,1.0,1.0,0.9199999999999999,0.9114508603100027
nvbench2:test:37,37,qwen3:14b,direct,55,0.0,1.0,5,5,1.0,1.0,1.0,3.3567302000010386,2,2,multi_gold,arc,0.0,0.0,0.0,0.0,0.0,0.0,0.0,0.0,0.0,0.0,0.0,0.0,0.0,0.0,0.0,0.0,0.0,0.0,0.0,0.0,0.0,0.0,0.0,0.0,0.0,0.0,1.0,1.0,1.0,0.0,0.0,0.6,1.0,1.0,1.0,0.0,0.0,0.6,0.8351441736778339
nvbench2:test:39,39,qwen3:14b,direct,55,0.0,1.0,4,0,1.0,0.0,0.0,5.680387500091456,2,2,multi_gold,bar,0.0,0.0,0.0,0.0,0.0,0.0,0.0,0.0,0.0,0.0,0.0,0.0,0.0,0.0,0.0,0.0,0.0,0.0,0.0,0.0,0.0,0.0,0.0,0.0,0.0,0.0,1.0,0.6666666666666666,0.3333333333333333,0.0,0.0,0.4,1.0,0.6666666666666666,0.3333333333333333,0.0,0.0,0.4,0.4678297054775762
nvbench2:test:62,62,qwen3:14b,direct,55,0.0,1.0,5,1,1.0,1.0,0.0,3.5772800999693573,3,3,multi_gold,arc,0.0,0.0,0.0,0.0,0.0,0.0,0.0,0.0,0.0,0.0,0.0,0.0,0.0,0.0,0.0,0.0,0.0,0.0,0.0,0.0,0.0,0.0,0.0,0.0,0.0,0.0,1.0,1.0,0.5,1.0,1.0,0.9,1.0,1.0,0.5,1.0,1.0,0.9,0.5696211435902709
nvbench2:test:70,70,qwen3:14b,direct,55,0.0,1.0,5,0,1.0,0.0,0.0,4.018352900049649,2,2,multi_gold,bar,0.0,0.0,0.0,0.0,0.0,0.0,0.0,0.0,0.0,0.0,0.0,0.0,0.0,0.0,0.0,0.0,0.0,0.0,0.0,0.0,0.0,0.0,0.0,0.0,0.0,0.0,1.0,0.8,0.4,1.0,1.0,0.8400000000000001,1.0,0.8,0.4,1.0,1.0,0.8400000000000001,1.390929479219507
nvbench2:test:79,79,qwen3:14b,direct,55,0.0,1.0,5,5,1.0,1.0,1.0,3.475320699973963,3,3,multi_gold,boxplot,0.0,0.0,0.0,0.0,0.0,0.0,0.0,0.0,0.0,0.0,0.0,0.0,0.0,0.0,0.0,0.0,0.0,0.0,0.0,0.0,0.0,0.0,0.0,0.0,0.0,0.0,1.0,1.0,0.0,1.0,1.0,0.8,1.0,1.0,0.5,1.0,1.0,0.9,1.0917454435835563
nvbench2:test:90,90,qwen3:14b,direct,55,0.0,1.0,5,0,1.0,0.0,0.0,2.93784410005901,3,3,multi_gold,arc,0.0,0.0,0.0,0.0,0.0,0.0,0.0,0.0,0.0,0.0,0.0,0.0,0.0,0.0,0.0,0.0,0.0,0.0,0.0,0.0,0.0,0.0,0.0,0.0,0.0,0.0,1.0,1.0,0.0,0.0,1.0,0.6,1.0,1.0,0.5,0.0,1.0,0.7,0.7875175184640764
nvbench2:test:97,97,qwen3:14b,direct,55,0.0,1.0,5,0,1.0,0.0,0.0,3.481396999908611,5,5,multi_gold,line,0.0,0.0,0.0,0.0,0.0,0.0,0.0,0.0,0.0,0.0,0.0,0.0,0.0,0.0,0.0,0.0,0.0,0.0,0.0,0.0,0.0,0.0,0.0,0.0,0.0,0.0,1.0,1.0,0.6666666666666666,1.0,1.0,0.9333333333333333,1.0,1.0,0.6666666666666666,1.0,1.0,0.9333333333333333,0.8377709531249253
nvbench2:test:99,99,qwen3:14b,direct,55,0.0,1.0,1,1,1.0,1.0,1.0,0.8377229999750853,2,2,multi_gold,boxplot,0.0,0.0,0.0,0.0,0.0,0.0,0.0,0.0,0.0,0.0,0.0,0.0,0.0,0.0,0.0,0.0,0.0,0.0,0.0,0.0,0.0,0.0,0.0,0.0,0.0,0.0,1.0,1.0,0.0,0.0,1.0,0.6,1.0,1.0,0.0,0.0,1.0,0.6,0.3162101650184913
nvbench2:test:102,102,qwen3:14b,direct,55,0.0,1.0,1,1,1.0,1.0,1.0,0.8065652999794111,3,3,multi_gold,boxplot,0.0,0.0,0.0,0.0,0.0,0.0,0.0,0.0,0.0,0.0,0.0,0.0,0.0,0.0,0.0,0.0,0.0,0.0,0.0,0.0,0.0,0.0,0.0,0.0,0.0,0.0,1.0,1.0,0.5,0.0,1.0,0.7,1.0,1.0,0.5,0.0,1.0,0.7,0.29306681351921393
nvbench2:test:105,105,qwen3:14b,direct,55,0.0,1.0,5,0,1.0,0.0,0.0,3.287446599919349,3,3,multi_gold,arc,0.0,0.0,0.0,0.0,0.0,0.0,0.0,0.0,0.0,0.0,0.0,0.0,0.0,0.0,0.0,0.0,0.0,0.0,0.0,0.0,0.0,0.0,0.0,0.0,0.0,0.0,1.0,1.0,0.5,1.0,0.0,0.7,1.0,1.0,0.5,1.0,0.0,0.7,0.31435933080642076
nvbench2:test:111,111,qwen3:14b,direct,55,0.0,1.0,5,0,1.0,0.0,0.0,4.637329299934208,3,3,multi_gold,rect,0.0,0.0,0.0,0.0,0.0,0.0,0.0,0.0,0.0,0.0,0.0,0.0,0.0,0.0,0.0,0.0,0.0,0.0,0.0,0.0,0.0,0.0,0.0,0.0,0.0,0.0,1.0,1.0,0.6666666666666666,0.0,0.0,0.5333333333333333,1.0,1.0,0.6666666666666666,0.0,0.0,0.5333333333333333,0.4820209068696241
nvbench2:test:112,112,qwen3:14b,direct,55,0.0,1.0,5,0,1.0,0.0,0.0,2.972341899992898,2,2,multi_gold,arc,0.0,0.0,0.0,0.0,0.0,0.0,0.0,0.0,0.0,0.0,0.0,0.0,0.0,0.0,0.0,0.0,0.0,0.0,0.0,0.0,0.0,0.0,0.0,0.0,0.0,0.0,1.0,1.0,0.5,1.0,1.0,0.9,1.0,1.0,0.5,1.0,1.0,0.9,0.9861903776728049
nvbench2:test:113,113,qwen3:14b,direct,55,0.0,1.0,5,4,1.0,1.0,0.0,3.4877090000081807,3,3,multi_gold,line,0.0,0.0,0.0,0.0,0.0,0.0,0.0,0.0,0.0,0.0,0.0,0.0,0.0,0.0,0.0,0.0,0.0,0.0,0.0,0.0,0.0,0.0,0.0,0.0,0.0,0.0,1.0,1.0,1.0,1.0,1.0,1.0,1.0,1.0,1.0,1.0,1.0,1.0,1.1753627119521615
nvbench2:test:117,117,qwen3:14b,direct,55,0.0,1.0,1,1,1.0,1.0,1.0,0.9020281999837607,5,5,multi_gold,bar,0.0,0.0,0.0,0.0,0.0,0.0,0.0,0.0,0.0,0.0,0.0,0.0,0.0,0.0,0.0,0.0,0.0,0.0,0.0,0.0,0.0,0.0,0.0,0.0,0.0,0.0,1.0,1.0,1.0,1.0,1.0,1.0,1.0,1.0,1.0,1.0,1.0,1.0,0.3391602052736161
nvbench2:test:127,127,qwen3:14b,direct,55,0.0,1.0,5,1,1.0,1.0,0.0,4.308521599974483,2,2,multi_gold,arc,0.0,0.0,0.0,0.0,0.0,0.0,0.0,0.0,0.0,0.0,0.0,0.0,0.0,0.0,0.0,0.0,0.0,0.0,0.0,0.0,0.0,0.0,0.0,0.0,0.0,0.0,0.0,0.4,0.4,0.0,1.0,0.36,0.0,0.4,0.4,0.0,1.0,0.36,0.4190859191296296
nvbench2:test:131,131,qwen3:14b,direct,55,0.0,1.0,5,5,1.0,1.0,1.0,3.9340167000191286,4,4,multi_gold,arc,0.0,0.0,0.0,0.0,0.0,0.0,0.0,0.0,0.0,0.0,0.0,0.0,0.0,0.0,0.0,0.0,0.0,0.0,0.0,0.0,0.0,0.0,0.0,0.0,0.0,0.0,1.0,1.0,0.5,0.0,1.0,0.7,1.0,1.0,0.5,0.0,1.0,0.7,0.37955147454116733
nvbench2:test:132,132,qwen3:14b,direct,55,0.0,1.0,5,0,1.0,0.0,0.0,3.825158999999985,2,2,multi_gold,bar,0.0,0.0,0.0,0.0,0.0,0.0,0.0,0.0,0.0,0.0,0.0,0.0,0.0,0.0,0.0,0.0,0.0,0.0,0.0,0.0,0.0,0.0,0.0,0.0,0.0,0.0,1.0,0.8,0.4,1.0,0.0,0.64,1.0,0.8,0.4,1.0,0.0,0.64,1.009369470102159
nvbench2:test:133,133,qwen3:14b,direct,55,0.0,1.0,3,0,1.0,0.0,0.0,3.0508483999874443,2,2,multi_gold,bar,0.0,0.0,0.0,0.0,0.0,0.0,0.0,0.0,0.0,0.0,0.0,0.0,0.0,0.0,0.0,0.0,0.0,0.0,0.0,0.0,0.0,0.0,0.0,0.0,0.0,0.0,1.0,0.8,0.4,1.0,0.0,0.64,1.0,0.8,0.4,1.0,0.0,0.64,0.7294981376593844
nvbench2:test:142,142,qwen3:14b,direct,55,0.0,1.0,5,5,1.0,1.0,1.0,5.300228100037202,2,2,multi_gold,rect,0.0,0.0,0.0,0.0,0.0,0.0,0.0,0.0,0.0,0.0,0.0,0.0,0.0,0.0,0.0,0.0,0.0,0.0,0.0,0.0,0.0,0.0,0.0,0.0,0.0,0.0,1.0,1.0,1.0,1.0,1.0,1.0,1.0,1.0,1.0,1.0,1.0,1.0,1.5351740675712942
nvbench2:test:144,144,qwen3:14b,direct,55,0.0,1.0,5,0,1.0,0.0,0.0,3.8028985999990255,2,2,multi_gold,bar,0.0,0.0,0.0,0.0,0.0,0.0,0.0,0.0,0.0,0.0,0.0,0.0,0.0,0.0,0.0,0.0,0.0,0.0,0.0,0.0,0.0,0.0,0.0,0.0,0.0,0.0,1.0,0.8,0.4,1.0,1.0,0.8400000000000001,1.0,0.8,0.4,1.0,1.0,0.8400000000000001,1.4282837994868038
nvbench2:test:150,150,qwen3:14b,direct,55,0.0,1.0,5,0,1.0,0.0,0.0,4.703497500042431,4,4,multi_gold,bar,0.0,0.0,0.0,0.0,0.0,0.0,0.0,0.0,0.0,0.0,0.0,0.0,0.0,0.0,0.0,0.0,0.0,0.0,0.0,0.0,0.0,0.0,0.0,0.0,0.0,0.0,1.0,1.0,0.6666666666666666,1.0,1.0,0.9333333333333333,1.0,1.0,0.6666666666666666,1.0,1.0,0.9333333333333333,1.0027076902290428
nvbench2:test:157,157,qwen3:14b,direct,55,0.0,1.0,3,3,1.0,1.0,1.0,3.051664900034666,5,5,multi_gold,line,0.0,0.0,0.0,0.0,0.0,0.0,0.0,0.0,0.0,0.0,0.0,0.0,0.0,0.0,0.0,0.0,0.0,0.0,0.0,0.0,0.0,0.0,0.0,0.0,0.0,0.0,1.0,1.0,0.6666666666666666,0.6666666666666666,1.0,0.8666666666666666,1.0,1.0,0.6666666666666666,0.6666666666666666,1.0,0.8666666666666666,0.5951255660730608
nvbench2:test:160,160,qwen3:14b,direct,55,0.0,1.0,3,0,1.0,0.0,0.0,1.7658596999244764,2,2,multi_gold,arc,0.0,0.0,0.0,0.0,0.0,0.0,0.0,0.0,0.0,0.0,0.0,0.0,0.0,0.0,0.0,0.0,0.0,0.0,0.0,0.0,0.0,0.0,0.0,0.0,0.0,0.0,1.0,1.0,0.5,1.0,1.0,0.9,1.0,1.0,0.5,1.0,1.0,0.9,1.0932680207362926
nvbench2:test:162,162,qwen3:14b,direct,55,0.0,1.0,1,1,1.0,1.0,1.0,1.3239451999543235,4,3,multi_gold,rect,0.0,0.0,0.0,0.0,0.0,0.0,0.0,0.0,0.0,0.0,0.0,0.0,0.0,0.0,0.0,0.0,0.0,0.0,0.0,0.0,0.0,0.0,0.0,0.0,0.0,0.0,1.0,1.0,0.6666666666666666,0.0,1.0,0.7333333333333333,1.0,1.0,0.6666666666666666,0.0,1.0,0.7333333333333333,0.3108857958246911
nvbench2:test:163,163,qwen3:14b,direct,55,0.0,1.0,3,0,1.0,0.0,0.0,2.5530190999852493,3,3,multi_gold,line,0.0,0.0,0.0,0.0,0.0,0.0,0.0,0.0,0.0,0.0,0.0,0.0,0.0,0.0,0.0,0.0,0.0,0.0,0.0,0.0,0.0,0.0,0.0,0.0,0.0,0.0,1.0,1.0,0.5,0.6666666666666666,0.0,0.6333333333333333,1.0,1.0,0.5,0.6666666666666666,0.0,0.6333333333333333,0.44457868145569096
nvbench2:test:168,168,qwen3:14b,direct,55,0.0,1.0,3,1,1.0,1.0,0.0,2.1228741999948397,5,5,multi_gold,bar,0.0,0.0,0.0,0.0,0.0,0.0,0.0,0.0,0.0,0.0,0.0,0.0,0.0,0.0,0.0,0.0,0.0,0.0,0.0,0.0,0.0,0.0,0.0,0.0,0.0,0.0,1.0,1.0,0.5,1.0,1.0,0.9,1.0,1.0,1.0,1.0,1.0,1.0,0.6545889396341426
nvbench2:test:170,170,qwen3:14b,direct,55,0.0,1.0,5,5,1.0,1.0,1.0,5.44651200005319,2,2,multi_gold,rect,0.0,0.0,0.0,0.0,0.0,0.0,0.0,0.0,0.0,0.0,0.0,0.0,0.0,0.0,0.0,0.0,0.0,0.0,0.0,0.0,0.0,0.0,0.0,0.0,0.0,0.0,1.0,1.0,0.3333333333333333,1.0,0.0,0.6666666666666667,1.0,1.0,1.0,1.0,0.0,0.8,1.1466795710446849
nvbench2:test:173,173,qwen3:14b,direct,55,0.0,1.0,5,5,1.0,1.0,1.0,3.6852256000274792,4,4,multi_gold,point,0.0,0.0,0.0,0.0,0.0,0.0,0.0,0.0,0.0,0.0,0.0,0.0,0.0,0.0,0.0,0.0,0.0,0.0,0.0,0.0,0.0,0.0,0.0,0.0,0.0,0.0,1.0,1.0,1.0,1.0,1.0,1.0,1.0,1.0,1.0,1.0,1.0,1.0,1.0092619270624517
nvbench2:test:174,174,qwen3:14b,direct,55,0.0,1.0,3,3,1.0,1.0,1.0,2.4203325000125915,2,2,multi_gold,boxplot,0.0,0.0,0.0,0.0,0.0,0.0,0.0,0.0,0.0,0.0,0.0,0.0,0.0,0.0,0.0,0.0,0.0,0.0,0.0,0.0,0.0,0.0,0.0,0.0,0.0,0.0,1.0,1.0,1.0,1.0,1.0,1.0,1.0,1.0,1.0,1.0,1.0,1.0,1.1914566802601132
nvbench2:test:178,178,qwen3:14b,direct,55,0.0,1.0,1,0,1.0,0.0,0.0,0.8530156000051647,2,2,multi_gold,arc,0.0,0.0,0.0,0.0,0.0,0.0,0.0,0.0,0.0,0.0,0.0,0.0,0.0,0.0,0.0,0.0,0.0,0.0,0.0,0.0,0.0,0.0,0.0,0.0,0.0,0.0,1.0,1.0,0.5,1.0,1.0,0.9,1.0,1.0,0.5,1.0,1.0,0.9,0.5310259262712439
nvbench2:test:183,183,qwen3:14b,direct,55,0.0,1.0,1,0,1.0,0.0,0.0,0.9028748999116942,3,3,multi_gold,bar,0.0,0.0,0.0,0.0,0.0,0.0,0.0,0.0,0.0,0.0,0.0,0.0,0.0,0.0,0.0,0.0,0.0,0.0,0.0,0.0,0.0,0.0,0.0,0.0,0.0,0.0,1.0,1.0,0.5,1.0,1.0,0.9,1.0,1.0,0.5,1.0,1.0,0.9,0.40642634118843207
nvbench2:test:192,192,qwen3:14b,direct,55,0.0,1.0,5,5,1.0,1.0,1.0,3.444814799935557,5,5,multi_gold,point,0.0,0.0,0.0,0.0,0.0,0.0,0.0,0.0,0.0,0.0,0.0,0.0,0.0,0.0,0.0,0.0,0.0,0.0,0.0,0.0,0.0,0.0,0.0,0.0,0.0,0.0,0.0,0.8,0.0,0.0,1.0,0.36,0.0,0.8,0.4,0.0,1.0,0.44000000000000006,0.29411495006025246
nvbench2:test:194,194,qwen3:14b,direct,55,0.0,1.0,5,5,1.0,1.0,1.0,3.705235800007358,2,2,multi_gold,boxplot,0.0,0.0,0.0,0.0,0.0,0.0,0.0,0.0,0.0,0.0,0.0,0.0,0.0,0.0,0.0,0.0,0.0,0.0,0.0,0.0,0.0,0.0,0.0,0.0,0.0,0.0,1.0,1.0,0.5,1.0,0.0,0.7,1.0,1.0,1.0,1.0,0.0,0.8,1.156660773280181
nvbench2:test:201,201,qwen3:14b,direct,55,0.0,1.0,5,5,1.0,1.0,1.0,3.631262799957767,2,2,multi_gold,bar,0.0,0.0,0.0,0.0,0.0,0.0,0.0,0.0,0.0,0.0,0.0,0.0,0.0,0.0,0.0,0.0,0.0,0.0,0.0,0.0,0.0,0.0,0.0,0.0,0.0,0.0,1.0,0.8,0.8,1.0,1.0,0.9199999999999999,1.0,0.8,0.8,1.0,1.0,0.9199999999999999,1.5221552412565136
nvbench2:test:223,223,qwen3:14b,direct,55,0.0,1.0,1,1,1.0,1.0,1.0,0.801624899962917,3,3,multi_gold,boxplot,0.0,0.0,0.0,0.0,0.0,0.0,0.0,0.0,0.0,0.0,0.0,0.0,0.0,0.0,0.0,0.0,0.0,0.0,0.0,0.0,0.0,0.0,0.0,0.0,0.0,0.0,1.0,1.0,0.0,0.0,0.0,0.4,1.0,1.0,0.0,0.0,0.0,0.4,0.14993826532169632
nvbench2:test:227,227,qwen3:14b,direct,55,0.0,1.0,2,0,1.0,0.0,0.0,1.7818546999478713,4,4,multi_gold,line,0.0,0.0,0.0,0.0,0.0,0.0,0.0,0.0,0.0,0.0,0.0,0.0,0.0,0.0,0.0,0.0,0.0,0.0,0.0,0.0,0.0,0.0,0.0,0.0,0.0,0.0,0.0,1.0,0.5,0.6666666666666666,1.0,0.6333333333333333,1.0,1.0,0.5,0.6666666666666666,1.0,0.8333333333333334,0.407714495744848
nvbench2:test:236,236,qwen3:14b,direct,55,0.0,1.0,5,5,1.0,1.0,1.0,3.564372699940577,2,2,multi_gold,boxplot,0.0,0.0,0.0,0.0,0.0,0.0,0.0,0.0,0.0,0.0,0.0,0.0,0.0,0.0,0.0,0.0,0.0,0.0,0.0,0.0,0.0,0.0,0.0,0.0,0.0,0.0,0.0,1.0,0.0,0.0,1.0,0.4,0.0,1.0,0.0,0.0,1.0,0.4,0.5345120986951917
nvbench2:test:238,238,qwen3:14b,direct,55,0.0,1.0,5,5,1.0,1.0,1.0,4.051375799928792,3,3,multi_gold,line,0.0,0.0,0.0,0.0,0.0,0.0,0.0,0.0,0.0,0.0,0.0,0.0,0.0,0.0,0.0,0.0,0.0,0.0,0.0,0.0,0.0,0.0,0.0,0.0,0.0,0.0,1.0,1.0,1.0,1.0,1.0,1.0,1.0,1.0,1.0,1.0,1.0,1.0,1.1510088773243512
nvbench2:test:252,252,qwen3:14b,direct,55,0.0,1.0,5,5,1.0,1.0,1.0,3.088519100099802,2,2,multi_gold,arc,0.0,0.0,0.0,0.0,0.0,0.0,0.0,0.0,0.0,0.0,0.0,0.0,0.0,0.0,0.0,0.0,0.0,0.0,0.0,0.0,0.0,0.0,0.0,0.0,0.0,0.0,1.0,1.0,1.0,1.0,0.0,0.8,1.0,1.0,1.0,1.0,0.0,0.8,1.2456007234463902
nvbench2:test:254,254,qwen3:14b,direct,55,0.0,1.0,5,5,1.0,1.0,1.0,4.1661080999765545,2,2,multi_gold,point,0.0,0.0,0.0,0.0,0.0,0.0,0.0,0.0,0.0,0.0,0.0,0.0,0.0,0.0,0.0,0.0,0.0,0.0,0.0,0.0,0.0,0.0,0.0,0.0,0.0,0.0,1.0,0.8571428571428571,0.5714285714285715,0.0,1.0,0.6857142857142857,1.0,0.8571428571428571,0.5714285714285715,0.0,1.0,0.6857142857142857,1.068755486315411
nvbench2:test:263,263,qwen3:14b,direct,55,0.0,1.0,1,1,1.0,1.0,1.0,0.8196176000637934,5,5,multi_gold,boxplot,0.0,0.0,0.0,0.0,0.0,0.0,0.0,0.0,0.0,0.0,0.0,0.0,0.0,0.0,0.0,0.0,0.0,0.0,0.0,0.0,0.0,0.0,0.0,0.0,0.0,0.0,1.0,1.0,0.0,0.0,1.0,0.6,1.0,1.0,0.0,0.0,1.0,0.6,0.17491053656067107
nvbench2:test:268,268,qwen3:14b,direct,55,0.0,1.0,1,1,1.0,1.0,1.0,1.824401400052011,5,5,multi_gold,rect,0.0,0.0,0.0,0.0,0.0,0.0,0.0,0.0,0.0,0.0,0.0,0.0,0.0,0.0,0.0,0.0,0.0,0.0,0.0,0.0,0.0,0.0,0.0,0.0,0.0,0.0,1.0,1.0,1.0,0.6666666666666666,0.0,0.7333333333333333,1.0,1.0,1.0,0.6666666666666666,0.0,0.7333333333333333,0.22468542570037728
nvbench2:test:287,287,qwen3:14b,direct,55,0.0,1.0,5,5,1.0,1.0,1.0,3.711571699939668,3,3,multi_gold,point,0.0,0.0,0.0,0.0,0.0,0.0,0.0,0.0,0.0,0.0,0.0,0.0,0.0,0.0,0.0,0.0,0.0,0.0,0.0,0.0,0.0,0.0,0.0,0.0,0.0,0.0,0.0,0.8,0.0,0.0,1.0,0.36,0.0,0.8,0.4,0.0,1.0,0.44000000000000006,0.40544694248030627
nvbench2:test:296,296,qwen3:14b,direct,55,0.0,1.0,1,1,1.0,1.0,1.0,0.9588131000055,5,5,multi_gold,bar+line+rect,0.0,0.0,0.0,0.0,0.0,0.0,0.0,0.0,0.0,0.0,0.0,0.0,0.0,0.0,0.0,0.0,0.0,0.0,0.0,0.0,0.0,0.0,0.0,0.0,0.0,0.0,1.0,0.8,0.4,0.0,1.0,0.64,1.0,0.8,0.4,0.0,1.0,0.64,0.18936303228555582
nvbench2:test:297,297,qwen3:14b,direct,55,0.0,1.0,3,3,1.0,1.0,1.0,2.3112654000287876,2,2,multi_gold,bar,0.0,0.0,0.0,0.0,0.0,0.0,0.0,0.0,0.0,0.0,0.0,0.0,0.0,0.0,0.0,0.0,0.0,0.0,0.0,0.0,0.0,0.0,0.0,0.0,0.0,0.0,1.0,0.8,0.4,0.0,0.0,0.44000000000000006,1.0,0.8,0.8,1.0,0.0,0.72,0.5245027002875705
nvbench2:test:298,298,qwen3:14b,direct,55,0.0,1.0,1,0,1.0,0.0,0.0,1.0962718999944627,3,3,multi_gold,line,0.0,0.0,0.0,0.0,0.0,0.0,0.0,0.0,0.0,0.0,0.0,0.0,0.0,0.0,0.0,0.0,0.0,0.0,0.0,0.0,0.0,0.0,0.0,0.0,0.0,0.0,1.0,0.8,0.4,0.6666666666666666,0.0,0.5733333333333334,1.0,0.8,0.4,0.6666666666666666,0.0,0.5733333333333334,0.22898808047924304
nvbench2:test:303,303,qwen3:14b,direct,55,0.0,1.0,5,5,1.0,1.0,1.0,3.69251889991574,2,2,multi_gold,boxplot,0.0,0.0,0.0,0.0,0.0,0.0,0.0,0.0,0.0,0.0,0.0,0.0,0.0,0.0,0.0,0.0,0.0,0.0,0.0,0.0,0.0,0.0,0.0,0.0,0.0,0.0,1.0,1.0,1.0,1.0,1.0,1.0,1.0,1.0,1.0,1.0,1.0,1.0,1.53215598056771
nvbench2:test:317,317,qwen3:14b,direct,55,0.0,1.0,5,0,1.0,0.0,0.0,2.9242007000138983,2,2,multi_gold,arc,0.0,0.0,0.0,0.0,0.0,0.0,0.0,0.0,0.0,0.0,0.0,0.0,0.0,0.0,0.0,0.0,0.0,0.0,0.0,0.0,0.0,0.0,0.0,0.0,0.0,0.0,1.0,1.0,0.5,0.0,1.0,0.7,1.0,1.0,0.5,0.0,1.0,0.7,1.0248402584642233
nvbench2:test:319,319,qwen3:14b,direct,55,0.0,1.0,5,3,1.0,1.0,0.0,4.676562099950388,2,2,multi_gold,point,0.0,0.0,0.0,0.0,0.0,0.0,0.0,0.0,0.0,0.0,0.0,0.0,0.0,0.0,0.0,0.0,0.0,0.0,0.0,0.0,0.0,0.0,0.0,0.0,0.0,0.0,1.0,0.8571428571428571,0.0,0.0,0.0,0.37142857142857144,1.0,0.8571428571428571,0.28571428571428575,1.0,0.0,0.6285714285714286,0.5878996772832287
nvbench2:test:320,320,qwen3:14b,direct,55,0.0,1.0,3,3,1.0,1.0,1.0,2.472246399964206,3,3,multi_gold,rect,0.0,0.0,0.0,0.0,0.0,0.0,0.0,0.0,0.0,0.0,0.0,0.0,0.0,0.0,0.0,0.0,0.0,0.0,0.0,0.0,0.0,0.0,0.0,0.0,0.0,0.0,1.0,1.0,0.3333333333333333,0.0,0.0,0.4666666666666667,1.0,1.0,0.3333333333333333,0.0,0.0,0.4666666666666667,0.2752802456173722
nvbench2:test:325,325,qwen3:14b,direct,55,0.0,1.0,5,0,1.0,0.0,0.0,11.5981203999836,2,2,multi_gold,rect,0.0,0.0,0.0,0.0,0.0,0.0,0.0,0.0,0.0,0.0,0.0,0.0,0.0,0.0,0.0,0.0,0.0,0.0,0.0,0.0,0.0,0.0,0.0,0.0,0.0,0.0,1.0,1.0,0.6666666666666666,1.0,0.0,0.7333333333333333,1.0,1.0,0.6666666666666666,1.0,0.0,0.7333333333333333,0.6268664523624207
nvbench2:test:332,332,qwen3:14b,direct,55,0.0,1.0,1,1,1.0,1.0,1.0,1.2071871999651194,2,2,multi_gold,rect,0.0,0.0,0.0,0.0,0.0,0.0,0.0,0.0,0.0,0.0,0.0,0.0,0.0,0.0,0.0,0.0,0.0,0.0,0.0,0.0,0.0,0.0,0.0,0.0,0.0,0.0,1.0,1.0,0.6666666666666666,1.0,1.0,0.9333333333333333,1.0,1.0,0.6666666666666666,1.0,1.0,0.9333333333333333,0.5577697051812209
nvbench2:test:335,335,qwen3:14b,direct,55,0.0,1.0,1,0,1.0,0.0,0.0,0.9249591000843793,4,4,multi_gold,arc,0.0,0.0,0.0,0.0,0.0,0.0,0.0,0.0,0.0,0.0,0.0,0.0,0.0,0.0,0.0,0.0,0.0,0.0,0.0,0.0,0.0,0.0,0.0,0.0,0.0,0.0,1.0,1.0,0.5,1.0,1.0,0.9,1.0,1.0,0.5,1.0,1.0,0.9,0.3380948817687364
nvbench2:test:341,341,qwen3:14b,direct,55,0.0,1.0,1,1,1.0,1.0,1.0,1.660283699980937,5,5,multi_gold,rect,0.0,0.0,0.0,0.0,0.0,0.0,0.0,0.0,0.0,0.0,0.0,0.0,0.0,0.0,0.0,0.0,0.0,0.0,0.0,0.0,0.0,0.0,0.0,0.0,0.0,0.0,1.0,1.0,0.3333333333333333,0.0,1.0,0.6666666666666667,1.0,1.0,0.3333333333333333,0.0,1.0,0.6666666666666667,0.19922306136347262
nvbench2:test:344,344,qwen3:14b,direct,55,0.0,1.0,1,1,1.0,1.0,1.0,2.03776349988766,5,5,multi_gold,rect,0.0,0.0,0.0,0.0,0.0,0.0,0.0,0.0,0.0,0.0,0.0,0.0,0.0,0.0,0.0,0.0,0.0,0.0,0.0,0.0,0.0,0.0,0.0,0.0,0.0,0.0,1.0,1.0,0.3333333333333333,0.0,0.0,0.4666666666666667,1.0,1.0,0.3333333333333333,0.0,0.0,0.4666666666666667,0.12952965076650882
nvbench2:test:349,349,qwen3:14b,direct,55,0.0,1.0,5,5,1.0,1.0,1.0,3.107883300050162,4,4,multi_gold,arc,0.0,0.0,0.0,0.0,0.0,0.0,0.0,0.0,0.0,0.0,0.0,0.0,0.0,0.0,0.0,0.0,0.0,0.0,0.0,0.0,0.0,0.0,0.0,0.0,0.0,0.0,1.0,1.0,1.0,0.0,1.0,0.8,1.0,1.0,1.0,0.0,1.0,0.8,0.8354136019691203
nvbench2:test:351,351,qwen3:14b,direct,55,0.0,1.0,5,5,1.0,1.0,1.0,3.7781476998934522,2,2,multi_gold,boxplot,0.0,0.0,0.0,0.0,0.0,0.0,0.0,0.0,0.0,0.0,0.0,0.0,0.0,0.0,0.0,0.0,0.0,0.0,0.0,0.0,0.0,0.0,0.0,0.0,0.0,0.0,1.0,1.0,1.0,1.0,1.0,1.0,1.0,1.0,1.0,1.0,1.0,1.0,1.6996422516022103
nvbench2:test:355,355,qwen3:14b,direct,55,0.0,1.0,4,4,1.0,1.0,1.0,6.2277738999109715,4,4,multi_gold,rect,0.0,0.0,0.0,0.0,0.0,0.0,0.0,0.0,0.0,0.0,0.0,0.0,0.0,0.0,0.0,0.0,0.0,0.0,0.0,0.0,0.0,0.0,0.0,0.0,0.0,0.0,1.0,1.0,0.3333333333333333,1.0,0.0,0.6666666666666667,1.0,1.0,0.3333333333333333,1.0,0.0,0.6666666666666667,0.5874010519681996
nvbench2:test:365,365,qwen3:14b,direct,55,0.0,1.0,1,0,1.0,0.0,0.0,2.2355092999059707,2,2,multi_gold,point,0.0,0.0,0.0,0.0,0.0,0.0,0.0,0.0,0.0,0.0,0.0,0.0,0.0,0.0,0.0,0.0,0.0,0.0,0.0,0.0,0.0,0.0,0.0,0.0,0.0,0.0,0.0,0.8,0.0,0.0,0.0,0.16,0.0,0.8,0.0,0.0,0.0,0.16,0.07191427945647642
nvbench2:test:366,366,qwen3:14b,direct,55,0.0,1.0,5,4,1.0,1.0,0.0,3.830061399959959,5,5,multi_gold,boxplot,0.0,0.0,0.0,0.0,0.0,0.0,0.0,0.0,0.0,0.0,0.0,0.0,0.0,0.0,0.0,0.0,0.0,0.0,0.0,0.0,0.0,0.0,0.0,0.0,0.0,0.0,1.0,1.0,1.0,1.0,1.0,1.0,1.0,1.0,1.0,1.0,1.0,1.0,0.8556500845038633
nvbench2:test:376,376,qwen3:14b,direct,55,0.0,1.0,1,0,1.0,0.0,0.0,1.27440520003438,4,4,multi_gold,rect,0.0,0.0,0.0,0.0,0.0,0.0,0.0,0.0,0.0,0.0,0.0,0.0,0.0,0.0,0.0,0.0,0.0,0.0,0.0,0.0,0.0,0.0,0.0,0.0,0.0,0.0,1.0,1.0,0.6666666666666666,1.0,0.0,0.7333333333333333,1.0,1.0,0.6666666666666666,1.0,0.0,0.7333333333333333,0.25861733291100014
nvbench2:test:377,377,qwen3:14b,direct,55,0.0,1.0,2,2,1.0,1.0,1.0,2.740072699962184,4,4,multi_gold,rect,0.0,0.0,0.0,0.0,0.0,0.0,0.0,0.0,0.0,0.0,0.0,0.0,0.0,0.0,0.0,0.0,0.0,0.0,0.0,0.0,0.0,0.0,0.0,0.0,0.0,0.0,1.0,1.0,0.6666666666666666,1.0,0.0,0.7333333333333333,1.0,1.0,0.6666666666666666,1.0,0.0,0.7333333333333333,0.421786703033845
nvbench2:test:384,384,qwen3:14b,direct,55,0.0,1.0,5,5,1.0,1.0,1.0,4.433258500066586,3,3,multi_gold,arc,0.0,0.0,0.0,0.0,0.0,0.0,0.0,0.0,0.0,0.0,0.0,0.0,0.0,0.0,0.0,0.0,0.0,0.0,0.0,0.0,0.0,0.0,0.0,0.0,0.0,0.0,1.0,0.8,0.4,0.0,1.0,0.64,1.0,0.8,0.4,0.0,1.0,0.64,0.5437203237771111
nvbench2:test:385,385,qwen3:14b,direct,55,0.0,1.0,1,0,1.0,0.0,0.0,0.8396041999803856,3,3,multi_gold,arc,0.0,0.0,0.0,0.0,0.0,0.0,0.0,0.0,0.0,0.0,0.0,0.0,0.0,0.0,0.0,0.0,0.0,0.0,0.0,0.0,0.0,0.0,0.0,0.0,0.0,0.0,1.0,1.0,0.5,1.0,1.0,0.9,1.0,1.0,0.5,1.0,1.0,0.9,0.40642634118843207
nvbench2:test:388,388,qwen3:14b,direct,55,0.0,1.0,5,5,1.0,1.0,1.0,3.904930300079286,5,5,multi_gold,bar+line+rect,0.0,0.0,0.0,0.0,0.0,0.0,0.0,0.0,0.0,0.0,0.0,0.0,0.0,0.0,0.0,0.0,0.0,0.0,0.0,0.0,0.0,0.0,0.0,0.0,0.0,0.0,0.0,0.8,0.8,0.0,1.0,0.52,1.0,0.8,0.8,1.0,1.0,0.9199999999999999,0.6275215904128327
nvbench2:test:392,392,qwen3:14b,direct,55,0.0,1.0,5,0,1.0,0.0,0.0,3.65927369997371,4,4,multi_gold,rect,0.0,0.0,0.0,0.0,0.0,0.0,0.0,0.0,0.0,0.0,0.0,0.0,0.0,0.0,0.0,0.0,0.0,0.0,0.0,0.0,0.0,0.0,0.0,0.0,0.0,0.0,0.0,0.8,0.4,0.0,1.0,0.44000000000000006,0.0,0.8,0.4,0.0,1.0,0.44000000000000006,0.3781508551939088
nvbench2:test:395,395,qwen3:14b,direct,55,0.0,1.0,5,0,1.0,0.0,0.0,5.181301300064661,2,2,multi_gold,rect,0.0,0.0,0.0,0.0,0.0,0.0,0.0,0.0,0.0,0.0,0.0,0.0,0.0,0.0,0.0,0.0,0.0,0.0,0.0,0.0,0.0,0.0,0.0,0.0,0.0,0.0,0.0,1.0,0.3333333333333333,0.0,1.0,0.4666666666666667,1.0,1.0,0.6666666666666666,1.0,1.0,0.9333333333333333,0.8132937578863701
nvbench2:test:406,406,qwen3:14b,direct,55,0.0,1.0,5,0,1.0,0.0,0.0,4.319484299980104,2,2,multi_gold,bar,0.0,0.0,0.0,0.0,0.0,0.0,0.0,0.0,0.0,0.0,0.0,0.0,0.0,0.0,0.0,0.0,0.0,0.0,0.0,0.0,0.0,0.0,0.0,0.0,0.0,0.0,1.0,0.8,0.4,1.0,1.0,0.8400000000000001,1.0,1.0,0.6666666666666666,1.0,1.0,0.9333333333333333,1.399742192877106
nvbench2:test:426,426,qwen3:14b,direct,55,0.0,1.0,5,0,1.0,0.0,0.0,3.2400117999641225,5,5,multi_gold,arc,0.0,0.0,0.0,0.0,0.0,0.0,0.0,0.0,0.0,0.0,0.0,0.0,0.0,0.0,0.0,0.0,0.0,0.0,0.0,0.0,0.0,0.0,0.0,0.0,0.0,0.0,1.0,1.0,0.5,1.0,1.0,0.9,1.0,1.0,0.5,1.0,1.0,0.9,0.8496699593926583
nvbench2:test:430,430,qwen3:14b,direct,55,0.0,1.0,4,0,1.0,0.0,0.0,10.142628900008276,2,2,multi_gold,bar,0.0,0.0,0.0,0.0,0.0,0.0,0.0,0.0,0.0,0.0,0.0,0.0,0.0,0.0,0.0,0.0,0.0,0.0,0.0,0.0,0.0,0.0,0.0,0.0,0.0,0.0,1.0,0.8,0.8,1.0,0.0,0.72,1.0,0.8,0.8,1.0,0.0,0.72,1.0164911031992834
nvbench2:test:432,432,qwen3:14b,direct,55,0.0,1.0,5,0,1.0,0.0,0.0,3.8136369000421837,5,5,multi_gold,bar+line+rect,0.0,0.0,0.0,0.0,0.0,0.0,0.0,0.0,0.0,0.0,0.0,0.0,0.0,0.0,0.0,0.0,0.0,0.0,0.0,0.0,0.0,0.0,0.0,0.0,0.0,0.0,1.0,0.8,0.4,1.0,0.0,0.64,1.0,0.8,0.4,1.0,0.0,0.64,0.5583291593209998
nvbench2:test:434,434,qwen3:14b,direct,55,0.0,1.0,5,0,1.0,0.0,0.0,3.1379580000648275,5,5,multi_gold,arc,0.0,0.0,0.0,0.0,0.0,0.0,0.0,0.0,0.0,0.0,0.0,0.0,0.0,0.0,0.0,0.0,0.0,0.0,0.0,0.0,0.0,0.0,0.0,0.0,0.0,0.0,1.0,1.0,0.5,1.0,1.0,0.9,1.0,1.0,0.5,1.0,1.0,0.9,0.41168033681309446
nvbench2:test:435,435,qwen3:14b,direct,55,0.0,1.0,5,5,1.0,1.0,1.0,3.2221717999782413,4,4,multi_gold,rect,0.0,0.0,0.0,0.0,0.0,0.0,0.0,0.0,0.0,0.0,0.0,0.0,0.0,0.0,0.0,0.0,0.0,0.0,0.0,0.0,0.0,0.0,0.0,0.0,0.0,0.0,1.0,1.0,0.0,0.0,1.0,0.6,1.0,1.0,0.0,0.0,1.0,0.6,0.41691041136514845
nvbench2:test:443,443,qwen3:14b,direct,55,0.0,1.0,5,0,1.0,0.0,0.0,3.2585784000111744,2,2,multi_gold,arc,0.0,0.0,0.0,0.0,0.0,0.0,0.0,0.0,0.0,0.0,0.0,0.0,0.0,0.0,0.0,0.0,0.0,0.0,0.0,0.0,0.0,0.0,0.0,0.0,0.0,0.0,1.0,1.0,0.5,1.0,0.0,0.7,1.0,1.0,0.5,1.0,0.0,0.7,0.4138851548728694
nvbench2:test:446,446,qwen3:14b,direct,55,0.0,1.0,1,0,1.0,0.0,0.0,2.0652564000338316,2,2,multi_gold,arc,0.0,0.0,0.0,0.0,0.0,0.0,0.0,0.0,0.0,0.0,0.0,0.0,0.0,0.0,0.0,0.0,0.0,0.0,0.0,0.0,0.0,0.0,0.0,0.0,0.0,0.0,1.0,1.0,0.5,0.6666666666666666,1.0,0.8333333333333334,1.0,1.0,0.5,0.6666666666666666,1.0,0.8333333333333334,0.47935690336673037
nvbench2:test:454,454,qwen3:14b,direct,55,0.0,1.0,1,0,1.0,0.0,0.0,0.9149285000748932,2,2,multi_gold,arc,0.0,0.0,0.0,0.0,0.0,0.0,0.0,0.0,0.0,0.0,0.0,0.0,0.0,0.0,0.0,0.0,0.0,0.0,0.0,0.0,0.0,0.0,0.0,0.0,0.0,0.0,1.0,1.0,0.5,0.0,1.0,0.7,1.0,1.0,0.5,0.0,1.0,0.7,0.38291336052022606
nvbench2:test:461,461,qwen3:14b,direct,55,0.0,1.0,5,5,1.0,1.0,1.0,5.204612999921665,3,3,multi_gold,rect,0.0,0.0,0.0,0.0,0.0,0.0,0.0,0.0,0.0,0.0,0.0,0.0,0.0,0.0,0.0,0.0,0.0,0.0,0.0,0.0,0.0,0.0,0.0,0.0,0.0,0.0,1.0,1.0,1.0,1.0,1.0,1.0,1.0,1.0,1.0,1.0,1.0,1.0,0.9621393083040832
nvbench2:test:466,466,qwen3:14b,direct,55,0.0,1.0,5,3,1.0,1.0,0.0,4.154008000041358,2,2,multi_gold,rect,0.0,0.0,0.0,0.0,0.0,0.0,0.0,0.0,0.0,0.0,0.0,0.0,0.0,0.0,0.0,0.0,0.0,0.0,0.0,0.0,0.0,0.0,0.0,0.0,0.0,0.0,1.0,1.0,1.0,1.0,1.0,1.0,1.0,1.0,1.0,1.0,1.0,1.0,1.0850196218218462
nvbench2:test:471,471,qwen3:14b,direct,55,0.0,1.0,5,0,1.0,0.0,0.0,4.108569799922407,5,5,multi_gold,line,0.0,0.0,0.0,0.0,0.0,0.0,0.0,0.0,0.0,0.0,0.0,0.0,0.0,0.0,0.0,0.0,0.0,0.0,0.0,0.0,0.0,0.0,0.0,0.0,0.0,0.0,1.0,1.0,0.5,0.6666666666666666,1.0,0.8333333333333334,1.0,1.0,0.5,0.6666666666666666,1.0,0.8333333333333334,0.6676883023207033
nvbench2:test:479,479,qwen3:14b,direct,55,0.0,1.0,5,1,1.0,1.0,0.0,4.194735100027174,2,2,multi_gold,bar+line,0.0,0.0,0.0,0.0,0.0,0.0,0.0,0.0,0.0,0.0,0.0,0.0,0.0,0.0,0.0,0.0,0.0,0.0,0.0,0.0,0.0,0.0,0.0,0.0,0.0,0.0,1.0,0.8,0.0,0.0,1.0,0.5599999999999999,1.0,0.8,0.0,0.0,1.0,0.5599999999999999,0.8574025922720229
nvbench2:test:483,483,qwen3:14b,direct,55,0.0,1.0,1,0,1.0,0.0,0.0,0.8029758000047877,2,2,multi_gold,arc,0.0,0.0,0.0,0.0,0.0,0.0,0.0,0.0,0.0,0.0,0.0,0.0,0.0,0.0,0.0,0.0,0.0,0.0,0.0,0.0,0.0,0.0,0.0,0.0,0.0,0.0,1.0,1.0,0.5,1.0,1.0,0.9,1.0,1.0,0.5,1.0,1.0,0.9,0.5310259262712439
nvbench2:test:486,486,qwen3:14b,direct,55,0.0,1.0,3,3,1.0,1.0,1.0,3.061760100070387,2,2,multi_gold,rect,0.0,0.0,0.0,0.0,0.0,0.0,0.0,0.0,0.0,0.0,0.0,0.0,0.0,0.0,0.0,0.0,0.0,0.0,0.0,0.0,0.0,0.0,0.0,0.0,0.0,0.0,1.0,1.0,1.0,0.6666666666666666,1.0,0.9333333333333333,1.0,1.0,1.0,0.6666666666666666,1.0,0.9333333333333333,1.1621296958787124
nvbench2:test:489,489,qwen3:14b,direct,55,0.0,1.0,5,1,1.0,1.0,0.0,2.8894213000312448,2,2,multi_gold,arc,0.0,0.0,0.0,0.0,0.0,0.0,0.0,0.0,0.0,0.0,0.0,0.0,0.0,0.0,0.0,0.0,0.0,0.0,0.0,0.0,0.0,0.0,0.0,0.0,0.0,0.0,1.0,1.0,0.5,0.0,1.0,0.7,1.0,1.0,0.5,0.0,1.0,0.7,0.577857676734331
nvbench2:test:492,492,qwen3:14b,direct,55,0.0,1.0,1,1,1.0,1.0,1.0,1.2133736000396311,2,2,multi_gold,rect,0.0,0.0,0.0,0.0,0.0,0.0,0.0,0.0,0.0,0.0,0.0,0.0,0.0,0.0,0.0,0.0,0.0,0.0,0.0,0.0,0.0,0.0,0.0,0.0,0.0,0.0,1.0,1.0,1.0,1.0,1.0,1.0,1.0,1.0,1.0,1.0,1.0,1.0,0.6131471927654584
nvbench2:test:505,505,qwen3:14b,direct,55,0.0,1.0,5,0,1.0,0.0,0.0,3.5460059999022633,2,2,multi_gold,bar,0.0,0.0,0.0,0.0,0.0,0.0,0.0,0.0,0.0,0.0,0.0,0.0,0.0,0.0,0.0,0.0,0.0,0.0,0.0,0.0,0.0,0.0,0.0,0.0,0.0,0.0,1.0,0.8,0.4,1.0,0.0,0.64,1.0,0.8,0.4,1.0,0.0,0.64,1.009369470102159
nvbench2:test:508,508,qwen3:14b,direct,55,0.0,1.0,2,0,1.0,0.0,0.0,1.408232600078918,2,2,multi_gold,arc,0.0,0.0,0.0,0.0,0.0,0.0,0.0,0.0,0.0,0.0,0.0,0.0,0.0,0.0,0.0,0.0,0.0,0.0,0.0,0.0,0.0,0.0,0.0,0.0,0.0,0.0,1.0,1.0,0.5,1.0,1.0,0.9,1.0,1.0,0.5,1.0,1.0,0.9,0.8660659830736148
nvbench2:test:519,519,qwen3:14b,direct,55,0.0,1.0,1,1,1.0,1.0,1.0,0.848666499950923,3,3,multi_gold,boxplot,0.0,0.0,0.0,0.0,0.0,0.0,0.0,0.0,0.0,0.0,0.0,0.0,0.0,0.0,0.0,0.0,0.0,0.0,0.0,0.0,0.0,0.0,0.0,0.0,0.0,0.0,1.0,1.0,0.0,0.0,1.0,0.6,1.0,1.0,0.0,0.0,1.0,0.6,0.2420148133208297
nvbench2:test:524,524,qwen3:14b,direct,55,0.0,1.0,5,0,1.0,0.0,0.0,3.3577325000660494,5,5,multi_gold,bar+line+rect,0.0,0.0,0.0,0.0,0.0,0.0,0.0,0.0,0.0,0.0,0.0,0.0,0.0,0.0,0.0,0.0,0.0,0.0,0.0,0.0,0.0,0.0,0.0,0.0,0.0,0.0,1.0,0.8,0.4,0.6666666666666666,1.0,0.7733333333333333,1.0,0.8,0.4,0.6666666666666666,1.0,0.7733333333333333,0.709214348529799
nvbench2:test:526,526,qwen3:14b,direct,55,0.0,1.0,5,0,1.0,0.0,0.0,2.9750191000057384,2,2,multi_gold,arc,0.0,0.0,0.0,0.0,0.0,0.0,0.0,0.0,0.0,0.0,0.0,0.0,0.0,0.0,0.0,0.0,0.0,0.0,0.0,0.0,0.0,0.0,0.0,0.0,0.0,0.0,1.0,1.0,0.5,1.0,0.0,0.7,1.0,1.0,0.5,1.0,0.0,0.7,0.6245047927124708
nvbench2:test:531,531,qwen3:14b,direct,55,0.0,1.0,5,0,1.0,0.0,0.0,7.591929499991238,3,3,multi_gold,line,0.0,0.0,0.0,0.0,0.0,0.0,0.0,0.0,0.0,0.0,0.0,0.0,0.0,0.0,0.0,0.0,0.0,0.0,0.0,0.0,0.0,0.0,0.0,0.0,0.0,0.0,1.0,1.0,0.0,0.6666666666666666,0.0,0.5333333333333333,1.0,0.8,0.4,0.6666666666666666,0.0,0.5733333333333334,0.6164631305052327
nvbench2:test:532,532,qwen3:14b,direct,55,0.0,1.0,5,5,1.0,1.0,1.0,3.402174000046216,3,3,multi_gold,arc+bar+line,0.0,0.0,0.0,0.0,0.0,0.0,0.0,0.0,0.0,0.0,0.0,0.0,0.0,0.0,0.0,0.0,0.0,0.0,0.0,0.0,0.0,0.0,0.0,0.0,0.0,0.0,1.0,1.0,1.0,1.0,1.0,1.0,1.0,1.0,1.0,1.0,1.0,1.0,1.261183836664144
nvbench2:test:535,535,qwen3:14b,direct,55,0.0,1.0,5,5,1.0,1.0,1.0,4.204508899943903,3,3,multi_gold,line,0.0,0.0,0.0,0.0,0.0,0.0,0.0,0.0,0.0,0.0,0.0,0.0,0.0,0.0,0.0,0.0,0.0,0.0,0.0,0.0,0.0,0.0,0.0,0.0,0.0,0.0,1.0,1.0,1.0,0.6666666666666666,0.0,0.7333333333333333,1.0,1.0,1.0,0.6666666666666666,0.0,0.7333333333333333,0.7066465532062892
nvbench2:test:545,545,qwen3:14b,direct,55,0.0,1.0,1,1,1.0,1.0,1.0,1.4162006999831647,2,2,multi_gold,rect,0.0,0.0,0.0,0.0,0.0,0.0,0.0,0.0,0.0,0.0,0.0,0.0,0.0,0.0,0.0,0.0,0.0,0.0,0.0,0.0,0.0,0.0,0.0,0.0,0.0,0.0,1.0,1.0,0.3333333333333333,0.0,1.0,0.6666666666666667,1.0,1.0,0.3333333333333333,0.0,1.0,0.6666666666666667,0.3601633060417787
nvbench2:test:546,546,qwen3:14b,direct,55,0.0,1.0,1,0,1.0,0.0,0.0,0.8198976999847218,3,3,multi_gold,arc,0.0,0.0,0.0,0.0,0.0,0.0,0.0,0.0,0.0,0.0,0.0,0.0,0.0,0.0,0.0,0.0,0.0,0.0,0.0,0.0,0.0,0.0,0.0,0.0,0.0,0.0,1.0,1.0,0.5,1.0,1.0,0.9,1.0,1.0,0.5,1.0,1.0,0.9,0.40642634118843207
nvbench2:test:547,547,qwen3:14b,direct,55,0.0,1.0,1,1,1.0,1.0,1.0,1.2910050000064075,4,3,multi_gold,rect,0.0,0.0,0.0,0.0,0.0,0.0,0.0,0.0,0.0,0.0,0.0,0.0,0.0,0.0,0.0,0.0,0.0,0.0,0.0,0.0,0.0,0.0,0.0,0.0,0.0,0.0,1.0,1.0,1.0,1.0,1.0,1.0,1.0,1.0,1.0,1.0,1.0,1.0,0.46927872602275644
nvbench2:test:551,551,qwen3:14b,direct,55,0.0,1.0,5,5,1.0,1.0,1.0,5.351837299996987,3,3,multi_gold,line,0.0,0.0,0.0,0.0,0.0,0.0,0.0,0.0,0.0,0.0,0.0,0.0,0.0,0.0,0.0,0.0,0.0,0.0,0.0,0.0,0.0,0.0,0.0,0.0,0.0,0.0,1.0,1.0,0.6666666666666666,0.6666666666666666,0.0,0.6666666666666666,1.0,1.0,1.0,0.6666666666666666,0.0,0.7333333333333333,0.7240141629302272
nvbench2:test:552,552,qwen3:14b,direct,55,0.0,1.0,1,0,1.0,0.0,0.0,0.8013585000298917,2,2,multi_gold,arc,0.0,0.0,0.0,0.0,0.0,0.0,0.0,0.0,0.0,0.0,0.0,0.0,0.0,0.0,0.0,0.0,0.0,0.0,0.0,0.0,0.0,0.0,0.0,0.0,0.0,0.0,1.0,1.0,0.5,1.0,1.0,0.9,1.0,1.0,0.5,1.0,1.0,0.9,0.5310259262712439
nvbench2:test:553,553,qwen3:14b,direct,55,0.0,1.0,1,0,1.0,0.0,0.0,0.9617765999864787,3,3,multi_gold,bar,0.0,0.0,0.0,0.0,0.0,0.0,0.0,0.0,0.0,0.0,0.0,0.0,0.0,0.0,0.0,0.0,0.0,0.0,0.0,0.0,0.0,0.0,0.0,0.0,0.0,0.0,1.0,1.0,0.5,1.0,1.0,0.9,1.0,1.0,0.5,1.0,1.0,0.9,0.40642634118843207
nvbench2:test:554,554,qwen3:14b,direct,55,0.0,1.0,1,0,1.0,0.0,0.0,1.4147941999835894,2,2,multi_gold,arc,0.0,0.0,0.0,0.0,0.0,0.0,0.0,0.0,0.0,0.0,0.0,0.0,0.0,0.0,0.0,0.0,0.0,0.0,0.0,0.0,0.0,0.0,0.0,0.0,0.0,0.0,1.0,0.8,0.4,0.0,1.0,0.64,1.0,0.8,0.4,0.0,1.0,0.64,0.34233795667676936
nvbench2:test:556,556,qwen3:14b,direct,55,0.0,1.0,1,1,1.0,1.0,1.0,1.3442016000626609,2,1,single_gold,rect,0.0,0.0,0.0,0.0,0.0,0.0,0.0,0.0,0.0,0.0,0.0,0.0,0.0,0.0,0.0,0.0,0.0,0.0,0.0,0.0,0.0,0.0,0.0,0.0,0.0,0.0,1.0,1.0,1.0,1.0,1.0,1.0,1.0,1.0,1.0,1.0,1.0,1.0,1.0
nvbench2:test:558,558,qwen3:14b,direct,55,0.0,1.0,5,5,1.0,1.0,1.0,6.629195199930109,2,2,multi_gold,arc,0.0,0.0,0.0,0.0,0.0,0.0,0.0,0.0,0.0,0.0,0.0,0.0,0.0,0.0,0.0,0.0,0.0,0.0,0.0,0.0,0.0,0.0,0.0,0.0,0.0,0.0,0.0,0.4,0.4,0.0,0.0,0.16,0.0,0.4,0.4,0.0,0.0,0.16,0.1347673638258187
nvbench2:test:561,561,qwen3:14b,direct,55,0.0,1.0,3,0,1.0,0.0,0.0,2.3191462999675423,5,5,multi_gold,line,0.0,0.0,0.0,0.0,0.0,0.0,0.0,0.0,0.0,0.0,0.0,0.0,0.0,0.0,0.0,0.0,0.0,0.0,0.0,0.0,0.0,0.0,0.0,0.0,0.0,0.0,1.0,1.0,0.5,0.6666666666666666,1.0,0.8333333333333334,1.0,1.0,0.5,0.6666666666666666,1.0,0.8333333333333334,0.47655517316364726
nvbench2:test:566,566,qwen3:14b,direct,55,0.0,1.0,5,5,1.0,1.0,1.0,3.7308218999532983,4,4,multi_gold,boxplot,0.0,0.0,0.0,0.0,0.0,0.0,0.0,0.0,0.0,0.0,0.0,0.0,0.0,0.0,0.0,0.0,0.0,0.0,0.0,0.0,0.0,0.0,0.0,0.0,0.0,0.0,1.0,1.0,0.5,1.0,1.0,0.9,1.0,1.0,1.0,1.0,1.0,1.0,0.9965045568999276
nvbench2:test:574,574,qwen3:14b,direct,55,0.0,1.0,5,0,1.0,0.0,0.0,3.6189802000299096,5,5,multi_gold,bar,0.0,0.0,0.0,0.0,0.0,0.0,0.0,0.0,0.0,0.0,0.0,0.0,0.0,0.0,0.0,0.0,0.0,0.0,0.0,0.0,0.0,0.0,0.0,0.0,0.0,0.0,1.0,0.8,0.4,1.0,1.0,0.8400000000000001,1.0,1.0,0.5,1.0,1.0,0.9,0.8000238061950751
nvbench2:test:577,577,qwen3:14b,direct,55,0.0,1.0,3,0,1.0,0.0,0.0,3.181163299945183,5,5,multi_gold,line,0.0,0.0,0.0,0.0,0.0,0.0,0.0,0.0,0.0,0.0,0.0,0.0,0.0,0.0,0.0,0.0,0.0,0.0,0.0,0.0,0.0,0.0,0.0,0.0,0.0,0.0,1.0,1.0,0.3333333333333333,0.6666666666666666,1.0,0.8,1.0,1.0,0.3333333333333333,0.6666666666666666,1.0,0.8,0.44916354023314625
nvbench2:test:578,578,qwen3:14b,direct,55,0.0,1.0,5,0,1.0,0.0,0.0,3.4705685999942943,3,3,multi_gold,arc,0.0,0.0,0.0,0.0,0.0,0.0,0.0,0.0,0.0,0.0,0.0,0.0,0.0,0.0,0.0,0.0,0.0,0.0,0.0,0.0,0.0,0.0,0.0,0.0,0.0,0.0,1.0,1.0,0.5,1.0,1.0,0.9,1.0,1.0,0.5,1.0,1.0,0.9,0.5696211435902709
nvbench2:test:583,583,qwen3:14b,direct,55,0.0,1.0,5,5,1.0,1.0,1.0,5.302096200059168,4,4,multi_gold,rect,0.0,0.0,0.0,0.0,0.0,0.0,0.0,0.0,0.0,0.0,0.0,0.0,0.0,0.0,0.0,0.0,0.0,0.0,0.0,0.0,0.0,0.0,0.0,0.0,0.0,0.0,1.0,1.0,0.3333333333333333,0.0,1.0,0.6666666666666667,1.0,1.0,0.6666666666666666,0.0,1.0,0.7333333333333333,0.7205928215177103
nvbench2:test:589,589,qwen3:14b,direct,55,0.0,1.0,5,0,1.0,0.0,0.0,2.9001887999475002,2,2,multi_gold,arc,0.0,0.0,0.0,0.0,0.0,0.0,0.0,0.0,0.0,0.0,0.0,0.0,0.0,0.0,0.0,0.0,0.0,0.0,0.0,0.0,0.0,0.0,0.0,0.0,0.0,0.0,1.0,1.0,0.5,1.0,1.0,0.9,1.0,1.0,0.5,1.0,1.0,0.9,1.5657082346758249
nvbench2:test:609,609,qwen3:14b,direct,55,0.0,1.0,5,4,1.0,1.0,0.0,4.167191500077024,2,2,multi_gold,point,0.0,0.0,0.0,0.0,0.0,0.0,0.0,0.0,0.0,0.0,0.0,0.0,0.0,0.0,0.0,0.0,0.0,0.0,0.0,0.0,0.0,0.0,0.0,0.0,0.0,0.0,0.0,1.0,1.0,0.0,1.0,0.6,0.0,1.0,1.0,1.0,1.0,0.8,0.985793446676057
nvbench2:test:610,610,qwen3:14b,direct,55,0.0,1.0,5,4,1.0,1.0,0.0,5.499514700029977,2,2,multi_gold,bar,0.0,0.0,0.0,0.0,0.0,0.0,0.0,0.0,0.0,0.0,0.0,0.0,0.0,0.0,0.0,0.0,0.0,0.0,0.0,0.0,0.0,0.0,0.0,0.0,0.0,0.0,1.0,1.0,0.0,1.0,1.0,0.8,1.0,1.0,0.0,1.0,1.0,0.8,1.221132163098116
nvbench2:test:611,611,qwen3:14b,direct,55,0.0,1.0,5,5,1.0,1.0,1.0,3.2454360000556335,2,2,multi_gold,bar+line,0.0,0.0,0.0,0.0,0.0,0.0,0.0,0.0,0.0,0.0,0.0,0.0,0.0,0.0,0.0,0.0,0.0,0.0,0.0,0.0,0.0,0.0,0.0,0.0,0.0,0.0,1.0,1.0,0.0,0.0,1.0,0.6,1.0,1.0,0.5,0.0,1.0,0.7,0.9581370629624887
nvbench2:test:622,622,qwen3:14b,direct,55,0.0,1.0,5,4,1.0,1.0,0.0,5.759399899980053,4,4,multi_gold,line,0.0,0.0,0.0,0.0,0.0,0.0,0.0,0.0,0.0,0.0,0.0,0.0,0.0,0.0,0.0,0.0,0.0,0.0,0.0,0.0,0.0,0.0,0.0,0.0,0.0,0.0,1.0,1.0,1.0,0.0,0.0,0.6,1.0,1.0,1.0,0.0,0.0,0.6,0.4443558183142701
nvbench2:test:623,623,qwen3:14b,direct,55,0.0,1.0,1,0,1.0,0.0,0.0,4.920979099930264,2,2,multi_gold,arc,0.0,0.0,0.0,0.0,0.0,0.0,0.0,0.0,0.0,0.0,0.0,0.0,0.0,0.0,0.0,0.0,0.0,0.0,0.0,0.0,0.0,0.0,0.0,0.0,0.0,0.0,1.0,1.0,1.0,0.6666666666666666,1.0,0.9333333333333333,1.0,1.0,1.0,0.6666666666666666,1.0,0.9333333333333333,0.5577697051812209
nvbench2:test:634,634,qwen3:14b,direct,55,0.0,1.0,5,2,1.0,1.0,0.0,4.6251937000779435,2,2,multi_gold,boxplot,0.0,0.0,0.0,0.0,0.0,0.0,0.0,0.0,0.0,0.0,0.0,0.0,0.0,0.0,0.0,0.0,0.0,0.0,0.0,0.0,0.0,0.0,0.0,0.0,0.0,0.0,1.0,1.0,1.0,0.0,0.0,0.6,1.0,1.0,1.0,1.0,0.0,0.8,0.985793446676057
nvbench2:test:636,636,qwen3:14b,direct,55,0.0,1.0,5,0,1.0,0.0,0.0,3.7043295999756083,2,2,multi_gold,arc,0.0,0.0,0.0,0.0,0.0,0.0,0.0,0.0,0.0,0.0,0.0,0.0,0.0,0.0,0.0,0.0,0.0,0.0,0.0,0.0,0.0,0.0,0.0,0.0,0.0,0.0,1.0,1.0,0.5,0.6666666666666666,1.0,0.8333333333333334,1.0,1.0,1.0,0.6666666666666666,1.0,0.9333333333333333,1.4436984454344852
nvbench2:test:637,637,qwen3:14b,direct,55,0.0,1.0,5,0,1.0,0.0,0.0,6.010323000024073,2,2,multi_gold,line,0.0,0.0,0.0,0.0,0.0,0.0,0.0,0.0,0.0,0.0,0.0,0.0,0.0,0.0,0.0,0.0,0.0,0.0,0.0,0.0,0.0,0.0,0.0,0.0,0.0,0.0,1.0,1.0,0.6666666666666666,0.8,0.0,0.6933333333333334,1.0,1.0,0.6666666666666666,0.8,0.0,0.6933333333333334,1.0800846796798167
nvbench2:test:642,642,qwen3:14b,direct,55,0.0,1.0,1,1,1.0,1.0,1.0,1.400283999973908,2,2,multi_gold,boxplot,0.0,0.0,0.0,0.0,0.0,0.0,0.0,0.0,0.0,0.0,0.0,0.0,0.0,0.0,0.0,0.0,0.0,0.0,0.0,0.0,0.0,0.0,0.0,0.0,0.0,0.0,1.0,1.0,0.0,0.0,0.0,0.4,1.0,1.0,0.0,0.0,0.0,0.4,0.19590537855675663
nvbench2:test:647,647,qwen3:14b,direct,55,0.0,1.0,1,0,1.0,0.0,0.0,10.956523500033654,4,4,multi_gold,bar+line+point,0.0,0.0,0.0,0.0,0.0,0.0,0.0,0.0,0.0,0.0,0.0,0.0,0.0,0.0,0.0,0.0,0.0,0.0,0.0,0.0,0.0,0.0,0.0,0.0,0.0,0.0,1.0,0.8571428571428571,0.28571428571428575,0.6666666666666666,0.0,0.5619047619047619,1.0,0.8571428571428571,0.28571428571428575,0.6666666666666666,0.0,0.5619047619047619,0.18590559731608028
nvbench2:test:649,649,qwen3:14b,direct,55,0.0,1.0,1,0,1.0,0.0,0.0,1.854055600007996,4,4,multi_gold,rect,0.0,0.0,0.0,0.0,0.0,0.0,0.0,0.0,0.0,0.0,0.0,0.0,0.0,0.0,0.0,0.0,0.0,0.0,0.0,0.0,0.0,0.0,0.0,0.0,0.0,0.0,1.0,1.0,0.3333333333333333,0.5,0.0,0.5666666666666667,1.0,1.0,0.3333333333333333,0.5,0.0,0.5666666666666667,0.18781088651270667
nvbench2:test:651,651,qwen3:14b,direct,55,0.0,1.0,5,0,1.0,0.0,0.0,7.732882400043309,3,3,multi_gold,point,0.0,0.0,0.0,0.0,0.0,0.0,0.0,0.0,0.0,0.0,0.0,0.0,0.0,0.0,0.0,0.0,0.0,0.0,0.0,0.0,0.0,0.0,0.0,0.0,0.0,0.0,0.0,0.6666666666666666,0.0,0.0,0.0,0.13333333333333333,0.0,0.6666666666666666,0.0,0.0,0.0,0.13333333333333333,0.13397179979183127
nvbench2:test:658,658,qwen3:14b,direct,55,0.0,1.0,5,5,1.0,1.0,1.0,7.942141399951652,3,3,multi_gold,bar,0.0,0.0,0.0,0.0,0.0,0.0,0.0,0.0,0.0,0.0,0.0,0.0,0.0,0.0,0.0,0.0,0.0,0.0,0.0,0.0,0.0,0.0,0.0,0.0,0.0,0.0,1.0,1.0,1.0,0.5,0.0,0.7,1.0,1.0,1.0,0.5,0.0,0.7,0.7970172770282589
nvbench2:test:663,663,qwen3:14b,direct,55,0.0,1.0,5,5,1.0,1.0,1.0,3.6979224999668077,2,2,multi_gold,point,0.0,0.0,0.0,0.0,0.0,0.0,0.0,0.0,0.0,0.0,0.0,0.0,0.0,0.0,0.0,0.0,0.0,0.0,0.0,0.0,0.0,0.0,0.0,0.0,0.0,0.0,0.0,0.8,0.0,0.0,1.0,0.36,0.0,0.8,0.4,0.0,1.0,0.44000000000000006,0.5406977946160987
nvbench2:test:665,665,qwen3:14b,direct,55,0.0,1.0,5,5,1.0,1.0,1.0,4.253332699998282,5,5,multi_gold,point,0.0,0.0,0.0,0.0,0.0,0.0,0.0,0.0,0.0,0.0,0.0,0.0,0.0,0.0,0.0,0.0,0.0,0.0,0.0,0.0,0.0,0.0,0.0,0.0,0.0,0.0,1.0,0.6666666666666666,0.0,0.0,1.0,0.5333333333333333,1.0,0.6666666666666666,0.3333333333333333,0.0,1.0,0.6,0.4778551680538307
nvbench2:test:666,666,qwen3:14b,direct,55,0.0,1.0,5,0,1.0,0.0,0.0,3.36241699999664,2,2,multi_gold,arc,0.0,0.0,0.0,0.0,0.0,0.0,0.0,0.0,0.0,0.0,0.0,0.0,0.0,0.0,0.0,0.0,0.0,0.0,0.0,0.0,0.0,0.0,0.0,0.0,0.0,0.0,1.0,1.0,0.5,0.0,1.0,0.7,1.0,1.0,0.5,0.0,1.0,0.7,0.9990359400328629
nvbench2:test:676,676,qwen3:14b,direct,55,0.0,1.0,5,0,1.0,0.0,0.0,3.6686716000549495,2,2,multi_gold,line,0.0,0.0,0.0,0.0,0.0,0.0,0.0,0.0,0.0,0.0,0.0,0.0,0.0,0.0,0.0,0.0,0.0,0.0,0.0,0.0,0.0,0.0,0.0,0.0,0.0,0.0,1.0,1.0,0.5,0.0,1.0,0.7,1.0,1.0,1.0,0.0,1.0,0.8,1.1647497469691774
nvbench2:test:677,677,qwen3:14b,direct,55,0.0,1.0,1,0,1.0,0.0,0.0,0.9056234000017866,2,2,multi_gold,arc,0.0,0.0,0.0,0.0,0.0,0.0,0.0,0.0,0.0,0.0,0.0,0.0,0.0,0.0,0.0,0.0,0.0,0.0,0.0,0.0,0.0,0.0,0.0,0.0,0.0,0.0,1.0,1.0,0.5,0.0,1.0,0.7,1.0,1.0,0.5,0.0,1.0,0.7,0.38291336052022606
nvbench2:test:685,685,qwen3:14b,direct,55,0.0,1.0,1,0,1.0,0.0,0.0,0.9053806000156328,3,3,multi_gold,point,0.0,0.0,0.0,0.0,0.0,0.0,0.0,0.0,0.0,0.0,0.0,0.0,0.0,0.0,0.0,0.0,0.0,0.0,0.0,0.0,0.0,0.0,0.0,0.0,0.0,0.0,0.0,0.6666666666666666,0.0,0.0,1.0,0.3333333333333333,0.0,0.6666666666666666,0.0,0.0,1.0,0.3333333333333333,0.1219754191611634
nvbench2:test:687,687,qwen3:14b,direct,55,0.0,1.0,1,1,1.0,1.0,1.0,0.8446902999421582,2,2,multi_gold,boxplot,0.0,0.0,0.0,0.0,0.0,0.0,0.0,0.0,0.0,0.0,0.0,0.0,0.0,0.0,0.0,0.0,0.0,0.0,0.0,0.0,0.0,0.0,0.0,0.0,0.0,0.0,1.0,1.0,0.0,0.0,1.0,0.6,1.0,1.0,0.0,0.0,1.0,0.6,0.3162101650184913
nvbench2:test:688,688,qwen3:14b,direct,55,0.0,1.0,5,5,1.0,1.0,1.0,4.890220599947497,2,2,multi_gold,boxplot,0.0,0.0,0.0,0.0,0.0,0.0,0.0,0.0,0.0,0.0,0.0,0.0,0.0,0.0,0.0,0.0,0.0,0.0,0.0,0.0,0.0,0.0,0.0,0.0,0.0,0.0,0.0,1.0,0.0,0.0,1.0,0.4,0.0,0.8,0.4,0.0,1.0,0.44000000000000006,0.5762707637150869
nvbench2:test:695,695,qwen3:14b,direct,55,0.0,1.0,5,5,1.0,1.0,1.0,4.074336199904792,2,2,multi_gold,point,0.0,0.0,0.0,0.0,0.0,0.0,0.0,0.0,0.0,0.0,0.0,0.0,0.0,0.0,0.0,0.0,0.0,0.0,0.0,0.0,0.0,0.0,0.0,0.0,0.0,0.0,1.0,0.8571428571428571,0.0,0.0,0.0,0.37142857142857144,1.0,0.8571428571428571,0.0,0.0,0.0,0.37142857142857144,0.5308416149861194
nvbench2:test:703,703,qwen3:14b,direct,55,0.0,1.0,4,0,1.0,0.0,0.0,6.186219899915159,4,4,multi_gold,arc,0.0,0.0,0.0,0.0,0.0,0.0,0.0,0.0,0.0,0.0,0.0,0.0,0.0,0.0,0.0,0.0,0.0,0.0,0.0,0.0,0.0,0.0,0.0,0.0,0.0,0.0,1.0,0.8,0.4,0.0,0.0,0.44000000000000006,1.0,0.8,0.4,0.0,0.0,0.44000000000000006,0.35660432744767195
nvbench2:test:705,705,qwen3:14b,direct,55,0.0,1.0,5,0,1.0,0.0,0.0,2.9334040000103414,2,2,multi_gold,arc,0.0,0.0,0.0,0.0,0.0,0.0,0.0,0.0,0.0,0.0,0.0,0.0,0.0,0.0,0.0,0.0,0.0,0.0,0.0,0.0,0.0,0.0,0.0,0.0,0.0,0.0,1.0,1.0,0.5,0.0,1.0,0.7,1.0,1.0,0.5,0.0,1.0,0.7,1.0744725684840684
nvbench2:test:707,707,qwen3:14b,direct,55,0.0,1.0,5,4,1.0,1.0,0.0,2.919876200030558,4,4,multi_gold,arc,0.25,0.0,0.0,0.0,0.0,0.0,0.0,0.0,0.0,1.0,0.5,0.4,0.4444444444444445,0.3333333333333333,0.0,0.0,0.0,0.0,1.0,0.25,0.3333333333333333,0.28571428571428575,1.0,0.5,0.5,0.5,1.0,1.0,0.5,1.0,1.0,0.9,1.0,1.0,1.0,1.0,1.0,1.0,0.9924532628054799
nvbench2:test:711,711,qwen3:14b,direct,55,0.0,1.0,5,5,1.0,1.0,1.0,3.5898275000508875,2,2,multi_gold,boxplot,0.0,0.0,0.0,0.0,0.0,0.0,0.0,0.0,0.0,0.0,0.0,0.0,0.0,0.0,0.0,0.0,0.0,0.0,0.0,0.0,0.0,0.0,0.0,0.0,0.0,0.0,1.0,1.0,0.0,1.0,1.0,0.8,1.0,1.0,0.0,1.0,1.0,0.8,1.339791839549003
nvbench2:test:727,727,qwen3:14b,direct,55,0.0,1.0,5,5,1.0,1.0,1.0,3.6934644000139087,2,2,multi_gold,bar,0.0,0.0,0.0,0.0,0.0,0.0,0.0,0.0,0.0,0.0,0.0,0.0,0.0,0.0,0.0,0.0,0.0,0.0,0.0,0.0,0.0,0.0,0.0,0.0,0.0,0.0,1.0,0.8,0.8,1.0,1.0,0.9199999999999999,1.0,0.8,0.8,1.0,1.0,0.9199999999999999,1.398119291290294
nvbench2:test:730,730,qwen3:14b,direct,55,0.0,1.0,5,0,1.0,0.0,0.0,3.094439800013788,3,3,multi_gold,arc,0.0,0.0,0.0,0.0,0.0,0.0,0.0,0.0,0.0,0.0,0.0,0.0,0.0,0.0,0.0,0.0,0.0,0.0,0.0,0.0,0.0,0.0,0.0,0.0,0.0,0.0,0.0,0.0,0.0,0.0,1.0,0.2,0.0,0.0,0.0,0.0,1.0,0.2,0.20574635086799964
nvbench2:test:731,731,qwen3:14b,direct,55,0.0,1.0,5,0,1.0,0.0,0.0,6.719545099884272,2,2,multi_gold,bar,0.0,0.0,0.0,0.0,0.0,0.0,0.0,0.0,0.0,0.0,0.0,0.0,0.0,0.0,0.0,0.0,0.0,0.0,0.0,0.0,0.0,0.0,0.0,0.0,0.0,0.0,1.0,0.6666666666666666,0.6666666666666666,0.6666666666666666,0.0,0.6,1.0,0.6666666666666666,0.6666666666666666,0.6666666666666666,0.0,0.6,0.8770382931121354
nvbench2:test:732,732,qwen3:14b,direct,55,0.0,1.0,1,0,1.0,0.0,0.0,0.9545194000238553,2,2,multi_gold,boxplot,0.0,0.0,0.0,0.0,0.0,0.0,0.0,0.0,0.0,0.0,0.0,0.0,0.0,0.0,0.0,0.0,0.0,0.0,0.0,0.0,0.0,0.0,0.0,0.0,0.0,0.0,1.0,1.0,1.0,0.0,1.0,0.8,1.0,1.0,1.0,0.0,1.0,0.8,0.4544040753253556
nvbench2:test:736,736,qwen3:14b,direct,55,0.0,1.0,1,0,1.0,0.0,0.0,1.190040500019677,3,3,multi_gold,bar,0.0,0.0,0.0,0.0,0.0,0.0,0.0,0.0,0.0,0.0,0.0,0.0,0.0,0.0,0.0,0.0,0.0,0.0,0.0,0.0,0.0,0.0,0.0,0.0,0.0,0.0,1.0,0.8,0.0,0.5,1.0,0.6599999999999999,1.0,0.8,0.0,0.5,1.0,0.6599999999999999,0.2722204346504292
nvbench2:test:737,737,qwen3:14b,direct,55,0.0,1.0,1,0,1.0,0.0,0.0,8.250507400021888,5,5,multi_gold,arc,0.0,0.0,0.0,0.0,0.0,0.0,0.0,0.0,0.0,0.0,0.0,0.0,0.0,0.0,0.0,0.0,0.0,0.0,0.0,0.0,0.0,0.0,0.0,0.0,0.0,0.0,1.0,1.0,0.5,1.0,0.0,0.7,1.0,1.0,0.5,1.0,0.0,0.7,0.21180717369071872
nvbench2:test:741,741,qwen3:14b,direct,55,0.0,1.0,5,0,1.0,0.0,0.0,3.768333400017582,2,2,multi_gold,boxplot,0.0,0.0,0.0,0.0,0.0,0.0,0.0,0.0,0.0,0.0,0.0,0.0,0.0,0.0,0.0,0.0,0.0,0.0,0.0,0.0,0.0,0.0,0.0,0.0,0.0,0.0,1.0,1.0,1.0,0.0,1.0,0.8,1.0,1.0,1.0,0.0,1.0,0.8,1.1860664573849724
nvbench2:test:745,745,qwen3:14b,direct,55,0.0,1.0,5,1,1.0,1.0,0.0,3.6694359000539407,3,3,multi_gold,boxplot,0.0,0.0,0.0,0.0,0.0,0.0,0.0,0.0,0.0,0.0,0.0,0.0,0.0,0.0,0.0,0.0,0.0,0.0,0.0,0.0,0.0,0.0,0.0,0.0,0.0,0.0,1.0,1.0,0.0,0.0,0.0,0.4,1.0,1.0,0.5,0.0,0.0,0.5,0.4701274759617682
nvbench2:test:7,7,qwen3:14b,staged,55,0.0,1.0,1,1,1.0,1.0,1.0,26.809808199992403,5,5,multi_gold,bar,0.0,0.0,0.0,0.0,0.0,0.0,0.0,0.0,0.0,0.0,0.0,0.0,0.0,0.0,0.0,0.0,0.0,0.0,0.0,0.0,0.0,0.0,0.0,0.0,0.0,0.0,1.0,1.0,1.0,0.0,1.0,0.8,1.0,1.0,1.0,0.0,1.0,0.8,0.2513520102235351
nvbench2:test:11,11,qwen3:14b,staged,55,0.0,1.0,1,1,1.0,1.0,1.0,12.459025099989958,5,5,multi_gold,point,0.0,0.0,0.0,0.0,0.0,0.0,0.0,0.0,0.0,0.0,0.0,0.0,0.0,0.0,0.0,0.0,0.0,0.0,0.0,0.0,0.0,0.0,0.0,0.0,0.0,0.0,1.0,0.8,0.0,0.0,1.0,0.5599999999999999,1.0,0.8,0.0,0.0,1.0,0.5599999999999999,0.1608532450914071
nvbench2:test:18,18,qwen3:14b,staged,55,0.0,1.0,2,0,1.0,0.0,0.0,17.274215499986894,4,4,multi_gold,rect,0.0,0.0,0.0,0.0,0.0,0.0,0.0,0.0,0.0,0.0,0.0,0.0,0.0,0.0,0.0,0.0,0.0,0.0,0.0,0.0,0.0,0.0,0.0,0.0,0.0,0.0,1.0,0.8571428571428571,0.28571428571428575,0.0,0.0,0.42857142857142855,1.0,1.0,0.3333333333333333,0.0,0.0,0.4666666666666667,0.22909858911901174
nvbench2:test:20,20,qwen3:14b,staged,55,0.0,1.0,2,2,1.0,1.0,1.0,14.351167400018312,2,2,multi_gold,arc,0.0,0.0,0.0,0.0,0.0,0.0,0.0,0.0,0.0,0.0,0.0,0.0,0.0,0.0,0.0,0.0,0.0,0.0,0.0,0.0,0.0,0.0,0.0,0.0,0.0,0.0,1.0,1.0,0.5,1.0,1.0,0.9,1.0,1.0,0.5,1.0,1.0,0.9,0.8660659830736148
nvbench2:test:25,25,qwen3:14b,staged,55,0.0,1.0,1,1,1.0,1.0,1.0,11.93219920003321,2,2,multi_gold,boxplot,0.0,0.0,0.0,0.0,0.0,0.0,0.0,0.0,0.0,0.0,0.0,0.0,0.0,0.0,0.0,0.0,0.0,0.0,0.0,0.0,0.0,0.0,0.0,0.0,0.0,0.0,1.0,1.0,0.5,0.0,1.0,0.7,1.0,1.0,0.5,0.0,1.0,0.7,0.38291336052022606
nvbench2:test:26,26,qwen3:14b,staged,55,0.0,1.0,1,1,1.0,1.0,1.0,15.413003999972716,4,4,multi_gold,boxplot,0.0,0.0,0.0,0.0,0.0,0.0,0.0,0.0,0.0,0.0,0.0,0.0,0.0,0.0,0.0,0.0,0.0,0.0,0.0,0.0,0.0,0.0,0.0,0.0,0.0,0.0,1.0,1.0,0.0,0.0,0.0,0.4,1.0,1.0,0.0,0.0,0.0,0.4,0.12472951418039441
nvbench2:test:31,31,qwen3:14b,staged,55,0.0,1.0,1,1,1.0,1.0,1.0,14.215341400005855,2,2,multi_gold,rect,0.0,0.0,0.0,0.0,0.0,0.0,0.0,0.0,0.0,0.0,0.0,0.0,0.0,0.0,0.0,0.0,0.0,0.0,0.0,0.0,0.0,0.0,0.0,0.0,0.0,0.0,1.0,1.0,0.6666666666666666,1.0,1.0,0.9333333333333333,1.0,1.0,0.6666666666666666,1.0,1.0,0.9333333333333333,0.5577697051812209
nvbench2:test:35,35,qwen3:14b,staged,55,0.0,1.0,1,1,1.0,1.0,1.0,13.058091999962926,4,4,multi_gold,bar+line,0.0,0.0,0.0,0.0,0.0,0.0,0.0,0.0,0.0,0.0,0.0,0.0,0.0,0.0,0.0,0.0,0.0,0.0,0.0,0.0,0.0,0.0,0.0,0.0,0.0,0.0,1.0,0.8,0.4,1.0,1.0,0.8400000000000001,1.0,0.8,0.4,1.0,1.0,0.8400000000000001,0.3084198138739908
nvbench2:test:37,37,qwen3:14b,staged,55,0.0,1.0,2,2,1.0,1.0,1.0,14.794151299982332,2,2,multi_gold,arc,0.0,0.0,0.0,0.0,0.0,0.0,0.0,0.0,0.0,0.0,0.0,0.0,0.0,0.0,0.0,0.0,0.0,0.0,0.0,0.0,0.0,0.0,0.0,0.0,0.0,0.0,1.0,1.0,1.0,0.0,0.0,0.6,1.0,1.0,1.0,1.0,0.0,0.8,0.6029072162853839
nvbench2:test:39,39,qwen3:14b,staged,55,0.0,1.0,2,2,1.0,1.0,1.0,16.1612270999467,2,2,multi_gold,bar,0.0,0.0,0.0,0.0,0.0,0.0,0.0,0.0,0.0,0.0,0.0,0.0,0.0,0.0,0.0,0.0,0.0,0.0,0.0,0.0,0.0,0.0,0.0,0.0,0.0,0.0,1.0,0.8,0.4,0.0,1.0,0.64,1.0,0.8,0.4,0.0,1.0,0.64,0.480291341821887
nvbench2:test:62,62,qwen3:14b,staged,55,0.0,1.0,1,0,1.0,0.0,0.0,12.58442150009796,3,3,multi_gold,arc,0.0,0.0,0.0,0.0,0.0,0.0,0.0,0.0,0.0,0.0,0.0,0.0,0.0,0.0,0.0,0.0,0.0,0.0,0.0,0.0,0.0,0.0,0.0,0.0,0.0,0.0,1.0,1.0,0.5,1.0,1.0,0.9,1.0,1.0,0.5,1.0,1.0,0.9,0.40642634118843207
nvbench2:test:70,70,qwen3:14b,staged,55,0.0,1.0,1,0,1.0,0.0,0.0,12.942706700065173,2,2,multi_gold,bar,0.0,0.0,0.0,0.0,0.0,0.0,0.0,0.0,0.0,0.0,0.0,0.0,0.0,0.0,0.0,0.0,0.0,0.0,0.0,0.0,0.0,0.0,0.0,0.0,0.0,0.0,1.0,0.8,0.4,1.0,1.0,0.8400000000000001,1.0,0.8,0.4,1.0,1.0,0.8400000000000001,0.4844170266229248
nvbench2:test:79,79,qwen3:14b,staged,55,0.0,1.0,3,3,1.0,1.0,1.0,15.2529835999012,3,3,multi_gold,boxplot,0.0,0.0,0.0,0.0,0.0,0.0,0.0,0.0,0.0,0.0,0.0,0.0,0.0,0.0,0.0,0.0,0.0,0.0,0.0,0.0,0.0,0.0,0.0,0.0,0.0,0.0,1.0,1.0,0.0,1.0,1.0,0.8,1.0,1.0,0.0,1.0,1.0,0.8,0.7411011265922481
nvbench2:test:90,90,qwen3:14b,staged,55,0.0,1.0,1,0,1.0,0.0,0.0,13.07452399993781,3,3,multi_gold,arc,0.0,0.0,0.0,0.0,0.0,0.0,0.0,0.0,0.0,0.0,0.0,0.0,0.0,0.0,0.0,0.0,0.0,0.0,0.0,0.0,0.0,0.0,0.0,0.0,0.0,0.0,1.0,1.0,0.0,0.0,1.0,0.6,1.0,1.0,0.0,0.0,1.0,0.6,0.2420148133208297
nvbench2:test:97,97,qwen3:14b,staged,55,0.0,1.0,1,1,1.0,1.0,1.0,14.288570299977437,5,5,multi_gold,line,1.0,1.0,0.2,1.0,0.33333333333333337,1.0,0.2,1.0,0.33333333333333337,1.0,0.2,1.0,0.33333333333333337,1.0,1.0,0.2,1.0,0.33333333333333337,1.0,0.2,1.0,0.33333333333333337,1.0,0.2,1.0,0.33333333333333337,1.0,1.0,1.0,1.0,1.0,1.0,1.0,1.0,1.0,1.0,1.0,1.0,0.3391602052736161
nvbench2:test:99,99,qwen3:14b,staged,55,0.0,1.0,1,0,1.0,0.0,0.0,11.318237799918279,2,2,multi_gold,boxplot,0.0,0.0,0.0,0.0,0.0,0.0,0.0,0.0,0.0,0.0,0.0,0.0,0.0,0.0,0.0,0.0,0.0,0.0,0.0,0.0,0.0,0.0,0.0,0.0,0.0,0.0,1.0,0.6666666666666666,0.6666666666666666,1.0,1.0,0.8666666666666666,1.0,0.6666666666666666,0.6666666666666666,1.0,1.0,0.8666666666666666,0.5048929761157583
nvbench2:test:102,102,qwen3:14b,staged,55,0.0,1.0,1,0,1.0,0.0,0.0,11.205482500023209,3,3,multi_gold,boxplot,0.0,0.0,0.0,0.0,0.0,0.0,0.0,0.0,0.0,0.0,0.0,0.0,0.0,0.0,0.0,0.0,0.0,0.0,0.0,0.0,0.0,0.0,0.0,0.0,0.0,0.0,1.0,1.0,0.5,0.0,1.0,0.7,1.0,1.0,0.5,0.0,1.0,0.7,0.29306681351921393
nvbench2:test:105,105,qwen3:14b,staged,55,0.0,1.0,1,0,1.0,0.0,0.0,13.54261140001472,3,3,multi_gold,arc,0.0,0.0,0.0,0.0,0.0,0.0,0.0,0.0,0.0,0.0,0.0,0.0,0.0,0.0,0.0,0.0,0.0,0.0,0.0,0.0,0.0,0.0,0.0,0.0,0.0,0.0,1.0,1.0,0.5,1.0,0.0,0.7,1.0,1.0,0.5,1.0,0.0,0.7,0.29306681351921393
nvbench2:test:111,111,qwen3:14b,staged,55,0.0,1.0,5,0,1.0,0.0,0.0,21.20887829991989,3,3,multi_gold,rect,0.0,0.0,0.0,0.0,0.0,0.0,0.0,0.0,0.0,0.0,0.0,0.0,0.0,0.0,0.0,0.0,0.0,0.0,0.0,0.0,0.0,0.0,0.0,0.0,0.0,0.0,1.0,1.0,0.0,1.0,0.0,0.6,1.0,1.0,0.3333333333333333,1.0,0.0,0.6666666666666667,0.6582679734545142
nvbench2:test:112,112,qwen3:14b,staged,55,0.0,1.0,1,0,1.0,0.0,0.0,13.95159449998755,2,2,multi_gold,arc,0.0,0.0,0.0,0.0,0.0,0.0,0.0,0.0,0.0,0.0,0.0,0.0,0.0,0.0,0.0,0.0,0.0,0.0,0.0,0.0,0.0,0.0,0.0,0.0,0.0,0.0,1.0,1.0,0.5,1.0,1.0,0.9,1.0,1.0,0.5,1.0,1.0,0.9,0.5310259262712439
nvbench2:test:113,113,qwen3:14b,staged,55,0.0,1.0,1,1,1.0,1.0,1.0,11.039683699957095,3,3,multi_gold,line,1.0,1.0,0.3333333333333333,1.0,0.5,1.0,0.3333333333333333,1.0,0.5,1.0,0.3333333333333333,1.0,0.5,1.0,1.0,0.3333333333333333,1.0,0.5,1.0,0.3333333333333333,1.0,0.5,1.0,0.3333333333333333,1.0,0.5,1.0,1.0,1.0,1.0,1.0,1.0,1.0,1.0,1.0,1.0,1.0,1.0,0.46927872602275644
nvbench2:test:117,117,qwen3:14b,staged,55,0.0,1.0,1,0,1.0,0.0,0.0,11.3082688000286,5,5,multi_gold,bar,0.0,0.0,0.0,0.0,0.0,0.0,0.0,0.0,0.0,0.0,0.0,0.0,0.0,0.0,0.0,0.0,0.0,0.0,0.0,0.0,0.0,0.0,0.0,0.0,0.0,0.0,1.0,1.0,0.5,1.0,1.0,0.9,1.0,1.0,0.5,1.0,1.0,0.9,0.29373511659974333
nvbench2:test:127,127,qwen3:14b,staged,55,0.0,1.0,5,5,1.0,1.0,1.0,19.68465670000296,2,2,multi_gold,arc,0.0,0.0,0.0,0.0,0.0,0.0,0.0,0.0,0.0,0.0,0.0,0.0,0.0,0.0,0.0,0.0,0.0,0.0,0.0,0.0,0.0,0.0,0.0,0.0,0.0,0.0,0.0,0.4,0.4,0.0,1.0,0.36,0.0,0.4,0.4,0.0,1.0,0.36,0.46730711312118783
nvbench2:test:131,131,qwen3:14b,staged,55,0.0,1.0,1,1,1.0,1.0,1.0,11.586697199963965,4,4,multi_gold,arc,1.0,1.0,0.25,1.0,0.4,1.0,0.25,1.0,0.4,1.0,0.25,1.0,0.4,1.0,1.0,0.25,1.0,0.4,1.0,0.25,1.0,0.4,1.0,0.25,1.0,0.4,1.0,1.0,1.0,1.0,1.0,1.0,1.0,1.0,1.0,1.0,1.0,1.0,0.3903800499921017
nvbench2:test:132,132,qwen3:14b,staged,55,0.0,1.0,1,0,1.0,0.0,0.0,13.282590999966487,2,2,multi_gold,bar,0.0,0.0,0.0,0.0,0.0,0.0,0.0,0.0,0.0,0.0,0.0,0.0,0.0,0.0,0.0,0.0,0.0,0.0,0.0,0.0,0.0,0.0,0.0,0.0,0.0,0.0,1.0,0.8,0.4,1.0,1.0,0.8400000000000001,1.0,0.8,0.4,1.0,1.0,0.8400000000000001,0.4844170266229248
nvbench2:test:133,133,qwen3:14b,staged,55,0.0,1.0,1,0,1.0,0.0,0.0,15.027869299985468,2,2,multi_gold,bar,0.0,0.0,0.0,0.0,0.0,0.0,0.0,0.0,0.0,0.0,0.0,0.0,0.0,0.0,0.0,0.0,0.0,0.0,0.0,0.0,0.0,0.0,0.0,0.0,0.0,0.0,1.0,0.8,0.4,1.0,0.0,0.64,1.0,0.8,0.4,1.0,0.0,0.64,0.34233795667676936
nvbench2:test:142,142,qwen3:14b,staged,55,0.0,1.0,2,2,1.0,1.0,1.0,15.784680500044487,2,2,multi_gold,rect,0.0,0.0,0.0,0.0,0.0,0.0,0.0,0.0,0.0,0.0,0.0,0.0,0.0,0.0,0.0,0.0,0.0,0.0,0.0,0.0,0.0,0.0,0.0,0.0,0.0,0.0,1.0,1.0,1.0,1.0,1.0,1.0,1.0,1.0,1.0,1.0,1.0,1.0,1.0
nvbench2:test:144,144,qwen3:14b,staged,55,0.0,1.0,1,0,1.0,0.0,0.0,12.404942800058052,2,2,multi_gold,bar,0.0,0.0,0.0,0.0,0.0,0.0,0.0,0.0,0.0,0.0,0.0,0.0,0.0,0.0,0.0,0.0,0.0,0.0,0.0,0.0,0.0,0.0,0.0,0.0,0.0,0.0,1.0,0.8,0.4,1.0,1.0,0.8400000000000001,1.0,0.8,0.4,1.0,1.0,0.8400000000000001,0.4844170266229248
nvbench2:test:150,150,qwen3:14b,staged,55,0.0,1.0,2,2,1.0,1.0,1.0,16.875945599982515,4,4,multi_gold,bar,0.0,0.0,0.0,0.0,0.0,0.0,0.0,0.0,0.0,0.0,0.0,0.0,0.0,0.0,0.0,0.0,0.0,0.0,0.0,0.0,0.0,0.0,0.0,0.0,0.0,0.0,1.0,0.8,0.8,1.0,1.0,0.9199999999999999,1.0,0.8,0.8,1.0,1.0,0.9199999999999999,0.5679941406653606
nvbench2:test:157,157,qwen3:14b,staged,55,0.0,1.0,1,1,1.0,1.0,1.0,11.759397199959494,5,5,multi_gold,line,1.0,1.0,0.2,1.0,0.33333333333333337,1.0,0.2,1.0,0.33333333333333337,1.0,0.2,1.0,0.33333333333333337,1.0,1.0,0.2,1.0,0.33333333333333337,1.0,0.2,1.0,0.33333333333333337,1.0,0.2,1.0,0.33333333333333337,1.0,1.0,1.0,1.0,1.0,1.0,1.0,1.0,1.0,1.0,1.0,1.0,0.3391602052736161
nvbench2:test:160,160,qwen3:14b,staged,55,0.0,1.0,3,0,1.0,0.0,0.0,16.851693399949,2,2,multi_gold,arc,0.0,0.0,0.0,0.0,0.0,0.0,0.0,0.0,0.0,0.0,0.0,0.0,0.0,0.0,0.0,0.0,0.0,0.0,0.0,0.0,0.0,0.0,0.0,0.0,0.0,0.0,1.0,1.0,0.0,1.0,1.0,0.8,1.0,1.0,0.5,1.0,1.0,0.9,1.0166461697904043
nvbench2:test:162,162,qwen3:14b,staged,55,0.0,1.0,1,1,1.0,1.0,1.0,13.68471950001549,4,3,multi_gold,rect,0.0,0.0,0.0,0.0,0.0,0.0,0.0,0.0,0.0,0.0,0.0,0.0,0.0,0.0,0.0,0.0,0.0,0.0,0.0,0.0,0.0,0.0,0.0,0.0,0.0,0.0,1.0,1.0,0.6666666666666666,0.0,1.0,0.7333333333333333,1.0,1.0,0.6666666666666666,0.0,1.0,0.7333333333333333,0.3108857958246911
nvbench2:test:163,163,qwen3:14b,staged,55,0.0,1.0,1,1,1.0,1.0,1.0,12.72645780001767,3,3,multi_gold,line,0.0,0.0,0.0,0.0,0.0,0.0,0.0,0.0,0.0,0.0,0.0,0.0,0.0,0.0,0.0,0.0,0.0,0.0,0.0,0.0,0.0,0.0,0.0,0.0,0.0,0.0,1.0,1.0,1.0,1.0,0.0,0.8,1.0,1.0,1.0,1.0,0.0,0.8,0.3477829925412398
nvbench2:test:168,168,qwen3:14b,staged,55,0.0,1.0,1,0,1.0,0.0,0.0,11.389365099952556,5,5,multi_gold,bar,0.0,0.0,0.0,0.0,0.0,0.0,0.0,0.0,0.0,0.0,0.0,0.0,0.0,0.0,0.0,0.0,0.0,0.0,0.0,0.0,0.0,0.0,0.0,0.0,0.0,0.0,1.0,1.0,0.5,1.0,1.0,0.9,1.0,1.0,0.5,1.0,1.0,0.9,0.29373511659974333
nvbench2:test:170,170,qwen3:14b,staged,55,0.0,1.0,2,0,1.0,0.0,0.0,16.78992610005662,2,2,multi_gold,rect,0.0,0.0,0.0,0.0,0.0,0.0,0.0,0.0,0.0,0.0,0.0,0.0,0.0,0.0,0.0,0.0,0.0,0.0,0.0,0.0,0.0,0.0,0.0,0.0,0.0,0.0,1.0,0.6666666666666666,0.0,0.0,1.0,0.5333333333333333,1.0,0.6666666666666666,0.0,0.0,1.0,0.5333333333333333,0.44726923744037816
nvbench2:test:173,173,qwen3:14b,staged,55,0.0,1.0,1,1,1.0,1.0,1.0,12.514400199986994,4,4,multi_gold,point,1.0,1.0,0.25,1.0,0.4,1.0,0.25,1.0,0.4,1.0,0.25,1.0,0.4,1.0,1.0,0.25,1.0,0.4,1.0,0.25,1.0,0.4,1.0,0.25,1.0,0.4,1.0,1.0,1.0,1.0,1.0,1.0,1.0,1.0,1.0,1.0,1.0,1.0,0.3903800499921017
nvbench2:test:174,174,qwen3:14b,staged,55,0.0,1.0,1,1,1.0,1.0,1.0,11.287440300104208,2,2,multi_gold,boxplot,0.0,0.0,0.0,0.0,0.0,0.0,0.0,0.0,0.0,0.0,0.0,0.0,0.0,0.0,0.0,0.0,0.0,0.0,0.0,0.0,0.0,0.0,0.0,0.0,0.0,0.0,1.0,1.0,0.5,0.0,1.0,0.7,1.0,1.0,0.5,0.0,1.0,0.7,0.38291336052022606
nvbench2:test:178,178,qwen3:14b,staged,55,0.0,1.0,1,0,1.0,0.0,0.0,12.457596600055695,2,2,multi_gold,arc,0.0,0.0,0.0,0.0,0.0,0.0,0.0,0.0,0.0,0.0,0.0,0.0,0.0,0.0,0.0,0.0,0.0,0.0,0.0,0.0,0.0,0.0,0.0,0.0,0.0,0.0,1.0,1.0,0.5,1.0,1.0,0.9,1.0,1.0,0.5,1.0,1.0,0.9,0.5310259262712439
nvbench2:test:183,183,qwen3:14b,staged,55,0.0,1.0,1,1,1.0,1.0,1.0,9.986876699957065,3,3,multi_gold,bar,1.0,1.0,0.3333333333333333,1.0,0.5,1.0,0.3333333333333333,1.0,0.5,1.0,0.3333333333333333,1.0,0.5,1.0,1.0,0.3333333333333333,1.0,0.5,1.0,0.3333333333333333,1.0,0.5,1.0,0.3333333333333333,1.0,0.5,1.0,1.0,1.0,1.0,1.0,1.0,1.0,1.0,1.0,1.0,1.0,1.0,0.46927872602275644
nvbench2:test:192,192,qwen3:14b,staged,55,0.0,1.0,1,0,1.0,0.0,0.0,13.250729999970645,5,5,multi_gold,point,0.0,0.0,0.0,0.0,0.0,0.0,0.0,0.0,0.0,0.0,0.0,0.0,0.0,0.0,0.0,0.0,0.0,0.0,0.0,0.0,0.0,0.0,0.0,0.0,0.0,0.0,1.0,0.8,0.4,0.0,1.0,0.64,1.0,0.8,0.4,0.0,1.0,0.64,0.18936303228555582
nvbench2:test:194,194,qwen3:14b,staged,55,0.0,1.0,1,1,1.0,1.0,1.0,14.898209600010887,2,2,multi_gold,boxplot,0.0,0.0,0.0,0.0,0.0,0.0,0.0,0.0,0.0,0.0,0.0,0.0,0.0,0.0,0.0,0.0,0.0,0.0,0.0,0.0,0.0,0.0,0.0,0.0,0.0,0.0,1.0,1.0,1.0,0.0,0.0,0.6,1.0,1.0,1.0,0.0,0.0,0.6,0.3162101650184913
nvbench2:test:201,201,qwen3:14b,staged,55,0.0,1.0,5,0,1.0,0.0,0.0,17.819072299986146,2,2,multi_gold,bar,0.0,0.0,0.0,0.0,0.0,0.0,0.0,0.0,0.0,0.0,0.0,0.0,0.0,0.0,0.0,0.0,0.0,0.0,0.0,0.0,0.0,0.0,0.0,0.0,0.0,0.0,1.0,0.8,0.4,0.0,1.0,0.64,1.0,0.8,0.4,0.0,1.0,0.64,0.9089437097516824
nvbench2:test:223,223,qwen3:14b,staged,55,0.0,1.0,1,0,1.0,0.0,0.0,13.004880200023763,3,3,multi_gold,boxplot,0.0,0.0,0.0,0.0,0.0,0.0,0.0,0.0,0.0,0.0,0.0,0.0,0.0,0.0,0.0,0.0,0.0,0.0,0.0,0.0,0.0,0.0,0.0,0.0,0.0,0.0,1.0,0.6666666666666666,0.6666666666666666,0.0,0.0,0.4666666666666666,1.0,0.6666666666666666,0.6666666666666666,0.0,0.0,0.4666666666666666,0.17922358976295982
nvbench2:test:227,227,qwen3:14b,staged,55,0.0,1.0,2,0,1.0,0.0,0.0,13.81707909994293,4,4,multi_gold,line,0.0,0.0,0.0,0.0,0.0,0.0,0.0,0.0,0.0,0.0,0.0,0.0,0.0,0.0,0.0,0.0,0.0,0.0,0.0,0.0,0.0,0.0,0.0,0.0,0.0,0.0,1.0,1.0,0.5,1.0,1.0,0.9,1.0,1.0,0.5,1.0,1.0,0.9,0.4919119039938525
nvbench2:test:236,236,qwen3:14b,staged,55,0.0,1.0,2,1,1.0,1.0,0.0,13.327904199948534,2,2,multi_gold,boxplot,0.0,0.0,0.0,0.0,0.0,0.0,0.0,0.0,0.0,0.0,0.0,0.0,0.0,0.0,0.0,0.0,0.0,0.0,0.0,0.0,0.0,0.0,0.0,0.0,0.0,0.0,0.0,1.0,0.0,0.0,1.0,0.4,1.0,0.6666666666666666,0.0,1.0,1.0,0.7333333333333333,0.4521859985273586
nvbench2:test:238,238,qwen3:14b,staged,55,0.0,1.0,1,1,1.0,1.0,1.0,12.706953599932604,3,3,multi_gold,line,1.0,1.0,0.3333333333333333,1.0,0.5,1.0,0.3333333333333333,1.0,0.5,1.0,0.3333333333333333,1.0,0.5,1.0,1.0,0.3333333333333333,1.0,0.5,1.0,0.3333333333333333,1.0,0.5,1.0,0.3333333333333333,1.0,0.5,1.0,1.0,1.0,1.0,1.0,1.0,1.0,1.0,1.0,1.0,1.0,1.0,0.46927872602275644
nvbench2:test:252,252,qwen3:14b,staged,55,0.0,1.0,1,0,1.0,0.0,0.0,14.81696850003209,2,2,multi_gold,arc,0.0,0.0,0.0,0.0,0.0,0.0,0.0,0.0,0.0,0.0,0.0,0.0,0.0,0.0,0.0,0.0,0.0,0.0,0.0,0.0,0.0,0.0,0.0,0.0,0.0,0.0,1.0,1.0,0.5,0.0,1.0,0.7,1.0,1.0,0.5,0.0,1.0,0.7,0.38291336052022606
nvbench2:test:254,254,qwen3:14b,staged,55,0.0,1.0,1,1,1.0,1.0,1.0,12.860156900016591,2,2,multi_gold,point,0.0,0.0,0.0,0.0,0.0,0.0,0.0,0.0,0.0,0.0,0.0,0.0,0.0,0.0,0.0,0.0,0.0,0.0,0.0,0.0,0.0,0.0,0.0,0.0,0.0,0.0,1.0,0.8571428571428571,0.5714285714285715,0.0,1.0,0.6857142857142857,1.0,0.8571428571428571,0.5714285714285715,0.0,1.0,0.6857142857142857,0.37309893864556204
nvbench2:test:263,263,qwen3:14b,staged,55,0.0,1.0,1,0,1.0,0.0,0.0,12.274934299988672,5,5,multi_gold,boxplot,0.0,0.0,0.0,0.0,0.0,0.0,0.0,0.0,0.0,0.0,0.0,0.0,0.0,0.0,0.0,0.0,0.0,0.0,0.0,0.0,0.0,0.0,0.0,0.0,0.0,0.0,1.0,1.0,0.5,0.0,1.0,0.7,1.0,1.0,0.5,0.0,1.0,0.7,0.21180717369071872
nvbench2:test:268,268,qwen3:14b,staged,55,0.0,1.0,1,0,1.0,0.0,0.0,15.655104300007224,5,5,multi_gold,rect,0.0,0.0,0.0,0.0,0.0,0.0,0.0,0.0,0.0,0.0,0.0,0.0,0.0,0.0,0.0,0.0,0.0,0.0,0.0,0.0,0.0,0.0,0.0,0.0,0.0,0.0,1.0,1.0,0.3333333333333333,1.0,1.0,0.8666666666666666,1.0,1.0,0.3333333333333333,1.0,1.0,0.8666666666666666,0.2792797674703377
nvbench2:test:287,287,qwen3:14b,staged,55,0.0,1.0,3,3,1.0,1.0,1.0,15.402318100095727,3,3,multi_gold,point,0.0,0.0,0.0,0.0,0.0,0.0,0.0,0.0,0.0,0.0,0.0,0.0,0.0,0.0,0.0,0.0,0.0,0.0,0.0,0.0,0.0,0.0,0.0,0.0,0.0,0.0,0.0,0.8,0.0,0.0,1.0,0.36,0.0,0.8,0.0,0.0,1.0,0.36,0.2834258975629042
nvbench2:test:296,296,qwen3:14b,staged,55,0.0,1.0,1,1,1.0,1.0,1.0,11.504463899997063,5,5,multi_gold,bar+line+rect,0.0,0.0,0.0,0.0,0.0,0.0,0.0,0.0,0.0,0.0,0.0,0.0,0.0,0.0,0.0,0.0,0.0,0.0,0.0,0.0,0.0,0.0,0.0,0.0,0.0,0.0,0.0,0.8,0.8,0.0,1.0,0.52,0.0,0.8,0.8,0.0,1.0,0.52,0.14718035099661098
nvbench2:test:297,297,qwen3:14b,staged,55,0.0,1.0,1,0,1.0,0.0,0.0,12.950736699975096,2,2,multi_gold,bar,0.0,0.0,0.0,0.0,0.0,0.0,0.0,0.0,0.0,0.0,0.0,0.0,0.0,0.0,0.0,0.0,0.0,0.0,0.0,0.0,0.0,0.0,0.0,0.0,0.0,0.0,1.0,0.8,0.5,0.0,0.0,0.45999999999999996,1.0,0.8,0.5,0.0,0.0,0.45999999999999996,0.23026241155842012
nvbench2:test:298,298,qwen3:14b,staged,55,0.0,1.0,1,0,1.0,0.0,0.0,12.623635299969465,3,3,multi_gold,line,0.0,0.0,0.0,0.0,0.0,0.0,0.0,0.0,0.0,0.0,0.0,0.0,0.0,0.0,0.0,0.0,0.0,0.0,0.0,0.0,0.0,0.0,0.0,0.0,0.0,0.0,1.0,1.0,1.0,1.0,0.0,0.8,1.0,1.0,1.0,1.0,0.0,0.8,0.3477829925412398
nvbench2:test:303,303,qwen3:14b,staged,55,0.0,1.0,2,2,1.0,1.0,1.0,15.06149049999658,2,2,multi_gold,boxplot,0.0,0.0,0.0,0.0,0.0,0.0,0.0,0.0,0.0,0.0,0.0,0.0,0.0,0.0,0.0,0.0,0.0,0.0,0.0,0.0,0.0,0.0,0.0,0.0,0.0,0.0,1.0,1.0,1.0,0.0,1.0,0.8,1.0,1.0,1.0,0.0,1.0,0.8,0.7411011265922482
nvbench2:test:317,317,qwen3:14b,staged,55,0.0,1.0,1,0,1.0,0.0,0.0,12.369530299911276,2,2,multi_gold,arc,0.0,0.0,0.0,0.0,0.0,0.0,0.0,0.0,0.0,0.0,0.0,0.0,0.0,0.0,0.0,0.0,0.0,0.0,0.0,0.0,0.0,0.0,0.0,0.0,0.0,0.0,1.0,1.0,0.5,0.0,1.0,0.7,1.0,1.0,0.5,0.0,1.0,0.7,0.38291336052022606
nvbench2:test:319,319,qwen3:14b,staged,55,0.0,1.0,1,1,1.0,1.0,1.0,18.279092400101945,2,2,multi_gold,point,0.0,0.0,0.0,0.0,0.0,0.0,0.0,0.0,0.0,0.0,0.0,0.0,0.0,0.0,0.0,0.0,0.0,0.0,0.0,0.0,0.0,0.0,0.0,0.0,0.0,0.0,1.0,0.8571428571428571,0.28571428571428575,1.0,0.0,0.6285714285714286,1.0,0.8571428571428571,0.28571428571428575,1.0,0.0,0.6285714285714286,0.3347988079016036
nvbench2:test:320,320,qwen3:14b,staged,55,0.0,1.0,1,0,1.0,0.0,0.0,16.390717300004326,3,3,multi_gold,rect,0.0,0.0,0.0,0.0,0.0,0.0,0.0,0.0,0.0,0.0,0.0,0.0,0.0,0.0,0.0,0.0,0.0,0.0,0.0,0.0,0.0,0.0,0.0,0.0,0.0,0.0,1.0,1.0,0.6666666666666666,0.6666666666666666,0.0,0.6666666666666666,1.0,1.0,0.6666666666666666,0.6666666666666666,0.0,0.6666666666666666,0.27565481733206354
nvbench2:test:325,325,qwen3:14b,staged,55,0.0,1.0,1,1,1.0,1.0,1.0,15.329244899912737,2,2,multi_gold,rect,0.0,0.0,0.0,0.0,0.0,0.0,0.0,0.0,0.0,0.0,0.0,0.0,0.0,0.0,0.0,0.0,0.0,0.0,0.0,0.0,0.0,0.0,0.0,0.0,0.0,0.0,1.0,1.0,0.6666666666666666,1.0,0.0,0.7333333333333333,1.0,1.0,0.6666666666666666,1.0,0.0,0.7333333333333333,0.40619517231497354
nvbench2:test:332,332,qwen3:14b,staged,55,0.0,1.0,1,0,1.0,0.0,0.0,13.470549800083973,2,2,multi_gold,rect,0.0,0.0,0.0,0.0,0.0,0.0,0.0,0.0,0.0,0.0,0.0,0.0,0.0,0.0,0.0,0.0,0.0,0.0,0.0,0.0,0.0,0.0,0.0,0.0,0.0,0.0,1.0,1.0,0.3333333333333333,1.0,1.0,0.8666666666666666,1.0,1.0,0.3333333333333333,1.0,1.0,0.8666666666666666,0.5048929761157583
nvbench2:test:335,335,qwen3:14b,staged,55,0.0,1.0,1,0,1.0,0.0,0.0,12.439149499987252,4,4,multi_gold,arc,0.0,0.0,0.0,0.0,0.0,0.0,0.0,0.0,0.0,0.0,0.0,0.0,0.0,0.0,0.0,0.0,0.0,0.0,0.0,0.0,0.0,0.0,0.0,0.0,0.0,0.0,1.0,1.0,0.5,0.6666666666666666,1.0,0.8333333333333334,1.0,1.0,0.5,0.6666666666666666,1.0,0.8333333333333334,0.3051981222589482
nvbench2:test:341,341,qwen3:14b,staged,55,0.0,1.0,2,2,1.0,1.0,1.0,14.976226800004952,5,5,multi_gold,rect,0.0,0.0,0.0,0.0,0.0,0.0,0.0,0.0,0.0,0.0,0.0,0.0,0.0,0.0,0.0,0.0,0.0,0.0,0.0,0.0,0.0,0.0,0.0,0.0,0.0,0.0,1.0,1.0,0.6666666666666666,0.0,1.0,0.7333333333333333,1.0,1.0,0.6666666666666666,0.0,1.0,0.7333333333333333,0.3664461459686143
nvbench2:test:344,344,qwen3:14b,staged,55,0.0,1.0,3,3,1.0,1.0,1.0,20.919650699943304,5,5,multi_gold,rect,0.0,0.0,0.0,0.0,0.0,0.0,0.0,0.0,0.0,0.0,0.0,0.0,0.0,0.0,0.0,0.0,0.0,0.0,0.0,0.0,0.0,0.0,0.0,0.0,0.0,0.0,1.0,1.0,0.3333333333333333,0.0,0.0,0.4666666666666667,1.0,1.0,0.3333333333333333,0.0,0.0,0.4666666666666667,0.27601858678807356
nvbench2:test:349,349,qwen3:14b,staged,55,0.0,1.0,1,1,1.0,1.0,1.0,11.763938799966127,4,4,multi_gold,arc,0.0,0.0,0.0,0.0,0.0,0.0,0.0,0.0,0.0,0.0,0.0,0.0,0.0,0.0,0.0,0.0,0.0,0.0,0.0,0.0,0.0,0.0,0.0,0.0,0.0,0.0,1.0,1.0,0.5,1.0,1.0,0.9,1.0,1.0,0.5,1.0,1.0,0.9,0.3380948817687364
nvbench2:test:351,351,qwen3:14b,staged,55,0.0,1.0,2,2,1.0,1.0,1.0,15.532459700014442,2,2,multi_gold,boxplot,0.0,0.0,0.0,0.0,0.0,0.0,0.0,0.0,0.0,0.0,0.0,0.0,0.0,0.0,0.0,0.0,0.0,0.0,0.0,0.0,0.0,0.0,0.0,0.0,0.0,0.0,1.0,1.0,1.0,1.0,1.0,1.0,1.0,1.0,1.0,1.0,1.0,1.0,1.0
nvbench2:test:355,355,qwen3:14b,staged,55,0.0,1.0,2,0,1.0,0.0,0.0,19.915701300022192,4,4,multi_gold,rect,0.0,0.0,0.0,0.0,0.0,0.0,0.0,0.0,0.0,0.0,0.0,0.0,0.0,0.0,0.0,0.0,0.0,0.0,0.0,0.0,0.0,0.0,0.0,0.0,0.0,0.0,1.0,1.0,0.6666666666666666,1.0,0.0,0.7333333333333333,1.0,1.0,0.6666666666666666,1.0,0.0,0.7333333333333333,0.40329561515958534
nvbench2:test:365,365,qwen3:14b,staged,55,0.0,1.0,1,0,1.0,0.0,0.0,16.362954600015655,2,2,multi_gold,point,0.0,0.0,0.0,0.0,0.0,0.0,0.0,0.0,0.0,0.0,0.0,0.0,0.0,0.0,0.0,0.0,0.0,0.0,0.0,0.0,0.0,0.0,0.0,0.0,0.0,0.0,0.0,0.8,0.4,0.0,0.0,0.24000000000000005,0.0,0.8,0.4,0.0,0.0,0.24000000000000005,0.11097514226666569
nvbench2:test:366,366,qwen3:14b,staged,55,0.0,1.0,1,1,1.0,1.0,1.0,11.06355230009649,5,5,multi_gold,boxplot,1.0,1.0,0.2,1.0,0.33333333333333337,1.0,0.2,1.0,0.33333333333333337,1.0,0.2,1.0,0.33333333333333337,1.0,1.0,0.2,1.0,0.33333333333333337,1.0,0.2,1.0,0.33333333333333337,1.0,0.2,1.0,0.33333333333333337,1.0,1.0,1.0,1.0,1.0,1.0,1.0,1.0,1.0,1.0,1.0,1.0,0.3391602052736161
nvbench2:test:376,376,qwen3:14b,staged,55,0.0,1.0,1,0,1.0,0.0,0.0,14.40197360003367,4,4,multi_gold,rect,0.0,0.0,0.0,0.0,0.0,0.0,0.0,0.0,0.0,0.0,0.0,0.0,0.0,0.0,0.0,0.0,0.0,0.0,0.0,0.0,0.0,0.0,0.0,0.0,0.0,0.0,1.0,0.8,0.4,0.0,0.0,0.44000000000000006,1.0,0.8,0.4,0.0,0.0,0.44000000000000006,0.139211215176422
nvbench2:test:377,377,qwen3:14b,staged,55,0.0,1.0,1,1,1.0,1.0,1.0,17.174535400001332,4,4,multi_gold,rect,0.0,0.0,0.0,0.0,0.0,0.0,0.0,0.0,0.0,0.0,0.0,0.0,0.0,0.0,0.0,0.0,0.0,0.0,0.0,0.0,0.0,0.0,0.0,0.0,0.0,0.0,1.0,1.0,0.6666666666666666,1.0,0.0,0.7333333333333333,1.0,1.0,0.6666666666666666,1.0,0.0,0.7333333333333333,0.25861733291100014
nvbench2:test:384,384,qwen3:14b,staged,55,0.0,1.0,2,0,1.0,0.0,0.0,13.749556499999017,3,3,multi_gold,arc,0.0,0.0,0.0,0.0,0.0,0.0,0.0,0.0,0.0,0.0,0.0,0.0,0.0,0.0,0.0,0.0,0.0,0.0,0.0,0.0,0.0,0.0,0.0,0.0,0.0,0.0,1.0,1.0,0.5,1.0,1.0,0.9,1.0,1.0,0.5,1.0,1.0,0.9,0.6628528124793986
nvbench2:test:385,385,qwen3:14b,staged,55,0.0,1.0,1,0,1.0,0.0,0.0,13.237146600033157,3,3,multi_gold,arc,0.0,0.0,0.0,0.0,0.0,0.0,0.0,0.0,0.0,0.0,0.0,0.0,0.0,0.0,0.0,0.0,0.0,0.0,0.0,0.0,0.0,0.0,0.0,0.0,0.0,0.0,1.0,1.0,0.5,1.0,1.0,0.9,1.0,1.0,0.5,1.0,1.0,0.9,0.40642634118843207
nvbench2:test:388,388,qwen3:14b,staged,55,0.0,1.0,2,2,1.0,1.0,1.0,13.894871999975294,5,5,multi_gold,bar+line+rect,0.0,0.0,0.0,0.0,0.0,0.0,0.0,0.0,0.0,0.0,0.0,0.0,0.0,0.0,0.0,0.0,0.0,0.0,0.0,0.0,0.0,0.0,0.0,0.0,0.0,0.0,1.0,0.8,0.4,0.0,0.0,0.44000000000000006,1.0,0.8,0.4,0.0,0.0,0.44000000000000006,0.1740853234775431
nvbench2:test:392,392,qwen3:14b,staged,55,0.0,1.0,3,3,1.0,1.0,1.0,17.445254600024782,4,4,multi_gold,rect,0.5,0.0,0.0,0.0,0.0,1.0,0.5,0.6666666666666666,0.5714285714285715,1.0,0.5,0.6666666666666666,0.5714285714285715,0.5,0.0,0.0,0.0,0.0,1.0,0.5,0.6666666666666666,0.5714285714285715,1.0,0.5,0.6666666666666666,0.5714285714285715,0.0,0.8,0.4,0.0,1.0,0.44000000000000006,1.0,1.0,1.0,1.0,1.0,1.0,0.5807036289132028
nvbench2:test:395,395,qwen3:14b,staged,55,0.0,1.0,5,0,1.0,0.0,0.0,22.88707269995939,2,2,multi_gold,rect,0.0,0.0,0.0,0.0,0.0,0.0,0.0,0.0,0.0,0.0,0.0,0.0,0.0,0.0,0.0,0.0,0.0,0.0,0.0,0.0,0.0,0.0,0.0,0.0,0.0,0.0,0.0,0.8,0.8,0.0,1.0,0.52,1.0,1.0,0.6666666666666666,1.0,1.0,0.9333333333333333,1.0066752647187895
nvbench2:test:406,406,qwen3:14b,staged,55,0.0,1.0,2,0,1.0,0.0,0.0,15.25354950001929,2,2,multi_gold,bar,0.0,0.0,0.0,0.0,0.0,0.0,0.0,0.0,0.0,0.0,0.0,0.0,0.0,0.0,0.0,0.0,0.0,0.0,0.0,0.0,0.0,0.0,0.0,0.0,0.0,0.0,1.0,0.8,0.4,1.0,1.0,0.8400000000000001,1.0,0.8,0.4,1.0,1.0,0.8400000000000001,0.6574443867163878
nvbench2:test:426,426,qwen3:14b,staged,55,0.0,1.0,1,0,1.0,0.0,0.0,12.020296199945733,5,5,multi_gold,arc,0.0,0.0,0.0,0.0,0.0,0.0,0.0,0.0,0.0,0.0,0.0,0.0,0.0,0.0,0.0,0.0,0.0,0.0,0.0,0.0,0.0,0.0,0.0,0.0,0.0,0.0,1.0,1.0,0.0,1.0,1.0,0.8,1.0,1.0,0.0,1.0,1.0,0.8,0.2513520102235351
nvbench2:test:430,430,qwen3:14b,staged,55,0.0,1.0,1,0,1.0,0.0,0.0,16.886349000036716,2,2,multi_gold,bar,0.0,0.0,0.0,0.0,0.0,0.0,0.0,0.0,0.0,0.0,0.0,0.0,0.0,0.0,0.0,0.0,0.0,0.0,0.0,0.0,0.0,0.0,0.0,0.0,0.0,0.0,1.0,0.8,0.4,1.0,0.0,0.64,1.0,0.8,0.4,1.0,0.0,0.64,0.34233795667676936
nvbench2:test:432,432,qwen3:14b,staged,55,0.0,1.0,1,0,1.0,0.0,0.0,13.539231800008565,5,5,multi_gold,bar+line+rect,0.0,0.0,0.0,0.0,0.0,0.0,0.0,0.0,0.0,0.0,0.0,0.0,0.0,0.0,0.0,0.0,0.0,0.0,0.0,0.0,0.0,0.0,0.0,0.0,0.0,0.0,1.0,0.8,0.4,1.0,0.0,0.64,1.0,0.8,0.4,1.0,0.0,0.64,0.18936303228555582
nvbench2:test:434,434,qwen3:14b,staged,55,0.0,1.0,1,1,1.0,1.0,1.0,10.453796099987812,5,5,multi_gold,arc,1.0,1.0,0.2,1.0,0.33333333333333337,1.0,0.2,1.0,0.33333333333333337,1.0,0.2,1.0,0.33333333333333337,1.0,1.0,0.2,1.0,0.33333333333333337,1.0,0.2,1.0,0.33333333333333337,1.0,0.2,1.0,0.33333333333333337,1.0,1.0,1.0,1.0,1.0,1.0,1.0,1.0,1.0,1.0,1.0,1.0,0.3391602052736161
nvbench2:test:435,435,qwen3:14b,staged,55,0.0,1.0,1,1,1.0,1.0,1.0,14.392782100010663,4,4,multi_gold,rect,0.0,0.0,0.0,0.0,0.0,0.0,0.0,0.0,0.0,0.0,0.0,0.0,0.0,0.0,0.0,0.0,0.0,0.0,0.0,0.0,0.0,0.0,0.0,0.0,0.0,0.0,1.0,1.0,0.3333333333333333,0.0,1.0,0.6666666666666667,1.0,1.0,0.3333333333333333,0.0,1.0,0.6666666666666667,0.22930965203275888
nvbench2:test:443,443,qwen3:14b,staged,55,0.0,1.0,1,0,1.0,0.0,0.0,15.293643399956636,2,2,multi_gold,arc,0.0,0.0,0.0,0.0,0.0,0.0,0.0,0.0,0.0,0.0,0.0,0.0,0.0,0.0,0.0,0.0,0.0,0.0,0.0,0.0,0.0,0.0,0.0,0.0,0.0,0.0,1.0,1.0,0.5,1.0,0.0,0.7,1.0,1.0,0.5,1.0,0.0,0.7,0.38291336052022606
nvbench2:test:446,446,qwen3:14b,staged,55,0.0,1.0,1,0,1.0,0.0,0.0,14.975717800087295,2,2,multi_gold,arc,0.0,0.0,0.0,0.0,0.0,0.0,0.0,0.0,0.0,0.0,0.0,0.0,0.0,0.0,0.0,0.0,0.0,0.0,0.0,0.0,0.0,0.0,0.0,0.0,0.0,0.0,1.0,1.0,0.5,1.0,0.0,0.7,1.0,1.0,0.5,1.0,0.0,0.7,0.38291336052022606
nvbench2:test:454,454,qwen3:14b,staged,55,0.0,1.0,1,0,1.0,0.0,0.0,12.789236999931745,2,2,multi_gold,arc,0.0,0.0,0.0,0.0,0.0,0.0,0.0,0.0,0.0,0.0,0.0,0.0,0.0,0.0,0.0,0.0,0.0,0.0,0.0,0.0,0.0,0.0,0.0,0.0,0.0,0.0,1.0,1.0,0.5,0.0,1.0,0.7,1.0,1.0,0.5,0.0,1.0,0.7,0.38291336052022606
nvbench2:test:461,461,qwen3:14b,staged,55,0.0,1.0,1,1,1.0,1.0,1.0,11.86402320000343,3,3,multi_gold,rect,1.0,1.0,0.3333333333333333,1.0,0.5,1.0,0.3333333333333333,1.0,0.5,1.0,0.3333333333333333,1.0,0.5,1.0,1.0,0.3333333333333333,1.0,0.5,1.0,0.3333333333333333,1.0,0.5,1.0,0.3333333333333333,1.0,0.5,1.0,1.0,1.0,1.0,1.0,1.0,1.0,1.0,1.0,1.0,1.0,1.0,0.46927872602275644
nvbench2:test:466,466,qwen3:14b,staged,55,0.0,1.0,1,1,1.0,1.0,1.0,13.671076399972662,2,2,multi_gold,rect,0.0,0.0,0.0,0.0,0.0,0.0,0.0,0.0,0.0,0.0,0.0,0.0,0.0,0.0,0.0,0.0,0.0,0.0,0.0,0.0,0.0,0.0,0.0,0.0,0.0,0.0,1.0,1.0,0.3333333333333333,0.0,1.0,0.6666666666666667,1.0,1.0,0.3333333333333333,0.0,1.0,0.6666666666666667,0.3601633060417787
nvbench2:test:471,471,qwen3:14b,staged,55,0.0,1.0,3,3,1.0,1.0,1.0,16.61534300004132,5,5,multi_gold,line,1.0,1.0,0.2,1.0,0.33333333333333337,1.0,0.2,0.3333333333333333,0.25,1.0,0.2,0.3333333333333333,0.25,1.0,1.0,0.2,1.0,0.33333333333333337,1.0,0.2,0.3333333333333333,0.25,1.0,0.2,0.3333333333333333,0.25,1.0,1.0,1.0,1.0,1.0,1.0,1.0,1.0,1.0,1.0,1.0,1.0,0.6234216722554091
nvbench2:test:479,479,qwen3:14b,staged,55,0.0,1.0,2,0,1.0,0.0,0.0,20.03220309992321,2,2,multi_gold,bar+line,0.0,0.0,0.0,0.0,0.0,0.0,0.0,0.0,0.0,0.0,0.0,0.0,0.0,0.0,0.0,0.0,0.0,0.0,0.0,0.0,0.0,0.0,0.0,0.0,0.0,0.0,1.0,0.8,0.4,0.5,1.0,0.74,1.0,0.8,0.4,0.5,1.0,0.74,0.5996841683201376
nvbench2:test:483,483,qwen3:14b,staged,55,0.0,1.0,1,0,1.0,0.0,0.0,11.408697500010021,2,2,multi_gold,arc,0.0,0.0,0.0,0.0,0.0,0.0,0.0,0.0,0.0,0.0,0.0,0.0,0.0,0.0,0.0,0.0,0.0,0.0,0.0,0.0,0.0,0.0,0.0,0.0,0.0,0.0,1.0,1.0,0.5,1.0,1.0,0.9,1.0,1.0,0.5,1.0,1.0,0.9,0.5310259262712439
nvbench2:test:486,486,qwen3:14b,staged,55,0.0,1.0,5,5,1.0,1.0,1.0,19.4247360000154,2,2,multi_gold,rect,0.0,0.0,0.0,0.0,0.0,0.0,0.0,0.0,0.0,0.0,0.0,0.0,0.0,0.0,0.0,0.0,0.0,0.0,0.0,0.0,0.0,0.0,0.0,0.0,0.0,0.0,1.0,1.0,1.0,0.6666666666666666,1.0,0.9333333333333333,1.0,1.0,1.0,0.6666666666666666,1.0,0.9333333333333333,1.512855926755784
nvbench2:test:489,489,qwen3:14b,staged,55,0.0,1.0,1,0,1.0,0.0,0.0,12.171737500000745,2,2,multi_gold,arc,0.0,0.0,0.0,0.0,0.0,0.0,0.0,0.0,0.0,0.0,0.0,0.0,0.0,0.0,0.0,0.0,0.0,0.0,0.0,0.0,0.0,0.0,0.0,0.0,0.0,0.0,1.0,1.0,0.5,0.0,1.0,0.7,1.0,1.0,0.5,0.0,1.0,0.7,0.38291336052022606
nvbench2:test:492,492,qwen3:14b,staged,55,0.0,1.0,1,1,1.0,1.0,1.0,11.38933769997675,2,2,multi_gold,rect,1.0,1.0,0.5,1.0,0.6666666666666666,1.0,0.5,1.0,0.6666666666666666,1.0,0.5,1.0,0.6666666666666666,1.0,1.0,0.5,1.0,0.6666666666666666,1.0,0.5,1.0,0.6666666666666666,1.0,0.5,1.0,0.6666666666666666,1.0,1.0,1.0,1.0,1.0,1.0,1.0,1.0,1.0,1.0,1.0,1.0,0.6131471927654584
nvbench2:test:505,505,qwen3:14b,staged,55,0.0,1.0,1,0,1.0,0.0,0.0,13.388189999968745,2,2,multi_gold,bar,0.0,0.0,0.0,0.0,0.0,0.0,0.0,0.0,0.0,0.0,0.0,0.0,0.0,0.0,0.0,0.0,0.0,0.0,0.0,0.0,0.0,0.0,0.0,0.0,0.0,0.0,1.0,0.8,0.4,1.0,0.0,0.64,1.0,0.8,0.4,1.0,0.0,0.64,0.34233795667676936
nvbench2:test:508,508,qwen3:14b,staged,55,0.0,1.0,2,0,1.0,0.0,0.0,14.206319600110874,2,2,multi_gold,arc,0.0,0.0,0.0,0.0,0.0,0.0,0.0,0.0,0.0,0.0,0.0,0.0,0.0,0.0,0.0,0.0,0.0,0.0,0.0,0.0,0.0,0.0,0.0,0.0,0.0,0.0,1.0,1.0,0.5,1.0,1.0,0.9,1.0,1.0,0.5,1.0,1.0,0.9,0.8660659830736148
nvbench2:test:519,519,qwen3:14b,staged,55,0.0,1.0,1,0,1.0,0.0,0.0,11.754784800112247,3,3,multi_gold,boxplot,0.0,0.0,0.0,0.0,0.0,0.0,0.0,0.0,0.0,0.0,0.0,0.0,0.0,0.0,0.0,0.0,0.0,0.0,0.0,0.0,0.0,0.0,0.0,0.0,0.0,0.0,1.0,0.6666666666666666,0.6666666666666666,0.0,1.0,0.6666666666666666,1.0,0.6666666666666666,0.6666666666666666,0.0,1.0,0.6666666666666666,0.27565481733206354
nvbench2:test:524,524,qwen3:14b,staged,55,0.0,1.0,5,0,1.0,0.0,0.0,18.805476799956523,5,5,multi_gold,bar+line+rect,0.0,0.0,0.0,0.0,0.0,0.0,0.0,0.0,0.0,0.0,0.0,0.0,0.0,0.0,0.0,0.0,0.0,0.0,0.0,0.0,0.0,0.0,0.0,0.0,0.0,0.0,1.0,0.8,0.4,0.6666666666666666,1.0,0.7733333333333333,1.0,1.0,0.6666666666666666,1.0,1.0,0.9333333333333333,0.6778887952062677
nvbench2:test:526,526,qwen3:14b,staged,55,0.0,1.0,2,0,1.0,0.0,0.0,18.383158500073478,2,2,multi_gold,arc,0.0,0.0,0.0,0.0,0.0,0.0,0.0,0.0,0.0,0.0,0.0,0.0,0.0,0.0,0.0,0.0,0.0,0.0,0.0,0.0,0.0,0.0,0.0,0.0,0.0,0.0,1.0,1.0,0.5,1.0,0.0,0.7,1.0,1.0,0.5,1.0,0.0,0.7,0.6245047927124708
nvbench2:test:531,531,qwen3:14b,staged,55,0.0,1.0,1,1,1.0,1.0,1.0,13.156387600000016,3,3,multi_gold,line,0.0,0.0,0.0,0.0,0.0,0.0,0.0,0.0,0.0,0.0,0.0,0.0,0.0,0.0,0.0,0.0,0.0,0.0,0.0,0.0,0.0,0.0,0.0,0.0,0.0,0.0,1.0,1.0,0.0,0.0,0.0,0.4,1.0,1.0,0.0,0.0,0.0,0.4,0.14993826532169632
nvbench2:test:532,532,qwen3:14b,staged,55,0.0,1.0,1,0,1.0,0.0,0.0,12.593154100002721,3,3,multi_gold,arc+bar+line,0.0,0.0,0.0,0.0,0.0,0.0,0.0,0.0,0.0,0.0,0.0,0.0,0.0,0.0,0.0,0.0,0.0,0.0,0.0,0.0,0.0,0.0,0.0,0.0,0.0,0.0,1.0,1.0,0.5,1.0,1.0,0.9,1.0,1.0,0.5,1.0,1.0,0.9,0.40642634118843207
nvbench2:test:535,535,qwen3:14b,staged,55,0.0,1.0,1,0,1.0,0.0,0.0,16.185124499956146,3,3,multi_gold,line,0.0,0.0,0.0,0.0,0.0,0.0,0.0,0.0,0.0,0.0,0.0,0.0,0.0,0.0,0.0,0.0,0.0,0.0,0.0,0.0,0.0,0.0,0.0,0.0,0.0,0.0,1.0,1.0,0.5,1.0,1.0,0.9,1.0,1.0,0.5,1.0,1.0,0.9,0.40642634118843207
nvbench2:test:545,545,qwen3:14b,staged,55,0.0,1.0,1,0,1.0,0.0,0.0,12.687138399924152,2,2,multi_gold,rect,0.0,0.0,0.0,0.0,0.0,0.0,0.0,0.0,0.0,0.0,0.0,0.0,0.0,0.0,0.0,0.0,0.0,0.0,0.0,0.0,0.0,0.0,0.0,0.0,0.0,0.0,1.0,1.0,0.6666666666666666,1.0,1.0,0.9333333333333333,1.0,1.0,0.6666666666666666,1.0,1.0,0.9333333333333333,0.5577697051812209
nvbench2:test:546,546,qwen3:14b,staged,55,0.0,1.0,1,0,1.0,0.0,0.0,13.106272400007583,3,3,multi_gold,arc,0.0,0.0,0.0,0.0,0.0,0.0,0.0,0.0,0.0,0.0,0.0,0.0,0.0,0.0,0.0,0.0,0.0,0.0,0.0,0.0,0.0,0.0,0.0,0.0,0.0,0.0,1.0,1.0,0.5,1.0,1.0,0.9,1.0,1.0,0.5,1.0,1.0,0.9,0.40642634118843207
nvbench2:test:547,547,qwen3:14b,staged,55,0.0,1.0,1,1,1.0,1.0,1.0,13.47301089996472,4,3,multi_gold,rect,1.0,1.0,0.3333333333333333,1.0,0.5,1.0,0.3333333333333333,1.0,0.5,1.0,0.3333333333333333,1.0,0.5,1.0,1.0,0.3333333333333333,1.0,0.5,1.0,0.3333333333333333,1.0,0.5,1.0,0.3333333333333333,1.0,0.5,1.0,1.0,1.0,1.0,1.0,1.0,1.0,1.0,1.0,1.0,1.0,1.0,0.46927872602275644
nvbench2:test:551,551,qwen3:14b,staged,55,0.0,1.0,1,0,1.0,0.0,0.0,12.705855599953793,3,3,multi_gold,line,0.0,0.0,0.0,0.0,0.0,0.0,0.0,0.0,0.0,0.0,0.0,0.0,0.0,0.0,0.0,0.0,0.0,0.0,0.0,0.0,0.0,0.0,0.0,0.0,0.0,0.0,1.0,1.0,1.0,1.0,0.0,0.8,1.0,1.0,1.0,1.0,0.0,0.8,0.3477829925412398
nvbench2:test:552,552,qwen3:14b,staged,55,0.0,1.0,1,0,1.0,0.0,0.0,12.253118299995549,2,2,multi_gold,arc,0.0,0.0,0.0,0.0,0.0,0.0,0.0,0.0,0.0,0.0,0.0,0.0,0.0,0.0,0.0,0.0,0.0,0.0,0.0,0.0,0.0,0.0,0.0,0.0,0.0,0.0,1.0,1.0,0.5,1.0,1.0,0.9,1.0,1.0,0.5,1.0,1.0,0.9,0.5310259262712439
nvbench2:test:553,553,qwen3:14b,staged,55,0.0,1.0,1,0,1.0,0.0,0.0,11.548720799968578,3,3,multi_gold,bar,0.0,0.0,0.0,0.0,0.0,0.0,0.0,0.0,0.0,0.0,0.0,0.0,0.0,0.0,0.0,0.0,0.0,0.0,0.0,0.0,0.0,0.0,0.0,0.0,0.0,0.0,1.0,1.0,0.5,1.0,1.0,0.9,1.0,1.0,0.5,1.0,1.0,0.9,0.40642634118843207
nvbench2:test:554,554,qwen3:14b,staged,55,0.0,1.0,1,0,1.0,0.0,0.0,12.652424999978393,2,2,multi_gold,arc,0.0,0.0,0.0,0.0,0.0,0.0,0.0,0.0,0.0,0.0,0.0,0.0,0.0,0.0,0.0,0.0,0.0,0.0,0.0,0.0,0.0,0.0,0.0,0.0,0.0,0.0,1.0,1.0,0.5,1.0,1.0,0.9,1.0,1.0,0.5,1.0,1.0,0.9,0.5310259262712439
nvbench2:test:556,556,qwen3:14b,staged,55,0.0,1.0,1,1,1.0,1.0,1.0,13.078834300045855,2,1,single_gold,rect,1.0,1.0,1.0,1.0,1.0,1.0,1.0,1.0,1.0,1.0,1.0,1.0,1.0,1.0,1.0,1.0,1.0,1.0,1.0,1.0,1.0,1.0,1.0,1.0,1.0,1.0,1.0,1.0,1.0,1.0,1.0,1.0,1.0,1.0,1.0,1.0,1.0,1.0,1.0
nvbench2:test:558,558,qwen3:14b,staged,55,0.0,1.0,2,0,1.0,0.0,0.0,20.048382599954493,2,2,multi_gold,arc,0.0,0.0,0.0,0.0,0.0,0.0,0.0,0.0,0.0,0.0,0.0,0.0,0.0,0.0,0.0,0.0,0.0,0.0,0.0,0.0,0.0,0.0,0.0,0.0,0.0,0.0,0.0,0.4,0.4,0.0,0.0,0.16,0.0,0.4,0.4,0.0,0.0,0.16,0.11728713807222
nvbench2:test:561,561,qwen3:14b,staged,55,0.0,1.0,1,1,1.0,1.0,1.0,11.405290200025775,5,5,multi_gold,line,1.0,1.0,0.2,1.0,0.33333333333333337,1.0,0.2,1.0,0.33333333333333337,1.0,0.2,1.0,0.33333333333333337,1.0,1.0,0.2,1.0,0.33333333333333337,1.0,0.2,1.0,0.33333333333333337,1.0,0.2,1.0,0.33333333333333337,1.0,1.0,1.0,1.0,1.0,1.0,1.0,1.0,1.0,1.0,1.0,1.0,0.3391602052736161
nvbench2:test:566,566,qwen3:14b,staged,55,0.0,1.0,1,0,1.0,0.0,0.0,11.971722700051032,4,4,multi_gold,boxplot,0.0,0.0,0.0,0.0,0.0,0.0,0.0,0.0,0.0,0.0,0.0,0.0,0.0,0.0,0.0,0.0,0.0,0.0,0.0,0.0,0.0,0.0,0.0,0.0,0.0,0.0,1.0,1.0,1.0,0.0,1.0,0.8,1.0,1.0,1.0,0.0,1.0,0.8,0.28931109484828477
nvbench2:test:574,574,qwen3:14b,staged,55,0.0,1.0,2,2,1.0,1.0,1.0,11.57252290006727,5,5,multi_gold,bar,0.0,0.0,0.0,0.0,0.0,0.0,0.0,0.0,0.0,0.0,0.0,0.0,0.0,0.0,0.0,0.0,0.0,0.0,0.0,0.0,0.0,0.0,0.0,0.0,0.0,0.0,1.0,0.8,0.4,0.0,1.0,0.64,1.0,0.8,0.4,0.0,1.0,0.64,0.30883780358102547
nvbench2:test:577,577,qwen3:14b,staged,55,0.0,1.0,1,1,1.0,1.0,1.0,11.515555699937977,5,5,multi_gold,line,1.0,1.0,0.2,1.0,0.33333333333333337,1.0,0.2,1.0,0.33333333333333337,1.0,0.2,1.0,0.33333333333333337,1.0,1.0,0.2,1.0,0.33333333333333337,1.0,0.2,1.0,0.33333333333333337,1.0,0.2,1.0,0.33333333333333337,1.0,1.0,1.0,1.0,1.0,1.0,1.0,1.0,1.0,1.0,1.0,1.0,0.3391602052736161
nvbench2:test:578,578,qwen3:14b,staged,55,0.0,1.0,1,0,1.0,0.0,0.0,12.095665400032885,3,3,multi_gold,arc,0.0,0.0,0.0,0.0,0.0,0.0,0.0,0.0,0.0,0.0,0.0,0.0,0.0,0.0,0.0,0.0,0.0,0.0,0.0,0.0,0.0,0.0,0.0,0.0,0.0,0.0,1.0,1.0,0.5,1.0,1.0,0.9,1.0,1.0,0.5,1.0,1.0,0.9,0.40642634118843207
nvbench2:test:583,583,qwen3:14b,staged,55,0.0,1.0,3,3,1.0,1.0,1.0,14.955185599974357,4,4,multi_gold,rect,0.0,0.0,0.0,0.0,0.0,0.0,0.0,0.0,0.0,0.0,0.0,0.0,0.0,0.0,0.0,0.0,0.0,0.0,0.0,0.0,0.0,0.0,0.0,0.0,0.0,0.0,1.0,1.0,0.3333333333333333,0.0,1.0,0.6666666666666667,1.0,1.0,0.6666666666666666,0.0,1.0,0.7333333333333333,0.5217876886111038
nvbench2:test:589,589,qwen3:14b,staged,55,0.0,1.0,1,1,1.0,1.0,1.0,10.106459700036794,2,2,multi_gold,arc,1.0,1.0,0.5,1.0,0.6666666666666666,1.0,0.5,1.0,0.6666666666666666,1.0,0.5,1.0,0.6666666666666666,1.0,1.0,0.5,1.0,0.6666666666666666,1.0,0.5,1.0,0.6666666666666666,1.0,0.5,1.0,0.6666666666666666,1.0,1.0,1.0,1.0,1.0,1.0,1.0,1.0,1.0,1.0,1.0,1.0,0.6131471927654584
nvbench2:test:609,609,qwen3:14b,staged,55,0.0,1.0,5,5,1.0,1.0,1.0,16.566256299964152,2,2,multi_gold,point,0.2,0.0,0.0,0.0,0.0,0.0,0.0,0.0,0.0,1.0,0.5,0.2,0.28571428571428575,0.2,0.0,0.0,0.0,0.0,0.0,0.0,0.0,0.0,1.0,0.5,0.2,0.28571428571428575,0.0,1.0,1.0,0.0,1.0,0.6,1.0,1.0,1.0,1.0,1.0,1.0,1.1075906093238939
nvbench2:test:610,610,qwen3:14b,staged,55,0.0,1.0,1,1,1.0,1.0,1.0,10.779948299983516,2,2,multi_gold,bar,0.0,0.0,0.0,0.0,0.0,0.0,0.0,0.0,0.0,0.0,0.0,0.0,0.0,0.0,0.0,0.0,0.0,0.0,0.0,0.0,0.0,0.0,0.0,0.0,0.0,0.0,1.0,1.0,0.0,1.0,1.0,0.8,1.0,1.0,0.0,1.0,1.0,0.8,0.4544040753253556
nvbench2:test:611,611,qwen3:14b,staged,55,0.0,1.0,3,1,1.0,1.0,0.0,19.904172400012612,2,2,multi_gold,bar+line,0.0,0.0,0.0,0.0,0.0,0.0,0.0,0.0,0.0,0.0,0.0,0.0,0.0,0.0,0.0,0.0,0.0,0.0,0.0,0.0,0.0,0.0,0.0,0.0,0.0,0.0,1.0,1.0,0.5,0.0,1.0,0.7,1.0,1.0,0.5,0.0,1.0,0.7,0.6411057291972561
nvbench2:test:622,622,qwen3:14b,staged,55,0.0,1.0,1,1,1.0,1.0,1.0,12.070903500076383,4,4,multi_gold,line,0.0,0.0,0.0,0.0,0.0,0.0,0.0,0.0,0.0,0.0,0.0,0.0,0.0,0.0,0.0,0.0,0.0,0.0,0.0,0.0,0.0,0.0,0.0,0.0,0.0,0.0,1.0,0.8,0.8,0.0,1.0,0.72,1.0,0.8,0.8,0.0,1.0,0.72,0.25264695499582046
nvbench2:test:623,623,qwen3:14b,staged,55,0.0,1.0,1,1,1.0,1.0,1.0,13.360510000027716,2,2,multi_gold,arc,0.0,0.0,0.0,0.0,0.0,0.0,0.0,0.0,0.0,0.0,0.0,0.0,0.0,0.0,0.0,0.0,0.0,0.0,0.0,0.0,0.0,0.0,0.0,0.0,0.0,0.0,1.0,1.0,1.0,0.5,1.0,0.9,1.0,1.0,1.0,0.5,1.0,0.9,0.5310259262712439
nvbench2:test:634,634,qwen3:14b,staged,55,0.0,1.0,1,1,1.0,1.0,1.0,16.4802641000133,2,2,multi_gold,boxplot,0.0,0.0,0.0,0.0,0.0,0.0,0.0,0.0,0.0,0.0,0.0,0.0,0.0,0.0,0.0,0.0,0.0,0.0,0.0,0.0,0.0,0.0,0.0,0.0,0.0,0.0,1.0,1.0,1.0,0.0,0.0,0.6,1.0,1.0,1.0,0.0,0.0,0.6,0.3162101650184913
nvbench2:test:636,636,qwen3:14b,staged,55,0.0,1.0,1,1,1.0,1.0,1.0,12.6091749999905,2,2,multi_gold,arc,0.0,0.0,0.0,0.0,0.0,0.0,0.0,0.0,0.0,0.0,0.0,0.0,0.0,0.0,0.0,0.0,0.0,0.0,0.0,0.0,0.0,0.0,0.0,0.0,0.0,0.0,1.0,1.0,0.6666666666666666,1.0,1.0,0.9333333333333333,1.0,1.0,0.6666666666666666,1.0,1.0,0.9333333333333333,0.5577697051812209
nvbench2:test:637,637,qwen3:14b,staged,55,0.0,1.0,1,0,1.0,0.0,0.0,15.119033099967055,2,2,multi_gold,line,0.0,0.0,0.0,0.0,0.0,0.0,0.0,0.0,0.0,0.0,0.0,0.0,0.0,0.0,0.0,0.0,0.0,0.0,0.0,0.0,0.0,0.0,0.0,0.0,0.0,0.0,1.0,0.8,0.8,0.6666666666666666,0.0,0.6533333333333333,1.0,0.8,0.8,0.6666666666666666,0.0,0.6533333333333333,0.3512094463502383
nvbench2:test:642,642,qwen3:14b,staged,55,0.0,1.0,1,1,1.0,1.0,1.0,14.0681977000786,2,2,multi_gold,boxplot,0.0,0.0,0.0,0.0,0.0,0.0,0.0,0.0,0.0,0.0,0.0,0.0,0.0,0.0,0.0,0.0,0.0,0.0,0.0,0.0,0.0,0.0,0.0,0.0,0.0,0.0,1.0,1.0,0.0,0.0,0.0,0.4,1.0,1.0,0.0,0.0,0.0,0.4,0.19590537855675663
nvbench2:test:647,647,qwen3:14b,staged,55,0.0,1.0,1,0,1.0,0.0,0.0,17.49122940003872,4,4,multi_gold,bar+line+point,0.0,0.0,0.0,0.0,0.0,0.0,0.0,0.0,0.0,0.0,0.0,0.0,0.0,0.0,0.0,0.0,0.0,0.0,0.0,0.0,0.0,0.0,0.0,0.0,0.0,0.0,1.0,1.0,0.3333333333333333,0.6666666666666666,0.0,0.6,1.0,1.0,0.3333333333333333,0.6666666666666666,0.0,0.6,0.2013254590160842
nvbench2:test:649,649,qwen3:14b,staged,55,0.0,1.0,4,0,1.0,0.0,0.0,23.942726299981587,4,4,multi_gold,rect,0.0,0.0,0.0,0.0,0.0,0.0,0.0,0.0,0.0,0.0,0.0,0.0,0.0,0.0,0.0,0.0,0.0,0.0,0.0,0.0,0.0,0.0,0.0,0.0,0.0,0.0,1.0,1.0,0.0,0.5,0.0,0.5,1.0,1.0,0.0,0.5,0.0,0.5,0.4142135623730951
nvbench2:test:651,651,qwen3:14b,staged,55,0.0,1.0,4,2,1.0,1.0,0.0,30.931595299975015,3,3,multi_gold,point,0.0,0.0,0.0,0.0,0.0,0.0,0.0,0.0,0.0,0.0,0.0,0.0,0.0,0.0,0.0,0.0,0.0,0.0,0.0,0.0,0.0,0.0,0.0,0.0,0.0,0.0,0.0,0.6666666666666666,0.3333333333333333,0.0,0.0,0.2,0.0,0.6666666666666666,0.3333333333333333,0.0,0.0,0.2,0.15609585897987785
nvbench2:test:658,658,qwen3:14b,staged,55,0.0,1.0,1,0,1.0,0.0,0.0,16.64927080005873,3,3,multi_gold,bar,0.0,0.0,0.0,0.0,0.0,0.0,0.0,0.0,0.0,0.0,0.0,0.0,0.0,0.0,0.0,0.0,0.0,0.0,0.0,0.0,0.0,0.0,0.0,0.0,0.0,0.0,1.0,1.0,0.5,0.5,0.0,0.6,1.0,1.0,0.5,0.5,0.0,0.6,0.2420148133208297
nvbench2:test:663,663,qwen3:14b,staged,55,0.0,1.0,5,3,1.0,1.0,0.0,24.526770600001328,2,2,multi_gold,point,0.0,0.0,0.0,0.0,0.0,0.0,0.0,0.0,0.0,0.0,0.0,0.0,0.0,0.0,0.0,0.0,0.0,0.0,0.0,0.0,0.0,0.0,0.0,0.0,0.0,0.0,0.0,0.8,0.0,0.0,1.0,0.36,0.0,0.8,0.4,0.0,1.0,0.44000000000000006,0.5387717982549195
nvbench2:test:665,665,qwen3:14b,staged,55,0.0,1.0,1,1,1.0,1.0,1.0,12.55365759995766,5,5,multi_gold,point,0.0,0.0,0.0,0.0,0.0,0.0,0.0,0.0,0.0,0.0,0.0,0.0,0.0,0.0,0.0,0.0,0.0,0.0,0.0,0.0,0.0,0.0,0.0,0.0,0.0,0.0,1.0,0.6666666666666666,0.0,0.0,1.0,0.5333333333333333,1.0,0.6666666666666666,0.0,0.0,1.0,0.5333333333333333,0.1516959263828524
nvbench2:test:666,666,qwen3:14b,staged,55,0.0,1.0,1,0,1.0,0.0,0.0,14.79709470004309,2,2,multi_gold,arc,0.0,0.0,0.0,0.0,0.0,0.0,0.0,0.0,0.0,0.0,0.0,0.0,0.0,0.0,0.0,0.0,0.0,0.0,0.0,0.0,0.0,0.0,0.0,0.0,0.0,0.0,1.0,1.0,0.5,0.0,1.0,0.7,1.0,1.0,0.5,0.0,1.0,0.7,0.38291336052022606
nvbench2:test:676,676,qwen3:14b,staged,55,0.0,1.0,1,0,1.0,0.0,0.0,13.455646499991417,2,2,multi_gold,line,0.0,0.0,0.0,0.0,0.0,0.0,0.0,0.0,0.0,0.0,0.0,0.0,0.0,0.0,0.0,0.0,0.0,0.0,0.0,0.0,0.0,0.0,0.0,0.0,0.0,0.0,1.0,1.0,1.0,0.0,1.0,0.8,1.0,1.0,1.0,0.0,1.0,0.8,0.4544040753253556
nvbench2:test:677,677,qwen3:14b,staged,55,0.0,1.0,1,0,1.0,0.0,0.0,11.16066639998462,2,2,multi_gold,arc,0.0,0.0,0.0,0.0,0.0,0.0,0.0,0.0,0.0,0.0,0.0,0.0,0.0,0.0,0.0,0.0,0.0,0.0,0.0,0.0,0.0,0.0,0.0,0.0,0.0,0.0,1.0,1.0,0.5,0.0,1.0,0.7,1.0,1.0,0.5,0.0,1.0,0.7,0.38291336052022606
nvbench2:test:685,685,qwen3:14b,staged,55,0.0,1.0,2,0,1.0,0.0,0.0,13.187471100012772,3,3,multi_gold,point,0.0,0.0,0.0,0.0,0.0,0.0,0.0,0.0,0.0,0.0,0.0,0.0,0.0,0.0,0.0,0.0,0.0,0.0,0.0,0.0,0.0,0.0,0.0,0.0,0.0,0.0,0.0,0.6666666666666666,0.0,0.0,1.0,0.3333333333333333,0.0,0.6666666666666666,0.0,0.0,1.0,0.3333333333333333,0.19893334031429144
nvbench2:test:687,687,qwen3:14b,staged,55,0.0,1.0,1,1,1.0,1.0,1.0,14.378622999996878,2,2,multi_gold,boxplot,0.0,0.0,0.0,0.0,0.0,0.0,0.0,0.0,0.0,0.0,0.0,0.0,0.0,0.0,0.0,0.0,0.0,0.0,0.0,0.0,0.0,0.0,0.0,0.0,0.0,0.0,1.0,1.0,0.5,1.0,1.0,0.9,1.0,1.0,0.5,1.0,1.0,0.9,0.5310259262712439
nvbench2:test:688,688,qwen3:14b,staged,55,0.0,1.0,3,2,1.0,1.0,0.0,16.70331090001855,2,2,multi_gold,boxplot,0.0,0.0,0.0,0.0,0.0,0.0,0.0,0.0,0.0,0.0,0.0,0.0,0.0,0.0,0.0,0.0,0.0,0.0,0.0,0.0,0.0,0.0,0.0,0.0,0.0,0.0,0.0,1.0,0.0,0.0,1.0,0.4,1.0,1.0,0.0,0.0,1.0,0.6,0.4776129932821399
nvbench2:test:695,695,qwen3:14b,staged,55,0.0,1.0,1,0,1.0,0.0,0.0,16.585589099908248,2,2,multi_gold,point,0.0,0.0,0.0,0.0,0.0,0.0,0.0,0.0,0.0,0.0,0.0,0.0,0.0,0.0,0.0,0.0,0.0,0.0,0.0,0.0,0.0,0.0,0.0,0.0,0.0,0.0,1.0,0.6666666666666666,0.0,0.0,1.0,0.5333333333333333,1.0,0.6666666666666666,0.0,0.0,1.0,0.5333333333333333,0.27424187734691513
nvbench2:test:703,703,qwen3:14b,staged,55,0.0,1.0,1,0,1.0,0.0,0.0,13.581051900051534,4,4,multi_gold,arc,0.0,0.0,0.0,0.0,0.0,0.0,0.0,0.0,0.0,0.0,0.0,0.0,0.0,0.0,0.0,0.0,0.0,0.0,0.0,0.0,0.0,0.0,0.0,0.0,0.0,0.0,1.0,1.0,0.5,0.0,0.0,0.5,1.0,1.0,0.5,0.0,0.0,0.5,0.16170071118661541
nvbench2:test:705,705,qwen3:14b,staged,55,0.0,1.0,1,1,1.0,1.0,1.0,14.611676699947566,2,2,multi_gold,arc,0.0,0.0,0.0,0.0,0.0,0.0,0.0,0.0,0.0,0.0,0.0,0.0,0.0,0.0,0.0,0.0,0.0,0.0,0.0,0.0,0.0,0.0,0.0,0.0,0.0,0.0,1.0,1.0,0.5,0.6666666666666666,1.0,0.8333333333333334,1.0,1.0,0.5,0.6666666666666666,1.0,0.8333333333333334,0.47935690336673037
nvbench2:test:707,707,qwen3:14b,staged,55,0.0,1.0,1,1,1.0,1.0,1.0,13.927925700088963,4,4,multi_gold,arc,0.0,0.0,0.0,0.0,0.0,0.0,0.0,0.0,0.0,0.0,0.0,0.0,0.0,0.0,0.0,0.0,0.0,0.0,0.0,0.0,0.0,0.0,0.0,0.0,0.0,0.0,1.0,1.0,0.5,0.6666666666666666,1.0,0.8333333333333334,1.0,1.0,0.5,0.6666666666666666,1.0,0.8333333333333334,0.3051981222589482
nvbench2:test:711,711,qwen3:14b,staged,55,0.0,1.0,1,1,1.0,1.0,1.0,11.42381910001859,2,2,multi_gold,boxplot,0.0,0.0,0.0,0.0,0.0,0.0,0.0,0.0,0.0,0.0,0.0,0.0,0.0,0.0,0.0,0.0,0.0,0.0,0.0,0.0,0.0,0.0,0.0,0.0,0.0,0.0,1.0,1.0,0.0,0.0,1.0,0.6,1.0,1.0,0.0,0.0,1.0,0.6,0.3162101650184913
nvbench2:test:727,727,qwen3:14b,staged,55,0.0,1.0,5,0,1.0,0.0,0.0,20.654418099904433,2,2,multi_gold,bar,0.0,0.0,0.0,0.0,0.0,0.0,0.0,0.0,0.0,0.0,0.0,0.0,0.0,0.0,0.0,0.0,0.0,0.0,0.0,0.0,0.0,0.0,0.0,0.0,0.0,0.0,1.0,0.8,0.4,0.6666666666666666,1.0,0.7733333333333333,1.0,0.8,0.8,0.6666666666666666,1.0,0.8533333333333333,1.301968532682483
nvbench2:test:730,730,qwen3:14b,staged,55,0.0,1.0,2,0,1.0,0.0,0.0,14.350470600067638,3,3,multi_gold,arc,0.0,0.0,0.0,0.0,0.0,0.0,0.0,0.0,0.0,0.0,0.0,0.0,0.0,0.0,0.0,0.0,0.0,0.0,0.0,0.0,0.0,0.0,0.0,0.0,0.0,0.0,0.0,0.0,0.0,0.0,1.0,0.2,0.0,0.0,0.0,0.0,1.0,0.2,0.11380786769969098
nvbench2:test:731,731,qwen3:14b,staged,55,0.0,1.0,1,1,1.0,1.0,1.0,13.883123900042847,2,2,multi_gold,bar,0.0,0.0,0.0,0.0,0.0,0.0,0.0,0.0,0.0,0.0,0.0,0.0,0.0,0.0,0.0,0.0,0.0,0.0,0.0,0.0,0.0,0.0,0.0,0.0,0.0,0.0,1.0,0.8,0.8,1.0,0.0,0.72,1.0,0.8,0.8,1.0,0.0,0.72,0.39681784768346284
nvbench2:test:732,732,qwen3:14b,staged,55,0.0,1.0,3,3,1.0,1.0,1.0,14.97568119992502,2,2,multi_gold,boxplot,0.0,0.0,0.0,0.0,0.0,0.0,0.0,0.0,0.0,0.0,0.0,0.0,0.0,0.0,0.0,0.0,0.0,0.0,0.0,0.0,0.0,0.0,0.0,0.0,0.0,0.0,1.0,1.0,1.0,0.0,1.0,0.8,1.0,1.0,1.0,0.0,1.0,0.8,0.9325578068523613
nvbench2:test:736,736,qwen3:14b,staged,55,0.0,1.0,1,1,1.0,1.0,1.0,12.901421600021422,3,3,multi_gold,bar,0.0,0.0,0.0,0.0,0.0,0.0,0.0,0.0,0.0,0.0,0.0,0.0,0.0,0.0,0.0,0.0,0.0,0.0,0.0,0.0,0.0,0.0,0.0,0.0,0.0,0.0,1.0,0.8,0.0,0.0,1.0,0.5599999999999999,1.0,0.8,0.0,0.0,1.0,0.5599999999999999,0.2225644540821778
nvbench2:test:737,737,qwen3:14b,staged,55,0.0,1.0,1,0,1.0,0.0,0.0,13.944068699958734,5,5,multi_gold,arc,0.0,0.0,0.0,0.0,0.0,0.0,0.0,0.0,0.0,0.0,0.0,0.0,0.0,0.0,0.0,0.0,0.0,0.0,0.0,0.0,0.0,0.0,0.0,0.0,0.0,0.0,1.0,1.0,0.5,1.0,0.0,0.7,1.0,1.0,0.5,1.0,0.0,0.7,0.21180717369071872
nvbench2:test:741,741,qwen3:14b,staged,55,0.0,1.0,1,1,1.0,1.0,1.0,13.768579500028864,2,2,multi_gold,boxplot,0.0,0.0,0.0,0.0,0.0,0.0,0.0,0.0,0.0,0.0,0.0,0.0,0.0,0.0,0.0,0.0,0.0,0.0,0.0,0.0,0.0,0.0,0.0,0.0,0.0,0.0,1.0,1.0,1.0,1.0,1.0,1.0,1.0,1.0,1.0,1.0,1.0,1.0,0.6131471927654584
nvbench2:test:745,745,qwen3:14b,staged,55,0.0,1.0,1,0,1.0,0.0,0.0,13.795863899984397,3,3,multi_gold,boxplot,0.0,0.0,0.0,0.0,0.0,0.0,0.0,0.0,0.0,0.0,0.0,0.0,0.0,0.0,0.0,0.0,0.0,0.0,0.0,0.0,0.0,0.0,0.0,0.0,0.0,0.0,1.0,0.6666666666666666,0.6666666666666666,1.0,0.0,0.6666666666666666,1.0,0.6666666666666666,0.6666666666666666,1.0,0.0,0.6666666666666666,0.27565481733206354
