record_id,index,model,pool_name,seed,temperature,gold_family,rerank_applicable,parse_success,raw_union_count,invalid_unique_removed,pool_size,complete_pool_oracle,pool_mrr,pool_hit@1,pool_recall@1,pool_precision@1,pool_f1@1,pool_hit@2,pool_recall@2,pool_precision@2,pool_f1@2,pool_hit@3,pool_recall@3,pool_precision@3,pool_f1@3,pool_hit@4,pool_recall@4,pool_precision@4,pool_f1@4,pool_hit@5,pool_recall@5,pool_precision@5,pool_f1@5,pool_hit@6,pool_recall@6,pool_precision@6,pool_f1@6,pool_hit@7,pool_recall@7,pool_precision@7,pool_f1@7,pool_hit@8,pool_recall@8,pool_precision@8,pool_f1@8,pool_hit@9,pool_recall@9,pool_precision@9,pool_f1@9,pool_hit@10,pool_recall@10,pool_precision@10,pool_f1@10,pool_hit@11,pool_recall@11,pool_precision@11,pool_f1@11,pool_hit@12,pool_recall@12,pool_precision@12,pool_f1@12,pool_hit@13,pool_recall@13,pool_precision@13,pool_f1@13,pool_hit@14,pool_recall@14,pool_precision@14,pool_f1@14,pool_hit@15,pool_recall@15,pool_precision@15,pool_f1@15,pool_hit@16,pool_recall@16,pool_precision@16,pool_f1@16,pool_hit@17,pool_recall@17,pool_precision@17,pool_f1@17,pool_hit@18,pool_recall@18,pool_precision@18,pool_f1@18,pool_hit@19,pool_recall@19,pool_precision@19,pool_f1@19,pool_hit@20,pool_recall@20,pool_precision@20,pool_f1@20,rrf_mrr,rrf_hit@1,rrf_recall@1,rrf_precision@1,rrf_f1@1,rrf_hit@3,rrf_recall@3,rrf_precision@3,rrf_f1@3,rrf_hit@5,rrf_recall@5,rrf_precision@5,rrf_f1@5,llm_mrr,llm_hit@1,llm_recall@1,llm_precision@1,llm_f1@1,llm_hit@3,llm_recall@3,llm_precision@3,llm_f1@3,llm_hit@5,llm_recall@5,llm_precision@5,llm_f1@5,pool_best_graded,rrf_top1_graded,rrf_best5_graded,llm_top1_graded,llm_best5_graded,elapsed_seconds,paired_llm_minus_rrf_hit1
nvbench2:test:7,7,qwen3:14b,combined,77,0.0,bar,1.0,1.0,20,2,18,1.0,0.08333333333333333,0.0,0.0,0.0,0.0,0.0,0.0,0.0,0.0,0.0,0.0,0.0,0.0,0.0,0.0,0.0,0.0,0.0,0.0,0.0,0.0,0.0,0.0,0.0,0.0,0.0,0.0,0.0,0.0,0.0,0.0,0.0,0.0,0.0,0.0,0.0,0.0,0.0,0.0,0.0,0.0,0.0,0.0,0.0,0.0,1.0,0.2,0.08333333333333333,0.11764705882352941,1.0,0.2,0.07692307692307693,0.1111111111111111,1.0,0.2,0.07142857142857142,0.10526315789473682,1.0,0.2,0.06666666666666667,0.1,1.0,0.2,0.0625,0.09523809523809523,1.0,0.2,0.058823529411764705,0.0909090909090909,1.0,0.2,0.05555555555555555,0.08695652173913045,1.0,0.2,0.05555555555555555,0.08695652173913045,1.0,0.2,0.05555555555555555,0.08695652173913045,0.0,0.0,0.0,0.0,0.0,0.0,0.0,0.0,0.0,0.0,0.0,0.0,0.0,0.0,0.0,0.0,0.0,0.0,0.0,0.0,0.0,0.0,0.0,0.0,0.0,0.0,1.0,0.8,0.8,0.8,0.8,4.664694541,0.0
nvbench2:test:11,11,qwen3:14b,combined,77,0.0,point,1.0,1.0,22,6,16,0.0,0.0,0.0,0.0,0.0,0.0,0.0,0.0,0.0,0.0,0.0,0.0,0.0,0.0,0.0,0.0,0.0,0.0,0.0,0.0,0.0,0.0,0.0,0.0,0.0,0.0,0.0,0.0,0.0,0.0,0.0,0.0,0.0,0.0,0.0,0.0,0.0,0.0,0.0,0.0,0.0,0.0,0.0,0.0,0.0,0.0,0.0,0.0,0.0,0.0,0.0,0.0,0.0,0.0,0.0,0.0,0.0,0.0,0.0,0.0,0.0,0.0,0.0,0.0,0.0,0.0,0.0,0.0,0.0,0.0,0.0,0.0,0.0,0.0,0.0,0.0,0.0,0.0,0.0,0.0,0.0,0.0,0.0,0.0,0.0,0.0,0.0,0.0,0.0,0.0,0.0,0.0,0.0,0.0,0.0,0.0,0.0,0.0,0.0,0.0,0.0,0.0,0.0,0.0,0.0,0.0,0.0,0.0,0.5599999999999999,0.5599999999999999,0.5599999999999999,0.5599999999999999,0.5599999999999999,4.598936458999999,0.0
nvbench2:test:18,18,qwen3:14b,combined,77,0.0,rect,1.0,1.0,20,12,8,0.0,0.0,0.0,0.0,0.0,0.0,0.0,0.0,0.0,0.0,0.0,0.0,0.0,0.0,0.0,0.0,0.0,0.0,0.0,0.0,0.0,0.0,0.0,0.0,0.0,0.0,0.0,0.0,0.0,0.0,0.0,0.0,0.0,0.0,0.0,0.0,0.0,0.0,0.0,0.0,0.0,0.0,0.0,0.0,0.0,0.0,0.0,0.0,0.0,0.0,0.0,0.0,0.0,0.0,0.0,0.0,0.0,0.0,0.0,0.0,0.0,0.0,0.0,0.0,0.0,0.0,0.0,0.0,0.0,0.0,0.0,0.0,0.0,0.0,0.0,0.0,0.0,0.0,0.0,0.0,0.0,0.0,0.0,0.0,0.0,0.0,0.0,0.0,0.0,0.0,0.0,0.0,0.0,0.0,0.0,0.0,0.0,0.0,0.0,0.0,0.0,0.0,0.0,0.0,0.0,0.0,0.0,0.0,0.7333333333333333,0.24000000000000005,0.7333333333333333,0.4666666666666667,0.4666666666666667,3.288447584,0.0
nvbench2:test:20,20,qwen3:14b,combined,77,0.0,arc,1.0,1.0,14,4,10,1.0,0.14285714285714285,0.0,0.0,0.0,0.0,0.0,0.0,0.0,0.0,0.0,0.0,0.0,0.0,0.0,0.0,0.0,0.0,0.0,0.0,0.0,0.0,0.0,0.0,0.0,0.0,1.0,0.5,0.14285714285714285,0.22222222222222224,1.0,1.0,0.25,0.4,1.0,1.0,0.2222222222222222,0.3636363636363636,1.0,1.0,0.2,0.33333333333333337,1.0,1.0,0.2,0.33333333333333337,1.0,1.0,0.2,0.33333333333333337,1.0,1.0,0.2,0.33333333333333337,1.0,1.0,0.2,0.33333333333333337,1.0,1.0,0.2,0.33333333333333337,1.0,1.0,0.2,0.33333333333333337,1.0,1.0,0.2,0.33333333333333337,1.0,1.0,0.2,0.33333333333333337,1.0,1.0,0.2,0.33333333333333337,1.0,1.0,0.2,0.33333333333333337,0.0,0.0,0.0,0.0,0.0,0.0,0.0,0.0,0.0,0.0,0.0,0.0,0.0,0.0,0.0,0.0,0.0,0.0,0.0,0.0,0.0,0.0,0.0,0.0,0.0,0.0,1.0,0.9,1.0,0.9,1.0,3.6447328750000008,0.0
nvbench2:test:25,25,qwen3:14b,combined,77,0.0,boxplot,1.0,1.0,24,19,5,0.0,0.0,0.0,0.0,0.0,0.0,0.0,0.0,0.0,0.0,0.0,0.0,0.0,0.0,0.0,0.0,0.0,0.0,0.0,0.0,0.0,0.0,0.0,0.0,0.0,0.0,0.0,0.0,0.0,0.0,0.0,0.0,0.0,0.0,0.0,0.0,0.0,0.0,0.0,0.0,0.0,0.0,0.0,0.0,0.0,0.0,0.0,0.0,0.0,0.0,0.0,0.0,0.0,0.0,0.0,0.0,0.0,0.0,0.0,0.0,0.0,0.0,0.0,0.0,0.0,0.0,0.0,0.0,0.0,0.0,0.0,0.0,0.0,0.0,0.0,0.0,0.0,0.0,0.0,0.0,0.0,0.0,0.0,0.0,0.0,0.0,0.0,0.0,0.0,0.0,0.0,0.0,0.0,0.0,0.0,0.0,0.0,0.0,0.0,0.0,0.0,0.0,0.0,0.0,0.0,0.0,0.0,0.0,0.7,0.7,0.7,0.7,0.7,3.0774420000000013,0.0
nvbench2:test:26,26,qwen3:14b,combined,77,0.0,boxplot,1.0,1.0,27,18,9,0.0,0.0,0.0,0.0,0.0,0.0,0.0,0.0,0.0,0.0,0.0,0.0,0.0,0.0,0.0,0.0,0.0,0.0,0.0,0.0,0.0,0.0,0.0,0.0,0.0,0.0,0.0,0.0,0.0,0.0,0.0,0.0,0.0,0.0,0.0,0.0,0.0,0.0,0.0,0.0,0.0,0.0,0.0,0.0,0.0,0.0,0.0,0.0,0.0,0.0,0.0,0.0,0.0,0.0,0.0,0.0,0.0,0.0,0.0,0.0,0.0,0.0,0.0,0.0,0.0,0.0,0.0,0.0,0.0,0.0,0.0,0.0,0.0,0.0,0.0,0.0,0.0,0.0,0.0,0.0,0.0,0.0,0.0,0.0,0.0,0.0,0.0,0.0,0.0,0.0,0.0,0.0,0.0,0.0,0.0,0.0,0.0,0.0,0.0,0.0,0.0,0.0,0.0,0.0,0.0,0.0,0.0,0.0,0.5,0.0,0.4,0.4,0.4,3.203114792000001,0.0
nvbench2:test:31,31,qwen3:14b,combined,77,0.0,rect,1.0,1.0,26,11,15,0.0,0.0,0.0,0.0,0.0,0.0,0.0,0.0,0.0,0.0,0.0,0.0,0.0,0.0,0.0,0.0,0.0,0.0,0.0,0.0,0.0,0.0,0.0,0.0,0.0,0.0,0.0,0.0,0.0,0.0,0.0,0.0,0.0,0.0,0.0,0.0,0.0,0.0,0.0,0.0,0.0,0.0,0.0,0.0,0.0,0.0,0.0,0.0,0.0,0.0,0.0,0.0,0.0,0.0,0.0,0.0,0.0,0.0,0.0,0.0,0.0,0.0,0.0,0.0,0.0,0.0,0.0,0.0,0.0,0.0,0.0,0.0,0.0,0.0,0.0,0.0,0.0,0.0,0.0,0.0,0.0,0.0,0.0,0.0,0.0,0.0,0.0,0.0,0.0,0.0,0.0,0.0,0.0,0.0,0.0,0.0,0.0,0.0,0.0,0.0,0.0,0.0,0.0,0.0,0.0,0.0,0.0,0.0,1.0,0.9333333333333332,1.0,1.0,1.0,4.882270667,0.0
nvbench2:test:35,35,qwen3:14b,combined,77,0.0,bar+line,1.0,1.0,18,1,17,0.0,0.0,0.0,0.0,0.0,0.0,0.0,0.0,0.0,0.0,0.0,0.0,0.0,0.0,0.0,0.0,0.0,0.0,0.0,0.0,0.0,0.0,0.0,0.0,0.0,0.0,0.0,0.0,0.0,0.0,0.0,0.0,0.0,0.0,0.0,0.0,0.0,0.0,0.0,0.0,0.0,0.0,0.0,0.0,0.0,0.0,0.0,0.0,0.0,0.0,0.0,0.0,0.0,0.0,0.0,0.0,0.0,0.0,0.0,0.0,0.0,0.0,0.0,0.0,0.0,0.0,0.0,0.0,0.0,0.0,0.0,0.0,0.0,0.0,0.0,0.0,0.0,0.0,0.0,0.0,0.0,0.0,0.0,0.0,0.0,0.0,0.0,0.0,0.0,0.0,0.0,0.0,0.0,0.0,0.0,0.0,0.0,0.0,0.0,0.0,0.0,0.0,0.0,0.0,0.0,0.0,0.0,0.0,0.9199999999999999,0.8400000000000001,0.8400000000000001,0.8400000000000001,0.8400000000000001,4.587024959000001,0.0
nvbench2:test:37,37,qwen3:14b,combined,77,0.0,arc,1.0,1.0,20,3,17,0.0,0.0,0.0,0.0,0.0,0.0,0.0,0.0,0.0,0.0,0.0,0.0,0.0,0.0,0.0,0.0,0.0,0.0,0.0,0.0,0.0,0.0,0.0,0.0,0.0,0.0,0.0,0.0,0.0,0.0,0.0,0.0,0.0,0.0,0.0,0.0,0.0,0.0,0.0,0.0,0.0,0.0,0.0,0.0,0.0,0.0,0.0,0.0,0.0,0.0,0.0,0.0,0.0,0.0,0.0,0.0,0.0,0.0,0.0,0.0,0.0,0.0,0.0,0.0,0.0,0.0,0.0,0.0,0.0,0.0,0.0,0.0,0.0,0.0,0.0,0.0,0.0,0.0,0.0,0.0,0.0,0.0,0.0,0.0,0.0,0.0,0.0,0.0,0.0,0.0,0.0,0.0,0.0,0.0,0.0,0.0,0.0,0.0,0.0,0.0,0.0,0.0,0.0,0.0,0.0,0.0,0.0,0.0,0.8,0.4,0.8,0.6,0.8,4.453763875,0.0
nvbench2:test:39,39,qwen3:14b,combined,77,0.0,bar,1.0,1.0,17,10,7,0.0,0.0,0.0,0.0,0.0,0.0,0.0,0.0,0.0,0.0,0.0,0.0,0.0,0.0,0.0,0.0,0.0,0.0,0.0,0.0,0.0,0.0,0.0,0.0,0.0,0.0,0.0,0.0,0.0,0.0,0.0,0.0,0.0,0.0,0.0,0.0,0.0,0.0,0.0,0.0,0.0,0.0,0.0,0.0,0.0,0.0,0.0,0.0,0.0,0.0,0.0,0.0,0.0,0.0,0.0,0.0,0.0,0.0,0.0,0.0,0.0,0.0,0.0,0.0,0.0,0.0,0.0,0.0,0.0,0.0,0.0,0.0,0.0,0.0,0.0,0.0,0.0,0.0,0.0,0.0,0.0,0.0,0.0,0.0,0.0,0.0,0.0,0.0,0.0,0.0,0.0,0.0,0.0,0.0,0.0,0.0,0.0,0.0,0.0,0.0,0.0,0.0,0.0,0.0,0.0,0.0,0.0,0.0,0.64,0.64,0.64,0.64,0.64,3.1364689159999983,0.0
nvbench2:test:62,62,qwen3:14b,combined,77,0.0,arc,1.0,1.0,18,13,5,1.0,0.5,0.0,0.0,0.0,0.0,1.0,0.3333333333333333,0.5,0.4,1.0,0.3333333333333333,0.3333333333333333,0.3333333333333333,1.0,0.3333333333333333,0.25,0.28571428571428575,1.0,0.3333333333333333,0.2,0.25,1.0,0.3333333333333333,0.2,0.25,1.0,0.3333333333333333,0.2,0.25,1.0,0.3333333333333333,0.2,0.25,1.0,0.3333333333333333,0.2,0.25,1.0,0.3333333333333333,0.2,0.25,1.0,0.3333333333333333,0.2,0.25,1.0,0.3333333333333333,0.2,0.25,1.0,0.3333333333333333,0.2,0.25,1.0,0.3333333333333333,0.2,0.25,1.0,0.3333333333333333,0.2,0.25,1.0,0.3333333333333333,0.2,0.25,1.0,0.3333333333333333,0.2,0.25,1.0,0.3333333333333333,0.2,0.25,1.0,0.3333333333333333,0.2,0.25,1.0,0.3333333333333333,0.2,0.25,0.5,0.0,0.0,0.0,0.0,1.0,0.3333333333333333,0.3333333333333333,0.3333333333333333,1.0,0.3333333333333333,0.2,0.25,0.5,0.0,0.0,0.0,0.0,1.0,0.3333333333333333,0.3333333333333333,0.3333333333333333,1.0,0.3333333333333333,0.2,0.25,1.0,1.0,1.0,1.0,1.0,2.781212291000003,0.0
nvbench2:test:70,70,qwen3:14b,combined,77,0.0,bar,1.0,1.0,23,15,8,0.0,0.0,0.0,0.0,0.0,0.0,0.0,0.0,0.0,0.0,0.0,0.0,0.0,0.0,0.0,0.0,0.0,0.0,0.0,0.0,0.0,0.0,0.0,0.0,0.0,0.0,0.0,0.0,0.0,0.0,0.0,0.0,0.0,0.0,0.0,0.0,0.0,0.0,0.0,0.0,0.0,0.0,0.0,0.0,0.0,0.0,0.0,0.0,0.0,0.0,0.0,0.0,0.0,0.0,0.0,0.0,0.0,0.0,0.0,0.0,0.0,0.0,0.0,0.0,0.0,0.0,0.0,0.0,0.0,0.0,0.0,0.0,0.0,0.0,0.0,0.0,0.0,0.0,0.0,0.0,0.0,0.0,0.0,0.0,0.0,0.0,0.0,0.0,0.0,0.0,0.0,0.0,0.0,0.0,0.0,0.0,0.0,0.0,0.0,0.0,0.0,0.0,0.0,0.0,0.0,0.0,0.0,0.0,0.9199999999999999,0.5333333333333333,0.9199999999999999,0.9199999999999999,0.9199999999999999,3.1792162919999996,0.0
nvbench2:test:79,79,qwen3:14b,combined,77,0.0,boxplot,1.0,1.0,27,1,26,0.0,0.0,0.0,0.0,0.0,0.0,0.0,0.0,0.0,0.0,0.0,0.0,0.0,0.0,0.0,0.0,0.0,0.0,0.0,0.0,0.0,0.0,0.0,0.0,0.0,0.0,0.0,0.0,0.0,0.0,0.0,0.0,0.0,0.0,0.0,0.0,0.0,0.0,0.0,0.0,0.0,0.0,0.0,0.0,0.0,0.0,0.0,0.0,0.0,0.0,0.0,0.0,0.0,0.0,0.0,0.0,0.0,0.0,0.0,0.0,0.0,0.0,0.0,0.0,0.0,0.0,0.0,0.0,0.0,0.0,0.0,0.0,0.0,0.0,0.0,0.0,0.0,0.0,0.0,0.0,0.0,0.0,0.0,0.0,0.0,0.0,0.0,0.0,0.0,0.0,0.0,0.0,0.0,0.0,0.0,0.0,0.0,0.0,0.0,0.0,0.0,0.0,0.0,0.0,0.0,0.0,0.0,0.0,0.9,0.8,0.8,0.8,0.8,5.681424458999999,0.0
nvbench2:test:90,90,qwen3:14b,combined,77,0.0,arc,1.0,1.0,17,9,8,1.0,0.3333333333333333,0.0,0.0,0.0,0.0,0.0,0.0,0.0,0.0,1.0,0.3333333333333333,0.3333333333333333,0.3333333333333333,1.0,0.3333333333333333,0.25,0.28571428571428575,1.0,0.3333333333333333,0.2,0.25,1.0,0.3333333333333333,0.16666666666666666,0.2222222222222222,1.0,0.3333333333333333,0.14285714285714285,0.2,1.0,0.3333333333333333,0.125,0.18181818181818182,1.0,0.3333333333333333,0.125,0.18181818181818182,1.0,0.3333333333333333,0.125,0.18181818181818182,1.0,0.3333333333333333,0.125,0.18181818181818182,1.0,0.3333333333333333,0.125,0.18181818181818182,1.0,0.3333333333333333,0.125,0.18181818181818182,1.0,0.3333333333333333,0.125,0.18181818181818182,1.0,0.3333333333333333,0.125,0.18181818181818182,1.0,0.3333333333333333,0.125,0.18181818181818182,1.0,0.3333333333333333,0.125,0.18181818181818182,1.0,0.3333333333333333,0.125,0.18181818181818182,1.0,0.3333333333333333,0.125,0.18181818181818182,1.0,0.3333333333333333,0.125,0.18181818181818182,0.3333333333333333,0.0,0.0,0.0,0.0,1.0,0.3333333333333333,0.3333333333333333,0.3333333333333333,1.0,0.3333333333333333,0.2,0.25,1.0,1.0,0.3333333333333333,1.0,0.5,1.0,0.3333333333333333,0.3333333333333333,0.3333333333333333,1.0,0.3333333333333333,0.2,0.25,1.0,0.6,1.0,1.0,1.0,3.0586551250000014,1.0
nvbench2:test:97,97,qwen3:14b,combined,77,0.0,line,1.0,1.0,22,11,11,1.0,1.0,1.0,0.2,1.0,0.33333333333333337,1.0,0.2,0.5,0.28571428571428575,1.0,0.2,0.3333333333333333,0.25,1.0,0.2,0.25,0.22222222222222224,1.0,0.2,0.2,0.20000000000000004,1.0,0.2,0.16666666666666666,0.1818181818181818,1.0,0.2,0.14285714285714285,0.16666666666666666,1.0,0.2,0.125,0.15384615384615385,1.0,0.2,0.1111111111111111,0.14285714285714285,1.0,0.2,0.1,0.13333333333333333,1.0,0.2,0.09090909090909091,0.12500000000000003,1.0,0.2,0.09090909090909091,0.12500000000000003,1.0,0.2,0.09090909090909091,0.12500000000000003,1.0,0.2,0.09090909090909091,0.12500000000000003,1.0,0.2,0.09090909090909091,0.12500000000000003,1.0,0.2,0.09090909090909091,0.12500000000000003,1.0,0.2,0.09090909090909091,0.12500000000000003,1.0,0.2,0.09090909090909091,0.12500000000000003,1.0,0.2,0.09090909090909091,0.12500000000000003,1.0,0.2,0.09090909090909091,0.12500000000000003,1.0,1.0,0.2,1.0,0.33333333333333337,1.0,0.2,0.3333333333333333,0.25,1.0,0.2,0.2,0.20000000000000004,0.25,0.0,0.0,0.0,0.0,0.0,0.0,0.0,0.0,1.0,0.2,0.2,0.20000000000000004,1.0,1.0,1.0,0.9333333333333332,1.0,3.366182875,-1.0
nvbench2:test:99,99,qwen3:14b,combined,77,0.0,boxplot,1.0,1.0,13,6,7,0.0,0.0,0.0,0.0,0.0,0.0,0.0,0.0,0.0,0.0,0.0,0.0,0.0,0.0,0.0,0.0,0.0,0.0,0.0,0.0,0.0,0.0,0.0,0.0,0.0,0.0,0.0,0.0,0.0,0.0,0.0,0.0,0.0,0.0,0.0,0.0,0.0,0.0,0.0,0.0,0.0,0.0,0.0,0.0,0.0,0.0,0.0,0.0,0.0,0.0,0.0,0.0,0.0,0.0,0.0,0.0,0.0,0.0,0.0,0.0,0.0,0.0,0.0,0.0,0.0,0.0,0.0,0.0,0.0,0.0,0.0,0.0,0.0,0.0,0.0,0.0,0.0,0.0,0.0,0.0,0.0,0.0,0.0,0.0,0.0,0.0,0.0,0.0,0.0,0.0,0.0,0.0,0.0,0.0,0.0,0.0,0.0,0.0,0.0,0.0,0.0,0.0,0.0,0.0,0.0,0.0,0.0,0.0,0.9,0.5,0.9,0.6,0.9,3.2311750000000004,0.0
nvbench2:test:102,102,qwen3:14b,combined,77,0.0,boxplot,1.0,1.0,15,8,7,0.0,0.0,0.0,0.0,0.0,0.0,0.0,0.0,0.0,0.0,0.0,0.0,0.0,0.0,0.0,0.0,0.0,0.0,0.0,0.0,0.0,0.0,0.0,0.0,0.0,0.0,0.0,0.0,0.0,0.0,0.0,0.0,0.0,0.0,0.0,0.0,0.0,0.0,0.0,0.0,0.0,0.0,0.0,0.0,0.0,0.0,0.0,0.0,0.0,0.0,0.0,0.0,0.0,0.0,0.0,0.0,0.0,0.0,0.0,0.0,0.0,0.0,0.0,0.0,0.0,0.0,0.0,0.0,0.0,0.0,0.0,0.0,0.0,0.0,0.0,0.0,0.0,0.0,0.0,0.0,0.0,0.0,0.0,0.0,0.0,0.0,0.0,0.0,0.0,0.0,0.0,0.0,0.0,0.0,0.0,0.0,0.0,0.0,0.0,0.0,0.0,0.0,0.0,0.0,0.0,0.0,0.0,0.0,0.9,0.5,0.9,0.7,0.9,3.263764583000004,0.0
nvbench2:test:105,105,qwen3:14b,combined,77,0.0,arc,1.0,1.0,19,15,4,0.0,0.0,0.0,0.0,0.0,0.0,0.0,0.0,0.0,0.0,0.0,0.0,0.0,0.0,0.0,0.0,0.0,0.0,0.0,0.0,0.0,0.0,0.0,0.0,0.0,0.0,0.0,0.0,0.0,0.0,0.0,0.0,0.0,0.0,0.0,0.0,0.0,0.0,0.0,0.0,0.0,0.0,0.0,0.0,0.0,0.0,0.0,0.0,0.0,0.0,0.0,0.0,0.0,0.0,0.0,0.0,0.0,0.0,0.0,0.0,0.0,0.0,0.0,0.0,0.0,0.0,0.0,0.0,0.0,0.0,0.0,0.0,0.0,0.0,0.0,0.0,0.0,0.0,0.0,0.0,0.0,0.0,0.0,0.0,0.0,0.0,0.0,0.0,0.0,0.0,0.0,0.0,0.0,0.0,0.0,0.0,0.0,0.0,0.0,0.0,0.0,0.0,0.0,0.0,0.0,0.0,0.0,0.0,0.8,0.8,0.8,0.8,0.8,2.6792497910000037,0.0
nvbench2:test:111,111,qwen3:14b,combined,77,0.0,rect,1.0,1.0,28,22,6,0.0,0.0,0.0,0.0,0.0,0.0,0.0,0.0,0.0,0.0,0.0,0.0,0.0,0.0,0.0,0.0,0.0,0.0,0.0,0.0,0.0,0.0,0.0,0.0,0.0,0.0,0.0,0.0,0.0,0.0,0.0,0.0,0.0,0.0,0.0,0.0,0.0,0.0,0.0,0.0,0.0,0.0,0.0,0.0,0.0,0.0,0.0,0.0,0.0,0.0,0.0,0.0,0.0,0.0,0.0,0.0,0.0,0.0,0.0,0.0,0.0,0.0,0.0,0.0,0.0,0.0,0.0,0.0,0.0,0.0,0.0,0.0,0.0,0.0,0.0,0.0,0.0,0.0,0.0,0.0,0.0,0.0,0.0,0.0,0.0,0.0,0.0,0.0,0.0,0.0,0.0,0.0,0.0,0.0,0.0,0.0,0.0,0.0,0.0,0.0,0.0,0.0,0.0,0.0,0.0,0.0,0.0,0.0,0.7,0.6333333333333333,0.7,0.24000000000000005,0.7,3.586688707999997,0.0
nvbench2:test:112,112,qwen3:14b,combined,77,0.0,arc,1.0,1.0,20,14,6,0.0,0.0,0.0,0.0,0.0,0.0,0.0,0.0,0.0,0.0,0.0,0.0,0.0,0.0,0.0,0.0,0.0,0.0,0.0,0.0,0.0,0.0,0.0,0.0,0.0,0.0,0.0,0.0,0.0,0.0,0.0,0.0,0.0,0.0,0.0,0.0,0.0,0.0,0.0,0.0,0.0,0.0,0.0,0.0,0.0,0.0,0.0,0.0,0.0,0.0,0.0,0.0,0.0,0.0,0.0,0.0,0.0,0.0,0.0,0.0,0.0,0.0,0.0,0.0,0.0,0.0,0.0,0.0,0.0,0.0,0.0,0.0,0.0,0.0,0.0,0.0,0.0,0.0,0.0,0.0,0.0,0.0,0.0,0.0,0.0,0.0,0.0,0.0,0.0,0.0,0.0,0.0,0.0,0.0,0.0,0.0,0.0,0.0,0.0,0.0,0.0,0.0,0.0,0.0,0.0,0.0,0.0,0.0,1.0,0.6,1.0,1.0,1.0,3.6253054590000033,0.0
nvbench2:test:113,113,qwen3:14b,combined,77,0.0,line,1.0,1.0,26,11,15,1.0,1.0,1.0,0.3333333333333333,1.0,0.5,1.0,0.3333333333333333,0.5,0.4,1.0,0.3333333333333333,0.3333333333333333,0.3333333333333333,1.0,0.3333333333333333,0.25,0.28571428571428575,1.0,0.3333333333333333,0.2,0.25,1.0,0.3333333333333333,0.16666666666666666,0.2222222222222222,1.0,0.3333333333333333,0.14285714285714285,0.2,1.0,0.3333333333333333,0.125,0.18181818181818182,1.0,0.3333333333333333,0.1111111111111111,0.16666666666666666,1.0,0.3333333333333333,0.1,0.15384615384615383,1.0,0.3333333333333333,0.09090909090909091,0.14285714285714288,1.0,0.3333333333333333,0.08333333333333333,0.13333333333333333,1.0,0.3333333333333333,0.07692307692307693,0.125,1.0,0.3333333333333333,0.07142857142857142,0.11764705882352941,1.0,0.3333333333333333,0.06666666666666667,0.1111111111111111,1.0,0.3333333333333333,0.06666666666666667,0.1111111111111111,1.0,0.3333333333333333,0.06666666666666667,0.1111111111111111,1.0,0.3333333333333333,0.06666666666666667,0.1111111111111111,1.0,0.3333333333333333,0.06666666666666667,0.1111111111111111,1.0,0.3333333333333333,0.06666666666666667,0.1111111111111111,1.0,1.0,0.3333333333333333,1.0,0.5,1.0,0.3333333333333333,0.3333333333333333,0.3333333333333333,1.0,0.3333333333333333,0.2,0.25,0.5,0.0,0.0,0.0,0.0,1.0,0.3333333333333333,0.3333333333333333,0.3333333333333333,1.0,0.3333333333333333,0.2,0.25,1.0,1.0,1.0,1.0,1.0,4.538568749999996,-1.0
nvbench2:test:117,117,qwen3:14b,combined,77,0.0,bar,1.0,1.0,11,8,3,1.0,0.5,0.0,0.0,0.0,0.0,1.0,0.2,0.5,0.28571428571428575,1.0,0.2,0.3333333333333333,0.25,1.0,0.2,0.3333333333333333,0.25,1.0,0.2,0.3333333333333333,0.25,1.0,0.2,0.3333333333333333,0.25,1.0,0.2,0.3333333333333333,0.25,1.0,0.2,0.3333333333333333,0.25,1.0,0.2,0.3333333333333333,0.25,1.0,0.2,0.3333333333333333,0.25,1.0,0.2,0.3333333333333333,0.25,1.0,0.2,0.3333333333333333,0.25,1.0,0.2,0.3333333333333333,0.25,1.0,0.2,0.3333333333333333,0.25,1.0,0.2,0.3333333333333333,0.25,1.0,0.2,0.3333333333333333,0.25,1.0,0.2,0.3333333333333333,0.25,1.0,0.2,0.3333333333333333,0.25,1.0,0.2,0.3333333333333333,0.25,1.0,0.2,0.3333333333333333,0.25,0.5,0.0,0.0,0.0,0.0,1.0,0.2,0.3333333333333333,0.25,1.0,0.2,0.3333333333333333,0.25,0.5,0.0,0.0,0.0,0.0,1.0,0.2,0.3333333333333333,0.25,1.0,0.2,0.3333333333333333,0.25,1.0,1.0,1.0,1.0,1.0,2.0414657090000077,0.0
nvbench2:test:127,127,qwen3:14b,combined,77,0.0,arc,1.0,1.0,27,14,13,0.0,0.0,0.0,0.0,0.0,0.0,0.0,0.0,0.0,0.0,0.0,0.0,0.0,0.0,0.0,0.0,0.0,0.0,0.0,0.0,0.0,0.0,0.0,0.0,0.0,0.0,0.0,0.0,0.0,0.0,0.0,0.0,0.0,0.0,0.0,0.0,0.0,0.0,0.0,0.0,0.0,0.0,0.0,0.0,0.0,0.0,0.0,0.0,0.0,0.0,0.0,0.0,0.0,0.0,0.0,0.0,0.0,0.0,0.0,0.0,0.0,0.0,0.0,0.0,0.0,0.0,0.0,0.0,0.0,0.0,0.0,0.0,0.0,0.0,0.0,0.0,0.0,0.0,0.0,0.0,0.0,0.0,0.0,0.0,0.0,0.0,0.0,0.0,0.0,0.0,0.0,0.0,0.0,0.0,0.0,0.0,0.0,0.0,0.0,0.0,0.0,0.0,0.0,0.0,0.0,0.0,0.0,0.0,0.9,0.27999999999999997,0.36,0.2,0.36,4.065272417000003,0.0
nvbench2:test:131,131,qwen3:14b,combined,77,0.0,arc,1.0,1.0,17,9,8,1.0,1.0,1.0,0.25,1.0,0.4,1.0,0.25,0.5,0.3333333333333333,1.0,0.25,0.3333333333333333,0.28571428571428575,1.0,0.25,0.25,0.25,1.0,0.25,0.2,0.22222222222222224,1.0,0.25,0.16666666666666666,0.2,1.0,0.25,0.14285714285714285,0.18181818181818182,1.0,0.25,0.125,0.16666666666666666,1.0,0.25,0.125,0.16666666666666666,1.0,0.25,0.125,0.16666666666666666,1.0,0.25,0.125,0.16666666666666666,1.0,0.25,0.125,0.16666666666666666,1.0,0.25,0.125,0.16666666666666666,1.0,0.25,0.125,0.16666666666666666,1.0,0.25,0.125,0.16666666666666666,1.0,0.25,0.125,0.16666666666666666,1.0,0.25,0.125,0.16666666666666666,1.0,0.25,0.125,0.16666666666666666,1.0,0.25,0.125,0.16666666666666666,1.0,0.25,0.125,0.16666666666666666,1.0,1.0,0.25,1.0,0.4,1.0,0.25,0.3333333333333333,0.28571428571428575,1.0,0.25,0.2,0.22222222222222224,1.0,1.0,0.25,1.0,0.4,1.0,0.25,0.3333333333333333,0.28571428571428575,1.0,0.25,0.2,0.22222222222222224,1.0,1.0,1.0,1.0,1.0,2.938067666000009,0.0
nvbench2:test:132,132,qwen3:14b,combined,77,0.0,bar,1.0,1.0,20,19,1,0.0,0.0,0.0,0.0,0.0,0.0,0.0,0.0,0.0,0.0,0.0,0.0,0.0,0.0,0.0,0.0,0.0,0.0,0.0,0.0,0.0,0.0,0.0,0.0,0.0,0.0,0.0,0.0,0.0,0.0,0.0,0.0,0.0,0.0,0.0,0.0,0.0,0.0,0.0,0.0,0.0,0.0,0.0,0.0,0.0,0.0,0.0,0.0,0.0,0.0,0.0,0.0,0.0,0.0,0.0,0.0,0.0,0.0,0.0,0.0,0.0,0.0,0.0,0.0,0.0,0.0,0.0,0.0,0.0,0.0,0.0,0.0,0.0,0.0,0.0,0.0,0.0,0.0,0.0,0.0,0.0,0.0,0.0,0.0,0.0,0.0,0.0,0.0,0.0,0.0,0.0,0.0,0.0,0.0,0.0,0.0,0.0,0.0,0.0,0.0,0.0,0.0,0.0,0.0,0.0,0.0,0.0,0.0,0.9199999999999999,0.9199999999999999,0.9199999999999999,0.9199999999999999,0.9199999999999999,2.0323331670000044,0.0
nvbench2:test:133,133,qwen3:14b,combined,77,0.0,bar,1.0,1.0,21,17,4,0.0,0.0,0.0,0.0,0.0,0.0,0.0,0.0,0.0,0.0,0.0,0.0,0.0,0.0,0.0,0.0,0.0,0.0,0.0,0.0,0.0,0.0,0.0,0.0,0.0,0.0,0.0,0.0,0.0,0.0,0.0,0.0,0.0,0.0,0.0,0.0,0.0,0.0,0.0,0.0,0.0,0.0,0.0,0.0,0.0,0.0,0.0,0.0,0.0,0.0,0.0,0.0,0.0,0.0,0.0,0.0,0.0,0.0,0.0,0.0,0.0,0.0,0.0,0.0,0.0,0.0,0.0,0.0,0.0,0.0,0.0,0.0,0.0,0.0,0.0,0.0,0.0,0.0,0.0,0.0,0.0,0.0,0.0,0.0,0.0,0.0,0.0,0.0,0.0,0.0,0.0,0.0,0.0,0.0,0.0,0.0,0.0,0.0,0.0,0.0,0.0,0.0,0.0,0.0,0.0,0.0,0.0,0.0,0.16,0.08,0.16,0.16,0.16,2.261481625000002,0.0
nvbench2:test:142,142,qwen3:14b,combined,77,0.0,rect,1.0,1.0,20,7,13,1.0,0.5,0.0,0.0,0.0,0.0,1.0,0.5,0.5,0.5,1.0,0.5,0.3333333333333333,0.4,1.0,1.0,0.5,0.6666666666666666,1.0,1.0,0.4,0.5714285714285715,1.0,1.0,0.3333333333333333,0.5,1.0,1.0,0.2857142857142857,0.4444444444444445,1.0,1.0,0.25,0.4,1.0,1.0,0.2222222222222222,0.3636363636363636,1.0,1.0,0.2,0.33333333333333337,1.0,1.0,0.18181818181818182,0.3076923076923077,1.0,1.0,0.16666666666666666,0.2857142857142857,1.0,1.0,0.15384615384615385,0.2666666666666667,1.0,1.0,0.15384615384615385,0.2666666666666667,1.0,1.0,0.15384615384615385,0.2666666666666667,1.0,1.0,0.15384615384615385,0.2666666666666667,1.0,1.0,0.15384615384615385,0.2666666666666667,1.0,1.0,0.15384615384615385,0.2666666666666667,1.0,1.0,0.15384615384615385,0.2666666666666667,1.0,1.0,0.15384615384615385,0.2666666666666667,0.5,0.0,0.0,0.0,0.0,1.0,0.5,0.3333333333333333,0.4,1.0,1.0,0.4,0.5714285714285715,1.0,1.0,0.5,1.0,0.6666666666666666,1.0,1.0,0.6666666666666666,0.8,1.0,1.0,0.4,0.5714285714285715,1.0,1.0,1.0,1.0,1.0,4.3465975000000014,1.0
nvbench2:test:144,144,qwen3:14b,combined,77,0.0,bar,1.0,1.0,22,14,8,0.0,0.0,0.0,0.0,0.0,0.0,0.0,0.0,0.0,0.0,0.0,0.0,0.0,0.0,0.0,0.0,0.0,0.0,0.0,0.0,0.0,0.0,0.0,0.0,0.0,0.0,0.0,0.0,0.0,0.0,0.0,0.0,0.0,0.0,0.0,0.0,0.0,0.0,0.0,0.0,0.0,0.0,0.0,0.0,0.0,0.0,0.0,0.0,0.0,0.0,0.0,0.0,0.0,0.0,0.0,0.0,0.0,0.0,0.0,0.0,0.0,0.0,0.0,0.0,0.0,0.0,0.0,0.0,0.0,0.0,0.0,0.0,0.0,0.0,0.0,0.0,0.0,0.0,0.0,0.0,0.0,0.0,0.0,0.0,0.0,0.0,0.0,0.0,0.0,0.0,0.0,0.0,0.0,0.0,0.0,0.0,0.0,0.0,0.0,0.0,0.0,0.0,0.0,0.0,0.0,0.0,0.0,0.0,1.0,0.27999999999999997,1.0,0.9199999999999999,1.0,4.09944854199999,0.0
nvbench2:test:150,150,qwen3:14b,combined,77,0.0,bar,1.0,1.0,24,15,9,1.0,0.25,0.0,0.0,0.0,0.0,0.0,0.0,0.0,0.0,0.0,0.0,0.0,0.0,1.0,0.25,0.25,0.25,1.0,0.25,0.2,0.22222222222222224,1.0,0.25,0.16666666666666666,0.2,1.0,0.25,0.14285714285714285,0.18181818181818182,1.0,0.25,0.125,0.16666666666666666,1.0,0.25,0.1111111111111111,0.15384615384615383,1.0,0.25,0.1111111111111111,0.15384615384615383,1.0,0.25,0.1111111111111111,0.15384615384615383,1.0,0.25,0.1111111111111111,0.15384615384615383,1.0,0.25,0.1111111111111111,0.15384615384615383,1.0,0.25,0.1111111111111111,0.15384615384615383,1.0,0.25,0.1111111111111111,0.15384615384615383,1.0,0.25,0.1111111111111111,0.15384615384615383,1.0,0.25,0.1111111111111111,0.15384615384615383,1.0,0.25,0.1111111111111111,0.15384615384615383,1.0,0.25,0.1111111111111111,0.15384615384615383,1.0,0.25,0.1111111111111111,0.15384615384615383,0.25,0.0,0.0,0.0,0.0,0.0,0.0,0.0,0.0,1.0,0.25,0.2,0.22222222222222224,1.0,1.0,0.25,1.0,0.4,1.0,0.25,0.3333333333333333,0.28571428571428575,1.0,0.25,0.2,0.22222222222222224,1.0,0.9199999999999999,1.0,1.0,1.0,2.9854173750000115,1.0
nvbench2:test:157,157,qwen3:14b,combined,77,0.0,line,1.0,1.0,17,9,8,1.0,1.0,1.0,0.2,1.0,0.33333333333333337,1.0,0.2,0.5,0.28571428571428575,1.0,0.2,0.3333333333333333,0.25,1.0,0.2,0.25,0.22222222222222224,1.0,0.2,0.2,0.20000000000000004,1.0,0.2,0.16666666666666666,0.1818181818181818,1.0,0.2,0.14285714285714285,0.16666666666666666,1.0,0.2,0.125,0.15384615384615385,1.0,0.2,0.125,0.15384615384615385,1.0,0.2,0.125,0.15384615384615385,1.0,0.2,0.125,0.15384615384615385,1.0,0.2,0.125,0.15384615384615385,1.0,0.2,0.125,0.15384615384615385,1.0,0.2,0.125,0.15384615384615385,1.0,0.2,0.125,0.15384615384615385,1.0,0.2,0.125,0.15384615384615385,1.0,0.2,0.125,0.15384615384615385,1.0,0.2,0.125,0.15384615384615385,1.0,0.2,0.125,0.15384615384615385,1.0,0.2,0.125,0.15384615384615385,1.0,1.0,0.2,1.0,0.33333333333333337,1.0,0.2,0.3333333333333333,0.25,1.0,0.2,0.2,0.20000000000000004,0.5,0.0,0.0,0.0,0.0,1.0,0.2,0.3333333333333333,0.25,1.0,0.2,0.2,0.20000000000000004,1.0,1.0,1.0,1.0,1.0,3.49022191600001,-1.0
nvbench2:test:160,160,qwen3:14b,combined,77,0.0,arc,1.0,1.0,22,14,8,0.0,0.0,0.0,0.0,0.0,0.0,0.0,0.0,0.0,0.0,0.0,0.0,0.0,0.0,0.0,0.0,0.0,0.0,0.0,0.0,0.0,0.0,0.0,0.0,0.0,0.0,0.0,0.0,0.0,0.0,0.0,0.0,0.0,0.0,0.0,0.0,0.0,0.0,0.0,0.0,0.0,0.0,0.0,0.0,0.0,0.0,0.0,0.0,0.0,0.0,0.0,0.0,0.0,0.0,0.0,0.0,0.0,0.0,0.0,0.0,0.0,0.0,0.0,0.0,0.0,0.0,0.0,0.0,0.0,0.0,0.0,0.0,0.0,0.0,0.0,0.0,0.0,0.0,0.0,0.0,0.0,0.0,0.0,0.0,0.0,0.0,0.0,0.0,0.0,0.0,0.0,0.0,0.0,0.0,0.0,0.0,0.0,0.0,0.0,0.0,0.0,0.0,0.0,0.0,0.0,0.0,0.0,0.0,0.9,0.9,0.9,0.2,0.9,5.086290500000004,0.0
nvbench2:test:162,162,qwen3:14b,combined,77,0.0,rect,1.0,1.0,16,7,9,0.0,0.0,0.0,0.0,0.0,0.0,0.0,0.0,0.0,0.0,0.0,0.0,0.0,0.0,0.0,0.0,0.0,0.0,0.0,0.0,0.0,0.0,0.0,0.0,0.0,0.0,0.0,0.0,0.0,0.0,0.0,0.0,0.0,0.0,0.0,0.0,0.0,0.0,0.0,0.0,0.0,0.0,0.0,0.0,0.0,0.0,0.0,0.0,0.0,0.0,0.0,0.0,0.0,0.0,0.0,0.0,0.0,0.0,0.0,0.0,0.0,0.0,0.0,0.0,0.0,0.0,0.0,0.0,0.0,0.0,0.0,0.0,0.0,0.0,0.0,0.0,0.0,0.0,0.0,0.0,0.0,0.0,0.0,0.0,0.0,0.0,0.0,0.0,0.0,0.0,0.0,0.0,0.0,0.0,0.0,0.0,0.0,0.0,0.0,0.0,0.0,0.0,0.0,0.0,0.0,0.0,0.0,0.0,1.0,0.7333333333333333,1.0,1.0,1.0,4.470722709,0.0
nvbench2:test:163,163,qwen3:14b,combined,77,0.0,line,1.0,1.0,19,16,3,0.0,0.0,0.0,0.0,0.0,0.0,0.0,0.0,0.0,0.0,0.0,0.0,0.0,0.0,0.0,0.0,0.0,0.0,0.0,0.0,0.0,0.0,0.0,0.0,0.0,0.0,0.0,0.0,0.0,0.0,0.0,0.0,0.0,0.0,0.0,0.0,0.0,0.0,0.0,0.0,0.0,0.0,0.0,0.0,0.0,0.0,0.0,0.0,0.0,0.0,0.0,0.0,0.0,0.0,0.0,0.0,0.0,0.0,0.0,0.0,0.0,0.0,0.0,0.0,0.0,0.0,0.0,0.0,0.0,0.0,0.0,0.0,0.0,0.0,0.0,0.0,0.0,0.0,0.0,0.0,0.0,0.0,0.0,0.0,0.0,0.0,0.0,0.0,0.0,0.0,0.0,0.0,0.0,0.0,0.0,0.0,0.0,0.0,0.0,0.0,0.0,0.0,0.0,0.0,0.0,0.0,0.0,0.0,0.8,0.8,0.8,0.8,0.8,2.4820388750000006,0.0
nvbench2:test:168,168,qwen3:14b,combined,77,0.0,bar,1.0,1.0,16,12,4,1.0,0.5,0.0,0.0,0.0,0.0,1.0,0.2,0.5,0.28571428571428575,1.0,0.2,0.3333333333333333,0.25,1.0,0.2,0.25,0.22222222222222224,1.0,0.2,0.25,0.22222222222222224,1.0,0.2,0.25,0.22222222222222224,1.0,0.2,0.25,0.22222222222222224,1.0,0.2,0.25,0.22222222222222224,1.0,0.2,0.25,0.22222222222222224,1.0,0.2,0.25,0.22222222222222224,1.0,0.2,0.25,0.22222222222222224,1.0,0.2,0.25,0.22222222222222224,1.0,0.2,0.25,0.22222222222222224,1.0,0.2,0.25,0.22222222222222224,1.0,0.2,0.25,0.22222222222222224,1.0,0.2,0.25,0.22222222222222224,1.0,0.2,0.25,0.22222222222222224,1.0,0.2,0.25,0.22222222222222224,1.0,0.2,0.25,0.22222222222222224,1.0,0.2,0.25,0.22222222222222224,0.5,0.0,0.0,0.0,0.0,1.0,0.2,0.3333333333333333,0.25,1.0,0.2,0.25,0.22222222222222224,0.5,0.0,0.0,0.0,0.0,1.0,0.2,0.3333333333333333,0.25,1.0,0.2,0.25,0.22222222222222224,1.0,1.0,1.0,1.0,1.0,2.403527749999995,0.0
nvbench2:test:170,170,qwen3:14b,combined,77,0.0,rect,1.0,1.0,22,13,9,0.0,0.0,0.0,0.0,0.0,0.0,0.0,0.0,0.0,0.0,0.0,0.0,0.0,0.0,0.0,0.0,0.0,0.0,0.0,0.0,0.0,0.0,0.0,0.0,0.0,0.0,0.0,0.0,0.0,0.0,0.0,0.0,0.0,0.0,0.0,0.0,0.0,0.0,0.0,0.0,0.0,0.0,0.0,0.0,0.0,0.0,0.0,0.0,0.0,0.0,0.0,0.0,0.0,0.0,0.0,0.0,0.0,0.0,0.0,0.0,0.0,0.0,0.0,0.0,0.0,0.0,0.0,0.0,0.0,0.0,0.0,0.0,0.0,0.0,0.0,0.0,0.0,0.0,0.0,0.0,0.0,0.0,0.0,0.0,0.0,0.0,0.0,0.0,0.0,0.0,0.0,0.0,0.0,0.0,0.0,0.0,0.0,0.0,0.0,0.0,0.0,0.0,0.0,0.0,0.0,0.0,0.0,0.0,0.8,0.6666666666666667,0.8,0.8,0.8,3.830452875000006,0.0
nvbench2:test:173,173,qwen3:14b,combined,77,0.0,point,1.0,1.0,16,7,9,1.0,1.0,1.0,0.25,1.0,0.4,1.0,0.25,0.5,0.3333333333333333,1.0,0.25,0.3333333333333333,0.28571428571428575,1.0,0.25,0.25,0.25,1.0,0.25,0.2,0.22222222222222224,1.0,0.25,0.16666666666666666,0.2,1.0,0.25,0.14285714285714285,0.18181818181818182,1.0,0.25,0.125,0.16666666666666666,1.0,0.25,0.1111111111111111,0.15384615384615383,1.0,0.25,0.1111111111111111,0.15384615384615383,1.0,0.25,0.1111111111111111,0.15384615384615383,1.0,0.25,0.1111111111111111,0.15384615384615383,1.0,0.25,0.1111111111111111,0.15384615384615383,1.0,0.25,0.1111111111111111,0.15384615384615383,1.0,0.25,0.1111111111111111,0.15384615384615383,1.0,0.25,0.1111111111111111,0.15384615384615383,1.0,0.25,0.1111111111111111,0.15384615384615383,1.0,0.25,0.1111111111111111,0.15384615384615383,1.0,0.25,0.1111111111111111,0.15384615384615383,1.0,0.25,0.1111111111111111,0.15384615384615383,1.0,1.0,0.25,1.0,0.4,1.0,0.25,0.3333333333333333,0.28571428571428575,1.0,0.25,0.2,0.22222222222222224,1.0,1.0,0.25,1.0,0.4,1.0,0.25,0.3333333333333333,0.28571428571428575,1.0,0.25,0.2,0.22222222222222224,1.0,1.0,1.0,1.0,1.0,3.490603959000012,0.0
nvbench2:test:174,174,qwen3:14b,combined,77,0.0,boxplot,1.0,1.0,21,12,9,0.0,0.0,0.0,0.0,0.0,0.0,0.0,0.0,0.0,0.0,0.0,0.0,0.0,0.0,0.0,0.0,0.0,0.0,0.0,0.0,0.0,0.0,0.0,0.0,0.0,0.0,0.0,0.0,0.0,0.0,0.0,0.0,0.0,0.0,0.0,0.0,0.0,0.0,0.0,0.0,0.0,0.0,0.0,0.0,0.0,0.0,0.0,0.0,0.0,0.0,0.0,0.0,0.0,0.0,0.0,0.0,0.0,0.0,0.0,0.0,0.0,0.0,0.0,0.0,0.0,0.0,0.0,0.0,0.0,0.0,0.0,0.0,0.0,0.0,0.0,0.0,0.0,0.0,0.0,0.0,0.0,0.0,0.0,0.0,0.0,0.0,0.0,0.0,0.0,0.0,0.0,0.0,0.0,0.0,0.0,0.0,0.0,0.0,0.0,0.0,0.0,0.0,0.0,0.0,0.0,0.0,0.0,0.0,1.0,0.7,1.0,0.7,0.7,3.467015542000013,0.0
nvbench2:test:178,178,qwen3:14b,combined,77,0.0,arc,1.0,1.0,14,12,2,1.0,0.5,0.0,0.0,0.0,0.0,1.0,0.5,0.5,0.5,1.0,0.5,0.5,0.5,1.0,0.5,0.5,0.5,1.0,0.5,0.5,0.5,1.0,0.5,0.5,0.5,1.0,0.5,0.5,0.5,1.0,0.5,0.5,0.5,1.0,0.5,0.5,0.5,1.0,0.5,0.5,0.5,1.0,0.5,0.5,0.5,1.0,0.5,0.5,0.5,1.0,0.5,0.5,0.5,1.0,0.5,0.5,0.5,1.0,0.5,0.5,0.5,1.0,0.5,0.5,0.5,1.0,0.5,0.5,0.5,1.0,0.5,0.5,0.5,1.0,0.5,0.5,0.5,1.0,0.5,0.5,0.5,0.5,0.0,0.0,0.0,0.0,1.0,0.5,0.5,0.5,1.0,0.5,0.5,0.5,1.0,1.0,0.5,1.0,0.6666666666666666,1.0,0.5,0.5,0.5,1.0,0.5,0.5,0.5,1.0,0.7,1.0,1.0,1.0,1.5007220410000173,1.0
nvbench2:test:183,183,qwen3:14b,combined,77,0.0,bar,1.0,1.0,9,5,4,1.0,0.5,0.0,0.0,0.0,0.0,1.0,0.3333333333333333,0.5,0.4,1.0,0.3333333333333333,0.3333333333333333,0.3333333333333333,1.0,0.3333333333333333,0.25,0.28571428571428575,1.0,0.3333333333333333,0.25,0.28571428571428575,1.0,0.3333333333333333,0.25,0.28571428571428575,1.0,0.3333333333333333,0.25,0.28571428571428575,1.0,0.3333333333333333,0.25,0.28571428571428575,1.0,0.3333333333333333,0.25,0.28571428571428575,1.0,0.3333333333333333,0.25,0.28571428571428575,1.0,0.3333333333333333,0.25,0.28571428571428575,1.0,0.3333333333333333,0.25,0.28571428571428575,1.0,0.3333333333333333,0.25,0.28571428571428575,1.0,0.3333333333333333,0.25,0.28571428571428575,1.0,0.3333333333333333,0.25,0.28571428571428575,1.0,0.3333333333333333,0.25,0.28571428571428575,1.0,0.3333333333333333,0.25,0.28571428571428575,1.0,0.3333333333333333,0.25,0.28571428571428575,1.0,0.3333333333333333,0.25,0.28571428571428575,1.0,0.3333333333333333,0.25,0.28571428571428575,0.5,0.0,0.0,0.0,0.0,1.0,0.3333333333333333,0.3333333333333333,0.3333333333333333,1.0,0.3333333333333333,0.25,0.28571428571428575,0.5,0.0,0.0,0.0,0.0,1.0,0.3333333333333333,0.3333333333333333,0.3333333333333333,1.0,0.3333333333333333,0.25,0.28571428571428575,1.0,1.0,1.0,1.0,1.0,2.3815445830000215,0.0
nvbench2:test:192,192,qwen3:14b,combined,77,0.0,point,1.0,1.0,21,12,9,0.0,0.0,0.0,0.0,0.0,0.0,0.0,0.0,0.0,0.0,0.0,0.0,0.0,0.0,0.0,0.0,0.0,0.0,0.0,0.0,0.0,0.0,0.0,0.0,0.0,0.0,0.0,0.0,0.0,0.0,0.0,0.0,0.0,0.0,0.0,0.0,0.0,0.0,0.0,0.0,0.0,0.0,0.0,0.0,0.0,0.0,0.0,0.0,0.0,0.0,0.0,0.0,0.0,0.0,0.0,0.0,0.0,0.0,0.0,0.0,0.0,0.0,0.0,0.0,0.0,0.0,0.0,0.0,0.0,0.0,0.0,0.0,0.0,0.0,0.0,0.0,0.0,0.0,0.0,0.0,0.0,0.0,0.0,0.0,0.0,0.0,0.0,0.0,0.0,0.0,0.0,0.0,0.0,0.0,0.0,0.0,0.0,0.0,0.0,0.0,0.0,0.0,0.0,0.0,0.0,0.0,0.0,0.0,0.64,0.6285714285714286,0.6285714285714286,0.64,0.64,3.7612363749999815,0.0
nvbench2:test:194,194,qwen3:14b,combined,77,0.0,boxplot,1.0,1.0,18,5,13,0.0,0.0,0.0,0.0,0.0,0.0,0.0,0.0,0.0,0.0,0.0,0.0,0.0,0.0,0.0,0.0,0.0,0.0,0.0,0.0,0.0,0.0,0.0,0.0,0.0,0.0,0.0,0.0,0.0,0.0,0.0,0.0,0.0,0.0,0.0,0.0,0.0,0.0,0.0,0.0,0.0,0.0,0.0,0.0,0.0,0.0,0.0,0.0,0.0,0.0,0.0,0.0,0.0,0.0,0.0,0.0,0.0,0.0,0.0,0.0,0.0,0.0,0.0,0.0,0.0,0.0,0.0,0.0,0.0,0.0,0.0,0.0,0.0,0.0,0.0,0.0,0.0,0.0,0.0,0.0,0.0,0.0,0.0,0.0,0.0,0.0,0.0,0.0,0.0,0.0,0.0,0.0,0.0,0.0,0.0,0.0,0.0,0.0,0.0,0.0,0.0,0.0,0.0,0.0,0.0,0.0,0.0,0.0,0.8,0.2,0.8,0.8,0.8,4.748337625000005,0.0
nvbench2:test:201,201,qwen3:14b,combined,77,0.0,bar,1.0,1.0,24,16,8,0.0,0.0,0.0,0.0,0.0,0.0,0.0,0.0,0.0,0.0,0.0,0.0,0.0,0.0,0.0,0.0,0.0,0.0,0.0,0.0,0.0,0.0,0.0,0.0,0.0,0.0,0.0,0.0,0.0,0.0,0.0,0.0,0.0,0.0,0.0,0.0,0.0,0.0,0.0,0.0,0.0,0.0,0.0,0.0,0.0,0.0,0.0,0.0,0.0,0.0,0.0,0.0,0.0,0.0,0.0,0.0,0.0,0.0,0.0,0.0,0.0,0.0,0.0,0.0,0.0,0.0,0.0,0.0,0.0,0.0,0.0,0.0,0.0,0.0,0.0,0.0,0.0,0.0,0.0,0.0,0.0,0.0,0.0,0.0,0.0,0.0,0.0,0.0,0.0,0.0,0.0,0.0,0.0,0.0,0.0,0.0,0.0,0.0,0.0,0.0,0.0,0.0,0.0,0.0,0.0,0.0,0.0,0.0,0.9199999999999999,0.9199999999999999,0.9199999999999999,0.9199999999999999,0.9199999999999999,3.8583617910000214,0.0
nvbench2:test:223,223,qwen3:14b,combined,77,0.0,boxplot,1.0,1.0,12,5,7,0.0,0.0,0.0,0.0,0.0,0.0,0.0,0.0,0.0,0.0,0.0,0.0,0.0,0.0,0.0,0.0,0.0,0.0,0.0,0.0,0.0,0.0,0.0,0.0,0.0,0.0,0.0,0.0,0.0,0.0,0.0,0.0,0.0,0.0,0.0,0.0,0.0,0.0,0.0,0.0,0.0,0.0,0.0,0.0,0.0,0.0,0.0,0.0,0.0,0.0,0.0,0.0,0.0,0.0,0.0,0.0,0.0,0.0,0.0,0.0,0.0,0.0,0.0,0.0,0.0,0.0,0.0,0.0,0.0,0.0,0.0,0.0,0.0,0.0,0.0,0.0,0.0,0.0,0.0,0.0,0.0,0.0,0.0,0.0,0.0,0.0,0.0,0.0,0.0,0.0,0.0,0.0,0.0,0.0,0.0,0.0,0.0,0.0,0.0,0.0,0.0,0.0,0.0,0.0,0.0,0.0,0.0,0.0,0.8,0.4,0.8,0.8,0.8,3.493354417000006,0.0
nvbench2:test:227,227,qwen3:14b,combined,77,0.0,line,1.0,1.0,12,9,3,0.0,0.0,0.0,0.0,0.0,0.0,0.0,0.0,0.0,0.0,0.0,0.0,0.0,0.0,0.0,0.0,0.0,0.0,0.0,0.0,0.0,0.0,0.0,0.0,0.0,0.0,0.0,0.0,0.0,0.0,0.0,0.0,0.0,0.0,0.0,0.0,0.0,0.0,0.0,0.0,0.0,0.0,0.0,0.0,0.0,0.0,0.0,0.0,0.0,0.0,0.0,0.0,0.0,0.0,0.0,0.0,0.0,0.0,0.0,0.0,0.0,0.0,0.0,0.0,0.0,0.0,0.0,0.0,0.0,0.0,0.0,0.0,0.0,0.0,0.0,0.0,0.0,0.0,0.0,0.0,0.0,0.0,0.0,0.0,0.0,0.0,0.0,0.0,0.0,0.0,0.0,0.0,0.0,0.0,0.0,0.0,0.0,0.0,0.0,0.0,0.0,0.0,0.0,0.0,0.0,0.0,0.0,0.0,1.0,0.7,1.0,0.8,1.0,2.023674583000002,0.0
nvbench2:test:236,236,qwen3:14b,combined,77,0.0,boxplot,1.0,1.0,23,11,12,0.0,0.0,0.0,0.0,0.0,0.0,0.0,0.0,0.0,0.0,0.0,0.0,0.0,0.0,0.0,0.0,0.0,0.0,0.0,0.0,0.0,0.0,0.0,0.0,0.0,0.0,0.0,0.0,0.0,0.0,0.0,0.0,0.0,0.0,0.0,0.0,0.0,0.0,0.0,0.0,0.0,0.0,0.0,0.0,0.0,0.0,0.0,0.0,0.0,0.0,0.0,0.0,0.0,0.0,0.0,0.0,0.0,0.0,0.0,0.0,0.0,0.0,0.0,0.0,0.0,0.0,0.0,0.0,0.0,0.0,0.0,0.0,0.0,0.0,0.0,0.0,0.0,0.0,0.0,0.0,0.0,0.0,0.0,0.0,0.0,0.0,0.0,0.0,0.0,0.0,0.0,0.0,0.0,0.0,0.0,0.0,0.0,0.0,0.0,0.0,0.0,0.0,0.0,0.0,0.0,0.0,0.0,0.0,0.6,0.4,0.6,0.4,0.4,4.323293583999998,0.0
nvbench2:test:238,238,qwen3:14b,combined,77,0.0,line,1.0,1.0,15,2,13,1.0,1.0,1.0,0.3333333333333333,1.0,0.5,1.0,0.3333333333333333,0.5,0.4,1.0,0.3333333333333333,0.3333333333333333,0.3333333333333333,1.0,0.3333333333333333,0.25,0.28571428571428575,1.0,0.3333333333333333,0.2,0.25,1.0,0.3333333333333333,0.16666666666666666,0.2222222222222222,1.0,0.3333333333333333,0.14285714285714285,0.2,1.0,0.3333333333333333,0.125,0.18181818181818182,1.0,0.3333333333333333,0.1111111111111111,0.16666666666666666,1.0,0.3333333333333333,0.1,0.15384615384615383,1.0,0.3333333333333333,0.09090909090909091,0.14285714285714288,1.0,0.3333333333333333,0.08333333333333333,0.13333333333333333,1.0,0.3333333333333333,0.07692307692307693,0.125,1.0,0.3333333333333333,0.07692307692307693,0.125,1.0,0.3333333333333333,0.07692307692307693,0.125,1.0,0.3333333333333333,0.07692307692307693,0.125,1.0,0.3333333333333333,0.07692307692307693,0.125,1.0,0.3333333333333333,0.07692307692307693,0.125,1.0,0.3333333333333333,0.07692307692307693,0.125,1.0,0.3333333333333333,0.07692307692307693,0.125,1.0,1.0,0.3333333333333333,1.0,0.5,1.0,0.3333333333333333,0.3333333333333333,0.3333333333333333,1.0,0.3333333333333333,0.2,0.25,0.0,0.0,0.0,0.0,0.0,0.0,0.0,0.0,0.0,0.0,0.0,0.0,0.0,1.0,1.0,1.0,0.8,1.0,4.612927791999994,-1.0
nvbench2:test:252,252,qwen3:14b,combined,77,0.0,arc,1.0,1.0,20,9,11,0.0,0.0,0.0,0.0,0.0,0.0,0.0,0.0,0.0,0.0,0.0,0.0,0.0,0.0,0.0,0.0,0.0,0.0,0.0,0.0,0.0,0.0,0.0,0.0,0.0,0.0,0.0,0.0,0.0,0.0,0.0,0.0,0.0,0.0,0.0,0.0,0.0,0.0,0.0,0.0,0.0,0.0,0.0,0.0,0.0,0.0,0.0,0.0,0.0,0.0,0.0,0.0,0.0,0.0,0.0,0.0,0.0,0.0,0.0,0.0,0.0,0.0,0.0,0.0,0.0,0.0,0.0,0.0,0.0,0.0,0.0,0.0,0.0,0.0,0.0,0.0,0.0,0.0,0.0,0.0,0.0,0.0,0.0,0.0,0.0,0.0,0.0,0.0,0.0,0.0,0.0,0.0,0.0,0.0,0.0,0.0,0.0,0.0,0.0,0.0,0.0,0.0,0.0,0.0,0.0,0.0,0.0,0.0,0.8,0.8,0.8,0.8,0.8,4.208167290999995,0.0
nvbench2:test:254,254,qwen3:14b,combined,77,0.0,point,1.0,1.0,23,6,17,0.0,0.0,0.0,0.0,0.0,0.0,0.0,0.0,0.0,0.0,0.0,0.0,0.0,0.0,0.0,0.0,0.0,0.0,0.0,0.0,0.0,0.0,0.0,0.0,0.0,0.0,0.0,0.0,0.0,0.0,0.0,0.0,0.0,0.0,0.0,0.0,0.0,0.0,0.0,0.0,0.0,0.0,0.0,0.0,0.0,0.0,0.0,0.0,0.0,0.0,0.0,0.0,0.0,0.0,0.0,0.0,0.0,0.0,0.0,0.0,0.0,0.0,0.0,0.0,0.0,0.0,0.0,0.0,0.0,0.0,0.0,0.0,0.0,0.0,0.0,0.0,0.0,0.0,0.0,0.0,0.0,0.0,0.0,0.0,0.0,0.0,0.0,0.0,0.0,0.0,0.0,0.0,0.0,0.0,0.0,0.0,0.0,0.0,0.0,0.0,0.0,0.0,0.0,0.0,0.0,0.0,0.0,0.0,0.6857142857142857,0.6857142857142857,0.6857142857142857,0.6857142857142857,0.6857142857142857,5.221104832999998,0.0
nvbench2:test:263,263,qwen3:14b,combined,77,0.0,boxplot,1.0,1.0,16,7,9,0.0,0.0,0.0,0.0,0.0,0.0,0.0,0.0,0.0,0.0,0.0,0.0,0.0,0.0,0.0,0.0,0.0,0.0,0.0,0.0,0.0,0.0,0.0,0.0,0.0,0.0,0.0,0.0,0.0,0.0,0.0,0.0,0.0,0.0,0.0,0.0,0.0,0.0,0.0,0.0,0.0,0.0,0.0,0.0,0.0,0.0,0.0,0.0,0.0,0.0,0.0,0.0,0.0,0.0,0.0,0.0,0.0,0.0,0.0,0.0,0.0,0.0,0.0,0.0,0.0,0.0,0.0,0.0,0.0,0.0,0.0,0.0,0.0,0.0,0.0,0.0,0.0,0.0,0.0,0.0,0.0,0.0,0.0,0.0,0.0,0.0,0.0,0.0,0.0,0.0,0.0,0.0,0.0,0.0,0.0,0.0,0.0,0.0,0.0,0.0,0.0,0.0,0.0,0.0,0.0,0.0,0.0,0.0,0.7,0.6,0.7,0.6,0.7,3.466484124999994,0.0
nvbench2:test:268,268,qwen3:14b,combined,77,0.0,rect,1.0,1.0,16,11,5,0.0,0.0,0.0,0.0,0.0,0.0,0.0,0.0,0.0,0.0,0.0,0.0,0.0,0.0,0.0,0.0,0.0,0.0,0.0,0.0,0.0,0.0,0.0,0.0,0.0,0.0,0.0,0.0,0.0,0.0,0.0,0.0,0.0,0.0,0.0,0.0,0.0,0.0,0.0,0.0,0.0,0.0,0.0,0.0,0.0,0.0,0.0,0.0,0.0,0.0,0.0,0.0,0.0,0.0,0.0,0.0,0.0,0.0,0.0,0.0,0.0,0.0,0.0,0.0,0.0,0.0,0.0,0.0,0.0,0.0,0.0,0.0,0.0,0.0,0.0,0.0,0.0,0.0,0.0,0.0,0.0,0.0,0.0,0.0,0.0,0.0,0.0,0.0,0.0,0.0,0.0,0.0,0.0,0.0,0.0,0.0,0.0,0.0,0.0,0.0,0.0,0.0,0.0,0.0,0.0,0.0,0.0,0.0,0.7333333333333333,0.7333333333333333,0.7333333333333333,0.7333333333333333,0.7333333333333333,3.873633791000003,0.0
nvbench2:test:287,287,qwen3:14b,combined,77,0.0,point,1.0,1.0,25,2,23,0.0,0.0,0.0,0.0,0.0,0.0,0.0,0.0,0.0,0.0,0.0,0.0,0.0,0.0,0.0,0.0,0.0,0.0,0.0,0.0,0.0,0.0,0.0,0.0,0.0,0.0,0.0,0.0,0.0,0.0,0.0,0.0,0.0,0.0,0.0,0.0,0.0,0.0,0.0,0.0,0.0,0.0,0.0,0.0,0.0,0.0,0.0,0.0,0.0,0.0,0.0,0.0,0.0,0.0,0.0,0.0,0.0,0.0,0.0,0.0,0.0,0.0,0.0,0.0,0.0,0.0,0.0,0.0,0.0,0.0,0.0,0.0,0.0,0.0,0.0,0.0,0.0,0.0,0.0,0.0,0.0,0.0,0.0,0.0,0.0,0.0,0.0,0.0,0.0,0.0,0.0,0.0,0.0,0.0,0.0,0.0,0.0,0.0,0.0,0.0,0.0,0.0,0.0,0.0,0.0,0.0,0.0,0.0,0.64,0.36,0.5599999999999999,0.36,0.5599999999999999,6.379438915999998,0.0
nvbench2:test:296,296,qwen3:14b,combined,77,0.0,bar+line+rect,1.0,1.0,17,6,11,0.0,0.0,0.0,0.0,0.0,0.0,0.0,0.0,0.0,0.0,0.0,0.0,0.0,0.0,0.0,0.0,0.0,0.0,0.0,0.0,0.0,0.0,0.0,0.0,0.0,0.0,0.0,0.0,0.0,0.0,0.0,0.0,0.0,0.0,0.0,0.0,0.0,0.0,0.0,0.0,0.0,0.0,0.0,0.0,0.0,0.0,0.0,0.0,0.0,0.0,0.0,0.0,0.0,0.0,0.0,0.0,0.0,0.0,0.0,0.0,0.0,0.0,0.0,0.0,0.0,0.0,0.0,0.0,0.0,0.0,0.0,0.0,0.0,0.0,0.0,0.0,0.0,0.0,0.0,0.0,0.0,0.0,0.0,0.0,0.0,0.0,0.0,0.0,0.0,0.0,0.0,0.0,0.0,0.0,0.0,0.0,0.0,0.0,0.0,0.0,0.0,0.0,0.0,0.0,0.0,0.0,0.0,0.0,1.0,0.52,0.9199999999999999,0.52,1.0,3.8671232920000023,0.0
nvbench2:test:297,297,qwen3:14b,combined,77,0.0,bar,1.0,1.0,12,5,7,0.0,0.0,0.0,0.0,0.0,0.0,0.0,0.0,0.0,0.0,0.0,0.0,0.0,0.0,0.0,0.0,0.0,0.0,0.0,0.0,0.0,0.0,0.0,0.0,0.0,0.0,0.0,0.0,0.0,0.0,0.0,0.0,0.0,0.0,0.0,0.0,0.0,0.0,0.0,0.0,0.0,0.0,0.0,0.0,0.0,0.0,0.0,0.0,0.0,0.0,0.0,0.0,0.0,0.0,0.0,0.0,0.0,0.0,0.0,0.0,0.0,0.0,0.0,0.0,0.0,0.0,0.0,0.0,0.0,0.0,0.0,0.0,0.0,0.0,0.0,0.0,0.0,0.0,0.0,0.0,0.0,0.0,0.0,0.0,0.0,0.0,0.0,0.0,0.0,0.0,0.0,0.0,0.0,0.0,0.0,0.0,0.0,0.0,0.0,0.0,0.0,0.0,0.0,0.0,0.0,0.0,0.0,0.0,0.72,0.72,0.72,0.72,0.72,3.0459751669999946,0.0
nvbench2:test:298,298,qwen3:14b,combined,77,0.0,line,1.0,1.0,15,10,5,0.0,0.0,0.0,0.0,0.0,0.0,0.0,0.0,0.0,0.0,0.0,0.0,0.0,0.0,0.0,0.0,0.0,0.0,0.0,0.0,0.0,0.0,0.0,0.0,0.0,0.0,0.0,0.0,0.0,0.0,0.0,0.0,0.0,0.0,0.0,0.0,0.0,0.0,0.0,0.0,0.0,0.0,0.0,0.0,0.0,0.0,0.0,0.0,0.0,0.0,0.0,0.0,0.0,0.0,0.0,0.0,0.0,0.0,0.0,0.0,0.0,0.0,0.0,0.0,0.0,0.0,0.0,0.0,0.0,0.0,0.0,0.0,0.0,0.0,0.0,0.0,0.0,0.0,0.0,0.0,0.0,0.0,0.0,0.0,0.0,0.0,0.0,0.0,0.0,0.0,0.0,0.0,0.0,0.0,0.0,0.0,0.0,0.0,0.0,0.0,0.0,0.0,0.0,0.0,0.0,0.0,0.0,0.0,1.0,0.16,1.0,1.0,1.0,2.9485294589999853,0.0
nvbench2:test:303,303,qwen3:14b,combined,77,0.0,boxplot,1.0,1.0,21,7,14,1.0,0.5,0.0,0.0,0.0,0.0,1.0,0.5,0.5,0.5,1.0,0.5,0.3333333333333333,0.4,1.0,0.5,0.25,0.3333333333333333,1.0,0.5,0.2,0.28571428571428575,1.0,0.5,0.16666666666666666,0.25,1.0,0.5,0.14285714285714285,0.22222222222222224,1.0,0.5,0.125,0.2,1.0,0.5,0.1111111111111111,0.1818181818181818,1.0,0.5,0.1,0.16666666666666669,1.0,0.5,0.09090909090909091,0.15384615384615385,1.0,0.5,0.08333333333333333,0.14285714285714285,1.0,0.5,0.07692307692307693,0.13333333333333336,1.0,0.5,0.07142857142857142,0.125,1.0,0.5,0.07142857142857142,0.125,1.0,0.5,0.07142857142857142,0.125,1.0,0.5,0.07142857142857142,0.125,1.0,0.5,0.07142857142857142,0.125,1.0,0.5,0.07142857142857142,0.125,1.0,0.5,0.07142857142857142,0.125,0.5,0.0,0.0,0.0,0.0,1.0,0.5,0.3333333333333333,0.4,1.0,0.5,0.2,0.28571428571428575,0.3333333333333333,0.0,0.0,0.0,0.0,1.0,0.5,0.3333333333333333,0.4,1.0,0.5,0.2,0.28571428571428575,1.0,0.6,1.0,1.0,1.0,4.374355207999997,0.0
nvbench2:test:317,317,qwen3:14b,combined,77,0.0,arc,1.0,1.0,21,19,2,0.0,0.0,0.0,0.0,0.0,0.0,0.0,0.0,0.0,0.0,0.0,0.0,0.0,0.0,0.0,0.0,0.0,0.0,0.0,0.0,0.0,0.0,0.0,0.0,0.0,0.0,0.0,0.0,0.0,0.0,0.0,0.0,0.0,0.0,0.0,0.0,0.0,0.0,0.0,0.0,0.0,0.0,0.0,0.0,0.0,0.0,0.0,0.0,0.0,0.0,0.0,0.0,0.0,0.0,0.0,0.0,0.0,0.0,0.0,0.0,0.0,0.0,0.0,0.0,0.0,0.0,0.0,0.0,0.0,0.0,0.0,0.0,0.0,0.0,0.0,0.0,0.0,0.0,0.0,0.0,0.0,0.0,0.0,0.0,0.0,0.0,0.0,0.0,0.0,0.0,0.0,0.0,0.0,0.0,0.0,0.0,0.0,0.0,0.0,0.0,0.0,0.0,0.0,0.0,0.0,0.0,0.0,0.0,0.6,0.6,0.6,0.6,0.6,2.257042124999998,0.0
nvbench2:test:319,319,qwen3:14b,combined,77,0.0,point,1.0,1.0,19,9,10,0.0,0.0,0.0,0.0,0.0,0.0,0.0,0.0,0.0,0.0,0.0,0.0,0.0,0.0,0.0,0.0,0.0,0.0,0.0,0.0,0.0,0.0,0.0,0.0,0.0,0.0,0.0,0.0,0.0,0.0,0.0,0.0,0.0,0.0,0.0,0.0,0.0,0.0,0.0,0.0,0.0,0.0,0.0,0.0,0.0,0.0,0.0,0.0,0.0,0.0,0.0,0.0,0.0,0.0,0.0,0.0,0.0,0.0,0.0,0.0,0.0,0.0,0.0,0.0,0.0,0.0,0.0,0.0,0.0,0.0,0.0,0.0,0.0,0.0,0.0,0.0,0.0,0.0,0.0,0.0,0.0,0.0,0.0,0.0,0.0,0.0,0.0,0.0,0.0,0.0,0.0,0.0,0.0,0.0,0.0,0.0,0.0,0.0,0.0,0.0,0.0,0.0,0.0,0.0,0.0,0.0,0.0,0.0,0.65,0.37142857142857144,0.65,0.6285714285714286,0.6285714285714286,5.410543791999999,0.0
nvbench2:test:320,320,qwen3:14b,combined,77,0.0,rect,1.0,1.0,18,11,7,0.0,0.0,0.0,0.0,0.0,0.0,0.0,0.0,0.0,0.0,0.0,0.0,0.0,0.0,0.0,0.0,0.0,0.0,0.0,0.0,0.0,0.0,0.0,0.0,0.0,0.0,0.0,0.0,0.0,0.0,0.0,0.0,0.0,0.0,0.0,0.0,0.0,0.0,0.0,0.0,0.0,0.0,0.0,0.0,0.0,0.0,0.0,0.0,0.0,0.0,0.0,0.0,0.0,0.0,0.0,0.0,0.0,0.0,0.0,0.0,0.0,0.0,0.0,0.0,0.0,0.0,0.0,0.0,0.0,0.0,0.0,0.0,0.0,0.0,0.0,0.0,0.0,0.0,0.0,0.0,0.0,0.0,0.0,0.0,0.0,0.0,0.0,0.0,0.0,0.0,0.0,0.0,0.0,0.0,0.0,0.0,0.0,0.0,0.0,0.0,0.0,0.0,0.0,0.0,0.0,0.0,0.0,0.0,0.9333333333333332,0.8666666666666666,0.9333333333333332,0.8666666666666666,0.9333333333333332,3.618046832999994,0.0
nvbench2:test:325,325,qwen3:14b,combined,77,0.0,rect,1.0,1.0,20,15,5,0.0,0.0,0.0,0.0,0.0,0.0,0.0,0.0,0.0,0.0,0.0,0.0,0.0,0.0,0.0,0.0,0.0,0.0,0.0,0.0,0.0,0.0,0.0,0.0,0.0,0.0,0.0,0.0,0.0,0.0,0.0,0.0,0.0,0.0,0.0,0.0,0.0,0.0,0.0,0.0,0.0,0.0,0.0,0.0,0.0,0.0,0.0,0.0,0.0,0.0,0.0,0.0,0.0,0.0,0.0,0.0,0.0,0.0,0.0,0.0,0.0,0.0,0.0,0.0,0.0,0.0,0.0,0.0,0.0,0.0,0.0,0.0,0.0,0.0,0.0,0.0,0.0,0.0,0.0,0.0,0.0,0.0,0.0,0.0,0.0,0.0,0.0,0.0,0.0,0.0,0.0,0.0,0.0,0.0,0.0,0.0,0.0,0.0,0.0,0.0,0.0,0.0,0.0,0.0,0.0,0.0,0.0,0.0,0.7333333333333333,0.7333333333333333,0.7333333333333333,0.7333333333333333,0.7333333333333333,3.303851332999983,0.0
nvbench2:test:332,332,qwen3:14b,combined,77,0.0,rect,1.0,1.0,19,13,6,0.0,0.0,0.0,0.0,0.0,0.0,0.0,0.0,0.0,0.0,0.0,0.0,0.0,0.0,0.0,0.0,0.0,0.0,0.0,0.0,0.0,0.0,0.0,0.0,0.0,0.0,0.0,0.0,0.0,0.0,0.0,0.0,0.0,0.0,0.0,0.0,0.0,0.0,0.0,0.0,0.0,0.0,0.0,0.0,0.0,0.0,0.0,0.0,0.0,0.0,0.0,0.0,0.0,0.0,0.0,0.0,0.0,0.0,0.0,0.0,0.0,0.0,0.0,0.0,0.0,0.0,0.0,0.0,0.0,0.0,0.0,0.0,0.0,0.0,0.0,0.0,0.0,0.0,0.0,0.0,0.0,0.0,0.0,0.0,0.0,0.0,0.0,0.0,0.0,0.0,0.0,0.0,0.0,0.0,0.0,0.0,0.0,0.0,0.0,0.0,0.0,0.0,0.0,0.0,0.0,0.0,0.0,0.0,0.9333333333333332,0.8666666666666666,0.9333333333333332,0.8666666666666666,0.9333333333333332,3.0498174169999857,0.0
nvbench2:test:335,335,qwen3:14b,combined,77,0.0,arc,1.0,1.0,16,15,1,0.0,0.0,0.0,0.0,0.0,0.0,0.0,0.0,0.0,0.0,0.0,0.0,0.0,0.0,0.0,0.0,0.0,0.0,0.0,0.0,0.0,0.0,0.0,0.0,0.0,0.0,0.0,0.0,0.0,0.0,0.0,0.0,0.0,0.0,0.0,0.0,0.0,0.0,0.0,0.0,0.0,0.0,0.0,0.0,0.0,0.0,0.0,0.0,0.0,0.0,0.0,0.0,0.0,0.0,0.0,0.0,0.0,0.0,0.0,0.0,0.0,0.0,0.0,0.0,0.0,0.0,0.0,0.0,0.0,0.0,0.0,0.0,0.0,0.0,0.0,0.0,0.0,0.0,0.0,0.0,0.0,0.0,0.0,0.0,0.0,0.0,0.0,0.0,0.0,0.0,0.0,0.0,0.0,0.0,0.0,0.0,0.0,0.0,0.0,0.0,0.0,0.0,0.0,0.0,0.0,0.0,0.0,0.0,0.2,0.2,0.2,0.2,0.2,1.6175204170000086,0.0
nvbench2:test:341,341,qwen3:14b,combined,77,0.0,rect,1.0,1.0,20,4,16,0.0,0.0,0.0,0.0,0.0,0.0,0.0,0.0,0.0,0.0,0.0,0.0,0.0,0.0,0.0,0.0,0.0,0.0,0.0,0.0,0.0,0.0,0.0,0.0,0.0,0.0,0.0,0.0,0.0,0.0,0.0,0.0,0.0,0.0,0.0,0.0,0.0,0.0,0.0,0.0,0.0,0.0,0.0,0.0,0.0,0.0,0.0,0.0,0.0,0.0,0.0,0.0,0.0,0.0,0.0,0.0,0.0,0.0,0.0,0.0,0.0,0.0,0.0,0.0,0.0,0.0,0.0,0.0,0.0,0.0,0.0,0.0,0.0,0.0,0.0,0.0,0.0,0.0,0.0,0.0,0.0,0.0,0.0,0.0,0.0,0.0,0.0,0.0,0.0,0.0,0.0,0.0,0.0,0.0,0.0,0.0,0.0,0.0,0.0,0.0,0.0,0.0,0.0,0.0,0.0,0.0,0.0,0.0,0.9333333333333332,0.9333333333333332,0.9333333333333332,0.7333333333333333,0.7333333333333333,5.619544208999997,0.0
nvbench2:test:344,344,qwen3:14b,combined,77,0.0,rect,1.0,1.0,24,7,17,0.0,0.0,0.0,0.0,0.0,0.0,0.0,0.0,0.0,0.0,0.0,0.0,0.0,0.0,0.0,0.0,0.0,0.0,0.0,0.0,0.0,0.0,0.0,0.0,0.0,0.0,0.0,0.0,0.0,0.0,0.0,0.0,0.0,0.0,0.0,0.0,0.0,0.0,0.0,0.0,0.0,0.0,0.0,0.0,0.0,0.0,0.0,0.0,0.0,0.0,0.0,0.0,0.0,0.0,0.0,0.0,0.0,0.0,0.0,0.0,0.0,0.0,0.0,0.0,0.0,0.0,0.0,0.0,0.0,0.0,0.0,0.0,0.0,0.0,0.0,0.0,0.0,0.0,0.0,0.0,0.0,0.0,0.0,0.0,0.0,0.0,0.0,0.0,0.0,0.0,0.0,0.0,0.0,0.0,0.0,0.0,0.0,0.0,0.0,0.0,0.0,0.0,0.0,0.0,0.0,0.0,0.0,0.0,0.5333333333333333,0.4666666666666667,0.4666666666666667,0.4666666666666667,0.4666666666666667,7.74949325,0.0
nvbench2:test:349,349,qwen3:14b,combined,77,0.0,arc,1.0,1.0,26,12,14,0.0,0.0,0.0,0.0,0.0,0.0,0.0,0.0,0.0,0.0,0.0,0.0,0.0,0.0,0.0,0.0,0.0,0.0,0.0,0.0,0.0,0.0,0.0,0.0,0.0,0.0,0.0,0.0,0.0,0.0,0.0,0.0,0.0,0.0,0.0,0.0,0.0,0.0,0.0,0.0,0.0,0.0,0.0,0.0,0.0,0.0,0.0,0.0,0.0,0.0,0.0,0.0,0.0,0.0,0.0,0.0,0.0,0.0,0.0,0.0,0.0,0.0,0.0,0.0,0.0,0.0,0.0,0.0,0.0,0.0,0.0,0.0,0.0,0.0,0.0,0.0,0.0,0.0,0.0,0.0,0.0,0.0,0.0,0.0,0.0,0.0,0.0,0.0,0.0,0.0,0.0,0.0,0.0,0.0,0.0,0.0,0.0,0.0,0.0,0.0,0.0,0.0,0.0,0.0,0.0,0.0,0.0,0.0,1.0,0.7,1.0,0.8,0.8,4.793752499999982,0.0
nvbench2:test:351,351,qwen3:14b,combined,77,0.0,boxplot,1.0,1.0,20,9,11,0.0,0.0,0.0,0.0,0.0,0.0,0.0,0.0,0.0,0.0,0.0,0.0,0.0,0.0,0.0,0.0,0.0,0.0,0.0,0.0,0.0,0.0,0.0,0.0,0.0,0.0,0.0,0.0,0.0,0.0,0.0,0.0,0.0,0.0,0.0,0.0,0.0,0.0,0.0,0.0,0.0,0.0,0.0,0.0,0.0,0.0,0.0,0.0,0.0,0.0,0.0,0.0,0.0,0.0,0.0,0.0,0.0,0.0,0.0,0.0,0.0,0.0,0.0,0.0,0.0,0.0,0.0,0.0,0.0,0.0,0.0,0.0,0.0,0.0,0.0,0.0,0.0,0.0,0.0,0.0,0.0,0.0,0.0,0.0,0.0,0.0,0.0,0.0,0.0,0.0,0.0,0.0,0.0,0.0,0.0,0.0,0.0,0.0,0.0,0.0,0.0,0.0,0.0,0.0,0.0,0.0,0.0,0.0,1.0,1.0,1.0,0.7,1.0,4.229757917000001,0.0
nvbench2:test:355,355,qwen3:14b,combined,77,0.0,rect,1.0,1.0,23,10,13,0.0,0.0,0.0,0.0,0.0,0.0,0.0,0.0,0.0,0.0,0.0,0.0,0.0,0.0,0.0,0.0,0.0,0.0,0.0,0.0,0.0,0.0,0.0,0.0,0.0,0.0,0.0,0.0,0.0,0.0,0.0,0.0,0.0,0.0,0.0,0.0,0.0,0.0,0.0,0.0,0.0,0.0,0.0,0.0,0.0,0.0,0.0,0.0,0.0,0.0,0.0,0.0,0.0,0.0,0.0,0.0,0.0,0.0,0.0,0.0,0.0,0.0,0.0,0.0,0.0,0.0,0.0,0.0,0.0,0.0,0.0,0.0,0.0,0.0,0.0,0.0,0.0,0.0,0.0,0.0,0.0,0.0,0.0,0.0,0.0,0.0,0.0,0.0,0.0,0.0,0.0,0.0,0.0,0.0,0.0,0.0,0.0,0.0,0.0,0.0,0.0,0.0,0.0,0.0,0.0,0.0,0.0,0.0,0.8,0.6666666666666667,0.8,0.36,0.7333333333333333,6.316027750000018,0.0
nvbench2:test:365,365,qwen3:14b,combined,77,0.0,point,1.0,1.0,16,9,7,0.0,0.0,0.0,0.0,0.0,0.0,0.0,0.0,0.0,0.0,0.0,0.0,0.0,0.0,0.0,0.0,0.0,0.0,0.0,0.0,0.0,0.0,0.0,0.0,0.0,0.0,0.0,0.0,0.0,0.0,0.0,0.0,0.0,0.0,0.0,0.0,0.0,0.0,0.0,0.0,0.0,0.0,0.0,0.0,0.0,0.0,0.0,0.0,0.0,0.0,0.0,0.0,0.0,0.0,0.0,0.0,0.0,0.0,0.0,0.0,0.0,0.0,0.0,0.0,0.0,0.0,0.0,0.0,0.0,0.0,0.0,0.0,0.0,0.0,0.0,0.0,0.0,0.0,0.0,0.0,0.0,0.0,0.0,0.0,0.0,0.0,0.0,0.0,0.0,0.0,0.0,0.0,0.0,0.0,0.0,0.0,0.0,0.0,0.0,0.0,0.0,0.0,0.0,0.0,0.0,0.0,0.0,0.0,0.2857142857142857,0.17142857142857143,0.2857142857142857,0.2857142857142857,0.2857142857142857,6.469701167000011,0.0
nvbench2:test:366,366,qwen3:14b,combined,77,0.0,boxplot,1.0,1.0,16,6,10,1.0,1.0,1.0,0.2,1.0,0.33333333333333337,1.0,0.2,0.5,0.28571428571428575,1.0,0.2,0.3333333333333333,0.25,1.0,0.2,0.25,0.22222222222222224,1.0,0.2,0.2,0.20000000000000004,1.0,0.2,0.16666666666666666,0.1818181818181818,1.0,0.2,0.14285714285714285,0.16666666666666666,1.0,0.2,0.125,0.15384615384615385,1.0,0.2,0.1111111111111111,0.14285714285714285,1.0,0.2,0.1,0.13333333333333333,1.0,0.2,0.1,0.13333333333333333,1.0,0.2,0.1,0.13333333333333333,1.0,0.2,0.1,0.13333333333333333,1.0,0.2,0.1,0.13333333333333333,1.0,0.2,0.1,0.13333333333333333,1.0,0.2,0.1,0.13333333333333333,1.0,0.2,0.1,0.13333333333333333,1.0,0.2,0.1,0.13333333333333333,1.0,0.2,0.1,0.13333333333333333,1.0,0.2,0.1,0.13333333333333333,1.0,1.0,0.2,1.0,0.33333333333333337,1.0,0.2,0.3333333333333333,0.25,1.0,0.2,0.2,0.20000000000000004,0.5,0.0,0.0,0.0,0.0,1.0,0.2,0.3333333333333333,0.25,1.0,0.2,0.2,0.20000000000000004,1.0,1.0,1.0,1.0,1.0,4.53909920800001,-1.0
nvbench2:test:376,376,qwen3:14b,combined,77,0.0,rect,1.0,1.0,16,13,3,0.0,0.0,0.0,0.0,0.0,0.0,0.0,0.0,0.0,0.0,0.0,0.0,0.0,0.0,0.0,0.0,0.0,0.0,0.0,0.0,0.0,0.0,0.0,0.0,0.0,0.0,0.0,0.0,0.0,0.0,0.0,0.0,0.0,0.0,0.0,0.0,0.0,0.0,0.0,0.0,0.0,0.0,0.0,0.0,0.0,0.0,0.0,0.0,0.0,0.0,0.0,0.0,0.0,0.0,0.0,0.0,0.0,0.0,0.0,0.0,0.0,0.0,0.0,0.0,0.0,0.0,0.0,0.0,0.0,0.0,0.0,0.0,0.0,0.0,0.0,0.0,0.0,0.0,0.0,0.0,0.0,0.0,0.0,0.0,0.0,0.0,0.0,0.0,0.0,0.0,0.0,0.0,0.0,0.0,0.0,0.0,0.0,0.0,0.0,0.0,0.0,0.0,0.0,0.0,0.0,0.0,0.0,0.0,0.7333333333333333,0.6666666666666666,0.7333333333333333,0.6666666666666666,0.7333333333333333,2.518314499999974,0.0
nvbench2:test:377,377,qwen3:14b,combined,77,0.0,rect,1.0,1.0,14,8,6,0.0,0.0,0.0,0.0,0.0,0.0,0.0,0.0,0.0,0.0,0.0,0.0,0.0,0.0,0.0,0.0,0.0,0.0,0.0,0.0,0.0,0.0,0.0,0.0,0.0,0.0,0.0,0.0,0.0,0.0,0.0,0.0,0.0,0.0,0.0,0.0,0.0,0.0,0.0,0.0,0.0,0.0,0.0,0.0,0.0,0.0,0.0,0.0,0.0,0.0,0.0,0.0,0.0,0.0,0.0,0.0,0.0,0.0,0.0,0.0,0.0,0.0,0.0,0.0,0.0,0.0,0.0,0.0,0.0,0.0,0.0,0.0,0.0,0.0,0.0,0.0,0.0,0.0,0.0,0.0,0.0,0.0,0.0,0.0,0.0,0.0,0.0,0.0,0.0,0.0,0.0,0.0,0.0,0.0,0.0,0.0,0.0,0.0,0.0,0.0,0.0,0.0,0.0,0.0,0.0,0.0,0.0,0.0,0.7333333333333333,0.7333333333333333,0.7333333333333333,0.7333333333333333,0.7333333333333333,4.307991917000038,0.0
nvbench2:test:384,384,qwen3:14b,combined,77,0.0,arc,1.0,1.0,19,12,7,0.0,0.0,0.0,0.0,0.0,0.0,0.0,0.0,0.0,0.0,0.0,0.0,0.0,0.0,0.0,0.0,0.0,0.0,0.0,0.0,0.0,0.0,0.0,0.0,0.0,0.0,0.0,0.0,0.0,0.0,0.0,0.0,0.0,0.0,0.0,0.0,0.0,0.0,0.0,0.0,0.0,0.0,0.0,0.0,0.0,0.0,0.0,0.0,0.0,0.0,0.0,0.0,0.0,0.0,0.0,0.0,0.0,0.0,0.0,0.0,0.0,0.0,0.0,0.0,0.0,0.0,0.0,0.0,0.0,0.0,0.0,0.0,0.0,0.0,0.0,0.0,0.0,0.0,0.0,0.0,0.0,0.0,0.0,0.0,0.0,0.0,0.0,0.0,0.0,0.0,0.0,0.0,0.0,0.0,0.0,0.0,0.0,0.0,0.0,0.0,0.0,0.0,0.0,0.0,0.0,0.0,0.0,0.0,1.0,1.0,1.0,1.0,1.0,3.9208447919999685,0.0
nvbench2:test:385,385,qwen3:14b,combined,77,0.0,arc,1.0,1.0,14,11,3,1.0,1.0,1.0,0.3333333333333333,1.0,0.5,1.0,0.3333333333333333,0.5,0.4,1.0,0.3333333333333333,0.3333333333333333,0.3333333333333333,1.0,0.3333333333333333,0.3333333333333333,0.3333333333333333,1.0,0.3333333333333333,0.3333333333333333,0.3333333333333333,1.0,0.3333333333333333,0.3333333333333333,0.3333333333333333,1.0,0.3333333333333333,0.3333333333333333,0.3333333333333333,1.0,0.3333333333333333,0.3333333333333333,0.3333333333333333,1.0,0.3333333333333333,0.3333333333333333,0.3333333333333333,1.0,0.3333333333333333,0.3333333333333333,0.3333333333333333,1.0,0.3333333333333333,0.3333333333333333,0.3333333333333333,1.0,0.3333333333333333,0.3333333333333333,0.3333333333333333,1.0,0.3333333333333333,0.3333333333333333,0.3333333333333333,1.0,0.3333333333333333,0.3333333333333333,0.3333333333333333,1.0,0.3333333333333333,0.3333333333333333,0.3333333333333333,1.0,0.3333333333333333,0.3333333333333333,0.3333333333333333,1.0,0.3333333333333333,0.3333333333333333,0.3333333333333333,1.0,0.3333333333333333,0.3333333333333333,0.3333333333333333,1.0,0.3333333333333333,0.3333333333333333,0.3333333333333333,1.0,0.3333333333333333,0.3333333333333333,0.3333333333333333,1.0,1.0,0.3333333333333333,1.0,0.5,1.0,0.3333333333333333,0.3333333333333333,0.3333333333333333,1.0,0.3333333333333333,0.3333333333333333,0.3333333333333333,1.0,1.0,0.3333333333333333,1.0,0.5,1.0,0.3333333333333333,0.3333333333333333,0.3333333333333333,1.0,0.3333333333333333,0.3333333333333333,0.3333333333333333,1.0,1.0,1.0,1.0,1.0,2.6067176249999875,0.0
nvbench2:test:388,388,qwen3:14b,combined,77,0.0,bar+line+rect,1.0,1.0,23,6,17,0.0,0.0,0.0,0.0,0.0,0.0,0.0,0.0,0.0,0.0,0.0,0.0,0.0,0.0,0.0,0.0,0.0,0.0,0.0,0.0,0.0,0.0,0.0,0.0,0.0,0.0,0.0,0.0,0.0,0.0,0.0,0.0,0.0,0.0,0.0,0.0,0.0,0.0,0.0,0.0,0.0,0.0,0.0,0.0,0.0,0.0,0.0,0.0,0.0,0.0,0.0,0.0,0.0,0.0,0.0,0.0,0.0,0.0,0.0,0.0,0.0,0.0,0.0,0.0,0.0,0.0,0.0,0.0,0.0,0.0,0.0,0.0,0.0,0.0,0.0,0.0,0.0,0.0,0.0,0.0,0.0,0.0,0.0,0.0,0.0,0.0,0.0,0.0,0.0,0.0,0.0,0.0,0.0,0.0,0.0,0.0,0.0,0.0,0.0,0.0,0.0,0.0,0.0,0.0,0.0,0.0,0.0,0.0,0.9199999999999999,0.9199999999999999,0.9199999999999999,0.64,0.64,5.654620749999992,0.0
nvbench2:test:392,392,qwen3:14b,combined,77,0.0,rect,1.0,1.0,28,18,10,1.0,0.2,0.0,0.0,0.0,0.0,0.0,0.0,0.0,0.0,0.0,0.0,0.0,0.0,0.0,0.0,0.0,0.0,1.0,0.25,0.2,0.22222222222222224,1.0,0.25,0.16666666666666666,0.2,1.0,0.25,0.14285714285714285,0.18181818181818182,1.0,0.5,0.25,0.3333333333333333,1.0,0.5,0.2222222222222222,0.30769230769230765,1.0,0.5,0.2,0.28571428571428575,1.0,0.5,0.2,0.28571428571428575,1.0,0.5,0.2,0.28571428571428575,1.0,0.5,0.2,0.28571428571428575,1.0,0.5,0.2,0.28571428571428575,1.0,0.5,0.2,0.28571428571428575,1.0,0.5,0.2,0.28571428571428575,1.0,0.5,0.2,0.28571428571428575,1.0,0.5,0.2,0.28571428571428575,1.0,0.5,0.2,0.28571428571428575,1.0,0.5,0.2,0.28571428571428575,0.2,0.0,0.0,0.0,0.0,0.0,0.0,0.0,0.0,1.0,0.25,0.2,0.22222222222222224,0.0,0.0,0.0,0.0,0.0,0.0,0.0,0.0,0.0,0.0,0.0,0.0,0.0,1.0,0.44000000000000006,1.0,0.44000000000000006,0.44000000000000006,4.210348709000016,0.0
nvbench2:test:395,395,qwen3:14b,combined,77,0.0,rect,1.0,1.0,28,21,7,0.0,0.0,0.0,0.0,0.0,0.0,0.0,0.0,0.0,0.0,0.0,0.0,0.0,0.0,0.0,0.0,0.0,0.0,0.0,0.0,0.0,0.0,0.0,0.0,0.0,0.0,0.0,0.0,0.0,0.0,0.0,0.0,0.0,0.0,0.0,0.0,0.0,0.0,0.0,0.0,0.0,0.0,0.0,0.0,0.0,0.0,0.0,0.0,0.0,0.0,0.0,0.0,0.0,0.0,0.0,0.0,0.0,0.0,0.0,0.0,0.0,0.0,0.0,0.0,0.0,0.0,0.0,0.0,0.0,0.0,0.0,0.0,0.0,0.0,0.0,0.0,0.0,0.0,0.0,0.0,0.0,0.0,0.0,0.0,0.0,0.0,0.0,0.0,0.0,0.0,0.0,0.0,0.0,0.0,0.0,0.0,0.0,0.0,0.0,0.0,0.0,0.0,0.0,0.0,0.0,0.0,0.0,0.0,1.0,0.8,1.0,0.44000000000000006,1.0,3.6544682910000006,0.0
nvbench2:test:406,406,qwen3:14b,combined,77,0.0,bar,1.0,1.0,20,12,8,0.0,0.0,0.0,0.0,0.0,0.0,0.0,0.0,0.0,0.0,0.0,0.0,0.0,0.0,0.0,0.0,0.0,0.0,0.0,0.0,0.0,0.0,0.0,0.0,0.0,0.0,0.0,0.0,0.0,0.0,0.0,0.0,0.0,0.0,0.0,0.0,0.0,0.0,0.0,0.0,0.0,0.0,0.0,0.0,0.0,0.0,0.0,0.0,0.0,0.0,0.0,0.0,0.0,0.0,0.0,0.0,0.0,0.0,0.0,0.0,0.0,0.0,0.0,0.0,0.0,0.0,0.0,0.0,0.0,0.0,0.0,0.0,0.0,0.0,0.0,0.0,0.0,0.0,0.0,0.0,0.0,0.0,0.0,0.0,0.0,0.0,0.0,0.0,0.0,0.0,0.0,0.0,0.0,0.0,0.0,0.0,0.0,0.0,0.0,0.0,0.0,0.0,0.0,0.0,0.0,0.0,0.0,0.0,0.9199999999999999,0.4666666666666666,0.9199999999999999,0.9199999999999999,0.9199999999999999,4.069111125000006,0.0
nvbench2:test:426,426,qwen3:14b,combined,77,0.0,arc,1.0,1.0,25,23,2,0.0,0.0,0.0,0.0,0.0,0.0,0.0,0.0,0.0,0.0,0.0,0.0,0.0,0.0,0.0,0.0,0.0,0.0,0.0,0.0,0.0,0.0,0.0,0.0,0.0,0.0,0.0,0.0,0.0,0.0,0.0,0.0,0.0,0.0,0.0,0.0,0.0,0.0,0.0,0.0,0.0,0.0,0.0,0.0,0.0,0.0,0.0,0.0,0.0,0.0,0.0,0.0,0.0,0.0,0.0,0.0,0.0,0.0,0.0,0.0,0.0,0.0,0.0,0.0,0.0,0.0,0.0,0.0,0.0,0.0,0.0,0.0,0.0,0.0,0.0,0.0,0.0,0.0,0.0,0.0,0.0,0.0,0.0,0.0,0.0,0.0,0.0,0.0,0.0,0.0,0.0,0.0,0.0,0.0,0.0,0.0,0.0,0.0,0.0,0.0,0.0,0.0,0.0,0.0,0.0,0.0,0.0,0.0,0.6,0.6,0.6,0.6,0.6,2.6329001670000025,0.0
nvbench2:test:430,430,qwen3:14b,combined,77,0.0,bar,1.0,1.0,21,16,5,0.0,0.0,0.0,0.0,0.0,0.0,0.0,0.0,0.0,0.0,0.0,0.0,0.0,0.0,0.0,0.0,0.0,0.0,0.0,0.0,0.0,0.0,0.0,0.0,0.0,0.0,0.0,0.0,0.0,0.0,0.0,0.0,0.0,0.0,0.0,0.0,0.0,0.0,0.0,0.0,0.0,0.0,0.0,0.0,0.0,0.0,0.0,0.0,0.0,0.0,0.0,0.0,0.0,0.0,0.0,0.0,0.0,0.0,0.0,0.0,0.0,0.0,0.0,0.0,0.0,0.0,0.0,0.0,0.0,0.0,0.0,0.0,0.0,0.0,0.0,0.0,0.0,0.0,0.0,0.0,0.0,0.0,0.0,0.0,0.0,0.0,0.0,0.0,0.0,0.0,0.0,0.0,0.0,0.0,0.0,0.0,0.0,0.0,0.0,0.0,0.0,0.0,0.0,0.0,0.0,0.0,0.0,0.0,0.8,0.8,0.8,0.72,0.8,4.031803292000006,0.0
nvbench2:test:432,432,qwen3:14b,combined,77,0.0,bar+line+rect,1.0,1.0,20,16,4,0.0,0.0,0.0,0.0,0.0,0.0,0.0,0.0,0.0,0.0,0.0,0.0,0.0,0.0,0.0,0.0,0.0,0.0,0.0,0.0,0.0,0.0,0.0,0.0,0.0,0.0,0.0,0.0,0.0,0.0,0.0,0.0,0.0,0.0,0.0,0.0,0.0,0.0,0.0,0.0,0.0,0.0,0.0,0.0,0.0,0.0,0.0,0.0,0.0,0.0,0.0,0.0,0.0,0.0,0.0,0.0,0.0,0.0,0.0,0.0,0.0,0.0,0.0,0.0,0.0,0.0,0.0,0.0,0.0,0.0,0.0,0.0,0.0,0.0,0.0,0.0,0.0,0.0,0.0,0.0,0.0,0.0,0.0,0.0,0.0,0.0,0.0,0.0,0.0,0.0,0.0,0.0,0.0,0.0,0.0,0.0,0.0,0.0,0.0,0.0,0.0,0.0,0.0,0.0,0.0,0.0,0.0,0.0,0.8,0.4,0.8,0.72,0.8,3.644769999999994,0.0
nvbench2:test:434,434,qwen3:14b,combined,77,0.0,arc,1.0,1.0,19,16,3,1.0,1.0,1.0,0.2,1.0,0.33333333333333337,1.0,0.2,0.5,0.28571428571428575,1.0,0.2,0.3333333333333333,0.25,1.0,0.2,0.3333333333333333,0.25,1.0,0.2,0.3333333333333333,0.25,1.0,0.2,0.3333333333333333,0.25,1.0,0.2,0.3333333333333333,0.25,1.0,0.2,0.3333333333333333,0.25,1.0,0.2,0.3333333333333333,0.25,1.0,0.2,0.3333333333333333,0.25,1.0,0.2,0.3333333333333333,0.25,1.0,0.2,0.3333333333333333,0.25,1.0,0.2,0.3333333333333333,0.25,1.0,0.2,0.3333333333333333,0.25,1.0,0.2,0.3333333333333333,0.25,1.0,0.2,0.3333333333333333,0.25,1.0,0.2,0.3333333333333333,0.25,1.0,0.2,0.3333333333333333,0.25,1.0,0.2,0.3333333333333333,0.25,1.0,0.2,0.3333333333333333,0.25,1.0,1.0,0.2,1.0,0.33333333333333337,1.0,0.2,0.3333333333333333,0.25,1.0,0.2,0.3333333333333333,0.25,1.0,1.0,0.2,1.0,0.33333333333333337,1.0,0.2,0.3333333333333333,0.25,1.0,0.2,0.3333333333333333,0.25,1.0,1.0,1.0,1.0,1.0,2.5349795839999842,0.0
nvbench2:test:435,435,qwen3:14b,combined,77,0.0,rect,1.0,1.0,27,11,16,1.0,1.0,1.0,0.25,1.0,0.4,1.0,0.25,0.5,0.3333333333333333,1.0,0.25,0.3333333333333333,0.28571428571428575,1.0,0.25,0.25,0.25,1.0,0.25,0.2,0.22222222222222224,1.0,0.25,0.16666666666666666,0.2,1.0,0.25,0.14285714285714285,0.18181818181818182,1.0,0.25,0.125,0.16666666666666666,1.0,0.25,0.1111111111111111,0.15384615384615383,1.0,0.25,0.1,0.14285714285714288,1.0,0.25,0.09090909090909091,0.13333333333333333,1.0,0.25,0.08333333333333333,0.125,1.0,0.25,0.07692307692307693,0.11764705882352941,1.0,0.25,0.07142857142857142,0.11111111111111112,1.0,0.25,0.06666666666666667,0.10526315789473685,1.0,0.25,0.0625,0.1,1.0,0.25,0.0625,0.1,1.0,0.25,0.0625,0.1,1.0,0.25,0.0625,0.1,1.0,0.25,0.0625,0.1,1.0,1.0,0.25,1.0,0.4,1.0,0.25,0.3333333333333333,0.28571428571428575,1.0,0.25,0.2,0.22222222222222224,0.0,0.0,0.0,0.0,0.0,0.0,0.0,0.0,0.0,0.0,0.0,0.0,0.0,1.0,1.0,1.0,0.36,0.6,5.315971917000013,-1.0
nvbench2:test:443,443,qwen3:14b,combined,77,0.0,arc,1.0,1.0,24,19,5,0.0,0.0,0.0,0.0,0.0,0.0,0.0,0.0,0.0,0.0,0.0,0.0,0.0,0.0,0.0,0.0,0.0,0.0,0.0,0.0,0.0,0.0,0.0,0.0,0.0,0.0,0.0,0.0,0.0,0.0,0.0,0.0,0.0,0.0,0.0,0.0,0.0,0.0,0.0,0.0,0.0,0.0,0.0,0.0,0.0,0.0,0.0,0.0,0.0,0.0,0.0,0.0,0.0,0.0,0.0,0.0,0.0,0.0,0.0,0.0,0.0,0.0,0.0,0.0,0.0,0.0,0.0,0.0,0.0,0.0,0.0,0.0,0.0,0.0,0.0,0.0,0.0,0.0,0.0,0.0,0.0,0.0,0.0,0.0,0.0,0.0,0.0,0.0,0.0,0.0,0.0,0.0,0.0,0.0,0.0,0.0,0.0,0.0,0.0,0.0,0.0,0.0,0.0,0.0,0.0,0.0,0.0,0.0,0.8,0.5333333333333333,0.8,0.8,0.8,3.429785707999997,0.0
nvbench2:test:446,446,qwen3:14b,combined,77,0.0,arc,1.0,1.0,17,12,5,0.0,0.0,0.0,0.0,0.0,0.0,0.0,0.0,0.0,0.0,0.0,0.0,0.0,0.0,0.0,0.0,0.0,0.0,0.0,0.0,0.0,0.0,0.0,0.0,0.0,0.0,0.0,0.0,0.0,0.0,0.0,0.0,0.0,0.0,0.0,0.0,0.0,0.0,0.0,0.0,0.0,0.0,0.0,0.0,0.0,0.0,0.0,0.0,0.0,0.0,0.0,0.0,0.0,0.0,0.0,0.0,0.0,0.0,0.0,0.0,0.0,0.0,0.0,0.0,0.0,0.0,0.0,0.0,0.0,0.0,0.0,0.0,0.0,0.0,0.0,0.0,0.0,0.0,0.0,0.0,0.0,0.0,0.0,0.0,0.0,0.0,0.0,0.0,0.0,0.0,0.0,0.0,0.0,0.0,0.0,0.0,0.0,0.0,0.0,0.0,0.0,0.0,0.0,0.0,0.0,0.0,0.0,0.0,1.0,0.8,1.0,0.8,1.0,4.880105083000046,0.0
nvbench2:test:454,454,qwen3:14b,combined,77,0.0,arc,1.0,1.0,15,12,3,0.0,0.0,0.0,0.0,0.0,0.0,0.0,0.0,0.0,0.0,0.0,0.0,0.0,0.0,0.0,0.0,0.0,0.0,0.0,0.0,0.0,0.0,0.0,0.0,0.0,0.0,0.0,0.0,0.0,0.0,0.0,0.0,0.0,0.0,0.0,0.0,0.0,0.0,0.0,0.0,0.0,0.0,0.0,0.0,0.0,0.0,0.0,0.0,0.0,0.0,0.0,0.0,0.0,0.0,0.0,0.0,0.0,0.0,0.0,0.0,0.0,0.0,0.0,0.0,0.0,0.0,0.0,0.0,0.0,0.0,0.0,0.0,0.0,0.0,0.0,0.0,0.0,0.0,0.0,0.0,0.0,0.0,0.0,0.0,0.0,0.0,0.0,0.0,0.0,0.0,0.0,0.0,0.0,0.0,0.0,0.0,0.0,0.0,0.0,0.0,0.0,0.0,0.0,0.0,0.0,0.0,0.0,0.0,0.6,0.6,0.6,0.6,0.6,3.2947000409999987,0.0
nvbench2:test:461,461,qwen3:14b,combined,77,0.0,rect,1.0,1.0,20,8,12,1.0,1.0,1.0,0.3333333333333333,1.0,0.5,1.0,0.3333333333333333,0.5,0.4,1.0,0.3333333333333333,0.3333333333333333,0.3333333333333333,1.0,0.3333333333333333,0.25,0.28571428571428575,1.0,0.3333333333333333,0.2,0.25,1.0,0.3333333333333333,0.16666666666666666,0.2222222222222222,1.0,0.3333333333333333,0.14285714285714285,0.2,1.0,0.3333333333333333,0.125,0.18181818181818182,1.0,0.3333333333333333,0.1111111111111111,0.16666666666666666,1.0,0.3333333333333333,0.1,0.15384615384615383,1.0,0.3333333333333333,0.09090909090909091,0.14285714285714288,1.0,0.3333333333333333,0.08333333333333333,0.13333333333333333,1.0,0.3333333333333333,0.08333333333333333,0.13333333333333333,1.0,0.3333333333333333,0.08333333333333333,0.13333333333333333,1.0,0.3333333333333333,0.08333333333333333,0.13333333333333333,1.0,0.3333333333333333,0.08333333333333333,0.13333333333333333,1.0,0.3333333333333333,0.08333333333333333,0.13333333333333333,1.0,0.3333333333333333,0.08333333333333333,0.13333333333333333,1.0,0.3333333333333333,0.08333333333333333,0.13333333333333333,1.0,0.3333333333333333,0.08333333333333333,0.13333333333333333,1.0,1.0,0.3333333333333333,1.0,0.5,1.0,0.3333333333333333,0.3333333333333333,0.3333333333333333,1.0,0.3333333333333333,0.2,0.25,1.0,1.0,0.3333333333333333,1.0,0.5,1.0,0.3333333333333333,0.3333333333333333,0.3333333333333333,1.0,0.3333333333333333,0.2,0.25,1.0,1.0,1.0,1.0,1.0,4.807920458000012,0.0
nvbench2:test:466,466,qwen3:14b,combined,77,0.0,rect,1.0,1.0,19,11,8,0.0,0.0,0.0,0.0,0.0,0.0,0.0,0.0,0.0,0.0,0.0,0.0,0.0,0.0,0.0,0.0,0.0,0.0,0.0,0.0,0.0,0.0,0.0,0.0,0.0,0.0,0.0,0.0,0.0,0.0,0.0,0.0,0.0,0.0,0.0,0.0,0.0,0.0,0.0,0.0,0.0,0.0,0.0,0.0,0.0,0.0,0.0,0.0,0.0,0.0,0.0,0.0,0.0,0.0,0.0,0.0,0.0,0.0,0.0,0.0,0.0,0.0,0.0,0.0,0.0,0.0,0.0,0.0,0.0,0.0,0.0,0.0,0.0,0.0,0.0,0.0,0.0,0.0,0.0,0.0,0.0,0.0,0.0,0.0,0.0,0.0,0.0,0.0,0.0,0.0,0.0,0.0,0.0,0.0,0.0,0.0,0.0,0.0,0.0,0.0,0.0,0.0,0.0,0.0,0.0,0.0,0.0,0.0,1.0,0.44000000000000006,1.0,1.0,1.0,3.950487166999949,0.0
nvbench2:test:471,471,qwen3:14b,combined,77,0.0,line,1.0,1.0,25,17,8,1.0,1.0,1.0,0.2,1.0,0.33333333333333337,1.0,0.2,0.5,0.28571428571428575,1.0,0.2,0.3333333333333333,0.25,1.0,0.4,0.5,0.4444444444444445,1.0,0.4,0.4,0.4000000000000001,1.0,0.4,0.3333333333333333,0.3636363636363636,1.0,0.4,0.2857142857142857,0.3333333333333333,1.0,0.4,0.25,0.3076923076923077,1.0,0.4,0.25,0.3076923076923077,1.0,0.4,0.25,0.3076923076923077,1.0,0.4,0.25,0.3076923076923077,1.0,0.4,0.25,0.3076923076923077,1.0,0.4,0.25,0.3076923076923077,1.0,0.4,0.25,0.3076923076923077,1.0,0.4,0.25,0.3076923076923077,1.0,0.4,0.25,0.3076923076923077,1.0,0.4,0.25,0.3076923076923077,1.0,0.4,0.25,0.3076923076923077,1.0,0.4,0.25,0.3076923076923077,1.0,0.4,0.25,0.3076923076923077,1.0,1.0,0.2,1.0,0.33333333333333337,1.0,0.2,0.3333333333333333,0.25,1.0,0.4,0.4,0.4000000000000001,0.5,0.0,0.0,0.0,0.0,1.0,0.2,0.3333333333333333,0.25,1.0,0.4,0.4,0.4000000000000001,1.0,1.0,1.0,0.8,1.0,3.890264290999994,-1.0
nvbench2:test:479,479,qwen3:14b,combined,77,0.0,bar+line,1.0,1.0,24,13,11,0.0,0.0,0.0,0.0,0.0,0.0,0.0,0.0,0.0,0.0,0.0,0.0,0.0,0.0,0.0,0.0,0.0,0.0,0.0,0.0,0.0,0.0,0.0,0.0,0.0,0.0,0.0,0.0,0.0,0.0,0.0,0.0,0.0,0.0,0.0,0.0,0.0,0.0,0.0,0.0,0.0,0.0,0.0,0.0,0.0,0.0,0.0,0.0,0.0,0.0,0.0,0.0,0.0,0.0,0.0,0.0,0.0,0.0,0.0,0.0,0.0,0.0,0.0,0.0,0.0,0.0,0.0,0.0,0.0,0.0,0.0,0.0,0.0,0.0,0.0,0.0,0.0,0.0,0.0,0.0,0.0,0.0,0.0,0.0,0.0,0.0,0.0,0.0,0.0,0.0,0.0,0.0,0.0,0.0,0.0,0.0,0.0,0.0,0.0,0.0,0.0,0.0,0.0,0.0,0.0,0.0,0.0,0.0,0.9199999999999999,0.74,0.7733333333333333,0.5599999999999999,0.9199999999999999,4.108124832999977,0.0
nvbench2:test:483,483,qwen3:14b,combined,77,0.0,arc,1.0,1.0,14,10,4,1.0,1.0,1.0,0.5,1.0,0.6666666666666666,1.0,0.5,0.5,0.5,1.0,0.5,0.3333333333333333,0.4,1.0,0.5,0.25,0.3333333333333333,1.0,0.5,0.25,0.3333333333333333,1.0,0.5,0.25,0.3333333333333333,1.0,0.5,0.25,0.3333333333333333,1.0,0.5,0.25,0.3333333333333333,1.0,0.5,0.25,0.3333333333333333,1.0,0.5,0.25,0.3333333333333333,1.0,0.5,0.25,0.3333333333333333,1.0,0.5,0.25,0.3333333333333333,1.0,0.5,0.25,0.3333333333333333,1.0,0.5,0.25,0.3333333333333333,1.0,0.5,0.25,0.3333333333333333,1.0,0.5,0.25,0.3333333333333333,1.0,0.5,0.25,0.3333333333333333,1.0,0.5,0.25,0.3333333333333333,1.0,0.5,0.25,0.3333333333333333,1.0,0.5,0.25,0.3333333333333333,1.0,1.0,0.5,1.0,0.6666666666666666,1.0,0.5,0.3333333333333333,0.4,1.0,0.5,0.25,0.3333333333333333,1.0,1.0,0.5,1.0,0.6666666666666666,1.0,0.5,0.3333333333333333,0.4,1.0,0.5,0.25,0.3333333333333333,1.0,1.0,1.0,1.0,1.0,2.7414233750000108,0.0
nvbench2:test:486,486,qwen3:14b,combined,77,0.0,rect,1.0,1.0,25,5,20,0.0,0.0,0.0,0.0,0.0,0.0,0.0,0.0,0.0,0.0,0.0,0.0,0.0,0.0,0.0,0.0,0.0,0.0,0.0,0.0,0.0,0.0,0.0,0.0,0.0,0.0,0.0,0.0,0.0,0.0,0.0,0.0,0.0,0.0,0.0,0.0,0.0,0.0,0.0,0.0,0.0,0.0,0.0,0.0,0.0,0.0,0.0,0.0,0.0,0.0,0.0,0.0,0.0,0.0,0.0,0.0,0.0,0.0,0.0,0.0,0.0,0.0,0.0,0.0,0.0,0.0,0.0,0.0,0.0,0.0,0.0,0.0,0.0,0.0,0.0,0.0,0.0,0.0,0.0,0.0,0.0,0.0,0.0,0.0,0.0,0.0,0.0,0.0,0.0,0.0,0.0,0.0,0.0,0.0,0.0,0.0,0.0,0.0,0.0,0.0,0.0,0.0,0.0,0.0,0.0,0.0,0.0,0.0,0.9333333333333332,0.9333333333333332,0.9333333333333332,0.9333333333333332,0.9333333333333332,6.4071967500000255,0.0
nvbench2:test:489,489,qwen3:14b,combined,77,0.0,arc,1.0,1.0,15,11,4,0.0,0.0,0.0,0.0,0.0,0.0,0.0,0.0,0.0,0.0,0.0,0.0,0.0,0.0,0.0,0.0,0.0,0.0,0.0,0.0,0.0,0.0,0.0,0.0,0.0,0.0,0.0,0.0,0.0,0.0,0.0,0.0,0.0,0.0,0.0,0.0,0.0,0.0,0.0,0.0,0.0,0.0,0.0,0.0,0.0,0.0,0.0,0.0,0.0,0.0,0.0,0.0,0.0,0.0,0.0,0.0,0.0,0.0,0.0,0.0,0.0,0.0,0.0,0.0,0.0,0.0,0.0,0.0,0.0,0.0,0.0,0.0,0.0,0.0,0.0,0.0,0.0,0.0,0.0,0.0,0.0,0.0,0.0,0.0,0.0,0.0,0.0,0.0,0.0,0.0,0.0,0.0,0.0,0.0,0.0,0.0,0.0,0.0,0.0,0.0,0.0,0.0,0.0,0.0,0.0,0.0,0.0,0.0,0.6,0.6,0.6,0.6,0.6,2.4901206250000314,0.0
nvbench2:test:492,492,qwen3:14b,combined,77,0.0,rect,1.0,1.0,17,5,12,1.0,0.25,0.0,0.0,0.0,0.0,0.0,0.0,0.0,0.0,0.0,0.0,0.0,0.0,1.0,0.5,0.25,0.3333333333333333,1.0,0.5,0.2,0.28571428571428575,1.0,0.5,0.16666666666666666,0.25,1.0,0.5,0.14285714285714285,0.22222222222222224,1.0,0.5,0.125,0.2,1.0,0.5,0.1111111111111111,0.1818181818181818,1.0,0.5,0.1,0.16666666666666669,1.0,0.5,0.09090909090909091,0.15384615384615385,1.0,0.5,0.08333333333333333,0.14285714285714285,1.0,0.5,0.08333333333333333,0.14285714285714285,1.0,0.5,0.08333333333333333,0.14285714285714285,1.0,0.5,0.08333333333333333,0.14285714285714285,1.0,0.5,0.08333333333333333,0.14285714285714285,1.0,0.5,0.08333333333333333,0.14285714285714285,1.0,0.5,0.08333333333333333,0.14285714285714285,1.0,0.5,0.08333333333333333,0.14285714285714285,1.0,0.5,0.08333333333333333,0.14285714285714285,0.25,0.0,0.0,0.0,0.0,0.0,0.0,0.0,0.0,1.0,0.5,0.2,0.28571428571428575,0.5,0.0,0.0,0.0,0.0,1.0,0.5,0.3333333333333333,0.4,1.0,0.5,0.2,0.28571428571428575,1.0,0.8333333333333333,1.0,1.0,1.0,4.372510540999997,0.0
nvbench2:test:505,505,qwen3:14b,combined,77,0.0,bar,1.0,1.0,16,12,4,0.0,0.0,0.0,0.0,0.0,0.0,0.0,0.0,0.0,0.0,0.0,0.0,0.0,0.0,0.0,0.0,0.0,0.0,0.0,0.0,0.0,0.0,0.0,0.0,0.0,0.0,0.0,0.0,0.0,0.0,0.0,0.0,0.0,0.0,0.0,0.0,0.0,0.0,0.0,0.0,0.0,0.0,0.0,0.0,0.0,0.0,0.0,0.0,0.0,0.0,0.0,0.0,0.0,0.0,0.0,0.0,0.0,0.0,0.0,0.0,0.0,0.0,0.0,0.0,0.0,0.0,0.0,0.0,0.0,0.0,0.0,0.0,0.0,0.0,0.0,0.0,0.0,0.0,0.0,0.0,0.0,0.0,0.0,0.0,0.0,0.0,0.0,0.0,0.0,0.0,0.0,0.0,0.0,0.0,0.0,0.0,0.0,0.0,0.0,0.0,0.0,0.0,0.0,0.0,0.0,0.0,0.0,0.0,0.9199999999999999,0.9199999999999999,0.9199999999999999,0.9199999999999999,0.9199999999999999,3.3805355829999826,0.0
nvbench2:test:508,508,qwen3:14b,combined,77,0.0,arc,1.0,1.0,21,17,4,1.0,0.5,0.0,0.0,0.0,0.0,1.0,0.5,0.5,0.5,1.0,0.5,0.3333333333333333,0.4,1.0,0.5,0.25,0.3333333333333333,1.0,0.5,0.25,0.3333333333333333,1.0,0.5,0.25,0.3333333333333333,1.0,0.5,0.25,0.3333333333333333,1.0,0.5,0.25,0.3333333333333333,1.0,0.5,0.25,0.3333333333333333,1.0,0.5,0.25,0.3333333333333333,1.0,0.5,0.25,0.3333333333333333,1.0,0.5,0.25,0.3333333333333333,1.0,0.5,0.25,0.3333333333333333,1.0,0.5,0.25,0.3333333333333333,1.0,0.5,0.25,0.3333333333333333,1.0,0.5,0.25,0.3333333333333333,1.0,0.5,0.25,0.3333333333333333,1.0,0.5,0.25,0.3333333333333333,1.0,0.5,0.25,0.3333333333333333,1.0,0.5,0.25,0.3333333333333333,0.5,0.0,0.0,0.0,0.0,1.0,0.5,0.3333333333333333,0.4,1.0,0.5,0.25,0.3333333333333333,0.5,0.0,0.0,0.0,0.0,1.0,0.5,0.3333333333333333,0.4,1.0,0.5,0.25,0.3333333333333333,1.0,1.0,1.0,1.0,1.0,2.6570709169999986,0.0
nvbench2:test:519,519,qwen3:14b,combined,77,0.0,boxplot,1.0,1.0,18,7,11,0.0,0.0,0.0,0.0,0.0,0.0,0.0,0.0,0.0,0.0,0.0,0.0,0.0,0.0,0.0,0.0,0.0,0.0,0.0,0.0,0.0,0.0,0.0,0.0,0.0,0.0,0.0,0.0,0.0,0.0,0.0,0.0,0.0,0.0,0.0,0.0,0.0,0.0,0.0,0.0,0.0,0.0,0.0,0.0,0.0,0.0,0.0,0.0,0.0,0.0,0.0,0.0,0.0,0.0,0.0,0.0,0.0,0.0,0.0,0.0,0.0,0.0,0.0,0.0,0.0,0.0,0.0,0.0,0.0,0.0,0.0,0.0,0.0,0.0,0.0,0.0,0.0,0.0,0.0,0.0,0.0,0.0,0.0,0.0,0.0,0.0,0.0,0.0,0.0,0.0,0.0,0.0,0.0,0.0,0.0,0.0,0.0,0.0,0.0,0.0,0.0,0.0,0.0,0.0,0.0,0.0,0.0,0.0,1.0,0.7,1.0,1.0,1.0,3.9994234170000027,0.0
nvbench2:test:524,524,qwen3:14b,combined,77,0.0,bar+line+rect,1.0,1.0,26,16,10,0.0,0.0,0.0,0.0,0.0,0.0,0.0,0.0,0.0,0.0,0.0,0.0,0.0,0.0,0.0,0.0,0.0,0.0,0.0,0.0,0.0,0.0,0.0,0.0,0.0,0.0,0.0,0.0,0.0,0.0,0.0,0.0,0.0,0.0,0.0,0.0,0.0,0.0,0.0,0.0,0.0,0.0,0.0,0.0,0.0,0.0,0.0,0.0,0.0,0.0,0.0,0.0,0.0,0.0,0.0,0.0,0.0,0.0,0.0,0.0,0.0,0.0,0.0,0.0,0.0,0.0,0.0,0.0,0.0,0.0,0.0,0.0,0.0,0.0,0.0,0.0,0.0,0.0,0.0,0.0,0.0,0.0,0.0,0.0,0.0,0.0,0.0,0.0,0.0,0.0,0.0,0.0,0.0,0.0,0.0,0.0,0.0,0.0,0.0,0.0,0.0,0.0,0.0,0.0,0.0,0.0,0.0,0.0,0.9199999999999999,0.72,0.9199999999999999,0.9199999999999999,0.9199999999999999,3.7561731659999964,0.0
nvbench2:test:526,526,qwen3:14b,combined,77,0.0,arc,1.0,1.0,22,18,4,0.0,0.0,0.0,0.0,0.0,0.0,0.0,0.0,0.0,0.0,0.0,0.0,0.0,0.0,0.0,0.0,0.0,0.0,0.0,0.0,0.0,0.0,0.0,0.0,0.0,0.0,0.0,0.0,0.0,0.0,0.0,0.0,0.0,0.0,0.0,0.0,0.0,0.0,0.0,0.0,0.0,0.0,0.0,0.0,0.0,0.0,0.0,0.0,0.0,0.0,0.0,0.0,0.0,0.0,0.0,0.0,0.0,0.0,0.0,0.0,0.0,0.0,0.0,0.0,0.0,0.0,0.0,0.0,0.0,0.0,0.0,0.0,0.0,0.0,0.0,0.0,0.0,0.0,0.0,0.0,0.0,0.0,0.0,0.0,0.0,0.0,0.0,0.0,0.0,0.0,0.0,0.0,0.0,0.0,0.0,0.0,0.0,0.0,0.0,0.0,0.0,0.0,0.0,0.0,0.0,0.0,0.0,0.0,0.16,0.0,0.16,0.0,0.16,3.433775582999999,0.0
nvbench2:test:531,531,qwen3:14b,combined,77,0.0,line,1.0,1.0,21,19,2,0.0,0.0,0.0,0.0,0.0,0.0,0.0,0.0,0.0,0.0,0.0,0.0,0.0,0.0,0.0,0.0,0.0,0.0,0.0,0.0,0.0,0.0,0.0,0.0,0.0,0.0,0.0,0.0,0.0,0.0,0.0,0.0,0.0,0.0,0.0,0.0,0.0,0.0,0.0,0.0,0.0,0.0,0.0,0.0,0.0,0.0,0.0,0.0,0.0,0.0,0.0,0.0,0.0,0.0,0.0,0.0,0.0,0.0,0.0,0.0,0.0,0.0,0.0,0.0,0.0,0.0,0.0,0.0,0.0,0.0,0.0,0.0,0.0,0.0,0.0,0.0,0.0,0.0,0.0,0.0,0.0,0.0,0.0,0.0,0.0,0.0,0.0,0.0,0.0,0.0,0.0,0.0,0.0,0.0,0.0,0.0,0.0,0.0,0.0,0.0,0.0,0.0,0.0,0.0,0.0,0.0,0.0,0.0,0.8,0.8,0.8,0.8,0.8,2.2610294159999853,0.0
nvbench2:test:532,532,qwen3:14b,combined,77,0.0,arc+bar+line,1.0,1.0,17,10,7,0.0,0.0,0.0,0.0,0.0,0.0,0.0,0.0,0.0,0.0,0.0,0.0,0.0,0.0,0.0,0.0,0.0,0.0,0.0,0.0,0.0,0.0,0.0,0.0,0.0,0.0,0.0,0.0,0.0,0.0,0.0,0.0,0.0,0.0,0.0,0.0,0.0,0.0,0.0,0.0,0.0,0.0,0.0,0.0,0.0,0.0,0.0,0.0,0.0,0.0,0.0,0.0,0.0,0.0,0.0,0.0,0.0,0.0,0.0,0.0,0.0,0.0,0.0,0.0,0.0,0.0,0.0,0.0,0.0,0.0,0.0,0.0,0.0,0.0,0.0,0.0,0.0,0.0,0.0,0.0,0.0,0.0,0.0,0.0,0.0,0.0,0.0,0.0,0.0,0.0,0.0,0.0,0.0,0.0,0.0,0.0,0.0,0.0,0.0,0.0,0.0,0.0,0.0,0.0,0.0,0.0,0.0,0.0,1.0,1.0,1.0,1.0,1.0,3.2122044999999844,0.0
nvbench2:test:535,535,qwen3:14b,combined,77,0.0,line,1.0,1.0,23,12,11,0.0,0.0,0.0,0.0,0.0,0.0,0.0,0.0,0.0,0.0,0.0,0.0,0.0,0.0,0.0,0.0,0.0,0.0,0.0,0.0,0.0,0.0,0.0,0.0,0.0,0.0,0.0,0.0,0.0,0.0,0.0,0.0,0.0,0.0,0.0,0.0,0.0,0.0,0.0,0.0,0.0,0.0,0.0,0.0,0.0,0.0,0.0,0.0,0.0,0.0,0.0,0.0,0.0,0.0,0.0,0.0,0.0,0.0,0.0,0.0,0.0,0.0,0.0,0.0,0.0,0.0,0.0,0.0,0.0,0.0,0.0,0.0,0.0,0.0,0.0,0.0,0.0,0.0,0.0,0.0,0.0,0.0,0.0,0.0,0.0,0.0,0.0,0.0,0.0,0.0,0.0,0.0,0.0,0.0,0.0,0.0,0.0,0.0,0.0,0.0,0.0,0.0,0.0,0.0,0.0,0.0,0.0,0.0,1.0,0.16,1.0,0.7333333333333333,1.0,4.389256124999974,0.0
nvbench2:test:545,545,qwen3:14b,combined,77,0.0,rect,1.0,1.0,20,14,6,1.0,0.5,0.0,0.0,0.0,0.0,1.0,0.5,0.5,0.5,1.0,0.5,0.3333333333333333,0.4,1.0,0.5,0.25,0.3333333333333333,1.0,0.5,0.2,0.28571428571428575,1.0,0.5,0.16666666666666666,0.25,1.0,0.5,0.16666666666666666,0.25,1.0,0.5,0.16666666666666666,0.25,1.0,0.5,0.16666666666666666,0.25,1.0,0.5,0.16666666666666666,0.25,1.0,0.5,0.16666666666666666,0.25,1.0,0.5,0.16666666666666666,0.25,1.0,0.5,0.16666666666666666,0.25,1.0,0.5,0.16666666666666666,0.25,1.0,0.5,0.16666666666666666,0.25,1.0,0.5,0.16666666666666666,0.25,1.0,0.5,0.16666666666666666,0.25,1.0,0.5,0.16666666666666666,0.25,1.0,0.5,0.16666666666666666,0.25,1.0,0.5,0.16666666666666666,0.25,0.5,0.0,0.0,0.0,0.0,1.0,0.5,0.3333333333333333,0.4,1.0,0.5,0.2,0.28571428571428575,0.3333333333333333,0.0,0.0,0.0,0.0,1.0,0.5,0.3333333333333333,0.4,1.0,0.5,0.2,0.28571428571428575,1.0,0.6666666666666666,1.0,0.6666666666666667,1.0,3.2229194160000247,0.0
nvbench2:test:546,546,qwen3:14b,combined,77,0.0,arc,1.0,1.0,19,16,3,0.0,0.0,0.0,0.0,0.0,0.0,0.0,0.0,0.0,0.0,0.0,0.0,0.0,0.0,0.0,0.0,0.0,0.0,0.0,0.0,0.0,0.0,0.0,0.0,0.0,0.0,0.0,0.0,0.0,0.0,0.0,0.0,0.0,0.0,0.0,0.0,0.0,0.0,0.0,0.0,0.0,0.0,0.0,0.0,0.0,0.0,0.0,0.0,0.0,0.0,0.0,0.0,0.0,0.0,0.0,0.0,0.0,0.0,0.0,0.0,0.0,0.0,0.0,0.0,0.0,0.0,0.0,0.0,0.0,0.0,0.0,0.0,0.0,0.0,0.0,0.0,0.0,0.0,0.0,0.0,0.0,0.0,0.0,0.0,0.0,0.0,0.0,0.0,0.0,0.0,0.0,0.0,0.0,0.0,0.0,0.0,0.0,0.0,0.0,0.0,0.0,0.0,0.0,0.0,0.0,0.0,0.0,0.0,1.0,0.7,1.0,0.2,1.0,2.179795167000009,0.0
nvbench2:test:547,547,qwen3:14b,combined,77,0.0,rect,1.0,1.0,13,8,5,1.0,1.0,1.0,0.3333333333333333,1.0,0.5,1.0,0.3333333333333333,0.5,0.4,1.0,0.3333333333333333,0.3333333333333333,0.3333333333333333,1.0,0.3333333333333333,0.25,0.28571428571428575,1.0,0.3333333333333333,0.2,0.25,1.0,0.3333333333333333,0.2,0.25,1.0,0.3333333333333333,0.2,0.25,1.0,0.3333333333333333,0.2,0.25,1.0,0.3333333333333333,0.2,0.25,1.0,0.3333333333333333,0.2,0.25,1.0,0.3333333333333333,0.2,0.25,1.0,0.3333333333333333,0.2,0.25,1.0,0.3333333333333333,0.2,0.25,1.0,0.3333333333333333,0.2,0.25,1.0,0.3333333333333333,0.2,0.25,1.0,0.3333333333333333,0.2,0.25,1.0,0.3333333333333333,0.2,0.25,1.0,0.3333333333333333,0.2,0.25,1.0,0.3333333333333333,0.2,0.25,1.0,0.3333333333333333,0.2,0.25,1.0,1.0,0.3333333333333333,1.0,0.5,1.0,0.3333333333333333,0.3333333333333333,0.3333333333333333,1.0,0.3333333333333333,0.2,0.25,0.2,0.0,0.0,0.0,0.0,0.0,0.0,0.0,0.0,1.0,0.3333333333333333,0.2,0.25,1.0,1.0,1.0,1.0,1.0,3.0841901250000205,-1.0
nvbench2:test:551,551,qwen3:14b,combined,77,0.0,line,1.0,1.0,21,14,7,0.0,0.0,0.0,0.0,0.0,0.0,0.0,0.0,0.0,0.0,0.0,0.0,0.0,0.0,0.0,0.0,0.0,0.0,0.0,0.0,0.0,0.0,0.0,0.0,0.0,0.0,0.0,0.0,0.0,0.0,0.0,0.0,0.0,0.0,0.0,0.0,0.0,0.0,0.0,0.0,0.0,0.0,0.0,0.0,0.0,0.0,0.0,0.0,0.0,0.0,0.0,0.0,0.0,0.0,0.0,0.0,0.0,0.0,0.0,0.0,0.0,0.0,0.0,0.0,0.0,0.0,0.0,0.0,0.0,0.0,0.0,0.0,0.0,0.0,0.0,0.0,0.0,0.0,0.0,0.0,0.0,0.0,0.0,0.0,0.0,0.0,0.0,0.0,0.0,0.0,0.0,0.0,0.0,0.0,0.0,0.0,0.0,0.0,0.0,0.0,0.0,0.0,0.0,0.0,0.0,0.0,0.0,0.0,0.8,0.6666666666666666,0.8,0.8,0.8,3.5170677919999775,0.0
nvbench2:test:552,552,qwen3:14b,combined,77,0.0,arc,1.0,1.0,19,16,3,1.0,1.0,1.0,0.5,1.0,0.6666666666666666,1.0,0.5,0.5,0.5,1.0,0.5,0.3333333333333333,0.4,1.0,0.5,0.3333333333333333,0.4,1.0,0.5,0.3333333333333333,0.4,1.0,0.5,0.3333333333333333,0.4,1.0,0.5,0.3333333333333333,0.4,1.0,0.5,0.3333333333333333,0.4,1.0,0.5,0.3333333333333333,0.4,1.0,0.5,0.3333333333333333,0.4,1.0,0.5,0.3333333333333333,0.4,1.0,0.5,0.3333333333333333,0.4,1.0,0.5,0.3333333333333333,0.4,1.0,0.5,0.3333333333333333,0.4,1.0,0.5,0.3333333333333333,0.4,1.0,0.5,0.3333333333333333,0.4,1.0,0.5,0.3333333333333333,0.4,1.0,0.5,0.3333333333333333,0.4,1.0,0.5,0.3333333333333333,0.4,1.0,0.5,0.3333333333333333,0.4,1.0,1.0,0.5,1.0,0.6666666666666666,1.0,0.5,0.3333333333333333,0.4,1.0,0.5,0.3333333333333333,0.4,0.5,0.0,0.0,0.0,0.0,1.0,0.5,0.3333333333333333,0.4,1.0,0.5,0.3333333333333333,0.4,1.0,1.0,1.0,1.0,1.0,2.0536784589999684,-1.0
nvbench2:test:553,553,qwen3:14b,combined,77,0.0,bar,1.0,1.0,16,13,3,0.0,0.0,0.0,0.0,0.0,0.0,0.0,0.0,0.0,0.0,0.0,0.0,0.0,0.0,0.0,0.0,0.0,0.0,0.0,0.0,0.0,0.0,0.0,0.0,0.0,0.0,0.0,0.0,0.0,0.0,0.0,0.0,0.0,0.0,0.0,0.0,0.0,0.0,0.0,0.0,0.0,0.0,0.0,0.0,0.0,0.0,0.0,0.0,0.0,0.0,0.0,0.0,0.0,0.0,0.0,0.0,0.0,0.0,0.0,0.0,0.0,0.0,0.0,0.0,0.0,0.0,0.0,0.0,0.0,0.0,0.0,0.0,0.0,0.0,0.0,0.0,0.0,0.0,0.0,0.0,0.0,0.0,0.0,0.0,0.0,0.0,0.0,0.0,0.0,0.0,0.0,0.0,0.0,0.0,0.0,0.0,0.0,0.0,0.0,0.0,0.0,0.0,0.0,0.0,0.0,0.0,0.0,0.0,1.0,0.36,1.0,1.0,1.0,2.164079875000027,0.0
nvbench2:test:554,554,qwen3:14b,combined,77,0.0,arc,1.0,1.0,15,12,3,1.0,1.0,1.0,0.5,1.0,0.6666666666666666,1.0,0.5,0.5,0.5,1.0,0.5,0.3333333333333333,0.4,1.0,0.5,0.3333333333333333,0.4,1.0,0.5,0.3333333333333333,0.4,1.0,0.5,0.3333333333333333,0.4,1.0,0.5,0.3333333333333333,0.4,1.0,0.5,0.3333333333333333,0.4,1.0,0.5,0.3333333333333333,0.4,1.0,0.5,0.3333333333333333,0.4,1.0,0.5,0.3333333333333333,0.4,1.0,0.5,0.3333333333333333,0.4,1.0,0.5,0.3333333333333333,0.4,1.0,0.5,0.3333333333333333,0.4,1.0,0.5,0.3333333333333333,0.4,1.0,0.5,0.3333333333333333,0.4,1.0,0.5,0.3333333333333333,0.4,1.0,0.5,0.3333333333333333,0.4,1.0,0.5,0.3333333333333333,0.4,1.0,0.5,0.3333333333333333,0.4,1.0,1.0,0.5,1.0,0.6666666666666666,1.0,0.5,0.3333333333333333,0.4,1.0,0.5,0.3333333333333333,0.4,0.5,0.0,0.0,0.0,0.0,1.0,0.5,0.3333333333333333,0.4,1.0,0.5,0.3333333333333333,0.4,1.0,1.0,1.0,1.0,1.0,2.088571624999986,-1.0
nvbench2:test:556,556,qwen3:14b,combined,77,0.0,rect,1.0,1.0,13,6,7,1.0,1.0,1.0,1.0,1.0,1.0,1.0,1.0,0.5,0.6666666666666666,1.0,1.0,0.3333333333333333,0.5,1.0,1.0,0.25,0.4,1.0,1.0,0.2,0.33333333333333337,1.0,1.0,0.16666666666666666,0.2857142857142857,1.0,1.0,0.14285714285714285,0.25,1.0,1.0,0.14285714285714285,0.25,1.0,1.0,0.14285714285714285,0.25,1.0,1.0,0.14285714285714285,0.25,1.0,1.0,0.14285714285714285,0.25,1.0,1.0,0.14285714285714285,0.25,1.0,1.0,0.14285714285714285,0.25,1.0,1.0,0.14285714285714285,0.25,1.0,1.0,0.14285714285714285,0.25,1.0,1.0,0.14285714285714285,0.25,1.0,1.0,0.14285714285714285,0.25,1.0,1.0,0.14285714285714285,0.25,1.0,1.0,0.14285714285714285,0.25,1.0,1.0,0.14285714285714285,0.25,1.0,1.0,1.0,1.0,1.0,1.0,1.0,0.3333333333333333,0.5,1.0,1.0,0.2,0.33333333333333337,1.0,1.0,1.0,1.0,1.0,1.0,1.0,0.3333333333333333,0.5,1.0,1.0,0.2,0.33333333333333337,1.0,1.0,1.0,1.0,1.0,3.093110124999953,0.0
nvbench2:test:558,558,qwen3:14b,combined,77,0.0,arc,1.0,1.0,21,14,7,0.0,0.0,0.0,0.0,0.0,0.0,0.0,0.0,0.0,0.0,0.0,0.0,0.0,0.0,0.0,0.0,0.0,0.0,0.0,0.0,0.0,0.0,0.0,0.0,0.0,0.0,0.0,0.0,0.0,0.0,0.0,0.0,0.0,0.0,0.0,0.0,0.0,0.0,0.0,0.0,0.0,0.0,0.0,0.0,0.0,0.0,0.0,0.0,0.0,0.0,0.0,0.0,0.0,0.0,0.0,0.0,0.0,0.0,0.0,0.0,0.0,0.0,0.0,0.0,0.0,0.0,0.0,0.0,0.0,0.0,0.0,0.0,0.0,0.0,0.0,0.0,0.0,0.0,0.0,0.0,0.0,0.0,0.0,0.0,0.0,0.0,0.0,0.0,0.0,0.0,0.0,0.0,0.0,0.0,0.0,0.0,0.0,0.0,0.0,0.0,0.0,0.0,0.0,0.0,0.0,0.0,0.0,0.0,0.16,0.16,0.16,0.16,0.16,3.880895750000036,0.0
nvbench2:test:561,561,qwen3:14b,combined,77,0.0,line,1.0,1.0,16,12,4,1.0,1.0,1.0,0.2,1.0,0.33333333333333337,1.0,0.2,0.5,0.28571428571428575,1.0,0.2,0.3333333333333333,0.25,1.0,0.2,0.25,0.22222222222222224,1.0,0.2,0.25,0.22222222222222224,1.0,0.2,0.25,0.22222222222222224,1.0,0.2,0.25,0.22222222222222224,1.0,0.2,0.25,0.22222222222222224,1.0,0.2,0.25,0.22222222222222224,1.0,0.2,0.25,0.22222222222222224,1.0,0.2,0.25,0.22222222222222224,1.0,0.2,0.25,0.22222222222222224,1.0,0.2,0.25,0.22222222222222224,1.0,0.2,0.25,0.22222222222222224,1.0,0.2,0.25,0.22222222222222224,1.0,0.2,0.25,0.22222222222222224,1.0,0.2,0.25,0.22222222222222224,1.0,0.2,0.25,0.22222222222222224,1.0,0.2,0.25,0.22222222222222224,1.0,0.2,0.25,0.22222222222222224,1.0,1.0,0.2,1.0,0.33333333333333337,1.0,0.2,0.3333333333333333,0.25,1.0,0.2,0.25,0.22222222222222224,0.3333333333333333,0.0,0.0,0.0,0.0,1.0,0.2,0.3333333333333333,0.25,1.0,0.2,0.25,0.22222222222222224,1.0,1.0,1.0,0.9333333333333332,1.0,2.5382518750000145,-1.0
nvbench2:test:566,566,qwen3:14b,combined,77,0.0,boxplot,1.0,1.0,16,6,10,1.0,0.25,0.0,0.0,0.0,0.0,0.0,0.0,0.0,0.0,0.0,0.0,0.0,0.0,1.0,0.25,0.25,0.25,1.0,0.25,0.2,0.22222222222222224,1.0,0.25,0.16666666666666666,0.2,1.0,0.25,0.14285714285714285,0.18181818181818182,1.0,0.25,0.125,0.16666666666666666,1.0,0.25,0.1111111111111111,0.15384615384615383,1.0,0.25,0.1,0.14285714285714288,1.0,0.25,0.1,0.14285714285714288,1.0,0.25,0.1,0.14285714285714288,1.0,0.25,0.1,0.14285714285714288,1.0,0.25,0.1,0.14285714285714288,1.0,0.25,0.1,0.14285714285714288,1.0,0.25,0.1,0.14285714285714288,1.0,0.25,0.1,0.14285714285714288,1.0,0.25,0.1,0.14285714285714288,1.0,0.25,0.1,0.14285714285714288,1.0,0.25,0.1,0.14285714285714288,0.25,0.0,0.0,0.0,0.0,0.0,0.0,0.0,0.0,1.0,0.25,0.2,0.22222222222222224,1.0,1.0,0.25,1.0,0.4,1.0,0.25,0.3333333333333333,0.28571428571428575,1.0,0.25,0.2,0.22222222222222224,1.0,0.9,1.0,1.0,1.0,3.776493500000015,1.0
nvbench2:test:574,574,qwen3:14b,combined,77,0.0,bar,1.0,1.0,23,10,13,0.0,0.0,0.0,0.0,0.0,0.0,0.0,0.0,0.0,0.0,0.0,0.0,0.0,0.0,0.0,0.0,0.0,0.0,0.0,0.0,0.0,0.0,0.0,0.0,0.0,0.0,0.0,0.0,0.0,0.0,0.0,0.0,0.0,0.0,0.0,0.0,0.0,0.0,0.0,0.0,0.0,0.0,0.0,0.0,0.0,0.0,0.0,0.0,0.0,0.0,0.0,0.0,0.0,0.0,0.0,0.0,0.0,0.0,0.0,0.0,0.0,0.0,0.0,0.0,0.0,0.0,0.0,0.0,0.0,0.0,0.0,0.0,0.0,0.0,0.0,0.0,0.0,0.0,0.0,0.0,0.0,0.0,0.0,0.0,0.0,0.0,0.0,0.0,0.0,0.0,0.0,0.0,0.0,0.0,0.0,0.0,0.0,0.0,0.0,0.0,0.0,0.0,0.0,0.0,0.0,0.0,0.0,0.0,1.0,0.64,1.0,0.9199999999999999,1.0,5.2541765839999925,0.0
nvbench2:test:577,577,qwen3:14b,combined,77,0.0,line,1.0,1.0,22,15,7,1.0,0.3333333333333333,0.0,0.0,0.0,0.0,0.0,0.0,0.0,0.0,1.0,0.2,0.3333333333333333,0.25,1.0,0.2,0.25,0.22222222222222224,1.0,0.2,0.2,0.20000000000000004,1.0,0.2,0.16666666666666666,0.1818181818181818,1.0,0.2,0.14285714285714285,0.16666666666666666,1.0,0.2,0.14285714285714285,0.16666666666666666,1.0,0.2,0.14285714285714285,0.16666666666666666,1.0,0.2,0.14285714285714285,0.16666666666666666,1.0,0.2,0.14285714285714285,0.16666666666666666,1.0,0.2,0.14285714285714285,0.16666666666666666,1.0,0.2,0.14285714285714285,0.16666666666666666,1.0,0.2,0.14285714285714285,0.16666666666666666,1.0,0.2,0.14285714285714285,0.16666666666666666,1.0,0.2,0.14285714285714285,0.16666666666666666,1.0,0.2,0.14285714285714285,0.16666666666666666,1.0,0.2,0.14285714285714285,0.16666666666666666,1.0,0.2,0.14285714285714285,0.16666666666666666,1.0,0.2,0.14285714285714285,0.16666666666666666,0.3333333333333333,0.0,0.0,0.0,0.0,1.0,0.2,0.3333333333333333,0.25,1.0,0.2,0.2,0.20000000000000004,1.0,1.0,0.2,1.0,0.33333333333333337,1.0,0.2,0.3333333333333333,0.25,1.0,0.2,0.2,0.20000000000000004,1.0,0.36,1.0,1.0,1.0,3.220987333000039,1.0
nvbench2:test:578,578,qwen3:14b,combined,77,0.0,arc,1.0,1.0,17,15,2,0.0,0.0,0.0,0.0,0.0,0.0,0.0,0.0,0.0,0.0,0.0,0.0,0.0,0.0,0.0,0.0,0.0,0.0,0.0,0.0,0.0,0.0,0.0,0.0,0.0,0.0,0.0,0.0,0.0,0.0,0.0,0.0,0.0,0.0,0.0,0.0,0.0,0.0,0.0,0.0,0.0,0.0,0.0,0.0,0.0,0.0,0.0,0.0,0.0,0.0,0.0,0.0,0.0,0.0,0.0,0.0,0.0,0.0,0.0,0.0,0.0,0.0,0.0,0.0,0.0,0.0,0.0,0.0,0.0,0.0,0.0,0.0,0.0,0.0,0.0,0.0,0.0,0.0,0.0,0.0,0.0,0.0,0.0,0.0,0.0,0.0,0.0,0.0,0.0,0.0,0.0,0.0,0.0,0.0,0.0,0.0,0.0,0.0,0.0,0.0,0.0,0.0,0.0,0.0,0.0,0.0,0.0,0.0,1.0,1.0,1.0,1.0,1.0,2.2795631660000026,0.0
nvbench2:test:583,583,qwen3:14b,combined,77,0.0,rect,1.0,1.0,27,4,23,0.0,0.0,0.0,0.0,0.0,0.0,0.0,0.0,0.0,0.0,0.0,0.0,0.0,0.0,0.0,0.0,0.0,0.0,0.0,0.0,0.0,0.0,0.0,0.0,0.0,0.0,0.0,0.0,0.0,0.0,0.0,0.0,0.0,0.0,0.0,0.0,0.0,0.0,0.0,0.0,0.0,0.0,0.0,0.0,0.0,0.0,0.0,0.0,0.0,0.0,0.0,0.0,0.0,0.0,0.0,0.0,0.0,0.0,0.0,0.0,0.0,0.0,0.0,0.0,0.0,0.0,0.0,0.0,0.0,0.0,0.0,0.0,0.0,0.0,0.0,0.0,0.0,0.0,0.0,0.0,0.0,0.0,0.0,0.0,0.0,0.0,0.0,0.0,0.0,0.0,0.0,0.0,0.0,0.0,0.0,0.0,0.0,0.0,0.0,0.0,0.0,0.0,0.0,0.0,0.0,0.0,0.0,0.0,0.7333333333333333,0.6666666666666667,0.7333333333333333,0.6666666666666667,0.7333333333333333,8.118926416000022,0.0
nvbench2:test:589,589,qwen3:14b,combined,77,0.0,arc,1.0,1.0,19,13,6,1.0,1.0,1.0,0.5,1.0,0.6666666666666666,1.0,0.5,0.5,0.5,1.0,0.5,0.3333333333333333,0.4,1.0,0.5,0.25,0.3333333333333333,1.0,0.5,0.2,0.28571428571428575,1.0,0.5,0.16666666666666666,0.25,1.0,0.5,0.16666666666666666,0.25,1.0,0.5,0.16666666666666666,0.25,1.0,0.5,0.16666666666666666,0.25,1.0,0.5,0.16666666666666666,0.25,1.0,0.5,0.16666666666666666,0.25,1.0,0.5,0.16666666666666666,0.25,1.0,0.5,0.16666666666666666,0.25,1.0,0.5,0.16666666666666666,0.25,1.0,0.5,0.16666666666666666,0.25,1.0,0.5,0.16666666666666666,0.25,1.0,0.5,0.16666666666666666,0.25,1.0,0.5,0.16666666666666666,0.25,1.0,0.5,0.16666666666666666,0.25,1.0,0.5,0.16666666666666666,0.25,1.0,1.0,0.5,1.0,0.6666666666666666,1.0,0.5,0.3333333333333333,0.4,1.0,0.5,0.2,0.28571428571428575,1.0,1.0,0.5,1.0,0.6666666666666666,1.0,0.5,0.3333333333333333,0.4,1.0,0.5,0.2,0.28571428571428575,1.0,1.0,1.0,1.0,1.0,3.200028916000008,0.0
nvbench2:test:609,609,qwen3:14b,combined,77,0.0,point,1.0,1.0,29,4,25,1.0,0.04,0.0,0.0,0.0,0.0,0.0,0.0,0.0,0.0,0.0,0.0,0.0,0.0,0.0,0.0,0.0,0.0,0.0,0.0,0.0,0.0,0.0,0.0,0.0,0.0,0.0,0.0,0.0,0.0,0.0,0.0,0.0,0.0,0.0,0.0,0.0,0.0,0.0,0.0,0.0,0.0,0.0,0.0,0.0,0.0,0.0,0.0,0.0,0.0,0.0,0.0,0.0,0.0,0.0,0.0,0.0,0.0,0.0,0.0,0.0,0.0,0.0,0.0,0.0,0.0,0.0,0.0,0.0,0.0,0.0,0.0,0.0,0.0,0.0,0.0,0.0,0.0,0.0,0.0,0.0,0.0,0.0,0.0,0.0,0.0,0.0,0.0,0.0,0.0,0.0,0.0,0.0,0.0,0.0,0.0,0.0,0.0,0.0,0.0,0.0,0.0,0.0,0.0,0.0,0.0,0.0,0.0,1.0,0.8,0.8,0.6,0.8,6.216242374999979,0.0
nvbench2:test:610,610,qwen3:14b,combined,77,0.0,bar,1.0,1.0,16,4,12,0.0,0.0,0.0,0.0,0.0,0.0,0.0,0.0,0.0,0.0,0.0,0.0,0.0,0.0,0.0,0.0,0.0,0.0,0.0,0.0,0.0,0.0,0.0,0.0,0.0,0.0,0.0,0.0,0.0,0.0,0.0,0.0,0.0,0.0,0.0,0.0,0.0,0.0,0.0,0.0,0.0,0.0,0.0,0.0,0.0,0.0,0.0,0.0,0.0,0.0,0.0,0.0,0.0,0.0,0.0,0.0,0.0,0.0,0.0,0.0,0.0,0.0,0.0,0.0,0.0,0.0,0.0,0.0,0.0,0.0,0.0,0.0,0.0,0.0,0.0,0.0,0.0,0.0,0.0,0.0,0.0,0.0,0.0,0.0,0.0,0.0,0.0,0.0,0.0,0.0,0.0,0.0,0.0,0.0,0.0,0.0,0.0,0.0,0.0,0.0,0.0,0.0,0.0,0.0,0.0,0.0,0.0,0.0,0.8,0.8,0.8,0.8,0.8,4.407885000000022,0.0
nvbench2:test:611,611,qwen3:14b,combined,77,0.0,bar+line,1.0,1.0,28,14,14,0.0,0.0,0.0,0.0,0.0,0.0,0.0,0.0,0.0,0.0,0.0,0.0,0.0,0.0,0.0,0.0,0.0,0.0,0.0,0.0,0.0,0.0,0.0,0.0,0.0,0.0,0.0,0.0,0.0,0.0,0.0,0.0,0.0,0.0,0.0,0.0,0.0,0.0,0.0,0.0,0.0,0.0,0.0,0.0,0.0,0.0,0.0,0.0,0.0,0.0,0.0,0.0,0.0,0.0,0.0,0.0,0.0,0.0,0.0,0.0,0.0,0.0,0.0,0.0,0.0,0.0,0.0,0.0,0.0,0.0,0.0,0.0,0.0,0.0,0.0,0.0,0.0,0.0,0.0,0.0,0.0,0.0,0.0,0.0,0.0,0.0,0.0,0.0,0.0,0.0,0.0,0.0,0.0,0.0,0.0,0.0,0.0,0.0,0.0,0.0,0.0,0.0,0.0,0.0,0.0,0.0,0.0,0.0,0.7,0.4,0.6,0.6,0.7,4.4546390420000535,0.0
nvbench2:test:622,622,qwen3:14b,combined,77,0.0,line,1.0,1.0,19,7,12,0.0,0.0,0.0,0.0,0.0,0.0,0.0,0.0,0.0,0.0,0.0,0.0,0.0,0.0,0.0,0.0,0.0,0.0,0.0,0.0,0.0,0.0,0.0,0.0,0.0,0.0,0.0,0.0,0.0,0.0,0.0,0.0,0.0,0.0,0.0,0.0,0.0,0.0,0.0,0.0,0.0,0.0,0.0,0.0,0.0,0.0,0.0,0.0,0.0,0.0,0.0,0.0,0.0,0.0,0.0,0.0,0.0,0.0,0.0,0.0,0.0,0.0,0.0,0.0,0.0,0.0,0.0,0.0,0.0,0.0,0.0,0.0,0.0,0.0,0.0,0.0,0.0,0.0,0.0,0.0,0.0,0.0,0.0,0.0,0.0,0.0,0.0,0.0,0.0,0.0,0.0,0.0,0.0,0.0,0.0,0.0,0.0,0.0,0.0,0.0,0.0,0.0,0.0,0.0,0.0,0.0,0.0,0.0,0.72,0.6,0.72,0.72,0.72,7.511438458999976,0.0
nvbench2:test:623,623,qwen3:14b,combined,77,0.0,arc,1.0,1.0,20,9,11,0.0,0.0,0.0,0.0,0.0,0.0,0.0,0.0,0.0,0.0,0.0,0.0,0.0,0.0,0.0,0.0,0.0,0.0,0.0,0.0,0.0,0.0,0.0,0.0,0.0,0.0,0.0,0.0,0.0,0.0,0.0,0.0,0.0,0.0,0.0,0.0,0.0,0.0,0.0,0.0,0.0,0.0,0.0,0.0,0.0,0.0,0.0,0.0,0.0,0.0,0.0,0.0,0.0,0.0,0.0,0.0,0.0,0.0,0.0,0.0,0.0,0.0,0.0,0.0,0.0,0.0,0.0,0.0,0.0,0.0,0.0,0.0,0.0,0.0,0.0,0.0,0.0,0.0,0.0,0.0,0.0,0.0,0.0,0.0,0.0,0.0,0.0,0.0,0.0,0.0,0.0,0.0,0.0,0.0,0.0,0.0,0.0,0.0,0.0,0.0,0.0,0.0,0.0,0.0,0.0,0.0,0.0,0.0,0.9333333333333332,0.9,0.9333333333333332,0.9,0.9333333333333332,6.701959208999995,0.0
nvbench2:test:634,634,qwen3:14b,combined,77,0.0,boxplot,1.0,1.0,21,14,7,0.0,0.0,0.0,0.0,0.0,0.0,0.0,0.0,0.0,0.0,0.0,0.0,0.0,0.0,0.0,0.0,0.0,0.0,0.0,0.0,0.0,0.0,0.0,0.0,0.0,0.0,0.0,0.0,0.0,0.0,0.0,0.0,0.0,0.0,0.0,0.0,0.0,0.0,0.0,0.0,0.0,0.0,0.0,0.0,0.0,0.0,0.0,0.0,0.0,0.0,0.0,0.0,0.0,0.0,0.0,0.0,0.0,0.0,0.0,0.0,0.0,0.0,0.0,0.0,0.0,0.0,0.0,0.0,0.0,0.0,0.0,0.0,0.0,0.0,0.0,0.0,0.0,0.0,0.0,0.0,0.0,0.0,0.0,0.0,0.0,0.0,0.0,0.0,0.0,0.0,0.0,0.0,0.0,0.0,0.0,0.0,0.0,0.0,0.0,0.0,0.0,0.0,0.0,0.0,0.0,0.0,0.0,0.0,0.8,0.5,0.6,0.6,0.6,6.4178567499999986,0.0
nvbench2:test:636,636,qwen3:14b,combined,77,0.0,arc,1.0,1.0,22,12,10,0.0,0.0,0.0,0.0,0.0,0.0,0.0,0.0,0.0,0.0,0.0,0.0,0.0,0.0,0.0,0.0,0.0,0.0,0.0,0.0,0.0,0.0,0.0,0.0,0.0,0.0,0.0,0.0,0.0,0.0,0.0,0.0,0.0,0.0,0.0,0.0,0.0,0.0,0.0,0.0,0.0,0.0,0.0,0.0,0.0,0.0,0.0,0.0,0.0,0.0,0.0,0.0,0.0,0.0,0.0,0.0,0.0,0.0,0.0,0.0,0.0,0.0,0.0,0.0,0.0,0.0,0.0,0.0,0.0,0.0,0.0,0.0,0.0,0.0,0.0,0.0,0.0,0.0,0.0,0.0,0.0,0.0,0.0,0.0,0.0,0.0,0.0,0.0,0.0,0.0,0.0,0.0,0.0,0.0,0.0,0.0,0.0,0.0,0.0,0.0,0.0,0.0,0.0,0.0,0.0,0.0,0.0,0.0,0.9333333333333332,0.8333333333333333,0.9333333333333332,0.9333333333333332,0.9333333333333332,6.241481540999985,0.0
nvbench2:test:637,637,qwen3:14b,combined,77,0.0,line,1.0,1.0,18,17,1,0.0,0.0,0.0,0.0,0.0,0.0,0.0,0.0,0.0,0.0,0.0,0.0,0.0,0.0,0.0,0.0,0.0,0.0,0.0,0.0,0.0,0.0,0.0,0.0,0.0,0.0,0.0,0.0,0.0,0.0,0.0,0.0,0.0,0.0,0.0,0.0,0.0,0.0,0.0,0.0,0.0,0.0,0.0,0.0,0.0,0.0,0.0,0.0,0.0,0.0,0.0,0.0,0.0,0.0,0.0,0.0,0.0,0.0,0.0,0.0,0.0,0.0,0.0,0.0,0.0,0.0,0.0,0.0,0.0,0.0,0.0,0.0,0.0,0.0,0.0,0.0,0.0,0.0,0.0,0.0,0.0,0.0,0.0,0.0,0.0,0.0,0.0,0.0,0.0,0.0,0.0,0.0,0.0,0.0,0.0,0.0,0.0,0.0,0.0,0.0,0.0,0.0,0.0,0.0,0.0,0.0,0.0,0.0,0.7333333333333333,0.7333333333333333,0.7333333333333333,0.7333333333333333,0.7333333333333333,4.7038274999999885,0.0
nvbench2:test:642,642,qwen3:14b,combined,77,0.0,boxplot,1.0,1.0,9,5,4,0.0,0.0,0.0,0.0,0.0,0.0,0.0,0.0,0.0,0.0,0.0,0.0,0.0,0.0,0.0,0.0,0.0,0.0,0.0,0.0,0.0,0.0,0.0,0.0,0.0,0.0,0.0,0.0,0.0,0.0,0.0,0.0,0.0,0.0,0.0,0.0,0.0,0.0,0.0,0.0,0.0,0.0,0.0,0.0,0.0,0.0,0.0,0.0,0.0,0.0,0.0,0.0,0.0,0.0,0.0,0.0,0.0,0.0,0.0,0.0,0.0,0.0,0.0,0.0,0.0,0.0,0.0,0.0,0.0,0.0,0.0,0.0,0.0,0.0,0.0,0.0,0.0,0.0,0.0,0.0,0.0,0.0,0.0,0.0,0.0,0.0,0.0,0.0,0.0,0.0,0.0,0.0,0.0,0.0,0.0,0.0,0.0,0.0,0.0,0.0,0.0,0.0,0.0,0.0,0.0,0.0,0.0,0.0,0.4,0.4,0.4,0.4,0.4,5.577237042000036,0.0
nvbench2:test:647,647,qwen3:14b,combined,77,0.0,bar+line+point,1.0,1.0,14,6,8,0.0,0.0,0.0,0.0,0.0,0.0,0.0,0.0,0.0,0.0,0.0,0.0,0.0,0.0,0.0,0.0,0.0,0.0,0.0,0.0,0.0,0.0,0.0,0.0,0.0,0.0,0.0,0.0,0.0,0.0,0.0,0.0,0.0,0.0,0.0,0.0,0.0,0.0,0.0,0.0,0.0,0.0,0.0,0.0,0.0,0.0,0.0,0.0,0.0,0.0,0.0,0.0,0.0,0.0,0.0,0.0,0.0,0.0,0.0,0.0,0.0,0.0,0.0,0.0,0.0,0.0,0.0,0.0,0.0,0.0,0.0,0.0,0.0,0.0,0.0,0.0,0.0,0.0,0.0,0.0,0.0,0.0,0.0,0.0,0.0,0.0,0.0,0.0,0.0,0.0,0.0,0.0,0.0,0.0,0.0,0.0,0.0,0.0,0.0,0.0,0.0,0.0,0.0,0.0,0.0,0.0,0.0,0.0,0.7333333333333333,0.7333333333333333,0.7333333333333333,0.7333333333333333,0.7333333333333333,6.9331270409999775,0.0
nvbench2:test:649,649,qwen3:14b,combined,77,0.0,rect,1.0,1.0,24,14,10,0.0,0.0,0.0,0.0,0.0,0.0,0.0,0.0,0.0,0.0,0.0,0.0,0.0,0.0,0.0,0.0,0.0,0.0,0.0,0.0,0.0,0.0,0.0,0.0,0.0,0.0,0.0,0.0,0.0,0.0,0.0,0.0,0.0,0.0,0.0,0.0,0.0,0.0,0.0,0.0,0.0,0.0,0.0,0.0,0.0,0.0,0.0,0.0,0.0,0.0,0.0,0.0,0.0,0.0,0.0,0.0,0.0,0.0,0.0,0.0,0.0,0.0,0.0,0.0,0.0,0.0,0.0,0.0,0.0,0.0,0.0,0.0,0.0,0.0,0.0,0.0,0.0,0.0,0.0,0.0,0.0,0.0,0.0,0.0,0.0,0.0,0.0,0.0,0.0,0.0,0.0,0.0,0.0,0.0,0.0,0.0,0.0,0.0,0.0,0.0,0.0,0.0,0.0,0.0,0.0,0.0,0.0,0.0,0.6,0.6,0.6,0.5666666666666667,0.6,7.437639290999982,0.0
nvbench2:test:651,651,qwen3:14b,combined,77,0.0,point,1.0,1.0,25,17,8,0.0,0.0,0.0,0.0,0.0,0.0,0.0,0.0,0.0,0.0,0.0,0.0,0.0,0.0,0.0,0.0,0.0,0.0,0.0,0.0,0.0,0.0,0.0,0.0,0.0,0.0,0.0,0.0,0.0,0.0,0.0,0.0,0.0,0.0,0.0,0.0,0.0,0.0,0.0,0.0,0.0,0.0,0.0,0.0,0.0,0.0,0.0,0.0,0.0,0.0,0.0,0.0,0.0,0.0,0.0,0.0,0.0,0.0,0.0,0.0,0.0,0.0,0.0,0.0,0.0,0.0,0.0,0.0,0.0,0.0,0.0,0.0,0.0,0.0,0.0,0.0,0.0,0.0,0.0,0.0,0.0,0.0,0.0,0.0,0.0,0.0,0.0,0.0,0.0,0.0,0.0,0.0,0.0,0.0,0.0,0.0,0.0,0.0,0.0,0.0,0.0,0.0,0.0,0.0,0.0,0.0,0.0,0.0,0.2,0.13333333333333333,0.2,0.13333333333333333,0.2,6.640722334000031,0.0
nvbench2:test:658,658,qwen3:14b,combined,77,0.0,bar,1.0,1.0,21,10,11,0.0,0.0,0.0,0.0,0.0,0.0,0.0,0.0,0.0,0.0,0.0,0.0,0.0,0.0,0.0,0.0,0.0,0.0,0.0,0.0,0.0,0.0,0.0,0.0,0.0,0.0,0.0,0.0,0.0,0.0,0.0,0.0,0.0,0.0,0.0,0.0,0.0,0.0,0.0,0.0,0.0,0.0,0.0,0.0,0.0,0.0,0.0,0.0,0.0,0.0,0.0,0.0,0.0,0.0,0.0,0.0,0.0,0.0,0.0,0.0,0.0,0.0,0.0,0.0,0.0,0.0,0.0,0.0,0.0,0.0,0.0,0.0,0.0,0.0,0.0,0.0,0.0,0.0,0.0,0.0,0.0,0.0,0.0,0.0,0.0,0.0,0.0,0.0,0.0,0.0,0.0,0.0,0.0,0.0,0.0,0.0,0.0,0.0,0.0,0.0,0.0,0.0,0.0,0.0,0.0,0.0,0.0,0.0,0.8,0.7,0.8,0.7,0.8,7.683247250000022,0.0
nvbench2:test:663,663,qwen3:14b,combined,77,0.0,point,1.0,1.0,31,15,16,0.0,0.0,0.0,0.0,0.0,0.0,0.0,0.0,0.0,0.0,0.0,0.0,0.0,0.0,0.0,0.0,0.0,0.0,0.0,0.0,0.0,0.0,0.0,0.0,0.0,0.0,0.0,0.0,0.0,0.0,0.0,0.0,0.0,0.0,0.0,0.0,0.0,0.0,0.0,0.0,0.0,0.0,0.0,0.0,0.0,0.0,0.0,0.0,0.0,0.0,0.0,0.0,0.0,0.0,0.0,0.0,0.0,0.0,0.0,0.0,0.0,0.0,0.0,0.0,0.0,0.0,0.0,0.0,0.0,0.0,0.0,0.0,0.0,0.0,0.0,0.0,0.0,0.0,0.0,0.0,0.0,0.0,0.0,0.0,0.0,0.0,0.0,0.0,0.0,0.0,0.0,0.0,0.0,0.0,0.0,0.0,0.0,0.0,0.0,0.0,0.0,0.0,0.0,0.0,0.0,0.0,0.0,0.0,0.48571428571428577,0.44000000000000006,0.44000000000000006,0.36,0.44000000000000006,5.607131833999915,0.0
nvbench2:test:665,665,qwen3:14b,combined,77,0.0,point,1.0,1.0,18,4,14,0.0,0.0,0.0,0.0,0.0,0.0,0.0,0.0,0.0,0.0,0.0,0.0,0.0,0.0,0.0,0.0,0.0,0.0,0.0,0.0,0.0,0.0,0.0,0.0,0.0,0.0,0.0,0.0,0.0,0.0,0.0,0.0,0.0,0.0,0.0,0.0,0.0,0.0,0.0,0.0,0.0,0.0,0.0,0.0,0.0,0.0,0.0,0.0,0.0,0.0,0.0,0.0,0.0,0.0,0.0,0.0,0.0,0.0,0.0,0.0,0.0,0.0,0.0,0.0,0.0,0.0,0.0,0.0,0.0,0.0,0.0,0.0,0.0,0.0,0.0,0.0,0.0,0.0,0.0,0.0,0.0,0.0,0.0,0.0,0.0,0.0,0.0,0.0,0.0,0.0,0.0,0.0,0.0,0.0,0.0,0.0,0.0,0.0,0.0,0.0,0.0,0.0,0.0,0.0,0.0,0.0,0.0,0.0,0.6,0.5333333333333333,0.5333333333333333,0.5333333333333333,0.6,5.401617166999927,0.0
nvbench2:test:666,666,qwen3:14b,combined,77,0.0,arc,1.0,1.0,25,14,11,0.0,0.0,0.0,0.0,0.0,0.0,0.0,0.0,0.0,0.0,0.0,0.0,0.0,0.0,0.0,0.0,0.0,0.0,0.0,0.0,0.0,0.0,0.0,0.0,0.0,0.0,0.0,0.0,0.0,0.0,0.0,0.0,0.0,0.0,0.0,0.0,0.0,0.0,0.0,0.0,0.0,0.0,0.0,0.0,0.0,0.0,0.0,0.0,0.0,0.0,0.0,0.0,0.0,0.0,0.0,0.0,0.0,0.0,0.0,0.0,0.0,0.0,0.0,0.0,0.0,0.0,0.0,0.0,0.0,0.0,0.0,0.0,0.0,0.0,0.0,0.0,0.0,0.0,0.0,0.0,0.0,0.0,0.0,0.0,0.0,0.0,0.0,0.0,0.0,0.0,0.0,0.0,0.0,0.0,0.0,0.0,0.0,0.0,0.0,0.0,0.0,0.0,0.0,0.0,0.0,0.0,0.0,0.0,0.9,0.6,0.9,0.6,0.6,4.642926916999954,0.0
nvbench2:test:676,676,qwen3:14b,combined,77,0.0,line,1.0,1.0,20,12,8,1.0,1.0,1.0,0.5,1.0,0.6666666666666666,1.0,0.5,0.5,0.5,1.0,0.5,0.3333333333333333,0.4,1.0,0.5,0.25,0.3333333333333333,1.0,0.5,0.2,0.28571428571428575,1.0,0.5,0.16666666666666666,0.25,1.0,0.5,0.14285714285714285,0.22222222222222224,1.0,0.5,0.125,0.2,1.0,0.5,0.125,0.2,1.0,0.5,0.125,0.2,1.0,0.5,0.125,0.2,1.0,0.5,0.125,0.2,1.0,0.5,0.125,0.2,1.0,0.5,0.125,0.2,1.0,0.5,0.125,0.2,1.0,0.5,0.125,0.2,1.0,0.5,0.125,0.2,1.0,0.5,0.125,0.2,1.0,0.5,0.125,0.2,1.0,0.5,0.125,0.2,1.0,1.0,0.5,1.0,0.6666666666666666,1.0,0.5,0.3333333333333333,0.4,1.0,0.5,0.2,0.28571428571428575,0.0,0.0,0.0,0.0,0.0,0.0,0.0,0.0,0.0,0.0,0.0,0.0,0.0,1.0,1.0,1.0,0.6,0.8,4.160648166999977,-1.0
nvbench2:test:677,677,qwen3:14b,combined,77,0.0,arc,1.0,1.0,15,12,3,0.0,0.0,0.0,0.0,0.0,0.0,0.0,0.0,0.0,0.0,0.0,0.0,0.0,0.0,0.0,0.0,0.0,0.0,0.0,0.0,0.0,0.0,0.0,0.0,0.0,0.0,0.0,0.0,0.0,0.0,0.0,0.0,0.0,0.0,0.0,0.0,0.0,0.0,0.0,0.0,0.0,0.0,0.0,0.0,0.0,0.0,0.0,0.0,0.0,0.0,0.0,0.0,0.0,0.0,0.0,0.0,0.0,0.0,0.0,0.0,0.0,0.0,0.0,0.0,0.0,0.0,0.0,0.0,0.0,0.0,0.0,0.0,0.0,0.0,0.0,0.0,0.0,0.0,0.0,0.0,0.0,0.0,0.0,0.0,0.0,0.0,0.0,0.0,0.0,0.0,0.0,0.0,0.0,0.0,0.0,0.0,0.0,0.0,0.0,0.0,0.0,0.0,0.0,0.0,0.0,0.0,0.0,0.0,0.6,0.6,0.6,0.6,0.6,2.8548068750000084,0.0
nvbench2:test:685,685,qwen3:14b,combined,77,0.0,point,1.0,1.0,15,13,2,0.0,0.0,0.0,0.0,0.0,0.0,0.0,0.0,0.0,0.0,0.0,0.0,0.0,0.0,0.0,0.0,0.0,0.0,0.0,0.0,0.0,0.0,0.0,0.0,0.0,0.0,0.0,0.0,0.0,0.0,0.0,0.0,0.0,0.0,0.0,0.0,0.0,0.0,0.0,0.0,0.0,0.0,0.0,0.0,0.0,0.0,0.0,0.0,0.0,0.0,0.0,0.0,0.0,0.0,0.0,0.0,0.0,0.0,0.0,0.0,0.0,0.0,0.0,0.0,0.0,0.0,0.0,0.0,0.0,0.0,0.0,0.0,0.0,0.0,0.0,0.0,0.0,0.0,0.0,0.0,0.0,0.0,0.0,0.0,0.0,0.0,0.0,0.0,0.0,0.0,0.0,0.0,0.0,0.0,0.0,0.0,0.0,0.0,0.0,0.0,0.0,0.0,0.0,0.0,0.0,0.0,0.0,0.0,0.3333333333333333,0.3333333333333333,0.3333333333333333,0.3333333333333333,0.3333333333333333,2.490253124999981,0.0
nvbench2:test:687,687,qwen3:14b,combined,77,0.0,boxplot,1.0,1.0,10,6,4,0.0,0.0,0.0,0.0,0.0,0.0,0.0,0.0,0.0,0.0,0.0,0.0,0.0,0.0,0.0,0.0,0.0,0.0,0.0,0.0,0.0,0.0,0.0,0.0,0.0,0.0,0.0,0.0,0.0,0.0,0.0,0.0,0.0,0.0,0.0,0.0,0.0,0.0,0.0,0.0,0.0,0.0,0.0,0.0,0.0,0.0,0.0,0.0,0.0,0.0,0.0,0.0,0.0,0.0,0.0,0.0,0.0,0.0,0.0,0.0,0.0,0.0,0.0,0.0,0.0,0.0,0.0,0.0,0.0,0.0,0.0,0.0,0.0,0.0,0.0,0.0,0.0,0.0,0.0,0.0,0.0,0.0,0.0,0.0,0.0,0.0,0.0,0.0,0.0,0.0,0.0,0.0,0.0,0.0,0.0,0.0,0.0,0.0,0.0,0.0,0.0,0.0,0.0,0.0,0.0,0.0,0.0,0.0,0.9,0.6,0.9,0.6,0.9,2.9660148329999174,0.0
nvbench2:test:688,688,qwen3:14b,combined,77,0.0,boxplot,1.0,1.0,30,13,17,0.0,0.0,0.0,0.0,0.0,0.0,0.0,0.0,0.0,0.0,0.0,0.0,0.0,0.0,0.0,0.0,0.0,0.0,0.0,0.0,0.0,0.0,0.0,0.0,0.0,0.0,0.0,0.0,0.0,0.0,0.0,0.0,0.0,0.0,0.0,0.0,0.0,0.0,0.0,0.0,0.0,0.0,0.0,0.0,0.0,0.0,0.0,0.0,0.0,0.0,0.0,0.0,0.0,0.0,0.0,0.0,0.0,0.0,0.0,0.0,0.0,0.0,0.0,0.0,0.0,0.0,0.0,0.0,0.0,0.0,0.0,0.0,0.0,0.0,0.0,0.0,0.0,0.0,0.0,0.0,0.0,0.0,0.0,0.0,0.0,0.0,0.0,0.0,0.0,0.0,0.0,0.0,0.0,0.0,0.0,0.0,0.0,0.0,0.0,0.0,0.0,0.0,0.0,0.0,0.0,0.0,0.0,0.0,0.8,0.4,0.4,0.4,0.5,6.287903458000073,0.0
nvbench2:test:695,695,qwen3:14b,combined,77,0.0,point,1.0,1.0,23,10,13,0.0,0.0,0.0,0.0,0.0,0.0,0.0,0.0,0.0,0.0,0.0,0.0,0.0,0.0,0.0,0.0,0.0,0.0,0.0,0.0,0.0,0.0,0.0,0.0,0.0,0.0,0.0,0.0,0.0,0.0,0.0,0.0,0.0,0.0,0.0,0.0,0.0,0.0,0.0,0.0,0.0,0.0,0.0,0.0,0.0,0.0,0.0,0.0,0.0,0.0,0.0,0.0,0.0,0.0,0.0,0.0,0.0,0.0,0.0,0.0,0.0,0.0,0.0,0.0,0.0,0.0,0.0,0.0,0.0,0.0,0.0,0.0,0.0,0.0,0.0,0.0,0.0,0.0,0.0,0.0,0.0,0.0,0.0,0.0,0.0,0.0,0.0,0.0,0.0,0.0,0.0,0.0,0.0,0.0,0.0,0.0,0.0,0.0,0.0,0.0,0.0,0.0,0.0,0.0,0.0,0.0,0.0,0.0,0.42857142857142855,0.06666666666666667,0.42857142857142855,0.3333333333333333,0.42857142857142855,5.860575166999979,0.0
nvbench2:test:703,703,qwen3:14b,combined,77,0.0,arc,1.0,1.0,18,16,2,0.0,0.0,0.0,0.0,0.0,0.0,0.0,0.0,0.0,0.0,0.0,0.0,0.0,0.0,0.0,0.0,0.0,0.0,0.0,0.0,0.0,0.0,0.0,0.0,0.0,0.0,0.0,0.0,0.0,0.0,0.0,0.0,0.0,0.0,0.0,0.0,0.0,0.0,0.0,0.0,0.0,0.0,0.0,0.0,0.0,0.0,0.0,0.0,0.0,0.0,0.0,0.0,0.0,0.0,0.0,0.0,0.0,0.0,0.0,0.0,0.0,0.0,0.0,0.0,0.0,0.0,0.0,0.0,0.0,0.0,0.0,0.0,0.0,0.0,0.0,0.0,0.0,0.0,0.0,0.0,0.0,0.0,0.0,0.0,0.0,0.0,0.0,0.0,0.0,0.0,0.0,0.0,0.0,0.0,0.0,0.0,0.0,0.0,0.0,0.0,0.0,0.0,0.0,0.0,0.0,0.0,0.0,0.0,0.0,0.0,0.0,0.0,0.0,2.5019232500000044,0.0
nvbench2:test:705,705,qwen3:14b,combined,77,0.0,arc,1.0,1.0,21,11,10,0.0,0.0,0.0,0.0,0.0,0.0,0.0,0.0,0.0,0.0,0.0,0.0,0.0,0.0,0.0,0.0,0.0,0.0,0.0,0.0,0.0,0.0,0.0,0.0,0.0,0.0,0.0,0.0,0.0,0.0,0.0,0.0,0.0,0.0,0.0,0.0,0.0,0.0,0.0,0.0,0.0,0.0,0.0,0.0,0.0,0.0,0.0,0.0,0.0,0.0,0.0,0.0,0.0,0.0,0.0,0.0,0.0,0.0,0.0,0.0,0.0,0.0,0.0,0.0,0.0,0.0,0.0,0.0,0.0,0.0,0.0,0.0,0.0,0.0,0.0,0.0,0.0,0.0,0.0,0.0,0.0,0.0,0.0,0.0,0.0,0.0,0.0,0.0,0.0,0.0,0.0,0.0,0.0,0.0,0.0,0.0,0.0,0.0,0.0,0.0,0.0,0.0,0.0,0.0,0.0,0.0,0.0,0.0,1.0,0.8333333333333333,1.0,0.6,1.0,4.45919200000003,0.0
nvbench2:test:707,707,qwen3:14b,combined,77,0.0,arc,1.0,1.0,20,8,12,1.0,1.0,1.0,0.25,1.0,0.4,1.0,0.25,0.5,0.3333333333333333,1.0,0.5,0.6666666666666666,0.5714285714285715,1.0,0.5,0.5,0.5,1.0,0.5,0.4,0.4444444444444445,1.0,0.5,0.3333333333333333,0.4,1.0,0.5,0.2857142857142857,0.36363636363636365,1.0,0.5,0.25,0.3333333333333333,1.0,0.5,0.2222222222222222,0.30769230769230765,1.0,0.5,0.2,0.28571428571428575,1.0,0.5,0.18181818181818182,0.26666666666666666,1.0,0.5,0.16666666666666666,0.25,1.0,0.5,0.16666666666666666,0.25,1.0,0.5,0.16666666666666666,0.25,1.0,0.5,0.16666666666666666,0.25,1.0,0.5,0.16666666666666666,0.25,1.0,0.5,0.16666666666666666,0.25,1.0,0.5,0.16666666666666666,0.25,1.0,0.5,0.16666666666666666,0.25,1.0,0.5,0.16666666666666666,0.25,1.0,1.0,0.25,1.0,0.4,1.0,0.5,0.6666666666666666,0.5714285714285715,1.0,0.5,0.4,0.4444444444444445,0.25,0.0,0.0,0.0,0.0,0.0,0.0,0.0,0.0,1.0,0.25,0.2,0.22222222222222224,1.0,1.0,1.0,0.2,1.0,4.613597708000043,-1.0
nvbench2:test:711,711,qwen3:14b,combined,77,0.0,boxplot,1.0,1.0,25,4,21,0.0,0.0,0.0,0.0,0.0,0.0,0.0,0.0,0.0,0.0,0.0,0.0,0.0,0.0,0.0,0.0,0.0,0.0,0.0,0.0,0.0,0.0,0.0,0.0,0.0,0.0,0.0,0.0,0.0,0.0,0.0,0.0,0.0,0.0,0.0,0.0,0.0,0.0,0.0,0.0,0.0,0.0,0.0,0.0,0.0,0.0,0.0,0.0,0.0,0.0,0.0,0.0,0.0,0.0,0.0,0.0,0.0,0.0,0.0,0.0,0.0,0.0,0.0,0.0,0.0,0.0,0.0,0.0,0.0,0.0,0.0,0.0,0.0,0.0,0.0,0.0,0.0,0.0,0.0,0.0,0.0,0.0,0.0,0.0,0.0,0.0,0.0,0.0,0.0,0.0,0.0,0.0,0.0,0.0,0.0,0.0,0.0,0.0,0.0,0.0,0.0,0.0,0.0,0.0,0.0,0.0,0.0,0.0,0.9,0.6,0.8,0.9,0.9,6.050375040999938,0.0
nvbench2:test:727,727,qwen3:14b,combined,77,0.0,bar,1.0,1.0,26,10,16,0.0,0.0,0.0,0.0,0.0,0.0,0.0,0.0,0.0,0.0,0.0,0.0,0.0,0.0,0.0,0.0,0.0,0.0,0.0,0.0,0.0,0.0,0.0,0.0,0.0,0.0,0.0,0.0,0.0,0.0,0.0,0.0,0.0,0.0,0.0,0.0,0.0,0.0,0.0,0.0,0.0,0.0,0.0,0.0,0.0,0.0,0.0,0.0,0.0,0.0,0.0,0.0,0.0,0.0,0.0,0.0,0.0,0.0,0.0,0.0,0.0,0.0,0.0,0.0,0.0,0.0,0.0,0.0,0.0,0.0,0.0,0.0,0.0,0.0,0.0,0.0,0.0,0.0,0.0,0.0,0.0,0.0,0.0,0.0,0.0,0.0,0.0,0.0,0.0,0.0,0.0,0.0,0.0,0.0,0.0,0.0,0.0,0.0,0.0,0.0,0.0,0.0,0.0,0.0,0.0,0.0,0.0,0.0,1.0,0.9199999999999999,0.9199999999999999,0.9199999999999999,1.0,5.380330542000024,0.0
nvbench2:test:730,730,qwen3:14b,combined,77,0.0,arc,1.0,1.0,21,18,3,0.0,0.0,0.0,0.0,0.0,0.0,0.0,0.0,0.0,0.0,0.0,0.0,0.0,0.0,0.0,0.0,0.0,0.0,0.0,0.0,0.0,0.0,0.0,0.0,0.0,0.0,0.0,0.0,0.0,0.0,0.0,0.0,0.0,0.0,0.0,0.0,0.0,0.0,0.0,0.0,0.0,0.0,0.0,0.0,0.0,0.0,0.0,0.0,0.0,0.0,0.0,0.0,0.0,0.0,0.0,0.0,0.0,0.0,0.0,0.0,0.0,0.0,0.0,0.0,0.0,0.0,0.0,0.0,0.0,0.0,0.0,0.0,0.0,0.0,0.0,0.0,0.0,0.0,0.0,0.0,0.0,0.0,0.0,0.0,0.0,0.0,0.0,0.0,0.0,0.0,0.0,0.0,0.0,0.0,0.0,0.0,0.0,0.0,0.0,0.0,0.0,0.0,0.0,0.0,0.0,0.0,0.0,0.0,0.7,0.7,0.7,0.36,0.7,2.7681564160000107,0.0
nvbench2:test:731,731,qwen3:14b,combined,77,0.0,bar,1.0,1.0,20,15,5,0.0,0.0,0.0,0.0,0.0,0.0,0.0,0.0,0.0,0.0,0.0,0.0,0.0,0.0,0.0,0.0,0.0,0.0,0.0,0.0,0.0,0.0,0.0,0.0,0.0,0.0,0.0,0.0,0.0,0.0,0.0,0.0,0.0,0.0,0.0,0.0,0.0,0.0,0.0,0.0,0.0,0.0,0.0,0.0,0.0,0.0,0.0,0.0,0.0,0.0,0.0,0.0,0.0,0.0,0.0,0.0,0.0,0.0,0.0,0.0,0.0,0.0,0.0,0.0,0.0,0.0,0.0,0.0,0.0,0.0,0.0,0.0,0.0,0.0,0.0,0.0,0.0,0.0,0.0,0.0,0.0,0.0,0.0,0.0,0.0,0.0,0.0,0.0,0.0,0.0,0.0,0.0,0.0,0.0,0.0,0.0,0.0,0.0,0.0,0.0,0.0,0.0,0.0,0.0,0.0,0.0,0.0,0.0,0.72,0.72,0.72,0.72,0.72,3.7083390000000236,0.0
nvbench2:test:732,732,qwen3:14b,combined,77,0.0,boxplot,1.0,1.0,15,6,9,1.0,0.25,0.0,0.0,0.0,0.0,0.0,0.0,0.0,0.0,0.0,0.0,0.0,0.0,1.0,0.5,0.25,0.3333333333333333,1.0,0.5,0.2,0.28571428571428575,1.0,0.5,0.16666666666666666,0.25,1.0,0.5,0.14285714285714285,0.22222222222222224,1.0,0.5,0.125,0.2,1.0,0.5,0.1111111111111111,0.1818181818181818,1.0,0.5,0.1111111111111111,0.1818181818181818,1.0,0.5,0.1111111111111111,0.1818181818181818,1.0,0.5,0.1111111111111111,0.1818181818181818,1.0,0.5,0.1111111111111111,0.1818181818181818,1.0,0.5,0.1111111111111111,0.1818181818181818,1.0,0.5,0.1111111111111111,0.1818181818181818,1.0,0.5,0.1111111111111111,0.1818181818181818,1.0,0.5,0.1111111111111111,0.1818181818181818,1.0,0.5,0.1111111111111111,0.1818181818181818,1.0,0.5,0.1111111111111111,0.1818181818181818,1.0,0.5,0.1111111111111111,0.1818181818181818,0.25,0.0,0.0,0.0,0.0,0.0,0.0,0.0,0.0,1.0,0.5,0.2,0.28571428571428575,0.0,0.0,0.0,0.0,0.0,0.0,0.0,0.0,0.0,0.0,0.0,0.0,0.0,1.0,0.8,1.0,0.7,1.0,3.6036094160000403,0.0
nvbench2:test:736,736,qwen3:14b,combined,77,0.0,bar,1.0,1.0,16,10,6,0.0,0.0,0.0,0.0,0.0,0.0,0.0,0.0,0.0,0.0,0.0,0.0,0.0,0.0,0.0,0.0,0.0,0.0,0.0,0.0,0.0,0.0,0.0,0.0,0.0,0.0,0.0,0.0,0.0,0.0,0.0,0.0,0.0,0.0,0.0,0.0,0.0,0.0,0.0,0.0,0.0,0.0,0.0,0.0,0.0,0.0,0.0,0.0,0.0,0.0,0.0,0.0,0.0,0.0,0.0,0.0,0.0,0.0,0.0,0.0,0.0,0.0,0.0,0.0,0.0,0.0,0.0,0.0,0.0,0.0,0.0,0.0,0.0,0.0,0.0,0.0,0.0,0.0,0.0,0.0,0.0,0.0,0.0,0.0,0.0,0.0,0.0,0.0,0.0,0.0,0.0,0.0,0.0,0.0,0.0,0.0,0.0,0.0,0.0,0.0,0.0,0.0,0.0,0.0,0.0,0.0,0.0,0.0,0.6933333333333334,0.6599999999999999,0.6933333333333334,0.5599999999999999,0.6933333333333334,3.475976457999991,0.0
nvbench2:test:737,737,qwen3:14b,combined,77,0.0,arc,1.0,1.0,13,12,1,0.0,0.0,0.0,0.0,0.0,0.0,0.0,0.0,0.0,0.0,0.0,0.0,0.0,0.0,0.0,0.0,0.0,0.0,0.0,0.0,0.0,0.0,0.0,0.0,0.0,0.0,0.0,0.0,0.0,0.0,0.0,0.0,0.0,0.0,0.0,0.0,0.0,0.0,0.0,0.0,0.0,0.0,0.0,0.0,0.0,0.0,0.0,0.0,0.0,0.0,0.0,0.0,0.0,0.0,0.0,0.0,0.0,0.0,0.0,0.0,0.0,0.0,0.0,0.0,0.0,0.0,0.0,0.0,0.0,0.0,0.0,0.0,0.0,0.0,0.0,0.0,0.0,0.0,0.0,0.0,0.0,0.0,0.0,0.0,0.0,0.0,0.0,0.0,0.0,0.0,0.0,0.0,0.0,0.0,0.0,0.0,0.0,0.0,0.0,0.0,0.0,0.0,0.0,0.0,0.0,0.0,0.0,0.0,0.8,0.8,0.8,0.8,0.8,2.0023723749999363,0.0
nvbench2:test:741,741,qwen3:14b,combined,77,0.0,boxplot,1.0,1.0,13,9,4,0.0,0.0,0.0,0.0,0.0,0.0,0.0,0.0,0.0,0.0,0.0,0.0,0.0,0.0,0.0,0.0,0.0,0.0,0.0,0.0,0.0,0.0,0.0,0.0,0.0,0.0,0.0,0.0,0.0,0.0,0.0,0.0,0.0,0.0,0.0,0.0,0.0,0.0,0.0,0.0,0.0,0.0,0.0,0.0,0.0,0.0,0.0,0.0,0.0,0.0,0.0,0.0,0.0,0.0,0.0,0.0,0.0,0.0,0.0,0.0,0.0,0.0,0.0,0.0,0.0,0.0,0.0,0.0,0.0,0.0,0.0,0.0,0.0,0.0,0.0,0.0,0.0,0.0,0.0,0.0,0.0,0.0,0.0,0.0,0.0,0.0,0.0,0.0,0.0,0.0,0.0,0.0,0.0,0.0,0.0,0.0,0.0,0.0,0.0,0.0,0.0,0.0,0.0,0.0,0.0,0.0,0.0,0.0,1.0,0.7,1.0,0.5,1.0,2.675918208999974,0.0
nvbench2:test:745,745,qwen3:14b,combined,77,0.0,boxplot,1.0,1.0,23,16,7,0.0,0.0,0.0,0.0,0.0,0.0,0.0,0.0,0.0,0.0,0.0,0.0,0.0,0.0,0.0,0.0,0.0,0.0,0.0,0.0,0.0,0.0,0.0,0.0,0.0,0.0,0.0,0.0,0.0,0.0,0.0,0.0,0.0,0.0,0.0,0.0,0.0,0.0,0.0,0.0,0.0,0.0,0.0,0.0,0.0,0.0,0.0,0.0,0.0,0.0,0.0,0.0,0.0,0.0,0.0,0.0,0.0,0.0,0.0,0.0,0.0,0.0,0.0,0.0,0.0,0.0,0.0,0.0,0.0,0.0,0.0,0.0,0.0,0.0,0.0,0.0,0.0,0.0,0.0,0.0,0.0,0.0,0.0,0.0,0.0,0.0,0.0,0.0,0.0,0.0,0.0,0.0,0.0,0.0,0.0,0.0,0.0,0.0,0.0,0.0,0.0,0.0,0.0,0.0,0.0,0.0,0.0,0.0,0.8,0.0,0.8,0.8,0.8,3.8790559169999597,0.0
nvbench2:test:7,7,qwen3:14b,staged,77,0.0,bar,1.0,1.0,5,2,3,0.0,0.0,0.0,0.0,0.0,0.0,0.0,0.0,0.0,0.0,0.0,0.0,0.0,0.0,0.0,0.0,0.0,0.0,0.0,0.0,0.0,0.0,0.0,0.0,0.0,0.0,0.0,0.0,0.0,0.0,0.0,0.0,0.0,0.0,0.0,0.0,0.0,0.0,0.0,0.0,0.0,0.0,0.0,0.0,0.0,0.0,0.0,0.0,0.0,0.0,0.0,0.0,0.0,0.0,0.0,0.0,0.0,0.0,0.0,0.0,0.0,0.0,0.0,0.0,0.0,0.0,0.0,0.0,0.0,0.0,0.0,0.0,0.0,0.0,0.0,0.0,0.0,0.0,0.0,0.0,0.0,0.0,0.0,0.0,0.0,0.0,0.0,0.0,0.0,0.0,0.0,0.0,0.0,0.0,0.0,0.0,0.0,0.0,0.0,0.0,0.0,0.0,0.0,0.0,0.0,0.0,0.0,0.0,0.8,0.8,0.8,0.8,0.8,3.382878875,0.0
nvbench2:test:11,11,qwen3:14b,staged,77,0.0,point,1.0,1.0,5,4,1,0.0,0.0,0.0,0.0,0.0,0.0,0.0,0.0,0.0,0.0,0.0,0.0,0.0,0.0,0.0,0.0,0.0,0.0,0.0,0.0,0.0,0.0,0.0,0.0,0.0,0.0,0.0,0.0,0.0,0.0,0.0,0.0,0.0,0.0,0.0,0.0,0.0,0.0,0.0,0.0,0.0,0.0,0.0,0.0,0.0,0.0,0.0,0.0,0.0,0.0,0.0,0.0,0.0,0.0,0.0,0.0,0.0,0.0,0.0,0.0,0.0,0.0,0.0,0.0,0.0,0.0,0.0,0.0,0.0,0.0,0.0,0.0,0.0,0.0,0.0,0.0,0.0,0.0,0.0,0.0,0.0,0.0,0.0,0.0,0.0,0.0,0.0,0.0,0.0,0.0,0.0,0.0,0.0,0.0,0.0,0.0,0.0,0.0,0.0,0.0,0.0,0.0,0.0,0.0,0.0,0.0,0.0,0.0,0.5599999999999999,0.5599999999999999,0.5599999999999999,0.5599999999999999,0.5599999999999999,2.109293791,0.0
nvbench2:test:18,18,qwen3:14b,staged,77,0.0,rect,0.0,0.0,6,6,0,0.0,0.0,0.0,0.0,0.0,0.0,0.0,0.0,0.0,0.0,0.0,0.0,0.0,0.0,0.0,0.0,0.0,0.0,0.0,0.0,0.0,0.0,0.0,0.0,0.0,0.0,0.0,0.0,0.0,0.0,0.0,0.0,0.0,0.0,0.0,0.0,0.0,0.0,0.0,0.0,0.0,0.0,0.0,0.0,0.0,0.0,0.0,0.0,0.0,0.0,0.0,0.0,0.0,0.0,0.0,0.0,0.0,0.0,0.0,0.0,0.0,0.0,0.0,0.0,0.0,0.0,0.0,0.0,0.0,0.0,0.0,0.0,0.0,0.0,0.0,0.0,0.0,0.0,0.0,0.0,0.0,0.0,0.0,0.0,0.0,0.0,0.0,0.0,0.0,0.0,0.0,0.0,0.0,0.0,0.0,0.0,0.0,0.0,0.0,0.0,0.0,0.0,0.0,0.0,0.0,0.0,0.0,0.0,0.0,0.0,0.0,0.0,0.0,0.0,0.0
nvbench2:test:20,20,qwen3:14b,staged,77,0.0,arc,1.0,1.0,5,3,2,0.0,0.0,0.0,0.0,0.0,0.0,0.0,0.0,0.0,0.0,0.0,0.0,0.0,0.0,0.0,0.0,0.0,0.0,0.0,0.0,0.0,0.0,0.0,0.0,0.0,0.0,0.0,0.0,0.0,0.0,0.0,0.0,0.0,0.0,0.0,0.0,0.0,0.0,0.0,0.0,0.0,0.0,0.0,0.0,0.0,0.0,0.0,0.0,0.0,0.0,0.0,0.0,0.0,0.0,0.0,0.0,0.0,0.0,0.0,0.0,0.0,0.0,0.0,0.0,0.0,0.0,0.0,0.0,0.0,0.0,0.0,0.0,0.0,0.0,0.0,0.0,0.0,0.0,0.0,0.0,0.0,0.0,0.0,0.0,0.0,0.0,0.0,0.0,0.0,0.0,0.0,0.0,0.0,0.0,0.0,0.0,0.0,0.0,0.0,0.0,0.0,0.0,0.0,0.0,0.0,0.0,0.0,0.0,0.9,0.9,0.9,0.9,0.9,1.7824978749999998,0.0
nvbench2:test:25,25,qwen3:14b,staged,77,0.0,boxplot,1.0,1.0,7,6,1,0.0,0.0,0.0,0.0,0.0,0.0,0.0,0.0,0.0,0.0,0.0,0.0,0.0,0.0,0.0,0.0,0.0,0.0,0.0,0.0,0.0,0.0,0.0,0.0,0.0,0.0,0.0,0.0,0.0,0.0,0.0,0.0,0.0,0.0,0.0,0.0,0.0,0.0,0.0,0.0,0.0,0.0,0.0,0.0,0.0,0.0,0.0,0.0,0.0,0.0,0.0,0.0,0.0,0.0,0.0,0.0,0.0,0.0,0.0,0.0,0.0,0.0,0.0,0.0,0.0,0.0,0.0,0.0,0.0,0.0,0.0,0.0,0.0,0.0,0.0,0.0,0.0,0.0,0.0,0.0,0.0,0.0,0.0,0.0,0.0,0.0,0.0,0.0,0.0,0.0,0.0,0.0,0.0,0.0,0.0,0.0,0.0,0.0,0.0,0.0,0.0,0.0,0.0,0.0,0.0,0.0,0.0,0.0,0.7,0.7,0.7,0.7,0.7,1.9685618749999998,0.0
nvbench2:test:26,26,qwen3:14b,staged,77,0.0,boxplot,1.0,1.0,8,5,3,0.0,0.0,0.0,0.0,0.0,0.0,0.0,0.0,0.0,0.0,0.0,0.0,0.0,0.0,0.0,0.0,0.0,0.0,0.0,0.0,0.0,0.0,0.0,0.0,0.0,0.0,0.0,0.0,0.0,0.0,0.0,0.0,0.0,0.0,0.0,0.0,0.0,0.0,0.0,0.0,0.0,0.0,0.0,0.0,0.0,0.0,0.0,0.0,0.0,0.0,0.0,0.0,0.0,0.0,0.0,0.0,0.0,0.0,0.0,0.0,0.0,0.0,0.0,0.0,0.0,0.0,0.0,0.0,0.0,0.0,0.0,0.0,0.0,0.0,0.0,0.0,0.0,0.0,0.0,0.0,0.0,0.0,0.0,0.0,0.0,0.0,0.0,0.0,0.0,0.0,0.0,0.0,0.0,0.0,0.0,0.0,0.0,0.0,0.0,0.0,0.0,0.0,0.0,0.0,0.0,0.0,0.0,0.0,0.4,0.4,0.4,0.4,0.4,2.6758914580000006,0.0
nvbench2:test:31,31,qwen3:14b,staged,77,0.0,rect,1.0,1.0,7,4,3,0.0,0.0,0.0,0.0,0.0,0.0,0.0,0.0,0.0,0.0,0.0,0.0,0.0,0.0,0.0,0.0,0.0,0.0,0.0,0.0,0.0,0.0,0.0,0.0,0.0,0.0,0.0,0.0,0.0,0.0,0.0,0.0,0.0,0.0,0.0,0.0,0.0,0.0,0.0,0.0,0.0,0.0,0.0,0.0,0.0,0.0,0.0,0.0,0.0,0.0,0.0,0.0,0.0,0.0,0.0,0.0,0.0,0.0,0.0,0.0,0.0,0.0,0.0,0.0,0.0,0.0,0.0,0.0,0.0,0.0,0.0,0.0,0.0,0.0,0.0,0.0,0.0,0.0,0.0,0.0,0.0,0.0,0.0,0.0,0.0,0.0,0.0,0.0,0.0,0.0,0.0,0.0,0.0,0.0,0.0,0.0,0.0,0.0,0.0,0.0,0.0,0.0,0.0,0.0,0.0,0.0,0.0,0.0,0.9333333333333332,0.9333333333333332,0.9333333333333332,0.9333333333333332,0.9333333333333332,2.7302050409999996,0.0
nvbench2:test:35,35,qwen3:14b,staged,77,0.0,bar+line,1.0,1.0,3,0,3,0.0,0.0,0.0,0.0,0.0,0.0,0.0,0.0,0.0,0.0,0.0,0.0,0.0,0.0,0.0,0.0,0.0,0.0,0.0,0.0,0.0,0.0,0.0,0.0,0.0,0.0,0.0,0.0,0.0,0.0,0.0,0.0,0.0,0.0,0.0,0.0,0.0,0.0,0.0,0.0,0.0,0.0,0.0,0.0,0.0,0.0,0.0,0.0,0.0,0.0,0.0,0.0,0.0,0.0,0.0,0.0,0.0,0.0,0.0,0.0,0.0,0.0,0.0,0.0,0.0,0.0,0.0,0.0,0.0,0.0,0.0,0.0,0.0,0.0,0.0,0.0,0.0,0.0,0.0,0.0,0.0,0.0,0.0,0.0,0.0,0.0,0.0,0.0,0.0,0.0,0.0,0.0,0.0,0.0,0.0,0.0,0.0,0.0,0.0,0.0,0.0,0.0,0.0,0.0,0.0,0.0,0.0,0.0,0.8400000000000001,0.8400000000000001,0.8400000000000001,0.8400000000000001,0.8400000000000001,2.4538808749999994,0.0
nvbench2:test:37,37,qwen3:14b,staged,77,0.0,arc,1.0,1.0,5,2,3,0.0,0.0,0.0,0.0,0.0,0.0,0.0,0.0,0.0,0.0,0.0,0.0,0.0,0.0,0.0,0.0,0.0,0.0,0.0,0.0,0.0,0.0,0.0,0.0,0.0,0.0,0.0,0.0,0.0,0.0,0.0,0.0,0.0,0.0,0.0,0.0,0.0,0.0,0.0,0.0,0.0,0.0,0.0,0.0,0.0,0.0,0.0,0.0,0.0,0.0,0.0,0.0,0.0,0.0,0.0,0.0,0.0,0.0,0.0,0.0,0.0,0.0,0.0,0.0,0.0,0.0,0.0,0.0,0.0,0.0,0.0,0.0,0.0,0.0,0.0,0.0,0.0,0.0,0.0,0.0,0.0,0.0,0.0,0.0,0.0,0.0,0.0,0.0,0.0,0.0,0.0,0.0,0.0,0.0,0.0,0.0,0.0,0.0,0.0,0.0,0.0,0.0,0.0,0.0,0.0,0.0,0.0,0.0,0.8,0.8,0.8,0.6,0.8,2.5342896669999995,0.0
nvbench2:test:39,39,qwen3:14b,staged,77,0.0,bar,1.0,1.0,5,3,2,0.0,0.0,0.0,0.0,0.0,0.0,0.0,0.0,0.0,0.0,0.0,0.0,0.0,0.0,0.0,0.0,0.0,0.0,0.0,0.0,0.0,0.0,0.0,0.0,0.0,0.0,0.0,0.0,0.0,0.0,0.0,0.0,0.0,0.0,0.0,0.0,0.0,0.0,0.0,0.0,0.0,0.0,0.0,0.0,0.0,0.0,0.0,0.0,0.0,0.0,0.0,0.0,0.0,0.0,0.0,0.0,0.0,0.0,0.0,0.0,0.0,0.0,0.0,0.0,0.0,0.0,0.0,0.0,0.0,0.0,0.0,0.0,0.0,0.0,0.0,0.0,0.0,0.0,0.0,0.0,0.0,0.0,0.0,0.0,0.0,0.0,0.0,0.0,0.0,0.0,0.0,0.0,0.0,0.0,0.0,0.0,0.0,0.0,0.0,0.0,0.0,0.0,0.0,0.0,0.0,0.0,0.0,0.0,0.64,0.64,0.64,0.64,0.64,2.05149475,0.0
nvbench2:test:62,62,qwen3:14b,staged,77,0.0,arc,1.0,1.0,4,3,1,1.0,1.0,1.0,0.3333333333333333,1.0,0.5,1.0,0.3333333333333333,1.0,0.5,1.0,0.3333333333333333,1.0,0.5,1.0,0.3333333333333333,1.0,0.5,1.0,0.3333333333333333,1.0,0.5,1.0,0.3333333333333333,1.0,0.5,1.0,0.3333333333333333,1.0,0.5,1.0,0.3333333333333333,1.0,0.5,1.0,0.3333333333333333,1.0,0.5,1.0,0.3333333333333333,1.0,0.5,1.0,0.3333333333333333,1.0,0.5,1.0,0.3333333333333333,1.0,0.5,1.0,0.3333333333333333,1.0,0.5,1.0,0.3333333333333333,1.0,0.5,1.0,0.3333333333333333,1.0,0.5,1.0,0.3333333333333333,1.0,0.5,1.0,0.3333333333333333,1.0,0.5,1.0,0.3333333333333333,1.0,0.5,1.0,0.3333333333333333,1.0,0.5,1.0,0.3333333333333333,1.0,0.5,1.0,1.0,0.3333333333333333,1.0,0.5,1.0,0.3333333333333333,1.0,0.5,1.0,0.3333333333333333,1.0,0.5,1.0,1.0,0.3333333333333333,1.0,0.5,1.0,0.3333333333333333,1.0,0.5,1.0,0.3333333333333333,1.0,0.5,1.0,1.0,1.0,1.0,1.0,1.3210310830000012,0.0
nvbench2:test:70,70,qwen3:14b,staged,77,0.0,bar,1.0,1.0,8,6,2,0.0,0.0,0.0,0.0,0.0,0.0,0.0,0.0,0.0,0.0,0.0,0.0,0.0,0.0,0.0,0.0,0.0,0.0,0.0,0.0,0.0,0.0,0.0,0.0,0.0,0.0,0.0,0.0,0.0,0.0,0.0,0.0,0.0,0.0,0.0,0.0,0.0,0.0,0.0,0.0,0.0,0.0,0.0,0.0,0.0,0.0,0.0,0.0,0.0,0.0,0.0,0.0,0.0,0.0,0.0,0.0,0.0,0.0,0.0,0.0,0.0,0.0,0.0,0.0,0.0,0.0,0.0,0.0,0.0,0.0,0.0,0.0,0.0,0.0,0.0,0.0,0.0,0.0,0.0,0.0,0.0,0.0,0.0,0.0,0.0,0.0,0.0,0.0,0.0,0.0,0.0,0.0,0.0,0.0,0.0,0.0,0.0,0.0,0.0,0.0,0.0,0.0,0.0,0.0,0.0,0.0,0.0,0.0,0.9199999999999999,0.9199999999999999,0.9199999999999999,0.9199999999999999,0.9199999999999999,2.0827124999999995,0.0
nvbench2:test:79,79,qwen3:14b,staged,77,0.0,boxplot,1.0,1.0,10,1,9,0.0,0.0,0.0,0.0,0.0,0.0,0.0,0.0,0.0,0.0,0.0,0.0,0.0,0.0,0.0,0.0,0.0,0.0,0.0,0.0,0.0,0.0,0.0,0.0,0.0,0.0,0.0,0.0,0.0,0.0,0.0,0.0,0.0,0.0,0.0,0.0,0.0,0.0,0.0,0.0,0.0,0.0,0.0,0.0,0.0,0.0,0.0,0.0,0.0,0.0,0.0,0.0,0.0,0.0,0.0,0.0,0.0,0.0,0.0,0.0,0.0,0.0,0.0,0.0,0.0,0.0,0.0,0.0,0.0,0.0,0.0,0.0,0.0,0.0,0.0,0.0,0.0,0.0,0.0,0.0,0.0,0.0,0.0,0.0,0.0,0.0,0.0,0.0,0.0,0.0,0.0,0.0,0.0,0.0,0.0,0.0,0.0,0.0,0.0,0.0,0.0,0.0,0.0,0.0,0.0,0.0,0.0,0.0,0.8,0.36,0.8,0.6,0.8,4.882716958000003,0.0
nvbench2:test:90,90,qwen3:14b,staged,77,0.0,arc,1.0,1.0,4,2,2,1.0,0.5,0.0,0.0,0.0,0.0,1.0,0.3333333333333333,0.5,0.4,1.0,0.3333333333333333,0.5,0.4,1.0,0.3333333333333333,0.5,0.4,1.0,0.3333333333333333,0.5,0.4,1.0,0.3333333333333333,0.5,0.4,1.0,0.3333333333333333,0.5,0.4,1.0,0.3333333333333333,0.5,0.4,1.0,0.3333333333333333,0.5,0.4,1.0,0.3333333333333333,0.5,0.4,1.0,0.3333333333333333,0.5,0.4,1.0,0.3333333333333333,0.5,0.4,1.0,0.3333333333333333,0.5,0.4,1.0,0.3333333333333333,0.5,0.4,1.0,0.3333333333333333,0.5,0.4,1.0,0.3333333333333333,0.5,0.4,1.0,0.3333333333333333,0.5,0.4,1.0,0.3333333333333333,0.5,0.4,1.0,0.3333333333333333,0.5,0.4,1.0,0.3333333333333333,0.5,0.4,0.5,0.0,0.0,0.0,0.0,1.0,0.3333333333333333,0.5,0.4,1.0,0.3333333333333333,0.5,0.4,1.0,1.0,0.3333333333333333,1.0,0.5,1.0,0.3333333333333333,0.5,0.4,1.0,0.3333333333333333,0.5,0.4,1.0,0.6,1.0,1.0,1.0,2.7456031250000024,1.0
nvbench2:test:97,97,qwen3:14b,staged,77,0.0,line,1.0,1.0,7,2,5,1.0,1.0,1.0,0.2,1.0,0.33333333333333337,1.0,0.2,0.5,0.28571428571428575,1.0,0.2,0.3333333333333333,0.25,1.0,0.2,0.25,0.22222222222222224,1.0,0.2,0.2,0.20000000000000004,1.0,0.2,0.2,0.20000000000000004,1.0,0.2,0.2,0.20000000000000004,1.0,0.2,0.2,0.20000000000000004,1.0,0.2,0.2,0.20000000000000004,1.0,0.2,0.2,0.20000000000000004,1.0,0.2,0.2,0.20000000000000004,1.0,0.2,0.2,0.20000000000000004,1.0,0.2,0.2,0.20000000000000004,1.0,0.2,0.2,0.20000000000000004,1.0,0.2,0.2,0.20000000000000004,1.0,0.2,0.2,0.20000000000000004,1.0,0.2,0.2,0.20000000000000004,1.0,0.2,0.2,0.20000000000000004,1.0,0.2,0.2,0.20000000000000004,1.0,0.2,0.2,0.20000000000000004,1.0,1.0,0.2,1.0,0.33333333333333337,1.0,0.2,0.3333333333333333,0.25,1.0,0.2,0.2,0.20000000000000004,0.5,0.0,0.0,0.0,0.0,1.0,0.2,0.3333333333333333,0.25,1.0,0.2,0.2,0.20000000000000004,1.0,1.0,1.0,0.9333333333333332,1.0,3.3563065829999985,-1.0
nvbench2:test:99,99,qwen3:14b,staged,77,0.0,boxplot,1.0,1.0,4,2,2,0.0,0.0,0.0,0.0,0.0,0.0,0.0,0.0,0.0,0.0,0.0,0.0,0.0,0.0,0.0,0.0,0.0,0.0,0.0,0.0,0.0,0.0,0.0,0.0,0.0,0.0,0.0,0.0,0.0,0.0,0.0,0.0,0.0,0.0,0.0,0.0,0.0,0.0,0.0,0.0,0.0,0.0,0.0,0.0,0.0,0.0,0.0,0.0,0.0,0.0,0.0,0.0,0.0,0.0,0.0,0.0,0.0,0.0,0.0,0.0,0.0,0.0,0.0,0.0,0.0,0.0,0.0,0.0,0.0,0.0,0.0,0.0,0.0,0.0,0.0,0.0,0.0,0.0,0.0,0.0,0.0,0.0,0.0,0.0,0.0,0.0,0.0,0.0,0.0,0.0,0.0,0.0,0.0,0.0,0.0,0.0,0.0,0.0,0.0,0.0,0.0,0.0,0.0,0.0,0.0,0.0,0.0,0.0,0.9,0.6,0.9,0.6,0.9,2.059120667000002,0.0
nvbench2:test:102,102,qwen3:14b,staged,77,0.0,boxplot,1.0,1.0,4,2,2,0.0,0.0,0.0,0.0,0.0,0.0,0.0,0.0,0.0,0.0,0.0,0.0,0.0,0.0,0.0,0.0,0.0,0.0,0.0,0.0,0.0,0.0,0.0,0.0,0.0,0.0,0.0,0.0,0.0,0.0,0.0,0.0,0.0,0.0,0.0,0.0,0.0,0.0,0.0,0.0,0.0,0.0,0.0,0.0,0.0,0.0,0.0,0.0,0.0,0.0,0.0,0.0,0.0,0.0,0.0,0.0,0.0,0.0,0.0,0.0,0.0,0.0,0.0,0.0,0.0,0.0,0.0,0.0,0.0,0.0,0.0,0.0,0.0,0.0,0.0,0.0,0.0,0.0,0.0,0.0,0.0,0.0,0.0,0.0,0.0,0.0,0.0,0.0,0.0,0.0,0.0,0.0,0.0,0.0,0.0,0.0,0.0,0.0,0.0,0.0,0.0,0.0,0.0,0.0,0.0,0.0,0.0,0.0,0.9,0.7,0.9,0.7,0.9,1.834756458000001,0.0
nvbench2:test:105,105,qwen3:14b,staged,77,0.0,arc,1.0,1.0,5,4,1,0.0,0.0,0.0,0.0,0.0,0.0,0.0,0.0,0.0,0.0,0.0,0.0,0.0,0.0,0.0,0.0,0.0,0.0,0.0,0.0,0.0,0.0,0.0,0.0,0.0,0.0,0.0,0.0,0.0,0.0,0.0,0.0,0.0,0.0,0.0,0.0,0.0,0.0,0.0,0.0,0.0,0.0,0.0,0.0,0.0,0.0,0.0,0.0,0.0,0.0,0.0,0.0,0.0,0.0,0.0,0.0,0.0,0.0,0.0,0.0,0.0,0.0,0.0,0.0,0.0,0.0,0.0,0.0,0.0,0.0,0.0,0.0,0.0,0.0,0.0,0.0,0.0,0.0,0.0,0.0,0.0,0.0,0.0,0.0,0.0,0.0,0.0,0.0,0.0,0.0,0.0,0.0,0.0,0.0,0.0,0.0,0.0,0.0,0.0,0.0,0.0,0.0,0.0,0.0,0.0,0.0,0.0,0.0,0.8,0.8,0.8,0.8,0.8,1.6136164999999991,0.0
nvbench2:test:111,111,qwen3:14b,staged,77,0.0,rect,0.0,0.0,12,12,0,0.0,0.0,0.0,0.0,0.0,0.0,0.0,0.0,0.0,0.0,0.0,0.0,0.0,0.0,0.0,0.0,0.0,0.0,0.0,0.0,0.0,0.0,0.0,0.0,0.0,0.0,0.0,0.0,0.0,0.0,0.0,0.0,0.0,0.0,0.0,0.0,0.0,0.0,0.0,0.0,0.0,0.0,0.0,0.0,0.0,0.0,0.0,0.0,0.0,0.0,0.0,0.0,0.0,0.0,0.0,0.0,0.0,0.0,0.0,0.0,0.0,0.0,0.0,0.0,0.0,0.0,0.0,0.0,0.0,0.0,0.0,0.0,0.0,0.0,0.0,0.0,0.0,0.0,0.0,0.0,0.0,0.0,0.0,0.0,0.0,0.0,0.0,0.0,0.0,0.0,0.0,0.0,0.0,0.0,0.0,0.0,0.0,0.0,0.0,0.0,0.0,0.0,0.0,0.0,0.0,0.0,0.0,0.0,0.0,0.0,0.0,0.0,0.0,0.0,0.0
nvbench2:test:112,112,qwen3:14b,staged,77,0.0,arc,1.0,1.0,4,3,1,0.0,0.0,0.0,0.0,0.0,0.0,0.0,0.0,0.0,0.0,0.0,0.0,0.0,0.0,0.0,0.0,0.0,0.0,0.0,0.0,0.0,0.0,0.0,0.0,0.0,0.0,0.0,0.0,0.0,0.0,0.0,0.0,0.0,0.0,0.0,0.0,0.0,0.0,0.0,0.0,0.0,0.0,0.0,0.0,0.0,0.0,0.0,0.0,0.0,0.0,0.0,0.0,0.0,0.0,0.0,0.0,0.0,0.0,0.0,0.0,0.0,0.0,0.0,0.0,0.0,0.0,0.0,0.0,0.0,0.0,0.0,0.0,0.0,0.0,0.0,0.0,0.0,0.0,0.0,0.0,0.0,0.0,0.0,0.0,0.0,0.0,0.0,0.0,0.0,0.0,0.0,0.0,0.0,0.0,0.0,0.0,0.0,0.0,0.0,0.0,0.0,0.0,0.0,0.0,0.0,0.0,0.0,0.0,0.6,0.6,0.6,0.6,0.6,1.7970633750000005,0.0
nvbench2:test:113,113,qwen3:14b,staged,77,0.0,line,1.0,1.0,7,6,1,1.0,1.0,1.0,0.3333333333333333,1.0,0.5,1.0,0.3333333333333333,1.0,0.5,1.0,0.3333333333333333,1.0,0.5,1.0,0.3333333333333333,1.0,0.5,1.0,0.3333333333333333,1.0,0.5,1.0,0.3333333333333333,1.0,0.5,1.0,0.3333333333333333,1.0,0.5,1.0,0.3333333333333333,1.0,0.5,1.0,0.3333333333333333,1.0,0.5,1.0,0.3333333333333333,1.0,0.5,1.0,0.3333333333333333,1.0,0.5,1.0,0.3333333333333333,1.0,0.5,1.0,0.3333333333333333,1.0,0.5,1.0,0.3333333333333333,1.0,0.5,1.0,0.3333333333333333,1.0,0.5,1.0,0.3333333333333333,1.0,0.5,1.0,0.3333333333333333,1.0,0.5,1.0,0.3333333333333333,1.0,0.5,1.0,0.3333333333333333,1.0,0.5,1.0,0.3333333333333333,1.0,0.5,1.0,1.0,0.3333333333333333,1.0,0.5,1.0,0.3333333333333333,1.0,0.5,1.0,0.3333333333333333,1.0,0.5,1.0,1.0,0.3333333333333333,1.0,0.5,1.0,0.3333333333333333,1.0,0.5,1.0,0.3333333333333333,1.0,0.5,1.0,1.0,1.0,1.0,1.0,1.8008669999999967,0.0
nvbench2:test:117,117,qwen3:14b,staged,77,0.0,bar,1.0,1.0,3,2,1,1.0,1.0,1.0,0.2,1.0,0.33333333333333337,1.0,0.2,1.0,0.33333333333333337,1.0,0.2,1.0,0.33333333333333337,1.0,0.2,1.0,0.33333333333333337,1.0,0.2,1.0,0.33333333333333337,1.0,0.2,1.0,0.33333333333333337,1.0,0.2,1.0,0.33333333333333337,1.0,0.2,1.0,0.33333333333333337,1.0,0.2,1.0,0.33333333333333337,1.0,0.2,1.0,0.33333333333333337,1.0,0.2,1.0,0.33333333333333337,1.0,0.2,1.0,0.33333333333333337,1.0,0.2,1.0,0.33333333333333337,1.0,0.2,1.0,0.33333333333333337,1.0,0.2,1.0,0.33333333333333337,1.0,0.2,1.0,0.33333333333333337,1.0,0.2,1.0,0.33333333333333337,1.0,0.2,1.0,0.33333333333333337,1.0,0.2,1.0,0.33333333333333337,1.0,0.2,1.0,0.33333333333333337,1.0,1.0,0.2,1.0,0.33333333333333337,1.0,0.2,1.0,0.33333333333333337,1.0,0.2,1.0,0.33333333333333337,1.0,1.0,0.2,1.0,0.33333333333333337,1.0,0.2,1.0,0.33333333333333337,1.0,0.2,1.0,0.33333333333333337,1.0,1.0,1.0,1.0,1.0,1.4992134589999964,0.0
nvbench2:test:127,127,qwen3:14b,staged,77,0.0,arc,1.0,1.0,10,3,7,0.0,0.0,0.0,0.0,0.0,0.0,0.0,0.0,0.0,0.0,0.0,0.0,0.0,0.0,0.0,0.0,0.0,0.0,0.0,0.0,0.0,0.0,0.0,0.0,0.0,0.0,0.0,0.0,0.0,0.0,0.0,0.0,0.0,0.0,0.0,0.0,0.0,0.0,0.0,0.0,0.0,0.0,0.0,0.0,0.0,0.0,0.0,0.0,0.0,0.0,0.0,0.0,0.0,0.0,0.0,0.0,0.0,0.0,0.0,0.0,0.0,0.0,0.0,0.0,0.0,0.0,0.0,0.0,0.0,0.0,0.0,0.0,0.0,0.0,0.0,0.0,0.0,0.0,0.0,0.0,0.0,0.0,0.0,0.0,0.0,0.0,0.0,0.0,0.0,0.0,0.0,0.0,0.0,0.0,0.0,0.0,0.0,0.0,0.0,0.0,0.0,0.0,0.0,0.0,0.0,0.0,0.0,0.0,0.36,0.27999999999999997,0.36,0.36,0.36,3.7306874169999986,0.0
nvbench2:test:131,131,qwen3:14b,staged,77,0.0,arc,1.0,1.0,3,2,1,1.0,1.0,1.0,0.25,1.0,0.4,1.0,0.25,1.0,0.4,1.0,0.25,1.0,0.4,1.0,0.25,1.0,0.4,1.0,0.25,1.0,0.4,1.0,0.25,1.0,0.4,1.0,0.25,1.0,0.4,1.0,0.25,1.0,0.4,1.0,0.25,1.0,0.4,1.0,0.25,1.0,0.4,1.0,0.25,1.0,0.4,1.0,0.25,1.0,0.4,1.0,0.25,1.0,0.4,1.0,0.25,1.0,0.4,1.0,0.25,1.0,0.4,1.0,0.25,1.0,0.4,1.0,0.25,1.0,0.4,1.0,0.25,1.0,0.4,1.0,0.25,1.0,0.4,1.0,0.25,1.0,0.4,1.0,1.0,0.25,1.0,0.4,1.0,0.25,1.0,0.4,1.0,0.25,1.0,0.4,1.0,1.0,0.25,1.0,0.4,1.0,0.25,1.0,0.4,1.0,0.25,1.0,0.4,1.0,1.0,1.0,1.0,1.0,2.001654041000002,0.0
nvbench2:test:132,132,qwen3:14b,staged,77,0.0,bar,0.0,0.0,5,5,0,0.0,0.0,0.0,0.0,0.0,0.0,0.0,0.0,0.0,0.0,0.0,0.0,0.0,0.0,0.0,0.0,0.0,0.0,0.0,0.0,0.0,0.0,0.0,0.0,0.0,0.0,0.0,0.0,0.0,0.0,0.0,0.0,0.0,0.0,0.0,0.0,0.0,0.0,0.0,0.0,0.0,0.0,0.0,0.0,0.0,0.0,0.0,0.0,0.0,0.0,0.0,0.0,0.0,0.0,0.0,0.0,0.0,0.0,0.0,0.0,0.0,0.0,0.0,0.0,0.0,0.0,0.0,0.0,0.0,0.0,0.0,0.0,0.0,0.0,0.0,0.0,0.0,0.0,0.0,0.0,0.0,0.0,0.0,0.0,0.0,0.0,0.0,0.0,0.0,0.0,0.0,0.0,0.0,0.0,0.0,0.0,0.0,0.0,0.0,0.0,0.0,0.0,0.0,0.0,0.0,0.0,0.0,0.0,0.0,0.0,0.0,0.0,0.0,0.0,0.0
nvbench2:test:133,133,qwen3:14b,staged,77,0.0,bar,1.0,1.0,8,7,1,0.0,0.0,0.0,0.0,0.0,0.0,0.0,0.0,0.0,0.0,0.0,0.0,0.0,0.0,0.0,0.0,0.0,0.0,0.0,0.0,0.0,0.0,0.0,0.0,0.0,0.0,0.0,0.0,0.0,0.0,0.0,0.0,0.0,0.0,0.0,0.0,0.0,0.0,0.0,0.0,0.0,0.0,0.0,0.0,0.0,0.0,0.0,0.0,0.0,0.0,0.0,0.0,0.0,0.0,0.0,0.0,0.0,0.0,0.0,0.0,0.0,0.0,0.0,0.0,0.0,0.0,0.0,0.0,0.0,0.0,0.0,0.0,0.0,0.0,0.0,0.0,0.0,0.0,0.0,0.0,0.0,0.0,0.0,0.0,0.0,0.0,0.0,0.0,0.0,0.0,0.0,0.0,0.0,0.0,0.0,0.0,0.0,0.0,0.0,0.0,0.0,0.0,0.0,0.0,0.0,0.0,0.0,0.0,0.08,0.08,0.08,0.08,0.08,2.071589750000001,0.0
nvbench2:test:142,142,qwen3:14b,staged,77,0.0,rect,1.0,1.0,8,2,6,1.0,0.3333333333333333,0.0,0.0,0.0,0.0,0.0,0.0,0.0,0.0,1.0,0.5,0.3333333333333333,0.4,1.0,0.5,0.25,0.3333333333333333,1.0,0.5,0.2,0.28571428571428575,1.0,1.0,0.3333333333333333,0.5,1.0,1.0,0.3333333333333333,0.5,1.0,1.0,0.3333333333333333,0.5,1.0,1.0,0.3333333333333333,0.5,1.0,1.0,0.3333333333333333,0.5,1.0,1.0,0.3333333333333333,0.5,1.0,1.0,0.3333333333333333,0.5,1.0,1.0,0.3333333333333333,0.5,1.0,1.0,0.3333333333333333,0.5,1.0,1.0,0.3333333333333333,0.5,1.0,1.0,0.3333333333333333,0.5,1.0,1.0,0.3333333333333333,0.5,1.0,1.0,0.3333333333333333,0.5,1.0,1.0,0.3333333333333333,0.5,1.0,1.0,0.3333333333333333,0.5,0.3333333333333333,0.0,0.0,0.0,0.0,1.0,0.5,0.3333333333333333,0.4,1.0,0.5,0.2,0.28571428571428575,0.2,0.0,0.0,0.0,0.0,0.0,0.0,0.0,0.0,1.0,0.5,0.2,0.28571428571428575,1.0,1.0,1.0,1.0,1.0,4.096505375,0.0
nvbench2:test:144,144,qwen3:14b,staged,77,0.0,bar,0.0,0.0,4,4,0,0.0,0.0,0.0,0.0,0.0,0.0,0.0,0.0,0.0,0.0,0.0,0.0,0.0,0.0,0.0,0.0,0.0,0.0,0.0,0.0,0.0,0.0,0.0,0.0,0.0,0.0,0.0,0.0,0.0,0.0,0.0,0.0,0.0,0.0,0.0,0.0,0.0,0.0,0.0,0.0,0.0,0.0,0.0,0.0,0.0,0.0,0.0,0.0,0.0,0.0,0.0,0.0,0.0,0.0,0.0,0.0,0.0,0.0,0.0,0.0,0.0,0.0,0.0,0.0,0.0,0.0,0.0,0.0,0.0,0.0,0.0,0.0,0.0,0.0,0.0,0.0,0.0,0.0,0.0,0.0,0.0,0.0,0.0,0.0,0.0,0.0,0.0,0.0,0.0,0.0,0.0,0.0,0.0,0.0,0.0,0.0,0.0,0.0,0.0,0.0,0.0,0.0,0.0,0.0,0.0,0.0,0.0,0.0,0.0,0.0,0.0,0.0,0.0,0.0,0.0
nvbench2:test:150,150,qwen3:14b,staged,77,0.0,bar,1.0,1.0,6,1,5,1.0,1.0,1.0,0.25,1.0,0.4,1.0,0.25,0.5,0.3333333333333333,1.0,0.25,0.3333333333333333,0.28571428571428575,1.0,0.25,0.25,0.25,1.0,0.25,0.2,0.22222222222222224,1.0,0.25,0.2,0.22222222222222224,1.0,0.25,0.2,0.22222222222222224,1.0,0.25,0.2,0.22222222222222224,1.0,0.25,0.2,0.22222222222222224,1.0,0.25,0.2,0.22222222222222224,1.0,0.25,0.2,0.22222222222222224,1.0,0.25,0.2,0.22222222222222224,1.0,0.25,0.2,0.22222222222222224,1.0,0.25,0.2,0.22222222222222224,1.0,0.25,0.2,0.22222222222222224,1.0,0.25,0.2,0.22222222222222224,1.0,0.25,0.2,0.22222222222222224,1.0,0.25,0.2,0.22222222222222224,1.0,0.25,0.2,0.22222222222222224,1.0,0.25,0.2,0.22222222222222224,1.0,1.0,0.25,1.0,0.4,1.0,0.25,0.3333333333333333,0.28571428571428575,1.0,0.25,0.2,0.22222222222222224,1.0,1.0,0.25,1.0,0.4,1.0,0.25,0.3333333333333333,0.28571428571428575,1.0,0.25,0.2,0.22222222222222224,1.0,1.0,1.0,1.0,1.0,3.523085416999997,0.0
nvbench2:test:157,157,qwen3:14b,staged,77,0.0,line,1.0,1.0,4,3,1,1.0,1.0,1.0,0.2,1.0,0.33333333333333337,1.0,0.2,1.0,0.33333333333333337,1.0,0.2,1.0,0.33333333333333337,1.0,0.2,1.0,0.33333333333333337,1.0,0.2,1.0,0.33333333333333337,1.0,0.2,1.0,0.33333333333333337,1.0,0.2,1.0,0.33333333333333337,1.0,0.2,1.0,0.33333333333333337,1.0,0.2,1.0,0.33333333333333337,1.0,0.2,1.0,0.33333333333333337,1.0,0.2,1.0,0.33333333333333337,1.0,0.2,1.0,0.33333333333333337,1.0,0.2,1.0,0.33333333333333337,1.0,0.2,1.0,0.33333333333333337,1.0,0.2,1.0,0.33333333333333337,1.0,0.2,1.0,0.33333333333333337,1.0,0.2,1.0,0.33333333333333337,1.0,0.2,1.0,0.33333333333333337,1.0,0.2,1.0,0.33333333333333337,1.0,0.2,1.0,0.33333333333333337,1.0,1.0,0.2,1.0,0.33333333333333337,1.0,0.2,1.0,0.33333333333333337,1.0,0.2,1.0,0.33333333333333337,1.0,1.0,0.2,1.0,0.33333333333333337,1.0,0.2,1.0,0.33333333333333337,1.0,0.2,1.0,0.33333333333333337,1.0,1.0,1.0,1.0,1.0,1.504392541999998,0.0
nvbench2:test:160,160,qwen3:14b,staged,77,0.0,arc,1.0,1.0,10,9,1,0.0,0.0,0.0,0.0,0.0,0.0,0.0,0.0,0.0,0.0,0.0,0.0,0.0,0.0,0.0,0.0,0.0,0.0,0.0,0.0,0.0,0.0,0.0,0.0,0.0,0.0,0.0,0.0,0.0,0.0,0.0,0.0,0.0,0.0,0.0,0.0,0.0,0.0,0.0,0.0,0.0,0.0,0.0,0.0,0.0,0.0,0.0,0.0,0.0,0.0,0.0,0.0,0.0,0.0,0.0,0.0,0.0,0.0,0.0,0.0,0.0,0.0,0.0,0.0,0.0,0.0,0.0,0.0,0.0,0.0,0.0,0.0,0.0,0.0,0.0,0.0,0.0,0.0,0.0,0.0,0.0,0.0,0.0,0.0,0.0,0.0,0.0,0.0,0.0,0.0,0.0,0.0,0.0,0.0,0.0,0.0,0.0,0.0,0.0,0.0,0.0,0.0,0.0,0.0,0.0,0.0,0.0,0.0,0.9,0.9,0.9,0.9,0.9,1.4446765830000032,0.0
nvbench2:test:162,162,qwen3:14b,staged,77,0.0,rect,1.0,1.0,5,3,2,0.0,0.0,0.0,0.0,0.0,0.0,0.0,0.0,0.0,0.0,0.0,0.0,0.0,0.0,0.0,0.0,0.0,0.0,0.0,0.0,0.0,0.0,0.0,0.0,0.0,0.0,0.0,0.0,0.0,0.0,0.0,0.0,0.0,0.0,0.0,0.0,0.0,0.0,0.0,0.0,0.0,0.0,0.0,0.0,0.0,0.0,0.0,0.0,0.0,0.0,0.0,0.0,0.0,0.0,0.0,0.0,0.0,0.0,0.0,0.0,0.0,0.0,0.0,0.0,0.0,0.0,0.0,0.0,0.0,0.0,0.0,0.0,0.0,0.0,0.0,0.0,0.0,0.0,0.0,0.0,0.0,0.0,0.0,0.0,0.0,0.0,0.0,0.0,0.0,0.0,0.0,0.0,0.0,0.0,0.0,0.0,0.0,0.0,0.0,0.0,0.0,0.0,0.0,0.0,0.0,0.0,0.0,0.0,0.9333333333333332,0.9333333333333332,0.9333333333333332,0.7333333333333333,0.9333333333333332,1.8778923330000055,0.0
nvbench2:test:163,163,qwen3:14b,staged,77,0.0,line,1.0,1.0,8,6,2,0.0,0.0,0.0,0.0,0.0,0.0,0.0,0.0,0.0,0.0,0.0,0.0,0.0,0.0,0.0,0.0,0.0,0.0,0.0,0.0,0.0,0.0,0.0,0.0,0.0,0.0,0.0,0.0,0.0,0.0,0.0,0.0,0.0,0.0,0.0,0.0,0.0,0.0,0.0,0.0,0.0,0.0,0.0,0.0,0.0,0.0,0.0,0.0,0.0,0.0,0.0,0.0,0.0,0.0,0.0,0.0,0.0,0.0,0.0,0.0,0.0,0.0,0.0,0.0,0.0,0.0,0.0,0.0,0.0,0.0,0.0,0.0,0.0,0.0,0.0,0.0,0.0,0.0,0.0,0.0,0.0,0.0,0.0,0.0,0.0,0.0,0.0,0.0,0.0,0.0,0.0,0.0,0.0,0.0,0.0,0.0,0.0,0.0,0.0,0.0,0.0,0.0,0.0,0.0,0.0,0.0,0.0,0.0,0.8,0.8,0.8,0.8,0.8,1.810006040999994,0.0
nvbench2:test:168,168,qwen3:14b,staged,77,0.0,bar,0.0,0.0,3,3,0,0.0,0.0,0.0,0.0,0.0,0.0,0.0,0.0,0.0,0.0,0.0,0.0,0.0,0.0,0.0,0.0,0.0,0.0,0.0,0.0,0.0,0.0,0.0,0.0,0.0,0.0,0.0,0.0,0.0,0.0,0.0,0.0,0.0,0.0,0.0,0.0,0.0,0.0,0.0,0.0,0.0,0.0,0.0,0.0,0.0,0.0,0.0,0.0,0.0,0.0,0.0,0.0,0.0,0.0,0.0,0.0,0.0,0.0,0.0,0.0,0.0,0.0,0.0,0.0,0.0,0.0,0.0,0.0,0.0,0.0,0.0,0.0,0.0,0.0,0.0,0.0,0.0,0.0,0.0,0.0,0.0,0.0,0.0,0.0,0.0,0.0,0.0,0.0,0.0,0.0,0.0,0.0,0.0,0.0,0.0,0.0,0.0,0.0,0.0,0.0,0.0,0.0,0.0,0.0,0.0,0.0,0.0,0.0,0.0,0.0,0.0,0.0,0.0,0.0,0.0
nvbench2:test:170,170,qwen3:14b,staged,77,0.0,rect,1.0,1.0,6,5,1,0.0,0.0,0.0,0.0,0.0,0.0,0.0,0.0,0.0,0.0,0.0,0.0,0.0,0.0,0.0,0.0,0.0,0.0,0.0,0.0,0.0,0.0,0.0,0.0,0.0,0.0,0.0,0.0,0.0,0.0,0.0,0.0,0.0,0.0,0.0,0.0,0.0,0.0,0.0,0.0,0.0,0.0,0.0,0.0,0.0,0.0,0.0,0.0,0.0,0.0,0.0,0.0,0.0,0.0,0.0,0.0,0.0,0.0,0.0,0.0,0.0,0.0,0.0,0.0,0.0,0.0,0.0,0.0,0.0,0.0,0.0,0.0,0.0,0.0,0.0,0.0,0.0,0.0,0.0,0.0,0.0,0.0,0.0,0.0,0.0,0.0,0.0,0.0,0.0,0.0,0.0,0.0,0.0,0.0,0.0,0.0,0.0,0.0,0.0,0.0,0.0,0.0,0.0,0.0,0.0,0.0,0.0,0.0,0.8,0.8,0.8,0.8,0.8,1.466630582999997,0.0
nvbench2:test:173,173,qwen3:14b,staged,77,0.0,point,1.0,1.0,5,3,2,1.0,0.5,0.0,0.0,0.0,0.0,1.0,0.25,0.5,0.3333333333333333,1.0,0.25,0.5,0.3333333333333333,1.0,0.25,0.5,0.3333333333333333,1.0,0.25,0.5,0.3333333333333333,1.0,0.25,0.5,0.3333333333333333,1.0,0.25,0.5,0.3333333333333333,1.0,0.25,0.5,0.3333333333333333,1.0,0.25,0.5,0.3333333333333333,1.0,0.25,0.5,0.3333333333333333,1.0,0.25,0.5,0.3333333333333333,1.0,0.25,0.5,0.3333333333333333,1.0,0.25,0.5,0.3333333333333333,1.0,0.25,0.5,0.3333333333333333,1.0,0.25,0.5,0.3333333333333333,1.0,0.25,0.5,0.3333333333333333,1.0,0.25,0.5,0.3333333333333333,1.0,0.25,0.5,0.3333333333333333,1.0,0.25,0.5,0.3333333333333333,1.0,0.25,0.5,0.3333333333333333,0.5,0.0,0.0,0.0,0.0,1.0,0.25,0.5,0.3333333333333333,1.0,0.25,0.5,0.3333333333333333,1.0,1.0,0.25,1.0,0.4,1.0,0.25,0.5,0.3333333333333333,1.0,0.25,0.5,0.3333333333333333,1.0,0.9,1.0,1.0,1.0,1.7076300410000016,1.0
nvbench2:test:174,174,qwen3:14b,staged,77,0.0,boxplot,1.0,1.0,7,6,1,0.0,0.0,0.0,0.0,0.0,0.0,0.0,0.0,0.0,0.0,0.0,0.0,0.0,0.0,0.0,0.0,0.0,0.0,0.0,0.0,0.0,0.0,0.0,0.0,0.0,0.0,0.0,0.0,0.0,0.0,0.0,0.0,0.0,0.0,0.0,0.0,0.0,0.0,0.0,0.0,0.0,0.0,0.0,0.0,0.0,0.0,0.0,0.0,0.0,0.0,0.0,0.0,0.0,0.0,0.0,0.0,0.0,0.0,0.0,0.0,0.0,0.0,0.0,0.0,0.0,0.0,0.0,0.0,0.0,0.0,0.0,0.0,0.0,0.0,0.0,0.0,0.0,0.0,0.0,0.0,0.0,0.0,0.0,0.0,0.0,0.0,0.0,0.0,0.0,0.0,0.0,0.0,0.0,0.0,0.0,0.0,0.0,0.0,0.0,0.0,0.0,0.0,0.0,0.0,0.0,0.0,0.0,0.0,0.7,0.7,0.7,0.7,0.7,1.392633042,0.0
nvbench2:test:178,178,qwen3:14b,staged,77,0.0,arc,1.0,1.0,5,4,1,1.0,1.0,1.0,0.5,1.0,0.6666666666666666,1.0,0.5,1.0,0.6666666666666666,1.0,0.5,1.0,0.6666666666666666,1.0,0.5,1.0,0.6666666666666666,1.0,0.5,1.0,0.6666666666666666,1.0,0.5,1.0,0.6666666666666666,1.0,0.5,1.0,0.6666666666666666,1.0,0.5,1.0,0.6666666666666666,1.0,0.5,1.0,0.6666666666666666,1.0,0.5,1.0,0.6666666666666666,1.0,0.5,1.0,0.6666666666666666,1.0,0.5,1.0,0.6666666666666666,1.0,0.5,1.0,0.6666666666666666,1.0,0.5,1.0,0.6666666666666666,1.0,0.5,1.0,0.6666666666666666,1.0,0.5,1.0,0.6666666666666666,1.0,0.5,1.0,0.6666666666666666,1.0,0.5,1.0,0.6666666666666666,1.0,0.5,1.0,0.6666666666666666,1.0,0.5,1.0,0.6666666666666666,1.0,1.0,0.5,1.0,0.6666666666666666,1.0,0.5,1.0,0.6666666666666666,1.0,0.5,1.0,0.6666666666666666,1.0,1.0,0.5,1.0,0.6666666666666666,1.0,0.5,1.0,0.6666666666666666,1.0,0.5,1.0,0.6666666666666666,1.0,1.0,1.0,1.0,1.0,1.1451152919999998,0.0
nvbench2:test:183,183,qwen3:14b,staged,77,0.0,bar,1.0,1.0,5,3,2,1.0,1.0,1.0,0.3333333333333333,1.0,0.5,1.0,0.3333333333333333,0.5,0.4,1.0,0.3333333333333333,0.5,0.4,1.0,0.3333333333333333,0.5,0.4,1.0,0.3333333333333333,0.5,0.4,1.0,0.3333333333333333,0.5,0.4,1.0,0.3333333333333333,0.5,0.4,1.0,0.3333333333333333,0.5,0.4,1.0,0.3333333333333333,0.5,0.4,1.0,0.3333333333333333,0.5,0.4,1.0,0.3333333333333333,0.5,0.4,1.0,0.3333333333333333,0.5,0.4,1.0,0.3333333333333333,0.5,0.4,1.0,0.3333333333333333,0.5,0.4,1.0,0.3333333333333333,0.5,0.4,1.0,0.3333333333333333,0.5,0.4,1.0,0.3333333333333333,0.5,0.4,1.0,0.3333333333333333,0.5,0.4,1.0,0.3333333333333333,0.5,0.4,1.0,0.3333333333333333,0.5,0.4,1.0,1.0,0.3333333333333333,1.0,0.5,1.0,0.3333333333333333,0.5,0.4,1.0,0.3333333333333333,0.5,0.4,0.5,0.0,0.0,0.0,0.0,1.0,0.3333333333333333,0.5,0.4,1.0,0.3333333333333333,0.5,0.4,1.0,1.0,1.0,1.0,1.0,1.6568820420000065,-1.0
nvbench2:test:192,192,qwen3:14b,staged,77,0.0,point,1.0,1.0,5,4,1,0.0,0.0,0.0,0.0,0.0,0.0,0.0,0.0,0.0,0.0,0.0,0.0,0.0,0.0,0.0,0.0,0.0,0.0,0.0,0.0,0.0,0.0,0.0,0.0,0.0,0.0,0.0,0.0,0.0,0.0,0.0,0.0,0.0,0.0,0.0,0.0,0.0,0.0,0.0,0.0,0.0,0.0,0.0,0.0,0.0,0.0,0.0,0.0,0.0,0.0,0.0,0.0,0.0,0.0,0.0,0.0,0.0,0.0,0.0,0.0,0.0,0.0,0.0,0.0,0.0,0.0,0.0,0.0,0.0,0.0,0.0,0.0,0.0,0.0,0.0,0.0,0.0,0.0,0.0,0.0,0.0,0.0,0.0,0.0,0.0,0.0,0.0,0.0,0.0,0.0,0.0,0.0,0.0,0.0,0.0,0.0,0.0,0.0,0.0,0.0,0.0,0.0,0.0,0.0,0.0,0.0,0.0,0.0,0.6285714285714286,0.6285714285714286,0.6285714285714286,0.6285714285714286,0.6285714285714286,1.8461712920000082,0.0
nvbench2:test:194,194,qwen3:14b,staged,77,0.0,boxplot,1.0,1.0,8,3,5,0.0,0.0,0.0,0.0,0.0,0.0,0.0,0.0,0.0,0.0,0.0,0.0,0.0,0.0,0.0,0.0,0.0,0.0,0.0,0.0,0.0,0.0,0.0,0.0,0.0,0.0,0.0,0.0,0.0,0.0,0.0,0.0,0.0,0.0,0.0,0.0,0.0,0.0,0.0,0.0,0.0,0.0,0.0,0.0,0.0,0.0,0.0,0.0,0.0,0.0,0.0,0.0,0.0,0.0,0.0,0.0,0.0,0.0,0.0,0.0,0.0,0.0,0.0,0.0,0.0,0.0,0.0,0.0,0.0,0.0,0.0,0.0,0.0,0.0,0.0,0.0,0.0,0.0,0.0,0.0,0.0,0.0,0.0,0.0,0.0,0.0,0.0,0.0,0.0,0.0,0.0,0.0,0.0,0.0,0.0,0.0,0.0,0.0,0.0,0.0,0.0,0.0,0.0,0.0,0.0,0.0,0.0,0.0,0.8,0.2,0.8,0.6,0.8,3.542334749999995,0.0
nvbench2:test:201,201,qwen3:14b,staged,77,0.0,bar,1.0,1.0,10,7,3,0.0,0.0,0.0,0.0,0.0,0.0,0.0,0.0,0.0,0.0,0.0,0.0,0.0,0.0,0.0,0.0,0.0,0.0,0.0,0.0,0.0,0.0,0.0,0.0,0.0,0.0,0.0,0.0,0.0,0.0,0.0,0.0,0.0,0.0,0.0,0.0,0.0,0.0,0.0,0.0,0.0,0.0,0.0,0.0,0.0,0.0,0.0,0.0,0.0,0.0,0.0,0.0,0.0,0.0,0.0,0.0,0.0,0.0,0.0,0.0,0.0,0.0,0.0,0.0,0.0,0.0,0.0,0.0,0.0,0.0,0.0,0.0,0.0,0.0,0.0,0.0,0.0,0.0,0.0,0.0,0.0,0.0,0.0,0.0,0.0,0.0,0.0,0.0,0.0,0.0,0.0,0.0,0.0,0.0,0.0,0.0,0.0,0.0,0.0,0.0,0.0,0.0,0.0,0.0,0.0,0.0,0.0,0.0,0.9199999999999999,0.9199999999999999,0.9199999999999999,0.9199999999999999,0.9199999999999999,2.7086392499999903,0.0
nvbench2:test:223,223,qwen3:14b,staged,77,0.0,boxplot,1.0,1.0,4,3,1,0.0,0.0,0.0,0.0,0.0,0.0,0.0,0.0,0.0,0.0,0.0,0.0,0.0,0.0,0.0,0.0,0.0,0.0,0.0,0.0,0.0,0.0,0.0,0.0,0.0,0.0,0.0,0.0,0.0,0.0,0.0,0.0,0.0,0.0,0.0,0.0,0.0,0.0,0.0,0.0,0.0,0.0,0.0,0.0,0.0,0.0,0.0,0.0,0.0,0.0,0.0,0.0,0.0,0.0,0.0,0.0,0.0,0.0,0.0,0.0,0.0,0.0,0.0,0.0,0.0,0.0,0.0,0.0,0.0,0.0,0.0,0.0,0.0,0.0,0.0,0.0,0.0,0.0,0.0,0.0,0.0,0.0,0.0,0.0,0.0,0.0,0.0,0.0,0.0,0.0,0.0,0.0,0.0,0.0,0.0,0.0,0.0,0.0,0.0,0.0,0.0,0.0,0.0,0.0,0.0,0.0,0.0,0.0,0.8,0.8,0.8,0.8,0.8,1.8843228329999988,0.0
nvbench2:test:227,227,qwen3:14b,staged,77,0.0,line,0.0,0.0,3,3,0,0.0,0.0,0.0,0.0,0.0,0.0,0.0,0.0,0.0,0.0,0.0,0.0,0.0,0.0,0.0,0.0,0.0,0.0,0.0,0.0,0.0,0.0,0.0,0.0,0.0,0.0,0.0,0.0,0.0,0.0,0.0,0.0,0.0,0.0,0.0,0.0,0.0,0.0,0.0,0.0,0.0,0.0,0.0,0.0,0.0,0.0,0.0,0.0,0.0,0.0,0.0,0.0,0.0,0.0,0.0,0.0,0.0,0.0,0.0,0.0,0.0,0.0,0.0,0.0,0.0,0.0,0.0,0.0,0.0,0.0,0.0,0.0,0.0,0.0,0.0,0.0,0.0,0.0,0.0,0.0,0.0,0.0,0.0,0.0,0.0,0.0,0.0,0.0,0.0,0.0,0.0,0.0,0.0,0.0,0.0,0.0,0.0,0.0,0.0,0.0,0.0,0.0,0.0,0.0,0.0,0.0,0.0,0.0,0.0,0.0,0.0,0.0,0.0,0.0,0.0
nvbench2:test:236,236,qwen3:14b,staged,77,0.0,boxplot,1.0,1.0,9,7,2,0.0,0.0,0.0,0.0,0.0,0.0,0.0,0.0,0.0,0.0,0.0,0.0,0.0,0.0,0.0,0.0,0.0,0.0,0.0,0.0,0.0,0.0,0.0,0.0,0.0,0.0,0.0,0.0,0.0,0.0,0.0,0.0,0.0,0.0,0.0,0.0,0.0,0.0,0.0,0.0,0.0,0.0,0.0,0.0,0.0,0.0,0.0,0.0,0.0,0.0,0.0,0.0,0.0,0.0,0.0,0.0,0.0,0.0,0.0,0.0,0.0,0.0,0.0,0.0,0.0,0.0,0.0,0.0,0.0,0.0,0.0,0.0,0.0,0.0,0.0,0.0,0.0,0.0,0.0,0.0,0.0,0.0,0.0,0.0,0.0,0.0,0.0,0.0,0.0,0.0,0.0,0.0,0.0,0.0,0.0,0.0,0.0,0.0,0.0,0.0,0.0,0.0,0.0,0.0,0.0,0.0,0.0,0.0,0.4,0.4,0.4,0.4,0.4,1.9081061250000033,0.0
nvbench2:test:238,238,qwen3:14b,staged,77,0.0,line,1.0,1.0,3,1,2,1.0,1.0,1.0,0.3333333333333333,1.0,0.5,1.0,0.3333333333333333,0.5,0.4,1.0,0.3333333333333333,0.5,0.4,1.0,0.3333333333333333,0.5,0.4,1.0,0.3333333333333333,0.5,0.4,1.0,0.3333333333333333,0.5,0.4,1.0,0.3333333333333333,0.5,0.4,1.0,0.3333333333333333,0.5,0.4,1.0,0.3333333333333333,0.5,0.4,1.0,0.3333333333333333,0.5,0.4,1.0,0.3333333333333333,0.5,0.4,1.0,0.3333333333333333,0.5,0.4,1.0,0.3333333333333333,0.5,0.4,1.0,0.3333333333333333,0.5,0.4,1.0,0.3333333333333333,0.5,0.4,1.0,0.3333333333333333,0.5,0.4,1.0,0.3333333333333333,0.5,0.4,1.0,0.3333333333333333,0.5,0.4,1.0,0.3333333333333333,0.5,0.4,1.0,0.3333333333333333,0.5,0.4,1.0,1.0,0.3333333333333333,1.0,0.5,1.0,0.3333333333333333,0.5,0.4,1.0,0.3333333333333333,0.5,0.4,1.0,1.0,0.3333333333333333,1.0,0.5,1.0,0.3333333333333333,0.5,0.4,1.0,0.3333333333333333,0.5,0.4,1.0,1.0,1.0,1.0,1.0,1.950397833000011,0.0
nvbench2:test:252,252,qwen3:14b,staged,77,0.0,arc,1.0,1.0,8,2,6,0.0,0.0,0.0,0.0,0.0,0.0,0.0,0.0,0.0,0.0,0.0,0.0,0.0,0.0,0.0,0.0,0.0,0.0,0.0,0.0,0.0,0.0,0.0,0.0,0.0,0.0,0.0,0.0,0.0,0.0,0.0,0.0,0.0,0.0,0.0,0.0,0.0,0.0,0.0,0.0,0.0,0.0,0.0,0.0,0.0,0.0,0.0,0.0,0.0,0.0,0.0,0.0,0.0,0.0,0.0,0.0,0.0,0.0,0.0,0.0,0.0,0.0,0.0,0.0,0.0,0.0,0.0,0.0,0.0,0.0,0.0,0.0,0.0,0.0,0.0,0.0,0.0,0.0,0.0,0.0,0.0,0.0,0.0,0.0,0.0,0.0,0.0,0.0,0.0,0.0,0.0,0.0,0.0,0.0,0.0,0.0,0.0,0.0,0.0,0.0,0.0,0.0,0.0,0.0,0.0,0.0,0.0,0.0,0.8,0.8,0.8,0.8,0.8,3.5381484589999985,0.0
nvbench2:test:254,254,qwen3:14b,staged,77,0.0,point,1.0,1.0,6,4,2,0.0,0.0,0.0,0.0,0.0,0.0,0.0,0.0,0.0,0.0,0.0,0.0,0.0,0.0,0.0,0.0,0.0,0.0,0.0,0.0,0.0,0.0,0.0,0.0,0.0,0.0,0.0,0.0,0.0,0.0,0.0,0.0,0.0,0.0,0.0,0.0,0.0,0.0,0.0,0.0,0.0,0.0,0.0,0.0,0.0,0.0,0.0,0.0,0.0,0.0,0.0,0.0,0.0,0.0,0.0,0.0,0.0,0.0,0.0,0.0,0.0,0.0,0.0,0.0,0.0,0.0,0.0,0.0,0.0,0.0,0.0,0.0,0.0,0.0,0.0,0.0,0.0,0.0,0.0,0.0,0.0,0.0,0.0,0.0,0.0,0.0,0.0,0.0,0.0,0.0,0.0,0.0,0.0,0.0,0.0,0.0,0.0,0.0,0.0,0.0,0.0,0.0,0.0,0.0,0.0,0.0,0.0,0.0,0.6857142857142857,0.6857142857142857,0.6857142857142857,0.6857142857142857,0.6857142857142857,2.090656666000001,0.0
nvbench2:test:263,263,qwen3:14b,staged,77,0.0,boxplot,1.0,1.0,8,2,6,0.0,0.0,0.0,0.0,0.0,0.0,0.0,0.0,0.0,0.0,0.0,0.0,0.0,0.0,0.0,0.0,0.0,0.0,0.0,0.0,0.0,0.0,0.0,0.0,0.0,0.0,0.0,0.0,0.0,0.0,0.0,0.0,0.0,0.0,0.0,0.0,0.0,0.0,0.0,0.0,0.0,0.0,0.0,0.0,0.0,0.0,0.0,0.0,0.0,0.0,0.0,0.0,0.0,0.0,0.0,0.0,0.0,0.0,0.0,0.0,0.0,0.0,0.0,0.0,0.0,0.0,0.0,0.0,0.0,0.0,0.0,0.0,0.0,0.0,0.0,0.0,0.0,0.0,0.0,0.0,0.0,0.0,0.0,0.0,0.0,0.0,0.0,0.0,0.0,0.0,0.0,0.0,0.0,0.0,0.0,0.0,0.0,0.0,0.0,0.0,0.0,0.0,0.0,0.0,0.0,0.0,0.0,0.0,0.7,0.7,0.7,0.7,0.7,3.082870374999999,0.0
nvbench2:test:268,268,qwen3:14b,staged,77,0.0,rect,1.0,1.0,5,2,3,0.0,0.0,0.0,0.0,0.0,0.0,0.0,0.0,0.0,0.0,0.0,0.0,0.0,0.0,0.0,0.0,0.0,0.0,0.0,0.0,0.0,0.0,0.0,0.0,0.0,0.0,0.0,0.0,0.0,0.0,0.0,0.0,0.0,0.0,0.0,0.0,0.0,0.0,0.0,0.0,0.0,0.0,0.0,0.0,0.0,0.0,0.0,0.0,0.0,0.0,0.0,0.0,0.0,0.0,0.0,0.0,0.0,0.0,0.0,0.0,0.0,0.0,0.0,0.0,0.0,0.0,0.0,0.0,0.0,0.0,0.0,0.0,0.0,0.0,0.0,0.0,0.0,0.0,0.0,0.0,0.0,0.0,0.0,0.0,0.0,0.0,0.0,0.0,0.0,0.0,0.0,0.0,0.0,0.0,0.0,0.0,0.0,0.0,0.0,0.0,0.0,0.0,0.0,0.0,0.0,0.0,0.0,0.0,0.7333333333333333,0.7333333333333333,0.7333333333333333,0.7333333333333333,0.7333333333333333,2.9654397499999874,0.0
nvbench2:test:287,287,qwen3:14b,staged,77,0.0,point,1.0,1.0,11,1,10,0.0,0.0,0.0,0.0,0.0,0.0,0.0,0.0,0.0,0.0,0.0,0.0,0.0,0.0,0.0,0.0,0.0,0.0,0.0,0.0,0.0,0.0,0.0,0.0,0.0,0.0,0.0,0.0,0.0,0.0,0.0,0.0,0.0,0.0,0.0,0.0,0.0,0.0,0.0,0.0,0.0,0.0,0.0,0.0,0.0,0.0,0.0,0.0,0.0,0.0,0.0,0.0,0.0,0.0,0.0,0.0,0.0,0.0,0.0,0.0,0.0,0.0,0.0,0.0,0.0,0.0,0.0,0.0,0.0,0.0,0.0,0.0,0.0,0.0,0.0,0.0,0.0,0.0,0.0,0.0,0.0,0.0,0.0,0.0,0.0,0.0,0.0,0.0,0.0,0.0,0.0,0.0,0.0,0.0,0.0,0.0,0.0,0.0,0.0,0.0,0.0,0.0,0.0,0.0,0.0,0.0,0.0,0.0,0.5599999999999999,0.36,0.5599999999999999,0.36,0.5599999999999999,4.163737166999994,0.0
nvbench2:test:296,296,qwen3:14b,staged,77,0.0,bar+line+rect,1.0,1.0,5,3,2,0.0,0.0,0.0,0.0,0.0,0.0,0.0,0.0,0.0,0.0,0.0,0.0,0.0,0.0,0.0,0.0,0.0,0.0,0.0,0.0,0.0,0.0,0.0,0.0,0.0,0.0,0.0,0.0,0.0,0.0,0.0,0.0,0.0,0.0,0.0,0.0,0.0,0.0,0.0,0.0,0.0,0.0,0.0,0.0,0.0,0.0,0.0,0.0,0.0,0.0,0.0,0.0,0.0,0.0,0.0,0.0,0.0,0.0,0.0,0.0,0.0,0.0,0.0,0.0,0.0,0.0,0.0,0.0,0.0,0.0,0.0,0.0,0.0,0.0,0.0,0.0,0.0,0.0,0.0,0.0,0.0,0.0,0.0,0.0,0.0,0.0,0.0,0.0,0.0,0.0,0.0,0.0,0.0,0.0,0.0,0.0,0.0,0.0,0.0,0.0,0.0,0.0,0.0,0.0,0.0,0.0,0.0,0.0,0.64,0.64,0.64,0.52,0.64,1.6175868750000006,0.0
nvbench2:test:297,297,qwen3:14b,staged,77,0.0,bar,1.0,1.0,4,3,1,0.0,0.0,0.0,0.0,0.0,0.0,0.0,0.0,0.0,0.0,0.0,0.0,0.0,0.0,0.0,0.0,0.0,0.0,0.0,0.0,0.0,0.0,0.0,0.0,0.0,0.0,0.0,0.0,0.0,0.0,0.0,0.0,0.0,0.0,0.0,0.0,0.0,0.0,0.0,0.0,0.0,0.0,0.0,0.0,0.0,0.0,0.0,0.0,0.0,0.0,0.0,0.0,0.0,0.0,0.0,0.0,0.0,0.0,0.0,0.0,0.0,0.0,0.0,0.0,0.0,0.0,0.0,0.0,0.0,0.0,0.0,0.0,0.0,0.0,0.0,0.0,0.0,0.0,0.0,0.0,0.0,0.0,0.0,0.0,0.0,0.0,0.0,0.0,0.0,0.0,0.0,0.0,0.0,0.0,0.0,0.0,0.0,0.0,0.0,0.0,0.0,0.0,0.0,0.0,0.0,0.0,0.0,0.0,0.36,0.36,0.36,0.36,0.36,1.2975059169999952,0.0
nvbench2:test:298,298,qwen3:14b,staged,77,0.0,line,1.0,1.0,4,2,2,0.0,0.0,0.0,0.0,0.0,0.0,0.0,0.0,0.0,0.0,0.0,0.0,0.0,0.0,0.0,0.0,0.0,0.0,0.0,0.0,0.0,0.0,0.0,0.0,0.0,0.0,0.0,0.0,0.0,0.0,0.0,0.0,0.0,0.0,0.0,0.0,0.0,0.0,0.0,0.0,0.0,0.0,0.0,0.0,0.0,0.0,0.0,0.0,0.0,0.0,0.0,0.0,0.0,0.0,0.0,0.0,0.0,0.0,0.0,0.0,0.0,0.0,0.0,0.0,0.0,0.0,0.0,0.0,0.0,0.0,0.0,0.0,0.0,0.0,0.0,0.0,0.0,0.0,0.0,0.0,0.0,0.0,0.0,0.0,0.0,0.0,0.0,0.0,0.0,0.0,0.0,0.0,0.0,0.0,0.0,0.0,0.0,0.0,0.0,0.0,0.0,0.0,0.0,0.0,0.0,0.0,0.0,0.0,1.0,0.72,1.0,1.0,1.0,1.7744452090000067,0.0
nvbench2:test:303,303,qwen3:14b,staged,77,0.0,boxplot,1.0,1.0,6,1,5,1.0,1.0,1.0,0.5,1.0,0.6666666666666666,1.0,0.5,0.5,0.5,1.0,0.5,0.3333333333333333,0.4,1.0,0.5,0.25,0.3333333333333333,1.0,0.5,0.2,0.28571428571428575,1.0,0.5,0.2,0.28571428571428575,1.0,0.5,0.2,0.28571428571428575,1.0,0.5,0.2,0.28571428571428575,1.0,0.5,0.2,0.28571428571428575,1.0,0.5,0.2,0.28571428571428575,1.0,0.5,0.2,0.28571428571428575,1.0,0.5,0.2,0.28571428571428575,1.0,0.5,0.2,0.28571428571428575,1.0,0.5,0.2,0.28571428571428575,1.0,0.5,0.2,0.28571428571428575,1.0,0.5,0.2,0.28571428571428575,1.0,0.5,0.2,0.28571428571428575,1.0,0.5,0.2,0.28571428571428575,1.0,0.5,0.2,0.28571428571428575,1.0,0.5,0.2,0.28571428571428575,1.0,1.0,0.5,1.0,0.6666666666666666,1.0,0.5,0.3333333333333333,0.4,1.0,0.5,0.2,0.28571428571428575,0.3333333333333333,0.0,0.0,0.0,0.0,1.0,0.5,0.3333333333333333,0.4,1.0,0.5,0.2,0.28571428571428575,1.0,1.0,1.0,0.8,1.0,2.931816624999996,-1.0
nvbench2:test:317,317,qwen3:14b,staged,77,0.0,arc,0.0,0.0,6,6,0,0.0,0.0,0.0,0.0,0.0,0.0,0.0,0.0,0.0,0.0,0.0,0.0,0.0,0.0,0.0,0.0,0.0,0.0,0.0,0.0,0.0,0.0,0.0,0.0,0.0,0.0,0.0,0.0,0.0,0.0,0.0,0.0,0.0,0.0,0.0,0.0,0.0,0.0,0.0,0.0,0.0,0.0,0.0,0.0,0.0,0.0,0.0,0.0,0.0,0.0,0.0,0.0,0.0,0.0,0.0,0.0,0.0,0.0,0.0,0.0,0.0,0.0,0.0,0.0,0.0,0.0,0.0,0.0,0.0,0.0,0.0,0.0,0.0,0.0,0.0,0.0,0.0,0.0,0.0,0.0,0.0,0.0,0.0,0.0,0.0,0.0,0.0,0.0,0.0,0.0,0.0,0.0,0.0,0.0,0.0,0.0,0.0,0.0,0.0,0.0,0.0,0.0,0.0,0.0,0.0,0.0,0.0,0.0,0.0,0.0,0.0,0.0,0.0,0.0,0.0
nvbench2:test:319,319,qwen3:14b,staged,77,0.0,point,1.0,1.0,4,2,2,0.0,0.0,0.0,0.0,0.0,0.0,0.0,0.0,0.0,0.0,0.0,0.0,0.0,0.0,0.0,0.0,0.0,0.0,0.0,0.0,0.0,0.0,0.0,0.0,0.0,0.0,0.0,0.0,0.0,0.0,0.0,0.0,0.0,0.0,0.0,0.0,0.0,0.0,0.0,0.0,0.0,0.0,0.0,0.0,0.0,0.0,0.0,0.0,0.0,0.0,0.0,0.0,0.0,0.0,0.0,0.0,0.0,0.0,0.0,0.0,0.0,0.0,0.0,0.0,0.0,0.0,0.0,0.0,0.0,0.0,0.0,0.0,0.0,0.0,0.0,0.0,0.0,0.0,0.0,0.0,0.0,0.0,0.0,0.0,0.0,0.0,0.0,0.0,0.0,0.0,0.0,0.0,0.0,0.0,0.0,0.0,0.0,0.0,0.0,0.0,0.0,0.0,0.0,0.0,0.0,0.0,0.0,0.0,0.65,0.65,0.65,0.6285714285714286,0.65,3.0146637080000005,0.0
nvbench2:test:320,320,qwen3:14b,staged,77,0.0,rect,1.0,1.0,5,4,1,0.0,0.0,0.0,0.0,0.0,0.0,0.0,0.0,0.0,0.0,0.0,0.0,0.0,0.0,0.0,0.0,0.0,0.0,0.0,0.0,0.0,0.0,0.0,0.0,0.0,0.0,0.0,0.0,0.0,0.0,0.0,0.0,0.0,0.0,0.0,0.0,0.0,0.0,0.0,0.0,0.0,0.0,0.0,0.0,0.0,0.0,0.0,0.0,0.0,0.0,0.0,0.0,0.0,0.0,0.0,0.0,0.0,0.0,0.0,0.0,0.0,0.0,0.0,0.0,0.0,0.0,0.0,0.0,0.0,0.0,0.0,0.0,0.0,0.0,0.0,0.0,0.0,0.0,0.0,0.0,0.0,0.0,0.0,0.0,0.0,0.0,0.0,0.0,0.0,0.0,0.0,0.0,0.0,0.0,0.0,0.0,0.0,0.0,0.0,0.0,0.0,0.0,0.0,0.0,0.0,0.0,0.0,0.0,0.9333333333333332,0.9333333333333332,0.9333333333333332,0.9333333333333332,0.9333333333333332,1.7054096250000015,0.0
nvbench2:test:325,325,qwen3:14b,staged,77,0.0,rect,1.0,1.0,4,3,1,0.0,0.0,0.0,0.0,0.0,0.0,0.0,0.0,0.0,0.0,0.0,0.0,0.0,0.0,0.0,0.0,0.0,0.0,0.0,0.0,0.0,0.0,0.0,0.0,0.0,0.0,0.0,0.0,0.0,0.0,0.0,0.0,0.0,0.0,0.0,0.0,0.0,0.0,0.0,0.0,0.0,0.0,0.0,0.0,0.0,0.0,0.0,0.0,0.0,0.0,0.0,0.0,0.0,0.0,0.0,0.0,0.0,0.0,0.0,0.0,0.0,0.0,0.0,0.0,0.0,0.0,0.0,0.0,0.0,0.0,0.0,0.0,0.0,0.0,0.0,0.0,0.0,0.0,0.0,0.0,0.0,0.0,0.0,0.0,0.0,0.0,0.0,0.0,0.0,0.0,0.0,0.0,0.0,0.0,0.0,0.0,0.0,0.0,0.0,0.0,0.0,0.0,0.0,0.0,0.0,0.0,0.0,0.0,0.7333333333333333,0.7333333333333333,0.7333333333333333,0.7333333333333333,0.7333333333333333,1.5850838340000024,0.0
nvbench2:test:332,332,qwen3:14b,staged,77,0.0,rect,0.0,0.0,9,9,0,0.0,0.0,0.0,0.0,0.0,0.0,0.0,0.0,0.0,0.0,0.0,0.0,0.0,0.0,0.0,0.0,0.0,0.0,0.0,0.0,0.0,0.0,0.0,0.0,0.0,0.0,0.0,0.0,0.0,0.0,0.0,0.0,0.0,0.0,0.0,0.0,0.0,0.0,0.0,0.0,0.0,0.0,0.0,0.0,0.0,0.0,0.0,0.0,0.0,0.0,0.0,0.0,0.0,0.0,0.0,0.0,0.0,0.0,0.0,0.0,0.0,0.0,0.0,0.0,0.0,0.0,0.0,0.0,0.0,0.0,0.0,0.0,0.0,0.0,0.0,0.0,0.0,0.0,0.0,0.0,0.0,0.0,0.0,0.0,0.0,0.0,0.0,0.0,0.0,0.0,0.0,0.0,0.0,0.0,0.0,0.0,0.0,0.0,0.0,0.0,0.0,0.0,0.0,0.0,0.0,0.0,0.0,0.0,0.0,0.0,0.0,0.0,0.0,0.0,0.0
nvbench2:test:335,335,qwen3:14b,staged,77,0.0,arc,0.0,0.0,5,5,0,0.0,0.0,0.0,0.0,0.0,0.0,0.0,0.0,0.0,0.0,0.0,0.0,0.0,0.0,0.0,0.0,0.0,0.0,0.0,0.0,0.0,0.0,0.0,0.0,0.0,0.0,0.0,0.0,0.0,0.0,0.0,0.0,0.0,0.0,0.0,0.0,0.0,0.0,0.0,0.0,0.0,0.0,0.0,0.0,0.0,0.0,0.0,0.0,0.0,0.0,0.0,0.0,0.0,0.0,0.0,0.0,0.0,0.0,0.0,0.0,0.0,0.0,0.0,0.0,0.0,0.0,0.0,0.0,0.0,0.0,0.0,0.0,0.0,0.0,0.0,0.0,0.0,0.0,0.0,0.0,0.0,0.0,0.0,0.0,0.0,0.0,0.0,0.0,0.0,0.0,0.0,0.0,0.0,0.0,0.0,0.0,0.0,0.0,0.0,0.0,0.0,0.0,0.0,0.0,0.0,0.0,0.0,0.0,0.0,0.0,0.0,0.0,0.0,0.0,0.0
nvbench2:test:341,341,qwen3:14b,staged,77,0.0,rect,1.0,1.0,7,3,4,0.0,0.0,0.0,0.0,0.0,0.0,0.0,0.0,0.0,0.0,0.0,0.0,0.0,0.0,0.0,0.0,0.0,0.0,0.0,0.0,0.0,0.0,0.0,0.0,0.0,0.0,0.0,0.0,0.0,0.0,0.0,0.0,0.0,0.0,0.0,0.0,0.0,0.0,0.0,0.0,0.0,0.0,0.0,0.0,0.0,0.0,0.0,0.0,0.0,0.0,0.0,0.0,0.0,0.0,0.0,0.0,0.0,0.0,0.0,0.0,0.0,0.0,0.0,0.0,0.0,0.0,0.0,0.0,0.0,0.0,0.0,0.0,0.0,0.0,0.0,0.0,0.0,0.0,0.0,0.0,0.0,0.0,0.0,0.0,0.0,0.0,0.0,0.0,0.0,0.0,0.0,0.0,0.0,0.0,0.0,0.0,0.0,0.0,0.0,0.0,0.0,0.0,0.0,0.0,0.0,0.0,0.0,0.0,0.7333333333333333,0.6799999999999999,0.7333333333333333,0.7333333333333333,0.7333333333333333,3.1011803339999915,0.0
nvbench2:test:344,344,qwen3:14b,staged,77,0.0,rect,1.0,1.0,11,3,8,0.0,0.0,0.0,0.0,0.0,0.0,0.0,0.0,0.0,0.0,0.0,0.0,0.0,0.0,0.0,0.0,0.0,0.0,0.0,0.0,0.0,0.0,0.0,0.0,0.0,0.0,0.0,0.0,0.0,0.0,0.0,0.0,0.0,0.0,0.0,0.0,0.0,0.0,0.0,0.0,0.0,0.0,0.0,0.0,0.0,0.0,0.0,0.0,0.0,0.0,0.0,0.0,0.0,0.0,0.0,0.0,0.0,0.0,0.0,0.0,0.0,0.0,0.0,0.0,0.0,0.0,0.0,0.0,0.0,0.0,0.0,0.0,0.0,0.0,0.0,0.0,0.0,0.0,0.0,0.0,0.0,0.0,0.0,0.0,0.0,0.0,0.0,0.0,0.0,0.0,0.0,0.0,0.0,0.0,0.0,0.0,0.0,0.0,0.0,0.0,0.0,0.0,0.0,0.0,0.0,0.0,0.0,0.0,0.4666666666666667,0.4666666666666667,0.4666666666666667,0.4666666666666667,0.4666666666666667,5.901035749999991,0.0
nvbench2:test:349,349,qwen3:14b,staged,77,0.0,arc,1.0,1.0,7,4,3,0.0,0.0,0.0,0.0,0.0,0.0,0.0,0.0,0.0,0.0,0.0,0.0,0.0,0.0,0.0,0.0,0.0,0.0,0.0,0.0,0.0,0.0,0.0,0.0,0.0,0.0,0.0,0.0,0.0,0.0,0.0,0.0,0.0,0.0,0.0,0.0,0.0,0.0,0.0,0.0,0.0,0.0,0.0,0.0,0.0,0.0,0.0,0.0,0.0,0.0,0.0,0.0,0.0,0.0,0.0,0.0,0.0,0.0,0.0,0.0,0.0,0.0,0.0,0.0,0.0,0.0,0.0,0.0,0.0,0.0,0.0,0.0,0.0,0.0,0.0,0.0,0.0,0.0,0.0,0.0,0.0,0.0,0.0,0.0,0.0,0.0,0.0,0.0,0.0,0.0,0.0,0.0,0.0,0.0,0.0,0.0,0.0,0.0,0.0,0.0,0.0,0.0,0.0,0.0,0.0,0.0,0.0,0.0,0.9,0.7,0.9,0.9,0.9,2.808202250000022,0.0
nvbench2:test:351,351,qwen3:14b,staged,77,0.0,boxplot,1.0,1.0,6,1,5,0.0,0.0,0.0,0.0,0.0,0.0,0.0,0.0,0.0,0.0,0.0,0.0,0.0,0.0,0.0,0.0,0.0,0.0,0.0,0.0,0.0,0.0,0.0,0.0,0.0,0.0,0.0,0.0,0.0,0.0,0.0,0.0,0.0,0.0,0.0,0.0,0.0,0.0,0.0,0.0,0.0,0.0,0.0,0.0,0.0,0.0,0.0,0.0,0.0,0.0,0.0,0.0,0.0,0.0,0.0,0.0,0.0,0.0,0.0,0.0,0.0,0.0,0.0,0.0,0.0,0.0,0.0,0.0,0.0,0.0,0.0,0.0,0.0,0.0,0.0,0.0,0.0,0.0,0.0,0.0,0.0,0.0,0.0,0.0,0.0,0.0,0.0,0.0,0.0,0.0,0.0,0.0,0.0,0.0,0.0,0.0,0.0,0.0,0.0,0.0,0.0,0.0,0.0,0.0,0.0,0.0,0.0,0.0,1.0,1.0,1.0,1.0,1.0,3.335535166999989,0.0
nvbench2:test:355,355,qwen3:14b,staged,77,0.0,rect,0.0,0.0,5,5,0,0.0,0.0,0.0,0.0,0.0,0.0,0.0,0.0,0.0,0.0,0.0,0.0,0.0,0.0,0.0,0.0,0.0,0.0,0.0,0.0,0.0,0.0,0.0,0.0,0.0,0.0,0.0,0.0,0.0,0.0,0.0,0.0,0.0,0.0,0.0,0.0,0.0,0.0,0.0,0.0,0.0,0.0,0.0,0.0,0.0,0.0,0.0,0.0,0.0,0.0,0.0,0.0,0.0,0.0,0.0,0.0,0.0,0.0,0.0,0.0,0.0,0.0,0.0,0.0,0.0,0.0,0.0,0.0,0.0,0.0,0.0,0.0,0.0,0.0,0.0,0.0,0.0,0.0,0.0,0.0,0.0,0.0,0.0,0.0,0.0,0.0,0.0,0.0,0.0,0.0,0.0,0.0,0.0,0.0,0.0,0.0,0.0,0.0,0.0,0.0,0.0,0.0,0.0,0.0,0.0,0.0,0.0,0.0,0.0,0.0,0.0,0.0,0.0,0.0,0.0
nvbench2:test:365,365,qwen3:14b,staged,77,0.0,point,1.0,1.0,5,4,1,0.0,0.0,0.0,0.0,0.0,0.0,0.0,0.0,0.0,0.0,0.0,0.0,0.0,0.0,0.0,0.0,0.0,0.0,0.0,0.0,0.0,0.0,0.0,0.0,0.0,0.0,0.0,0.0,0.0,0.0,0.0,0.0,0.0,0.0,0.0,0.0,0.0,0.0,0.0,0.0,0.0,0.0,0.0,0.0,0.0,0.0,0.0,0.0,0.0,0.0,0.0,0.0,0.0,0.0,0.0,0.0,0.0,0.0,0.0,0.0,0.0,0.0,0.0,0.0,0.0,0.0,0.0,0.0,0.0,0.0,0.0,0.0,0.0,0.0,0.0,0.0,0.0,0.0,0.0,0.0,0.0,0.0,0.0,0.0,0.0,0.0,0.0,0.0,0.0,0.0,0.0,0.0,0.0,0.0,0.0,0.0,0.0,0.0,0.0,0.0,0.0,0.0,0.0,0.0,0.0,0.0,0.0,0.0,0.2857142857142857,0.2857142857142857,0.2857142857142857,0.2857142857142857,0.2857142857142857,2.274144999999976,0.0
nvbench2:test:366,366,qwen3:14b,staged,77,0.0,boxplot,1.0,1.0,4,3,1,1.0,1.0,1.0,0.2,1.0,0.33333333333333337,1.0,0.2,1.0,0.33333333333333337,1.0,0.2,1.0,0.33333333333333337,1.0,0.2,1.0,0.33333333333333337,1.0,0.2,1.0,0.33333333333333337,1.0,0.2,1.0,0.33333333333333337,1.0,0.2,1.0,0.33333333333333337,1.0,0.2,1.0,0.33333333333333337,1.0,0.2,1.0,0.33333333333333337,1.0,0.2,1.0,0.33333333333333337,1.0,0.2,1.0,0.33333333333333337,1.0,0.2,1.0,0.33333333333333337,1.0,0.2,1.0,0.33333333333333337,1.0,0.2,1.0,0.33333333333333337,1.0,0.2,1.0,0.33333333333333337,1.0,0.2,1.0,0.33333333333333337,1.0,0.2,1.0,0.33333333333333337,1.0,0.2,1.0,0.33333333333333337,1.0,0.2,1.0,0.33333333333333337,1.0,0.2,1.0,0.33333333333333337,1.0,1.0,0.2,1.0,0.33333333333333337,1.0,0.2,1.0,0.33333333333333337,1.0,0.2,1.0,0.33333333333333337,1.0,1.0,0.2,1.0,0.33333333333333337,1.0,0.2,1.0,0.33333333333333337,1.0,0.2,1.0,0.33333333333333337,1.0,1.0,1.0,1.0,1.0,1.5802873749999833,0.0
nvbench2:test:376,376,qwen3:14b,staged,77,0.0,rect,1.0,1.0,5,4,1,0.0,0.0,0.0,0.0,0.0,0.0,0.0,0.0,0.0,0.0,0.0,0.0,0.0,0.0,0.0,0.0,0.0,0.0,0.0,0.0,0.0,0.0,0.0,0.0,0.0,0.0,0.0,0.0,0.0,0.0,0.0,0.0,0.0,0.0,0.0,0.0,0.0,0.0,0.0,0.0,0.0,0.0,0.0,0.0,0.0,0.0,0.0,0.0,0.0,0.0,0.0,0.0,0.0,0.0,0.0,0.0,0.0,0.0,0.0,0.0,0.0,0.0,0.0,0.0,0.0,0.0,0.0,0.0,0.0,0.0,0.0,0.0,0.0,0.0,0.0,0.0,0.0,0.0,0.0,0.0,0.0,0.0,0.0,0.0,0.0,0.0,0.0,0.0,0.0,0.0,0.0,0.0,0.0,0.0,0.0,0.0,0.0,0.0,0.0,0.0,0.0,0.0,0.0,0.0,0.0,0.0,0.0,0.0,0.7333333333333333,0.7333333333333333,0.7333333333333333,0.7333333333333333,0.7333333333333333,1.6228602079999916,0.0
nvbench2:test:377,377,qwen3:14b,staged,77,0.0,rect,1.0,1.0,5,3,2,0.0,0.0,0.0,0.0,0.0,0.0,0.0,0.0,0.0,0.0,0.0,0.0,0.0,0.0,0.0,0.0,0.0,0.0,0.0,0.0,0.0,0.0,0.0,0.0,0.0,0.0,0.0,0.0,0.0,0.0,0.0,0.0,0.0,0.0,0.0,0.0,0.0,0.0,0.0,0.0,0.0,0.0,0.0,0.0,0.0,0.0,0.0,0.0,0.0,0.0,0.0,0.0,0.0,0.0,0.0,0.0,0.0,0.0,0.0,0.0,0.0,0.0,0.0,0.0,0.0,0.0,0.0,0.0,0.0,0.0,0.0,0.0,0.0,0.0,0.0,0.0,0.0,0.0,0.0,0.0,0.0,0.0,0.0,0.0,0.0,0.0,0.0,0.0,0.0,0.0,0.0,0.0,0.0,0.0,0.0,0.0,0.0,0.0,0.0,0.0,0.0,0.0,0.0,0.0,0.0,0.0,0.0,0.0,0.7333333333333333,0.7333333333333333,0.7333333333333333,0.7333333333333333,0.7333333333333333,2.2391599999999983,0.0
nvbench2:test:384,384,qwen3:14b,staged,77,0.0,arc,1.0,1.0,7,5,2,0.0,0.0,0.0,0.0,0.0,0.0,0.0,0.0,0.0,0.0,0.0,0.0,0.0,0.0,0.0,0.0,0.0,0.0,0.0,0.0,0.0,0.0,0.0,0.0,0.0,0.0,0.0,0.0,0.0,0.0,0.0,0.0,0.0,0.0,0.0,0.0,0.0,0.0,0.0,0.0,0.0,0.0,0.0,0.0,0.0,0.0,0.0,0.0,0.0,0.0,0.0,0.0,0.0,0.0,0.0,0.0,0.0,0.0,0.0,0.0,0.0,0.0,0.0,0.0,0.0,0.0,0.0,0.0,0.0,0.0,0.0,0.0,0.0,0.0,0.0,0.0,0.0,0.0,0.0,0.0,0.0,0.0,0.0,0.0,0.0,0.0,0.0,0.0,0.0,0.0,0.0,0.0,0.0,0.0,0.0,0.0,0.0,0.0,0.0,0.0,0.0,0.0,0.0,0.0,0.0,0.0,0.0,0.0,1.0,1.0,1.0,1.0,1.0,2.020381208999993,0.0
nvbench2:test:385,385,qwen3:14b,staged,77,0.0,arc,1.0,1.0,4,3,1,1.0,1.0,1.0,0.3333333333333333,1.0,0.5,1.0,0.3333333333333333,1.0,0.5,1.0,0.3333333333333333,1.0,0.5,1.0,0.3333333333333333,1.0,0.5,1.0,0.3333333333333333,1.0,0.5,1.0,0.3333333333333333,1.0,0.5,1.0,0.3333333333333333,1.0,0.5,1.0,0.3333333333333333,1.0,0.5,1.0,0.3333333333333333,1.0,0.5,1.0,0.3333333333333333,1.0,0.5,1.0,0.3333333333333333,1.0,0.5,1.0,0.3333333333333333,1.0,0.5,1.0,0.3333333333333333,1.0,0.5,1.0,0.3333333333333333,1.0,0.5,1.0,0.3333333333333333,1.0,0.5,1.0,0.3333333333333333,1.0,0.5,1.0,0.3333333333333333,1.0,0.5,1.0,0.3333333333333333,1.0,0.5,1.0,0.3333333333333333,1.0,0.5,1.0,0.3333333333333333,1.0,0.5,1.0,1.0,0.3333333333333333,1.0,0.5,1.0,0.3333333333333333,1.0,0.5,1.0,0.3333333333333333,1.0,0.5,1.0,1.0,0.3333333333333333,1.0,0.5,1.0,0.3333333333333333,1.0,0.5,1.0,0.3333333333333333,1.0,0.5,1.0,1.0,1.0,1.0,1.0,1.6011658749999924,0.0
nvbench2:test:388,388,qwen3:14b,staged,77,0.0,bar+line+rect,1.0,1.0,6,1,5,0.0,0.0,0.0,0.0,0.0,0.0,0.0,0.0,0.0,0.0,0.0,0.0,0.0,0.0,0.0,0.0,0.0,0.0,0.0,0.0,0.0,0.0,0.0,0.0,0.0,0.0,0.0,0.0,0.0,0.0,0.0,0.0,0.0,0.0,0.0,0.0,0.0,0.0,0.0,0.0,0.0,0.0,0.0,0.0,0.0,0.0,0.0,0.0,0.0,0.0,0.0,0.0,0.0,0.0,0.0,0.0,0.0,0.0,0.0,0.0,0.0,0.0,0.0,0.0,0.0,0.0,0.0,0.0,0.0,0.0,0.0,0.0,0.0,0.0,0.0,0.0,0.0,0.0,0.0,0.0,0.0,0.0,0.0,0.0,0.0,0.0,0.0,0.0,0.0,0.0,0.0,0.0,0.0,0.0,0.0,0.0,0.0,0.0,0.0,0.0,0.0,0.0,0.0,0.0,0.0,0.0,0.0,0.0,0.9199999999999999,0.4666666666666667,0.9199999999999999,0.9199999999999999,0.9199999999999999,3.032408542000013,0.0
nvbench2:test:392,392,qwen3:14b,staged,77,0.0,rect,1.0,1.0,9,4,5,1.0,0.3333333333333333,0.0,0.0,0.0,0.0,0.0,0.0,0.0,0.0,1.0,0.25,0.3333333333333333,0.28571428571428575,1.0,0.25,0.25,0.25,1.0,0.5,0.4,0.4444444444444445,1.0,0.5,0.4,0.4444444444444445,1.0,0.5,0.4,0.4444444444444445,1.0,0.5,0.4,0.4444444444444445,1.0,0.5,0.4,0.4444444444444445,1.0,0.5,0.4,0.4444444444444445,1.0,0.5,0.4,0.4444444444444445,1.0,0.5,0.4,0.4444444444444445,1.0,0.5,0.4,0.4444444444444445,1.0,0.5,0.4,0.4444444444444445,1.0,0.5,0.4,0.4444444444444445,1.0,0.5,0.4,0.4444444444444445,1.0,0.5,0.4,0.4444444444444445,1.0,0.5,0.4,0.4444444444444445,1.0,0.5,0.4,0.4444444444444445,1.0,0.5,0.4,0.4444444444444445,0.3333333333333333,0.0,0.0,0.0,0.0,1.0,0.25,0.3333333333333333,0.28571428571428575,1.0,0.5,0.4,0.4444444444444445,0.3333333333333333,0.0,0.0,0.0,0.0,1.0,0.25,0.3333333333333333,0.28571428571428575,1.0,0.5,0.4,0.4444444444444445,1.0,0.44000000000000006,1.0,0.44000000000000006,1.0,3.111428332999992,0.0
nvbench2:test:395,395,qwen3:14b,staged,77,0.0,rect,1.0,1.0,10,9,1,0.0,0.0,0.0,0.0,0.0,0.0,0.0,0.0,0.0,0.0,0.0,0.0,0.0,0.0,0.0,0.0,0.0,0.0,0.0,0.0,0.0,0.0,0.0,0.0,0.0,0.0,0.0,0.0,0.0,0.0,0.0,0.0,0.0,0.0,0.0,0.0,0.0,0.0,0.0,0.0,0.0,0.0,0.0,0.0,0.0,0.0,0.0,0.0,0.0,0.0,0.0,0.0,0.0,0.0,0.0,0.0,0.0,0.0,0.0,0.0,0.0,0.0,0.0,0.0,0.0,0.0,0.0,0.0,0.0,0.0,0.0,0.0,0.0,0.0,0.0,0.0,0.0,0.0,0.0,0.0,0.0,0.0,0.0,0.0,0.0,0.0,0.0,0.0,0.0,0.0,0.0,0.0,0.0,0.0,0.0,0.0,0.0,0.0,0.0,0.0,0.0,0.0,0.0,0.0,0.0,0.0,0.0,0.0,0.8,0.8,0.8,0.8,0.8,1.6284135829999968,0.0
nvbench2:test:406,406,qwen3:14b,staged,77,0.0,bar,0.0,0.0,5,5,0,0.0,0.0,0.0,0.0,0.0,0.0,0.0,0.0,0.0,0.0,0.0,0.0,0.0,0.0,0.0,0.0,0.0,0.0,0.0,0.0,0.0,0.0,0.0,0.0,0.0,0.0,0.0,0.0,0.0,0.0,0.0,0.0,0.0,0.0,0.0,0.0,0.0,0.0,0.0,0.0,0.0,0.0,0.0,0.0,0.0,0.0,0.0,0.0,0.0,0.0,0.0,0.0,0.0,0.0,0.0,0.0,0.0,0.0,0.0,0.0,0.0,0.0,0.0,0.0,0.0,0.0,0.0,0.0,0.0,0.0,0.0,0.0,0.0,0.0,0.0,0.0,0.0,0.0,0.0,0.0,0.0,0.0,0.0,0.0,0.0,0.0,0.0,0.0,0.0,0.0,0.0,0.0,0.0,0.0,0.0,0.0,0.0,0.0,0.0,0.0,0.0,0.0,0.0,0.0,0.0,0.0,0.0,0.0,0.0,0.0,0.0,0.0,0.0,0.0,0.0
nvbench2:test:426,426,qwen3:14b,staged,77,0.0,arc,1.0,1.0,8,7,1,0.0,0.0,0.0,0.0,0.0,0.0,0.0,0.0,0.0,0.0,0.0,0.0,0.0,0.0,0.0,0.0,0.0,0.0,0.0,0.0,0.0,0.0,0.0,0.0,0.0,0.0,0.0,0.0,0.0,0.0,0.0,0.0,0.0,0.0,0.0,0.0,0.0,0.0,0.0,0.0,0.0,0.0,0.0,0.0,0.0,0.0,0.0,0.0,0.0,0.0,0.0,0.0,0.0,0.0,0.0,0.0,0.0,0.0,0.0,0.0,0.0,0.0,0.0,0.0,0.0,0.0,0.0,0.0,0.0,0.0,0.0,0.0,0.0,0.0,0.0,0.0,0.0,0.0,0.0,0.0,0.0,0.0,0.0,0.0,0.0,0.0,0.0,0.0,0.0,0.0,0.0,0.0,0.0,0.0,0.0,0.0,0.0,0.0,0.0,0.0,0.0,0.0,0.0,0.0,0.0,0.0,0.0,0.0,0.6,0.6,0.6,0.6,0.6,2.304594541,0.0
nvbench2:test:430,430,qwen3:14b,staged,77,0.0,bar,1.0,1.0,5,4,1,0.0,0.0,0.0,0.0,0.0,0.0,0.0,0.0,0.0,0.0,0.0,0.0,0.0,0.0,0.0,0.0,0.0,0.0,0.0,0.0,0.0,0.0,0.0,0.0,0.0,0.0,0.0,0.0,0.0,0.0,0.0,0.0,0.0,0.0,0.0,0.0,0.0,0.0,0.0,0.0,0.0,0.0,0.0,0.0,0.0,0.0,0.0,0.0,0.0,0.0,0.0,0.0,0.0,0.0,0.0,0.0,0.0,0.0,0.0,0.0,0.0,0.0,0.0,0.0,0.0,0.0,0.0,0.0,0.0,0.0,0.0,0.0,0.0,0.0,0.0,0.0,0.0,0.0,0.0,0.0,0.0,0.0,0.0,0.0,0.0,0.0,0.0,0.0,0.0,0.0,0.0,0.0,0.0,0.0,0.0,0.0,0.0,0.0,0.0,0.0,0.0,0.0,0.0,0.0,0.0,0.0,0.0,0.0,0.72,0.72,0.72,0.72,0.72,3.135752707999984,0.0
nvbench2:test:432,432,qwen3:14b,staged,77,0.0,bar+line+rect,0.0,0.0,4,4,0,0.0,0.0,0.0,0.0,0.0,0.0,0.0,0.0,0.0,0.0,0.0,0.0,0.0,0.0,0.0,0.0,0.0,0.0,0.0,0.0,0.0,0.0,0.0,0.0,0.0,0.0,0.0,0.0,0.0,0.0,0.0,0.0,0.0,0.0,0.0,0.0,0.0,0.0,0.0,0.0,0.0,0.0,0.0,0.0,0.0,0.0,0.0,0.0,0.0,0.0,0.0,0.0,0.0,0.0,0.0,0.0,0.0,0.0,0.0,0.0,0.0,0.0,0.0,0.0,0.0,0.0,0.0,0.0,0.0,0.0,0.0,0.0,0.0,0.0,0.0,0.0,0.0,0.0,0.0,0.0,0.0,0.0,0.0,0.0,0.0,0.0,0.0,0.0,0.0,0.0,0.0,0.0,0.0,0.0,0.0,0.0,0.0,0.0,0.0,0.0,0.0,0.0,0.0,0.0,0.0,0.0,0.0,0.0,0.0,0.0,0.0,0.0,0.0,0.0,0.0
nvbench2:test:434,434,qwen3:14b,staged,77,0.0,arc,1.0,1.0,5,4,1,1.0,1.0,1.0,0.2,1.0,0.33333333333333337,1.0,0.2,1.0,0.33333333333333337,1.0,0.2,1.0,0.33333333333333337,1.0,0.2,1.0,0.33333333333333337,1.0,0.2,1.0,0.33333333333333337,1.0,0.2,1.0,0.33333333333333337,1.0,0.2,1.0,0.33333333333333337,1.0,0.2,1.0,0.33333333333333337,1.0,0.2,1.0,0.33333333333333337,1.0,0.2,1.0,0.33333333333333337,1.0,0.2,1.0,0.33333333333333337,1.0,0.2,1.0,0.33333333333333337,1.0,0.2,1.0,0.33333333333333337,1.0,0.2,1.0,0.33333333333333337,1.0,0.2,1.0,0.33333333333333337,1.0,0.2,1.0,0.33333333333333337,1.0,0.2,1.0,0.33333333333333337,1.0,0.2,1.0,0.33333333333333337,1.0,0.2,1.0,0.33333333333333337,1.0,0.2,1.0,0.33333333333333337,1.0,1.0,0.2,1.0,0.33333333333333337,1.0,0.2,1.0,0.33333333333333337,1.0,0.2,1.0,0.33333333333333337,1.0,1.0,0.2,1.0,0.33333333333333337,1.0,0.2,1.0,0.33333333333333337,1.0,0.2,1.0,0.33333333333333337,1.0,1.0,1.0,1.0,1.0,1.9924707499999954,0.0
nvbench2:test:435,435,qwen3:14b,staged,77,0.0,rect,1.0,1.0,8,3,5,1.0,1.0,1.0,0.25,1.0,0.4,1.0,0.25,0.5,0.3333333333333333,1.0,0.25,0.3333333333333333,0.28571428571428575,1.0,0.25,0.25,0.25,1.0,0.25,0.2,0.22222222222222224,1.0,0.25,0.2,0.22222222222222224,1.0,0.25,0.2,0.22222222222222224,1.0,0.25,0.2,0.22222222222222224,1.0,0.25,0.2,0.22222222222222224,1.0,0.25,0.2,0.22222222222222224,1.0,0.25,0.2,0.22222222222222224,1.0,0.25,0.2,0.22222222222222224,1.0,0.25,0.2,0.22222222222222224,1.0,0.25,0.2,0.22222222222222224,1.0,0.25,0.2,0.22222222222222224,1.0,0.25,0.2,0.22222222222222224,1.0,0.25,0.2,0.22222222222222224,1.0,0.25,0.2,0.22222222222222224,1.0,0.25,0.2,0.22222222222222224,1.0,0.25,0.2,0.22222222222222224,1.0,1.0,0.25,1.0,0.4,1.0,0.25,0.3333333333333333,0.28571428571428575,1.0,0.25,0.2,0.22222222222222224,1.0,1.0,0.25,1.0,0.4,1.0,0.25,0.3333333333333333,0.28571428571428575,1.0,0.25,0.2,0.22222222222222224,1.0,1.0,1.0,1.0,1.0,3.3339840420000257,0.0
nvbench2:test:443,443,qwen3:14b,staged,77,0.0,arc,1.0,1.0,8,6,2,0.0,0.0,0.0,0.0,0.0,0.0,0.0,0.0,0.0,0.0,0.0,0.0,0.0,0.0,0.0,0.0,0.0,0.0,0.0,0.0,0.0,0.0,0.0,0.0,0.0,0.0,0.0,0.0,0.0,0.0,0.0,0.0,0.0,0.0,0.0,0.0,0.0,0.0,0.0,0.0,0.0,0.0,0.0,0.0,0.0,0.0,0.0,0.0,0.0,0.0,0.0,0.0,0.0,0.0,0.0,0.0,0.0,0.0,0.0,0.0,0.0,0.0,0.0,0.0,0.0,0.0,0.0,0.0,0.0,0.0,0.0,0.0,0.0,0.0,0.0,0.0,0.0,0.0,0.0,0.0,0.0,0.0,0.0,0.0,0.0,0.0,0.0,0.0,0.0,0.0,0.0,0.0,0.0,0.0,0.0,0.0,0.0,0.0,0.0,0.0,0.0,0.0,0.0,0.0,0.0,0.0,0.0,0.0,0.8,0.5333333333333333,0.8,0.8,0.8,2.356239166000023,0.0
nvbench2:test:446,446,qwen3:14b,staged,77,0.0,arc,1.0,1.0,5,4,1,0.0,0.0,0.0,0.0,0.0,0.0,0.0,0.0,0.0,0.0,0.0,0.0,0.0,0.0,0.0,0.0,0.0,0.0,0.0,0.0,0.0,0.0,0.0,0.0,0.0,0.0,0.0,0.0,0.0,0.0,0.0,0.0,0.0,0.0,0.0,0.0,0.0,0.0,0.0,0.0,0.0,0.0,0.0,0.0,0.0,0.0,0.0,0.0,0.0,0.0,0.0,0.0,0.0,0.0,0.0,0.0,0.0,0.0,0.0,0.0,0.0,0.0,0.0,0.0,0.0,0.0,0.0,0.0,0.0,0.0,0.0,0.0,0.0,0.0,0.0,0.0,0.0,0.0,0.0,0.0,0.0,0.0,0.0,0.0,0.0,0.0,0.0,0.0,0.0,0.0,0.0,0.0,0.0,0.0,0.0,0.0,0.0,0.0,0.0,0.0,0.0,0.0,0.0,0.0,0.0,0.0,0.0,0.0,0.8,0.8,0.8,0.8,0.8,2.9552959590000114,0.0
nvbench2:test:454,454,qwen3:14b,staged,77,0.0,arc,1.0,1.0,6,4,2,0.0,0.0,0.0,0.0,0.0,0.0,0.0,0.0,0.0,0.0,0.0,0.0,0.0,0.0,0.0,0.0,0.0,0.0,0.0,0.0,0.0,0.0,0.0,0.0,0.0,0.0,0.0,0.0,0.0,0.0,0.0,0.0,0.0,0.0,0.0,0.0,0.0,0.0,0.0,0.0,0.0,0.0,0.0,0.0,0.0,0.0,0.0,0.0,0.0,0.0,0.0,0.0,0.0,0.0,0.0,0.0,0.0,0.0,0.0,0.0,0.0,0.0,0.0,0.0,0.0,0.0,0.0,0.0,0.0,0.0,0.0,0.0,0.0,0.0,0.0,0.0,0.0,0.0,0.0,0.0,0.0,0.0,0.0,0.0,0.0,0.0,0.0,0.0,0.0,0.0,0.0,0.0,0.0,0.0,0.0,0.0,0.0,0.0,0.0,0.0,0.0,0.0,0.0,0.0,0.0,0.0,0.0,0.0,0.6,0.6,0.6,0.6,0.6,2.7166966669999795,0.0
nvbench2:test:461,461,qwen3:14b,staged,77,0.0,rect,1.0,1.0,5,3,2,1.0,1.0,1.0,0.3333333333333333,1.0,0.5,1.0,0.3333333333333333,0.5,0.4,1.0,0.3333333333333333,0.5,0.4,1.0,0.3333333333333333,0.5,0.4,1.0,0.3333333333333333,0.5,0.4,1.0,0.3333333333333333,0.5,0.4,1.0,0.3333333333333333,0.5,0.4,1.0,0.3333333333333333,0.5,0.4,1.0,0.3333333333333333,0.5,0.4,1.0,0.3333333333333333,0.5,0.4,1.0,0.3333333333333333,0.5,0.4,1.0,0.3333333333333333,0.5,0.4,1.0,0.3333333333333333,0.5,0.4,1.0,0.3333333333333333,0.5,0.4,1.0,0.3333333333333333,0.5,0.4,1.0,0.3333333333333333,0.5,0.4,1.0,0.3333333333333333,0.5,0.4,1.0,0.3333333333333333,0.5,0.4,1.0,0.3333333333333333,0.5,0.4,1.0,0.3333333333333333,0.5,0.4,1.0,1.0,0.3333333333333333,1.0,0.5,1.0,0.3333333333333333,0.5,0.4,1.0,0.3333333333333333,0.5,0.4,1.0,1.0,0.3333333333333333,1.0,0.5,1.0,0.3333333333333333,0.5,0.4,1.0,0.3333333333333333,0.5,0.4,1.0,1.0,1.0,1.0,1.0,1.9077935420000074,0.0
nvbench2:test:466,466,qwen3:14b,staged,77,0.0,rect,1.0,1.0,4,2,2,0.0,0.0,0.0,0.0,0.0,0.0,0.0,0.0,0.0,0.0,0.0,0.0,0.0,0.0,0.0,0.0,0.0,0.0,0.0,0.0,0.0,0.0,0.0,0.0,0.0,0.0,0.0,0.0,0.0,0.0,0.0,0.0,0.0,0.0,0.0,0.0,0.0,0.0,0.0,0.0,0.0,0.0,0.0,0.0,0.0,0.0,0.0,0.0,0.0,0.0,0.0,0.0,0.0,0.0,0.0,0.0,0.0,0.0,0.0,0.0,0.0,0.0,0.0,0.0,0.0,0.0,0.0,0.0,0.0,0.0,0.0,0.0,0.0,0.0,0.0,0.0,0.0,0.0,0.0,0.0,0.0,0.0,0.0,0.0,0.0,0.0,0.0,0.0,0.0,0.0,0.0,0.0,0.0,0.0,0.0,0.0,0.0,0.0,0.0,0.0,0.0,0.0,0.0,0.0,0.0,0.0,0.0,0.0,0.9333333333333332,0.9333333333333332,0.9333333333333332,0.9333333333333332,0.9333333333333332,1.816455832999992,0.0
nvbench2:test:471,471,qwen3:14b,staged,77,0.0,line,1.0,1.0,9,4,5,1.0,1.0,1.0,0.2,1.0,0.33333333333333337,1.0,0.2,0.5,0.28571428571428575,1.0,0.4,0.6666666666666666,0.5,1.0,0.4,0.5,0.4444444444444445,1.0,0.4,0.4,0.4000000000000001,1.0,0.4,0.4,0.4000000000000001,1.0,0.4,0.4,0.4000000000000001,1.0,0.4,0.4,0.4000000000000001,1.0,0.4,0.4,0.4000000000000001,1.0,0.4,0.4,0.4000000000000001,1.0,0.4,0.4,0.4000000000000001,1.0,0.4,0.4,0.4000000000000001,1.0,0.4,0.4,0.4000000000000001,1.0,0.4,0.4,0.4000000000000001,1.0,0.4,0.4,0.4000000000000001,1.0,0.4,0.4,0.4000000000000001,1.0,0.4,0.4,0.4000000000000001,1.0,0.4,0.4,0.4000000000000001,1.0,0.4,0.4,0.4000000000000001,1.0,0.4,0.4,0.4000000000000001,1.0,1.0,0.2,1.0,0.33333333333333337,1.0,0.4,0.6666666666666666,0.5,1.0,0.4,0.4,0.4000000000000001,1.0,1.0,0.2,1.0,0.33333333333333337,1.0,0.4,0.6666666666666666,0.5,1.0,0.4,0.4,0.4000000000000001,1.0,1.0,1.0,1.0,1.0,2.982867457999987,0.0
nvbench2:test:479,479,qwen3:14b,staged,77,0.0,bar+line,1.0,1.0,6,5,1,0.0,0.0,0.0,0.0,0.0,0.0,0.0,0.0,0.0,0.0,0.0,0.0,0.0,0.0,0.0,0.0,0.0,0.0,0.0,0.0,0.0,0.0,0.0,0.0,0.0,0.0,0.0,0.0,0.0,0.0,0.0,0.0,0.0,0.0,0.0,0.0,0.0,0.0,0.0,0.0,0.0,0.0,0.0,0.0,0.0,0.0,0.0,0.0,0.0,0.0,0.0,0.0,0.0,0.0,0.0,0.0,0.0,0.0,0.0,0.0,0.0,0.0,0.0,0.0,0.0,0.0,0.0,0.0,0.0,0.0,0.0,0.0,0.0,0.0,0.0,0.0,0.0,0.0,0.0,0.0,0.0,0.0,0.0,0.0,0.0,0.0,0.0,0.0,0.0,0.0,0.0,0.0,0.0,0.0,0.0,0.0,0.0,0.0,0.0,0.0,0.0,0.0,0.0,0.0,0.0,0.0,0.0,0.0,0.74,0.74,0.74,0.74,0.74,1.5722622499999943,0.0
nvbench2:test:483,483,qwen3:14b,staged,77,0.0,arc,1.0,1.0,3,2,1,1.0,1.0,1.0,0.5,1.0,0.6666666666666666,1.0,0.5,1.0,0.6666666666666666,1.0,0.5,1.0,0.6666666666666666,1.0,0.5,1.0,0.6666666666666666,1.0,0.5,1.0,0.6666666666666666,1.0,0.5,1.0,0.6666666666666666,1.0,0.5,1.0,0.6666666666666666,1.0,0.5,1.0,0.6666666666666666,1.0,0.5,1.0,0.6666666666666666,1.0,0.5,1.0,0.6666666666666666,1.0,0.5,1.0,0.6666666666666666,1.0,0.5,1.0,0.6666666666666666,1.0,0.5,1.0,0.6666666666666666,1.0,0.5,1.0,0.6666666666666666,1.0,0.5,1.0,0.6666666666666666,1.0,0.5,1.0,0.6666666666666666,1.0,0.5,1.0,0.6666666666666666,1.0,0.5,1.0,0.6666666666666666,1.0,0.5,1.0,0.6666666666666666,1.0,0.5,1.0,0.6666666666666666,1.0,1.0,0.5,1.0,0.6666666666666666,1.0,0.5,1.0,0.6666666666666666,1.0,0.5,1.0,0.6666666666666666,1.0,1.0,0.5,1.0,0.6666666666666666,1.0,0.5,1.0,0.6666666666666666,1.0,0.5,1.0,0.6666666666666666,1.0,1.0,1.0,1.0,1.0,1.6185025000000053,0.0
nvbench2:test:486,486,qwen3:14b,staged,77,0.0,rect,1.0,1.0,9,3,6,0.0,0.0,0.0,0.0,0.0,0.0,0.0,0.0,0.0,0.0,0.0,0.0,0.0,0.0,0.0,0.0,0.0,0.0,0.0,0.0,0.0,0.0,0.0,0.0,0.0,0.0,0.0,0.0,0.0,0.0,0.0,0.0,0.0,0.0,0.0,0.0,0.0,0.0,0.0,0.0,0.0,0.0,0.0,0.0,0.0,0.0,0.0,0.0,0.0,0.0,0.0,0.0,0.0,0.0,0.0,0.0,0.0,0.0,0.0,0.0,0.0,0.0,0.0,0.0,0.0,0.0,0.0,0.0,0.0,0.0,0.0,0.0,0.0,0.0,0.0,0.0,0.0,0.0,0.0,0.0,0.0,0.0,0.0,0.0,0.0,0.0,0.0,0.0,0.0,0.0,0.0,0.0,0.0,0.0,0.0,0.0,0.0,0.0,0.0,0.0,0.0,0.0,0.0,0.0,0.0,0.0,0.0,0.0,0.9333333333333332,0.9333333333333332,0.9333333333333332,0.9333333333333332,0.9333333333333332,3.7353319999999997,0.0
nvbench2:test:489,489,qwen3:14b,staged,77,0.0,arc,1.0,1.0,4,3,1,0.0,0.0,0.0,0.0,0.0,0.0,0.0,0.0,0.0,0.0,0.0,0.0,0.0,0.0,0.0,0.0,0.0,0.0,0.0,0.0,0.0,0.0,0.0,0.0,0.0,0.0,0.0,0.0,0.0,0.0,0.0,0.0,0.0,0.0,0.0,0.0,0.0,0.0,0.0,0.0,0.0,0.0,0.0,0.0,0.0,0.0,0.0,0.0,0.0,0.0,0.0,0.0,0.0,0.0,0.0,0.0,0.0,0.0,0.0,0.0,0.0,0.0,0.0,0.0,0.0,0.0,0.0,0.0,0.0,0.0,0.0,0.0,0.0,0.0,0.0,0.0,0.0,0.0,0.0,0.0,0.0,0.0,0.0,0.0,0.0,0.0,0.0,0.0,0.0,0.0,0.0,0.0,0.0,0.0,0.0,0.0,0.0,0.0,0.0,0.0,0.0,0.0,0.0,0.0,0.0,0.0,0.0,0.0,0.6,0.6,0.6,0.6,0.6,1.3181979579999847,0.0
nvbench2:test:492,492,qwen3:14b,staged,77,0.0,rect,1.0,1.0,5,1,4,1.0,0.5,0.0,0.0,0.0,0.0,1.0,0.5,0.5,0.5,1.0,0.5,0.3333333333333333,0.4,1.0,0.5,0.25,0.3333333333333333,1.0,0.5,0.25,0.3333333333333333,1.0,0.5,0.25,0.3333333333333333,1.0,0.5,0.25,0.3333333333333333,1.0,0.5,0.25,0.3333333333333333,1.0,0.5,0.25,0.3333333333333333,1.0,0.5,0.25,0.3333333333333333,1.0,0.5,0.25,0.3333333333333333,1.0,0.5,0.25,0.3333333333333333,1.0,0.5,0.25,0.3333333333333333,1.0,0.5,0.25,0.3333333333333333,1.0,0.5,0.25,0.3333333333333333,1.0,0.5,0.25,0.3333333333333333,1.0,0.5,0.25,0.3333333333333333,1.0,0.5,0.25,0.3333333333333333,1.0,0.5,0.25,0.3333333333333333,1.0,0.5,0.25,0.3333333333333333,0.5,0.0,0.0,0.0,0.0,1.0,0.5,0.3333333333333333,0.4,1.0,0.5,0.25,0.3333333333333333,0.5,0.0,0.0,0.0,0.0,1.0,0.5,0.3333333333333333,0.4,1.0,0.5,0.25,0.3333333333333333,1.0,0.9333333333333332,1.0,0.9333333333333332,1.0,2.516127584000003,0.0
nvbench2:test:505,505,qwen3:14b,staged,77,0.0,bar,1.0,1.0,4,2,2,0.0,0.0,0.0,0.0,0.0,0.0,0.0,0.0,0.0,0.0,0.0,0.0,0.0,0.0,0.0,0.0,0.0,0.0,0.0,0.0,0.0,0.0,0.0,0.0,0.0,0.0,0.0,0.0,0.0,0.0,0.0,0.0,0.0,0.0,0.0,0.0,0.0,0.0,0.0,0.0,0.0,0.0,0.0,0.0,0.0,0.0,0.0,0.0,0.0,0.0,0.0,0.0,0.0,0.0,0.0,0.0,0.0,0.0,0.0,0.0,0.0,0.0,0.0,0.0,0.0,0.0,0.0,0.0,0.0,0.0,0.0,0.0,0.0,0.0,0.0,0.0,0.0,0.0,0.0,0.0,0.0,0.0,0.0,0.0,0.0,0.0,0.0,0.0,0.0,0.0,0.0,0.0,0.0,0.0,0.0,0.0,0.0,0.0,0.0,0.0,0.0,0.0,0.0,0.0,0.0,0.0,0.0,0.0,0.72,0.72,0.72,0.72,0.72,2.534024541000008,0.0
nvbench2:test:508,508,qwen3:14b,staged,77,0.0,arc,1.0,1.0,9,8,1,1.0,1.0,1.0,0.5,1.0,0.6666666666666666,1.0,0.5,1.0,0.6666666666666666,1.0,0.5,1.0,0.6666666666666666,1.0,0.5,1.0,0.6666666666666666,1.0,0.5,1.0,0.6666666666666666,1.0,0.5,1.0,0.6666666666666666,1.0,0.5,1.0,0.6666666666666666,1.0,0.5,1.0,0.6666666666666666,1.0,0.5,1.0,0.6666666666666666,1.0,0.5,1.0,0.6666666666666666,1.0,0.5,1.0,0.6666666666666666,1.0,0.5,1.0,0.6666666666666666,1.0,0.5,1.0,0.6666666666666666,1.0,0.5,1.0,0.6666666666666666,1.0,0.5,1.0,0.6666666666666666,1.0,0.5,1.0,0.6666666666666666,1.0,0.5,1.0,0.6666666666666666,1.0,0.5,1.0,0.6666666666666666,1.0,0.5,1.0,0.6666666666666666,1.0,0.5,1.0,0.6666666666666666,1.0,1.0,0.5,1.0,0.6666666666666666,1.0,0.5,1.0,0.6666666666666666,1.0,0.5,1.0,0.6666666666666666,1.0,1.0,0.5,1.0,0.6666666666666666,1.0,0.5,1.0,0.6666666666666666,1.0,0.5,1.0,0.6666666666666666,1.0,1.0,1.0,1.0,1.0,1.394156541000001,0.0
nvbench2:test:519,519,qwen3:14b,staged,77,0.0,boxplot,1.0,1.0,6,3,3,0.0,0.0,0.0,0.0,0.0,0.0,0.0,0.0,0.0,0.0,0.0,0.0,0.0,0.0,0.0,0.0,0.0,0.0,0.0,0.0,0.0,0.0,0.0,0.0,0.0,0.0,0.0,0.0,0.0,0.0,0.0,0.0,0.0,0.0,0.0,0.0,0.0,0.0,0.0,0.0,0.0,0.0,0.0,0.0,0.0,0.0,0.0,0.0,0.0,0.0,0.0,0.0,0.0,0.0,0.0,0.0,0.0,0.0,0.0,0.0,0.0,0.0,0.0,0.0,0.0,0.0,0.0,0.0,0.0,0.0,0.0,0.0,0.0,0.0,0.0,0.0,0.0,0.0,0.0,0.0,0.0,0.0,0.0,0.0,0.0,0.0,0.0,0.0,0.0,0.0,0.0,0.0,0.0,0.0,0.0,0.0,0.0,0.0,0.0,0.0,0.0,0.0,0.0,0.0,0.0,0.0,0.0,0.0,1.0,1.0,1.0,1.0,1.0,2.4280232499999954,0.0
nvbench2:test:524,524,qwen3:14b,staged,77,0.0,bar+line+rect,1.0,1.0,10,7,3,0.0,0.0,0.0,0.0,0.0,0.0,0.0,0.0,0.0,0.0,0.0,0.0,0.0,0.0,0.0,0.0,0.0,0.0,0.0,0.0,0.0,0.0,0.0,0.0,0.0,0.0,0.0,0.0,0.0,0.0,0.0,0.0,0.0,0.0,0.0,0.0,0.0,0.0,0.0,0.0,0.0,0.0,0.0,0.0,0.0,0.0,0.0,0.0,0.0,0.0,0.0,0.0,0.0,0.0,0.0,0.0,0.0,0.0,0.0,0.0,0.0,0.0,0.0,0.0,0.0,0.0,0.0,0.0,0.0,0.0,0.0,0.0,0.0,0.0,0.0,0.0,0.0,0.0,0.0,0.0,0.0,0.0,0.0,0.0,0.0,0.0,0.0,0.0,0.0,0.0,0.0,0.0,0.0,0.0,0.0,0.0,0.0,0.0,0.0,0.0,0.0,0.0,0.0,0.0,0.0,0.0,0.0,0.0,0.9199999999999999,0.72,0.9199999999999999,0.72,0.9199999999999999,2.4882546670000067,0.0
nvbench2:test:526,526,qwen3:14b,staged,77,0.0,arc,0.0,0.0,6,6,0,0.0,0.0,0.0,0.0,0.0,0.0,0.0,0.0,0.0,0.0,0.0,0.0,0.0,0.0,0.0,0.0,0.0,0.0,0.0,0.0,0.0,0.0,0.0,0.0,0.0,0.0,0.0,0.0,0.0,0.0,0.0,0.0,0.0,0.0,0.0,0.0,0.0,0.0,0.0,0.0,0.0,0.0,0.0,0.0,0.0,0.0,0.0,0.0,0.0,0.0,0.0,0.0,0.0,0.0,0.0,0.0,0.0,0.0,0.0,0.0,0.0,0.0,0.0,0.0,0.0,0.0,0.0,0.0,0.0,0.0,0.0,0.0,0.0,0.0,0.0,0.0,0.0,0.0,0.0,0.0,0.0,0.0,0.0,0.0,0.0,0.0,0.0,0.0,0.0,0.0,0.0,0.0,0.0,0.0,0.0,0.0,0.0,0.0,0.0,0.0,0.0,0.0,0.0,0.0,0.0,0.0,0.0,0.0,0.0,0.0,0.0,0.0,0.0,0.0,0.0
nvbench2:test:531,531,qwen3:14b,staged,77,0.0,line,1.0,1.0,8,6,2,0.0,0.0,0.0,0.0,0.0,0.0,0.0,0.0,0.0,0.0,0.0,0.0,0.0,0.0,0.0,0.0,0.0,0.0,0.0,0.0,0.0,0.0,0.0,0.0,0.0,0.0,0.0,0.0,0.0,0.0,0.0,0.0,0.0,0.0,0.0,0.0,0.0,0.0,0.0,0.0,0.0,0.0,0.0,0.0,0.0,0.0,0.0,0.0,0.0,0.0,0.0,0.0,0.0,0.0,0.0,0.0,0.0,0.0,0.0,0.0,0.0,0.0,0.0,0.0,0.0,0.0,0.0,0.0,0.0,0.0,0.0,0.0,0.0,0.0,0.0,0.0,0.0,0.0,0.0,0.0,0.0,0.0,0.0,0.0,0.0,0.0,0.0,0.0,0.0,0.0,0.0,0.0,0.0,0.0,0.0,0.0,0.0,0.0,0.0,0.0,0.0,0.0,0.0,0.0,0.0,0.0,0.0,0.0,0.8,0.8,0.8,0.8,0.8,2.258802875000015,0.0
nvbench2:test:532,532,qwen3:14b,staged,77,0.0,arc+bar+line,1.0,1.0,4,3,1,0.0,0.0,0.0,0.0,0.0,0.0,0.0,0.0,0.0,0.0,0.0,0.0,0.0,0.0,0.0,0.0,0.0,0.0,0.0,0.0,0.0,0.0,0.0,0.0,0.0,0.0,0.0,0.0,0.0,0.0,0.0,0.0,0.0,0.0,0.0,0.0,0.0,0.0,0.0,0.0,0.0,0.0,0.0,0.0,0.0,0.0,0.0,0.0,0.0,0.0,0.0,0.0,0.0,0.0,0.0,0.0,0.0,0.0,0.0,0.0,0.0,0.0,0.0,0.0,0.0,0.0,0.0,0.0,0.0,0.0,0.0,0.0,0.0,0.0,0.0,0.0,0.0,0.0,0.0,0.0,0.0,0.0,0.0,0.0,0.0,0.0,0.0,0.0,0.0,0.0,0.0,0.0,0.0,0.0,0.0,0.0,0.0,0.0,0.0,0.0,0.0,0.0,0.0,0.0,0.0,0.0,0.0,0.0,1.0,1.0,1.0,1.0,1.0,1.5675202920000118,0.0
nvbench2:test:535,535,qwen3:14b,staged,77,0.0,line,1.0,1.0,8,6,2,0.0,0.0,0.0,0.0,0.0,0.0,0.0,0.0,0.0,0.0,0.0,0.0,0.0,0.0,0.0,0.0,0.0,0.0,0.0,0.0,0.0,0.0,0.0,0.0,0.0,0.0,0.0,0.0,0.0,0.0,0.0,0.0,0.0,0.0,0.0,0.0,0.0,0.0,0.0,0.0,0.0,0.0,0.0,0.0,0.0,0.0,0.0,0.0,0.0,0.0,0.0,0.0,0.0,0.0,0.0,0.0,0.0,0.0,0.0,0.0,0.0,0.0,0.0,0.0,0.0,0.0,0.0,0.0,0.0,0.0,0.0,0.0,0.0,0.0,0.0,0.0,0.0,0.0,0.0,0.0,0.0,0.0,0.0,0.0,0.0,0.0,0.0,0.0,0.0,0.0,0.0,0.0,0.0,0.0,0.0,0.0,0.0,0.0,0.0,0.0,0.0,0.0,0.0,0.0,0.0,0.0,0.0,0.0,0.6,0.6,0.6,0.6,0.6,2.0734922919999974,0.0
nvbench2:test:545,545,qwen3:14b,staged,77,0.0,rect,1.0,1.0,5,3,2,1.0,0.5,0.0,0.0,0.0,0.0,1.0,0.5,0.5,0.5,1.0,0.5,0.5,0.5,1.0,0.5,0.5,0.5,1.0,0.5,0.5,0.5,1.0,0.5,0.5,0.5,1.0,0.5,0.5,0.5,1.0,0.5,0.5,0.5,1.0,0.5,0.5,0.5,1.0,0.5,0.5,0.5,1.0,0.5,0.5,0.5,1.0,0.5,0.5,0.5,1.0,0.5,0.5,0.5,1.0,0.5,0.5,0.5,1.0,0.5,0.5,0.5,1.0,0.5,0.5,0.5,1.0,0.5,0.5,0.5,1.0,0.5,0.5,0.5,1.0,0.5,0.5,0.5,1.0,0.5,0.5,0.5,0.5,0.0,0.0,0.0,0.0,1.0,0.5,0.5,0.5,1.0,0.5,0.5,0.5,1.0,1.0,0.5,1.0,0.6666666666666666,1.0,0.5,0.5,0.5,1.0,0.5,0.5,0.5,1.0,0.6666666666666666,1.0,1.0,1.0,1.831610000000012,1.0
nvbench2:test:546,546,qwen3:14b,staged,77,0.0,arc,0.0,0.0,8,8,0,0.0,0.0,0.0,0.0,0.0,0.0,0.0,0.0,0.0,0.0,0.0,0.0,0.0,0.0,0.0,0.0,0.0,0.0,0.0,0.0,0.0,0.0,0.0,0.0,0.0,0.0,0.0,0.0,0.0,0.0,0.0,0.0,0.0,0.0,0.0,0.0,0.0,0.0,0.0,0.0,0.0,0.0,0.0,0.0,0.0,0.0,0.0,0.0,0.0,0.0,0.0,0.0,0.0,0.0,0.0,0.0,0.0,0.0,0.0,0.0,0.0,0.0,0.0,0.0,0.0,0.0,0.0,0.0,0.0,0.0,0.0,0.0,0.0,0.0,0.0,0.0,0.0,0.0,0.0,0.0,0.0,0.0,0.0,0.0,0.0,0.0,0.0,0.0,0.0,0.0,0.0,0.0,0.0,0.0,0.0,0.0,0.0,0.0,0.0,0.0,0.0,0.0,0.0,0.0,0.0,0.0,0.0,0.0,0.0,0.0,0.0,0.0,0.0,0.0,0.0
nvbench2:test:547,547,qwen3:14b,staged,77,0.0,rect,1.0,1.0,2,1,1,1.0,1.0,1.0,0.3333333333333333,1.0,0.5,1.0,0.3333333333333333,1.0,0.5,1.0,0.3333333333333333,1.0,0.5,1.0,0.3333333333333333,1.0,0.5,1.0,0.3333333333333333,1.0,0.5,1.0,0.3333333333333333,1.0,0.5,1.0,0.3333333333333333,1.0,0.5,1.0,0.3333333333333333,1.0,0.5,1.0,0.3333333333333333,1.0,0.5,1.0,0.3333333333333333,1.0,0.5,1.0,0.3333333333333333,1.0,0.5,1.0,0.3333333333333333,1.0,0.5,1.0,0.3333333333333333,1.0,0.5,1.0,0.3333333333333333,1.0,0.5,1.0,0.3333333333333333,1.0,0.5,1.0,0.3333333333333333,1.0,0.5,1.0,0.3333333333333333,1.0,0.5,1.0,0.3333333333333333,1.0,0.5,1.0,0.3333333333333333,1.0,0.5,1.0,0.3333333333333333,1.0,0.5,1.0,1.0,0.3333333333333333,1.0,0.5,1.0,0.3333333333333333,1.0,0.5,1.0,0.3333333333333333,1.0,0.5,1.0,1.0,0.3333333333333333,1.0,0.5,1.0,0.3333333333333333,1.0,0.5,1.0,0.3333333333333333,1.0,0.5,1.0,1.0,1.0,1.0,1.0,1.4535293339999953,0.0
nvbench2:test:551,551,qwen3:14b,staged,77,0.0,line,0.0,0.0,5,5,0,0.0,0.0,0.0,0.0,0.0,0.0,0.0,0.0,0.0,0.0,0.0,0.0,0.0,0.0,0.0,0.0,0.0,0.0,0.0,0.0,0.0,0.0,0.0,0.0,0.0,0.0,0.0,0.0,0.0,0.0,0.0,0.0,0.0,0.0,0.0,0.0,0.0,0.0,0.0,0.0,0.0,0.0,0.0,0.0,0.0,0.0,0.0,0.0,0.0,0.0,0.0,0.0,0.0,0.0,0.0,0.0,0.0,0.0,0.0,0.0,0.0,0.0,0.0,0.0,0.0,0.0,0.0,0.0,0.0,0.0,0.0,0.0,0.0,0.0,0.0,0.0,0.0,0.0,0.0,0.0,0.0,0.0,0.0,0.0,0.0,0.0,0.0,0.0,0.0,0.0,0.0,0.0,0.0,0.0,0.0,0.0,0.0,0.0,0.0,0.0,0.0,0.0,0.0,0.0,0.0,0.0,0.0,0.0,0.0,0.0,0.0,0.0,0.0,0.0,0.0
nvbench2:test:552,552,qwen3:14b,staged,77,0.0,arc,1.0,1.0,8,7,1,1.0,1.0,1.0,0.5,1.0,0.6666666666666666,1.0,0.5,1.0,0.6666666666666666,1.0,0.5,1.0,0.6666666666666666,1.0,0.5,1.0,0.6666666666666666,1.0,0.5,1.0,0.6666666666666666,1.0,0.5,1.0,0.6666666666666666,1.0,0.5,1.0,0.6666666666666666,1.0,0.5,1.0,0.6666666666666666,1.0,0.5,1.0,0.6666666666666666,1.0,0.5,1.0,0.6666666666666666,1.0,0.5,1.0,0.6666666666666666,1.0,0.5,1.0,0.6666666666666666,1.0,0.5,1.0,0.6666666666666666,1.0,0.5,1.0,0.6666666666666666,1.0,0.5,1.0,0.6666666666666666,1.0,0.5,1.0,0.6666666666666666,1.0,0.5,1.0,0.6666666666666666,1.0,0.5,1.0,0.6666666666666666,1.0,0.5,1.0,0.6666666666666666,1.0,0.5,1.0,0.6666666666666666,1.0,1.0,0.5,1.0,0.6666666666666666,1.0,0.5,1.0,0.6666666666666666,1.0,0.5,1.0,0.6666666666666666,1.0,1.0,0.5,1.0,0.6666666666666666,1.0,0.5,1.0,0.6666666666666666,1.0,0.5,1.0,0.6666666666666666,1.0,1.0,1.0,1.0,1.0,1.3175683750000076,0.0
nvbench2:test:553,553,qwen3:14b,staged,77,0.0,bar,0.0,0.0,5,5,0,0.0,0.0,0.0,0.0,0.0,0.0,0.0,0.0,0.0,0.0,0.0,0.0,0.0,0.0,0.0,0.0,0.0,0.0,0.0,0.0,0.0,0.0,0.0,0.0,0.0,0.0,0.0,0.0,0.0,0.0,0.0,0.0,0.0,0.0,0.0,0.0,0.0,0.0,0.0,0.0,0.0,0.0,0.0,0.0,0.0,0.0,0.0,0.0,0.0,0.0,0.0,0.0,0.0,0.0,0.0,0.0,0.0,0.0,0.0,0.0,0.0,0.0,0.0,0.0,0.0,0.0,0.0,0.0,0.0,0.0,0.0,0.0,0.0,0.0,0.0,0.0,0.0,0.0,0.0,0.0,0.0,0.0,0.0,0.0,0.0,0.0,0.0,0.0,0.0,0.0,0.0,0.0,0.0,0.0,0.0,0.0,0.0,0.0,0.0,0.0,0.0,0.0,0.0,0.0,0.0,0.0,0.0,0.0,0.0,0.0,0.0,0.0,0.0,0.0,0.0
nvbench2:test:554,554,qwen3:14b,staged,77,0.0,arc,1.0,1.0,4,3,1,1.0,1.0,1.0,0.5,1.0,0.6666666666666666,1.0,0.5,1.0,0.6666666666666666,1.0,0.5,1.0,0.6666666666666666,1.0,0.5,1.0,0.6666666666666666,1.0,0.5,1.0,0.6666666666666666,1.0,0.5,1.0,0.6666666666666666,1.0,0.5,1.0,0.6666666666666666,1.0,0.5,1.0,0.6666666666666666,1.0,0.5,1.0,0.6666666666666666,1.0,0.5,1.0,0.6666666666666666,1.0,0.5,1.0,0.6666666666666666,1.0,0.5,1.0,0.6666666666666666,1.0,0.5,1.0,0.6666666666666666,1.0,0.5,1.0,0.6666666666666666,1.0,0.5,1.0,0.6666666666666666,1.0,0.5,1.0,0.6666666666666666,1.0,0.5,1.0,0.6666666666666666,1.0,0.5,1.0,0.6666666666666666,1.0,0.5,1.0,0.6666666666666666,1.0,0.5,1.0,0.6666666666666666,1.0,1.0,0.5,1.0,0.6666666666666666,1.0,0.5,1.0,0.6666666666666666,1.0,0.5,1.0,0.6666666666666666,1.0,1.0,0.5,1.0,0.6666666666666666,1.0,0.5,1.0,0.6666666666666666,1.0,0.5,1.0,0.6666666666666666,1.0,1.0,1.0,1.0,1.0,1.3137567919999924,0.0
nvbench2:test:556,556,qwen3:14b,staged,77,0.0,rect,1.0,1.0,4,2,2,1.0,1.0,1.0,1.0,1.0,1.0,1.0,1.0,0.5,0.6666666666666666,1.0,1.0,0.5,0.6666666666666666,1.0,1.0,0.5,0.6666666666666666,1.0,1.0,0.5,0.6666666666666666,1.0,1.0,0.5,0.6666666666666666,1.0,1.0,0.5,0.6666666666666666,1.0,1.0,0.5,0.6666666666666666,1.0,1.0,0.5,0.6666666666666666,1.0,1.0,0.5,0.6666666666666666,1.0,1.0,0.5,0.6666666666666666,1.0,1.0,0.5,0.6666666666666666,1.0,1.0,0.5,0.6666666666666666,1.0,1.0,0.5,0.6666666666666666,1.0,1.0,0.5,0.6666666666666666,1.0,1.0,0.5,0.6666666666666666,1.0,1.0,0.5,0.6666666666666666,1.0,1.0,0.5,0.6666666666666666,1.0,1.0,0.5,0.6666666666666666,1.0,1.0,0.5,0.6666666666666666,1.0,1.0,1.0,1.0,1.0,1.0,1.0,0.5,0.6666666666666666,1.0,1.0,0.5,0.6666666666666666,1.0,1.0,1.0,1.0,1.0,1.0,1.0,0.5,0.6666666666666666,1.0,1.0,0.5,0.6666666666666666,1.0,1.0,1.0,1.0,1.0,1.6972893749999969,0.0
nvbench2:test:558,558,qwen3:14b,staged,77,0.0,arc,1.0,1.0,5,4,1,0.0,0.0,0.0,0.0,0.0,0.0,0.0,0.0,0.0,0.0,0.0,0.0,0.0,0.0,0.0,0.0,0.0,0.0,0.0,0.0,0.0,0.0,0.0,0.0,0.0,0.0,0.0,0.0,0.0,0.0,0.0,0.0,0.0,0.0,0.0,0.0,0.0,0.0,0.0,0.0,0.0,0.0,0.0,0.0,0.0,0.0,0.0,0.0,0.0,0.0,0.0,0.0,0.0,0.0,0.0,0.0,0.0,0.0,0.0,0.0,0.0,0.0,0.0,0.0,0.0,0.0,0.0,0.0,0.0,0.0,0.0,0.0,0.0,0.0,0.0,0.0,0.0,0.0,0.0,0.0,0.0,0.0,0.0,0.0,0.0,0.0,0.0,0.0,0.0,0.0,0.0,0.0,0.0,0.0,0.0,0.0,0.0,0.0,0.0,0.0,0.0,0.0,0.0,0.0,0.0,0.0,0.0,0.0,0.16,0.16,0.16,0.16,0.16,1.6201514169999882,0.0
nvbench2:test:561,561,qwen3:14b,staged,77,0.0,line,1.0,1.0,3,1,2,1.0,1.0,1.0,0.2,1.0,0.33333333333333337,1.0,0.2,0.5,0.28571428571428575,1.0,0.2,0.5,0.28571428571428575,1.0,0.2,0.5,0.28571428571428575,1.0,0.2,0.5,0.28571428571428575,1.0,0.2,0.5,0.28571428571428575,1.0,0.2,0.5,0.28571428571428575,1.0,0.2,0.5,0.28571428571428575,1.0,0.2,0.5,0.28571428571428575,1.0,0.2,0.5,0.28571428571428575,1.0,0.2,0.5,0.28571428571428575,1.0,0.2,0.5,0.28571428571428575,1.0,0.2,0.5,0.28571428571428575,1.0,0.2,0.5,0.28571428571428575,1.0,0.2,0.5,0.28571428571428575,1.0,0.2,0.5,0.28571428571428575,1.0,0.2,0.5,0.28571428571428575,1.0,0.2,0.5,0.28571428571428575,1.0,0.2,0.5,0.28571428571428575,1.0,0.2,0.5,0.28571428571428575,1.0,1.0,0.2,1.0,0.33333333333333337,1.0,0.2,0.5,0.28571428571428575,1.0,0.2,0.5,0.28571428571428575,0.5,0.0,0.0,0.0,0.0,1.0,0.2,0.5,0.28571428571428575,1.0,0.2,0.5,0.28571428571428575,1.0,1.0,1.0,0.9333333333333332,1.0,1.7826841249999745,-1.0
nvbench2:test:566,566,qwen3:14b,staged,77,0.0,boxplot,1.0,1.0,6,3,3,1.0,0.5,0.0,0.0,0.0,0.0,1.0,0.25,0.5,0.3333333333333333,1.0,0.25,0.3333333333333333,0.28571428571428575,1.0,0.25,0.3333333333333333,0.28571428571428575,1.0,0.25,0.3333333333333333,0.28571428571428575,1.0,0.25,0.3333333333333333,0.28571428571428575,1.0,0.25,0.3333333333333333,0.28571428571428575,1.0,0.25,0.3333333333333333,0.28571428571428575,1.0,0.25,0.3333333333333333,0.28571428571428575,1.0,0.25,0.3333333333333333,0.28571428571428575,1.0,0.25,0.3333333333333333,0.28571428571428575,1.0,0.25,0.3333333333333333,0.28571428571428575,1.0,0.25,0.3333333333333333,0.28571428571428575,1.0,0.25,0.3333333333333333,0.28571428571428575,1.0,0.25,0.3333333333333333,0.28571428571428575,1.0,0.25,0.3333333333333333,0.28571428571428575,1.0,0.25,0.3333333333333333,0.28571428571428575,1.0,0.25,0.3333333333333333,0.28571428571428575,1.0,0.25,0.3333333333333333,0.28571428571428575,1.0,0.25,0.3333333333333333,0.28571428571428575,0.5,0.0,0.0,0.0,0.0,1.0,0.25,0.3333333333333333,0.28571428571428575,1.0,0.25,0.3333333333333333,0.28571428571428575,1.0,1.0,0.25,1.0,0.4,1.0,0.25,0.3333333333333333,0.28571428571428575,1.0,0.25,0.3333333333333333,0.28571428571428575,1.0,0.8,1.0,1.0,1.0,2.167996916999982,1.0
nvbench2:test:574,574,qwen3:14b,staged,77,0.0,bar,1.0,1.0,8,4,4,0.0,0.0,0.0,0.0,0.0,0.0,0.0,0.0,0.0,0.0,0.0,0.0,0.0,0.0,0.0,0.0,0.0,0.0,0.0,0.0,0.0,0.0,0.0,0.0,0.0,0.0,0.0,0.0,0.0,0.0,0.0,0.0,0.0,0.0,0.0,0.0,0.0,0.0,0.0,0.0,0.0,0.0,0.0,0.0,0.0,0.0,0.0,0.0,0.0,0.0,0.0,0.0,0.0,0.0,0.0,0.0,0.0,0.0,0.0,0.0,0.0,0.0,0.0,0.0,0.0,0.0,0.0,0.0,0.0,0.0,0.0,0.0,0.0,0.0,0.0,0.0,0.0,0.0,0.0,0.0,0.0,0.0,0.0,0.0,0.0,0.0,0.0,0.0,0.0,0.0,0.0,0.0,0.0,0.0,0.0,0.0,0.0,0.0,0.0,0.0,0.0,0.0,0.0,0.0,0.0,0.0,0.0,0.0,0.64,0.64,0.64,0.64,0.64,3.057159707999972,0.0
nvbench2:test:577,577,qwen3:14b,staged,77,0.0,line,1.0,1.0,8,5,3,1.0,0.5,0.0,0.0,0.0,0.0,1.0,0.2,0.5,0.28571428571428575,1.0,0.2,0.3333333333333333,0.25,1.0,0.2,0.3333333333333333,0.25,1.0,0.2,0.3333333333333333,0.25,1.0,0.2,0.3333333333333333,0.25,1.0,0.2,0.3333333333333333,0.25,1.0,0.2,0.3333333333333333,0.25,1.0,0.2,0.3333333333333333,0.25,1.0,0.2,0.3333333333333333,0.25,1.0,0.2,0.3333333333333333,0.25,1.0,0.2,0.3333333333333333,0.25,1.0,0.2,0.3333333333333333,0.25,1.0,0.2,0.3333333333333333,0.25,1.0,0.2,0.3333333333333333,0.25,1.0,0.2,0.3333333333333333,0.25,1.0,0.2,0.3333333333333333,0.25,1.0,0.2,0.3333333333333333,0.25,1.0,0.2,0.3333333333333333,0.25,1.0,0.2,0.3333333333333333,0.25,0.5,0.0,0.0,0.0,0.0,1.0,0.2,0.3333333333333333,0.25,1.0,0.2,0.3333333333333333,0.25,1.0,1.0,0.2,1.0,0.33333333333333337,1.0,0.2,0.3333333333333333,0.25,1.0,0.2,0.3333333333333333,0.25,1.0,0.36,1.0,1.0,1.0,2.034766917000013,1.0
nvbench2:test:578,578,qwen3:14b,staged,77,0.0,arc,0.0,0.0,4,4,0,0.0,0.0,0.0,0.0,0.0,0.0,0.0,0.0,0.0,0.0,0.0,0.0,0.0,0.0,0.0,0.0,0.0,0.0,0.0,0.0,0.0,0.0,0.0,0.0,0.0,0.0,0.0,0.0,0.0,0.0,0.0,0.0,0.0,0.0,0.0,0.0,0.0,0.0,0.0,0.0,0.0,0.0,0.0,0.0,0.0,0.0,0.0,0.0,0.0,0.0,0.0,0.0,0.0,0.0,0.0,0.0,0.0,0.0,0.0,0.0,0.0,0.0,0.0,0.0,0.0,0.0,0.0,0.0,0.0,0.0,0.0,0.0,0.0,0.0,0.0,0.0,0.0,0.0,0.0,0.0,0.0,0.0,0.0,0.0,0.0,0.0,0.0,0.0,0.0,0.0,0.0,0.0,0.0,0.0,0.0,0.0,0.0,0.0,0.0,0.0,0.0,0.0,0.0,0.0,0.0,0.0,0.0,0.0,0.0,0.0,0.0,0.0,0.0,0.0,0.0
nvbench2:test:583,583,qwen3:14b,staged,77,0.0,rect,1.0,1.0,9,3,6,0.0,0.0,0.0,0.0,0.0,0.0,0.0,0.0,0.0,0.0,0.0,0.0,0.0,0.0,0.0,0.0,0.0,0.0,0.0,0.0,0.0,0.0,0.0,0.0,0.0,0.0,0.0,0.0,0.0,0.0,0.0,0.0,0.0,0.0,0.0,0.0,0.0,0.0,0.0,0.0,0.0,0.0,0.0,0.0,0.0,0.0,0.0,0.0,0.0,0.0,0.0,0.0,0.0,0.0,0.0,0.0,0.0,0.0,0.0,0.0,0.0,0.0,0.0,0.0,0.0,0.0,0.0,0.0,0.0,0.0,0.0,0.0,0.0,0.0,0.0,0.0,0.0,0.0,0.0,0.0,0.0,0.0,0.0,0.0,0.0,0.0,0.0,0.0,0.0,0.0,0.0,0.0,0.0,0.0,0.0,0.0,0.0,0.0,0.0,0.0,0.0,0.0,0.0,0.0,0.0,0.0,0.0,0.0,0.7333333333333333,0.7333333333333333,0.7333333333333333,0.7333333333333333,0.7333333333333333,3.293110000000013,0.0
nvbench2:test:589,589,qwen3:14b,staged,77,0.0,arc,1.0,1.0,3,1,2,1.0,1.0,1.0,0.5,1.0,0.6666666666666666,1.0,0.5,0.5,0.5,1.0,0.5,0.5,0.5,1.0,0.5,0.5,0.5,1.0,0.5,0.5,0.5,1.0,0.5,0.5,0.5,1.0,0.5,0.5,0.5,1.0,0.5,0.5,0.5,1.0,0.5,0.5,0.5,1.0,0.5,0.5,0.5,1.0,0.5,0.5,0.5,1.0,0.5,0.5,0.5,1.0,0.5,0.5,0.5,1.0,0.5,0.5,0.5,1.0,0.5,0.5,0.5,1.0,0.5,0.5,0.5,1.0,0.5,0.5,0.5,1.0,0.5,0.5,0.5,1.0,0.5,0.5,0.5,1.0,0.5,0.5,0.5,1.0,1.0,0.5,1.0,0.6666666666666666,1.0,0.5,0.5,0.5,1.0,0.5,0.5,0.5,1.0,1.0,0.5,1.0,0.6666666666666666,1.0,0.5,0.5,0.5,1.0,0.5,0.5,0.5,1.0,1.0,1.0,1.0,1.0,1.9639730419999921,0.0
nvbench2:test:609,609,qwen3:14b,staged,77,0.0,point,1.0,1.0,11,2,9,1.0,0.1111111111111111,0.0,0.0,0.0,0.0,0.0,0.0,0.0,0.0,0.0,0.0,0.0,0.0,0.0,0.0,0.0,0.0,0.0,0.0,0.0,0.0,0.0,0.0,0.0,0.0,0.0,0.0,0.0,0.0,0.0,0.0,0.0,0.0,1.0,0.5,0.1111111111111111,0.1818181818181818,1.0,0.5,0.1111111111111111,0.1818181818181818,1.0,0.5,0.1111111111111111,0.1818181818181818,1.0,0.5,0.1111111111111111,0.1818181818181818,1.0,0.5,0.1111111111111111,0.1818181818181818,1.0,0.5,0.1111111111111111,0.1818181818181818,1.0,0.5,0.1111111111111111,0.1818181818181818,1.0,0.5,0.1111111111111111,0.1818181818181818,1.0,0.5,0.1111111111111111,0.1818181818181818,1.0,0.5,0.1111111111111111,0.1818181818181818,1.0,0.5,0.1111111111111111,0.1818181818181818,1.0,0.5,0.1111111111111111,0.1818181818181818,0.0,0.0,0.0,0.0,0.0,0.0,0.0,0.0,0.0,0.0,0.0,0.0,0.0,0.0,0.0,0.0,0.0,0.0,0.0,0.0,0.0,0.0,0.0,0.0,0.0,0.0,1.0,0.8,0.8,0.6,0.8,3.325154124999983,0.0
nvbench2:test:610,610,qwen3:14b,staged,77,0.0,bar,1.0,1.0,3,2,1,0.0,0.0,0.0,0.0,0.0,0.0,0.0,0.0,0.0,0.0,0.0,0.0,0.0,0.0,0.0,0.0,0.0,0.0,0.0,0.0,0.0,0.0,0.0,0.0,0.0,0.0,0.0,0.0,0.0,0.0,0.0,0.0,0.0,0.0,0.0,0.0,0.0,0.0,0.0,0.0,0.0,0.0,0.0,0.0,0.0,0.0,0.0,0.0,0.0,0.0,0.0,0.0,0.0,0.0,0.0,0.0,0.0,0.0,0.0,0.0,0.0,0.0,0.0,0.0,0.0,0.0,0.0,0.0,0.0,0.0,0.0,0.0,0.0,0.0,0.0,0.0,0.0,0.0,0.0,0.0,0.0,0.0,0.0,0.0,0.0,0.0,0.0,0.0,0.0,0.0,0.0,0.0,0.0,0.0,0.0,0.0,0.0,0.0,0.0,0.0,0.0,0.0,0.0,0.0,0.0,0.0,0.0,0.0,0.8,0.8,0.8,0.8,0.8,1.4791948330000082,0.0
nvbench2:test:611,611,qwen3:14b,staged,77,0.0,bar+line,1.0,1.0,12,9,3,0.0,0.0,0.0,0.0,0.0,0.0,0.0,0.0,0.0,0.0,0.0,0.0,0.0,0.0,0.0,0.0,0.0,0.0,0.0,0.0,0.0,0.0,0.0,0.0,0.0,0.0,0.0,0.0,0.0,0.0,0.0,0.0,0.0,0.0,0.0,0.0,0.0,0.0,0.0,0.0,0.0,0.0,0.0,0.0,0.0,0.0,0.0,0.0,0.0,0.0,0.0,0.0,0.0,0.0,0.0,0.0,0.0,0.0,0.0,0.0,0.0,0.0,0.0,0.0,0.0,0.0,0.0,0.0,0.0,0.0,0.0,0.0,0.0,0.0,0.0,0.0,0.0,0.0,0.0,0.0,0.0,0.0,0.0,0.0,0.0,0.0,0.0,0.0,0.0,0.0,0.0,0.0,0.0,0.0,0.0,0.0,0.0,0.0,0.0,0.0,0.0,0.0,0.0,0.0,0.0,0.0,0.0,0.0,0.4,0.4,0.4,0.4,0.4,2.162821500000007,0.0
nvbench2:test:622,622,qwen3:14b,staged,77,0.0,line,1.0,1.0,7,3,4,0.0,0.0,0.0,0.0,0.0,0.0,0.0,0.0,0.0,0.0,0.0,0.0,0.0,0.0,0.0,0.0,0.0,0.0,0.0,0.0,0.0,0.0,0.0,0.0,0.0,0.0,0.0,0.0,0.0,0.0,0.0,0.0,0.0,0.0,0.0,0.0,0.0,0.0,0.0,0.0,0.0,0.0,0.0,0.0,0.0,0.0,0.0,0.0,0.0,0.0,0.0,0.0,0.0,0.0,0.0,0.0,0.0,0.0,0.0,0.0,0.0,0.0,0.0,0.0,0.0,0.0,0.0,0.0,0.0,0.0,0.0,0.0,0.0,0.0,0.0,0.0,0.0,0.0,0.0,0.0,0.0,0.0,0.0,0.0,0.0,0.0,0.0,0.0,0.0,0.0,0.0,0.0,0.0,0.0,0.0,0.0,0.0,0.0,0.0,0.0,0.0,0.0,0.0,0.0,0.0,0.0,0.0,0.0,0.72,0.72,0.72,0.52,0.72,5.892098250000004,0.0
nvbench2:test:623,623,qwen3:14b,staged,77,0.0,arc,1.0,1.0,5,3,2,0.0,0.0,0.0,0.0,0.0,0.0,0.0,0.0,0.0,0.0,0.0,0.0,0.0,0.0,0.0,0.0,0.0,0.0,0.0,0.0,0.0,0.0,0.0,0.0,0.0,0.0,0.0,0.0,0.0,0.0,0.0,0.0,0.0,0.0,0.0,0.0,0.0,0.0,0.0,0.0,0.0,0.0,0.0,0.0,0.0,0.0,0.0,0.0,0.0,0.0,0.0,0.0,0.0,0.0,0.0,0.0,0.0,0.0,0.0,0.0,0.0,0.0,0.0,0.0,0.0,0.0,0.0,0.0,0.0,0.0,0.0,0.0,0.0,0.0,0.0,0.0,0.0,0.0,0.0,0.0,0.0,0.0,0.0,0.0,0.0,0.0,0.0,0.0,0.0,0.0,0.0,0.0,0.0,0.0,0.0,0.0,0.0,0.0,0.0,0.0,0.0,0.0,0.0,0.0,0.0,0.0,0.0,0.0,0.9,0.9,0.9,0.9,0.9,4.582821666000001,0.0
nvbench2:test:634,634,qwen3:14b,staged,77,0.0,boxplot,1.0,1.0,4,2,2,0.0,0.0,0.0,0.0,0.0,0.0,0.0,0.0,0.0,0.0,0.0,0.0,0.0,0.0,0.0,0.0,0.0,0.0,0.0,0.0,0.0,0.0,0.0,0.0,0.0,0.0,0.0,0.0,0.0,0.0,0.0,0.0,0.0,0.0,0.0,0.0,0.0,0.0,0.0,0.0,0.0,0.0,0.0,0.0,0.0,0.0,0.0,0.0,0.0,0.0,0.0,0.0,0.0,0.0,0.0,0.0,0.0,0.0,0.0,0.0,0.0,0.0,0.0,0.0,0.0,0.0,0.0,0.0,0.0,0.0,0.0,0.0,0.0,0.0,0.0,0.0,0.0,0.0,0.0,0.0,0.0,0.0,0.0,0.0,0.0,0.0,0.0,0.0,0.0,0.0,0.0,0.0,0.0,0.0,0.0,0.0,0.0,0.0,0.0,0.0,0.0,0.0,0.0,0.0,0.0,0.0,0.0,0.0,0.6,0.6,0.6,0.5,0.6,4.728966709000019,0.0
nvbench2:test:636,636,qwen3:14b,staged,77,0.0,arc,1.0,1.0,6,2,4,0.0,0.0,0.0,0.0,0.0,0.0,0.0,0.0,0.0,0.0,0.0,0.0,0.0,0.0,0.0,0.0,0.0,0.0,0.0,0.0,0.0,0.0,0.0,0.0,0.0,0.0,0.0,0.0,0.0,0.0,0.0,0.0,0.0,0.0,0.0,0.0,0.0,0.0,0.0,0.0,0.0,0.0,0.0,0.0,0.0,0.0,0.0,0.0,0.0,0.0,0.0,0.0,0.0,0.0,0.0,0.0,0.0,0.0,0.0,0.0,0.0,0.0,0.0,0.0,0.0,0.0,0.0,0.0,0.0,0.0,0.0,0.0,0.0,0.0,0.0,0.0,0.0,0.0,0.0,0.0,0.0,0.0,0.0,0.0,0.0,0.0,0.0,0.0,0.0,0.0,0.0,0.0,0.0,0.0,0.0,0.0,0.0,0.0,0.0,0.0,0.0,0.0,0.0,0.0,0.0,0.0,0.0,0.0,0.9333333333333332,0.8333333333333333,0.9333333333333332,0.9333333333333332,0.9333333333333332,6.796059084000007,0.0
nvbench2:test:637,637,qwen3:14b,staged,77,0.0,line,1.0,1.0,4,3,1,0.0,0.0,0.0,0.0,0.0,0.0,0.0,0.0,0.0,0.0,0.0,0.0,0.0,0.0,0.0,0.0,0.0,0.0,0.0,0.0,0.0,0.0,0.0,0.0,0.0,0.0,0.0,0.0,0.0,0.0,0.0,0.0,0.0,0.0,0.0,0.0,0.0,0.0,0.0,0.0,0.0,0.0,0.0,0.0,0.0,0.0,0.0,0.0,0.0,0.0,0.0,0.0,0.0,0.0,0.0,0.0,0.0,0.0,0.0,0.0,0.0,0.0,0.0,0.0,0.0,0.0,0.0,0.0,0.0,0.0,0.0,0.0,0.0,0.0,0.0,0.0,0.0,0.0,0.0,0.0,0.0,0.0,0.0,0.0,0.0,0.0,0.0,0.0,0.0,0.0,0.0,0.0,0.0,0.0,0.0,0.0,0.0,0.0,0.0,0.0,0.0,0.0,0.0,0.0,0.0,0.0,0.0,0.0,0.7333333333333333,0.7333333333333333,0.7333333333333333,0.7333333333333333,0.7333333333333333,5.27172595899998,0.0
nvbench2:test:642,642,qwen3:14b,staged,77,0.0,boxplot,1.0,1.0,4,2,2,0.0,0.0,0.0,0.0,0.0,0.0,0.0,0.0,0.0,0.0,0.0,0.0,0.0,0.0,0.0,0.0,0.0,0.0,0.0,0.0,0.0,0.0,0.0,0.0,0.0,0.0,0.0,0.0,0.0,0.0,0.0,0.0,0.0,0.0,0.0,0.0,0.0,0.0,0.0,0.0,0.0,0.0,0.0,0.0,0.0,0.0,0.0,0.0,0.0,0.0,0.0,0.0,0.0,0.0,0.0,0.0,0.0,0.0,0.0,0.0,0.0,0.0,0.0,0.0,0.0,0.0,0.0,0.0,0.0,0.0,0.0,0.0,0.0,0.0,0.0,0.0,0.0,0.0,0.0,0.0,0.0,0.0,0.0,0.0,0.0,0.0,0.0,0.0,0.0,0.0,0.0,0.0,0.0,0.0,0.0,0.0,0.0,0.0,0.0,0.0,0.0,0.0,0.0,0.0,0.0,0.0,0.0,0.0,0.4,0.4,0.4,0.4,0.4,4.946622042000001,0.0
nvbench2:test:647,647,qwen3:14b,staged,77,0.0,bar+line+point,1.0,1.0,4,3,1,0.0,0.0,0.0,0.0,0.0,0.0,0.0,0.0,0.0,0.0,0.0,0.0,0.0,0.0,0.0,0.0,0.0,0.0,0.0,0.0,0.0,0.0,0.0,0.0,0.0,0.0,0.0,0.0,0.0,0.0,0.0,0.0,0.0,0.0,0.0,0.0,0.0,0.0,0.0,0.0,0.0,0.0,0.0,0.0,0.0,0.0,0.0,0.0,0.0,0.0,0.0,0.0,0.0,0.0,0.0,0.0,0.0,0.0,0.0,0.0,0.0,0.0,0.0,0.0,0.0,0.0,0.0,0.0,0.0,0.0,0.0,0.0,0.0,0.0,0.0,0.0,0.0,0.0,0.0,0.0,0.0,0.0,0.0,0.0,0.0,0.0,0.0,0.0,0.0,0.0,0.0,0.0,0.0,0.0,0.0,0.0,0.0,0.0,0.0,0.0,0.0,0.0,0.0,0.0,0.0,0.0,0.0,0.0,0.7333333333333333,0.7333333333333333,0.7333333333333333,0.7333333333333333,0.7333333333333333,5.143507124999985,0.0
nvbench2:test:649,649,qwen3:14b,staged,77,0.0,rect,1.0,1.0,8,7,1,0.0,0.0,0.0,0.0,0.0,0.0,0.0,0.0,0.0,0.0,0.0,0.0,0.0,0.0,0.0,0.0,0.0,0.0,0.0,0.0,0.0,0.0,0.0,0.0,0.0,0.0,0.0,0.0,0.0,0.0,0.0,0.0,0.0,0.0,0.0,0.0,0.0,0.0,0.0,0.0,0.0,0.0,0.0,0.0,0.0,0.0,0.0,0.0,0.0,0.0,0.0,0.0,0.0,0.0,0.0,0.0,0.0,0.0,0.0,0.0,0.0,0.0,0.0,0.0,0.0,0.0,0.0,0.0,0.0,0.0,0.0,0.0,0.0,0.0,0.0,0.0,0.0,0.0,0.0,0.0,0.0,0.0,0.0,0.0,0.0,0.0,0.0,0.0,0.0,0.0,0.0,0.0,0.0,0.0,0.0,0.0,0.0,0.0,0.0,0.0,0.0,0.0,0.0,0.0,0.0,0.0,0.0,0.0,0.5666666666666667,0.5666666666666667,0.5666666666666667,0.5666666666666667,0.5666666666666667,4.622094375000017,0.0
nvbench2:test:651,651,qwen3:14b,staged,77,0.0,point,1.0,1.0,8,5,3,0.0,0.0,0.0,0.0,0.0,0.0,0.0,0.0,0.0,0.0,0.0,0.0,0.0,0.0,0.0,0.0,0.0,0.0,0.0,0.0,0.0,0.0,0.0,0.0,0.0,0.0,0.0,0.0,0.0,0.0,0.0,0.0,0.0,0.0,0.0,0.0,0.0,0.0,0.0,0.0,0.0,0.0,0.0,0.0,0.0,0.0,0.0,0.0,0.0,0.0,0.0,0.0,0.0,0.0,0.0,0.0,0.0,0.0,0.0,0.0,0.0,0.0,0.0,0.0,0.0,0.0,0.0,0.0,0.0,0.0,0.0,0.0,0.0,0.0,0.0,0.0,0.0,0.0,0.0,0.0,0.0,0.0,0.0,0.0,0.0,0.0,0.0,0.0,0.0,0.0,0.0,0.0,0.0,0.0,0.0,0.0,0.0,0.0,0.0,0.0,0.0,0.0,0.0,0.0,0.0,0.0,0.0,0.0,0.2,0.2,0.2,0.13333333333333333,0.2,5.633149624999987,0.0
nvbench2:test:658,658,qwen3:14b,staged,77,0.0,bar,1.0,1.0,5,4,1,0.0,0.0,0.0,0.0,0.0,0.0,0.0,0.0,0.0,0.0,0.0,0.0,0.0,0.0,0.0,0.0,0.0,0.0,0.0,0.0,0.0,0.0,0.0,0.0,0.0,0.0,0.0,0.0,0.0,0.0,0.0,0.0,0.0,0.0,0.0,0.0,0.0,0.0,0.0,0.0,0.0,0.0,0.0,0.0,0.0,0.0,0.0,0.0,0.0,0.0,0.0,0.0,0.0,0.0,0.0,0.0,0.0,0.0,0.0,0.0,0.0,0.0,0.0,0.0,0.0,0.0,0.0,0.0,0.0,0.0,0.0,0.0,0.0,0.0,0.0,0.0,0.0,0.0,0.0,0.0,0.0,0.0,0.0,0.0,0.0,0.0,0.0,0.0,0.0,0.0,0.0,0.0,0.0,0.0,0.0,0.0,0.0,0.0,0.0,0.0,0.0,0.0,0.0,0.0,0.0,0.0,0.0,0.0,0.7,0.7,0.7,0.7,0.7,4.363670458999991,0.0
nvbench2:test:663,663,qwen3:14b,staged,77,0.0,point,1.0,1.0,11,5,6,0.0,0.0,0.0,0.0,0.0,0.0,0.0,0.0,0.0,0.0,0.0,0.0,0.0,0.0,0.0,0.0,0.0,0.0,0.0,0.0,0.0,0.0,0.0,0.0,0.0,0.0,0.0,0.0,0.0,0.0,0.0,0.0,0.0,0.0,0.0,0.0,0.0,0.0,0.0,0.0,0.0,0.0,0.0,0.0,0.0,0.0,0.0,0.0,0.0,0.0,0.0,0.0,0.0,0.0,0.0,0.0,0.0,0.0,0.0,0.0,0.0,0.0,0.0,0.0,0.0,0.0,0.0,0.0,0.0,0.0,0.0,0.0,0.0,0.0,0.0,0.0,0.0,0.0,0.0,0.0,0.0,0.0,0.0,0.0,0.0,0.0,0.0,0.0,0.0,0.0,0.0,0.0,0.0,0.0,0.0,0.0,0.0,0.0,0.0,0.0,0.0,0.0,0.0,0.0,0.0,0.0,0.0,0.0,0.45999999999999996,0.44000000000000006,0.44000000000000006,0.44000000000000006,0.44000000000000006,4.060699124999985,0.0
nvbench2:test:665,665,qwen3:14b,staged,77,0.0,point,1.0,1.0,3,2,1,0.0,0.0,0.0,0.0,0.0,0.0,0.0,0.0,0.0,0.0,0.0,0.0,0.0,0.0,0.0,0.0,0.0,0.0,0.0,0.0,0.0,0.0,0.0,0.0,0.0,0.0,0.0,0.0,0.0,0.0,0.0,0.0,0.0,0.0,0.0,0.0,0.0,0.0,0.0,0.0,0.0,0.0,0.0,0.0,0.0,0.0,0.0,0.0,0.0,0.0,0.0,0.0,0.0,0.0,0.0,0.0,0.0,0.0,0.0,0.0,0.0,0.0,0.0,0.0,0.0,0.0,0.0,0.0,0.0,0.0,0.0,0.0,0.0,0.0,0.0,0.0,0.0,0.0,0.0,0.0,0.0,0.0,0.0,0.0,0.0,0.0,0.0,0.0,0.0,0.0,0.0,0.0,0.0,0.0,0.0,0.0,0.0,0.0,0.0,0.0,0.0,0.0,0.0,0.0,0.0,0.0,0.0,0.0,0.5333333333333333,0.5333333333333333,0.5333333333333333,0.5333333333333333,0.5333333333333333,3.01605058399997,0.0
nvbench2:test:666,666,qwen3:14b,staged,77,0.0,arc,1.0,1.0,7,3,4,0.0,0.0,0.0,0.0,0.0,0.0,0.0,0.0,0.0,0.0,0.0,0.0,0.0,0.0,0.0,0.0,0.0,0.0,0.0,0.0,0.0,0.0,0.0,0.0,0.0,0.0,0.0,0.0,0.0,0.0,0.0,0.0,0.0,0.0,0.0,0.0,0.0,0.0,0.0,0.0,0.0,0.0,0.0,0.0,0.0,0.0,0.0,0.0,0.0,0.0,0.0,0.0,0.0,0.0,0.0,0.0,0.0,0.0,0.0,0.0,0.0,0.0,0.0,0.0,0.0,0.0,0.0,0.0,0.0,0.0,0.0,0.0,0.0,0.0,0.0,0.0,0.0,0.0,0.0,0.0,0.0,0.0,0.0,0.0,0.0,0.0,0.0,0.0,0.0,0.0,0.0,0.0,0.0,0.0,0.0,0.0,0.0,0.0,0.0,0.0,0.0,0.0,0.0,0.0,0.0,0.0,0.0,0.0,0.9,0.9,0.9,0.9,0.9,3.898871374999999,0.0
nvbench2:test:676,676,qwen3:14b,staged,77,0.0,line,1.0,1.0,5,4,1,1.0,1.0,1.0,0.5,1.0,0.6666666666666666,1.0,0.5,1.0,0.6666666666666666,1.0,0.5,1.0,0.6666666666666666,1.0,0.5,1.0,0.6666666666666666,1.0,0.5,1.0,0.6666666666666666,1.0,0.5,1.0,0.6666666666666666,1.0,0.5,1.0,0.6666666666666666,1.0,0.5,1.0,0.6666666666666666,1.0,0.5,1.0,0.6666666666666666,1.0,0.5,1.0,0.6666666666666666,1.0,0.5,1.0,0.6666666666666666,1.0,0.5,1.0,0.6666666666666666,1.0,0.5,1.0,0.6666666666666666,1.0,0.5,1.0,0.6666666666666666,1.0,0.5,1.0,0.6666666666666666,1.0,0.5,1.0,0.6666666666666666,1.0,0.5,1.0,0.6666666666666666,1.0,0.5,1.0,0.6666666666666666,1.0,0.5,1.0,0.6666666666666666,1.0,0.5,1.0,0.6666666666666666,1.0,1.0,0.5,1.0,0.6666666666666666,1.0,0.5,1.0,0.6666666666666666,1.0,0.5,1.0,0.6666666666666666,1.0,1.0,0.5,1.0,0.6666666666666666,1.0,0.5,1.0,0.6666666666666666,1.0,0.5,1.0,0.6666666666666666,1.0,1.0,1.0,1.0,1.0,2.2821774579999783,0.0
nvbench2:test:677,677,qwen3:14b,staged,77,0.0,arc,1.0,1.0,5,4,1,0.0,0.0,0.0,0.0,0.0,0.0,0.0,0.0,0.0,0.0,0.0,0.0,0.0,0.0,0.0,0.0,0.0,0.0,0.0,0.0,0.0,0.0,0.0,0.0,0.0,0.0,0.0,0.0,0.0,0.0,0.0,0.0,0.0,0.0,0.0,0.0,0.0,0.0,0.0,0.0,0.0,0.0,0.0,0.0,0.0,0.0,0.0,0.0,0.0,0.0,0.0,0.0,0.0,0.0,0.0,0.0,0.0,0.0,0.0,0.0,0.0,0.0,0.0,0.0,0.0,0.0,0.0,0.0,0.0,0.0,0.0,0.0,0.0,0.0,0.0,0.0,0.0,0.0,0.0,0.0,0.0,0.0,0.0,0.0,0.0,0.0,0.0,0.0,0.0,0.0,0.0,0.0,0.0,0.0,0.0,0.0,0.0,0.0,0.0,0.0,0.0,0.0,0.0,0.0,0.0,0.0,0.0,0.0,0.6,0.6,0.6,0.6,0.6,2.1585916249999855,0.0
nvbench2:test:685,685,qwen3:14b,staged,77,0.0,point,0.0,0.0,6,6,0,0.0,0.0,0.0,0.0,0.0,0.0,0.0,0.0,0.0,0.0,0.0,0.0,0.0,0.0,0.0,0.0,0.0,0.0,0.0,0.0,0.0,0.0,0.0,0.0,0.0,0.0,0.0,0.0,0.0,0.0,0.0,0.0,0.0,0.0,0.0,0.0,0.0,0.0,0.0,0.0,0.0,0.0,0.0,0.0,0.0,0.0,0.0,0.0,0.0,0.0,0.0,0.0,0.0,0.0,0.0,0.0,0.0,0.0,0.0,0.0,0.0,0.0,0.0,0.0,0.0,0.0,0.0,0.0,0.0,0.0,0.0,0.0,0.0,0.0,0.0,0.0,0.0,0.0,0.0,0.0,0.0,0.0,0.0,0.0,0.0,0.0,0.0,0.0,0.0,0.0,0.0,0.0,0.0,0.0,0.0,0.0,0.0,0.0,0.0,0.0,0.0,0.0,0.0,0.0,0.0,0.0,0.0,0.0,0.0,0.0,0.0,0.0,0.0,0.0,0.0
nvbench2:test:687,687,qwen3:14b,staged,77,0.0,boxplot,1.0,1.0,3,1,2,0.0,0.0,0.0,0.0,0.0,0.0,0.0,0.0,0.0,0.0,0.0,0.0,0.0,0.0,0.0,0.0,0.0,0.0,0.0,0.0,0.0,0.0,0.0,0.0,0.0,0.0,0.0,0.0,0.0,0.0,0.0,0.0,0.0,0.0,0.0,0.0,0.0,0.0,0.0,0.0,0.0,0.0,0.0,0.0,0.0,0.0,0.0,0.0,0.0,0.0,0.0,0.0,0.0,0.0,0.0,0.0,0.0,0.0,0.0,0.0,0.0,0.0,0.0,0.0,0.0,0.0,0.0,0.0,0.0,0.0,0.0,0.0,0.0,0.0,0.0,0.0,0.0,0.0,0.0,0.0,0.0,0.0,0.0,0.0,0.0,0.0,0.0,0.0,0.0,0.0,0.0,0.0,0.0,0.0,0.0,0.0,0.0,0.0,0.0,0.0,0.0,0.0,0.0,0.0,0.0,0.0,0.0,0.0,0.9,0.6,0.9,0.6,0.9,2.232853667000029,0.0
nvbench2:test:688,688,qwen3:14b,staged,77,0.0,boxplot,1.0,1.0,10,4,6,0.0,0.0,0.0,0.0,0.0,0.0,0.0,0.0,0.0,0.0,0.0,0.0,0.0,0.0,0.0,0.0,0.0,0.0,0.0,0.0,0.0,0.0,0.0,0.0,0.0,0.0,0.0,0.0,0.0,0.0,0.0,0.0,0.0,0.0,0.0,0.0,0.0,0.0,0.0,0.0,0.0,0.0,0.0,0.0,0.0,0.0,0.0,0.0,0.0,0.0,0.0,0.0,0.0,0.0,0.0,0.0,0.0,0.0,0.0,0.0,0.0,0.0,0.0,0.0,0.0,0.0,0.0,0.0,0.0,0.0,0.0,0.0,0.0,0.0,0.0,0.0,0.0,0.0,0.0,0.0,0.0,0.0,0.0,0.0,0.0,0.0,0.0,0.0,0.0,0.0,0.0,0.0,0.0,0.0,0.0,0.0,0.0,0.0,0.0,0.0,0.0,0.0,0.0,0.0,0.0,0.0,0.0,0.0,0.6,0.4,0.6,0.4,0.6,3.318212208000034,0.0
nvbench2:test:695,695,qwen3:14b,staged,77,0.0,point,1.0,1.0,8,4,4,0.0,0.0,0.0,0.0,0.0,0.0,0.0,0.0,0.0,0.0,0.0,0.0,0.0,0.0,0.0,0.0,0.0,0.0,0.0,0.0,0.0,0.0,0.0,0.0,0.0,0.0,0.0,0.0,0.0,0.0,0.0,0.0,0.0,0.0,0.0,0.0,0.0,0.0,0.0,0.0,0.0,0.0,0.0,0.0,0.0,0.0,0.0,0.0,0.0,0.0,0.0,0.0,0.0,0.0,0.0,0.0,0.0,0.0,0.0,0.0,0.0,0.0,0.0,0.0,0.0,0.0,0.0,0.0,0.0,0.0,0.0,0.0,0.0,0.0,0.0,0.0,0.0,0.0,0.0,0.0,0.0,0.0,0.0,0.0,0.0,0.0,0.0,0.0,0.0,0.0,0.0,0.0,0.0,0.0,0.0,0.0,0.0,0.0,0.0,0.0,0.0,0.0,0.0,0.0,0.0,0.0,0.0,0.0,0.39999999999999997,0.3333333333333333,0.39999999999999997,0.3333333333333333,0.39999999999999997,2.9733138329999633,0.0
nvbench2:test:703,703,qwen3:14b,staged,77,0.0,arc,0.0,0.0,4,4,0,0.0,0.0,0.0,0.0,0.0,0.0,0.0,0.0,0.0,0.0,0.0,0.0,0.0,0.0,0.0,0.0,0.0,0.0,0.0,0.0,0.0,0.0,0.0,0.0,0.0,0.0,0.0,0.0,0.0,0.0,0.0,0.0,0.0,0.0,0.0,0.0,0.0,0.0,0.0,0.0,0.0,0.0,0.0,0.0,0.0,0.0,0.0,0.0,0.0,0.0,0.0,0.0,0.0,0.0,0.0,0.0,0.0,0.0,0.0,0.0,0.0,0.0,0.0,0.0,0.0,0.0,0.0,0.0,0.0,0.0,0.0,0.0,0.0,0.0,0.0,0.0,0.0,0.0,0.0,0.0,0.0,0.0,0.0,0.0,0.0,0.0,0.0,0.0,0.0,0.0,0.0,0.0,0.0,0.0,0.0,0.0,0.0,0.0,0.0,0.0,0.0,0.0,0.0,0.0,0.0,0.0,0.0,0.0,0.0,0.0,0.0,0.0,0.0,0.0,0.0
nvbench2:test:705,705,qwen3:14b,staged,77,0.0,arc,1.0,1.0,5,4,1,0.0,0.0,0.0,0.0,0.0,0.0,0.0,0.0,0.0,0.0,0.0,0.0,0.0,0.0,0.0,0.0,0.0,0.0,0.0,0.0,0.0,0.0,0.0,0.0,0.0,0.0,0.0,0.0,0.0,0.0,0.0,0.0,0.0,0.0,0.0,0.0,0.0,0.0,0.0,0.0,0.0,0.0,0.0,0.0,0.0,0.0,0.0,0.0,0.0,0.0,0.0,0.0,0.0,0.0,0.0,0.0,0.0,0.0,0.0,0.0,0.0,0.0,0.0,0.0,0.0,0.0,0.0,0.0,0.0,0.0,0.0,0.0,0.0,0.0,0.0,0.0,0.0,0.0,0.0,0.0,0.0,0.0,0.0,0.0,0.0,0.0,0.0,0.0,0.0,0.0,0.0,0.0,0.0,0.0,0.0,0.0,0.0,0.0,0.0,0.0,0.0,0.0,0.0,0.0,0.0,0.0,0.0,0.0,0.8333333333333333,0.8333333333333333,0.8333333333333333,0.8333333333333333,0.8333333333333333,2.133987582999964,0.0
nvbench2:test:707,707,qwen3:14b,staged,77,0.0,arc,1.0,1.0,6,3,3,1.0,1.0,1.0,0.25,1.0,0.4,1.0,0.25,0.5,0.3333333333333333,1.0,0.5,0.6666666666666666,0.5714285714285715,1.0,0.5,0.6666666666666666,0.5714285714285715,1.0,0.5,0.6666666666666666,0.5714285714285715,1.0,0.5,0.6666666666666666,0.5714285714285715,1.0,0.5,0.6666666666666666,0.5714285714285715,1.0,0.5,0.6666666666666666,0.5714285714285715,1.0,0.5,0.6666666666666666,0.5714285714285715,1.0,0.5,0.6666666666666666,0.5714285714285715,1.0,0.5,0.6666666666666666,0.5714285714285715,1.0,0.5,0.6666666666666666,0.5714285714285715,1.0,0.5,0.6666666666666666,0.5714285714285715,1.0,0.5,0.6666666666666666,0.5714285714285715,1.0,0.5,0.6666666666666666,0.5714285714285715,1.0,0.5,0.6666666666666666,0.5714285714285715,1.0,0.5,0.6666666666666666,0.5714285714285715,1.0,0.5,0.6666666666666666,0.5714285714285715,1.0,0.5,0.6666666666666666,0.5714285714285715,1.0,0.5,0.6666666666666666,0.5714285714285715,1.0,1.0,0.25,1.0,0.4,1.0,0.5,0.6666666666666666,0.5714285714285715,1.0,0.5,0.6666666666666666,0.5714285714285715,1.0,1.0,0.25,1.0,0.4,1.0,0.5,0.6666666666666666,0.5714285714285715,1.0,0.5,0.6666666666666666,0.5714285714285715,1.0,1.0,1.0,1.0,1.0,2.858754165999983,0.0
nvbench2:test:711,711,qwen3:14b,staged,77,0.0,boxplot,1.0,1.0,6,3,3,0.0,0.0,0.0,0.0,0.0,0.0,0.0,0.0,0.0,0.0,0.0,0.0,0.0,0.0,0.0,0.0,0.0,0.0,0.0,0.0,0.0,0.0,0.0,0.0,0.0,0.0,0.0,0.0,0.0,0.0,0.0,0.0,0.0,0.0,0.0,0.0,0.0,0.0,0.0,0.0,0.0,0.0,0.0,0.0,0.0,0.0,0.0,0.0,0.0,0.0,0.0,0.0,0.0,0.0,0.0,0.0,0.0,0.0,0.0,0.0,0.0,0.0,0.0,0.0,0.0,0.0,0.0,0.0,0.0,0.0,0.0,0.0,0.0,0.0,0.0,0.0,0.0,0.0,0.0,0.0,0.0,0.0,0.0,0.0,0.0,0.0,0.0,0.0,0.0,0.0,0.0,0.0,0.0,0.0,0.0,0.0,0.0,0.0,0.0,0.0,0.0,0.0,0.0,0.0,0.0,0.0,0.0,0.0,0.6,0.6,0.6,0.6,0.6,2.833182416999989,0.0
nvbench2:test:727,727,qwen3:14b,staged,77,0.0,bar,1.0,1.0,12,9,3,0.0,0.0,0.0,0.0,0.0,0.0,0.0,0.0,0.0,0.0,0.0,0.0,0.0,0.0,0.0,0.0,0.0,0.0,0.0,0.0,0.0,0.0,0.0,0.0,0.0,0.0,0.0,0.0,0.0,0.0,0.0,0.0,0.0,0.0,0.0,0.0,0.0,0.0,0.0,0.0,0.0,0.0,0.0,0.0,0.0,0.0,0.0,0.0,0.0,0.0,0.0,0.0,0.0,0.0,0.0,0.0,0.0,0.0,0.0,0.0,0.0,0.0,0.0,0.0,0.0,0.0,0.0,0.0,0.0,0.0,0.0,0.0,0.0,0.0,0.0,0.0,0.0,0.0,0.0,0.0,0.0,0.0,0.0,0.0,0.0,0.0,0.0,0.0,0.0,0.0,0.0,0.0,0.0,0.0,0.0,0.0,0.0,0.0,0.0,0.0,0.0,0.0,0.0,0.0,0.0,0.0,0.0,0.0,0.9199999999999999,0.44000000000000006,0.9199999999999999,0.9199999999999999,0.9199999999999999,2.694530167000039,0.0
nvbench2:test:730,730,qwen3:14b,staged,77,0.0,arc,0.0,0.0,6,6,0,0.0,0.0,0.0,0.0,0.0,0.0,0.0,0.0,0.0,0.0,0.0,0.0,0.0,0.0,0.0,0.0,0.0,0.0,0.0,0.0,0.0,0.0,0.0,0.0,0.0,0.0,0.0,0.0,0.0,0.0,0.0,0.0,0.0,0.0,0.0,0.0,0.0,0.0,0.0,0.0,0.0,0.0,0.0,0.0,0.0,0.0,0.0,0.0,0.0,0.0,0.0,0.0,0.0,0.0,0.0,0.0,0.0,0.0,0.0,0.0,0.0,0.0,0.0,0.0,0.0,0.0,0.0,0.0,0.0,0.0,0.0,0.0,0.0,0.0,0.0,0.0,0.0,0.0,0.0,0.0,0.0,0.0,0.0,0.0,0.0,0.0,0.0,0.0,0.0,0.0,0.0,0.0,0.0,0.0,0.0,0.0,0.0,0.0,0.0,0.0,0.0,0.0,0.0,0.0,0.0,0.0,0.0,0.0,0.0,0.0,0.0,0.0,0.0,0.0,0.0
nvbench2:test:731,731,qwen3:14b,staged,77,0.0,bar,1.0,1.0,4,2,2,0.0,0.0,0.0,0.0,0.0,0.0,0.0,0.0,0.0,0.0,0.0,0.0,0.0,0.0,0.0,0.0,0.0,0.0,0.0,0.0,0.0,0.0,0.0,0.0,0.0,0.0,0.0,0.0,0.0,0.0,0.0,0.0,0.0,0.0,0.0,0.0,0.0,0.0,0.0,0.0,0.0,0.0,0.0,0.0,0.0,0.0,0.0,0.0,0.0,0.0,0.0,0.0,0.0,0.0,0.0,0.0,0.0,0.0,0.0,0.0,0.0,0.0,0.0,0.0,0.0,0.0,0.0,0.0,0.0,0.0,0.0,0.0,0.0,0.0,0.0,0.0,0.0,0.0,0.0,0.0,0.0,0.0,0.0,0.0,0.0,0.0,0.0,0.0,0.0,0.0,0.0,0.0,0.0,0.0,0.0,0.0,0.0,0.0,0.0,0.0,0.0,0.0,0.0,0.0,0.0,0.0,0.0,0.0,0.72,0.72,0.72,0.72,0.72,2.4675388750000025,0.0
nvbench2:test:732,732,qwen3:14b,staged,77,0.0,boxplot,1.0,1.0,6,1,5,1.0,0.5,0.0,0.0,0.0,0.0,1.0,0.5,0.5,0.5,1.0,0.5,0.3333333333333333,0.4,1.0,0.5,0.25,0.3333333333333333,1.0,0.5,0.2,0.28571428571428575,1.0,0.5,0.2,0.28571428571428575,1.0,0.5,0.2,0.28571428571428575,1.0,0.5,0.2,0.28571428571428575,1.0,0.5,0.2,0.28571428571428575,1.0,0.5,0.2,0.28571428571428575,1.0,0.5,0.2,0.28571428571428575,1.0,0.5,0.2,0.28571428571428575,1.0,0.5,0.2,0.28571428571428575,1.0,0.5,0.2,0.28571428571428575,1.0,0.5,0.2,0.28571428571428575,1.0,0.5,0.2,0.28571428571428575,1.0,0.5,0.2,0.28571428571428575,1.0,0.5,0.2,0.28571428571428575,1.0,0.5,0.2,0.28571428571428575,1.0,0.5,0.2,0.28571428571428575,0.5,0.0,0.0,0.0,0.0,1.0,0.5,0.3333333333333333,0.4,1.0,0.5,0.2,0.28571428571428575,1.0,1.0,0.5,1.0,0.6666666666666666,1.0,0.5,0.3333333333333333,0.4,1.0,0.5,0.2,0.28571428571428575,1.0,0.8,1.0,1.0,1.0,3.057141042000012,1.0
nvbench2:test:736,736,qwen3:14b,staged,77,0.0,bar,1.0,1.0,5,4,1,0.0,0.0,0.0,0.0,0.0,0.0,0.0,0.0,0.0,0.0,0.0,0.0,0.0,0.0,0.0,0.0,0.0,0.0,0.0,0.0,0.0,0.0,0.0,0.0,0.0,0.0,0.0,0.0,0.0,0.0,0.0,0.0,0.0,0.0,0.0,0.0,0.0,0.0,0.0,0.0,0.0,0.0,0.0,0.0,0.0,0.0,0.0,0.0,0.0,0.0,0.0,0.0,0.0,0.0,0.0,0.0,0.0,0.0,0.0,0.0,0.0,0.0,0.0,0.0,0.0,0.0,0.0,0.0,0.0,0.0,0.0,0.0,0.0,0.0,0.0,0.0,0.0,0.0,0.0,0.0,0.0,0.0,0.0,0.0,0.0,0.0,0.0,0.0,0.0,0.0,0.0,0.0,0.0,0.0,0.0,0.0,0.0,0.0,0.0,0.0,0.0,0.0,0.0,0.0,0.0,0.0,0.0,0.0,0.5599999999999999,0.5599999999999999,0.5599999999999999,0.5599999999999999,0.5599999999999999,1.8305862079999997,0.0
nvbench2:test:737,737,qwen3:14b,staged,77,0.0,arc,1.0,1.0,4,3,1,0.0,0.0,0.0,0.0,0.0,0.0,0.0,0.0,0.0,0.0,0.0,0.0,0.0,0.0,0.0,0.0,0.0,0.0,0.0,0.0,0.0,0.0,0.0,0.0,0.0,0.0,0.0,0.0,0.0,0.0,0.0,0.0,0.0,0.0,0.0,0.0,0.0,0.0,0.0,0.0,0.0,0.0,0.0,0.0,0.0,0.0,0.0,0.0,0.0,0.0,0.0,0.0,0.0,0.0,0.0,0.0,0.0,0.0,0.0,0.0,0.0,0.0,0.0,0.0,0.0,0.0,0.0,0.0,0.0,0.0,0.0,0.0,0.0,0.0,0.0,0.0,0.0,0.0,0.0,0.0,0.0,0.0,0.0,0.0,0.0,0.0,0.0,0.0,0.0,0.0,0.0,0.0,0.0,0.0,0.0,0.0,0.0,0.0,0.0,0.0,0.0,0.0,0.0,0.0,0.0,0.0,0.0,0.0,0.8,0.8,0.8,0.8,0.8,2.0612975000000233,0.0
nvbench2:test:741,741,qwen3:14b,staged,77,0.0,boxplot,1.0,1.0,3,1,2,0.0,0.0,0.0,0.0,0.0,0.0,0.0,0.0,0.0,0.0,0.0,0.0,0.0,0.0,0.0,0.0,0.0,0.0,0.0,0.0,0.0,0.0,0.0,0.0,0.0,0.0,0.0,0.0,0.0,0.0,0.0,0.0,0.0,0.0,0.0,0.0,0.0,0.0,0.0,0.0,0.0,0.0,0.0,0.0,0.0,0.0,0.0,0.0,0.0,0.0,0.0,0.0,0.0,0.0,0.0,0.0,0.0,0.0,0.0,0.0,0.0,0.0,0.0,0.0,0.0,0.0,0.0,0.0,0.0,0.0,0.0,0.0,0.0,0.0,0.0,0.0,0.0,0.0,0.0,0.0,0.0,0.0,0.0,0.0,0.0,0.0,0.0,0.0,0.0,0.0,0.0,0.0,0.0,0.0,0.0,0.0,0.0,0.0,0.0,0.0,0.0,0.0,0.0,0.0,0.0,0.0,0.0,0.0,1.0,0.7,1.0,0.7,1.0,2.0383456249999767,0.0
nvbench2:test:745,745,qwen3:14b,staged,77,0.0,boxplot,1.0,1.0,8,4,4,0.0,0.0,0.0,0.0,0.0,0.0,0.0,0.0,0.0,0.0,0.0,0.0,0.0,0.0,0.0,0.0,0.0,0.0,0.0,0.0,0.0,0.0,0.0,0.0,0.0,0.0,0.0,0.0,0.0,0.0,0.0,0.0,0.0,0.0,0.0,0.0,0.0,0.0,0.0,0.0,0.0,0.0,0.0,0.0,0.0,0.0,0.0,0.0,0.0,0.0,0.0,0.0,0.0,0.0,0.0,0.0,0.0,0.0,0.0,0.0,0.0,0.0,0.0,0.0,0.0,0.0,0.0,0.0,0.0,0.0,0.0,0.0,0.0,0.0,0.0,0.0,0.0,0.0,0.0,0.0,0.0,0.0,0.0,0.0,0.0,0.0,0.0,0.0,0.0,0.0,0.0,0.0,0.0,0.0,0.0,0.0,0.0,0.0,0.0,0.0,0.0,0.0,0.0,0.0,0.0,0.0,0.0,0.0,0.8,0.3,0.8,0.8,0.8,3.071167624999987,0.0
