record_id,model,condition,gold_family,emitted_count,unique_count,done_reason,generated_tokens,token_limit_completion,emit_0,emit_1,emit_2,emit_3,emit_4,emit_5
nvbench2:dev:17,gemma3:27b,direct,line,4,4,stop,160,0.0,0.0,0.0,0.0,0.0,1.0,0.0
nvbench2:dev:22,gemma3:27b,direct,boxplot,2,2,stop,49,0.0,0.0,0.0,1.0,0.0,0.0,0.0
nvbench2:dev:23,gemma3:27b,direct,point,2,2,stop,72,0.0,0.0,0.0,1.0,0.0,0.0,0.0
nvbench2:dev:25,gemma3:27b,direct,rect,1,1,stop,76,0.0,0.0,1.0,0.0,0.0,0.0,0.0
nvbench2:dev:33,gemma3:27b,direct,arc,2,2,stop,56,0.0,0.0,0.0,1.0,0.0,0.0,0.0
nvbench2:dev:34,gemma3:27b,direct,point,2,2,stop,54,0.0,0.0,0.0,1.0,0.0,0.0,0.0
nvbench2:dev:35,gemma3:27b,direct,bar+line+point+rect,2,2,stop,83,0.0,0.0,0.0,1.0,0.0,0.0,0.0
nvbench2:dev:39,gemma3:27b,direct,arc,2,2,stop,49,0.0,0.0,0.0,1.0,0.0,0.0,0.0
nvbench2:dev:40,gemma3:27b,direct,rect,1,1,stop,40,0.0,0.0,1.0,0.0,0.0,0.0,0.0
nvbench2:dev:41,gemma3:27b,direct,arc,2,2,stop,47,0.0,0.0,0.0,1.0,0.0,0.0,0.0
nvbench2:dev:48,gemma3:27b,direct,arc,1,1,stop,31,0.0,0.0,1.0,0.0,0.0,0.0,0.0
nvbench2:dev:49,gemma3:27b,direct,line,1,1,stop,34,0.0,0.0,1.0,0.0,0.0,0.0,0.0
nvbench2:dev:51,gemma3:27b,direct,bar,3,3,stop,122,0.0,0.0,0.0,0.0,1.0,0.0,0.0
nvbench2:dev:54,gemma3:27b,direct,bar,2,2,stop,56,0.0,0.0,0.0,1.0,0.0,0.0,0.0
nvbench2:dev:57,gemma3:27b,direct,rect,1,1,stop,104,0.0,0.0,1.0,0.0,0.0,0.0,0.0
nvbench2:dev:61,gemma3:27b,direct,arc,1,1,stop,32,0.0,0.0,1.0,0.0,0.0,0.0,0.0
nvbench2:dev:63,gemma3:27b,direct,arc,3,3,stop,76,0.0,0.0,0.0,0.0,1.0,0.0,0.0
nvbench2:dev:68,gemma3:27b,direct,arc,2,2,stop,57,0.0,0.0,0.0,1.0,0.0,0.0,0.0
nvbench2:dev:72,gemma3:27b,direct,arc,3,3,stop,174,0.0,0.0,0.0,0.0,1.0,0.0,0.0
nvbench2:dev:73,gemma3:27b,direct,arc,3,3,stop,90,0.0,0.0,0.0,0.0,1.0,0.0,0.0
nvbench2:dev:76,gemma3:27b,direct,bar,4,4,stop,207,0.0,0.0,0.0,0.0,0.0,1.0,0.0
nvbench2:dev:83,gemma3:27b,direct,arc,2,2,stop,57,0.0,0.0,0.0,1.0,0.0,0.0,0.0
nvbench2:dev:84,gemma3:27b,direct,rect,3,3,stop,116,0.0,0.0,0.0,0.0,1.0,0.0,0.0
nvbench2:dev:89,gemma3:27b,direct,arc,2,2,stop,59,0.0,0.0,0.0,1.0,0.0,0.0,0.0
nvbench2:dev:92,gemma3:27b,direct,arc,2,2,stop,64,0.0,0.0,0.0,1.0,0.0,0.0,0.0
nvbench2:dev:97,gemma3:27b,direct,line,2,2,stop,110,0.0,0.0,0.0,1.0,0.0,0.0,0.0
nvbench2:dev:103,gemma3:27b,direct,boxplot,2,2,stop,56,0.0,0.0,0.0,1.0,0.0,0.0,0.0
nvbench2:dev:105,gemma3:27b,direct,arc,3,3,stop,83,0.0,0.0,0.0,0.0,1.0,0.0,0.0
nvbench2:dev:108,gemma3:27b,direct,boxplot,1,1,stop,25,0.0,0.0,1.0,0.0,0.0,0.0,0.0
nvbench2:dev:112,gemma3:27b,direct,boxplot,2,2,stop,138,0.0,0.0,0.0,1.0,0.0,0.0,0.0
nvbench2:dev:114,gemma3:27b,direct,line,3,3,stop,91,0.0,0.0,0.0,0.0,1.0,0.0,0.0
nvbench2:dev:116,gemma3:27b,direct,arc,4,4,stop,150,0.0,0.0,0.0,0.0,0.0,1.0,0.0
nvbench2:dev:118,gemma3:27b,direct,rect,2,2,stop,70,0.0,0.0,0.0,1.0,0.0,0.0,0.0
nvbench2:dev:127,gemma3:27b,direct,arc,2,2,stop,98,0.0,0.0,0.0,1.0,0.0,0.0,0.0
nvbench2:dev:136,gemma3:27b,direct,boxplot,1,1,stop,49,0.0,0.0,1.0,0.0,0.0,0.0,0.0
nvbench2:dev:138,gemma3:27b,direct,bar,2,2,stop,63,0.0,0.0,0.0,1.0,0.0,0.0,0.0
nvbench2:dev:139,gemma3:27b,direct,line,3,3,stop,88,0.0,0.0,0.0,0.0,1.0,0.0,0.0
nvbench2:dev:143,gemma3:27b,direct,rect,2,2,stop,65,0.0,0.0,0.0,1.0,0.0,0.0,0.0
nvbench2:dev:144,gemma3:27b,direct,bar,1,1,stop,25,0.0,0.0,1.0,0.0,0.0,0.0,0.0
nvbench2:dev:149,gemma3:27b,direct,point,2,2,stop,59,0.0,0.0,0.0,1.0,0.0,0.0,0.0
nvbench2:dev:157,gemma3:27b,direct,point,3,3,stop,81,0.0,0.0,0.0,0.0,1.0,0.0,0.0
nvbench2:dev:158,gemma3:27b,direct,point,2,2,stop,71,0.0,0.0,0.0,1.0,0.0,0.0,0.0
nvbench2:dev:165,gemma3:27b,direct,line,3,3,stop,186,0.0,0.0,0.0,0.0,1.0,0.0,0.0
nvbench2:dev:167,gemma3:27b,direct,bar,1,1,stop,66,0.0,0.0,1.0,0.0,0.0,0.0,0.0
nvbench2:dev:176,gemma3:27b,direct,line,2,2,stop,58,0.0,0.0,0.0,1.0,0.0,0.0,0.0
nvbench2:dev:182,gemma3:27b,direct,rect,2,2,stop,63,0.0,0.0,0.0,1.0,0.0,0.0,0.0
nvbench2:dev:188,gemma3:27b,direct,rect,2,2,stop,82,0.0,0.0,0.0,1.0,0.0,0.0,0.0
nvbench2:dev:191,gemma3:27b,direct,rect,1,1,stop,44,0.0,0.0,1.0,0.0,0.0,0.0,0.0
nvbench2:dev:203,gemma3:27b,direct,bar+line,3,3,stop,87,0.0,0.0,0.0,0.0,1.0,0.0,0.0
nvbench2:dev:214,gemma3:27b,direct,rect,1,1,stop,83,0.0,0.0,1.0,0.0,0.0,0.0,0.0
nvbench2:dev:223,gemma3:27b,direct,boxplot,2,2,stop,36,0.0,0.0,0.0,1.0,0.0,0.0,0.0
nvbench2:dev:228,gemma3:27b,direct,rect,2,2,stop,114,0.0,0.0,0.0,1.0,0.0,0.0,0.0
nvbench2:dev:232,gemma3:27b,direct,arc,1,1,stop,68,0.0,0.0,1.0,0.0,0.0,0.0,0.0
nvbench2:dev:245,gemma3:27b,direct,line,4,4,stop,126,0.0,0.0,0.0,0.0,0.0,1.0,0.0
nvbench2:dev:252,gemma3:27b,direct,rect,2,2,stop,81,0.0,0.0,0.0,1.0,0.0,0.0,0.0
nvbench2:dev:253,gemma3:27b,direct,arc+bar+line,3,3,stop,96,0.0,0.0,0.0,0.0,1.0,0.0,0.0
nvbench2:dev:255,gemma3:27b,direct,bar,2,2,stop,70,0.0,0.0,0.0,1.0,0.0,0.0,0.0
nvbench2:dev:256,gemma3:27b,direct,rect,5,5,stop,274,0.0,0.0,0.0,0.0,0.0,0.0,1.0
nvbench2:dev:259,gemma3:27b,direct,point,1,1,stop,32,0.0,0.0,1.0,0.0,0.0,0.0,0.0
nvbench2:dev:278,gemma3:27b,direct,arc,3,3,stop,78,0.0,0.0,0.0,0.0,1.0,0.0,0.0
nvbench2:dev:283,gemma3:27b,direct,rect,3,3,stop,176,0.0,0.0,0.0,0.0,1.0,0.0,0.0
nvbench2:dev:286,gemma3:27b,direct,bar,3,3,stop,70,0.0,0.0,0.0,0.0,1.0,0.0,0.0
nvbench2:dev:292,gemma3:27b,direct,rect,3,3,stop,146,0.0,0.0,0.0,0.0,1.0,0.0,0.0
nvbench2:dev:296,gemma3:27b,direct,bar,3,3,stop,92,0.0,0.0,0.0,0.0,1.0,0.0,0.0
nvbench2:dev:298,gemma3:27b,direct,bar,3,3,stop,101,0.0,0.0,0.0,0.0,1.0,0.0,0.0
nvbench2:dev:300,gemma3:27b,direct,arc,4,4,stop,154,0.0,0.0,0.0,0.0,0.0,1.0,0.0
nvbench2:dev:302,gemma3:27b,direct,rect,2,2,stop,80,0.0,0.0,0.0,1.0,0.0,0.0,0.0
nvbench2:dev:307,gemma3:27b,direct,rect,4,4,stop,228,0.0,0.0,0.0,0.0,0.0,1.0,0.0
nvbench2:dev:314,gemma3:27b,direct,arc,1,1,stop,43,0.0,0.0,1.0,0.0,0.0,0.0,0.0
nvbench2:dev:315,gemma3:27b,direct,bar,3,3,stop,121,0.0,0.0,0.0,0.0,1.0,0.0,0.0
nvbench2:dev:317,gemma3:27b,direct,rect,4,4,stop,204,0.0,0.0,0.0,0.0,0.0,1.0,0.0
nvbench2:dev:319,gemma3:27b,direct,boxplot,2,2,stop,68,0.0,0.0,0.0,1.0,0.0,0.0,0.0
nvbench2:dev:326,gemma3:27b,direct,rect,2,2,stop,62,0.0,0.0,0.0,1.0,0.0,0.0,0.0
nvbench2:dev:327,gemma3:27b,direct,boxplot,4,4,stop,77,0.0,0.0,0.0,0.0,0.0,1.0,0.0
nvbench2:dev:331,gemma3:27b,direct,bar,2,2,stop,62,0.0,0.0,0.0,1.0,0.0,0.0,0.0
nvbench2:dev:332,gemma3:27b,direct,arc,2,2,stop,68,0.0,0.0,0.0,1.0,0.0,0.0,0.0
nvbench2:dev:336,gemma3:27b,direct,arc,3,3,stop,83,0.0,0.0,0.0,0.0,1.0,0.0,0.0
nvbench2:dev:338,gemma3:27b,direct,rect,2,2,stop,80,0.0,0.0,0.0,1.0,0.0,0.0,0.0
nvbench2:dev:340,gemma3:27b,direct,rect,2,2,stop,56,0.0,0.0,0.0,1.0,0.0,0.0,0.0
nvbench2:dev:346,gemma3:27b,direct,bar+line+rect,3,3,stop,151,0.0,0.0,0.0,0.0,1.0,0.0,0.0
nvbench2:dev:358,gemma3:27b,direct,bar,3,3,stop,90,0.0,0.0,0.0,0.0,1.0,0.0,0.0
nvbench2:dev:362,gemma3:27b,direct,rect,3,3,stop,103,0.0,0.0,0.0,0.0,1.0,0.0,0.0
nvbench2:dev:367,gemma3:27b,direct,bar,2,2,stop,72,0.0,0.0,0.0,1.0,0.0,0.0,0.0
nvbench2:dev:381,gemma3:27b,direct,rect,2,2,stop,68,0.0,0.0,0.0,1.0,0.0,0.0,0.0
nvbench2:dev:383,gemma3:27b,direct,rect,2,2,stop,52,0.0,0.0,0.0,1.0,0.0,0.0,0.0
nvbench2:dev:384,gemma3:27b,direct,bar,2,2,stop,136,0.0,0.0,0.0,1.0,0.0,0.0,0.0
nvbench2:dev:388,gemma3:27b,direct,rect,3,3,stop,102,0.0,0.0,0.0,0.0,1.0,0.0,0.0
nvbench2:dev:394,gemma3:27b,direct,arc,2,2,stop,56,0.0,0.0,0.0,1.0,0.0,0.0,0.0
nvbench2:dev:398,gemma3:27b,direct,line,2,2,stop,48,0.0,0.0,0.0,1.0,0.0,0.0,0.0
nvbench2:dev:403,gemma3:27b,direct,point,5,5,stop,234,0.0,0.0,0.0,0.0,0.0,0.0,1.0
nvbench2:dev:405,gemma3:27b,direct,bar,3,3,stop,79,0.0,0.0,0.0,0.0,1.0,0.0,0.0
nvbench2:dev:421,gemma3:27b,direct,arc,1,1,stop,33,0.0,0.0,1.0,0.0,0.0,0.0,0.0
nvbench2:dev:422,gemma3:27b,direct,arc,4,4,stop,209,0.0,0.0,0.0,0.0,0.0,1.0,0.0
nvbench2:dev:436,gemma3:27b,direct,point,2,2,stop,52,0.0,0.0,0.0,1.0,0.0,0.0,0.0
nvbench2:dev:444,gemma3:27b,direct,point,5,5,stop,284,0.0,0.0,0.0,0.0,0.0,0.0,1.0
nvbench2:dev:445,gemma3:27b,direct,boxplot,1,1,stop,22,0.0,0.0,1.0,0.0,0.0,0.0,0.0
nvbench2:dev:455,gemma3:27b,direct,bar,2,2,stop,57,0.0,0.0,0.0,1.0,0.0,0.0,0.0
nvbench2:dev:457,gemma3:27b,direct,arc,2,2,stop,61,0.0,0.0,0.0,1.0,0.0,0.0,0.0
nvbench2:dev:462,gemma3:27b,direct,bar,2,2,stop,54,0.0,0.0,0.0,1.0,0.0,0.0,0.0
nvbench2:dev:463,gemma3:27b,direct,bar+line+point,3,3,stop,330,0.0,0.0,0.0,0.0,1.0,0.0,0.0
nvbench2:dev:465,gemma3:27b,direct,arc,1,1,stop,33,0.0,0.0,1.0,0.0,0.0,0.0,0.0
nvbench2:dev:470,gemma3:27b,direct,boxplot,2,2,stop,50,0.0,0.0,0.0,1.0,0.0,0.0,0.0
nvbench2:dev:475,gemma3:27b,direct,bar+line,2,2,stop,69,0.0,0.0,0.0,1.0,0.0,0.0,0.0
nvbench2:dev:485,gemma3:27b,direct,bar,2,2,stop,110,0.0,0.0,0.0,1.0,0.0,0.0,0.0
nvbench2:dev:492,gemma3:27b,direct,arc,2,2,stop,55,0.0,0.0,0.0,1.0,0.0,0.0,0.0
nvbench2:dev:495,gemma3:27b,direct,boxplot,2,2,stop,54,0.0,0.0,0.0,1.0,0.0,0.0,0.0
nvbench2:dev:498,gemma3:27b,direct,arc,2,2,stop,72,0.0,0.0,0.0,1.0,0.0,0.0,0.0
nvbench2:dev:499,gemma3:27b,direct,line,2,2,stop,66,0.0,0.0,0.0,1.0,0.0,0.0,0.0
nvbench2:dev:507,gemma3:27b,direct,rect,2,2,stop,75,0.0,0.0,0.0,1.0,0.0,0.0,0.0
nvbench2:dev:508,gemma3:27b,direct,arc,2,2,stop,66,0.0,0.0,0.0,1.0,0.0,0.0,0.0
nvbench2:dev:515,gemma3:27b,direct,line,2,2,stop,164,0.0,0.0,0.0,1.0,0.0,0.0,0.0
nvbench2:dev:531,gemma3:27b,direct,bar,3,3,stop,99,0.0,0.0,0.0,0.0,1.0,0.0,0.0
nvbench2:dev:538,gemma3:27b,direct,arc,2,2,stop,48,0.0,0.0,0.0,1.0,0.0,0.0,0.0
nvbench2:dev:540,gemma3:27b,direct,bar,2,2,stop,62,0.0,0.0,0.0,1.0,0.0,0.0,0.0
nvbench2:dev:551,gemma3:27b,direct,line,2,2,stop,65,0.0,0.0,0.0,1.0,0.0,0.0,0.0
nvbench2:dev:554,gemma3:27b,direct,point,1,1,stop,31,0.0,0.0,1.0,0.0,0.0,0.0,0.0
nvbench2:dev:562,gemma3:27b,direct,bar,1,1,stop,29,0.0,0.0,1.0,0.0,0.0,0.0,0.0
nvbench2:dev:568,gemma3:27b,direct,line,2,2,stop,68,0.0,0.0,0.0,1.0,0.0,0.0,0.0
nvbench2:dev:571,gemma3:27b,direct,rect,1,1,stop,131,0.0,0.0,1.0,0.0,0.0,0.0,0.0
nvbench2:dev:572,gemma3:27b,direct,bar,2,2,stop,66,0.0,0.0,0.0,1.0,0.0,0.0,0.0
nvbench2:dev:573,gemma3:27b,direct,point,3,3,stop,60,0.0,0.0,0.0,0.0,1.0,0.0,0.0
nvbench2:dev:603,gemma3:27b,direct,rect,2,2,stop,53,0.0,0.0,0.0,1.0,0.0,0.0,0.0
nvbench2:dev:605,gemma3:27b,direct,line,2,2,stop,70,0.0,0.0,0.0,1.0,0.0,0.0,0.0
nvbench2:dev:606,gemma3:27b,direct,bar,1,1,stop,27,0.0,0.0,1.0,0.0,0.0,0.0,0.0
nvbench2:dev:612,gemma3:27b,direct,arc,3,3,stop,71,0.0,0.0,0.0,0.0,1.0,0.0,0.0
nvbench2:dev:614,gemma3:27b,direct,bar,3,3,stop,131,0.0,0.0,0.0,0.0,1.0,0.0,0.0
nvbench2:dev:628,gemma3:27b,direct,rect,4,4,stop,358,0.0,0.0,0.0,0.0,0.0,1.0,0.0
nvbench2:dev:641,gemma3:27b,direct,rect,2,2,stop,94,0.0,0.0,0.0,1.0,0.0,0.0,0.0
nvbench2:dev:642,gemma3:27b,direct,line,2,2,stop,80,0.0,0.0,0.0,1.0,0.0,0.0,0.0
nvbench2:dev:644,gemma3:27b,direct,bar+line,3,3,stop,124,0.0,0.0,0.0,0.0,1.0,0.0,0.0
nvbench2:dev:647,gemma3:27b,direct,bar,2,2,stop,79,0.0,0.0,0.0,1.0,0.0,0.0,0.0
nvbench2:dev:651,gemma3:27b,direct,bar,4,4,stop,123,0.0,0.0,0.0,0.0,0.0,1.0,0.0
nvbench2:dev:655,gemma3:27b,direct,line,3,3,stop,151,0.0,0.0,0.0,0.0,1.0,0.0,0.0
nvbench2:dev:666,gemma3:27b,direct,line,2,2,stop,70,0.0,0.0,0.0,1.0,0.0,0.0,0.0
nvbench2:dev:672,gemma3:27b,direct,bar,2,2,stop,69,0.0,0.0,0.0,1.0,0.0,0.0,0.0
nvbench2:dev:675,gemma3:27b,direct,bar,3,3,stop,66,0.0,0.0,0.0,0.0,1.0,0.0,0.0
nvbench2:dev:681,gemma3:27b,direct,bar,3,3,stop,90,0.0,0.0,0.0,0.0,1.0,0.0,0.0
nvbench2:dev:683,gemma3:27b,direct,bar,4,4,stop,165,0.0,0.0,0.0,0.0,0.0,1.0,0.0
nvbench2:dev:684,gemma3:27b,direct,bar,3,3,stop,85,0.0,0.0,0.0,0.0,1.0,0.0,0.0
nvbench2:dev:713,gemma3:27b,direct,bar,3,3,stop,138,0.0,0.0,0.0,0.0,1.0,0.0,0.0
nvbench2:dev:715,gemma3:27b,direct,point,2,2,stop,69,0.0,0.0,0.0,1.0,0.0,0.0,0.0
nvbench2:dev:716,gemma3:27b,direct,boxplot,3,3,stop,71,0.0,0.0,0.0,0.0,1.0,0.0,0.0
nvbench2:dev:717,gemma3:27b,direct,boxplot,3,3,stop,53,0.0,0.0,0.0,0.0,1.0,0.0,0.0
nvbench2:dev:718,gemma3:27b,direct,boxplot,1,1,stop,22,0.0,0.0,1.0,0.0,0.0,0.0,0.0
nvbench2:dev:719,gemma3:27b,direct,arc,2,2,stop,65,0.0,0.0,0.0,1.0,0.0,0.0,0.0
nvbench2:dev:721,gemma3:27b,direct,boxplot,3,3,stop,127,0.0,0.0,0.0,0.0,1.0,0.0,0.0
nvbench2:dev:723,gemma3:27b,direct,boxplot,3,3,stop,57,0.0,0.0,0.0,0.0,1.0,0.0,0.0
nvbench2:dev:725,gemma3:27b,direct,boxplot,1,1,stop,27,0.0,0.0,1.0,0.0,0.0,0.0,0.0
nvbench2:dev:732,gemma3:27b,direct,bar+line+rect,2,2,stop,74,0.0,0.0,0.0,1.0,0.0,0.0,0.0
nvbench2:dev:733,gemma3:27b,direct,bar+line+rect,3,3,stop,99,0.0,0.0,0.0,0.0,1.0,0.0,0.0
nvbench2:dev:17,gemma3:27b,direct_rich,line,3,3,stop,130,0.0,0.0,0.0,0.0,1.0,0.0,0.0
nvbench2:dev:22,gemma3:27b,direct_rich,boxplot,1,1,stop,20,0.0,0.0,1.0,0.0,0.0,0.0,0.0
nvbench2:dev:23,gemma3:27b,direct_rich,point,2,2,stop,56,0.0,0.0,0.0,1.0,0.0,0.0,0.0
nvbench2:dev:25,gemma3:27b,direct_rich,rect,1,1,stop,63,0.0,0.0,1.0,0.0,0.0,0.0,0.0
nvbench2:dev:33,gemma3:27b,direct_rich,arc,3,3,stop,65,0.0,0.0,0.0,0.0,1.0,0.0,0.0
nvbench2:dev:34,gemma3:27b,direct_rich,point,1,1,stop,25,0.0,0.0,1.0,0.0,0.0,0.0,0.0
nvbench2:dev:35,gemma3:27b,direct_rich,bar+line+point+rect,2,2,stop,60,0.0,0.0,0.0,1.0,0.0,0.0,0.0
nvbench2:dev:39,gemma3:27b,direct_rich,arc,2,2,stop,42,0.0,0.0,0.0,1.0,0.0,0.0,0.0
nvbench2:dev:40,gemma3:27b,direct_rich,rect,1,1,stop,27,0.0,0.0,1.0,0.0,0.0,0.0,0.0
nvbench2:dev:41,gemma3:27b,direct_rich,arc,3,3,stop,74,0.0,0.0,0.0,0.0,1.0,0.0,0.0
nvbench2:dev:48,gemma3:27b,direct_rich,arc,2,2,stop,52,0.0,0.0,0.0,1.0,0.0,0.0,0.0
nvbench2:dev:49,gemma3:27b,direct_rich,line,2,2,stop,50,0.0,0.0,0.0,1.0,0.0,0.0,0.0
nvbench2:dev:51,gemma3:27b,direct_rich,bar,2,2,stop,81,0.0,0.0,0.0,1.0,0.0,0.0,0.0
nvbench2:dev:54,gemma3:27b,direct_rich,bar,1,1,stop,34,0.0,0.0,1.0,0.0,0.0,0.0,0.0
nvbench2:dev:57,gemma3:27b,direct_rich,rect,1,1,stop,35,0.0,0.0,1.0,0.0,0.0,0.0,0.0
nvbench2:dev:61,gemma3:27b,direct_rich,arc,2,2,stop,46,0.0,0.0,0.0,1.0,0.0,0.0,0.0
nvbench2:dev:63,gemma3:27b,direct_rich,arc,3,3,stop,74,0.0,0.0,0.0,0.0,1.0,0.0,0.0
nvbench2:dev:68,gemma3:27b,direct_rich,arc,3,3,stop,73,0.0,0.0,0.0,0.0,1.0,0.0,0.0
nvbench2:dev:72,gemma3:27b,direct_rich,arc,3,3,stop,158,0.0,0.0,0.0,0.0,1.0,0.0,0.0
nvbench2:dev:73,gemma3:27b,direct_rich,arc,3,3,stop,89,0.0,0.0,0.0,0.0,1.0,0.0,0.0
nvbench2:dev:76,gemma3:27b,direct_rich,bar,3,3,stop,102,0.0,0.0,0.0,0.0,1.0,0.0,0.0
nvbench2:dev:83,gemma3:27b,direct_rich,arc,2,2,stop,41,0.0,0.0,0.0,1.0,0.0,0.0,0.0
nvbench2:dev:84,gemma3:27b,direct_rich,rect,1,1,stop,34,0.0,0.0,1.0,0.0,0.0,0.0,0.0
nvbench2:dev:89,gemma3:27b,direct_rich,arc,2,2,stop,64,0.0,0.0,0.0,1.0,0.0,0.0,0.0
nvbench2:dev:92,gemma3:27b,direct_rich,arc,2,2,stop,46,0.0,0.0,0.0,1.0,0.0,0.0,0.0
nvbench2:dev:97,gemma3:27b,direct_rich,line,1,1,stop,52,0.0,0.0,1.0,0.0,0.0,0.0,0.0
nvbench2:dev:103,gemma3:27b,direct_rich,boxplot,1,1,stop,26,0.0,0.0,1.0,0.0,0.0,0.0,0.0
nvbench2:dev:105,gemma3:27b,direct_rich,arc,2,2,stop,39,0.0,0.0,0.0,1.0,0.0,0.0,0.0
nvbench2:dev:108,gemma3:27b,direct_rich,boxplot,1,1,stop,23,0.0,0.0,1.0,0.0,0.0,0.0,0.0
nvbench2:dev:112,gemma3:27b,direct_rich,boxplot,1,1,stop,29,0.0,0.0,1.0,0.0,0.0,0.0,0.0
nvbench2:dev:114,gemma3:27b,direct_rich,line,2,2,stop,59,0.0,0.0,0.0,1.0,0.0,0.0,0.0
nvbench2:dev:116,gemma3:27b,direct_rich,arc,2,2,stop,51,0.0,0.0,0.0,1.0,0.0,0.0,0.0
nvbench2:dev:118,gemma3:27b,direct_rich,rect,1,1,stop,59,0.0,0.0,1.0,0.0,0.0,0.0,0.0
nvbench2:dev:127,gemma3:27b,direct_rich,arc,2,2,stop,54,0.0,0.0,0.0,1.0,0.0,0.0,0.0
nvbench2:dev:136,gemma3:27b,direct_rich,boxplot,1,1,stop,32,0.0,0.0,1.0,0.0,0.0,0.0,0.0
nvbench2:dev:138,gemma3:27b,direct_rich,bar,2,2,stop,49,0.0,0.0,0.0,1.0,0.0,0.0,0.0
nvbench2:dev:139,gemma3:27b,direct_rich,line,2,2,stop,60,0.0,0.0,0.0,1.0,0.0,0.0,0.0
nvbench2:dev:143,gemma3:27b,direct_rich,rect,1,1,stop,29,0.0,0.0,1.0,0.0,0.0,0.0,0.0
nvbench2:dev:144,gemma3:27b,direct_rich,bar,1,1,stop,25,0.0,0.0,1.0,0.0,0.0,0.0,0.0
nvbench2:dev:149,gemma3:27b,direct_rich,point,3,3,stop,83,0.0,0.0,0.0,0.0,1.0,0.0,0.0
nvbench2:dev:157,gemma3:27b,direct_rich,point,2,2,stop,59,0.0,0.0,0.0,1.0,0.0,0.0,0.0
nvbench2:dev:158,gemma3:27b,direct_rich,point,1,1,stop,32,0.0,0.0,1.0,0.0,0.0,0.0,0.0
nvbench2:dev:165,gemma3:27b,direct_rich,line,3,3,stop,83,0.0,0.0,0.0,0.0,1.0,0.0,0.0
nvbench2:dev:167,gemma3:27b,direct_rich,bar,3,3,stop,164,0.0,0.0,0.0,0.0,1.0,0.0,0.0
nvbench2:dev:176,gemma3:27b,direct_rich,line,1,1,stop,30,0.0,0.0,1.0,0.0,0.0,0.0,0.0
nvbench2:dev:182,gemma3:27b,direct_rich,rect,1,1,stop,34,0.0,0.0,1.0,0.0,0.0,0.0,0.0
nvbench2:dev:188,gemma3:27b,direct_rich,rect,1,1,stop,36,0.0,0.0,1.0,0.0,0.0,0.0,0.0
nvbench2:dev:191,gemma3:27b,direct_rich,rect,1,1,stop,39,0.0,0.0,1.0,0.0,0.0,0.0,0.0
nvbench2:dev:203,gemma3:27b,direct_rich,bar+line,4,4,stop,97,0.0,0.0,0.0,0.0,0.0,1.0,0.0
nvbench2:dev:214,gemma3:27b,direct_rich,rect,1,1,stop,28,0.0,0.0,1.0,0.0,0.0,0.0,0.0
nvbench2:dev:223,gemma3:27b,direct_rich,boxplot,1,1,stop,19,0.0,0.0,1.0,0.0,0.0,0.0,0.0
nvbench2:dev:228,gemma3:27b,direct_rich,rect,2,2,stop,70,0.0,0.0,0.0,1.0,0.0,0.0,0.0
nvbench2:dev:232,gemma3:27b,direct_rich,arc,2,2,stop,67,0.0,0.0,0.0,1.0,0.0,0.0,0.0
nvbench2:dev:245,gemma3:27b,direct_rich,line,3,3,stop,128,0.0,0.0,0.0,0.0,1.0,0.0,0.0
nvbench2:dev:252,gemma3:27b,direct_rich,rect,2,2,stop,67,0.0,0.0,0.0,1.0,0.0,0.0,0.0
nvbench2:dev:253,gemma3:27b,direct_rich,arc+bar+line,3,3,stop,82,0.0,0.0,0.0,0.0,1.0,0.0,0.0
nvbench2:dev:255,gemma3:27b,direct_rich,bar,1,1,stop,34,0.0,0.0,1.0,0.0,0.0,0.0,0.0
nvbench2:dev:256,gemma3:27b,direct_rich,rect,2,2,stop,73,0.0,0.0,0.0,1.0,0.0,0.0,0.0
nvbench2:dev:259,gemma3:27b,direct_rich,point,4,4,stop,132,0.0,0.0,0.0,0.0,0.0,1.0,0.0
nvbench2:dev:278,gemma3:27b,direct_rich,arc,2,2,stop,52,0.0,0.0,0.0,1.0,0.0,0.0,0.0
nvbench2:dev:283,gemma3:27b,direct_rich,rect,4,4,stop,136,0.0,0.0,0.0,0.0,0.0,1.0,0.0
nvbench2:dev:286,gemma3:27b,direct_rich,bar,3,3,stop,70,0.0,0.0,0.0,0.0,1.0,0.0,0.0
nvbench2:dev:292,gemma3:27b,direct_rich,rect,1,1,stop,76,0.0,0.0,1.0,0.0,0.0,0.0,0.0
nvbench2:dev:296,gemma3:27b,direct_rich,bar,3,3,stop,88,0.0,0.0,0.0,0.0,1.0,0.0,0.0
nvbench2:dev:298,gemma3:27b,direct_rich,bar,2,2,stop,67,0.0,0.0,0.0,1.0,0.0,0.0,0.0
nvbench2:dev:300,gemma3:27b,direct_rich,arc,4,4,stop,132,0.0,0.0,0.0,0.0,0.0,1.0,0.0
nvbench2:dev:302,gemma3:27b,direct_rich,rect,3,3,stop,99,0.0,0.0,0.0,0.0,1.0,0.0,0.0
nvbench2:dev:307,gemma3:27b,direct_rich,rect,2,2,stop,154,0.0,0.0,0.0,1.0,0.0,0.0,0.0
nvbench2:dev:314,gemma3:27b,direct_rich,arc,3,3,stop,80,0.0,0.0,0.0,0.0,1.0,0.0,0.0
nvbench2:dev:315,gemma3:27b,direct_rich,bar,3,3,stop,95,0.0,0.0,0.0,0.0,1.0,0.0,0.0
nvbench2:dev:317,gemma3:27b,direct_rich,rect,4,4,stop,188,0.0,0.0,0.0,0.0,0.0,1.0,0.0
nvbench2:dev:319,gemma3:27b,direct_rich,boxplot,2,2,stop,56,0.0,0.0,0.0,1.0,0.0,0.0,0.0
nvbench2:dev:326,gemma3:27b,direct_rich,rect,2,2,stop,47,0.0,0.0,0.0,1.0,0.0,0.0,0.0
nvbench2:dev:327,gemma3:27b,direct_rich,boxplot,1,1,stop,17,0.0,0.0,1.0,0.0,0.0,0.0,0.0
nvbench2:dev:331,gemma3:27b,direct_rich,bar,2,2,stop,54,0.0,0.0,0.0,1.0,0.0,0.0,0.0
nvbench2:dev:332,gemma3:27b,direct_rich,arc,2,2,stop,60,0.0,0.0,0.0,1.0,0.0,0.0,0.0
nvbench2:dev:336,gemma3:27b,direct_rich,arc,3,3,stop,100,0.0,0.0,0.0,0.0,1.0,0.0,0.0
nvbench2:dev:338,gemma3:27b,direct_rich,rect,1,1,stop,29,0.0,0.0,1.0,0.0,0.0,0.0,0.0
nvbench2:dev:340,gemma3:27b,direct_rich,rect,1,1,stop,35,0.0,0.0,1.0,0.0,0.0,0.0,0.0
nvbench2:dev:346,gemma3:27b,direct_rich,bar+line+rect,1,1,stop,42,0.0,0.0,1.0,0.0,0.0,0.0,0.0
nvbench2:dev:358,gemma3:27b,direct_rich,bar,3,3,stop,87,0.0,0.0,0.0,0.0,1.0,0.0,0.0
nvbench2:dev:362,gemma3:27b,direct_rich,rect,1,1,stop,28,0.0,0.0,1.0,0.0,0.0,0.0,0.0
nvbench2:dev:367,gemma3:27b,direct_rich,bar,2,2,stop,62,0.0,0.0,0.0,1.0,0.0,0.0,0.0
nvbench2:dev:381,gemma3:27b,direct_rich,rect,2,2,stop,65,0.0,0.0,0.0,1.0,0.0,0.0,0.0
nvbench2:dev:383,gemma3:27b,direct_rich,rect,2,2,stop,54,0.0,0.0,0.0,1.0,0.0,0.0,0.0
nvbench2:dev:384,gemma3:27b,direct_rich,bar,1,1,stop,99,0.0,0.0,1.0,0.0,0.0,0.0,0.0
nvbench2:dev:388,gemma3:27b,direct_rich,rect,1,1,stop,28,0.0,0.0,1.0,0.0,0.0,0.0,0.0
nvbench2:dev:394,gemma3:27b,direct_rich,arc,1,1,stop,28,0.0,0.0,1.0,0.0,0.0,0.0,0.0
nvbench2:dev:398,gemma3:27b,direct_rich,line,1,1,stop,26,0.0,0.0,1.0,0.0,0.0,0.0,0.0
nvbench2:dev:403,gemma3:27b,direct_rich,point,4,4,stop,108,0.0,0.0,0.0,0.0,0.0,1.0,0.0
nvbench2:dev:405,gemma3:27b,direct_rich,bar,3,3,stop,73,0.0,0.0,0.0,0.0,1.0,0.0,0.0
nvbench2:dev:421,gemma3:27b,direct_rich,arc,1,1,stop,70,0.0,0.0,1.0,0.0,0.0,0.0,0.0
nvbench2:dev:422,gemma3:27b,direct_rich,arc,3,3,stop,76,0.0,0.0,0.0,0.0,1.0,0.0,0.0
nvbench2:dev:436,gemma3:27b,direct_rich,point,2,2,stop,52,0.0,0.0,0.0,1.0,0.0,0.0,0.0
nvbench2:dev:444,gemma3:27b,direct_rich,point,3,3,stop,177,0.0,0.0,0.0,0.0,1.0,0.0,0.0
nvbench2:dev:445,gemma3:27b,direct_rich,boxplot,3,3,stop,59,0.0,0.0,0.0,0.0,1.0,0.0,0.0
nvbench2:dev:455,gemma3:27b,direct_rich,bar,3,3,stop,69,0.0,0.0,0.0,0.0,1.0,0.0,0.0
nvbench2:dev:457,gemma3:27b,direct_rich,arc,2,2,stop,57,0.0,0.0,0.0,1.0,0.0,0.0,0.0
nvbench2:dev:462,gemma3:27b,direct_rich,bar,2,2,stop,46,0.0,0.0,0.0,1.0,0.0,0.0,0.0
nvbench2:dev:463,gemma3:27b,direct_rich,bar+line+point,3,3,stop,99,0.0,0.0,0.0,0.0,1.0,0.0,0.0
nvbench2:dev:465,gemma3:27b,direct_rich,arc,3,3,stop,51,0.0,0.0,0.0,0.0,1.0,0.0,0.0
nvbench2:dev:470,gemma3:27b,direct_rich,boxplot,1,1,stop,25,0.0,0.0,1.0,0.0,0.0,0.0,0.0
nvbench2:dev:475,gemma3:27b,direct_rich,bar+line,4,4,stop,141,0.0,0.0,0.0,0.0,0.0,1.0,0.0
nvbench2:dev:485,gemma3:27b,direct_rich,bar,5,5,stop,251,0.0,0.0,0.0,0.0,0.0,0.0,1.0
nvbench2:dev:492,gemma3:27b,direct_rich,arc,3,3,stop,80,0.0,0.0,0.0,0.0,1.0,0.0,0.0
nvbench2:dev:495,gemma3:27b,direct_rich,boxplot,1,1,stop,28,0.0,0.0,1.0,0.0,0.0,0.0,0.0
nvbench2:dev:498,gemma3:27b,direct_rich,arc,4,4,stop,117,0.0,0.0,0.0,0.0,0.0,1.0,0.0
nvbench2:dev:499,gemma3:27b,direct_rich,line,2,2,stop,44,0.0,0.0,0.0,1.0,0.0,0.0,0.0
nvbench2:dev:507,gemma3:27b,direct_rich,rect,3,3,stop,121,0.0,0.0,0.0,0.0,1.0,0.0,0.0
nvbench2:dev:508,gemma3:27b,direct_rich,arc,2,2,stop,54,0.0,0.0,0.0,1.0,0.0,0.0,0.0
nvbench2:dev:515,gemma3:27b,direct_rich,line,2,2,stop,62,0.0,0.0,0.0,1.0,0.0,0.0,0.0
nvbench2:dev:531,gemma3:27b,direct_rich,bar,3,3,stop,88,0.0,0.0,0.0,0.0,1.0,0.0,0.0
nvbench2:dev:538,gemma3:27b,direct_rich,arc,1,1,stop,18,0.0,0.0,1.0,0.0,0.0,0.0,0.0
nvbench2:dev:540,gemma3:27b,direct_rich,bar,1,1,stop,28,0.0,0.0,1.0,0.0,0.0,0.0,0.0
nvbench2:dev:551,gemma3:27b,direct_rich,line,2,2,stop,68,0.0,0.0,0.0,1.0,0.0,0.0,0.0
nvbench2:dev:554,gemma3:27b,direct_rich,point,1,1,stop,26,0.0,0.0,1.0,0.0,0.0,0.0,0.0
nvbench2:dev:562,gemma3:27b,direct_rich,bar,2,2,stop,48,0.0,0.0,0.0,1.0,0.0,0.0,0.0
nvbench2:dev:568,gemma3:27b,direct_rich,line,2,2,stop,60,0.0,0.0,0.0,1.0,0.0,0.0,0.0
nvbench2:dev:571,gemma3:27b,direct_rich,rect,1,1,stop,61,0.0,0.0,1.0,0.0,0.0,0.0,0.0
nvbench2:dev:572,gemma3:27b,direct_rich,bar,2,2,stop,71,0.0,0.0,0.0,1.0,0.0,0.0,0.0
nvbench2:dev:573,gemma3:27b,direct_rich,point,2,2,stop,41,0.0,0.0,0.0,1.0,0.0,0.0,0.0
nvbench2:dev:603,gemma3:27b,direct_rich,rect,2,2,stop,63,0.0,0.0,0.0,1.0,0.0,0.0,0.0
nvbench2:dev:605,gemma3:27b,direct_rich,line,2,2,stop,70,0.0,0.0,0.0,1.0,0.0,0.0,0.0
nvbench2:dev:606,gemma3:27b,direct_rich,bar,2,2,stop,54,0.0,0.0,0.0,1.0,0.0,0.0,0.0
nvbench2:dev:612,gemma3:27b,direct_rich,arc,3,3,stop,71,0.0,0.0,0.0,0.0,1.0,0.0,0.0
nvbench2:dev:614,gemma3:27b,direct_rich,bar,3,3,stop,118,0.0,0.0,0.0,0.0,1.0,0.0,0.0
nvbench2:dev:628,gemma3:27b,direct_rich,rect,1,1,stop,65,0.0,0.0,1.0,0.0,0.0,0.0,0.0
nvbench2:dev:641,gemma3:27b,direct_rich,rect,1,1,stop,33,0.0,0.0,1.0,0.0,0.0,0.0,0.0
nvbench2:dev:642,gemma3:27b,direct_rich,line,2,2,stop,71,0.0,0.0,0.0,1.0,0.0,0.0,0.0
nvbench2:dev:644,gemma3:27b,direct_rich,bar+line,3,3,stop,115,0.0,0.0,0.0,0.0,1.0,0.0,0.0
nvbench2:dev:647,gemma3:27b,direct_rich,bar,2,2,stop,69,0.0,0.0,0.0,1.0,0.0,0.0,0.0
nvbench2:dev:651,gemma3:27b,direct_rich,bar,4,4,stop,109,0.0,0.0,0.0,0.0,0.0,1.0,0.0
nvbench2:dev:655,gemma3:27b,direct_rich,line,3,3,stop,113,0.0,0.0,0.0,0.0,1.0,0.0,0.0
nvbench2:dev:666,gemma3:27b,direct_rich,line,2,2,stop,64,0.0,0.0,0.0,1.0,0.0,0.0,0.0
nvbench2:dev:672,gemma3:27b,direct_rich,bar,3,3,stop,87,0.0,0.0,0.0,0.0,1.0,0.0,0.0
nvbench2:dev:675,gemma3:27b,direct_rich,bar,2,2,stop,64,0.0,0.0,0.0,1.0,0.0,0.0,0.0
nvbench2:dev:681,gemma3:27b,direct_rich,bar,3,3,stop,79,0.0,0.0,0.0,0.0,1.0,0.0,0.0
nvbench2:dev:683,gemma3:27b,direct_rich,bar,3,3,stop,92,0.0,0.0,0.0,0.0,1.0,0.0,0.0
nvbench2:dev:684,gemma3:27b,direct_rich,bar,3,3,stop,84,0.0,0.0,0.0,0.0,1.0,0.0,0.0
nvbench2:dev:713,gemma3:27b,direct_rich,bar,4,4,stop,147,0.0,0.0,0.0,0.0,0.0,1.0,0.0
nvbench2:dev:715,gemma3:27b,direct_rich,point,2,2,stop,58,0.0,0.0,0.0,1.0,0.0,0.0,0.0
nvbench2:dev:716,gemma3:27b,direct_rich,boxplot,3,3,stop,71,0.0,0.0,0.0,0.0,1.0,0.0,0.0
nvbench2:dev:717,gemma3:27b,direct_rich,boxplot,1,1,stop,18,0.0,0.0,1.0,0.0,0.0,0.0,0.0
nvbench2:dev:718,gemma3:27b,direct_rich,boxplot,3,3,stop,58,0.0,0.0,0.0,0.0,1.0,0.0,0.0
nvbench2:dev:719,gemma3:27b,direct_rich,arc,2,2,stop,57,0.0,0.0,0.0,1.0,0.0,0.0,0.0
nvbench2:dev:721,gemma3:27b,direct_rich,boxplot,3,3,stop,69,0.0,0.0,0.0,0.0,1.0,0.0,0.0
nvbench2:dev:723,gemma3:27b,direct_rich,boxplot,1,1,stop,17,0.0,0.0,1.0,0.0,0.0,0.0,0.0
nvbench2:dev:725,gemma3:27b,direct_rich,boxplot,2,2,stop,50,0.0,0.0,0.0,1.0,0.0,0.0,0.0
nvbench2:dev:732,gemma3:27b,direct_rich,bar+line+rect,2,2,stop,59,0.0,0.0,0.0,1.0,0.0,0.0,0.0
nvbench2:dev:733,gemma3:27b,direct_rich,bar+line+rect,4,4,stop,124,0.0,0.0,0.0,0.0,0.0,1.0,0.0
nvbench2:dev:17,gemma3:27b,staged,line,2,2,stop,621,0.0,0.0,0.0,1.0,0.0,0.0,0.0
nvbench2:dev:22,gemma3:27b,staged,boxplot,1,1,stop,456,0.0,0.0,1.0,0.0,0.0,0.0,0.0
nvbench2:dev:23,gemma3:27b,staged,point,1,1,stop,485,0.0,0.0,1.0,0.0,0.0,0.0,0.0
nvbench2:dev:25,gemma3:27b,staged,rect,1,1,stop,564,0.0,0.0,1.0,0.0,0.0,0.0,0.0
nvbench2:dev:33,gemma3:27b,staged,arc,1,1,stop,554,0.0,0.0,1.0,0.0,0.0,0.0,0.0
nvbench2:dev:34,gemma3:27b,staged,point,1,1,stop,480,0.0,0.0,1.0,0.0,0.0,0.0,0.0
nvbench2:dev:35,gemma3:27b,staged,bar+line+point+rect,1,1,stop,521,0.0,0.0,1.0,0.0,0.0,0.0,0.0
nvbench2:dev:39,gemma3:27b,staged,arc,1,1,stop,582,0.0,0.0,1.0,0.0,0.0,0.0,0.0
nvbench2:dev:40,gemma3:27b,staged,rect,1,1,stop,526,0.0,0.0,1.0,0.0,0.0,0.0,0.0
nvbench2:dev:41,gemma3:27b,staged,arc,1,1,stop,455,0.0,0.0,1.0,0.0,0.0,0.0,0.0
nvbench2:dev:48,gemma3:27b,staged,arc,1,1,stop,448,0.0,0.0,1.0,0.0,0.0,0.0,0.0
nvbench2:dev:49,gemma3:27b,staged,line,1,1,stop,472,0.0,0.0,1.0,0.0,0.0,0.0,0.0
nvbench2:dev:51,gemma3:27b,staged,bar,1,1,stop,597,0.0,0.0,1.0,0.0,0.0,0.0,0.0
nvbench2:dev:54,gemma3:27b,staged,bar,1,1,stop,580,0.0,0.0,1.0,0.0,0.0,0.0,0.0
nvbench2:dev:57,gemma3:27b,staged,rect,1,1,stop,527,0.0,0.0,1.0,0.0,0.0,0.0,0.0
nvbench2:dev:61,gemma3:27b,staged,arc,1,1,stop,470,0.0,0.0,1.0,0.0,0.0,0.0,0.0
nvbench2:dev:63,gemma3:27b,staged,arc,3,3,stop,600,0.0,0.0,0.0,0.0,1.0,0.0,0.0
nvbench2:dev:68,gemma3:27b,staged,arc,1,1,stop,687,0.0,0.0,1.0,0.0,0.0,0.0,0.0
nvbench2:dev:72,gemma3:27b,staged,arc,1,1,stop,563,0.0,0.0,1.0,0.0,0.0,0.0,0.0
nvbench2:dev:73,gemma3:27b,staged,arc,1,1,stop,521,0.0,0.0,1.0,0.0,0.0,0.0,0.0
nvbench2:dev:76,gemma3:27b,staged,bar,1,1,stop,572,0.0,0.0,1.0,0.0,0.0,0.0,0.0
nvbench2:dev:83,gemma3:27b,staged,arc,1,1,stop,455,0.0,0.0,1.0,0.0,0.0,0.0,0.0
nvbench2:dev:84,gemma3:27b,staged,rect,1,1,stop,543,0.0,0.0,1.0,0.0,0.0,0.0,0.0
nvbench2:dev:89,gemma3:27b,staged,arc,2,2,stop,625,0.0,0.0,0.0,1.0,0.0,0.0,0.0
nvbench2:dev:92,gemma3:27b,staged,arc,1,1,stop,543,0.0,0.0,1.0,0.0,0.0,0.0,0.0
nvbench2:dev:97,gemma3:27b,staged,line,1,1,stop,554,0.0,0.0,1.0,0.0,0.0,0.0,0.0
nvbench2:dev:103,gemma3:27b,staged,boxplot,1,1,stop,480,0.0,0.0,1.0,0.0,0.0,0.0,0.0
nvbench2:dev:105,gemma3:27b,staged,arc,1,1,stop,495,0.0,0.0,1.0,0.0,0.0,0.0,0.0
nvbench2:dev:108,gemma3:27b,staged,boxplot,1,1,stop,472,0.0,0.0,1.0,0.0,0.0,0.0,0.0
nvbench2:dev:112,gemma3:27b,staged,boxplot,1,1,stop,565,0.0,0.0,1.0,0.0,0.0,0.0,0.0
nvbench2:dev:114,gemma3:27b,staged,line,3,3,stop,866,0.0,0.0,0.0,0.0,1.0,0.0,0.0
nvbench2:dev:116,gemma3:27b,staged,arc,1,1,stop,545,0.0,0.0,1.0,0.0,0.0,0.0,0.0
nvbench2:dev:118,gemma3:27b,staged,rect,1,1,stop,484,0.0,0.0,1.0,0.0,0.0,0.0,0.0
nvbench2:dev:127,gemma3:27b,staged,arc,2,2,stop,575,0.0,0.0,0.0,1.0,0.0,0.0,0.0
nvbench2:dev:136,gemma3:27b,staged,boxplot,1,1,stop,506,0.0,0.0,1.0,0.0,0.0,0.0,0.0
nvbench2:dev:138,gemma3:27b,staged,bar,1,1,stop,532,0.0,0.0,1.0,0.0,0.0,0.0,0.0
nvbench2:dev:139,gemma3:27b,staged,line,1,1,stop,497,0.0,0.0,1.0,0.0,0.0,0.0,0.0
nvbench2:dev:143,gemma3:27b,staged,rect,1,1,stop,582,0.0,0.0,1.0,0.0,0.0,0.0,0.0
nvbench2:dev:144,gemma3:27b,staged,bar,1,1,stop,458,0.0,0.0,1.0,0.0,0.0,0.0,0.0
nvbench2:dev:149,gemma3:27b,staged,point,1,1,stop,486,0.0,0.0,1.0,0.0,0.0,0.0,0.0
nvbench2:dev:157,gemma3:27b,staged,point,1,1,stop,453,0.0,0.0,1.0,0.0,0.0,0.0,0.0
nvbench2:dev:158,gemma3:27b,staged,point,1,1,stop,544,0.0,0.0,1.0,0.0,0.0,0.0,0.0
nvbench2:dev:165,gemma3:27b,staged,line,1,1,stop,695,0.0,0.0,1.0,0.0,0.0,0.0,0.0
nvbench2:dev:167,gemma3:27b,staged,bar,1,1,stop,547,0.0,0.0,1.0,0.0,0.0,0.0,0.0
nvbench2:dev:176,gemma3:27b,staged,line,1,1,stop,496,0.0,0.0,1.0,0.0,0.0,0.0,0.0
nvbench2:dev:182,gemma3:27b,staged,rect,1,1,stop,785,0.0,0.0,1.0,0.0,0.0,0.0,0.0
nvbench2:dev:188,gemma3:27b,staged,rect,1,1,stop,599,0.0,0.0,1.0,0.0,0.0,0.0,0.0
nvbench2:dev:191,gemma3:27b,staged,rect,1,1,stop,539,0.0,0.0,1.0,0.0,0.0,0.0,0.0
nvbench2:dev:203,gemma3:27b,staged,bar+line,2,2,stop,565,0.0,0.0,0.0,1.0,0.0,0.0,0.0
nvbench2:dev:214,gemma3:27b,staged,rect,1,1,stop,510,0.0,0.0,1.0,0.0,0.0,0.0,0.0
nvbench2:dev:223,gemma3:27b,staged,boxplot,1,1,stop,443,0.0,0.0,1.0,0.0,0.0,0.0,0.0
nvbench2:dev:228,gemma3:27b,staged,rect,2,2,stop,652,0.0,0.0,0.0,1.0,0.0,0.0,0.0
nvbench2:dev:232,gemma3:27b,staged,arc,1,1,stop,474,0.0,0.0,1.0,0.0,0.0,0.0,0.0
nvbench2:dev:245,gemma3:27b,staged,line,1,1,stop,528,0.0,0.0,1.0,0.0,0.0,0.0,0.0
nvbench2:dev:252,gemma3:27b,staged,rect,1,1,stop,660,0.0,0.0,1.0,0.0,0.0,0.0,0.0
nvbench2:dev:253,gemma3:27b,staged,arc+bar+line,3,3,stop,584,0.0,0.0,0.0,0.0,1.0,0.0,0.0
nvbench2:dev:255,gemma3:27b,staged,bar,1,1,stop,551,0.0,0.0,1.0,0.0,0.0,0.0,0.0
nvbench2:dev:256,gemma3:27b,staged,rect,1,1,stop,623,0.0,0.0,1.0,0.0,0.0,0.0,0.0
nvbench2:dev:259,gemma3:27b,staged,point,1,1,stop,465,0.0,0.0,1.0,0.0,0.0,0.0,0.0
nvbench2:dev:278,gemma3:27b,staged,arc,1,1,stop,456,0.0,0.0,1.0,0.0,0.0,0.0,0.0
nvbench2:dev:283,gemma3:27b,staged,rect,2,2,stop,785,0.0,0.0,0.0,1.0,0.0,0.0,0.0
nvbench2:dev:286,gemma3:27b,staged,bar,1,1,stop,443,0.0,0.0,1.0,0.0,0.0,0.0,0.0
nvbench2:dev:292,gemma3:27b,staged,rect,1,1,stop,736,0.0,0.0,1.0,0.0,0.0,0.0,0.0
nvbench2:dev:296,gemma3:27b,staged,bar,1,1,stop,495,0.0,0.0,1.0,0.0,0.0,0.0,0.0
nvbench2:dev:298,gemma3:27b,staged,bar,1,1,stop,507,0.0,0.0,1.0,0.0,0.0,0.0,0.0
nvbench2:dev:300,gemma3:27b,staged,arc,5,5,stop,750,0.0,0.0,0.0,0.0,0.0,0.0,1.0
nvbench2:dev:302,gemma3:27b,staged,rect,1,1,stop,583,0.0,0.0,1.0,0.0,0.0,0.0,0.0
nvbench2:dev:307,gemma3:27b,staged,rect,1,1,stop,720,0.0,0.0,1.0,0.0,0.0,0.0,0.0
nvbench2:dev:314,gemma3:27b,staged,arc,1,1,stop,510,0.0,0.0,1.0,0.0,0.0,0.0,0.0
nvbench2:dev:315,gemma3:27b,staged,bar,1,1,stop,601,0.0,0.0,1.0,0.0,0.0,0.0,0.0
nvbench2:dev:317,gemma3:27b,staged,rect,1,1,stop,669,0.0,0.0,1.0,0.0,0.0,0.0,0.0
nvbench2:dev:319,gemma3:27b,staged,boxplot,1,1,stop,524,0.0,0.0,1.0,0.0,0.0,0.0,0.0
nvbench2:dev:326,gemma3:27b,staged,rect,1,1,stop,586,0.0,0.0,1.0,0.0,0.0,0.0,0.0
nvbench2:dev:327,gemma3:27b,staged,boxplot,1,1,stop,428,0.0,0.0,1.0,0.0,0.0,0.0,0.0
nvbench2:dev:331,gemma3:27b,staged,bar,1,1,stop,590,0.0,0.0,1.0,0.0,0.0,0.0,0.0
nvbench2:dev:332,gemma3:27b,staged,arc,1,1,stop,508,0.0,0.0,1.0,0.0,0.0,0.0,0.0
nvbench2:dev:336,gemma3:27b,staged,arc,1,1,stop,464,0.0,0.0,1.0,0.0,0.0,0.0,0.0
nvbench2:dev:338,gemma3:27b,staged,rect,1,1,stop,497,0.0,0.0,1.0,0.0,0.0,0.0,0.0
nvbench2:dev:340,gemma3:27b,staged,rect,1,1,stop,507,0.0,0.0,1.0,0.0,0.0,0.0,0.0
nvbench2:dev:346,gemma3:27b,staged,bar+line+rect,1,1,stop,608,0.0,0.0,1.0,0.0,0.0,0.0,0.0
nvbench2:dev:358,gemma3:27b,staged,bar,1,1,stop,510,0.0,0.0,1.0,0.0,0.0,0.0,0.0
nvbench2:dev:362,gemma3:27b,staged,rect,1,1,stop,544,0.0,0.0,1.0,0.0,0.0,0.0,0.0
nvbench2:dev:367,gemma3:27b,staged,bar,1,1,stop,496,0.0,0.0,1.0,0.0,0.0,0.0,0.0
nvbench2:dev:381,gemma3:27b,staged,rect,1,1,stop,517,0.0,0.0,1.0,0.0,0.0,0.0,0.0
nvbench2:dev:383,gemma3:27b,staged,rect,1,1,stop,519,0.0,0.0,1.0,0.0,0.0,0.0,0.0
nvbench2:dev:384,gemma3:27b,staged,bar,1,1,stop,550,0.0,0.0,1.0,0.0,0.0,0.0,0.0
nvbench2:dev:388,gemma3:27b,staged,rect,1,1,stop,574,0.0,0.0,1.0,0.0,0.0,0.0,0.0
nvbench2:dev:394,gemma3:27b,staged,arc,1,1,stop,514,0.0,0.0,1.0,0.0,0.0,0.0,0.0
nvbench2:dev:398,gemma3:27b,staged,line,1,1,stop,452,0.0,0.0,1.0,0.0,0.0,0.0,0.0
nvbench2:dev:403,gemma3:27b,staged,point,1,1,stop,478,0.0,0.0,1.0,0.0,0.0,0.0,0.0
nvbench2:dev:405,gemma3:27b,staged,bar,1,1,stop,442,0.0,0.0,1.0,0.0,0.0,0.0,0.0
nvbench2:dev:421,gemma3:27b,staged,arc,1,1,stop,508,0.0,0.0,1.0,0.0,0.0,0.0,0.0
nvbench2:dev:422,gemma3:27b,staged,arc,1,1,stop,532,0.0,0.0,1.0,0.0,0.0,0.0,0.0
nvbench2:dev:436,gemma3:27b,staged,point,1,1,stop,495,0.0,0.0,1.0,0.0,0.0,0.0,0.0
nvbench2:dev:444,gemma3:27b,staged,point,1,1,stop,629,0.0,0.0,1.0,0.0,0.0,0.0,0.0
nvbench2:dev:445,gemma3:27b,staged,boxplot,1,1,stop,476,0.0,0.0,1.0,0.0,0.0,0.0,0.0
nvbench2:dev:455,gemma3:27b,staged,bar,1,1,stop,508,0.0,0.0,1.0,0.0,0.0,0.0,0.0
nvbench2:dev:457,gemma3:27b,staged,arc,1,1,stop,476,0.0,0.0,1.0,0.0,0.0,0.0,0.0
nvbench2:dev:462,gemma3:27b,staged,bar,1,1,stop,678,0.0,0.0,1.0,0.0,0.0,0.0,0.0
nvbench2:dev:463,gemma3:27b,staged,bar+line+point,1,1,stop,746,0.0,0.0,1.0,0.0,0.0,0.0,0.0
nvbench2:dev:465,gemma3:27b,staged,arc,1,1,stop,432,0.0,0.0,1.0,0.0,0.0,0.0,0.0
nvbench2:dev:470,gemma3:27b,staged,boxplot,1,1,stop,476,0.0,0.0,1.0,0.0,0.0,0.0,0.0
nvbench2:dev:475,gemma3:27b,staged,bar+line,2,2,stop,625,0.0,0.0,0.0,1.0,0.0,0.0,0.0
nvbench2:dev:485,gemma3:27b,staged,bar,1,1,stop,552,0.0,0.0,1.0,0.0,0.0,0.0,0.0
nvbench2:dev:492,gemma3:27b,staged,arc,1,1,stop,498,0.0,0.0,1.0,0.0,0.0,0.0,0.0
nvbench2:dev:495,gemma3:27b,staged,boxplot,1,1,stop,483,0.0,0.0,1.0,0.0,0.0,0.0,0.0
nvbench2:dev:498,gemma3:27b,staged,arc,1,1,stop,496,0.0,0.0,1.0,0.0,0.0,0.0,0.0
nvbench2:dev:499,gemma3:27b,staged,line,1,1,stop,485,0.0,0.0,1.0,0.0,0.0,0.0,0.0
nvbench2:dev:507,gemma3:27b,staged,rect,1,1,stop,615,0.0,0.0,1.0,0.0,0.0,0.0,0.0
nvbench2:dev:508,gemma3:27b,staged,arc,2,2,stop,571,0.0,0.0,0.0,1.0,0.0,0.0,0.0
nvbench2:dev:515,gemma3:27b,staged,line,2,2,stop,609,0.0,0.0,0.0,1.0,0.0,0.0,0.0
nvbench2:dev:531,gemma3:27b,staged,bar,2,2,stop,531,0.0,0.0,0.0,1.0,0.0,0.0,0.0
nvbench2:dev:538,gemma3:27b,staged,arc,1,1,stop,424,0.0,0.0,1.0,0.0,0.0,0.0,0.0
nvbench2:dev:540,gemma3:27b,staged,bar,1,1,stop,500,0.0,0.0,1.0,0.0,0.0,0.0,0.0
nvbench2:dev:551,gemma3:27b,staged,line,1,1,stop,521,0.0,0.0,1.0,0.0,0.0,0.0,0.0
nvbench2:dev:554,gemma3:27b,staged,point,1,1,stop,461,0.0,0.0,1.0,0.0,0.0,0.0,0.0
nvbench2:dev:562,gemma3:27b,staged,bar,1,1,stop,442,0.0,0.0,1.0,0.0,0.0,0.0,0.0
nvbench2:dev:568,gemma3:27b,staged,line,1,1,stop,489,0.0,0.0,1.0,0.0,0.0,0.0,0.0
nvbench2:dev:571,gemma3:27b,staged,rect,1,1,stop,678,0.0,0.0,1.0,0.0,0.0,0.0,0.0
nvbench2:dev:572,gemma3:27b,staged,bar,1,1,stop,500,0.0,0.0,1.0,0.0,0.0,0.0,0.0
nvbench2:dev:573,gemma3:27b,staged,point,1,1,stop,451,0.0,0.0,1.0,0.0,0.0,0.0,0.0
nvbench2:dev:603,gemma3:27b,staged,rect,1,1,stop,565,0.0,0.0,1.0,0.0,0.0,0.0,0.0
nvbench2:dev:605,gemma3:27b,staged,line,1,1,stop,492,0.0,0.0,1.0,0.0,0.0,0.0,0.0
nvbench2:dev:606,gemma3:27b,staged,bar,1,1,stop,482,0.0,0.0,1.0,0.0,0.0,0.0,0.0
nvbench2:dev:612,gemma3:27b,staged,arc,1,1,stop,447,0.0,0.0,1.0,0.0,0.0,0.0,0.0
nvbench2:dev:614,gemma3:27b,staged,bar,1,1,stop,588,0.0,0.0,1.0,0.0,0.0,0.0,0.0
nvbench2:dev:628,gemma3:27b,staged,rect,1,1,stop,652,0.0,0.0,1.0,0.0,0.0,0.0,0.0
nvbench2:dev:641,gemma3:27b,staged,rect,1,1,stop,487,0.0,0.0,1.0,0.0,0.0,0.0,0.0
nvbench2:dev:642,gemma3:27b,staged,line,1,1,stop,556,0.0,0.0,1.0,0.0,0.0,0.0,0.0
nvbench2:dev:644,gemma3:27b,staged,bar+line,1,1,stop,560,0.0,0.0,1.0,0.0,0.0,0.0,0.0
nvbench2:dev:647,gemma3:27b,staged,bar,1,1,stop,545,0.0,0.0,1.0,0.0,0.0,0.0,0.0
nvbench2:dev:651,gemma3:27b,staged,bar,1,1,stop,493,0.0,0.0,1.0,0.0,0.0,0.0,0.0
nvbench2:dev:655,gemma3:27b,staged,line,1,1,stop,573,0.0,0.0,1.0,0.0,0.0,0.0,0.0
nvbench2:dev:666,gemma3:27b,staged,line,2,2,stop,512,0.0,0.0,0.0,1.0,0.0,0.0,0.0
nvbench2:dev:672,gemma3:27b,staged,bar,1,1,stop,423,0.0,0.0,1.0,0.0,0.0,0.0,0.0
nvbench2:dev:675,gemma3:27b,staged,bar,1,1,stop,449,0.0,0.0,1.0,0.0,0.0,0.0,0.0
nvbench2:dev:681,gemma3:27b,staged,bar,1,1,stop,526,0.0,0.0,1.0,0.0,0.0,0.0,0.0
nvbench2:dev:683,gemma3:27b,staged,bar,1,1,stop,545,0.0,0.0,1.0,0.0,0.0,0.0,0.0
nvbench2:dev:684,gemma3:27b,staged,bar,1,1,stop,534,0.0,0.0,1.0,0.0,0.0,0.0,0.0
nvbench2:dev:713,gemma3:27b,staged,bar,1,1,stop,599,0.0,0.0,1.0,0.0,0.0,0.0,0.0
nvbench2:dev:715,gemma3:27b,staged,point,1,1,stop,481,0.0,0.0,1.0,0.0,0.0,0.0,0.0
nvbench2:dev:716,gemma3:27b,staged,boxplot,1,1,stop,553,0.0,0.0,1.0,0.0,0.0,0.0,0.0
nvbench2:dev:717,gemma3:27b,staged,boxplot,1,1,stop,460,0.0,0.0,1.0,0.0,0.0,0.0,0.0
nvbench2:dev:718,gemma3:27b,staged,boxplot,1,1,stop,500,0.0,0.0,1.0,0.0,0.0,0.0,0.0
nvbench2:dev:719,gemma3:27b,staged,arc,1,1,stop,517,0.0,0.0,1.0,0.0,0.0,0.0,0.0
nvbench2:dev:721,gemma3:27b,staged,boxplot,1,1,stop,515,0.0,0.0,1.0,0.0,0.0,0.0,0.0
nvbench2:dev:723,gemma3:27b,staged,boxplot,1,1,stop,382,0.0,0.0,1.0,0.0,0.0,0.0,0.0
nvbench2:dev:725,gemma3:27b,staged,boxplot,1,1,stop,426,0.0,0.0,1.0,0.0,0.0,0.0,0.0
nvbench2:dev:732,gemma3:27b,staged,bar+line+rect,2,2,stop,587,0.0,0.0,0.0,1.0,0.0,0.0,0.0
nvbench2:dev:733,gemma3:27b,staged,bar+line+rect,2,2,stop,568,0.0,0.0,0.0,1.0,0.0,0.0,0.0
nvbench2:dev:17,llama3.2:3b,direct,line,5,5,stop,339,0.0,0.0,0.0,0.0,0.0,0.0,1.0
nvbench2:dev:22,llama3.2:3b,direct,boxplot,2,2,stop,253,0.0,0.0,0.0,1.0,0.0,0.0,0.0
nvbench2:dev:23,llama3.2:3b,direct,point,5,5,stop,280,0.0,0.0,0.0,0.0,0.0,0.0,1.0
nvbench2:dev:25,llama3.2:3b,direct,rect,5,5,stop,334,0.0,0.0,0.0,0.0,0.0,0.0,1.0
nvbench2:dev:33,llama3.2:3b,direct,arc,5,5,stop,213,0.0,0.0,0.0,0.0,0.0,0.0,1.0
nvbench2:dev:34,llama3.2:3b,direct,point,5,5,stop,282,0.0,0.0,0.0,0.0,0.0,0.0,1.0
nvbench2:dev:35,llama3.2:3b,direct,bar+line+point+rect,5,5,stop,343,0.0,0.0,0.0,0.0,0.0,0.0,1.0
nvbench2:dev:39,llama3.2:3b,direct,arc,5,5,stop,250,0.0,0.0,0.0,0.0,0.0,0.0,1.0
nvbench2:dev:40,llama3.2:3b,direct,rect,5,5,stop,229,0.0,0.0,0.0,0.0,0.0,0.0,1.0
nvbench2:dev:41,llama3.2:3b,direct,arc,5,5,stop,362,0.0,0.0,0.0,0.0,0.0,0.0,1.0
nvbench2:dev:48,llama3.2:3b,direct,arc,5,5,stop,260,0.0,0.0,0.0,0.0,0.0,0.0,1.0
nvbench2:dev:49,llama3.2:3b,direct,line,5,5,stop,355,0.0,0.0,0.0,0.0,0.0,0.0,1.0
nvbench2:dev:51,llama3.2:3b,direct,bar,1,1,stop,59,0.0,0.0,1.0,0.0,0.0,0.0,0.0
nvbench2:dev:54,llama3.2:3b,direct,bar,5,5,stop,288,0.0,0.0,0.0,0.0,0.0,0.0,1.0
nvbench2:dev:57,llama3.2:3b,direct,rect,5,5,stop,387,0.0,0.0,0.0,0.0,0.0,0.0,1.0
nvbench2:dev:61,llama3.2:3b,direct,arc,5,5,stop,355,0.0,0.0,0.0,0.0,0.0,0.0,1.0
nvbench2:dev:63,llama3.2:3b,direct,arc,5,5,stop,365,0.0,0.0,0.0,0.0,0.0,0.0,1.0
nvbench2:dev:68,llama3.2:3b,direct,arc,5,5,stop,346,0.0,0.0,0.0,0.0,0.0,0.0,1.0
nvbench2:dev:72,llama3.2:3b,direct,arc,5,5,stop,272,0.0,0.0,0.0,0.0,0.0,0.0,1.0
nvbench2:dev:73,llama3.2:3b,direct,arc,5,5,stop,327,0.0,0.0,0.0,0.0,0.0,0.0,1.0
nvbench2:dev:76,llama3.2:3b,direct,bar,5,5,stop,252,0.0,0.0,0.0,0.0,0.0,0.0,1.0
nvbench2:dev:83,llama3.2:3b,direct,arc,5,5,stop,271,0.0,0.0,0.0,0.0,0.0,0.0,1.0
nvbench2:dev:84,llama3.2:3b,direct,rect,5,5,stop,320,0.0,0.0,0.0,0.0,0.0,0.0,1.0
nvbench2:dev:89,llama3.2:3b,direct,arc,5,5,stop,358,0.0,0.0,0.0,0.0,0.0,0.0,1.0
nvbench2:dev:92,llama3.2:3b,direct,arc,5,5,stop,382,0.0,0.0,0.0,0.0,0.0,0.0,1.0
nvbench2:dev:97,llama3.2:3b,direct,line,5,5,stop,328,0.0,0.0,0.0,0.0,0.0,0.0,1.0
nvbench2:dev:103,llama3.2:3b,direct,boxplot,5,5,stop,271,0.0,0.0,0.0,0.0,0.0,0.0,1.0
nvbench2:dev:105,llama3.2:3b,direct,arc,5,5,stop,355,0.0,0.0,0.0,0.0,0.0,0.0,1.0
nvbench2:dev:108,llama3.2:3b,direct,boxplot,5,5,stop,242,0.0,0.0,0.0,0.0,0.0,0.0,1.0
nvbench2:dev:112,llama3.2:3b,direct,boxplot,5,5,stop,352,0.0,0.0,0.0,0.0,0.0,0.0,1.0
nvbench2:dev:114,llama3.2:3b,direct,line,5,5,stop,347,0.0,0.0,0.0,0.0,0.0,0.0,1.0
nvbench2:dev:116,llama3.2:3b,direct,arc,5,5,stop,251,0.0,0.0,0.0,0.0,0.0,0.0,1.0
nvbench2:dev:118,llama3.2:3b,direct,rect,5,5,stop,267,0.0,0.0,0.0,0.0,0.0,0.0,1.0
nvbench2:dev:127,llama3.2:3b,direct,arc,5,5,stop,405,0.0,0.0,0.0,0.0,0.0,0.0,1.0
nvbench2:dev:136,llama3.2:3b,direct,boxplot,5,5,stop,230,0.0,0.0,0.0,0.0,0.0,0.0,1.0
nvbench2:dev:138,llama3.2:3b,direct,bar,5,5,stop,324,0.0,0.0,0.0,0.0,0.0,0.0,1.0
nvbench2:dev:139,llama3.2:3b,direct,line,5,5,stop,295,0.0,0.0,0.0,0.0,0.0,0.0,1.0
nvbench2:dev:143,llama3.2:3b,direct,rect,5,5,stop,332,0.0,0.0,0.0,0.0,0.0,0.0,1.0
nvbench2:dev:144,llama3.2:3b,direct,bar,5,5,stop,396,0.0,0.0,0.0,0.0,0.0,0.0,1.0
nvbench2:dev:149,llama3.2:3b,direct,point,5,5,stop,209,0.0,0.0,0.0,0.0,0.0,0.0,1.0
nvbench2:dev:157,llama3.2:3b,direct,point,5,5,stop,253,0.0,0.0,0.0,0.0,0.0,0.0,1.0
nvbench2:dev:158,llama3.2:3b,direct,point,5,5,stop,265,0.0,0.0,0.0,0.0,0.0,0.0,1.0
nvbench2:dev:165,llama3.2:3b,direct,line,5,5,stop,277,0.0,0.0,0.0,0.0,0.0,0.0,1.0
nvbench2:dev:167,llama3.2:3b,direct,bar,5,5,stop,242,0.0,0.0,0.0,0.0,0.0,0.0,1.0
nvbench2:dev:176,llama3.2:3b,direct,line,5,5,stop,299,0.0,0.0,0.0,0.0,0.0,0.0,1.0
nvbench2:dev:182,llama3.2:3b,direct,rect,5,5,stop,344,0.0,0.0,0.0,0.0,0.0,0.0,1.0
nvbench2:dev:188,llama3.2:3b,direct,rect,5,5,stop,347,0.0,0.0,0.0,0.0,0.0,0.0,1.0
nvbench2:dev:191,llama3.2:3b,direct,rect,5,5,stop,365,0.0,0.0,0.0,0.0,0.0,0.0,1.0
nvbench2:dev:203,llama3.2:3b,direct,bar+line,5,5,stop,246,0.0,0.0,0.0,0.0,0.0,0.0,1.0
nvbench2:dev:214,llama3.2:3b,direct,rect,5,5,stop,245,0.0,0.0,0.0,0.0,0.0,0.0,1.0
nvbench2:dev:223,llama3.2:3b,direct,boxplot,5,5,stop,251,0.0,0.0,0.0,0.0,0.0,0.0,1.0
nvbench2:dev:228,llama3.2:3b,direct,rect,5,5,stop,302,0.0,0.0,0.0,0.0,0.0,0.0,1.0
nvbench2:dev:232,llama3.2:3b,direct,arc,5,5,stop,292,0.0,0.0,0.0,0.0,0.0,0.0,1.0
nvbench2:dev:245,llama3.2:3b,direct,line,5,5,stop,314,0.0,0.0,0.0,0.0,0.0,0.0,1.0
nvbench2:dev:252,llama3.2:3b,direct,rect,5,5,stop,344,0.0,0.0,0.0,0.0,0.0,0.0,1.0
nvbench2:dev:253,llama3.2:3b,direct,arc+bar+line,1,1,stop,31,0.0,0.0,1.0,0.0,0.0,0.0,0.0
nvbench2:dev:255,llama3.2:3b,direct,bar,2,2,stop,352,0.0,0.0,0.0,1.0,0.0,0.0,0.0
nvbench2:dev:256,llama3.2:3b,direct,rect,5,5,stop,550,0.0,0.0,0.0,0.0,0.0,0.0,1.0
nvbench2:dev:259,llama3.2:3b,direct,point,5,5,stop,288,0.0,0.0,0.0,0.0,0.0,0.0,1.0
nvbench2:dev:278,llama3.2:3b,direct,arc,5,5,stop,217,0.0,0.0,0.0,0.0,0.0,0.0,1.0
nvbench2:dev:283,llama3.2:3b,direct,rect,5,5,stop,303,0.0,0.0,0.0,0.0,0.0,0.0,1.0
nvbench2:dev:286,llama3.2:3b,direct,bar,1,1,stop,356,0.0,0.0,1.0,0.0,0.0,0.0,0.0
nvbench2:dev:292,llama3.2:3b,direct,rect,5,5,stop,394,0.0,0.0,0.0,0.0,0.0,0.0,1.0
nvbench2:dev:296,llama3.2:3b,direct,bar,5,5,stop,356,0.0,0.0,0.0,0.0,0.0,0.0,1.0
nvbench2:dev:298,llama3.2:3b,direct,bar,5,5,stop,292,0.0,0.0,0.0,0.0,0.0,0.0,1.0
nvbench2:dev:300,llama3.2:3b,direct,arc,5,5,stop,233,0.0,0.0,0.0,0.0,0.0,0.0,1.0
nvbench2:dev:302,llama3.2:3b,direct,rect,5,5,stop,341,0.0,0.0,0.0,0.0,0.0,0.0,1.0
nvbench2:dev:307,llama3.2:3b,direct,rect,5,5,stop,409,0.0,0.0,0.0,0.0,0.0,0.0,1.0
nvbench2:dev:314,llama3.2:3b,direct,arc,5,5,stop,369,0.0,0.0,0.0,0.0,0.0,0.0,1.0
nvbench2:dev:315,llama3.2:3b,direct,bar,5,5,stop,364,0.0,0.0,0.0,0.0,0.0,0.0,1.0
nvbench2:dev:317,llama3.2:3b,direct,rect,5,5,stop,299,0.0,0.0,0.0,0.0,0.0,0.0,1.0
nvbench2:dev:319,llama3.2:3b,direct,boxplot,5,5,stop,303,0.0,0.0,0.0,0.0,0.0,0.0,1.0
nvbench2:dev:326,llama3.2:3b,direct,rect,5,5,stop,250,0.0,0.0,0.0,0.0,0.0,0.0,1.0
nvbench2:dev:327,llama3.2:3b,direct,boxplot,5,5,stop,232,0.0,0.0,0.0,0.0,0.0,0.0,1.0
nvbench2:dev:331,llama3.2:3b,direct,bar,5,5,stop,263,0.0,0.0,0.0,0.0,0.0,0.0,1.0
nvbench2:dev:332,llama3.2:3b,direct,arc,5,5,stop,409,0.0,0.0,0.0,0.0,0.0,0.0,1.0
nvbench2:dev:336,llama3.2:3b,direct,arc,5,5,stop,233,0.0,0.0,0.0,0.0,0.0,0.0,1.0
nvbench2:dev:338,llama3.2:3b,direct,rect,5,5,stop,415,0.0,0.0,0.0,0.0,0.0,0.0,1.0
nvbench2:dev:340,llama3.2:3b,direct,rect,5,5,stop,422,0.0,0.0,0.0,0.0,0.0,0.0,1.0
nvbench2:dev:346,llama3.2:3b,direct,bar+line+rect,5,5,stop,324,0.0,0.0,0.0,0.0,0.0,0.0,1.0
nvbench2:dev:358,llama3.2:3b,direct,bar,5,5,stop,277,0.0,0.0,0.0,0.0,0.0,0.0,1.0
nvbench2:dev:362,llama3.2:3b,direct,rect,5,5,stop,358,0.0,0.0,0.0,0.0,0.0,0.0,1.0
nvbench2:dev:367,llama3.2:3b,direct,bar,5,5,stop,328,0.0,0.0,0.0,0.0,0.0,0.0,1.0
nvbench2:dev:381,llama3.2:3b,direct,rect,5,5,stop,383,0.0,0.0,0.0,0.0,0.0,0.0,1.0
nvbench2:dev:383,llama3.2:3b,direct,rect,5,5,stop,232,0.0,0.0,0.0,0.0,0.0,0.0,1.0
nvbench2:dev:384,llama3.2:3b,direct,bar,5,5,stop,376,0.0,0.0,0.0,0.0,0.0,0.0,1.0
nvbench2:dev:388,llama3.2:3b,direct,rect,5,5,stop,339,0.0,0.0,0.0,0.0,0.0,0.0,1.0
nvbench2:dev:394,llama3.2:3b,direct,arc,5,5,stop,332,0.0,0.0,0.0,0.0,0.0,0.0,1.0
nvbench2:dev:398,llama3.2:3b,direct,line,2,2,stop,116,0.0,0.0,0.0,1.0,0.0,0.0,0.0
nvbench2:dev:403,llama3.2:3b,direct,point,5,5,stop,361,0.0,0.0,0.0,0.0,0.0,0.0,1.0
nvbench2:dev:405,llama3.2:3b,direct,bar,5,5,stop,386,0.0,0.0,0.0,0.0,0.0,0.0,1.0
nvbench2:dev:421,llama3.2:3b,direct,arc,5,5,stop,199,0.0,0.0,0.0,0.0,0.0,0.0,1.0
nvbench2:dev:422,llama3.2:3b,direct,arc,5,5,stop,272,0.0,0.0,0.0,0.0,0.0,0.0,1.0
nvbench2:dev:436,llama3.2:3b,direct,point,5,5,stop,277,0.0,0.0,0.0,0.0,0.0,0.0,1.0
nvbench2:dev:444,llama3.2:3b,direct,point,5,5,stop,285,0.0,0.0,0.0,0.0,0.0,0.0,1.0
nvbench2:dev:445,llama3.2:3b,direct,boxplot,5,5,stop,275,0.0,0.0,0.0,0.0,0.0,0.0,1.0
nvbench2:dev:455,llama3.2:3b,direct,bar,5,5,stop,300,0.0,0.0,0.0,0.0,0.0,0.0,1.0
nvbench2:dev:457,llama3.2:3b,direct,arc,5,5,stop,322,0.0,0.0,0.0,0.0,0.0,0.0,1.0
nvbench2:dev:462,llama3.2:3b,direct,bar,1,1,stop,51,0.0,0.0,1.0,0.0,0.0,0.0,0.0
nvbench2:dev:463,llama3.2:3b,direct,bar+line+point,5,5,stop,343,0.0,0.0,0.0,0.0,0.0,0.0,1.0
nvbench2:dev:465,llama3.2:3b,direct,arc,5,5,stop,188,0.0,0.0,0.0,0.0,0.0,0.0,1.0
nvbench2:dev:470,llama3.2:3b,direct,boxplot,2,2,stop,102,0.0,0.0,0.0,1.0,0.0,0.0,0.0
nvbench2:dev:475,llama3.2:3b,direct,bar+line,5,5,stop,330,0.0,0.0,0.0,0.0,0.0,0.0,1.0
nvbench2:dev:485,llama3.2:3b,direct,bar,5,5,stop,292,0.0,0.0,0.0,0.0,0.0,0.0,1.0
nvbench2:dev:492,llama3.2:3b,direct,arc,5,5,stop,366,0.0,0.0,0.0,0.0,0.0,0.0,1.0
nvbench2:dev:495,llama3.2:3b,direct,boxplot,5,5,stop,271,0.0,0.0,0.0,0.0,0.0,0.0,1.0
nvbench2:dev:498,llama3.2:3b,direct,arc,5,5,stop,371,0.0,0.0,0.0,0.0,0.0,0.0,1.0
nvbench2:dev:499,llama3.2:3b,direct,line,5,5,stop,297,0.0,0.0,0.0,0.0,0.0,0.0,1.0
nvbench2:dev:507,llama3.2:3b,direct,rect,5,5,stop,293,0.0,0.0,0.0,0.0,0.0,0.0,1.0
nvbench2:dev:508,llama3.2:3b,direct,arc,5,5,stop,287,0.0,0.0,0.0,0.0,0.0,0.0,1.0
nvbench2:dev:515,llama3.2:3b,direct,line,3,3,stop,350,0.0,0.0,0.0,0.0,1.0,0.0,0.0
nvbench2:dev:531,llama3.2:3b,direct,bar,5,5,stop,279,0.0,0.0,0.0,0.0,0.0,0.0,1.0
nvbench2:dev:538,llama3.2:3b,direct,arc,5,5,stop,288,0.0,0.0,0.0,0.0,0.0,0.0,1.0
nvbench2:dev:540,llama3.2:3b,direct,bar,5,5,stop,272,0.0,0.0,0.0,0.0,0.0,0.0,1.0
nvbench2:dev:551,llama3.2:3b,direct,line,2,2,stop,138,0.0,0.0,0.0,1.0,0.0,0.0,0.0
nvbench2:dev:554,llama3.2:3b,direct,point,5,5,stop,282,0.0,0.0,0.0,0.0,0.0,0.0,1.0
nvbench2:dev:562,llama3.2:3b,direct,bar,5,5,stop,263,0.0,0.0,0.0,0.0,0.0,0.0,1.0
nvbench2:dev:568,llama3.2:3b,direct,line,4,4,stop,234,0.0,0.0,0.0,0.0,0.0,1.0,0.0
nvbench2:dev:571,llama3.2:3b,direct,rect,5,5,stop,364,0.0,0.0,0.0,0.0,0.0,0.0,1.0
nvbench2:dev:572,llama3.2:3b,direct,bar,5,5,stop,311,0.0,0.0,0.0,0.0,0.0,0.0,1.0
nvbench2:dev:573,llama3.2:3b,direct,point,5,5,stop,285,0.0,0.0,0.0,0.0,0.0,0.0,1.0
nvbench2:dev:603,llama3.2:3b,direct,rect,5,5,stop,331,0.0,0.0,0.0,0.0,0.0,0.0,1.0
nvbench2:dev:605,llama3.2:3b,direct,line,5,5,stop,274,0.0,0.0,0.0,0.0,0.0,0.0,1.0
nvbench2:dev:606,llama3.2:3b,direct,bar,5,5,stop,314,0.0,0.0,0.0,0.0,0.0,0.0,1.0
nvbench2:dev:612,llama3.2:3b,direct,arc,5,5,stop,230,0.0,0.0,0.0,0.0,0.0,0.0,1.0
nvbench2:dev:614,llama3.2:3b,direct,bar,5,5,stop,288,0.0,0.0,0.0,0.0,0.0,0.0,1.0
nvbench2:dev:628,llama3.2:3b,direct,rect,4,4,stop,408,0.0,0.0,0.0,0.0,0.0,1.0,0.0
nvbench2:dev:641,llama3.2:3b,direct,rect,5,5,stop,391,0.0,0.0,0.0,0.0,0.0,0.0,1.0
nvbench2:dev:642,llama3.2:3b,direct,line,4,4,stop,343,0.0,0.0,0.0,0.0,0.0,1.0,0.0
nvbench2:dev:644,llama3.2:3b,direct,bar+line,5,5,stop,295,0.0,0.0,0.0,0.0,0.0,0.0,1.0
nvbench2:dev:647,llama3.2:3b,direct,bar,5,5,stop,306,0.0,0.0,0.0,0.0,0.0,0.0,1.0
nvbench2:dev:651,llama3.2:3b,direct,bar,5,5,stop,297,0.0,0.0,0.0,0.0,0.0,0.0,1.0
nvbench2:dev:655,llama3.2:3b,direct,line,5,5,stop,367,0.0,0.0,0.0,0.0,0.0,0.0,1.0
nvbench2:dev:666,llama3.2:3b,direct,line,5,5,stop,284,0.0,0.0,0.0,0.0,0.0,0.0,1.0
nvbench2:dev:672,llama3.2:3b,direct,bar,5,5,stop,325,0.0,0.0,0.0,0.0,0.0,0.0,1.0
nvbench2:dev:675,llama3.2:3b,direct,bar,5,5,stop,284,0.0,0.0,0.0,0.0,0.0,0.0,1.0
nvbench2:dev:681,llama3.2:3b,direct,bar,5,5,stop,326,0.0,0.0,0.0,0.0,0.0,0.0,1.0
nvbench2:dev:683,llama3.2:3b,direct,bar,5,5,stop,400,0.0,0.0,0.0,0.0,0.0,0.0,1.0
nvbench2:dev:684,llama3.2:3b,direct,bar,5,5,stop,284,0.0,0.0,0.0,0.0,0.0,0.0,1.0
nvbench2:dev:713,llama3.2:3b,direct,bar,5,5,stop,327,0.0,0.0,0.0,0.0,0.0,0.0,1.0
nvbench2:dev:715,llama3.2:3b,direct,point,5,5,stop,302,0.0,0.0,0.0,0.0,0.0,0.0,1.0
nvbench2:dev:716,llama3.2:3b,direct,boxplot,5,5,stop,235,0.0,0.0,0.0,0.0,0.0,0.0,1.0
nvbench2:dev:717,llama3.2:3b,direct,boxplot,5,5,stop,293,0.0,0.0,0.0,0.0,0.0,0.0,1.0
nvbench2:dev:718,llama3.2:3b,direct,boxplot,5,5,stop,285,0.0,0.0,0.0,0.0,0.0,0.0,1.0
nvbench2:dev:719,llama3.2:3b,direct,arc,5,5,stop,334,0.0,0.0,0.0,0.0,0.0,0.0,1.0
nvbench2:dev:721,llama3.2:3b,direct,boxplot,5,5,stop,262,0.0,0.0,0.0,0.0,0.0,0.0,1.0
nvbench2:dev:723,llama3.2:3b,direct,boxplot,5,5,stop,231,0.0,0.0,0.0,0.0,0.0,0.0,1.0
nvbench2:dev:725,llama3.2:3b,direct,boxplot,5,5,stop,280,0.0,0.0,0.0,0.0,0.0,0.0,1.0
nvbench2:dev:732,llama3.2:3b,direct,bar+line+rect,5,5,stop,296,0.0,0.0,0.0,0.0,0.0,0.0,1.0
nvbench2:dev:733,llama3.2:3b,direct,bar+line+rect,5,5,stop,346,0.0,0.0,0.0,0.0,0.0,0.0,1.0
nvbench2:dev:17,llama3.2:3b,direct_rich,line,5,5,stop,356,0.0,0.0,0.0,0.0,0.0,0.0,1.0
nvbench2:dev:22,llama3.2:3b,direct_rich,boxplot,5,5,stop,258,0.0,0.0,0.0,0.0,0.0,0.0,1.0
nvbench2:dev:23,llama3.2:3b,direct_rich,point,5,5,stop,271,0.0,0.0,0.0,0.0,0.0,0.0,1.0
nvbench2:dev:25,llama3.2:3b,direct_rich,rect,5,5,stop,292,0.0,0.0,0.0,0.0,0.0,0.0,1.0
nvbench2:dev:33,llama3.2:3b,direct_rich,arc,5,5,stop,202,0.0,0.0,0.0,0.0,0.0,0.0,1.0
nvbench2:dev:34,llama3.2:3b,direct_rich,point,5,5,stop,300,0.0,0.0,0.0,0.0,0.0,0.0,1.0
nvbench2:dev:35,llama3.2:3b,direct_rich,bar+line+point+rect,5,5,stop,310,0.0,0.0,0.0,0.0,0.0,0.0,1.0
nvbench2:dev:39,llama3.2:3b,direct_rich,arc,2,2,stop,100,0.0,0.0,0.0,1.0,0.0,0.0,0.0
nvbench2:dev:40,llama3.2:3b,direct_rich,rect,5,5,stop,296,0.0,0.0,0.0,0.0,0.0,0.0,1.0
nvbench2:dev:41,llama3.2:3b,direct_rich,arc,5,5,stop,355,0.0,0.0,0.0,0.0,0.0,0.0,1.0
nvbench2:dev:48,llama3.2:3b,direct_rich,arc,5,5,stop,263,0.0,0.0,0.0,0.0,0.0,0.0,1.0
nvbench2:dev:49,llama3.2:3b,direct_rich,line,3,3,stop,335,0.0,0.0,0.0,0.0,1.0,0.0,0.0
nvbench2:dev:51,llama3.2:3b,direct_rich,bar,5,5,stop,309,0.0,0.0,0.0,0.0,0.0,0.0,1.0
nvbench2:dev:54,llama3.2:3b,direct_rich,bar,5,5,stop,301,0.0,0.0,0.0,0.0,0.0,0.0,1.0
nvbench2:dev:57,llama3.2:3b,direct_rich,rect,5,5,stop,292,0.0,0.0,0.0,0.0,0.0,0.0,1.0
nvbench2:dev:61,llama3.2:3b,direct_rich,arc,5,5,stop,307,0.0,0.0,0.0,0.0,0.0,0.0,1.0
nvbench2:dev:63,llama3.2:3b,direct_rich,arc,5,5,stop,340,0.0,0.0,0.0,0.0,0.0,0.0,1.0
nvbench2:dev:68,llama3.2:3b,direct_rich,arc,5,5,stop,264,0.0,0.0,0.0,0.0,0.0,0.0,1.0
nvbench2:dev:72,llama3.2:3b,direct_rich,arc,5,5,stop,368,0.0,0.0,0.0,0.0,0.0,0.0,1.0
nvbench2:dev:73,llama3.2:3b,direct_rich,arc,5,5,stop,382,0.0,0.0,0.0,0.0,0.0,0.0,1.0
nvbench2:dev:76,llama3.2:3b,direct_rich,bar,5,5,stop,244,0.0,0.0,0.0,0.0,0.0,0.0,1.0
nvbench2:dev:83,llama3.2:3b,direct_rich,arc,5,5,stop,260,0.0,0.0,0.0,0.0,0.0,0.0,1.0
nvbench2:dev:84,llama3.2:3b,direct_rich,rect,5,5,stop,327,0.0,0.0,0.0,0.0,0.0,0.0,1.0
nvbench2:dev:89,llama3.2:3b,direct_rich,arc,5,5,stop,357,0.0,0.0,0.0,0.0,0.0,0.0,1.0
nvbench2:dev:92,llama3.2:3b,direct_rich,arc,2,2,stop,110,0.0,0.0,0.0,1.0,0.0,0.0,0.0
nvbench2:dev:97,llama3.2:3b,direct_rich,line,5,5,stop,374,0.0,0.0,0.0,0.0,0.0,0.0,1.0
nvbench2:dev:103,llama3.2:3b,direct_rich,boxplot,5,5,stop,272,0.0,0.0,0.0,0.0,0.0,0.0,1.0
nvbench2:dev:105,llama3.2:3b,direct_rich,arc,5,5,stop,410,0.0,0.0,0.0,0.0,0.0,0.0,1.0
nvbench2:dev:108,llama3.2:3b,direct_rich,boxplot,5,5,stop,277,0.0,0.0,0.0,0.0,0.0,0.0,1.0
nvbench2:dev:112,llama3.2:3b,direct_rich,boxplot,2,2,stop,117,0.0,0.0,0.0,1.0,0.0,0.0,0.0
nvbench2:dev:114,llama3.2:3b,direct_rich,line,5,5,stop,324,0.0,0.0,0.0,0.0,0.0,0.0,1.0
nvbench2:dev:116,llama3.2:3b,direct_rich,arc,5,5,stop,351,0.0,0.0,0.0,0.0,0.0,0.0,1.0
nvbench2:dev:118,llama3.2:3b,direct_rich,rect,5,5,stop,275,0.0,0.0,0.0,0.0,0.0,0.0,1.0
nvbench2:dev:127,llama3.2:3b,direct_rich,arc,5,5,stop,352,0.0,0.0,0.0,0.0,0.0,0.0,1.0
nvbench2:dev:136,llama3.2:3b,direct_rich,boxplot,5,5,stop,233,0.0,0.0,0.0,0.0,0.0,0.0,1.0
nvbench2:dev:138,llama3.2:3b,direct_rich,bar,5,5,stop,321,0.0,0.0,0.0,0.0,0.0,0.0,1.0
nvbench2:dev:139,llama3.2:3b,direct_rich,line,5,5,stop,305,0.0,0.0,0.0,0.0,0.0,0.0,1.0
nvbench2:dev:143,llama3.2:3b,direct_rich,rect,5,5,stop,398,0.0,0.0,0.0,0.0,0.0,0.0,1.0
nvbench2:dev:144,llama3.2:3b,direct_rich,bar,5,5,stop,341,0.0,0.0,0.0,0.0,0.0,0.0,1.0
nvbench2:dev:149,llama3.2:3b,direct_rich,point,5,5,stop,259,0.0,0.0,0.0,0.0,0.0,0.0,1.0
nvbench2:dev:157,llama3.2:3b,direct_rich,point,5,5,stop,252,0.0,0.0,0.0,0.0,0.0,0.0,1.0
nvbench2:dev:158,llama3.2:3b,direct_rich,point,5,5,stop,290,0.0,0.0,0.0,0.0,0.0,0.0,1.0
nvbench2:dev:165,llama3.2:3b,direct_rich,line,1,1,stop,365,0.0,0.0,1.0,0.0,0.0,0.0,0.0
nvbench2:dev:167,llama3.2:3b,direct_rich,bar,5,5,stop,238,0.0,0.0,0.0,0.0,0.0,0.0,1.0
nvbench2:dev:176,llama3.2:3b,direct_rich,line,2,2,stop,118,0.0,0.0,0.0,1.0,0.0,0.0,0.0
nvbench2:dev:182,llama3.2:3b,direct_rich,rect,5,5,stop,323,0.0,0.0,0.0,0.0,0.0,0.0,1.0
nvbench2:dev:188,llama3.2:3b,direct_rich,rect,5,5,stop,316,0.0,0.0,0.0,0.0,0.0,0.0,1.0
nvbench2:dev:191,llama3.2:3b,direct_rich,rect,5,5,stop,358,0.0,0.0,0.0,0.0,0.0,0.0,1.0
nvbench2:dev:203,llama3.2:3b,direct_rich,bar+line,5,5,stop,388,0.0,0.0,0.0,0.0,0.0,0.0,1.0
nvbench2:dev:214,llama3.2:3b,direct_rich,rect,5,5,stop,360,0.0,0.0,0.0,0.0,0.0,0.0,1.0
nvbench2:dev:223,llama3.2:3b,direct_rich,boxplot,5,5,stop,248,0.0,0.0,0.0,0.0,0.0,0.0,1.0
nvbench2:dev:228,llama3.2:3b,direct_rich,rect,5,5,stop,328,0.0,0.0,0.0,0.0,0.0,0.0,1.0
nvbench2:dev:232,llama3.2:3b,direct_rich,arc,2,2,stop,109,0.0,0.0,0.0,1.0,0.0,0.0,0.0
nvbench2:dev:245,llama3.2:3b,direct_rich,line,5,5,stop,274,0.0,0.0,0.0,0.0,0.0,0.0,1.0
nvbench2:dev:252,llama3.2:3b,direct_rich,rect,5,5,stop,371,0.0,0.0,0.0,0.0,0.0,0.0,1.0
nvbench2:dev:253,llama3.2:3b,direct_rich,arc+bar+line,1,1,stop,30,0.0,0.0,1.0,0.0,0.0,0.0,0.0
nvbench2:dev:255,llama3.2:3b,direct_rich,bar,1,1,stop,355,0.0,0.0,1.0,0.0,0.0,0.0,0.0
nvbench2:dev:256,llama3.2:3b,direct_rich,rect,5,5,stop,273,0.0,0.0,0.0,0.0,0.0,0.0,1.0
nvbench2:dev:259,llama3.2:3b,direct_rich,point,5,5,stop,272,0.0,0.0,0.0,0.0,0.0,0.0,1.0
nvbench2:dev:278,llama3.2:3b,direct_rich,arc,5,5,stop,279,0.0,0.0,0.0,0.0,0.0,0.0,1.0
nvbench2:dev:283,llama3.2:3b,direct_rich,rect,5,5,stop,302,0.0,0.0,0.0,0.0,0.0,0.0,1.0
nvbench2:dev:286,llama3.2:3b,direct_rich,bar,3,3,stop,271,0.0,0.0,0.0,0.0,1.0,0.0,0.0
nvbench2:dev:292,llama3.2:3b,direct_rich,rect,5,5,stop,460,0.0,0.0,0.0,0.0,0.0,0.0,1.0
nvbench2:dev:296,llama3.2:3b,direct_rich,bar,5,5,stop,306,0.0,0.0,0.0,0.0,0.0,0.0,1.0
nvbench2:dev:298,llama3.2:3b,direct_rich,bar,5,5,stop,367,0.0,0.0,0.0,0.0,0.0,0.0,1.0
nvbench2:dev:300,llama3.2:3b,direct_rich,arc,5,5,stop,203,0.0,0.0,0.0,0.0,0.0,0.0,1.0
nvbench2:dev:302,llama3.2:3b,direct_rich,rect,5,5,stop,420,0.0,0.0,0.0,0.0,0.0,0.0,1.0
nvbench2:dev:307,llama3.2:3b,direct_rich,rect,5,5,stop,297,0.0,0.0,0.0,0.0,0.0,0.0,1.0
nvbench2:dev:314,llama3.2:3b,direct_rich,arc,5,5,stop,368,0.0,0.0,0.0,0.0,0.0,0.0,1.0
nvbench2:dev:315,llama3.2:3b,direct_rich,bar,5,5,stop,363,0.0,0.0,0.0,0.0,0.0,0.0,1.0
nvbench2:dev:317,llama3.2:3b,direct_rich,rect,5,5,stop,344,0.0,0.0,0.0,0.0,0.0,0.0,1.0
nvbench2:dev:319,llama3.2:3b,direct_rich,boxplot,5,5,stop,330,0.0,0.0,0.0,0.0,0.0,0.0,1.0
nvbench2:dev:326,llama3.2:3b,direct_rich,rect,5,5,stop,260,0.0,0.0,0.0,0.0,0.0,0.0,1.0
nvbench2:dev:327,llama3.2:3b,direct_rich,boxplot,5,5,stop,241,0.0,0.0,0.0,0.0,0.0,0.0,1.0
nvbench2:dev:331,llama3.2:3b,direct_rich,bar,5,5,stop,266,0.0,0.0,0.0,0.0,0.0,0.0,1.0
nvbench2:dev:332,llama3.2:3b,direct_rich,arc,5,5,stop,285,0.0,0.0,0.0,0.0,0.0,0.0,1.0
nvbench2:dev:336,llama3.2:3b,direct_rich,arc,5,5,stop,331,0.0,0.0,0.0,0.0,0.0,0.0,1.0
nvbench2:dev:338,llama3.2:3b,direct_rich,rect,5,5,stop,230,0.0,0.0,0.0,0.0,0.0,0.0,1.0
nvbench2:dev:340,llama3.2:3b,direct_rich,rect,5,5,stop,287,0.0,0.0,0.0,0.0,0.0,0.0,1.0
nvbench2:dev:346,llama3.2:3b,direct_rich,bar+line+rect,5,5,stop,307,0.0,0.0,0.0,0.0,0.0,0.0,1.0
nvbench2:dev:358,llama3.2:3b,direct_rich,bar,5,5,stop,272,0.0,0.0,0.0,0.0,0.0,0.0,1.0
nvbench2:dev:362,llama3.2:3b,direct_rich,rect,2,2,stop,129,0.0,0.0,0.0,1.0,0.0,0.0,0.0
nvbench2:dev:367,llama3.2:3b,direct_rich,bar,5,5,stop,289,0.0,0.0,0.0,0.0,0.0,0.0,1.0
nvbench2:dev:381,llama3.2:3b,direct_rich,rect,5,5,stop,208,0.0,0.0,0.0,0.0,0.0,0.0,1.0
nvbench2:dev:383,llama3.2:3b,direct_rich,rect,5,5,stop,262,0.0,0.0,0.0,0.0,0.0,0.0,1.0
nvbench2:dev:384,llama3.2:3b,direct_rich,bar,5,5,stop,320,0.0,0.0,0.0,0.0,0.0,0.0,1.0
nvbench2:dev:388,llama3.2:3b,direct_rich,rect,5,5,stop,373,0.0,0.0,0.0,0.0,0.0,0.0,1.0
nvbench2:dev:394,llama3.2:3b,direct_rich,arc,2,2,stop,132,0.0,0.0,0.0,1.0,0.0,0.0,0.0
nvbench2:dev:398,llama3.2:3b,direct_rich,line,2,2,stop,116,0.0,0.0,0.0,1.0,0.0,0.0,0.0
nvbench2:dev:403,llama3.2:3b,direct_rich,point,5,5,stop,358,0.0,0.0,0.0,0.0,0.0,0.0,1.0
nvbench2:dev:405,llama3.2:3b,direct_rich,bar,1,1,stop,71,0.0,0.0,1.0,0.0,0.0,0.0,0.0
nvbench2:dev:421,llama3.2:3b,direct_rich,arc,5,5,stop,194,0.0,0.0,0.0,0.0,0.0,0.0,1.0
nvbench2:dev:422,llama3.2:3b,direct_rich,arc,5,5,stop,355,0.0,0.0,0.0,0.0,0.0,0.0,1.0
nvbench2:dev:436,llama3.2:3b,direct_rich,point,5,5,stop,277,0.0,0.0,0.0,0.0,0.0,0.0,1.0
nvbench2:dev:444,llama3.2:3b,direct_rich,point,5,5,stop,284,0.0,0.0,0.0,0.0,0.0,0.0,1.0
nvbench2:dev:445,llama3.2:3b,direct_rich,boxplot,5,5,stop,275,0.0,0.0,0.0,0.0,0.0,0.0,1.0
nvbench2:dev:455,llama3.2:3b,direct_rich,bar,5,5,stop,294,0.0,0.0,0.0,0.0,0.0,0.0,1.0
nvbench2:dev:457,llama3.2:3b,direct_rich,arc,5,5,stop,319,0.0,0.0,0.0,0.0,0.0,0.0,1.0
nvbench2:dev:462,llama3.2:3b,direct_rich,bar,5,5,stop,294,0.0,0.0,0.0,0.0,0.0,0.0,1.0
nvbench2:dev:463,llama3.2:3b,direct_rich,bar+line+point,5,5,stop,328,0.0,0.0,0.0,0.0,0.0,0.0,1.0
nvbench2:dev:465,llama3.2:3b,direct_rich,arc,5,5,stop,318,0.0,0.0,0.0,0.0,0.0,0.0,1.0
nvbench2:dev:470,llama3.2:3b,direct_rich,boxplot,2,2,stop,101,0.0,0.0,0.0,1.0,0.0,0.0,0.0
nvbench2:dev:475,llama3.2:3b,direct_rich,bar+line,5,5,stop,335,0.0,0.0,0.0,0.0,0.0,0.0,1.0
nvbench2:dev:485,llama3.2:3b,direct_rich,bar,4,4,stop,211,0.0,0.0,0.0,0.0,0.0,1.0,0.0
nvbench2:dev:492,llama3.2:3b,direct_rich,arc,5,5,stop,289,0.0,0.0,0.0,0.0,0.0,0.0,1.0
nvbench2:dev:495,llama3.2:3b,direct_rich,boxplot,2,2,stop,116,0.0,0.0,0.0,1.0,0.0,0.0,0.0
nvbench2:dev:498,llama3.2:3b,direct_rich,arc,2,2,stop,352,0.0,0.0,0.0,1.0,0.0,0.0,0.0
nvbench2:dev:499,llama3.2:3b,direct_rich,line,5,5,stop,326,0.0,0.0,0.0,0.0,0.0,0.0,1.0
nvbench2:dev:507,llama3.2:3b,direct_rich,rect,5,5,stop,319,0.0,0.0,0.0,0.0,0.0,0.0,1.0
nvbench2:dev:508,llama3.2:3b,direct_rich,arc,5,5,stop,192,0.0,0.0,0.0,0.0,0.0,0.0,1.0
nvbench2:dev:515,llama3.2:3b,direct_rich,line,5,5,stop,316,0.0,0.0,0.0,0.0,0.0,0.0,1.0
nvbench2:dev:531,llama3.2:3b,direct_rich,bar,5,5,stop,278,0.0,0.0,0.0,0.0,0.0,0.0,1.0
nvbench2:dev:538,llama3.2:3b,direct_rich,arc,1,1,stop,76,0.0,0.0,1.0,0.0,0.0,0.0,0.0
nvbench2:dev:540,llama3.2:3b,direct_rich,bar,5,5,stop,254,0.0,0.0,0.0,0.0,0.0,0.0,1.0
nvbench2:dev:551,llama3.2:3b,direct_rich,line,2,2,stop,110,0.0,0.0,0.0,1.0,0.0,0.0,0.0
nvbench2:dev:554,llama3.2:3b,direct_rich,point,5,5,stop,271,0.0,0.0,0.0,0.0,0.0,0.0,1.0
nvbench2:dev:562,llama3.2:3b,direct_rich,bar,5,5,stop,265,0.0,0.0,0.0,0.0,0.0,0.0,1.0
nvbench2:dev:568,llama3.2:3b,direct_rich,line,2,2,stop,114,0.0,0.0,0.0,1.0,0.0,0.0,0.0
nvbench2:dev:571,llama3.2:3b,direct_rich,rect,5,5,stop,326,0.0,0.0,0.0,0.0,0.0,0.0,1.0
nvbench2:dev:572,llama3.2:3b,direct_rich,bar,5,5,stop,294,0.0,0.0,0.0,0.0,0.0,0.0,1.0
nvbench2:dev:573,llama3.2:3b,direct_rich,point,5,5,stop,286,0.0,0.0,0.0,0.0,0.0,0.0,1.0
nvbench2:dev:603,llama3.2:3b,direct_rich,rect,5,5,stop,259,0.0,0.0,0.0,0.0,0.0,0.0,1.0
nvbench2:dev:605,llama3.2:3b,direct_rich,line,5,5,stop,273,0.0,0.0,0.0,0.0,0.0,0.0,1.0
nvbench2:dev:606,llama3.2:3b,direct_rich,bar,5,5,stop,276,0.0,0.0,0.0,0.0,0.0,0.0,1.0
nvbench2:dev:612,llama3.2:3b,direct_rich,arc,5,5,stop,303,0.0,0.0,0.0,0.0,0.0,0.0,1.0
nvbench2:dev:614,llama3.2:3b,direct_rich,bar,5,5,stop,287,0.0,0.0,0.0,0.0,0.0,0.0,1.0
nvbench2:dev:628,llama3.2:3b,direct_rich,rect,5,5,stop,289,0.0,0.0,0.0,0.0,0.0,0.0,1.0
nvbench2:dev:641,llama3.2:3b,direct_rich,rect,4,4,stop,280,0.0,0.0,0.0,0.0,0.0,1.0,0.0
nvbench2:dev:642,llama3.2:3b,direct_rich,line,4,4,stop,372,0.0,0.0,0.0,0.0,0.0,1.0,0.0
nvbench2:dev:644,llama3.2:3b,direct_rich,bar+line,5,5,stop,283,0.0,0.0,0.0,0.0,0.0,0.0,1.0
nvbench2:dev:647,llama3.2:3b,direct_rich,bar,5,5,stop,304,0.0,0.0,0.0,0.0,0.0,0.0,1.0
nvbench2:dev:651,llama3.2:3b,direct_rich,bar,5,5,stop,298,0.0,0.0,0.0,0.0,0.0,0.0,1.0
nvbench2:dev:655,llama3.2:3b,direct_rich,line,5,5,stop,340,0.0,0.0,0.0,0.0,0.0,0.0,1.0
nvbench2:dev:666,llama3.2:3b,direct_rich,line,5,5,stop,286,0.0,0.0,0.0,0.0,0.0,0.0,1.0
nvbench2:dev:672,llama3.2:3b,direct_rich,bar,5,5,stop,290,0.0,0.0,0.0,0.0,0.0,0.0,1.0
nvbench2:dev:675,llama3.2:3b,direct_rich,bar,5,5,stop,288,0.0,0.0,0.0,0.0,0.0,0.0,1.0
nvbench2:dev:681,llama3.2:3b,direct_rich,bar,5,5,stop,352,0.0,0.0,0.0,0.0,0.0,0.0,1.0
nvbench2:dev:683,llama3.2:3b,direct_rich,bar,4,4,stop,369,0.0,0.0,0.0,0.0,0.0,1.0,0.0
nvbench2:dev:684,llama3.2:3b,direct_rich,bar,5,5,stop,345,0.0,0.0,0.0,0.0,0.0,0.0,1.0
nvbench2:dev:713,llama3.2:3b,direct_rich,bar,5,5,stop,354,0.0,0.0,0.0,0.0,0.0,0.0,1.0
nvbench2:dev:715,llama3.2:3b,direct_rich,point,5,5,stop,329,0.0,0.0,0.0,0.0,0.0,0.0,1.0
nvbench2:dev:716,llama3.2:3b,direct_rich,boxplot,5,5,stop,234,0.0,0.0,0.0,0.0,0.0,0.0,1.0
nvbench2:dev:717,llama3.2:3b,direct_rich,boxplot,5,5,stop,286,0.0,0.0,0.0,0.0,0.0,0.0,1.0
nvbench2:dev:718,llama3.2:3b,direct_rich,boxplot,5,5,stop,261,0.0,0.0,0.0,0.0,0.0,0.0,1.0
nvbench2:dev:719,llama3.2:3b,direct_rich,arc,5,5,stop,367,0.0,0.0,0.0,0.0,0.0,0.0,1.0
nvbench2:dev:721,llama3.2:3b,direct_rich,boxplot,5,5,stop,264,0.0,0.0,0.0,0.0,0.0,0.0,1.0
nvbench2:dev:723,llama3.2:3b,direct_rich,boxplot,5,5,stop,231,0.0,0.0,0.0,0.0,0.0,0.0,1.0
nvbench2:dev:725,llama3.2:3b,direct_rich,boxplot,5,5,stop,248,0.0,0.0,0.0,0.0,0.0,0.0,1.0
nvbench2:dev:732,llama3.2:3b,direct_rich,bar+line+rect,5,5,stop,295,0.0,0.0,0.0,0.0,0.0,0.0,1.0
nvbench2:dev:733,llama3.2:3b,direct_rich,bar+line+rect,5,5,stop,283,0.0,0.0,0.0,0.0,0.0,0.0,1.0
nvbench2:dev:17,llama3.2:3b,staged,line,5,5,stop,2000,0.0,0.0,0.0,0.0,0.0,0.0,1.0
nvbench2:dev:22,llama3.2:3b,staged,boxplot,1,1,stop,425,0.0,0.0,1.0,0.0,0.0,0.0,0.0
nvbench2:dev:23,llama3.2:3b,staged,point,1,1,stop,428,0.0,0.0,1.0,0.0,0.0,0.0,0.0
nvbench2:dev:25,llama3.2:3b,staged,rect,5,5,stop,712,0.0,0.0,0.0,0.0,0.0,0.0,1.0
nvbench2:dev:33,llama3.2:3b,staged,arc,2,2,stop,568,0.0,0.0,0.0,1.0,0.0,0.0,0.0
nvbench2:dev:34,llama3.2:3b,staged,point,2,2,stop,445,0.0,0.0,0.0,1.0,0.0,0.0,0.0
nvbench2:dev:35,llama3.2:3b,staged,bar+line+point+rect,1,1,stop,371,0.0,0.0,1.0,0.0,0.0,0.0,0.0
nvbench2:dev:39,llama3.2:3b,staged,arc,1,1,stop,368,0.0,0.0,1.0,0.0,0.0,0.0,0.0
nvbench2:dev:40,llama3.2:3b,staged,rect,5,5,stop,694,0.0,0.0,0.0,0.0,0.0,0.0,1.0
nvbench2:dev:41,llama3.2:3b,staged,arc,2,2,stop,507,0.0,0.0,0.0,1.0,0.0,0.0,0.0
nvbench2:dev:48,llama3.2:3b,staged,arc,1,1,stop,449,0.0,0.0,1.0,0.0,0.0,0.0,0.0
nvbench2:dev:49,llama3.2:3b,staged,line,5,5,stop,593,0.0,0.0,0.0,0.0,0.0,0.0,1.0
nvbench2:dev:51,llama3.2:3b,staged,bar,1,1,stop,410,0.0,0.0,1.0,0.0,0.0,0.0,0.0
nvbench2:dev:54,llama3.2:3b,staged,bar,1,1,stop,382,0.0,0.0,1.0,0.0,0.0,0.0,0.0
nvbench2:dev:57,llama3.2:3b,staged,rect,3,3,stop,521,0.0,0.0,0.0,0.0,1.0,0.0,0.0
nvbench2:dev:61,llama3.2:3b,staged,arc,1,1,stop,386,0.0,0.0,1.0,0.0,0.0,0.0,0.0
nvbench2:dev:63,llama3.2:3b,staged,arc,5,5,stop,753,0.0,0.0,0.0,0.0,0.0,0.0,1.0
nvbench2:dev:68,llama3.2:3b,staged,arc,5,5,stop,611,0.0,0.0,0.0,0.0,0.0,0.0,1.0
nvbench2:dev:72,llama3.2:3b,staged,arc,1,1,stop,438,0.0,0.0,1.0,0.0,0.0,0.0,0.0
nvbench2:dev:73,llama3.2:3b,staged,arc,2,2,stop,450,0.0,0.0,0.0,1.0,0.0,0.0,0.0
nvbench2:dev:76,llama3.2:3b,staged,bar,1,1,stop,386,0.0,0.0,1.0,0.0,0.0,0.0,0.0
nvbench2:dev:83,llama3.2:3b,staged,arc,0,0,length,3072,1.0,1.0,0.0,0.0,0.0,0.0,0.0
nvbench2:dev:84,llama3.2:3b,staged,rect,5,5,stop,765,0.0,0.0,0.0,0.0,0.0,0.0,1.0
nvbench2:dev:89,llama3.2:3b,staged,arc,5,5,stop,596,0.0,0.0,0.0,0.0,0.0,0.0,1.0
nvbench2:dev:92,llama3.2:3b,staged,arc,1,1,stop,407,0.0,0.0,1.0,0.0,0.0,0.0,0.0
nvbench2:dev:97,llama3.2:3b,staged,line,2,2,stop,508,0.0,0.0,0.0,1.0,0.0,0.0,0.0
nvbench2:dev:103,llama3.2:3b,staged,boxplot,5,5,stop,690,0.0,0.0,0.0,0.0,0.0,0.0,1.0
nvbench2:dev:105,llama3.2:3b,staged,arc,1,1,stop,368,0.0,0.0,1.0,0.0,0.0,0.0,0.0
nvbench2:dev:108,llama3.2:3b,staged,boxplot,1,1,stop,494,0.0,0.0,1.0,0.0,0.0,0.0,0.0
nvbench2:dev:112,llama3.2:3b,staged,boxplot,1,1,stop,440,0.0,0.0,1.0,0.0,0.0,0.0,0.0
nvbench2:dev:114,llama3.2:3b,staged,line,1,1,stop,347,0.0,0.0,1.0,0.0,0.0,0.0,0.0
nvbench2:dev:116,llama3.2:3b,staged,arc,1,1,stop,355,0.0,0.0,1.0,0.0,0.0,0.0,0.0
nvbench2:dev:118,llama3.2:3b,staged,rect,2,2,stop,473,0.0,0.0,0.0,1.0,0.0,0.0,0.0
nvbench2:dev:127,llama3.2:3b,staged,arc,5,5,stop,772,0.0,0.0,0.0,0.0,0.0,0.0,1.0
nvbench2:dev:136,llama3.2:3b,staged,boxplot,1,1,stop,494,0.0,0.0,1.0,0.0,0.0,0.0,0.0
nvbench2:dev:138,llama3.2:3b,staged,bar,1,1,stop,464,0.0,0.0,1.0,0.0,0.0,0.0,0.0
nvbench2:dev:139,llama3.2:3b,staged,line,2,2,stop,427,0.0,0.0,0.0,1.0,0.0,0.0,0.0
nvbench2:dev:143,llama3.2:3b,staged,rect,3,3,stop,471,0.0,0.0,0.0,0.0,1.0,0.0,0.0
nvbench2:dev:144,llama3.2:3b,staged,bar,2,2,stop,455,0.0,0.0,0.0,1.0,0.0,0.0,0.0
nvbench2:dev:149,llama3.2:3b,staged,point,5,5,stop,655,0.0,0.0,0.0,0.0,0.0,0.0,1.0
nvbench2:dev:157,llama3.2:3b,staged,point,1,1,stop,631,0.0,0.0,1.0,0.0,0.0,0.0,0.0
nvbench2:dev:158,llama3.2:3b,staged,point,1,1,stop,449,0.0,0.0,1.0,0.0,0.0,0.0,0.0
nvbench2:dev:165,llama3.2:3b,staged,line,1,1,stop,498,0.0,0.0,1.0,0.0,0.0,0.0,0.0
nvbench2:dev:167,llama3.2:3b,staged,bar,1,1,stop,350,0.0,0.0,1.0,0.0,0.0,0.0,0.0
nvbench2:dev:176,llama3.2:3b,staged,line,1,1,stop,644,0.0,0.0,1.0,0.0,0.0,0.0,0.0
nvbench2:dev:182,llama3.2:3b,staged,rect,2,2,stop,573,0.0,0.0,0.0,1.0,0.0,0.0,0.0
nvbench2:dev:188,llama3.2:3b,staged,rect,2,2,stop,490,0.0,0.0,0.0,1.0,0.0,0.0,0.0
nvbench2:dev:191,llama3.2:3b,staged,rect,5,5,stop,786,0.0,0.0,0.0,0.0,0.0,0.0,1.0
nvbench2:dev:203,llama3.2:3b,staged,bar+line,2,2,stop,556,0.0,0.0,0.0,1.0,0.0,0.0,0.0
nvbench2:dev:214,llama3.2:3b,staged,rect,2,2,stop,454,0.0,0.0,0.0,1.0,0.0,0.0,0.0
nvbench2:dev:223,llama3.2:3b,staged,boxplot,5,5,stop,645,0.0,0.0,0.0,0.0,0.0,0.0,1.0
nvbench2:dev:228,llama3.2:3b,staged,rect,5,5,stop,627,0.0,0.0,0.0,0.0,0.0,0.0,1.0
nvbench2:dev:232,llama3.2:3b,staged,arc,1,1,stop,367,0.0,0.0,1.0,0.0,0.0,0.0,0.0
nvbench2:dev:245,llama3.2:3b,staged,line,1,1,stop,479,0.0,0.0,1.0,0.0,0.0,0.0,0.0
nvbench2:dev:252,llama3.2:3b,staged,rect,2,2,stop,520,0.0,0.0,0.0,1.0,0.0,0.0,0.0
nvbench2:dev:253,llama3.2:3b,staged,arc+bar+line,1,1,stop,319,0.0,0.0,1.0,0.0,0.0,0.0,0.0
nvbench2:dev:255,llama3.2:3b,staged,bar,1,1,stop,339,0.0,0.0,1.0,0.0,0.0,0.0,0.0
nvbench2:dev:256,llama3.2:3b,staged,rect,5,5,stop,792,0.0,0.0,0.0,0.0,0.0,0.0,1.0
nvbench2:dev:259,llama3.2:3b,staged,point,5,5,stop,594,0.0,0.0,0.0,0.0,0.0,0.0,1.0
nvbench2:dev:278,llama3.2:3b,staged,arc,5,5,stop,533,0.0,0.0,0.0,0.0,0.0,0.0,1.0
nvbench2:dev:283,llama3.2:3b,staged,rect,2,2,stop,474,0.0,0.0,0.0,1.0,0.0,0.0,0.0
nvbench2:dev:286,llama3.2:3b,staged,bar,1,1,stop,360,0.0,0.0,1.0,0.0,0.0,0.0,0.0
nvbench2:dev:292,llama3.2:3b,staged,rect,2,2,stop,620,0.0,0.0,0.0,1.0,0.0,0.0,0.0
nvbench2:dev:296,llama3.2:3b,staged,bar,5,5,stop,677,0.0,0.0,0.0,0.0,0.0,0.0,1.0
nvbench2:dev:298,llama3.2:3b,staged,bar,5,5,stop,630,0.0,0.0,0.0,0.0,0.0,0.0,1.0
nvbench2:dev:300,llama3.2:3b,staged,arc,1,1,stop,391,0.0,0.0,1.0,0.0,0.0,0.0,0.0
nvbench2:dev:302,llama3.2:3b,staged,rect,2,2,stop,491,0.0,0.0,0.0,1.0,0.0,0.0,0.0
nvbench2:dev:307,llama3.2:3b,staged,rect,1,1,stop,528,0.0,0.0,1.0,0.0,0.0,0.0,0.0
nvbench2:dev:314,llama3.2:3b,staged,arc,1,1,stop,341,0.0,0.0,1.0,0.0,0.0,0.0,0.0
nvbench2:dev:315,llama3.2:3b,staged,bar,3,3,stop,522,0.0,0.0,0.0,0.0,1.0,0.0,0.0
nvbench2:dev:317,llama3.2:3b,staged,rect,2,2,stop,690,0.0,0.0,0.0,1.0,0.0,0.0,0.0
nvbench2:dev:319,llama3.2:3b,staged,boxplot,2,2,stop,485,0.0,0.0,0.0,1.0,0.0,0.0,0.0
nvbench2:dev:326,llama3.2:3b,staged,rect,3,3,stop,489,0.0,0.0,0.0,0.0,1.0,0.0,0.0
nvbench2:dev:327,llama3.2:3b,staged,boxplot,5,5,stop,570,0.0,0.0,0.0,0.0,0.0,0.0,1.0
nvbench2:dev:331,llama3.2:3b,staged,bar,1,1,stop,449,0.0,0.0,1.0,0.0,0.0,0.0,0.0
nvbench2:dev:332,llama3.2:3b,staged,arc,2,2,stop,462,0.0,0.0,0.0,1.0,0.0,0.0,0.0
nvbench2:dev:336,llama3.2:3b,staged,arc,5,5,stop,564,0.0,0.0,0.0,0.0,0.0,0.0,1.0
nvbench2:dev:338,llama3.2:3b,staged,rect,5,5,stop,532,0.0,0.0,0.0,0.0,0.0,0.0,1.0
nvbench2:dev:340,llama3.2:3b,staged,rect,5,5,stop,677,0.0,0.0,0.0,0.0,0.0,0.0,1.0
nvbench2:dev:346,llama3.2:3b,staged,bar+line+rect,2,2,stop,525,0.0,0.0,0.0,1.0,0.0,0.0,0.0
nvbench2:dev:358,llama3.2:3b,staged,bar,5,5,stop,561,0.0,0.0,0.0,0.0,0.0,0.0,1.0
nvbench2:dev:362,llama3.2:3b,staged,rect,1,1,stop,478,0.0,0.0,1.0,0.0,0.0,0.0,0.0
nvbench2:dev:367,llama3.2:3b,staged,bar,5,5,stop,921,0.0,0.0,0.0,0.0,0.0,0.0,1.0
nvbench2:dev:381,llama3.2:3b,staged,rect,3,3,stop,492,0.0,0.0,0.0,0.0,1.0,0.0,0.0
nvbench2:dev:383,llama3.2:3b,staged,rect,3,3,stop,547,0.0,0.0,0.0,0.0,1.0,0.0,0.0
nvbench2:dev:384,llama3.2:3b,staged,bar,1,1,stop,385,0.0,0.0,1.0,0.0,0.0,0.0,0.0
nvbench2:dev:388,llama3.2:3b,staged,rect,1,1,stop,458,0.0,0.0,1.0,0.0,0.0,0.0,0.0
nvbench2:dev:394,llama3.2:3b,staged,arc,1,1,stop,389,0.0,0.0,1.0,0.0,0.0,0.0,0.0
nvbench2:dev:398,llama3.2:3b,staged,line,3,3,stop,513,0.0,0.0,0.0,0.0,1.0,0.0,0.0
nvbench2:dev:403,llama3.2:3b,staged,point,1,1,stop,339,0.0,0.0,1.0,0.0,0.0,0.0,0.0
nvbench2:dev:405,llama3.2:3b,staged,bar,5,5,stop,532,0.0,0.0,0.0,0.0,0.0,0.0,1.0
nvbench2:dev:421,llama3.2:3b,staged,arc,5,5,stop,541,0.0,0.0,0.0,0.0,0.0,0.0,1.0
nvbench2:dev:422,llama3.2:3b,staged,arc,1,1,stop,534,0.0,0.0,1.0,0.0,0.0,0.0,0.0
nvbench2:dev:436,llama3.2:3b,staged,point,2,2,stop,481,0.0,0.0,0.0,1.0,0.0,0.0,0.0
nvbench2:dev:444,llama3.2:3b,staged,point,1,1,stop,418,0.0,0.0,1.0,0.0,0.0,0.0,0.0
nvbench2:dev:445,llama3.2:3b,staged,boxplot,3,3,stop,536,0.0,0.0,0.0,0.0,1.0,0.0,0.0
nvbench2:dev:455,llama3.2:3b,staged,bar,4,4,stop,705,0.0,0.0,0.0,0.0,0.0,1.0,0.0
nvbench2:dev:457,llama3.2:3b,staged,arc,1,1,stop,414,0.0,0.0,1.0,0.0,0.0,0.0,0.0
nvbench2:dev:462,llama3.2:3b,staged,bar,2,2,stop,481,0.0,0.0,0.0,1.0,0.0,0.0,0.0
nvbench2:dev:463,llama3.2:3b,staged,bar+line+point,5,5,stop,697,0.0,0.0,0.0,0.0,0.0,0.0,1.0
nvbench2:dev:465,llama3.2:3b,staged,arc,1,1,stop,366,0.0,0.0,1.0,0.0,0.0,0.0,0.0
nvbench2:dev:470,llama3.2:3b,staged,boxplot,1,1,stop,487,0.0,0.0,1.0,0.0,0.0,0.0,0.0
nvbench2:dev:475,llama3.2:3b,staged,bar+line,1,1,stop,413,0.0,0.0,1.0,0.0,0.0,0.0,0.0
nvbench2:dev:485,llama3.2:3b,staged,bar,1,1,stop,422,0.0,0.0,1.0,0.0,0.0,0.0,0.0
nvbench2:dev:492,llama3.2:3b,staged,arc,5,5,stop,595,0.0,0.0,0.0,0.0,0.0,0.0,1.0
nvbench2:dev:495,llama3.2:3b,staged,boxplot,3,3,stop,486,0.0,0.0,0.0,0.0,1.0,0.0,0.0
nvbench2:dev:498,llama3.2:3b,staged,arc,1,1,stop,475,0.0,0.0,1.0,0.0,0.0,0.0,0.0
nvbench2:dev:499,llama3.2:3b,staged,line,2,2,stop,442,0.0,0.0,0.0,1.0,0.0,0.0,0.0
nvbench2:dev:507,llama3.2:3b,staged,rect,2,2,stop,611,0.0,0.0,0.0,1.0,0.0,0.0,0.0
nvbench2:dev:508,llama3.2:3b,staged,arc,5,5,stop,650,0.0,0.0,0.0,0.0,0.0,0.0,1.0
nvbench2:dev:515,llama3.2:3b,staged,line,1,1,stop,346,0.0,0.0,1.0,0.0,0.0,0.0,0.0
nvbench2:dev:531,llama3.2:3b,staged,bar,1,1,stop,456,0.0,0.0,1.0,0.0,0.0,0.0,0.0
nvbench2:dev:538,llama3.2:3b,staged,arc,2,2,stop,425,0.0,0.0,0.0,1.0,0.0,0.0,0.0
nvbench2:dev:540,llama3.2:3b,staged,bar,5,5,stop,673,0.0,0.0,0.0,0.0,0.0,0.0,1.0
nvbench2:dev:551,llama3.2:3b,staged,line,1,1,stop,463,0.0,0.0,1.0,0.0,0.0,0.0,0.0
nvbench2:dev:554,llama3.2:3b,staged,point,3,3,stop,486,0.0,0.0,0.0,0.0,1.0,0.0,0.0
nvbench2:dev:562,llama3.2:3b,staged,bar,2,2,stop,407,0.0,0.0,0.0,1.0,0.0,0.0,0.0
nvbench2:dev:568,llama3.2:3b,staged,line,5,5,stop,549,0.0,0.0,0.0,0.0,0.0,0.0,1.0
nvbench2:dev:571,llama3.2:3b,staged,rect,1,1,stop,507,0.0,0.0,1.0,0.0,0.0,0.0,0.0
nvbench2:dev:572,llama3.2:3b,staged,bar,5,5,stop,765,0.0,0.0,0.0,0.0,0.0,0.0,1.0
nvbench2:dev:573,llama3.2:3b,staged,point,2,2,stop,541,0.0,0.0,0.0,1.0,0.0,0.0,0.0
nvbench2:dev:603,llama3.2:3b,staged,rect,2,2,stop,540,0.0,0.0,0.0,1.0,0.0,0.0,0.0
nvbench2:dev:605,llama3.2:3b,staged,line,5,5,stop,647,0.0,0.0,0.0,0.0,0.0,0.0,1.0
nvbench2:dev:606,llama3.2:3b,staged,bar,3,3,stop,547,0.0,0.0,0.0,0.0,1.0,0.0,0.0
nvbench2:dev:612,llama3.2:3b,staged,arc,2,2,stop,494,0.0,0.0,0.0,1.0,0.0,0.0,0.0
nvbench2:dev:614,llama3.2:3b,staged,bar,2,2,stop,433,0.0,0.0,0.0,1.0,0.0,0.0,0.0
nvbench2:dev:628,llama3.2:3b,staged,rect,1,1,stop,500,0.0,0.0,1.0,0.0,0.0,0.0,0.0
nvbench2:dev:641,llama3.2:3b,staged,rect,4,4,stop,752,0.0,0.0,0.0,0.0,0.0,1.0,0.0
nvbench2:dev:642,llama3.2:3b,staged,line,1,1,stop,396,0.0,0.0,1.0,0.0,0.0,0.0,0.0
nvbench2:dev:644,llama3.2:3b,staged,bar+line,5,5,stop,684,0.0,0.0,0.0,0.0,0.0,0.0,1.0
nvbench2:dev:647,llama3.2:3b,staged,bar,5,5,stop,628,0.0,0.0,0.0,0.0,0.0,0.0,1.0
nvbench2:dev:651,llama3.2:3b,staged,bar,5,5,stop,695,0.0,0.0,0.0,0.0,0.0,0.0,1.0
nvbench2:dev:655,llama3.2:3b,staged,line,2,2,stop,544,0.0,0.0,0.0,1.0,0.0,0.0,0.0
nvbench2:dev:666,llama3.2:3b,staged,line,5,5,stop,587,0.0,0.0,0.0,0.0,0.0,0.0,1.0
nvbench2:dev:672,llama3.2:3b,staged,bar,1,1,stop,420,0.0,0.0,1.0,0.0,0.0,0.0,0.0
nvbench2:dev:675,llama3.2:3b,staged,bar,2,2,stop,421,0.0,0.0,0.0,1.0,0.0,0.0,0.0
nvbench2:dev:681,llama3.2:3b,staged,bar,3,3,stop,804,0.0,0.0,0.0,0.0,1.0,0.0,0.0
nvbench2:dev:683,llama3.2:3b,staged,bar,3,3,stop,779,0.0,0.0,0.0,0.0,1.0,0.0,0.0
nvbench2:dev:684,llama3.2:3b,staged,bar,1,1,stop,359,0.0,0.0,1.0,0.0,0.0,0.0,0.0
nvbench2:dev:713,llama3.2:3b,staged,bar,1,1,stop,386,0.0,0.0,1.0,0.0,0.0,0.0,0.0
nvbench2:dev:715,llama3.2:3b,staged,point,2,2,stop,573,0.0,0.0,0.0,1.0,0.0,0.0,0.0
nvbench2:dev:716,llama3.2:3b,staged,boxplot,2,2,stop,534,0.0,0.0,0.0,1.0,0.0,0.0,0.0
nvbench2:dev:717,llama3.2:3b,staged,boxplot,5,5,stop,638,0.0,0.0,0.0,0.0,0.0,0.0,1.0
nvbench2:dev:718,llama3.2:3b,staged,boxplot,5,5,stop,659,0.0,0.0,0.0,0.0,0.0,0.0,1.0
nvbench2:dev:719,llama3.2:3b,staged,arc,1,1,stop,361,0.0,0.0,1.0,0.0,0.0,0.0,0.0
nvbench2:dev:721,llama3.2:3b,staged,boxplot,5,5,stop,524,0.0,0.0,0.0,0.0,0.0,0.0,1.0
nvbench2:dev:723,llama3.2:3b,staged,boxplot,1,1,stop,408,0.0,0.0,1.0,0.0,0.0,0.0,0.0
nvbench2:dev:725,llama3.2:3b,staged,boxplot,5,5,stop,767,0.0,0.0,0.0,0.0,0.0,0.0,1.0
nvbench2:dev:732,llama3.2:3b,staged,bar+line+rect,3,3,stop,543,0.0,0.0,0.0,0.0,1.0,0.0,0.0
nvbench2:dev:733,llama3.2:3b,staged,bar+line+rect,5,5,stop,631,0.0,0.0,0.0,0.0,0.0,0.0,1.0
nvbench2:dev:17,mistral-small:24b,direct,line,1,1,stop,89,0.0,0.0,1.0,0.0,0.0,0.0,0.0
nvbench2:dev:22,mistral-small:24b,direct,boxplot,5,5,stop,247,0.0,0.0,0.0,0.0,0.0,0.0,1.0
nvbench2:dev:23,mistral-small:24b,direct,point,3,3,stop,173,0.0,0.0,0.0,0.0,1.0,0.0,0.0
nvbench2:dev:25,mistral-small:24b,direct,rect,5,5,stop,293,0.0,0.0,0.0,0.0,0.0,0.0,1.0
nvbench2:dev:33,mistral-small:24b,direct,arc,3,3,stop,163,0.0,0.0,0.0,0.0,1.0,0.0,0.0
nvbench2:dev:34,mistral-small:24b,direct,point,3,3,stop,146,0.0,0.0,0.0,0.0,1.0,0.0,0.0
nvbench2:dev:35,mistral-small:24b,direct,bar+line+point+rect,3,3,stop,167,0.0,0.0,0.0,0.0,1.0,0.0,0.0
nvbench2:dev:39,mistral-small:24b,direct,arc,1,1,stop,94,0.0,0.0,1.0,0.0,0.0,0.0,0.0
nvbench2:dev:40,mistral-small:24b,direct,rect,5,5,stop,312,0.0,0.0,0.0,0.0,0.0,0.0,1.0
nvbench2:dev:41,mistral-small:24b,direct,arc,2,2,stop,103,0.0,0.0,0.0,1.0,0.0,0.0,0.0
nvbench2:dev:48,mistral-small:24b,direct,arc,2,2,stop,103,0.0,0.0,0.0,1.0,0.0,0.0,0.0
nvbench2:dev:49,mistral-small:24b,direct,line,2,2,stop,117,0.0,0.0,0.0,1.0,0.0,0.0,0.0
nvbench2:dev:51,mistral-small:24b,direct,bar,1,1,stop,89,0.0,0.0,1.0,0.0,0.0,0.0,0.0
nvbench2:dev:54,mistral-small:24b,direct,bar,3,3,stop,149,0.0,0.0,0.0,0.0,1.0,0.0,0.0
nvbench2:dev:57,mistral-small:24b,direct,rect,5,5,stop,281,0.0,0.0,0.0,0.0,0.0,0.0,1.0
nvbench2:dev:61,mistral-small:24b,direct,arc,2,2,stop,103,0.0,0.0,0.0,1.0,0.0,0.0,0.0
nvbench2:dev:63,mistral-small:24b,direct,arc,5,5,stop,242,0.0,0.0,0.0,0.0,0.0,0.0,1.0
nvbench2:dev:68,mistral-small:24b,direct,arc,1,1,stop,96,0.0,0.0,1.0,0.0,0.0,0.0,0.0
nvbench2:dev:72,mistral-small:24b,direct,arc,1,1,stop,94,0.0,0.0,1.0,0.0,0.0,0.0,0.0
nvbench2:dev:73,mistral-small:24b,direct,arc,2,2,stop,91,0.0,0.0,0.0,1.0,0.0,0.0,0.0
nvbench2:dev:76,mistral-small:24b,direct,bar,1,1,stop,90,0.0,0.0,1.0,0.0,0.0,0.0,0.0
nvbench2:dev:83,mistral-small:24b,direct,arc,2,2,stop,103,0.0,0.0,0.0,1.0,0.0,0.0,0.0
nvbench2:dev:84,mistral-small:24b,direct,rect,5,5,stop,273,0.0,0.0,0.0,0.0,0.0,0.0,1.0
nvbench2:dev:89,mistral-small:24b,direct,arc,3,3,stop,163,0.0,0.0,0.0,0.0,1.0,0.0,0.0
nvbench2:dev:92,mistral-small:24b,direct,arc,1,1,stop,87,0.0,0.0,1.0,0.0,0.0,0.0,0.0
nvbench2:dev:97,mistral-small:24b,direct,line,1,1,stop,87,0.0,0.0,1.0,0.0,0.0,0.0,0.0
nvbench2:dev:103,mistral-small:24b,direct,boxplot,3,3,stop,171,0.0,0.0,0.0,0.0,1.0,0.0,0.0
nvbench2:dev:105,mistral-small:24b,direct,arc,2,2,stop,117,0.0,0.0,0.0,1.0,0.0,0.0,0.0
nvbench2:dev:108,mistral-small:24b,direct,boxplot,3,3,stop,161,0.0,0.0,0.0,0.0,1.0,0.0,0.0
nvbench2:dev:112,mistral-small:24b,direct,boxplot,1,1,stop,85,0.0,0.0,1.0,0.0,0.0,0.0,0.0
nvbench2:dev:114,mistral-small:24b,direct,line,1,1,stop,97,0.0,0.0,1.0,0.0,0.0,0.0,0.0
nvbench2:dev:116,mistral-small:24b,direct,arc,1,1,stop,95,0.0,0.0,1.0,0.0,0.0,0.0,0.0
nvbench2:dev:118,mistral-small:24b,direct,rect,2,2,stop,137,0.0,0.0,0.0,1.0,0.0,0.0,0.0
nvbench2:dev:127,mistral-small:24b,direct,arc,2,2,stop,103,0.0,0.0,0.0,1.0,0.0,0.0,0.0
nvbench2:dev:136,mistral-small:24b,direct,boxplot,5,5,stop,280,0.0,0.0,0.0,0.0,0.0,0.0,1.0
nvbench2:dev:138,mistral-small:24b,direct,bar,1,1,stop,88,0.0,0.0,1.0,0.0,0.0,0.0,0.0
nvbench2:dev:139,mistral-small:24b,direct,line,2,2,stop,105,0.0,0.0,0.0,1.0,0.0,0.0,0.0
nvbench2:dev:143,mistral-small:24b,direct,rect,2,2,stop,117,0.0,0.0,0.0,1.0,0.0,0.0,0.0
nvbench2:dev:144,mistral-small:24b,direct,bar,2,2,stop,110,0.0,0.0,0.0,1.0,0.0,0.0,0.0
nvbench2:dev:149,mistral-small:24b,direct,point,4,4,stop,278,0.0,0.0,0.0,0.0,0.0,1.0,0.0
nvbench2:dev:157,mistral-small:24b,direct,point,5,5,stop,263,0.0,0.0,0.0,0.0,0.0,0.0,1.0
nvbench2:dev:158,mistral-small:24b,direct,point,1,1,stop,79,0.0,0.0,1.0,0.0,0.0,0.0,0.0
nvbench2:dev:165,mistral-small:24b,direct,line,1,1,stop,116,0.0,0.0,1.0,0.0,0.0,0.0,0.0
nvbench2:dev:167,mistral-small:24b,direct,bar,1,1,stop,85,0.0,0.0,1.0,0.0,0.0,0.0,0.0
nvbench2:dev:176,mistral-small:24b,direct,line,2,2,stop,105,0.0,0.0,0.0,1.0,0.0,0.0,0.0
nvbench2:dev:182,mistral-small:24b,direct,rect,5,5,stop,358,0.0,0.0,0.0,0.0,0.0,0.0,1.0
nvbench2:dev:188,mistral-small:24b,direct,rect,5,5,stop,341,0.0,0.0,0.0,0.0,0.0,0.0,1.0
nvbench2:dev:191,mistral-small:24b,direct,rect,4,4,stop,228,0.0,0.0,0.0,0.0,0.0,1.0,0.0
nvbench2:dev:203,mistral-small:24b,direct,bar+line,5,5,stop,238,0.0,0.0,0.0,0.0,0.0,0.0,1.0
nvbench2:dev:214,mistral-small:24b,direct,rect,5,5,stop,276,0.0,0.0,0.0,0.0,0.0,0.0,1.0
nvbench2:dev:223,mistral-small:24b,direct,boxplot,2,2,stop,105,0.0,0.0,0.0,1.0,0.0,0.0,0.0
nvbench2:dev:228,mistral-small:24b,direct,rect,2,2,stop,154,0.0,0.0,0.0,1.0,0.0,0.0,0.0
nvbench2:dev:232,mistral-small:24b,direct,arc,3,3,stop,150,0.0,0.0,0.0,0.0,1.0,0.0,0.0
nvbench2:dev:245,mistral-small:24b,direct,line,1,1,stop,88,0.0,0.0,1.0,0.0,0.0,0.0,0.0
nvbench2:dev:252,mistral-small:24b,direct,rect,1,1,stop,93,0.0,0.0,1.0,0.0,0.0,0.0,0.0
nvbench2:dev:253,mistral-small:24b,direct,arc+bar+line,3,3,stop,149,0.0,0.0,0.0,0.0,1.0,0.0,0.0
nvbench2:dev:255,mistral-small:24b,direct,bar,1,1,stop,85,0.0,0.0,1.0,0.0,0.0,0.0,0.0
nvbench2:dev:256,mistral-small:24b,direct,rect,1,1,stop,122,0.0,0.0,1.0,0.0,0.0,0.0,0.0
nvbench2:dev:259,mistral-small:24b,direct,point,5,5,stop,261,0.0,0.0,0.0,0.0,0.0,0.0,1.0
nvbench2:dev:278,mistral-small:24b,direct,arc,2,2,stop,103,0.0,0.0,0.0,1.0,0.0,0.0,0.0
nvbench2:dev:283,mistral-small:24b,direct,rect,1,1,stop,92,0.0,0.0,1.0,0.0,0.0,0.0,0.0
nvbench2:dev:286,mistral-small:24b,direct,bar,2,2,stop,109,0.0,0.0,0.0,1.0,0.0,0.0,0.0
nvbench2:dev:292,mistral-small:24b,direct,rect,5,5,stop,483,0.0,0.0,0.0,0.0,0.0,0.0,1.0
nvbench2:dev:296,mistral-small:24b,direct,bar,5,5,stop,276,0.0,0.0,0.0,0.0,0.0,0.0,1.0
nvbench2:dev:298,mistral-small:24b,direct,bar,3,3,stop,167,0.0,0.0,0.0,0.0,1.0,0.0,0.0
nvbench2:dev:300,mistral-small:24b,direct,arc,5,5,stop,186,0.0,0.0,0.0,0.0,0.0,0.0,1.0
nvbench2:dev:302,mistral-small:24b,direct,rect,2,2,stop,105,0.0,0.0,0.0,1.0,0.0,0.0,0.0
nvbench2:dev:307,mistral-small:24b,direct,rect,1,1,stop,116,0.0,0.0,1.0,0.0,0.0,0.0,0.0
nvbench2:dev:314,mistral-small:24b,direct,arc,2,2,stop,103,0.0,0.0,0.0,1.0,0.0,0.0,0.0
nvbench2:dev:315,mistral-small:24b,direct,bar,3,3,stop,165,0.0,0.0,0.0,0.0,1.0,0.0,0.0
nvbench2:dev:317,mistral-small:24b,direct,rect,1,1,stop,120,0.0,0.0,1.0,0.0,0.0,0.0,0.0
nvbench2:dev:319,mistral-small:24b,direct,boxplot,3,3,stop,169,0.0,0.0,0.0,0.0,1.0,0.0,0.0
nvbench2:dev:326,mistral-small:24b,direct,rect,1,1,stop,106,0.0,0.0,1.0,0.0,0.0,0.0,0.0
nvbench2:dev:327,mistral-small:24b,direct,boxplot,3,3,stop,161,0.0,0.0,0.0,0.0,1.0,0.0,0.0
nvbench2:dev:331,mistral-small:24b,direct,bar,1,1,stop,109,0.0,0.0,1.0,0.0,0.0,0.0,0.0
nvbench2:dev:332,mistral-small:24b,direct,arc,3,3,stop,149,0.0,0.0,0.0,0.0,1.0,0.0,0.0
nvbench2:dev:336,mistral-small:24b,direct,arc,1,1,stop,80,0.0,0.0,1.0,0.0,0.0,0.0,0.0
nvbench2:dev:338,mistral-small:24b,direct,rect,3,3,stop,157,0.0,0.0,0.0,0.0,1.0,0.0,0.0
nvbench2:dev:340,mistral-small:24b,direct,rect,2,2,stop,103,0.0,0.0,0.0,1.0,0.0,0.0,0.0
nvbench2:dev:346,mistral-small:24b,direct,bar+line+rect,1,1,stop,88,0.0,0.0,1.0,0.0,0.0,0.0,0.0
nvbench2:dev:358,mistral-small:24b,direct,bar,5,5,stop,314,0.0,0.0,0.0,0.0,0.0,0.0,1.0
nvbench2:dev:362,mistral-small:24b,direct,rect,4,4,stop,309,0.0,0.0,0.0,0.0,0.0,1.0,0.0
nvbench2:dev:367,mistral-small:24b,direct,bar,2,2,stop,103,0.0,0.0,0.0,1.0,0.0,0.0,0.0
nvbench2:dev:381,mistral-small:24b,direct,rect,3,3,stop,193,0.0,0.0,0.0,0.0,1.0,0.0,0.0
nvbench2:dev:383,mistral-small:24b,direct,rect,2,2,stop,101,0.0,0.0,0.0,1.0,0.0,0.0,0.0
nvbench2:dev:384,mistral-small:24b,direct,bar,1,1,stop,113,0.0,0.0,1.0,0.0,0.0,0.0,0.0
nvbench2:dev:388,mistral-small:24b,direct,rect,1,1,stop,115,0.0,0.0,1.0,0.0,0.0,0.0,0.0
nvbench2:dev:394,mistral-small:24b,direct,arc,3,3,stop,148,0.0,0.0,0.0,0.0,1.0,0.0,0.0
nvbench2:dev:398,mistral-small:24b,direct,line,2,2,stop,103,0.0,0.0,0.0,1.0,0.0,0.0,0.0
nvbench2:dev:403,mistral-small:24b,direct,point,1,1,stop,83,0.0,0.0,1.0,0.0,0.0,0.0,0.0
nvbench2:dev:405,mistral-small:24b,direct,bar,3,3,stop,147,0.0,0.0,0.0,0.0,1.0,0.0,0.0
nvbench2:dev:421,mistral-small:24b,direct,arc,5,5,stop,239,0.0,0.0,0.0,0.0,0.0,0.0,1.0
nvbench2:dev:422,mistral-small:24b,direct,arc,1,1,stop,96,0.0,0.0,1.0,0.0,0.0,0.0,0.0
nvbench2:dev:436,mistral-small:24b,direct,point,2,2,stop,101,0.0,0.0,0.0,1.0,0.0,0.0,0.0
nvbench2:dev:444,mistral-small:24b,direct,point,3,3,stop,398,0.0,0.0,0.0,0.0,1.0,0.0,0.0
nvbench2:dev:445,mistral-small:24b,direct,boxplot,2,2,stop,116,0.0,0.0,0.0,1.0,0.0,0.0,0.0
nvbench2:dev:455,mistral-small:24b,direct,bar,2,2,stop,104,0.0,0.0,0.0,1.0,0.0,0.0,0.0
nvbench2:dev:457,mistral-small:24b,direct,arc,2,2,stop,103,0.0,0.0,0.0,1.0,0.0,0.0,0.0
nvbench2:dev:462,mistral-small:24b,direct,bar,1,1,stop,95,0.0,0.0,1.0,0.0,0.0,0.0,0.0
nvbench2:dev:463,mistral-small:24b,direct,bar+line+point,1,1,stop,139,0.0,0.0,1.0,0.0,0.0,0.0,0.0
nvbench2:dev:465,mistral-small:24b,direct,arc,2,2,stop,101,0.0,0.0,0.0,1.0,0.0,0.0,0.0
nvbench2:dev:470,mistral-small:24b,direct,boxplot,2,2,stop,94,0.0,0.0,0.0,1.0,0.0,0.0,0.0
nvbench2:dev:475,mistral-small:24b,direct,bar+line,4,4,stop,237,0.0,0.0,0.0,0.0,0.0,1.0,0.0
nvbench2:dev:485,mistral-small:24b,direct,bar,1,1,stop,81,0.0,0.0,1.0,0.0,0.0,0.0,0.0
nvbench2:dev:492,mistral-small:24b,direct,arc,2,2,stop,117,0.0,0.0,0.0,1.0,0.0,0.0,0.0
nvbench2:dev:495,mistral-small:24b,direct,boxplot,3,3,stop,174,0.0,0.0,0.0,0.0,1.0,0.0,0.0
nvbench2:dev:498,mistral-small:24b,direct,arc,3,3,stop,263,0.0,0.0,0.0,0.0,1.0,0.0,0.0
nvbench2:dev:499,mistral-small:24b,direct,line,2,2,stop,105,0.0,0.0,0.0,1.0,0.0,0.0,0.0
nvbench2:dev:507,mistral-small:24b,direct,rect,3,3,stop,347,0.0,0.0,0.0,0.0,1.0,0.0,0.0
nvbench2:dev:508,mistral-small:24b,direct,arc,2,2,stop,101,0.0,0.0,0.0,1.0,0.0,0.0,0.0
nvbench2:dev:515,mistral-small:24b,direct,line,1,1,stop,85,0.0,0.0,1.0,0.0,0.0,0.0,0.0
nvbench2:dev:531,mistral-small:24b,direct,bar,3,3,stop,163,0.0,0.0,0.0,0.0,1.0,0.0,0.0
nvbench2:dev:538,mistral-small:24b,direct,arc,2,2,stop,103,0.0,0.0,0.0,1.0,0.0,0.0,0.0
nvbench2:dev:540,mistral-small:24b,direct,bar,2,2,stop,111,0.0,0.0,0.0,1.0,0.0,0.0,0.0
nvbench2:dev:551,mistral-small:24b,direct,line,2,2,stop,105,0.0,0.0,0.0,1.0,0.0,0.0,0.0
nvbench2:dev:554,mistral-small:24b,direct,point,2,2,stop,91,0.0,0.0,0.0,1.0,0.0,0.0,0.0
nvbench2:dev:562,mistral-small:24b,direct,bar,5,5,stop,355,0.0,0.0,0.0,0.0,0.0,0.0,1.0
nvbench2:dev:568,mistral-small:24b,direct,line,2,2,stop,103,0.0,0.0,0.0,1.0,0.0,0.0,0.0
nvbench2:dev:571,mistral-small:24b,direct,rect,1,1,stop,136,0.0,0.0,1.0,0.0,0.0,0.0,0.0
nvbench2:dev:572,mistral-small:24b,direct,bar,2,2,stop,105,0.0,0.0,0.0,1.0,0.0,0.0,0.0
nvbench2:dev:573,mistral-small:24b,direct,point,5,5,stop,247,0.0,0.0,0.0,0.0,0.0,0.0,1.0
nvbench2:dev:603,mistral-small:24b,direct,rect,2,2,stop,111,0.0,0.0,0.0,1.0,0.0,0.0,0.0
nvbench2:dev:605,mistral-small:24b,direct,line,2,2,stop,103,0.0,0.0,0.0,1.0,0.0,0.0,0.0
nvbench2:dev:606,mistral-small:24b,direct,bar,2,2,stop,107,0.0,0.0,0.0,1.0,0.0,0.0,0.0
nvbench2:dev:612,mistral-small:24b,direct,arc,2,2,stop,103,0.0,0.0,0.0,1.0,0.0,0.0,0.0
nvbench2:dev:614,mistral-small:24b,direct,bar,5,5,stop,277,0.0,0.0,0.0,0.0,0.0,0.0,1.0
nvbench2:dev:628,mistral-small:24b,direct,rect,1,1,stop,131,0.0,0.0,1.0,0.0,0.0,0.0,0.0
nvbench2:dev:641,mistral-small:24b,direct,rect,3,3,stop,205,0.0,0.0,0.0,0.0,1.0,0.0,0.0
nvbench2:dev:642,mistral-small:24b,direct,line,1,1,stop,83,0.0,0.0,1.0,0.0,0.0,0.0,0.0
nvbench2:dev:644,mistral-small:24b,direct,bar+line,4,4,stop,280,0.0,0.0,0.0,0.0,0.0,1.0,0.0
nvbench2:dev:647,mistral-small:24b,direct,bar,5,5,stop,310,0.0,0.0,0.0,0.0,0.0,0.0,1.0
nvbench2:dev:651,mistral-small:24b,direct,bar,5,5,stop,244,0.0,0.0,0.0,0.0,0.0,0.0,1.0
nvbench2:dev:655,mistral-small:24b,direct,line,3,3,stop,352,0.0,0.0,0.0,0.0,1.0,0.0,0.0
nvbench2:dev:666,mistral-small:24b,direct,line,4,4,stop,264,0.0,0.0,0.0,0.0,0.0,1.0,0.0
nvbench2:dev:672,mistral-small:24b,direct,bar,3,3,stop,155,0.0,0.0,0.0,0.0,1.0,0.0,0.0
nvbench2:dev:675,mistral-small:24b,direct,bar,5,5,stop,249,0.0,0.0,0.0,0.0,0.0,0.0,1.0
nvbench2:dev:681,mistral-small:24b,direct,bar,3,3,stop,161,0.0,0.0,0.0,0.0,1.0,0.0,0.0
nvbench2:dev:683,mistral-small:24b,direct,bar,1,1,stop,114,0.0,0.0,1.0,0.0,0.0,0.0,0.0
nvbench2:dev:684,mistral-small:24b,direct,bar,2,2,stop,119,0.0,0.0,0.0,1.0,0.0,0.0,0.0
nvbench2:dev:713,mistral-small:24b,direct,bar,1,1,stop,84,0.0,0.0,1.0,0.0,0.0,0.0,0.0
nvbench2:dev:715,mistral-small:24b,direct,point,2,2,stop,101,0.0,0.0,0.0,1.0,0.0,0.0,0.0
nvbench2:dev:716,mistral-small:24b,direct,boxplot,3,3,stop,152,0.0,0.0,0.0,0.0,1.0,0.0,0.0
nvbench2:dev:717,mistral-small:24b,direct,boxplot,2,2,stop,96,0.0,0.0,0.0,1.0,0.0,0.0,0.0
nvbench2:dev:718,mistral-small:24b,direct,boxplot,3,3,stop,167,0.0,0.0,0.0,0.0,1.0,0.0,0.0
nvbench2:dev:719,mistral-small:24b,direct,arc,1,1,stop,94,0.0,0.0,1.0,0.0,0.0,0.0,0.0
nvbench2:dev:721,mistral-small:24b,direct,boxplot,1,1,stop,90,0.0,0.0,1.0,0.0,0.0,0.0,0.0
nvbench2:dev:723,mistral-small:24b,direct,boxplot,2,2,stop,83,0.0,0.0,0.0,1.0,0.0,0.0,0.0
nvbench2:dev:725,mistral-small:24b,direct,boxplot,3,3,stop,163,0.0,0.0,0.0,0.0,1.0,0.0,0.0
nvbench2:dev:732,mistral-small:24b,direct,bar+line+rect,3,3,stop,157,0.0,0.0,0.0,0.0,1.0,0.0,0.0
nvbench2:dev:733,mistral-small:24b,direct,bar+line+rect,5,5,stop,257,0.0,0.0,0.0,0.0,0.0,0.0,1.0
nvbench2:dev:17,mistral-small:24b,direct_rich,line,1,1,stop,89,0.0,0.0,1.0,0.0,0.0,0.0,0.0
nvbench2:dev:22,mistral-small:24b,direct_rich,boxplot,3,3,stop,158,0.0,0.0,0.0,0.0,1.0,0.0,0.0
nvbench2:dev:23,mistral-small:24b,direct_rich,point,3,3,stop,173,0.0,0.0,0.0,0.0,1.0,0.0,0.0
nvbench2:dev:25,mistral-small:24b,direct_rich,rect,5,5,stop,295,0.0,0.0,0.0,0.0,0.0,0.0,1.0
nvbench2:dev:33,mistral-small:24b,direct_rich,arc,1,1,stop,89,0.0,0.0,1.0,0.0,0.0,0.0,0.0
nvbench2:dev:34,mistral-small:24b,direct_rich,point,3,3,stop,141,0.0,0.0,0.0,0.0,1.0,0.0,0.0
nvbench2:dev:35,mistral-small:24b,direct_rich,bar+line+point+rect,1,1,stop,79,0.0,0.0,1.0,0.0,0.0,0.0,0.0
nvbench2:dev:39,mistral-small:24b,direct_rich,arc,1,1,stop,88,0.0,0.0,1.0,0.0,0.0,0.0,0.0
nvbench2:dev:40,mistral-small:24b,direct_rich,rect,2,2,stop,52,0.0,0.0,0.0,1.0,0.0,0.0,0.0
nvbench2:dev:41,mistral-small:24b,direct_rich,arc,2,2,stop,103,0.0,0.0,0.0,1.0,0.0,0.0,0.0
nvbench2:dev:48,mistral-small:24b,direct_rich,arc,2,2,stop,103,0.0,0.0,0.0,1.0,0.0,0.0,0.0
nvbench2:dev:49,mistral-small:24b,direct_rich,line,2,2,stop,117,0.0,0.0,0.0,1.0,0.0,0.0,0.0
nvbench2:dev:51,mistral-small:24b,direct_rich,bar,1,1,stop,85,0.0,0.0,1.0,0.0,0.0,0.0,0.0
nvbench2:dev:54,mistral-small:24b,direct_rich,bar,3,3,stop,149,0.0,0.0,0.0,0.0,1.0,0.0,0.0
nvbench2:dev:57,mistral-small:24b,direct_rich,rect,4,4,stop,312,0.0,0.0,0.0,0.0,0.0,1.0,0.0
nvbench2:dev:61,mistral-small:24b,direct_rich,arc,2,2,stop,103,0.0,0.0,0.0,1.0,0.0,0.0,0.0
nvbench2:dev:63,mistral-small:24b,direct_rich,arc,5,5,stop,242,0.0,0.0,0.0,0.0,0.0,0.0,1.0
nvbench2:dev:68,mistral-small:24b,direct_rich,arc,1,1,stop,96,0.0,0.0,1.0,0.0,0.0,0.0,0.0
nvbench2:dev:72,mistral-small:24b,direct_rich,arc,1,1,stop,88,0.0,0.0,1.0,0.0,0.0,0.0,0.0
nvbench2:dev:73,mistral-small:24b,direct_rich,arc,1,1,stop,31,0.0,0.0,1.0,0.0,0.0,0.0,0.0
nvbench2:dev:76,mistral-small:24b,direct_rich,bar,1,1,stop,84,0.0,0.0,1.0,0.0,0.0,0.0,0.0
nvbench2:dev:83,mistral-small:24b,direct_rich,arc,2,2,stop,103,0.0,0.0,0.0,1.0,0.0,0.0,0.0
nvbench2:dev:84,mistral-small:24b,direct_rich,rect,5,5,stop,275,0.0,0.0,0.0,0.0,0.0,0.0,1.0
nvbench2:dev:89,mistral-small:24b,direct_rich,arc,2,2,stop,101,0.0,0.0,0.0,1.0,0.0,0.0,0.0
nvbench2:dev:92,mistral-small:24b,direct_rich,arc,1,1,stop,87,0.0,0.0,1.0,0.0,0.0,0.0,0.0
nvbench2:dev:97,mistral-small:24b,direct_rich,line,1,1,stop,87,0.0,0.0,1.0,0.0,0.0,0.0,0.0
nvbench2:dev:103,mistral-small:24b,direct_rich,boxplot,3,3,stop,148,0.0,0.0,0.0,0.0,1.0,0.0,0.0
nvbench2:dev:105,mistral-small:24b,direct_rich,arc,2,2,stop,117,0.0,0.0,0.0,1.0,0.0,0.0,0.0
nvbench2:dev:108,mistral-small:24b,direct_rich,boxplot,2,2,stop,108,0.0,0.0,0.0,1.0,0.0,0.0,0.0
nvbench2:dev:112,mistral-small:24b,direct_rich,boxplot,1,1,stop,96,0.0,0.0,1.0,0.0,0.0,0.0,0.0
nvbench2:dev:114,mistral-small:24b,direct_rich,line,1,1,stop,107,0.0,0.0,1.0,0.0,0.0,0.0,0.0
nvbench2:dev:116,mistral-small:24b,direct_rich,arc,1,1,stop,89,0.0,0.0,1.0,0.0,0.0,0.0,0.0
nvbench2:dev:118,mistral-small:24b,direct_rich,rect,2,2,stop,137,0.0,0.0,0.0,1.0,0.0,0.0,0.0
nvbench2:dev:127,mistral-small:24b,direct_rich,arc,2,2,stop,103,0.0,0.0,0.0,1.0,0.0,0.0,0.0
nvbench2:dev:136,mistral-small:24b,direct_rich,boxplot,2,2,stop,119,0.0,0.0,0.0,1.0,0.0,0.0,0.0
nvbench2:dev:138,mistral-small:24b,direct_rich,bar,1,1,stop,88,0.0,0.0,1.0,0.0,0.0,0.0,0.0
nvbench2:dev:139,mistral-small:24b,direct_rich,line,2,2,stop,105,0.0,0.0,0.0,1.0,0.0,0.0,0.0
nvbench2:dev:143,mistral-small:24b,direct_rich,rect,1,1,stop,38,0.0,0.0,1.0,0.0,0.0,0.0,0.0
nvbench2:dev:144,mistral-small:24b,direct_rich,bar,2,2,stop,111,0.0,0.0,0.0,1.0,0.0,0.0,0.0
nvbench2:dev:149,mistral-small:24b,direct_rich,point,5,5,stop,259,0.0,0.0,0.0,0.0,0.0,0.0,1.0
nvbench2:dev:157,mistral-small:24b,direct_rich,point,5,5,stop,257,0.0,0.0,0.0,0.0,0.0,0.0,1.0
nvbench2:dev:158,mistral-small:24b,direct_rich,point,1,1,stop,79,0.0,0.0,1.0,0.0,0.0,0.0,0.0
nvbench2:dev:165,mistral-small:24b,direct_rich,line,1,1,stop,116,0.0,0.0,1.0,0.0,0.0,0.0,0.0
nvbench2:dev:167,mistral-small:24b,direct_rich,bar,1,1,stop,85,0.0,0.0,1.0,0.0,0.0,0.0,0.0
nvbench2:dev:176,mistral-small:24b,direct_rich,line,2,2,stop,105,0.0,0.0,0.0,1.0,0.0,0.0,0.0
nvbench2:dev:182,mistral-small:24b,direct_rich,rect,5,5,stop,288,0.0,0.0,0.0,0.0,0.0,0.0,1.0
nvbench2:dev:188,mistral-small:24b,direct_rich,rect,2,2,stop,123,0.0,0.0,0.0,1.0,0.0,0.0,0.0
nvbench2:dev:191,mistral-small:24b,direct_rich,rect,4,4,stop,228,0.0,0.0,0.0,0.0,0.0,1.0,0.0
nvbench2:dev:203,mistral-small:24b,direct_rich,bar+line,5,5,stop,238,0.0,0.0,0.0,0.0,0.0,0.0,1.0
nvbench2:dev:214,mistral-small:24b,direct_rich,rect,1,1,stop,28,0.0,0.0,1.0,0.0,0.0,0.0,0.0
nvbench2:dev:223,mistral-small:24b,direct_rich,boxplot,2,2,stop,105,0.0,0.0,0.0,1.0,0.0,0.0,0.0
nvbench2:dev:228,mistral-small:24b,direct_rich,rect,1,1,stop,108,0.0,0.0,1.0,0.0,0.0,0.0,0.0
nvbench2:dev:232,mistral-small:24b,direct_rich,arc,3,3,stop,150,0.0,0.0,0.0,0.0,1.0,0.0,0.0
nvbench2:dev:245,mistral-small:24b,direct_rich,line,1,1,stop,83,0.0,0.0,1.0,0.0,0.0,0.0,0.0
nvbench2:dev:252,mistral-small:24b,direct_rich,rect,1,1,stop,87,0.0,0.0,1.0,0.0,0.0,0.0,0.0
nvbench2:dev:253,mistral-small:24b,direct_rich,arc+bar+line,3,3,stop,149,0.0,0.0,0.0,0.0,1.0,0.0,0.0
nvbench2:dev:255,mistral-small:24b,direct_rich,bar,1,1,stop,85,0.0,0.0,1.0,0.0,0.0,0.0,0.0
nvbench2:dev:256,mistral-small:24b,direct_rich,rect,1,1,stop,122,0.0,0.0,1.0,0.0,0.0,0.0,0.0
nvbench2:dev:259,mistral-small:24b,direct_rich,point,5,5,stop,244,0.0,0.0,0.0,0.0,0.0,0.0,1.0
nvbench2:dev:278,mistral-small:24b,direct_rich,arc,2,2,stop,103,0.0,0.0,0.0,1.0,0.0,0.0,0.0
nvbench2:dev:283,mistral-small:24b,direct_rich,rect,3,3,stop,235,0.0,0.0,0.0,0.0,1.0,0.0,0.0
nvbench2:dev:286,mistral-small:24b,direct_rich,bar,2,2,stop,109,0.0,0.0,0.0,1.0,0.0,0.0,0.0
nvbench2:dev:292,mistral-small:24b,direct_rich,rect,1,1,stop,376,0.0,0.0,1.0,0.0,0.0,0.0,0.0
nvbench2:dev:296,mistral-small:24b,direct_rich,bar,5,5,stop,285,0.0,0.0,0.0,0.0,0.0,0.0,1.0
nvbench2:dev:298,mistral-small:24b,direct_rich,bar,3,3,stop,303,0.0,0.0,0.0,0.0,1.0,0.0,0.0
nvbench2:dev:300,mistral-small:24b,direct_rich,arc,5,5,stop,241,0.0,0.0,0.0,0.0,0.0,0.0,1.0
nvbench2:dev:302,mistral-small:24b,direct_rich,rect,1,1,stop,37,0.0,0.0,1.0,0.0,0.0,0.0,0.0
nvbench2:dev:307,mistral-small:24b,direct_rich,rect,2,2,stop,360,0.0,0.0,0.0,1.0,0.0,0.0,0.0
nvbench2:dev:314,mistral-small:24b,direct_rich,arc,1,1,stop,57,0.0,0.0,1.0,0.0,0.0,0.0,0.0
nvbench2:dev:315,mistral-small:24b,direct_rich,bar,3,3,stop,165,0.0,0.0,0.0,0.0,1.0,0.0,0.0
nvbench2:dev:317,mistral-small:24b,direct_rich,rect,5,5,stop,646,0.0,0.0,0.0,0.0,0.0,0.0,1.0
nvbench2:dev:319,mistral-small:24b,direct_rich,boxplot,3,3,stop,170,0.0,0.0,0.0,0.0,1.0,0.0,0.0
nvbench2:dev:326,mistral-small:24b,direct_rich,rect,1,1,stop,106,0.0,0.0,1.0,0.0,0.0,0.0,0.0
nvbench2:dev:327,mistral-small:24b,direct_rich,boxplot,3,3,stop,161,0.0,0.0,0.0,0.0,1.0,0.0,0.0
nvbench2:dev:331,mistral-small:24b,direct_rich,bar,1,1,stop,109,0.0,0.0,1.0,0.0,0.0,0.0,0.0
nvbench2:dev:332,mistral-small:24b,direct_rich,arc,3,3,stop,149,0.0,0.0,0.0,0.0,1.0,0.0,0.0
nvbench2:dev:336,mistral-small:24b,direct_rich,arc,1,1,stop,84,0.0,0.0,1.0,0.0,0.0,0.0,0.0
nvbench2:dev:338,mistral-small:24b,direct_rich,rect,1,1,stop,36,0.0,0.0,1.0,0.0,0.0,0.0,0.0
nvbench2:dev:340,mistral-small:24b,direct_rich,rect,2,2,stop,103,0.0,0.0,0.0,1.0,0.0,0.0,0.0
nvbench2:dev:346,mistral-small:24b,direct_rich,bar+line+rect,2,2,stop,196,0.0,0.0,0.0,1.0,0.0,0.0,0.0
nvbench2:dev:358,mistral-small:24b,direct_rich,bar,5,5,stop,306,0.0,0.0,0.0,0.0,0.0,0.0,1.0
nvbench2:dev:362,mistral-small:24b,direct_rich,rect,1,1,stop,110,0.0,0.0,1.0,0.0,0.0,0.0,0.0
nvbench2:dev:367,mistral-small:24b,direct_rich,bar,2,2,stop,103,0.0,0.0,0.0,1.0,0.0,0.0,0.0
nvbench2:dev:381,mistral-small:24b,direct_rich,rect,2,2,stop,84,0.0,0.0,0.0,1.0,0.0,0.0,0.0
nvbench2:dev:383,mistral-small:24b,direct_rich,rect,1,1,stop,27,0.0,0.0,1.0,0.0,0.0,0.0,0.0
nvbench2:dev:384,mistral-small:24b,direct_rich,bar,1,1,stop,104,0.0,0.0,1.0,0.0,0.0,0.0,0.0
nvbench2:dev:388,mistral-small:24b,direct_rich,rect,1,1,stop,64,0.0,0.0,1.0,0.0,0.0,0.0,0.0
nvbench2:dev:394,mistral-small:24b,direct_rich,arc,2,2,stop,105,0.0,0.0,0.0,1.0,0.0,0.0,0.0
nvbench2:dev:398,mistral-small:24b,direct_rich,line,2,2,stop,103,0.0,0.0,0.0,1.0,0.0,0.0,0.0
nvbench2:dev:403,mistral-small:24b,direct_rich,point,1,1,stop,83,0.0,0.0,1.0,0.0,0.0,0.0,0.0
nvbench2:dev:405,mistral-small:24b,direct_rich,bar,2,2,stop,102,0.0,0.0,0.0,1.0,0.0,0.0,0.0
nvbench2:dev:421,mistral-small:24b,direct_rich,arc,5,5,stop,240,0.0,0.0,0.0,0.0,0.0,0.0,1.0
nvbench2:dev:422,mistral-small:24b,direct_rich,arc,1,1,stop,102,0.0,0.0,1.0,0.0,0.0,0.0,0.0
nvbench2:dev:436,mistral-small:24b,direct_rich,point,2,2,stop,101,0.0,0.0,0.0,1.0,0.0,0.0,0.0
nvbench2:dev:444,mistral-small:24b,direct_rich,point,1,1,stop,99,0.0,0.0,1.0,0.0,0.0,0.0,0.0
nvbench2:dev:445,mistral-small:24b,direct_rich,boxplot,2,2,stop,116,0.0,0.0,0.0,1.0,0.0,0.0,0.0
nvbench2:dev:455,mistral-small:24b,direct_rich,bar,2,2,stop,104,0.0,0.0,0.0,1.0,0.0,0.0,0.0
nvbench2:dev:457,mistral-small:24b,direct_rich,arc,2,2,stop,126,0.0,0.0,0.0,1.0,0.0,0.0,0.0
nvbench2:dev:462,mistral-small:24b,direct_rich,bar,1,1,stop,95,0.0,0.0,1.0,0.0,0.0,0.0,0.0
nvbench2:dev:463,mistral-small:24b,direct_rich,bar+line+point,3,3,stop,310,0.0,0.0,0.0,0.0,1.0,0.0,0.0
nvbench2:dev:465,mistral-small:24b,direct_rich,arc,2,2,stop,101,0.0,0.0,0.0,1.0,0.0,0.0,0.0
nvbench2:dev:470,mistral-small:24b,direct_rich,boxplot,2,2,stop,94,0.0,0.0,0.0,1.0,0.0,0.0,0.0
nvbench2:dev:475,mistral-small:24b,direct_rich,bar+line,4,4,stop,237,0.0,0.0,0.0,0.0,0.0,1.0,0.0
nvbench2:dev:485,mistral-small:24b,direct_rich,bar,1,1,stop,80,0.0,0.0,1.0,0.0,0.0,0.0,0.0
nvbench2:dev:492,mistral-small:24b,direct_rich,arc,2,2,stop,103,0.0,0.0,0.0,1.0,0.0,0.0,0.0
nvbench2:dev:495,mistral-small:24b,direct_rich,boxplot,2,2,stop,99,0.0,0.0,0.0,1.0,0.0,0.0,0.0
nvbench2:dev:498,mistral-small:24b,direct_rich,arc,2,2,stop,365,0.0,0.0,0.0,1.0,0.0,0.0,0.0
nvbench2:dev:499,mistral-small:24b,direct_rich,line,2,2,stop,105,0.0,0.0,0.0,1.0,0.0,0.0,0.0
nvbench2:dev:507,mistral-small:24b,direct_rich,rect,1,1,stop,95,0.0,0.0,1.0,0.0,0.0,0.0,0.0
nvbench2:dev:508,mistral-small:24b,direct_rich,arc,2,2,stop,115,0.0,0.0,0.0,1.0,0.0,0.0,0.0
nvbench2:dev:515,mistral-small:24b,direct_rich,line,1,1,stop,81,0.0,0.0,1.0,0.0,0.0,0.0,0.0
nvbench2:dev:531,mistral-small:24b,direct_rich,bar,3,3,stop,167,0.0,0.0,0.0,0.0,1.0,0.0,0.0
nvbench2:dev:538,mistral-small:24b,direct_rich,arc,2,2,stop,103,0.0,0.0,0.0,1.0,0.0,0.0,0.0
nvbench2:dev:540,mistral-small:24b,direct_rich,bar,2,2,stop,111,0.0,0.0,0.0,1.0,0.0,0.0,0.0
nvbench2:dev:551,mistral-small:24b,direct_rich,line,2,2,stop,105,0.0,0.0,0.0,1.0,0.0,0.0,0.0
nvbench2:dev:554,mistral-small:24b,direct_rich,point,3,3,stop,143,0.0,0.0,0.0,0.0,1.0,0.0,0.0
nvbench2:dev:562,mistral-small:24b,direct_rich,bar,3,3,stop,185,0.0,0.0,0.0,0.0,1.0,0.0,0.0
nvbench2:dev:568,mistral-small:24b,direct_rich,line,2,2,stop,103,0.0,0.0,0.0,1.0,0.0,0.0,0.0
nvbench2:dev:571,mistral-small:24b,direct_rich,rect,1,1,stop,63,0.0,0.0,1.0,0.0,0.0,0.0,0.0
nvbench2:dev:572,mistral-small:24b,direct_rich,bar,3,3,stop,146,0.0,0.0,0.0,0.0,1.0,0.0,0.0
nvbench2:dev:573,mistral-small:24b,direct_rich,point,1,1,stop,33,0.0,0.0,1.0,0.0,0.0,0.0,0.0
nvbench2:dev:603,mistral-small:24b,direct_rich,rect,1,1,stop,34,0.0,0.0,1.0,0.0,0.0,0.0,0.0
nvbench2:dev:605,mistral-small:24b,direct_rich,line,2,2,stop,103,0.0,0.0,0.0,1.0,0.0,0.0,0.0
nvbench2:dev:606,mistral-small:24b,direct_rich,bar,2,2,stop,107,0.0,0.0,0.0,1.0,0.0,0.0,0.0
nvbench2:dev:612,mistral-small:24b,direct_rich,arc,2,2,stop,103,0.0,0.0,0.0,1.0,0.0,0.0,0.0
nvbench2:dev:614,mistral-small:24b,direct_rich,bar,5,5,stop,277,0.0,0.0,0.0,0.0,0.0,0.0,1.0
nvbench2:dev:628,mistral-small:24b,direct_rich,rect,1,1,stop,70,0.0,0.0,1.0,0.0,0.0,0.0,0.0
nvbench2:dev:641,mistral-small:24b,direct_rich,rect,1,1,stop,38,0.0,0.0,1.0,0.0,0.0,0.0,0.0
nvbench2:dev:642,mistral-small:24b,direct_rich,line,1,1,stop,83,0.0,0.0,1.0,0.0,0.0,0.0,0.0
nvbench2:dev:644,mistral-small:24b,direct_rich,bar+line,4,4,stop,301,0.0,0.0,0.0,0.0,0.0,1.0,0.0
nvbench2:dev:647,mistral-small:24b,direct_rich,bar,5,5,stop,295,0.0,0.0,0.0,0.0,0.0,0.0,1.0
nvbench2:dev:651,mistral-small:24b,direct_rich,bar,5,5,stop,245,0.0,0.0,0.0,0.0,0.0,0.0,1.0
nvbench2:dev:655,mistral-small:24b,direct_rich,line,1,1,stop,95,0.0,0.0,1.0,0.0,0.0,0.0,0.0
nvbench2:dev:666,mistral-small:24b,direct_rich,line,5,5,stop,256,0.0,0.0,0.0,0.0,0.0,0.0,1.0
nvbench2:dev:672,mistral-small:24b,direct_rich,bar,3,3,stop,155,0.0,0.0,0.0,0.0,1.0,0.0,0.0
nvbench2:dev:675,mistral-small:24b,direct_rich,bar,2,2,stop,105,0.0,0.0,0.0,1.0,0.0,0.0,0.0
nvbench2:dev:681,mistral-small:24b,direct_rich,bar,3,3,stop,161,0.0,0.0,0.0,0.0,1.0,0.0,0.0
nvbench2:dev:683,mistral-small:24b,direct_rich,bar,1,1,stop,107,0.0,0.0,1.0,0.0,0.0,0.0,0.0
nvbench2:dev:684,mistral-small:24b,direct_rich,bar,2,2,stop,341,0.0,0.0,0.0,1.0,0.0,0.0,0.0
nvbench2:dev:713,mistral-small:24b,direct_rich,bar,1,1,stop,84,0.0,0.0,1.0,0.0,0.0,0.0,0.0
nvbench2:dev:715,mistral-small:24b,direct_rich,point,2,2,stop,101,0.0,0.0,0.0,1.0,0.0,0.0,0.0
nvbench2:dev:716,mistral-small:24b,direct_rich,boxplot,3,3,stop,152,0.0,0.0,0.0,0.0,1.0,0.0,0.0
nvbench2:dev:717,mistral-small:24b,direct_rich,boxplot,2,2,stop,96,0.0,0.0,0.0,1.0,0.0,0.0,0.0
nvbench2:dev:718,mistral-small:24b,direct_rich,boxplot,5,5,stop,266,0.0,0.0,0.0,0.0,0.0,0.0,1.0
nvbench2:dev:719,mistral-small:24b,direct_rich,arc,1,1,stop,94,0.0,0.0,1.0,0.0,0.0,0.0,0.0
nvbench2:dev:721,mistral-small:24b,direct_rich,boxplot,1,1,stop,86,0.0,0.0,1.0,0.0,0.0,0.0,0.0
nvbench2:dev:723,mistral-small:24b,direct_rich,boxplot,2,2,stop,100,0.0,0.0,0.0,1.0,0.0,0.0,0.0
nvbench2:dev:725,mistral-small:24b,direct_rich,boxplot,3,3,stop,163,0.0,0.0,0.0,0.0,1.0,0.0,0.0
nvbench2:dev:732,mistral-small:24b,direct_rich,bar+line+rect,2,2,stop,51,0.0,0.0,0.0,1.0,0.0,0.0,0.0
nvbench2:dev:733,mistral-small:24b,direct_rich,bar+line+rect,5,5,stop,257,0.0,0.0,0.0,0.0,0.0,0.0,1.0
nvbench2:dev:17,mistral-small:24b,staged,line,1,1,stop,417,0.0,0.0,1.0,0.0,0.0,0.0,0.0
nvbench2:dev:22,mistral-small:24b,staged,boxplot,1,1,stop,324,0.0,0.0,1.0,0.0,0.0,0.0,0.0
nvbench2:dev:23,mistral-small:24b,staged,point,1,1,stop,357,0.0,0.0,1.0,0.0,0.0,0.0,0.0
nvbench2:dev:25,mistral-small:24b,staged,rect,1,1,stop,438,0.0,0.0,1.0,0.0,0.0,0.0,0.0
nvbench2:dev:33,mistral-small:24b,staged,arc,1,1,stop,365,0.0,0.0,1.0,0.0,0.0,0.0,0.0
nvbench2:dev:34,mistral-small:24b,staged,point,1,1,stop,359,0.0,0.0,1.0,0.0,0.0,0.0,0.0
nvbench2:dev:35,mistral-small:24b,staged,bar+line+point+rect,1,1,stop,356,0.0,0.0,1.0,0.0,0.0,0.0,0.0
nvbench2:dev:39,mistral-small:24b,staged,arc,1,1,stop,353,0.0,0.0,1.0,0.0,0.0,0.0,0.0
nvbench2:dev:40,mistral-small:24b,staged,rect,2,2,stop,529,0.0,0.0,0.0,1.0,0.0,0.0,0.0
nvbench2:dev:41,mistral-small:24b,staged,arc,1,1,stop,347,0.0,0.0,1.0,0.0,0.0,0.0,0.0
nvbench2:dev:48,mistral-small:24b,staged,arc,1,1,stop,299,0.0,0.0,1.0,0.0,0.0,0.0,0.0
nvbench2:dev:49,mistral-small:24b,staged,line,1,1,stop,369,0.0,0.0,1.0,0.0,0.0,0.0,0.0
nvbench2:dev:51,mistral-small:24b,staged,bar,1,1,stop,382,0.0,0.0,1.0,0.0,0.0,0.0,0.0
nvbench2:dev:54,mistral-small:24b,staged,bar,1,1,stop,349,0.0,0.0,1.0,0.0,0.0,0.0,0.0
nvbench2:dev:57,mistral-small:24b,staged,rect,3,3,stop,662,0.0,0.0,0.0,0.0,1.0,0.0,0.0
nvbench2:dev:61,mistral-small:24b,staged,arc,1,1,stop,311,0.0,0.0,1.0,0.0,0.0,0.0,0.0
nvbench2:dev:63,mistral-small:24b,staged,arc,2,2,stop,419,0.0,0.0,0.0,1.0,0.0,0.0,0.0
nvbench2:dev:68,mistral-small:24b,staged,arc,1,1,stop,434,0.0,0.0,1.0,0.0,0.0,0.0,0.0
nvbench2:dev:72,mistral-small:24b,staged,arc,1,1,stop,401,0.0,0.0,1.0,0.0,0.0,0.0,0.0
nvbench2:dev:73,mistral-small:24b,staged,arc,1,1,stop,388,0.0,0.0,1.0,0.0,0.0,0.0,0.0
nvbench2:dev:76,mistral-small:24b,staged,bar,1,1,stop,394,0.0,0.0,1.0,0.0,0.0,0.0,0.0
nvbench2:dev:83,mistral-small:24b,staged,arc,1,1,stop,324,0.0,0.0,1.0,0.0,0.0,0.0,0.0
nvbench2:dev:84,mistral-small:24b,staged,rect,1,1,stop,443,0.0,0.0,1.0,0.0,0.0,0.0,0.0
nvbench2:dev:89,mistral-small:24b,staged,arc,1,1,stop,364,0.0,0.0,1.0,0.0,0.0,0.0,0.0
nvbench2:dev:92,mistral-small:24b,staged,arc,1,1,stop,339,0.0,0.0,1.0,0.0,0.0,0.0,0.0
nvbench2:dev:97,mistral-small:24b,staged,line,1,1,stop,491,0.0,0.0,1.0,0.0,0.0,0.0,0.0
nvbench2:dev:103,mistral-small:24b,staged,boxplot,1,1,stop,396,0.0,0.0,1.0,0.0,0.0,0.0,0.0
nvbench2:dev:105,mistral-small:24b,staged,arc,1,1,stop,377,0.0,0.0,1.0,0.0,0.0,0.0,0.0
nvbench2:dev:108,mistral-small:24b,staged,boxplot,2,2,stop,518,0.0,0.0,0.0,1.0,0.0,0.0,0.0
nvbench2:dev:112,mistral-small:24b,staged,boxplot,1,1,stop,367,0.0,0.0,1.0,0.0,0.0,0.0,0.0
nvbench2:dev:114,mistral-small:24b,staged,line,1,1,stop,435,0.0,0.0,1.0,0.0,0.0,0.0,0.0
nvbench2:dev:116,mistral-small:24b,staged,arc,1,1,stop,422,0.0,0.0,1.0,0.0,0.0,0.0,0.0
nvbench2:dev:118,mistral-small:24b,staged,rect,1,1,stop,396,0.0,0.0,1.0,0.0,0.0,0.0,0.0
nvbench2:dev:127,mistral-small:24b,staged,arc,2,2,stop,500,0.0,0.0,0.0,1.0,0.0,0.0,0.0
nvbench2:dev:136,mistral-small:24b,staged,boxplot,1,1,stop,399,0.0,0.0,1.0,0.0,0.0,0.0,0.0
nvbench2:dev:138,mistral-small:24b,staged,bar,1,1,stop,360,0.0,0.0,1.0,0.0,0.0,0.0,0.0
nvbench2:dev:139,mistral-small:24b,staged,line,1,1,stop,316,0.0,0.0,1.0,0.0,0.0,0.0,0.0
nvbench2:dev:143,mistral-small:24b,staged,rect,1,1,stop,343,0.0,0.0,1.0,0.0,0.0,0.0,0.0
nvbench2:dev:144,mistral-small:24b,staged,bar,1,1,stop,332,0.0,0.0,1.0,0.0,0.0,0.0,0.0
nvbench2:dev:149,mistral-small:24b,staged,point,1,1,stop,381,0.0,0.0,1.0,0.0,0.0,0.0,0.0
nvbench2:dev:157,mistral-small:24b,staged,point,1,1,stop,350,0.0,0.0,1.0,0.0,0.0,0.0,0.0
nvbench2:dev:158,mistral-small:24b,staged,point,1,1,stop,393,0.0,0.0,1.0,0.0,0.0,0.0,0.0
nvbench2:dev:165,mistral-small:24b,staged,line,1,1,stop,537,0.0,0.0,1.0,0.0,0.0,0.0,0.0
nvbench2:dev:167,mistral-small:24b,staged,bar,1,1,stop,374,0.0,0.0,1.0,0.0,0.0,0.0,0.0
nvbench2:dev:176,mistral-small:24b,staged,line,1,1,stop,363,0.0,0.0,1.0,0.0,0.0,0.0,0.0
nvbench2:dev:182,mistral-small:24b,staged,rect,1,1,stop,498,0.0,0.0,1.0,0.0,0.0,0.0,0.0
nvbench2:dev:188,mistral-small:24b,staged,rect,1,1,stop,355,0.0,0.0,1.0,0.0,0.0,0.0,0.0
nvbench2:dev:191,mistral-small:24b,staged,rect,1,1,stop,350,0.0,0.0,1.0,0.0,0.0,0.0,0.0
nvbench2:dev:203,mistral-small:24b,staged,bar+line,1,1,stop,347,0.0,0.0,1.0,0.0,0.0,0.0,0.0
nvbench2:dev:214,mistral-small:24b,staged,rect,2,2,stop,440,0.0,0.0,0.0,1.0,0.0,0.0,0.0
nvbench2:dev:223,mistral-small:24b,staged,boxplot,1,1,stop,315,0.0,0.0,1.0,0.0,0.0,0.0,0.0
nvbench2:dev:228,mistral-small:24b,staged,rect,1,1,stop,369,0.0,0.0,1.0,0.0,0.0,0.0,0.0
nvbench2:dev:232,mistral-small:24b,staged,arc,3,3,stop,457,0.0,0.0,0.0,0.0,1.0,0.0,0.0
nvbench2:dev:245,mistral-small:24b,staged,line,1,1,stop,450,0.0,0.0,1.0,0.0,0.0,0.0,0.0
nvbench2:dev:252,mistral-small:24b,staged,rect,1,1,stop,394,0.0,0.0,1.0,0.0,0.0,0.0,0.0
nvbench2:dev:253,mistral-small:24b,staged,arc+bar+line,2,2,stop,324,0.0,0.0,0.0,1.0,0.0,0.0,0.0
nvbench2:dev:255,mistral-small:24b,staged,bar,1,1,stop,349,0.0,0.0,1.0,0.0,0.0,0.0,0.0
nvbench2:dev:256,mistral-small:24b,staged,rect,1,1,stop,440,0.0,0.0,1.0,0.0,0.0,0.0,0.0
nvbench2:dev:259,mistral-small:24b,staged,point,1,1,stop,309,0.0,0.0,1.0,0.0,0.0,0.0,0.0
nvbench2:dev:278,mistral-small:24b,staged,arc,1,1,stop,301,0.0,0.0,1.0,0.0,0.0,0.0,0.0
nvbench2:dev:283,mistral-small:24b,staged,rect,2,2,stop,688,0.0,0.0,0.0,1.0,0.0,0.0,0.0
nvbench2:dev:286,mistral-small:24b,staged,bar,1,1,stop,350,0.0,0.0,1.0,0.0,0.0,0.0,0.0
nvbench2:dev:292,mistral-small:24b,staged,rect,1,1,stop,504,0.0,0.0,1.0,0.0,0.0,0.0,0.0
nvbench2:dev:296,mistral-small:24b,staged,bar,2,2,stop,424,0.0,0.0,0.0,1.0,0.0,0.0,0.0
nvbench2:dev:298,mistral-small:24b,staged,bar,1,1,stop,371,0.0,0.0,1.0,0.0,0.0,0.0,0.0
nvbench2:dev:300,mistral-small:24b,staged,arc,5,5,stop,533,0.0,0.0,0.0,0.0,0.0,0.0,1.0
nvbench2:dev:302,mistral-small:24b,staged,rect,2,2,stop,563,0.0,0.0,0.0,1.0,0.0,0.0,0.0
nvbench2:dev:307,mistral-small:24b,staged,rect,1,1,stop,492,0.0,0.0,1.0,0.0,0.0,0.0,0.0
nvbench2:dev:314,mistral-small:24b,staged,arc,1,1,stop,344,0.0,0.0,1.0,0.0,0.0,0.0,0.0
nvbench2:dev:315,mistral-small:24b,staged,bar,1,1,stop,421,0.0,0.0,1.0,0.0,0.0,0.0,0.0
nvbench2:dev:317,mistral-small:24b,staged,rect,1,1,stop,489,0.0,0.0,1.0,0.0,0.0,0.0,0.0
nvbench2:dev:319,mistral-small:24b,staged,boxplot,1,1,stop,366,0.0,0.0,1.0,0.0,0.0,0.0,0.0
nvbench2:dev:326,mistral-small:24b,staged,rect,1,1,stop,456,0.0,0.0,1.0,0.0,0.0,0.0,0.0
nvbench2:dev:327,mistral-small:24b,staged,boxplot,1,1,stop,382,0.0,0.0,1.0,0.0,0.0,0.0,0.0
nvbench2:dev:331,mistral-small:24b,staged,bar,1,1,stop,407,0.0,0.0,1.0,0.0,0.0,0.0,0.0
nvbench2:dev:332,mistral-small:24b,staged,arc,1,1,stop,383,0.0,0.0,1.0,0.0,0.0,0.0,0.0
nvbench2:dev:336,mistral-small:24b,staged,arc,1,1,stop,383,0.0,0.0,1.0,0.0,0.0,0.0,0.0
nvbench2:dev:338,mistral-small:24b,staged,rect,2,2,stop,426,0.0,0.0,0.0,1.0,0.0,0.0,0.0
nvbench2:dev:340,mistral-small:24b,staged,rect,1,1,stop,430,0.0,0.0,1.0,0.0,0.0,0.0,0.0
nvbench2:dev:346,mistral-small:24b,staged,bar+line+rect,1,1,stop,341,0.0,0.0,1.0,0.0,0.0,0.0,0.0
nvbench2:dev:358,mistral-small:24b,staged,bar,2,2,stop,443,0.0,0.0,0.0,1.0,0.0,0.0,0.0
nvbench2:dev:362,mistral-small:24b,staged,rect,1,1,stop,497,0.0,0.0,1.0,0.0,0.0,0.0,0.0
nvbench2:dev:367,mistral-small:24b,staged,bar,1,1,stop,365,0.0,0.0,1.0,0.0,0.0,0.0,0.0
nvbench2:dev:381,mistral-small:24b,staged,rect,2,2,stop,507,0.0,0.0,0.0,1.0,0.0,0.0,0.0
nvbench2:dev:383,mistral-small:24b,staged,rect,1,1,stop,473,0.0,0.0,1.0,0.0,0.0,0.0,0.0
nvbench2:dev:384,mistral-small:24b,staged,bar,1,1,stop,413,0.0,0.0,1.0,0.0,0.0,0.0,0.0
nvbench2:dev:388,mistral-small:24b,staged,rect,2,2,stop,642,0.0,0.0,0.0,1.0,0.0,0.0,0.0
nvbench2:dev:394,mistral-small:24b,staged,arc,1,1,stop,316,0.0,0.0,1.0,0.0,0.0,0.0,0.0
nvbench2:dev:398,mistral-small:24b,staged,line,1,1,stop,353,0.0,0.0,1.0,0.0,0.0,0.0,0.0
nvbench2:dev:403,mistral-small:24b,staged,point,1,1,stop,372,0.0,0.0,1.0,0.0,0.0,0.0,0.0
nvbench2:dev:405,mistral-small:24b,staged,bar,1,1,stop,302,0.0,0.0,1.0,0.0,0.0,0.0,0.0
nvbench2:dev:421,mistral-small:24b,staged,arc,1,1,stop,342,0.0,0.0,1.0,0.0,0.0,0.0,0.0
nvbench2:dev:422,mistral-small:24b,staged,arc,1,1,stop,372,0.0,0.0,1.0,0.0,0.0,0.0,0.0
nvbench2:dev:436,mistral-small:24b,staged,point,2,2,stop,384,0.0,0.0,0.0,1.0,0.0,0.0,0.0
nvbench2:dev:444,mistral-small:24b,staged,point,1,1,stop,433,0.0,0.0,1.0,0.0,0.0,0.0,0.0
nvbench2:dev:445,mistral-small:24b,staged,boxplot,1,1,stop,320,0.0,0.0,1.0,0.0,0.0,0.0,0.0
nvbench2:dev:455,mistral-small:24b,staged,bar,2,2,stop,433,0.0,0.0,0.0,1.0,0.0,0.0,0.0
nvbench2:dev:457,mistral-small:24b,staged,arc,1,1,stop,339,0.0,0.0,1.0,0.0,0.0,0.0,0.0
nvbench2:dev:462,mistral-small:24b,staged,bar,1,1,stop,426,0.0,0.0,1.0,0.0,0.0,0.0,0.0
nvbench2:dev:463,mistral-small:24b,staged,bar+line+point,2,2,stop,693,0.0,0.0,0.0,1.0,0.0,0.0,0.0
nvbench2:dev:465,mistral-small:24b,staged,arc,1,1,stop,400,0.0,0.0,1.0,0.0,0.0,0.0,0.0
nvbench2:dev:470,mistral-small:24b,staged,boxplot,1,1,stop,361,0.0,0.0,1.0,0.0,0.0,0.0,0.0
nvbench2:dev:475,mistral-small:24b,staged,bar+line,3,3,stop,461,0.0,0.0,0.0,0.0,1.0,0.0,0.0
nvbench2:dev:485,mistral-small:24b,staged,bar,1,1,stop,439,0.0,0.0,1.0,0.0,0.0,0.0,0.0
nvbench2:dev:492,mistral-small:24b,staged,arc,1,1,stop,386,0.0,0.0,1.0,0.0,0.0,0.0,0.0
nvbench2:dev:495,mistral-small:24b,staged,boxplot,1,1,stop,304,0.0,0.0,1.0,0.0,0.0,0.0,0.0
nvbench2:dev:498,mistral-small:24b,staged,arc,1,1,stop,445,0.0,0.0,1.0,0.0,0.0,0.0,0.0
nvbench2:dev:499,mistral-small:24b,staged,line,1,1,stop,344,0.0,0.0,1.0,0.0,0.0,0.0,0.0
nvbench2:dev:507,mistral-small:24b,staged,rect,2,2,stop,590,0.0,0.0,0.0,1.0,0.0,0.0,0.0
nvbench2:dev:508,mistral-small:24b,staged,arc,2,2,stop,416,0.0,0.0,0.0,1.0,0.0,0.0,0.0
nvbench2:dev:515,mistral-small:24b,staged,line,1,1,stop,357,0.0,0.0,1.0,0.0,0.0,0.0,0.0
nvbench2:dev:531,mistral-small:24b,staged,bar,1,1,stop,418,0.0,0.0,1.0,0.0,0.0,0.0,0.0
nvbench2:dev:538,mistral-small:24b,staged,arc,2,2,stop,506,0.0,0.0,0.0,1.0,0.0,0.0,0.0
nvbench2:dev:540,mistral-small:24b,staged,bar,1,1,stop,326,0.0,0.0,1.0,0.0,0.0,0.0,0.0
nvbench2:dev:551,mistral-small:24b,staged,line,1,1,stop,333,0.0,0.0,1.0,0.0,0.0,0.0,0.0
nvbench2:dev:554,mistral-small:24b,staged,point,1,1,stop,340,0.0,0.0,1.0,0.0,0.0,0.0,0.0
nvbench2:dev:562,mistral-small:24b,staged,bar,1,1,stop,346,0.0,0.0,1.0,0.0,0.0,0.0,0.0
nvbench2:dev:568,mistral-small:24b,staged,line,1,1,stop,362,0.0,0.0,1.0,0.0,0.0,0.0,0.0
nvbench2:dev:571,mistral-small:24b,staged,rect,1,1,stop,512,0.0,0.0,1.0,0.0,0.0,0.0,0.0
nvbench2:dev:572,mistral-small:24b,staged,bar,1,1,stop,347,0.0,0.0,1.0,0.0,0.0,0.0,0.0
nvbench2:dev:573,mistral-small:24b,staged,point,1,1,stop,392,0.0,0.0,1.0,0.0,0.0,0.0,0.0
nvbench2:dev:603,mistral-small:24b,staged,rect,1,1,stop,390,0.0,0.0,1.0,0.0,0.0,0.0,0.0
nvbench2:dev:605,mistral-small:24b,staged,line,1,1,stop,406,0.0,0.0,1.0,0.0,0.0,0.0,0.0
nvbench2:dev:606,mistral-small:24b,staged,bar,1,1,stop,325,0.0,0.0,1.0,0.0,0.0,0.0,0.0
nvbench2:dev:612,mistral-small:24b,staged,arc,1,1,stop,353,0.0,0.0,1.0,0.0,0.0,0.0,0.0
nvbench2:dev:614,mistral-small:24b,staged,bar,1,1,stop,409,0.0,0.0,1.0,0.0,0.0,0.0,0.0
nvbench2:dev:628,mistral-small:24b,staged,rect,1,1,stop,492,0.0,0.0,1.0,0.0,0.0,0.0,0.0
nvbench2:dev:641,mistral-small:24b,staged,rect,1,1,stop,353,0.0,0.0,1.0,0.0,0.0,0.0,0.0
nvbench2:dev:642,mistral-small:24b,staged,line,1,1,stop,367,0.0,0.0,1.0,0.0,0.0,0.0,0.0
nvbench2:dev:644,mistral-small:24b,staged,bar+line,2,2,stop,499,0.0,0.0,0.0,1.0,0.0,0.0,0.0
nvbench2:dev:647,mistral-small:24b,staged,bar,1,1,stop,426,0.0,0.0,1.0,0.0,0.0,0.0,0.0
nvbench2:dev:651,mistral-small:24b,staged,bar,3,3,stop,525,0.0,0.0,0.0,0.0,1.0,0.0,0.0
nvbench2:dev:655,mistral-small:24b,staged,line,2,2,stop,507,0.0,0.0,0.0,1.0,0.0,0.0,0.0
nvbench2:dev:666,mistral-small:24b,staged,line,1,1,stop,436,0.0,0.0,1.0,0.0,0.0,0.0,0.0
nvbench2:dev:672,mistral-small:24b,staged,bar,2,2,stop,504,0.0,0.0,0.0,1.0,0.0,0.0,0.0
nvbench2:dev:675,mistral-small:24b,staged,bar,1,1,stop,313,0.0,0.0,1.0,0.0,0.0,0.0,0.0
nvbench2:dev:681,mistral-small:24b,staged,bar,2,2,stop,395,0.0,0.0,0.0,1.0,0.0,0.0,0.0
nvbench2:dev:683,mistral-small:24b,staged,bar,1,1,stop,463,0.0,0.0,1.0,0.0,0.0,0.0,0.0
nvbench2:dev:684,mistral-small:24b,staged,bar,1,1,stop,394,0.0,0.0,1.0,0.0,0.0,0.0,0.0
nvbench2:dev:713,mistral-small:24b,staged,bar,1,1,stop,394,0.0,0.0,1.0,0.0,0.0,0.0,0.0
nvbench2:dev:715,mistral-small:24b,staged,point,1,1,stop,376,0.0,0.0,1.0,0.0,0.0,0.0,0.0
nvbench2:dev:716,mistral-small:24b,staged,boxplot,1,1,stop,382,0.0,0.0,1.0,0.0,0.0,0.0,0.0
nvbench2:dev:717,mistral-small:24b,staged,boxplot,1,1,stop,321,0.0,0.0,1.0,0.0,0.0,0.0,0.0
nvbench2:dev:718,mistral-small:24b,staged,boxplot,1,1,stop,335,0.0,0.0,1.0,0.0,0.0,0.0,0.0
nvbench2:dev:719,mistral-small:24b,staged,arc,1,1,stop,487,0.0,0.0,1.0,0.0,0.0,0.0,0.0
nvbench2:dev:721,mistral-small:24b,staged,boxplot,1,1,stop,441,0.0,0.0,1.0,0.0,0.0,0.0,0.0
nvbench2:dev:723,mistral-small:24b,staged,boxplot,1,1,stop,372,0.0,0.0,1.0,0.0,0.0,0.0,0.0
nvbench2:dev:725,mistral-small:24b,staged,boxplot,1,1,stop,357,0.0,0.0,1.0,0.0,0.0,0.0,0.0
nvbench2:dev:732,mistral-small:24b,staged,bar+line+rect,1,1,stop,352,0.0,0.0,1.0,0.0,0.0,0.0,0.0
nvbench2:dev:733,mistral-small:24b,staged,bar+line+rect,2,2,stop,411,0.0,0.0,0.0,1.0,0.0,0.0,0.0
nvbench2:dev:17,qwen3:14b,direct,line,1,1,stop,64,0.0,0.0,1.0,0.0,0.0,0.0,0.0
nvbench2:dev:22,qwen3:14b,direct,boxplot,5,5,stop,176,0.0,0.0,0.0,0.0,0.0,0.0,1.0
nvbench2:dev:23,qwen3:14b,direct,point,5,5,stop,205,0.0,0.0,0.0,0.0,0.0,0.0,1.0
nvbench2:dev:25,qwen3:14b,direct,rect,5,5,stop,249,0.0,0.0,0.0,0.0,0.0,0.0,1.0
nvbench2:dev:33,qwen3:14b,direct,arc,5,5,stop,139,0.0,0.0,0.0,0.0,0.0,0.0,1.0
nvbench2:dev:34,qwen3:14b,direct,point,2,2,stop,65,0.0,0.0,0.0,1.0,0.0,0.0,0.0
nvbench2:dev:35,qwen3:14b,direct,bar+line+point+rect,1,1,stop,190,0.0,0.0,1.0,0.0,0.0,0.0,0.0
nvbench2:dev:39,qwen3:14b,direct,arc,5,5,stop,136,0.0,0.0,0.0,0.0,0.0,0.0,1.0
nvbench2:dev:40,qwen3:14b,direct,rect,5,5,stop,209,0.0,0.0,0.0,0.0,0.0,0.0,1.0
nvbench2:dev:41,qwen3:14b,direct,arc,1,1,stop,28,0.0,0.0,1.0,0.0,0.0,0.0,0.0
nvbench2:dev:48,qwen3:14b,direct,arc,5,5,stop,165,0.0,0.0,0.0,0.0,0.0,0.0,1.0
nvbench2:dev:49,qwen3:14b,direct,line,5,5,stop,216,0.0,0.0,0.0,0.0,0.0,0.0,1.0
nvbench2:dev:51,qwen3:14b,direct,bar,4,4,stop,196,0.0,0.0,0.0,0.0,0.0,1.0,0.0
nvbench2:dev:54,qwen3:14b,direct,bar,2,2,stop,66,0.0,0.0,0.0,1.0,0.0,0.0,0.0
nvbench2:dev:57,qwen3:14b,direct,rect,5,5,stop,217,0.0,0.0,0.0,0.0,0.0,0.0,1.0
nvbench2:dev:61,qwen3:14b,direct,arc,1,1,stop,30,0.0,0.0,1.0,0.0,0.0,0.0,0.0
nvbench2:dev:63,qwen3:14b,direct,arc,5,5,stop,130,0.0,0.0,0.0,0.0,0.0,0.0,1.0
nvbench2:dev:68,qwen3:14b,direct,arc,1,1,stop,28,0.0,0.0,1.0,0.0,0.0,0.0,0.0
nvbench2:dev:72,qwen3:14b,direct,arc,5,5,stop,408,0.0,0.0,0.0,0.0,0.0,0.0,1.0
nvbench2:dev:73,qwen3:14b,direct,arc,1,1,stop,30,0.0,0.0,1.0,0.0,0.0,0.0,0.0
nvbench2:dev:76,qwen3:14b,direct,bar,4,4,stop,179,0.0,0.0,0.0,0.0,0.0,1.0,0.0
nvbench2:dev:83,qwen3:14b,direct,arc,1,1,stop,28,0.0,0.0,1.0,0.0,0.0,0.0,0.0
nvbench2:dev:84,qwen3:14b,direct,rect,5,5,stop,203,0.0,0.0,0.0,0.0,0.0,0.0,1.0
nvbench2:dev:89,qwen3:14b,direct,arc,5,5,stop,148,0.0,0.0,0.0,0.0,0.0,0.0,1.0
nvbench2:dev:92,qwen3:14b,direct,arc,5,5,stop,160,0.0,0.0,0.0,0.0,0.0,0.0,1.0
nvbench2:dev:97,qwen3:14b,direct,line,1,1,stop,59,0.0,0.0,1.0,0.0,0.0,0.0,0.0
nvbench2:dev:103,qwen3:14b,direct,boxplot,3,3,stop,100,0.0,0.0,0.0,0.0,1.0,0.0,0.0
nvbench2:dev:105,qwen3:14b,direct,arc,5,5,stop,136,0.0,0.0,0.0,0.0,0.0,0.0,1.0
nvbench2:dev:108,qwen3:14b,direct,boxplot,1,1,stop,33,0.0,0.0,1.0,0.0,0.0,0.0,0.0
nvbench2:dev:112,qwen3:14b,direct,boxplot,1,1,stop,118,0.0,0.0,1.0,0.0,0.0,0.0,0.0
nvbench2:dev:114,qwen3:14b,direct,line,5,5,stop,219,0.0,0.0,0.0,0.0,0.0,0.0,1.0
nvbench2:dev:116,qwen3:14b,direct,arc,5,5,stop,136,0.0,0.0,0.0,0.0,0.0,0.0,1.0
nvbench2:dev:118,qwen3:14b,direct,rect,5,5,stop,205,0.0,0.0,0.0,0.0,0.0,0.0,1.0
nvbench2:dev:127,qwen3:14b,direct,arc,5,5,stop,132,0.0,0.0,0.0,0.0,0.0,0.0,1.0
nvbench2:dev:136,qwen3:14b,direct,boxplot,5,5,stop,174,0.0,0.0,0.0,0.0,0.0,0.0,1.0
nvbench2:dev:138,qwen3:14b,direct,bar,2,2,stop,73,0.0,0.0,0.0,1.0,0.0,0.0,0.0
nvbench2:dev:139,qwen3:14b,direct,line,3,3,stop,98,0.0,0.0,0.0,0.0,1.0,0.0,0.0
nvbench2:dev:143,qwen3:14b,direct,rect,5,5,stop,208,0.0,0.0,0.0,0.0,0.0,0.0,1.0
nvbench2:dev:144,qwen3:14b,direct,bar,1,1,stop,34,0.0,0.0,1.0,0.0,0.0,0.0,0.0
nvbench2:dev:149,qwen3:14b,direct,point,5,5,stop,209,0.0,0.0,0.0,0.0,0.0,0.0,1.0
nvbench2:dev:157,qwen3:14b,direct,point,5,5,stop,110,0.0,0.0,0.0,0.0,0.0,0.0,1.0
nvbench2:dev:158,qwen3:14b,direct,point,5,5,stop,136,0.0,0.0,0.0,0.0,0.0,0.0,1.0
nvbench2:dev:165,qwen3:14b,direct,line,1,1,stop,61,0.0,0.0,1.0,0.0,0.0,0.0,0.0
nvbench2:dev:167,qwen3:14b,direct,bar,1,1,stop,70,0.0,0.0,1.0,0.0,0.0,0.0,0.0
nvbench2:dev:176,qwen3:14b,direct,line,5,5,stop,177,0.0,0.0,0.0,0.0,0.0,0.0,1.0
nvbench2:dev:182,qwen3:14b,direct,rect,5,5,stop,224,0.0,0.0,0.0,0.0,0.0,0.0,1.0
nvbench2:dev:188,qwen3:14b,direct,rect,5,5,stop,235,0.0,0.0,0.0,0.0,0.0,0.0,1.0
nvbench2:dev:191,qwen3:14b,direct,rect,1,1,stop,53,0.0,0.0,1.0,0.0,0.0,0.0,0.0
nvbench2:dev:203,qwen3:14b,direct,bar+line,5,5,stop,152,0.0,0.0,0.0,0.0,0.0,0.0,1.0
nvbench2:dev:214,qwen3:14b,direct,rect,1,1,stop,49,0.0,0.0,1.0,0.0,0.0,0.0,0.0
nvbench2:dev:223,qwen3:14b,direct,boxplot,5,5,stop,163,0.0,0.0,0.0,0.0,0.0,0.0,1.0
nvbench2:dev:228,qwen3:14b,direct,rect,5,5,stop,174,0.0,0.0,0.0,0.0,0.0,0.0,1.0
nvbench2:dev:232,qwen3:14b,direct,arc,5,5,stop,132,0.0,0.0,0.0,0.0,0.0,0.0,1.0
nvbench2:dev:245,qwen3:14b,direct,line,5,5,stop,248,0.0,0.0,0.0,0.0,0.0,0.0,1.0
nvbench2:dev:252,qwen3:14b,direct,rect,3,3,stop,149,0.0,0.0,0.0,0.0,1.0,0.0,0.0
nvbench2:dev:253,qwen3:14b,direct,arc+bar+line,3,3,stop,80,0.0,0.0,0.0,0.0,1.0,0.0,0.0
nvbench2:dev:255,qwen3:14b,direct,bar,3,3,stop,128,0.0,0.0,0.0,0.0,1.0,0.0,0.0
nvbench2:dev:256,qwen3:14b,direct,rect,5,5,stop,235,0.0,0.0,0.0,0.0,0.0,0.0,1.0
nvbench2:dev:259,qwen3:14b,direct,point,5,5,stop,208,0.0,0.0,0.0,0.0,0.0,0.0,1.0
nvbench2:dev:278,qwen3:14b,direct,arc,1,1,stop,30,0.0,0.0,1.0,0.0,0.0,0.0,0.0
nvbench2:dev:283,qwen3:14b,direct,rect,5,5,stop,247,0.0,0.0,0.0,0.0,0.0,0.0,1.0
nvbench2:dev:286,qwen3:14b,direct,bar,1,1,stop,34,0.0,0.0,1.0,0.0,0.0,0.0,0.0
nvbench2:dev:292,qwen3:14b,direct,rect,2,2,stop,482,0.0,0.0,0.0,1.0,0.0,0.0,0.0
nvbench2:dev:296,qwen3:14b,direct,bar,5,5,stop,190,0.0,0.0,0.0,0.0,0.0,0.0,1.0
nvbench2:dev:298,qwen3:14b,direct,bar,5,5,stop,158,0.0,0.0,0.0,0.0,0.0,0.0,1.0
nvbench2:dev:300,qwen3:14b,direct,arc,5,5,stop,130,0.0,0.0,0.0,0.0,0.0,0.0,1.0
nvbench2:dev:302,qwen3:14b,direct,rect,5,5,stop,200,0.0,0.0,0.0,0.0,0.0,0.0,1.0
nvbench2:dev:307,qwen3:14b,direct,rect,4,4,stop,328,0.0,0.0,0.0,0.0,0.0,1.0,0.0
nvbench2:dev:314,qwen3:14b,direct,arc,1,1,stop,30,0.0,0.0,1.0,0.0,0.0,0.0,0.0
nvbench2:dev:315,qwen3:14b,direct,bar,5,5,stop,225,0.0,0.0,0.0,0.0,0.0,0.0,1.0
nvbench2:dev:317,qwen3:14b,direct,rect,5,5,stop,243,0.0,0.0,0.0,0.0,0.0,0.0,1.0
nvbench2:dev:319,qwen3:14b,direct,boxplot,5,5,stop,173,0.0,0.0,0.0,0.0,0.0,0.0,1.0
nvbench2:dev:326,qwen3:14b,direct,rect,2,2,stop,200,0.0,0.0,0.0,1.0,0.0,0.0,0.0
nvbench2:dev:327,qwen3:14b,direct,boxplot,5,5,stop,155,0.0,0.0,0.0,0.0,0.0,0.0,1.0
nvbench2:dev:331,qwen3:14b,direct,bar,3,3,stop,121,0.0,0.0,0.0,0.0,1.0,0.0,0.0
nvbench2:dev:332,qwen3:14b,direct,arc,2,2,stop,75,0.0,0.0,0.0,1.0,0.0,0.0,0.0
nvbench2:dev:336,qwen3:14b,direct,arc,5,5,stop,138,0.0,0.0,0.0,0.0,0.0,0.0,1.0
nvbench2:dev:338,qwen3:14b,direct,rect,5,5,stop,184,0.0,0.0,0.0,0.0,0.0,0.0,1.0
nvbench2:dev:340,qwen3:14b,direct,rect,5,5,stop,180,0.0,0.0,0.0,0.0,0.0,0.0,1.0
nvbench2:dev:346,qwen3:14b,direct,bar+line+rect,5,5,stop,258,0.0,0.0,0.0,0.0,0.0,0.0,1.0
nvbench2:dev:358,qwen3:14b,direct,bar,5,5,stop,173,0.0,0.0,0.0,0.0,0.0,0.0,1.0
nvbench2:dev:362,qwen3:14b,direct,rect,3,3,stop,169,0.0,0.0,0.0,0.0,1.0,0.0,0.0
nvbench2:dev:367,qwen3:14b,direct,bar,1,1,stop,36,0.0,0.0,1.0,0.0,0.0,0.0,0.0
nvbench2:dev:381,qwen3:14b,direct,rect,5,5,stop,230,0.0,0.0,0.0,0.0,0.0,0.0,1.0
nvbench2:dev:383,qwen3:14b,direct,rect,5,5,stop,238,0.0,0.0,0.0,0.0,0.0,0.0,1.0
nvbench2:dev:384,qwen3:14b,direct,bar,5,5,stop,168,0.0,0.0,0.0,0.0,0.0,0.0,1.0
nvbench2:dev:388,qwen3:14b,direct,rect,5,5,stop,355,0.0,0.0,0.0,0.0,0.0,0.0,1.0
nvbench2:dev:394,qwen3:14b,direct,arc,1,1,stop,30,0.0,0.0,1.0,0.0,0.0,0.0,0.0
nvbench2:dev:398,qwen3:14b,direct,line,1,1,stop,34,0.0,0.0,1.0,0.0,0.0,0.0,0.0
nvbench2:dev:403,qwen3:14b,direct,point,5,5,stop,314,0.0,0.0,0.0,0.0,0.0,0.0,1.0
nvbench2:dev:405,qwen3:14b,direct,bar,5,5,stop,149,0.0,0.0,0.0,0.0,0.0,0.0,1.0
nvbench2:dev:421,qwen3:14b,direct,arc,5,5,stop,124,0.0,0.0,0.0,0.0,0.0,0.0,1.0
nvbench2:dev:422,qwen3:14b,direct,arc,5,5,stop,149,0.0,0.0,0.0,0.0,0.0,0.0,1.0
nvbench2:dev:436,qwen3:14b,direct,point,5,5,stop,185,0.0,0.0,0.0,0.0,0.0,0.0,1.0
nvbench2:dev:444,qwen3:14b,direct,point,5,5,stop,200,0.0,0.0,0.0,0.0,0.0,0.0,1.0
nvbench2:dev:445,qwen3:14b,direct,boxplot,1,1,stop,34,0.0,0.0,1.0,0.0,0.0,0.0,0.0
nvbench2:dev:455,qwen3:14b,direct,bar,5,5,stop,154,0.0,0.0,0.0,0.0,0.0,0.0,1.0
nvbench2:dev:457,qwen3:14b,direct,arc,1,1,stop,30,0.0,0.0,1.0,0.0,0.0,0.0,0.0
nvbench2:dev:462,qwen3:14b,direct,bar,3,3,stop,102,0.0,0.0,0.0,0.0,1.0,0.0,0.0
nvbench2:dev:463,qwen3:14b,direct,bar+line+point,1,1,stop,102,0.0,0.0,1.0,0.0,0.0,0.0,0.0
nvbench2:dev:465,qwen3:14b,direct,arc,1,1,stop,28,0.0,0.0,1.0,0.0,0.0,0.0,0.0
nvbench2:dev:470,qwen3:14b,direct,boxplot,5,5,stop,161,0.0,0.0,0.0,0.0,0.0,0.0,1.0
nvbench2:dev:475,qwen3:14b,direct,bar+line,4,4,stop,173,0.0,0.0,0.0,0.0,0.0,1.0,0.0
nvbench2:dev:485,qwen3:14b,direct,bar,3,3,stop,125,0.0,0.0,0.0,0.0,1.0,0.0,0.0
nvbench2:dev:492,qwen3:14b,direct,arc,5,5,stop,132,0.0,0.0,0.0,0.0,0.0,0.0,1.0
nvbench2:dev:495,qwen3:14b,direct,boxplot,3,3,stop,102,0.0,0.0,0.0,0.0,1.0,0.0,0.0
nvbench2:dev:498,qwen3:14b,direct,arc,1,1,stop,31,0.0,0.0,1.0,0.0,0.0,0.0,0.0
nvbench2:dev:499,qwen3:14b,direct,line,5,5,stop,158,0.0,0.0,0.0,0.0,0.0,0.0,1.0
nvbench2:dev:507,qwen3:14b,direct,rect,4,4,stop,287,0.0,0.0,0.0,0.0,0.0,1.0,0.0
nvbench2:dev:508,qwen3:14b,direct,arc,5,5,stop,134,0.0,0.0,0.0,0.0,0.0,0.0,1.0
nvbench2:dev:515,qwen3:14b,direct,line,5,5,stop,240,0.0,0.0,0.0,0.0,0.0,0.0,1.0
nvbench2:dev:531,qwen3:14b,direct,bar,5,5,stop,156,0.0,0.0,0.0,0.0,0.0,0.0,1.0
nvbench2:dev:538,qwen3:14b,direct,arc,2,2,stop,55,0.0,0.0,0.0,1.0,0.0,0.0,0.0
nvbench2:dev:540,qwen3:14b,direct,bar,5,5,stop,153,0.0,0.0,0.0,0.0,0.0,0.0,1.0
nvbench2:dev:551,qwen3:14b,direct,line,2,2,stop,69,0.0,0.0,0.0,1.0,0.0,0.0,0.0
nvbench2:dev:554,qwen3:14b,direct,point,5,5,stop,192,0.0,0.0,0.0,0.0,0.0,0.0,1.0
nvbench2:dev:562,qwen3:14b,direct,bar,5,5,stop,157,0.0,0.0,0.0,0.0,0.0,0.0,1.0
nvbench2:dev:568,qwen3:14b,direct,line,1,1,stop,39,0.0,0.0,1.0,0.0,0.0,0.0,0.0
nvbench2:dev:571,qwen3:14b,direct,rect,1,1,stop,110,0.0,0.0,1.0,0.0,0.0,0.0,0.0
nvbench2:dev:572,qwen3:14b,direct,bar,5,5,stop,232,0.0,0.0,0.0,0.0,0.0,0.0,1.0
nvbench2:dev:573,qwen3:14b,direct,point,1,1,stop,34,0.0,0.0,1.0,0.0,0.0,0.0,0.0
nvbench2:dev:603,qwen3:14b,direct,rect,5,5,stop,155,0.0,0.0,0.0,0.0,0.0,0.0,1.0
nvbench2:dev:605,qwen3:14b,direct,line,3,3,stop,109,0.0,0.0,0.0,0.0,1.0,0.0,0.0
nvbench2:dev:606,qwen3:14b,direct,bar,3,3,stop,92,0.0,0.0,0.0,0.0,1.0,0.0,0.0
nvbench2:dev:612,qwen3:14b,direct,arc,1,1,stop,30,0.0,0.0,1.0,0.0,0.0,0.0,0.0
nvbench2:dev:614,qwen3:14b,direct,bar,5,5,stop,181,0.0,0.0,0.0,0.0,0.0,0.0,1.0
nvbench2:dev:628,qwen3:14b,direct,rect,1,1,stop,68,0.0,0.0,1.0,0.0,0.0,0.0,0.0
nvbench2:dev:641,qwen3:14b,direct,rect,3,3,stop,146,0.0,0.0,0.0,0.0,1.0,0.0,0.0
nvbench2:dev:642,qwen3:14b,direct,line,3,3,stop,146,0.0,0.0,0.0,0.0,1.0,0.0,0.0
nvbench2:dev:644,qwen3:14b,direct,bar+line,5,5,stop,215,0.0,0.0,0.0,0.0,0.0,0.0,1.0
nvbench2:dev:647,qwen3:14b,direct,bar,5,5,stop,226,0.0,0.0,0.0,0.0,0.0,0.0,1.0
nvbench2:dev:651,qwen3:14b,direct,bar,5,5,stop,181,0.0,0.0,0.0,0.0,0.0,0.0,1.0
nvbench2:dev:655,qwen3:14b,direct,line,5,5,stop,283,0.0,0.0,0.0,0.0,0.0,0.0,1.0
nvbench2:dev:666,qwen3:14b,direct,line,5,5,stop,146,0.0,0.0,0.0,0.0,0.0,0.0,1.0
nvbench2:dev:672,qwen3:14b,direct,bar,5,5,stop,166,0.0,0.0,0.0,0.0,0.0,0.0,1.0
nvbench2:dev:675,qwen3:14b,direct,bar,3,3,stop,99,0.0,0.0,0.0,0.0,1.0,0.0,0.0
nvbench2:dev:681,qwen3:14b,direct,bar,5,5,stop,156,0.0,0.0,0.0,0.0,0.0,0.0,1.0
nvbench2:dev:683,qwen3:14b,direct,bar,2,2,stop,329,0.0,0.0,0.0,1.0,0.0,0.0,0.0
nvbench2:dev:684,qwen3:14b,direct,bar,4,4,stop,132,0.0,0.0,0.0,0.0,0.0,1.0,0.0
nvbench2:dev:713,qwen3:14b,direct,bar,1,1,stop,230,0.0,0.0,1.0,0.0,0.0,0.0,0.0
nvbench2:dev:715,qwen3:14b,direct,point,5,5,stop,194,0.0,0.0,0.0,0.0,0.0,0.0,1.0
nvbench2:dev:716,qwen3:14b,direct,boxplot,5,5,stop,161,0.0,0.0,0.0,0.0,0.0,0.0,1.0
nvbench2:dev:717,qwen3:14b,direct,boxplot,1,1,stop,31,0.0,0.0,1.0,0.0,0.0,0.0,0.0
nvbench2:dev:718,qwen3:14b,direct,boxplot,5,5,stop,131,0.0,0.0,0.0,0.0,0.0,0.0,1.0
nvbench2:dev:719,qwen3:14b,direct,arc,1,1,stop,51,0.0,0.0,1.0,0.0,0.0,0.0,0.0
nvbench2:dev:721,qwen3:14b,direct,boxplot,1,1,stop,47,0.0,0.0,1.0,0.0,0.0,0.0,0.0
nvbench2:dev:723,qwen3:14b,direct,boxplot,1,1,stop,23,0.0,0.0,1.0,0.0,0.0,0.0,0.0
nvbench2:dev:725,qwen3:14b,direct,boxplot,5,5,stop,147,0.0,0.0,0.0,0.0,0.0,0.0,1.0
nvbench2:dev:732,qwen3:14b,direct,bar+line+rect,3,3,stop,98,0.0,0.0,0.0,0.0,1.0,0.0,0.0
nvbench2:dev:733,qwen3:14b,direct,bar+line+rect,5,5,stop,130,0.0,0.0,0.0,0.0,0.0,0.0,1.0
nvbench2:dev:17,qwen3:14b,direct_rich,line,5,5,stop,219,0.0,0.0,0.0,0.0,0.0,0.0,1.0
nvbench2:dev:22,qwen3:14b,direct_rich,boxplot,5,5,stop,176,0.0,0.0,0.0,0.0,0.0,0.0,1.0
nvbench2:dev:23,qwen3:14b,direct_rich,point,3,3,stop,95,0.0,0.0,0.0,0.0,1.0,0.0,0.0
nvbench2:dev:25,qwen3:14b,direct_rich,rect,5,5,stop,190,0.0,0.0,0.0,0.0,0.0,0.0,1.0
nvbench2:dev:33,qwen3:14b,direct_rich,arc,5,5,stop,139,0.0,0.0,0.0,0.0,0.0,0.0,1.0
nvbench2:dev:34,qwen3:14b,direct_rich,point,1,1,stop,35,0.0,0.0,1.0,0.0,0.0,0.0,0.0
nvbench2:dev:35,qwen3:14b,direct_rich,bar+line+point+rect,1,1,stop,42,0.0,0.0,1.0,0.0,0.0,0.0,0.0
nvbench2:dev:39,qwen3:14b,direct_rich,arc,1,1,stop,70,0.0,0.0,1.0,0.0,0.0,0.0,0.0
nvbench2:dev:40,qwen3:14b,direct_rich,rect,5,5,stop,209,0.0,0.0,0.0,0.0,0.0,0.0,1.0
nvbench2:dev:41,qwen3:14b,direct_rich,arc,1,1,stop,28,0.0,0.0,1.0,0.0,0.0,0.0,0.0
nvbench2:dev:48,qwen3:14b,direct_rich,arc,1,1,stop,30,0.0,0.0,1.0,0.0,0.0,0.0,0.0
nvbench2:dev:49,qwen3:14b,direct_rich,line,2,2,stop,65,0.0,0.0,0.0,1.0,0.0,0.0,0.0
nvbench2:dev:51,qwen3:14b,direct_rich,bar,1,1,stop,60,0.0,0.0,1.0,0.0,0.0,0.0,0.0
nvbench2:dev:54,qwen3:14b,direct_rich,bar,1,1,stop,34,0.0,0.0,1.0,0.0,0.0,0.0,0.0
nvbench2:dev:57,qwen3:14b,direct_rich,rect,3,3,stop,134,0.0,0.0,0.0,0.0,1.0,0.0,0.0
nvbench2:dev:61,qwen3:14b,direct_rich,arc,1,1,stop,30,0.0,0.0,1.0,0.0,0.0,0.0,0.0
nvbench2:dev:63,qwen3:14b,direct_rich,arc,5,5,stop,130,0.0,0.0,0.0,0.0,0.0,0.0,1.0
nvbench2:dev:68,qwen3:14b,direct_rich,arc,1,1,stop,63,0.0,0.0,1.0,0.0,0.0,0.0,0.0
nvbench2:dev:72,qwen3:14b,direct_rich,arc,1,1,stop,72,0.0,0.0,1.0,0.0,0.0,0.0,0.0
nvbench2:dev:73,qwen3:14b,direct_rich,arc,1,1,stop,30,0.0,0.0,1.0,0.0,0.0,0.0,0.0
nvbench2:dev:76,qwen3:14b,direct_rich,bar,1,1,stop,74,0.0,0.0,1.0,0.0,0.0,0.0,0.0
nvbench2:dev:83,qwen3:14b,direct_rich,arc,1,1,stop,28,0.0,0.0,1.0,0.0,0.0,0.0,0.0
nvbench2:dev:84,qwen3:14b,direct_rich,rect,5,5,stop,228,0.0,0.0,0.0,0.0,0.0,0.0,1.0
nvbench2:dev:89,qwen3:14b,direct_rich,arc,5,5,stop,143,0.0,0.0,0.0,0.0,0.0,0.0,1.0
nvbench2:dev:92,qwen3:14b,direct_rich,arc,5,5,stop,149,0.0,0.0,0.0,0.0,0.0,0.0,1.0
nvbench2:dev:97,qwen3:14b,direct_rich,line,3,3,stop,86,0.0,0.0,0.0,0.0,1.0,0.0,0.0
nvbench2:dev:103,qwen3:14b,direct_rich,boxplot,1,1,stop,36,0.0,0.0,1.0,0.0,0.0,0.0,0.0
nvbench2:dev:105,qwen3:14b,direct_rich,arc,1,1,stop,30,0.0,0.0,1.0,0.0,0.0,0.0,0.0
nvbench2:dev:108,qwen3:14b,direct_rich,boxplot,1,1,stop,35,0.0,0.0,1.0,0.0,0.0,0.0,0.0
nvbench2:dev:112,qwen3:14b,direct_rich,boxplot,1,1,stop,89,0.0,0.0,1.0,0.0,0.0,0.0,0.0
nvbench2:dev:114,qwen3:14b,direct_rich,line,1,1,stop,64,0.0,0.0,1.0,0.0,0.0,0.0,0.0
nvbench2:dev:116,qwen3:14b,direct_rich,arc,3,3,stop,78,0.0,0.0,0.0,0.0,1.0,0.0,0.0
nvbench2:dev:118,qwen3:14b,direct_rich,rect,5,5,stop,212,0.0,0.0,0.0,0.0,0.0,0.0,1.0
nvbench2:dev:127,qwen3:14b,direct_rich,arc,5,5,stop,140,0.0,0.0,0.0,0.0,0.0,0.0,1.0
nvbench2:dev:136,qwen3:14b,direct_rich,boxplot,5,5,stop,173,0.0,0.0,0.0,0.0,0.0,0.0,1.0
nvbench2:dev:138,qwen3:14b,direct_rich,bar,1,1,stop,30,0.0,0.0,1.0,0.0,0.0,0.0,0.0
nvbench2:dev:139,qwen3:14b,direct_rich,line,1,1,stop,36,0.0,0.0,1.0,0.0,0.0,0.0,0.0
nvbench2:dev:143,qwen3:14b,direct_rich,rect,1,1,stop,48,0.0,0.0,1.0,0.0,0.0,0.0,0.0
nvbench2:dev:144,qwen3:14b,direct_rich,bar,1,1,stop,34,0.0,0.0,1.0,0.0,0.0,0.0,0.0
nvbench2:dev:149,qwen3:14b,direct_rich,point,5,5,stop,235,0.0,0.0,0.0,0.0,0.0,0.0,1.0
nvbench2:dev:157,qwen3:14b,direct_rich,point,5,5,stop,135,0.0,0.0,0.0,0.0,0.0,0.0,1.0
nvbench2:dev:158,qwen3:14b,direct_rich,point,1,1,stop,28,0.0,0.0,1.0,0.0,0.0,0.0,0.0
nvbench2:dev:165,qwen3:14b,direct_rich,line,1,1,stop,57,0.0,0.0,1.0,0.0,0.0,0.0,0.0
nvbench2:dev:167,qwen3:14b,direct_rich,bar,1,1,stop,60,0.0,0.0,1.0,0.0,0.0,0.0,0.0
nvbench2:dev:176,qwen3:14b,direct_rich,line,5,5,stop,177,0.0,0.0,0.0,0.0,0.0,0.0,1.0
nvbench2:dev:182,qwen3:14b,direct_rich,rect,1,1,stop,52,0.0,0.0,1.0,0.0,0.0,0.0,0.0
nvbench2:dev:188,qwen3:14b,direct_rich,rect,5,5,stop,229,0.0,0.0,0.0,0.0,0.0,0.0,1.0
nvbench2:dev:191,qwen3:14b,direct_rich,rect,1,1,stop,53,0.0,0.0,1.0,0.0,0.0,0.0,0.0
nvbench2:dev:203,qwen3:14b,direct_rich,bar+line,5,5,stop,147,0.0,0.0,0.0,0.0,0.0,0.0,1.0
nvbench2:dev:214,qwen3:14b,direct_rich,rect,5,5,stop,211,0.0,0.0,0.0,0.0,0.0,0.0,1.0
nvbench2:dev:223,qwen3:14b,direct_rich,boxplot,1,1,stop,37,0.0,0.0,1.0,0.0,0.0,0.0,0.0
nvbench2:dev:228,qwen3:14b,direct_rich,rect,5,5,stop,298,0.0,0.0,0.0,0.0,0.0,0.0,1.0
nvbench2:dev:232,qwen3:14b,direct_rich,arc,5,5,stop,132,0.0,0.0,0.0,0.0,0.0,0.0,1.0
nvbench2:dev:245,qwen3:14b,direct_rich,line,5,5,stop,234,0.0,0.0,0.0,0.0,0.0,0.0,1.0
nvbench2:dev:252,qwen3:14b,direct_rich,rect,1,1,stop,44,0.0,0.0,1.0,0.0,0.0,0.0,0.0
nvbench2:dev:253,qwen3:14b,direct_rich,arc+bar+line,3,3,stop,80,0.0,0.0,0.0,0.0,1.0,0.0,0.0
nvbench2:dev:255,qwen3:14b,direct_rich,bar,1,1,stop,55,0.0,0.0,1.0,0.0,0.0,0.0,0.0
nvbench2:dev:256,qwen3:14b,direct_rich,rect,4,4,stop,704,0.0,0.0,0.0,0.0,0.0,1.0,0.0
nvbench2:dev:259,qwen3:14b,direct_rich,point,5,5,stop,208,0.0,0.0,0.0,0.0,0.0,0.0,1.0
nvbench2:dev:278,qwen3:14b,direct_rich,arc,1,1,stop,30,0.0,0.0,1.0,0.0,0.0,0.0,0.0
nvbench2:dev:283,qwen3:14b,direct_rich,rect,5,5,stop,252,0.0,0.0,0.0,0.0,0.0,0.0,1.0
nvbench2:dev:286,qwen3:14b,direct_rich,bar,1,1,stop,34,0.0,0.0,1.0,0.0,0.0,0.0,0.0
nvbench2:dev:292,qwen3:14b,direct_rich,rect,5,5,stop,257,0.0,0.0,0.0,0.0,0.0,0.0,1.0
nvbench2:dev:296,qwen3:14b,direct_rich,bar,3,3,stop,107,0.0,0.0,0.0,0.0,1.0,0.0,0.0
nvbench2:dev:298,qwen3:14b,direct_rich,bar,3,3,stop,96,0.0,0.0,0.0,0.0,1.0,0.0,0.0
nvbench2:dev:300,qwen3:14b,direct_rich,arc,5,5,stop,130,0.0,0.0,0.0,0.0,0.0,0.0,1.0
nvbench2:dev:302,qwen3:14b,direct_rich,rect,1,1,stop,51,0.0,0.0,1.0,0.0,0.0,0.0,0.0
nvbench2:dev:307,qwen3:14b,direct_rich,rect,3,3,stop,204,0.0,0.0,0.0,0.0,1.0,0.0,0.0
nvbench2:dev:314,qwen3:14b,direct_rich,arc,1,1,stop,30,0.0,0.0,1.0,0.0,0.0,0.0,0.0
nvbench2:dev:315,qwen3:14b,direct_rich,bar,5,5,stop,221,0.0,0.0,0.0,0.0,0.0,0.0,1.0
nvbench2:dev:317,qwen3:14b,direct_rich,rect,5,5,stop,237,0.0,0.0,0.0,0.0,0.0,0.0,1.0
nvbench2:dev:319,qwen3:14b,direct_rich,boxplot,5,5,stop,173,0.0,0.0,0.0,0.0,0.0,0.0,1.0
nvbench2:dev:326,qwen3:14b,direct_rich,rect,1,1,stop,48,0.0,0.0,1.0,0.0,0.0,0.0,0.0
nvbench2:dev:327,qwen3:14b,direct_rich,boxplot,1,1,stop,29,0.0,0.0,1.0,0.0,0.0,0.0,0.0
nvbench2:dev:331,qwen3:14b,direct_rich,bar,1,1,stop,72,0.0,0.0,1.0,0.0,0.0,0.0,0.0
nvbench2:dev:332,qwen3:14b,direct_rich,arc,1,1,stop,34,0.0,0.0,1.0,0.0,0.0,0.0,0.0
nvbench2:dev:336,qwen3:14b,direct_rich,arc,1,1,stop,30,0.0,0.0,1.0,0.0,0.0,0.0,0.0
nvbench2:dev:338,qwen3:14b,direct_rich,rect,5,5,stop,214,0.0,0.0,0.0,0.0,0.0,0.0,1.0
nvbench2:dev:340,qwen3:14b,direct_rich,rect,1,1,stop,51,0.0,0.0,1.0,0.0,0.0,0.0,0.0
nvbench2:dev:346,qwen3:14b,direct_rich,bar+line+rect,5,5,stop,289,0.0,0.0,0.0,0.0,0.0,0.0,1.0
nvbench2:dev:358,qwen3:14b,direct_rich,bar,5,5,stop,173,0.0,0.0,0.0,0.0,0.0,0.0,1.0
nvbench2:dev:362,qwen3:14b,direct_rich,rect,1,1,stop,70,0.0,0.0,1.0,0.0,0.0,0.0,0.0
nvbench2:dev:367,qwen3:14b,direct_rich,bar,1,1,stop,36,0.0,0.0,1.0,0.0,0.0,0.0,0.0
nvbench2:dev:381,qwen3:14b,direct_rich,rect,1,1,stop,50,0.0,0.0,1.0,0.0,0.0,0.0,0.0
nvbench2:dev:383,qwen3:14b,direct_rich,rect,1,1,stop,50,0.0,0.0,1.0,0.0,0.0,0.0,0.0
nvbench2:dev:384,qwen3:14b,direct_rich,bar,3,3,stop,155,0.0,0.0,0.0,0.0,1.0,0.0,0.0
nvbench2:dev:388,qwen3:14b,direct_rich,rect,3,3,stop,207,0.0,0.0,0.0,0.0,1.0,0.0,0.0
nvbench2:dev:394,qwen3:14b,direct_rich,arc,1,1,stop,30,0.0,0.0,1.0,0.0,0.0,0.0,0.0
nvbench2:dev:398,qwen3:14b,direct_rich,line,1,1,stop,29,0.0,0.0,1.0,0.0,0.0,0.0,0.0
nvbench2:dev:403,qwen3:14b,direct_rich,point,5,5,stop,334,0.0,0.0,0.0,0.0,0.0,0.0,1.0
nvbench2:dev:405,qwen3:14b,direct_rich,bar,5,5,stop,149,0.0,0.0,0.0,0.0,0.0,0.0,1.0
nvbench2:dev:421,qwen3:14b,direct_rich,arc,1,1,stop,30,0.0,0.0,1.0,0.0,0.0,0.0,0.0
nvbench2:dev:422,qwen3:14b,direct_rich,arc,1,1,stop,30,0.0,0.0,1.0,0.0,0.0,0.0,0.0
nvbench2:dev:436,qwen3:14b,direct_rich,point,3,3,stop,96,0.0,0.0,0.0,0.0,1.0,0.0,0.0
nvbench2:dev:444,qwen3:14b,direct_rich,point,1,1,stop,384,0.0,0.0,1.0,0.0,0.0,0.0,0.0
nvbench2:dev:445,qwen3:14b,direct_rich,boxplot,1,1,stop,33,0.0,0.0,1.0,0.0,0.0,0.0,0.0
nvbench2:dev:455,qwen3:14b,direct_rich,bar,1,1,stop,33,0.0,0.0,1.0,0.0,0.0,0.0,0.0
nvbench2:dev:457,qwen3:14b,direct_rich,arc,1,1,stop,30,0.0,0.0,1.0,0.0,0.0,0.0,0.0
nvbench2:dev:462,qwen3:14b,direct_rich,bar,3,3,stop,88,0.0,0.0,0.0,0.0,1.0,0.0,0.0
nvbench2:dev:463,qwen3:14b,direct_rich,bar+line+point,1,1,stop,102,0.0,0.0,1.0,0.0,0.0,0.0,0.0
nvbench2:dev:465,qwen3:14b,direct_rich,arc,1,1,stop,28,0.0,0.0,1.0,0.0,0.0,0.0,0.0
nvbench2:dev:470,qwen3:14b,direct_rich,boxplot,1,1,stop,36,0.0,0.0,1.0,0.0,0.0,0.0,0.0
nvbench2:dev:475,qwen3:14b,direct_rich,bar+line,5,5,stop,207,0.0,0.0,0.0,0.0,0.0,0.0,1.0
nvbench2:dev:485,qwen3:14b,direct_rich,bar,5,5,stop,212,0.0,0.0,0.0,0.0,0.0,0.0,1.0
nvbench2:dev:492,qwen3:14b,direct_rich,arc,1,1,stop,30,0.0,0.0,1.0,0.0,0.0,0.0,0.0
nvbench2:dev:495,qwen3:14b,direct_rich,boxplot,3,3,stop,102,0.0,0.0,0.0,0.0,1.0,0.0,0.0
nvbench2:dev:498,qwen3:14b,direct_rich,arc,1,1,stop,31,0.0,0.0,1.0,0.0,0.0,0.0,0.0
nvbench2:dev:499,qwen3:14b,direct_rich,line,1,1,stop,33,0.0,0.0,1.0,0.0,0.0,0.0,0.0
nvbench2:dev:507,qwen3:14b,direct_rich,rect,5,5,stop,212,0.0,0.0,0.0,0.0,0.0,0.0,1.0
nvbench2:dev:508,qwen3:14b,direct_rich,arc,5,5,stop,130,0.0,0.0,0.0,0.0,0.0,0.0,1.0
nvbench2:dev:515,qwen3:14b,direct_rich,line,3,3,stop,152,0.0,0.0,0.0,0.0,1.0,0.0,0.0
nvbench2:dev:531,qwen3:14b,direct_rich,bar,3,3,stop,98,0.0,0.0,0.0,0.0,1.0,0.0,0.0
nvbench2:dev:538,qwen3:14b,direct_rich,arc,2,2,stop,55,0.0,0.0,0.0,1.0,0.0,0.0,0.0
nvbench2:dev:540,qwen3:14b,direct_rich,bar,1,1,stop,35,0.0,0.0,1.0,0.0,0.0,0.0,0.0
nvbench2:dev:551,qwen3:14b,direct_rich,line,5,5,stop,155,0.0,0.0,0.0,0.0,0.0,0.0,1.0
nvbench2:dev:554,qwen3:14b,direct_rich,point,1,1,stop,36,0.0,0.0,1.0,0.0,0.0,0.0,0.0
nvbench2:dev:562,qwen3:14b,direct_rich,bar,5,5,stop,162,0.0,0.0,0.0,0.0,0.0,0.0,1.0
nvbench2:dev:568,qwen3:14b,direct_rich,line,1,1,stop,50,0.0,0.0,1.0,0.0,0.0,0.0,0.0
nvbench2:dev:571,qwen3:14b,direct_rich,rect,1,1,stop,147,0.0,0.0,1.0,0.0,0.0,0.0,0.0
nvbench2:dev:572,qwen3:14b,direct_rich,bar,1,1,stop,39,0.0,0.0,1.0,0.0,0.0,0.0,0.0
nvbench2:dev:573,qwen3:14b,direct_rich,point,1,1,stop,30,0.0,0.0,1.0,0.0,0.0,0.0,0.0
nvbench2:dev:603,qwen3:14b,direct_rich,rect,5,5,stop,156,0.0,0.0,0.0,0.0,0.0,0.0,1.0
nvbench2:dev:605,qwen3:14b,direct_rich,line,1,1,stop,35,0.0,0.0,1.0,0.0,0.0,0.0,0.0
nvbench2:dev:606,qwen3:14b,direct_rich,bar,5,5,stop,162,0.0,0.0,0.0,0.0,0.0,0.0,1.0
nvbench2:dev:612,qwen3:14b,direct_rich,arc,1,1,stop,30,0.0,0.0,1.0,0.0,0.0,0.0,0.0
nvbench2:dev:614,qwen3:14b,direct_rich,bar,5,5,stop,228,0.0,0.0,0.0,0.0,0.0,0.0,1.0
nvbench2:dev:628,qwen3:14b,direct_rich,rect,1,1,stop,101,0.0,0.0,1.0,0.0,0.0,0.0,0.0
nvbench2:dev:641,qwen3:14b,direct_rich,rect,1,1,stop,52,0.0,0.0,1.0,0.0,0.0,0.0,0.0
nvbench2:dev:642,qwen3:14b,direct_rich,line,1,1,stop,47,0.0,0.0,1.0,0.0,0.0,0.0,0.0
nvbench2:dev:644,qwen3:14b,direct_rich,bar+line,5,5,stop,215,0.0,0.0,0.0,0.0,0.0,0.0,1.0
nvbench2:dev:647,qwen3:14b,direct_rich,bar,5,5,stop,221,0.0,0.0,0.0,0.0,0.0,0.0,1.0
nvbench2:dev:651,qwen3:14b,direct_rich,bar,5,5,stop,181,0.0,0.0,0.0,0.0,0.0,0.0,1.0
nvbench2:dev:655,qwen3:14b,direct_rich,line,5,5,stop,278,0.0,0.0,0.0,0.0,0.0,0.0,1.0
nvbench2:dev:666,qwen3:14b,direct_rich,line,5,5,stop,146,0.0,0.0,0.0,0.0,0.0,0.0,1.0
nvbench2:dev:672,qwen3:14b,direct_rich,bar,5,5,stop,178,0.0,0.0,0.0,0.0,0.0,0.0,1.0
nvbench2:dev:675,qwen3:14b,direct_rich,bar,5,5,stop,174,0.0,0.0,0.0,0.0,0.0,0.0,1.0
nvbench2:dev:681,qwen3:14b,direct_rich,bar,5,5,stop,164,0.0,0.0,0.0,0.0,0.0,0.0,1.0
nvbench2:dev:683,qwen3:14b,direct_rich,bar,5,5,stop,328,0.0,0.0,0.0,0.0,0.0,0.0,1.0
nvbench2:dev:684,qwen3:14b,direct_rich,bar,3,3,stop,122,0.0,0.0,0.0,0.0,1.0,0.0,0.0
nvbench2:dev:713,qwen3:14b,direct_rich,bar,2,2,stop,229,0.0,0.0,0.0,1.0,0.0,0.0,0.0
nvbench2:dev:715,qwen3:14b,direct_rich,point,1,1,stop,29,0.0,0.0,1.0,0.0,0.0,0.0,0.0
nvbench2:dev:716,qwen3:14b,direct_rich,boxplot,5,5,stop,161,0.0,0.0,0.0,0.0,0.0,0.0,1.0
nvbench2:dev:717,qwen3:14b,direct_rich,boxplot,1,1,stop,28,0.0,0.0,1.0,0.0,0.0,0.0,0.0
nvbench2:dev:718,qwen3:14b,direct_rich,boxplot,5,5,stop,155,0.0,0.0,0.0,0.0,0.0,0.0,1.0
nvbench2:dev:719,qwen3:14b,direct_rich,arc,1,1,stop,30,0.0,0.0,1.0,0.0,0.0,0.0,0.0
nvbench2:dev:721,qwen3:14b,direct_rich,boxplot,5,5,stop,171,0.0,0.0,0.0,0.0,0.0,0.0,1.0
nvbench2:dev:723,qwen3:14b,direct_rich,boxplot,1,1,stop,23,0.0,0.0,1.0,0.0,0.0,0.0,0.0
nvbench2:dev:725,qwen3:14b,direct_rich,boxplot,3,3,stop,100,0.0,0.0,0.0,0.0,1.0,0.0,0.0
nvbench2:dev:732,qwen3:14b,direct_rich,bar+line+rect,1,1,stop,36,0.0,0.0,1.0,0.0,0.0,0.0,0.0
nvbench2:dev:733,qwen3:14b,direct_rich,bar+line+rect,5,5,stop,130,0.0,0.0,0.0,0.0,0.0,0.0,1.0
nvbench2:dev:17,qwen3:14b,staged,line,1,1,stop,664,0.0,0.0,1.0,0.0,0.0,0.0,0.0
nvbench2:dev:22,qwen3:14b,staged,boxplot,3,3,stop,592,0.0,0.0,0.0,0.0,1.0,0.0,0.0
nvbench2:dev:23,qwen3:14b,staged,point,2,2,stop,544,0.0,0.0,0.0,1.0,0.0,0.0,0.0
nvbench2:dev:25,qwen3:14b,staged,rect,2,2,stop,741,0.0,0.0,0.0,1.0,0.0,0.0,0.0
nvbench2:dev:33,qwen3:14b,staged,arc,1,1,stop,509,0.0,0.0,1.0,0.0,0.0,0.0,0.0
nvbench2:dev:34,qwen3:14b,staged,point,1,1,stop,437,0.0,0.0,1.0,0.0,0.0,0.0,0.0
nvbench2:dev:35,qwen3:14b,staged,bar+line+point+rect,2,2,stop,693,0.0,0.0,0.0,1.0,0.0,0.0,0.0
nvbench2:dev:39,qwen3:14b,staged,arc,1,1,stop,637,0.0,0.0,1.0,0.0,0.0,0.0,0.0
nvbench2:dev:40,qwen3:14b,staged,rect,5,5,stop,898,0.0,0.0,0.0,0.0,0.0,0.0,1.0
nvbench2:dev:41,qwen3:14b,staged,arc,1,1,stop,423,0.0,0.0,1.0,0.0,0.0,0.0,0.0
nvbench2:dev:48,qwen3:14b,staged,arc,1,1,stop,506,0.0,0.0,1.0,0.0,0.0,0.0,0.0
nvbench2:dev:49,qwen3:14b,staged,line,1,1,stop,542,0.0,0.0,1.0,0.0,0.0,0.0,0.0
nvbench2:dev:51,qwen3:14b,staged,bar,1,1,stop,564,0.0,0.0,1.0,0.0,0.0,0.0,0.0
nvbench2:dev:54,qwen3:14b,staged,bar,1,1,stop,527,0.0,0.0,1.0,0.0,0.0,0.0,0.0
nvbench2:dev:57,qwen3:14b,staged,rect,1,1,stop,490,0.0,0.0,1.0,0.0,0.0,0.0,0.0
nvbench2:dev:61,qwen3:14b,staged,arc,1,1,stop,498,0.0,0.0,1.0,0.0,0.0,0.0,0.0
nvbench2:dev:63,qwen3:14b,staged,arc,4,4,stop,668,0.0,0.0,0.0,0.0,0.0,1.0,0.0
nvbench2:dev:68,qwen3:14b,staged,arc,1,1,stop,537,0.0,0.0,1.0,0.0,0.0,0.0,0.0
nvbench2:dev:72,qwen3:14b,staged,arc,1,1,stop,586,0.0,0.0,1.0,0.0,0.0,0.0,0.0
nvbench2:dev:73,qwen3:14b,staged,arc,1,1,stop,562,0.0,0.0,1.0,0.0,0.0,0.0,0.0
nvbench2:dev:76,qwen3:14b,staged,bar,1,1,stop,561,0.0,0.0,1.0,0.0,0.0,0.0,0.0
nvbench2:dev:83,qwen3:14b,staged,arc,1,1,stop,460,0.0,0.0,1.0,0.0,0.0,0.0,0.0
nvbench2:dev:84,qwen3:14b,staged,rect,5,5,stop,786,0.0,0.0,0.0,0.0,0.0,0.0,1.0
nvbench2:dev:89,qwen3:14b,staged,arc,2,2,stop,581,0.0,0.0,0.0,1.0,0.0,0.0,0.0
nvbench2:dev:92,qwen3:14b,staged,arc,1,1,stop,594,0.0,0.0,1.0,0.0,0.0,0.0,0.0
nvbench2:dev:97,qwen3:14b,staged,line,2,2,stop,693,0.0,0.0,0.0,1.0,0.0,0.0,0.0
nvbench2:dev:103,qwen3:14b,staged,boxplot,1,1,stop,501,0.0,0.0,1.0,0.0,0.0,0.0,0.0
nvbench2:dev:105,qwen3:14b,staged,arc,1,1,stop,618,0.0,0.0,1.0,0.0,0.0,0.0,0.0
nvbench2:dev:108,qwen3:14b,staged,boxplot,1,1,stop,486,0.0,0.0,1.0,0.0,0.0,0.0,0.0
nvbench2:dev:112,qwen3:14b,staged,boxplot,1,1,stop,579,0.0,0.0,1.0,0.0,0.0,0.0,0.0
nvbench2:dev:114,qwen3:14b,staged,line,1,1,stop,636,0.0,0.0,1.0,0.0,0.0,0.0,0.0
nvbench2:dev:116,qwen3:14b,staged,arc,1,1,stop,554,0.0,0.0,1.0,0.0,0.0,0.0,0.0
nvbench2:dev:118,qwen3:14b,staged,rect,1,1,stop,564,0.0,0.0,1.0,0.0,0.0,0.0,0.0
nvbench2:dev:127,qwen3:14b,staged,arc,2,2,stop,626,0.0,0.0,0.0,1.0,0.0,0.0,0.0
nvbench2:dev:136,qwen3:14b,staged,boxplot,1,1,stop,482,0.0,0.0,1.0,0.0,0.0,0.0,0.0
nvbench2:dev:138,qwen3:14b,staged,bar,1,1,stop,541,0.0,0.0,1.0,0.0,0.0,0.0,0.0
nvbench2:dev:139,qwen3:14b,staged,line,1,1,stop,385,0.0,0.0,1.0,0.0,0.0,0.0,0.0
nvbench2:dev:143,qwen3:14b,staged,rect,1,1,stop,494,0.0,0.0,1.0,0.0,0.0,0.0,0.0
nvbench2:dev:144,qwen3:14b,staged,bar,1,1,stop,431,0.0,0.0,1.0,0.0,0.0,0.0,0.0
nvbench2:dev:149,qwen3:14b,staged,point,3,3,stop,623,0.0,0.0,0.0,0.0,1.0,0.0,0.0
nvbench2:dev:157,qwen3:14b,staged,point,2,2,stop,680,0.0,0.0,0.0,1.0,0.0,0.0,0.0
nvbench2:dev:158,qwen3:14b,staged,point,1,1,stop,551,0.0,0.0,1.0,0.0,0.0,0.0,0.0
nvbench2:dev:165,qwen3:14b,staged,line,1,1,stop,612,0.0,0.0,1.0,0.0,0.0,0.0,0.0
nvbench2:dev:167,qwen3:14b,staged,bar,1,1,stop,622,0.0,0.0,1.0,0.0,0.0,0.0,0.0
nvbench2:dev:176,qwen3:14b,staged,line,1,1,stop,508,0.0,0.0,1.0,0.0,0.0,0.0,0.0
nvbench2:dev:182,qwen3:14b,staged,rect,1,1,stop,762,0.0,0.0,1.0,0.0,0.0,0.0,0.0
nvbench2:dev:188,qwen3:14b,staged,rect,1,1,stop,596,0.0,0.0,1.0,0.0,0.0,0.0,0.0
nvbench2:dev:191,qwen3:14b,staged,rect,1,1,stop,511,0.0,0.0,1.0,0.0,0.0,0.0,0.0
nvbench2:dev:203,qwen3:14b,staged,bar+line,5,5,stop,858,0.0,0.0,0.0,0.0,0.0,0.0,1.0
nvbench2:dev:214,qwen3:14b,staged,rect,2,2,stop,681,0.0,0.0,0.0,1.0,0.0,0.0,0.0
nvbench2:dev:223,qwen3:14b,staged,boxplot,1,1,stop,481,0.0,0.0,1.0,0.0,0.0,0.0,0.0
nvbench2:dev:228,qwen3:14b,staged,rect,3,3,stop,976,0.0,0.0,0.0,0.0,1.0,0.0,0.0
nvbench2:dev:232,qwen3:14b,staged,arc,3,3,stop,692,0.0,0.0,0.0,0.0,1.0,0.0,0.0
nvbench2:dev:245,qwen3:14b,staged,line,1,1,stop,680,0.0,0.0,1.0,0.0,0.0,0.0,0.0
nvbench2:dev:252,qwen3:14b,staged,rect,1,1,stop,602,0.0,0.0,1.0,0.0,0.0,0.0,0.0
nvbench2:dev:253,qwen3:14b,staged,arc+bar+line,1,1,stop,465,0.0,0.0,1.0,0.0,0.0,0.0,0.0
nvbench2:dev:255,qwen3:14b,staged,bar,1,1,stop,522,0.0,0.0,1.0,0.0,0.0,0.0,0.0
nvbench2:dev:256,qwen3:14b,staged,rect,1,1,stop,631,0.0,0.0,1.0,0.0,0.0,0.0,0.0
nvbench2:dev:259,qwen3:14b,staged,point,1,1,stop,432,0.0,0.0,1.0,0.0,0.0,0.0,0.0
nvbench2:dev:278,qwen3:14b,staged,arc,1,1,stop,526,0.0,0.0,1.0,0.0,0.0,0.0,0.0
nvbench2:dev:283,qwen3:14b,staged,rect,4,4,stop,1058,0.0,0.0,0.0,0.0,0.0,1.0,0.0
nvbench2:dev:286,qwen3:14b,staged,bar,1,1,stop,531,0.0,0.0,1.0,0.0,0.0,0.0,0.0
nvbench2:dev:292,qwen3:14b,staged,rect,1,1,stop,795,0.0,0.0,1.0,0.0,0.0,0.0,0.0
nvbench2:dev:296,qwen3:14b,staged,bar,2,2,stop,671,0.0,0.0,0.0,1.0,0.0,0.0,0.0
nvbench2:dev:298,qwen3:14b,staged,bar,1,1,stop,548,0.0,0.0,1.0,0.0,0.0,0.0,0.0
nvbench2:dev:300,qwen3:14b,staged,arc,5,5,stop,801,0.0,0.0,0.0,0.0,0.0,0.0,1.0
nvbench2:dev:302,qwen3:14b,staged,rect,2,2,stop,631,0.0,0.0,0.0,1.0,0.0,0.0,0.0
nvbench2:dev:307,qwen3:14b,staged,rect,1,1,stop,762,0.0,0.0,1.0,0.0,0.0,0.0,0.0
nvbench2:dev:314,qwen3:14b,staged,arc,1,1,stop,518,0.0,0.0,1.0,0.0,0.0,0.0,0.0
nvbench2:dev:315,qwen3:14b,staged,bar,1,1,stop,600,0.0,0.0,1.0,0.0,0.0,0.0,0.0
nvbench2:dev:317,qwen3:14b,staged,rect,1,1,stop,627,0.0,0.0,1.0,0.0,0.0,0.0,0.0
nvbench2:dev:319,qwen3:14b,staged,boxplot,1,1,stop,482,0.0,0.0,1.0,0.0,0.0,0.0,0.0
nvbench2:dev:326,qwen3:14b,staged,rect,1,1,stop,550,0.0,0.0,1.0,0.0,0.0,0.0,0.0
nvbench2:dev:327,qwen3:14b,staged,boxplot,1,1,stop,534,0.0,0.0,1.0,0.0,0.0,0.0,0.0
nvbench2:dev:331,qwen3:14b,staged,bar,2,2,stop,861,0.0,0.0,0.0,1.0,0.0,0.0,0.0
nvbench2:dev:332,qwen3:14b,staged,arc,1,1,stop,510,0.0,0.0,1.0,0.0,0.0,0.0,0.0
nvbench2:dev:336,qwen3:14b,staged,arc,1,1,stop,512,0.0,0.0,1.0,0.0,0.0,0.0,0.0
nvbench2:dev:338,qwen3:14b,staged,rect,2,2,stop,612,0.0,0.0,0.0,1.0,0.0,0.0,0.0
nvbench2:dev:340,qwen3:14b,staged,rect,1,1,stop,608,0.0,0.0,1.0,0.0,0.0,0.0,0.0
nvbench2:dev:346,qwen3:14b,staged,bar+line+rect,2,2,stop,756,0.0,0.0,0.0,1.0,0.0,0.0,0.0
nvbench2:dev:358,qwen3:14b,staged,bar,5,5,stop,737,0.0,0.0,0.0,0.0,0.0,0.0,1.0
nvbench2:dev:362,qwen3:14b,staged,rect,1,1,stop,694,0.0,0.0,1.0,0.0,0.0,0.0,0.0
nvbench2:dev:367,qwen3:14b,staged,bar,2,2,stop,591,0.0,0.0,0.0,1.0,0.0,0.0,0.0
nvbench2:dev:381,qwen3:14b,staged,rect,1,1,stop,626,0.0,0.0,1.0,0.0,0.0,0.0,0.0
nvbench2:dev:383,qwen3:14b,staged,rect,1,1,stop,552,0.0,0.0,1.0,0.0,0.0,0.0,0.0
nvbench2:dev:384,qwen3:14b,staged,bar,2,2,stop,829,0.0,0.0,0.0,1.0,0.0,0.0,0.0
nvbench2:dev:388,qwen3:14b,staged,rect,1,1,stop,679,0.0,0.0,1.0,0.0,0.0,0.0,0.0
nvbench2:dev:394,qwen3:14b,staged,arc,1,1,stop,493,0.0,0.0,1.0,0.0,0.0,0.0,0.0
nvbench2:dev:398,qwen3:14b,staged,line,1,1,stop,435,0.0,0.0,1.0,0.0,0.0,0.0,0.0
nvbench2:dev:403,qwen3:14b,staged,point,1,1,stop,485,0.0,0.0,1.0,0.0,0.0,0.0,0.0
nvbench2:dev:405,qwen3:14b,staged,bar,1,1,stop,452,0.0,0.0,1.0,0.0,0.0,0.0,0.0
nvbench2:dev:421,qwen3:14b,staged,arc,1,1,stop,498,0.0,0.0,1.0,0.0,0.0,0.0,0.0
nvbench2:dev:422,qwen3:14b,staged,arc,1,1,stop,611,0.0,0.0,1.0,0.0,0.0,0.0,0.0
nvbench2:dev:436,qwen3:14b,staged,point,1,1,stop,442,0.0,0.0,1.0,0.0,0.0,0.0,0.0
nvbench2:dev:444,qwen3:14b,staged,point,1,1,stop,535,0.0,0.0,1.0,0.0,0.0,0.0,0.0
nvbench2:dev:445,qwen3:14b,staged,boxplot,1,1,stop,452,0.0,0.0,1.0,0.0,0.0,0.0,0.0
nvbench2:dev:455,qwen3:14b,staged,bar,2,2,stop,669,0.0,0.0,0.0,1.0,0.0,0.0,0.0
nvbench2:dev:457,qwen3:14b,staged,arc,1,1,stop,470,0.0,0.0,1.0,0.0,0.0,0.0,0.0
nvbench2:dev:462,qwen3:14b,staged,bar,2,2,stop,663,0.0,0.0,0.0,1.0,0.0,0.0,0.0
nvbench2:dev:463,qwen3:14b,staged,bar+line+point,2,2,stop,917,0.0,0.0,0.0,1.0,0.0,0.0,0.0
nvbench2:dev:465,qwen3:14b,staged,arc,1,1,stop,441,0.0,0.0,1.0,0.0,0.0,0.0,0.0
nvbench2:dev:470,qwen3:14b,staged,boxplot,1,1,stop,502,0.0,0.0,1.0,0.0,0.0,0.0,0.0
nvbench2:dev:475,qwen3:14b,staged,bar+line,2,2,stop,554,0.0,0.0,0.0,1.0,0.0,0.0,0.0
nvbench2:dev:485,qwen3:14b,staged,bar,1,1,stop,561,0.0,0.0,1.0,0.0,0.0,0.0,0.0
nvbench2:dev:492,qwen3:14b,staged,arc,1,1,stop,502,0.0,0.0,1.0,0.0,0.0,0.0,0.0
nvbench2:dev:495,qwen3:14b,staged,boxplot,1,1,stop,505,0.0,0.0,1.0,0.0,0.0,0.0,0.0
nvbench2:dev:498,qwen3:14b,staged,arc,1,1,stop,548,0.0,0.0,1.0,0.0,0.0,0.0,0.0
nvbench2:dev:499,qwen3:14b,staged,line,1,1,stop,472,0.0,0.0,1.0,0.0,0.0,0.0,0.0
nvbench2:dev:507,qwen3:14b,staged,rect,2,2,stop,774,0.0,0.0,0.0,1.0,0.0,0.0,0.0
nvbench2:dev:508,qwen3:14b,staged,arc,2,2,stop,624,0.0,0.0,0.0,1.0,0.0,0.0,0.0
nvbench2:dev:515,qwen3:14b,staged,line,1,1,stop,587,0.0,0.0,1.0,0.0,0.0,0.0,0.0
nvbench2:dev:531,qwen3:14b,staged,bar,1,1,stop,488,0.0,0.0,1.0,0.0,0.0,0.0,0.0
nvbench2:dev:538,qwen3:14b,staged,arc,2,2,stop,562,0.0,0.0,0.0,1.0,0.0,0.0,0.0
nvbench2:dev:540,qwen3:14b,staged,bar,1,1,stop,492,0.0,0.0,1.0,0.0,0.0,0.0,0.0
nvbench2:dev:551,qwen3:14b,staged,line,2,2,stop,531,0.0,0.0,0.0,1.0,0.0,0.0,0.0
nvbench2:dev:554,qwen3:14b,staged,point,1,1,stop,492,0.0,0.0,1.0,0.0,0.0,0.0,0.0
nvbench2:dev:562,qwen3:14b,staged,bar,1,1,stop,464,0.0,0.0,1.0,0.0,0.0,0.0,0.0
nvbench2:dev:568,qwen3:14b,staged,line,1,1,stop,506,0.0,0.0,1.0,0.0,0.0,0.0,0.0
nvbench2:dev:571,qwen3:14b,staged,rect,1,1,stop,709,0.0,0.0,1.0,0.0,0.0,0.0,0.0
nvbench2:dev:572,qwen3:14b,staged,bar,1,1,stop,441,0.0,0.0,1.0,0.0,0.0,0.0,0.0
nvbench2:dev:573,qwen3:14b,staged,point,4,4,stop,777,0.0,0.0,0.0,0.0,0.0,1.0,0.0
nvbench2:dev:603,qwen3:14b,staged,rect,1,1,stop,588,0.0,0.0,1.0,0.0,0.0,0.0,0.0
nvbench2:dev:605,qwen3:14b,staged,line,1,1,stop,475,0.0,0.0,1.0,0.0,0.0,0.0,0.0
nvbench2:dev:606,qwen3:14b,staged,bar,1,1,stop,432,0.0,0.0,1.0,0.0,0.0,0.0,0.0
nvbench2:dev:612,qwen3:14b,staged,arc,1,1,stop,493,0.0,0.0,1.0,0.0,0.0,0.0,0.0
nvbench2:dev:614,qwen3:14b,staged,bar,5,5,stop,869,0.0,0.0,0.0,0.0,0.0,0.0,1.0
nvbench2:dev:628,qwen3:14b,staged,rect,1,1,stop,722,0.0,0.0,1.0,0.0,0.0,0.0,0.0
nvbench2:dev:641,qwen3:14b,staged,rect,1,1,stop,575,0.0,0.0,1.0,0.0,0.0,0.0,0.0
nvbench2:dev:642,qwen3:14b,staged,line,1,1,stop,578,0.0,0.0,1.0,0.0,0.0,0.0,0.0
nvbench2:dev:644,qwen3:14b,staged,bar+line,2,2,stop,635,0.0,0.0,0.0,1.0,0.0,0.0,0.0
nvbench2:dev:647,qwen3:14b,staged,bar,1,1,stop,655,0.0,0.0,1.0,0.0,0.0,0.0,0.0
nvbench2:dev:651,qwen3:14b,staged,bar,1,1,stop,497,0.0,0.0,1.0,0.0,0.0,0.0,0.0
nvbench2:dev:655,qwen3:14b,staged,line,1,1,stop,725,0.0,0.0,1.0,0.0,0.0,0.0,0.0
nvbench2:dev:666,qwen3:14b,staged,line,2,2,stop,641,0.0,0.0,0.0,1.0,0.0,0.0,0.0
nvbench2:dev:672,qwen3:14b,staged,bar,1,1,stop,424,0.0,0.0,1.0,0.0,0.0,0.0,0.0
nvbench2:dev:675,qwen3:14b,staged,bar,1,1,stop,480,0.0,0.0,1.0,0.0,0.0,0.0,0.0
nvbench2:dev:681,qwen3:14b,staged,bar,1,1,stop,525,0.0,0.0,1.0,0.0,0.0,0.0,0.0
nvbench2:dev:683,qwen3:14b,staged,bar,1,1,stop,585,0.0,0.0,1.0,0.0,0.0,0.0,0.0
nvbench2:dev:684,qwen3:14b,staged,bar,1,1,stop,527,0.0,0.0,1.0,0.0,0.0,0.0,0.0
nvbench2:dev:713,qwen3:14b,staged,bar,2,2,stop,668,0.0,0.0,0.0,1.0,0.0,0.0,0.0
nvbench2:dev:715,qwen3:14b,staged,point,1,1,stop,538,0.0,0.0,1.0,0.0,0.0,0.0,0.0
nvbench2:dev:716,qwen3:14b,staged,boxplot,3,3,stop,626,0.0,0.0,0.0,0.0,1.0,0.0,0.0
nvbench2:dev:717,qwen3:14b,staged,boxplot,1,1,stop,456,0.0,0.0,1.0,0.0,0.0,0.0,0.0
nvbench2:dev:718,qwen3:14b,staged,boxplot,1,1,stop,460,0.0,0.0,1.0,0.0,0.0,0.0,0.0
nvbench2:dev:719,qwen3:14b,staged,arc,1,1,stop,593,0.0,0.0,1.0,0.0,0.0,0.0,0.0
nvbench2:dev:721,qwen3:14b,staged,boxplot,1,1,stop,549,0.0,0.0,1.0,0.0,0.0,0.0,0.0
nvbench2:dev:723,qwen3:14b,staged,boxplot,1,1,stop,470,0.0,0.0,1.0,0.0,0.0,0.0,0.0
nvbench2:dev:725,qwen3:14b,staged,boxplot,2,2,stop,582,0.0,0.0,0.0,1.0,0.0,0.0,0.0
nvbench2:dev:732,qwen3:14b,staged,bar+line+rect,2,2,stop,536,0.0,0.0,0.0,1.0,0.0,0.0,0.0
nvbench2:dev:733,qwen3:14b,staged,bar+line+rect,4,4,stop,760,0.0,0.0,0.0,0.0,0.0,1.0,0.0
