record_id,index,model,condition,seed,temperature,parse_success,candidate_count,valid_candidate_count,any_candidate,any_valid_candidate,all_candidates_valid,elapsed_seconds,gold_count_raw,gold_count_canonical,ambiguity_group,gold_family,raw_mrr,raw_hit@1,raw_recall@1,raw_precision@1,raw_f1@1,raw_hit@3,raw_recall@3,raw_precision@3,raw_f1@3,raw_hit@5,raw_recall@5,raw_precision@5,raw_f1@5,valid_mrr,valid_hit@1,valid_recall@1,valid_precision@1,valid_f1@1,valid_hit@3,valid_recall@3,valid_precision@3,valid_f1@3,valid_hit@5,valid_recall@5,valid_precision@5,valid_f1@5,top1_mark,top1_channels,top1_fields,top1_operations,top1_filters,top1_macro,best5_mark,best5_channels,best5_fields,best5_operations,best5_filters,best5_macro,graded_ndcg@5
nvbench2:test:0,0,qwen3:14b,direct,55,0.0,1.0,5,2,1.0,1.0,0.0,18.084499700111337,4,4,multi_gold,boxplot,0.0,0.0,0.0,0.0,0.0,0.0,0.0,0.0,0.0,0.0,0.0,0.0,0.0,0.0,0.0,0.0,0.0,0.0,0.0,0.0,0.0,0.0,0.0,0.0,0.0,0.0,1.0,1.0,0.0,1.0,1.0,0.8,1.0,1.0,0.0,1.0,1.0,0.8,0.7370982768641916
nvbench2:test:1,1,qwen3:14b,direct,55,0.0,1.0,5,0,1.0,0.0,0.0,9.857392500038259,5,5,multi_gold,point,0.0,0.0,0.0,0.0,0.0,0.0,0.0,0.0,0.0,0.0,0.0,0.0,0.0,0.0,0.0,0.0,0.0,0.0,0.0,0.0,0.0,0.0,0.0,0.0,0.0,0.0,1.0,0.8571428571428571,0.0,0.0,0.0,0.37142857142857144,1.0,0.8571428571428571,0.28571428571428575,0.0,0.0,0.42857142857142855,0.31698887105580376
nvbench2:test:2,2,qwen3:14b,direct,55,0.0,1.0,5,5,1.0,1.0,1.0,4.275040999986231,3,3,multi_gold,boxplot,0.0,0.0,0.0,0.0,0.0,0.0,0.0,0.0,0.0,0.0,0.0,0.0,0.0,0.0,0.0,0.0,0.0,0.0,0.0,0.0,0.0,0.0,0.0,0.0,0.0,0.0,1.0,1.0,1.0,1.0,1.0,1.0,1.0,1.0,1.0,1.0,1.0,1.0,1.3322654687562048
nvbench2:test:3,3,qwen3:14b,direct,55,0.0,1.0,1,0,1.0,0.0,0.0,0.9052580000134185,4,4,multi_gold,arc,0.0,0.0,0.0,0.0,0.0,0.0,0.0,0.0,0.0,0.0,0.0,0.0,0.0,0.0,0.0,0.0,0.0,0.0,0.0,0.0,0.0,0.0,0.0,0.0,0.0,0.0,1.0,1.0,0.5,1.0,1.0,0.9,1.0,1.0,0.5,1.0,1.0,0.9,0.3380948817687364
nvbench2:test:4,4,qwen3:14b,direct,55,0.0,1.0,1,0,1.0,0.0,0.0,1.0967383000534028,3,3,multi_gold,boxplot,0.0,0.0,0.0,0.0,0.0,0.0,0.0,0.0,0.0,0.0,0.0,0.0,0.0,0.0,0.0,0.0,0.0,0.0,0.0,0.0,0.0,0.0,0.0,0.0,0.0,0.0,1.0,1.0,0.5,0.0,1.0,0.7,1.0,1.0,0.5,0.0,1.0,0.7,0.29306681351921393
nvbench2:test:5,5,qwen3:14b,direct,55,0.0,1.0,5,3,1.0,1.0,0.0,3.7701697000302374,4,4,multi_gold,boxplot,0.0,0.0,0.0,0.0,0.0,0.0,0.0,0.0,0.0,0.0,0.0,0.0,0.0,0.0,0.0,0.0,0.0,0.0,0.0,0.0,0.0,0.0,0.0,0.0,0.0,0.0,1.0,0.5,0.5,0.0,1.0,0.6,1.0,1.0,1.0,0.0,1.0,0.8,0.6899682162539365
nvbench2:test:6,6,qwen3:14b,direct,55,0.0,1.0,5,0,1.0,0.0,0.0,3.9936648999573663,2,2,multi_gold,point,0.0,0.0,0.0,0.0,0.0,0.0,0.0,0.0,0.0,0.0,0.0,0.0,0.0,0.0,0.0,0.0,0.0,0.0,0.0,0.0,0.0,0.0,0.0,0.0,0.0,0.0,0.0,0.6666666666666666,0.3333333333333333,0.0,1.0,0.4,0.0,0.6666666666666666,0.3333333333333333,0.0,1.0,0.4,0.5064310396082777
nvbench2:test:7,7,qwen3:14b,direct,55,0.0,1.0,5,5,1.0,1.0,1.0,4.528397899935953,5,5,multi_gold,bar,0.0,0.0,0.0,0.0,0.0,0.0,0.0,0.0,0.0,0.0,0.0,0.0,0.0,0.0,0.0,0.0,0.0,0.0,0.0,0.0,0.0,0.0,0.0,0.0,0.0,0.0,1.0,1.0,1.0,0.0,1.0,0.8,1.0,1.0,1.0,0.0,1.0,0.8,0.7411011265922482
nvbench2:test:8,8,qwen3:14b,direct,55,0.0,1.0,5,1,1.0,1.0,0.0,4.4485237000044435,2,2,multi_gold,arc,0.0,0.0,0.0,0.0,0.0,0.0,0.0,0.0,0.0,0.0,0.0,0.0,0.0,0.0,0.0,0.0,0.0,0.0,0.0,0.0,0.0,0.0,0.0,0.0,0.0,0.0,1.0,1.0,0.0,0.0,1.0,0.6,1.0,1.0,0.0,0.6666666666666666,1.0,0.7333333333333333,0.967143697212793
nvbench2:test:9,9,qwen3:14b,direct,55,0.0,1.0,5,2,1.0,1.0,0.0,4.396402499987744,5,5,multi_gold,point,0.0,0.0,0.0,0.0,0.0,0.0,0.0,0.0,0.0,0.0,0.0,0.0,0.0,0.0,0.0,0.0,0.0,0.0,0.0,0.0,0.0,0.0,0.0,0.0,0.0,0.0,0.0,0.8,0.0,0.0,1.0,0.36,0.0,0.8,0.4,0.0,1.0,0.44000000000000006,0.29908507643308324
nvbench2:test:10,10,qwen3:14b,direct,55,0.0,1.0,5,5,1.0,1.0,1.0,3.3987226999597624,3,3,multi_gold,arc,1.0,1.0,0.3333333333333333,1.0,0.5,1.0,0.6666666666666666,0.6666666666666666,0.6666666666666666,1.0,1.0,0.6,0.7499999999999999,1.0,1.0,0.3333333333333333,1.0,0.5,1.0,0.6666666666666666,0.6666666666666666,0.6666666666666666,1.0,1.0,0.6,0.7499999999999999,1.0,1.0,1.0,1.0,1.0,1.0,1.0,1.0,1.0,1.0,1.0,1.0,1.3169246505958503
nvbench2:test:11,11,qwen3:14b,direct,55,0.0,1.0,5,5,1.0,1.0,1.0,5.107013200060464,5,5,multi_gold,point,0.0,0.0,0.0,0.0,0.0,0.0,0.0,0.0,0.0,0.0,0.0,0.0,0.0,0.0,0.0,0.0,0.0,0.0,0.0,0.0,0.0,0.0,0.0,0.0,0.0,0.0,1.0,0.8,0.0,0.0,1.0,0.5599999999999999,1.0,0.8,0.0,0.0,1.0,0.5599999999999999,0.3496433158355864
nvbench2:test:12,12,qwen3:14b,direct,55,0.0,1.0,3,3,1.0,1.0,1.0,2.8028749999357387,3,3,multi_gold,boxplot,0.0,0.0,0.0,0.0,0.0,0.0,0.0,0.0,0.0,0.0,0.0,0.0,0.0,0.0,0.0,0.0,0.0,0.0,0.0,0.0,0.0,0.0,0.0,0.0,0.0,0.0,1.0,1.0,1.0,1.0,1.0,1.0,1.0,1.0,1.0,1.0,1.0,1.0,1.0
nvbench2:test:13,13,qwen3:14b,direct,55,0.0,1.0,5,1,1.0,1.0,0.0,6.6427615999709815,4,4,multi_gold,rect,0.0,0.0,0.0,0.0,0.0,0.0,0.0,0.0,0.0,0.0,0.0,0.0,0.0,0.0,0.0,0.0,0.0,0.0,0.0,0.0,0.0,0.0,0.0,0.0,0.0,0.0,1.0,1.0,0.3333333333333333,0.5,0.0,0.5666666666666667,1.0,1.0,0.6666666666666666,0.5,0.0,0.6333333333333333,0.5814760659979181
nvbench2:test:14,14,qwen3:14b,direct,55,0.0,1.0,5,1,1.0,1.0,0.0,3.4186969000147656,2,2,multi_gold,arc,0.0,0.0,0.0,0.0,0.0,0.0,0.0,0.0,0.0,0.0,0.0,0.0,0.0,0.0,0.0,0.0,0.0,0.0,0.0,0.0,0.0,0.0,0.0,0.0,0.0,0.0,1.0,1.0,0.5,1.0,0.0,0.7,1.0,1.0,0.5,1.0,0.0,0.7,0.449156064570723
nvbench2:test:15,15,qwen3:14b,direct,55,0.0,1.0,5,5,1.0,1.0,1.0,5.53851800004486,4,4,multi_gold,rect,0.0,0.0,0.0,0.0,0.0,0.0,0.0,0.0,0.0,0.0,0.0,0.0,0.0,0.0,0.0,0.0,0.0,0.0,0.0,0.0,0.0,0.0,0.0,0.0,0.0,0.0,1.0,1.0,1.0,1.0,1.0,1.0,1.0,1.0,1.0,1.0,1.0,1.0,1.0626168598260077
nvbench2:test:16,16,qwen3:14b,direct,55,0.0,1.0,5,0,1.0,0.0,0.0,3.5810588999884203,2,2,multi_gold,line,0.0,0.0,0.0,0.0,0.0,0.0,0.0,0.0,0.0,0.0,0.0,0.0,0.0,0.0,0.0,0.0,0.0,0.0,0.0,0.0,0.0,0.0,0.0,0.0,0.0,0.0,1.0,0.8,0.4,1.0,1.0,0.8400000000000001,1.0,0.8,0.4,1.0,1.0,0.8400000000000001,1.4282837994868038
nvbench2:test:17,17,qwen3:14b,direct,55,0.0,1.0,4,4,1.0,1.0,1.0,3.270775999990292,4,4,multi_gold,boxplot,0.0,0.0,0.0,0.0,0.0,0.0,0.0,0.0,0.0,0.0,0.0,0.0,0.0,0.0,0.0,0.0,0.0,0.0,0.0,0.0,0.0,0.0,0.0,0.0,0.0,0.0,1.0,1.0,0.0,1.0,1.0,0.8,1.0,1.0,0.0,1.0,1.0,0.8,0.7411011265922481
nvbench2:test:18,18,qwen3:14b,direct,55,0.0,1.0,5,5,1.0,1.0,1.0,4.032350399997085,4,4,multi_gold,rect,0.0,0.0,0.0,0.0,0.0,0.0,0.0,0.0,0.0,0.0,0.0,0.0,0.0,0.0,0.0,0.0,0.0,0.0,0.0,0.0,0.0,0.0,0.0,0.0,0.0,0.0,1.0,1.0,0.6666666666666666,1.0,0.0,0.7333333333333333,1.0,1.0,0.6666666666666666,1.0,0.0,0.7333333333333333,0.3962875127545891
nvbench2:test:19,19,qwen3:14b,direct,55,0.0,1.0,5,5,1.0,1.0,1.0,5.160171600058675,2,2,multi_gold,rect,0.0,0.0,0.0,0.0,0.0,0.0,0.0,0.0,0.0,0.0,0.0,0.0,0.0,0.0,0.0,0.0,0.0,0.0,0.0,0.0,0.0,0.0,0.0,0.0,0.0,0.0,1.0,1.0,0.6666666666666666,0.0,1.0,0.7333333333333333,1.0,1.0,0.6666666666666666,0.0,1.0,0.7333333333333333,1.1507994291226582
nvbench2:test:20,20,qwen3:14b,direct,55,0.0,1.0,5,5,1.0,1.0,1.0,3.183151900069788,2,2,multi_gold,arc,0.3333333333333333,0.0,0.0,0.0,0.0,1.0,0.5,0.3333333333333333,0.4,1.0,1.0,0.4,0.5714285714285715,0.3333333333333333,0.0,0.0,0.0,0.0,1.0,0.5,0.3333333333333333,0.4,1.0,1.0,0.4,0.5714285714285715,1.0,1.0,0.5,1.0,1.0,0.9,1.0,1.0,1.0,1.0,1.0,1.0,1.6221482657636115
nvbench2:test:21,21,qwen3:14b,direct,55,0.0,1.0,5,1,1.0,1.0,0.0,3.643658500048332,4,4,multi_gold,bar,0.0,0.0,0.0,0.0,0.0,0.0,0.0,0.0,0.0,0.0,0.0,0.0,0.0,0.0,0.0,0.0,0.0,0.0,0.0,0.0,0.0,0.0,0.0,0.0,0.0,0.0,1.0,0.8,0.4,1.0,1.0,0.8400000000000001,1.0,0.8,0.8,1.0,1.0,0.9199999999999999,0.9247770528881304
nvbench2:test:22,22,qwen3:14b,direct,55,0.0,1.0,5,2,1.0,1.0,0.0,4.441929499967955,4,4,multi_gold,boxplot,0.0,0.0,0.0,0.0,0.0,0.0,0.0,0.0,0.0,0.0,0.0,0.0,0.0,0.0,0.0,0.0,0.0,0.0,0.0,0.0,0.0,0.0,0.0,0.0,0.0,0.0,1.0,1.0,0.5,0.0,1.0,0.7,1.0,1.0,1.0,1.0,1.0,1.0,0.8401626729429649
nvbench2:test:23,23,qwen3:14b,direct,55,0.0,1.0,5,5,1.0,1.0,1.0,6.751937199966051,4,4,multi_gold,rect,0.0,0.0,0.0,0.0,0.0,0.0,0.0,0.0,0.0,0.0,0.0,0.0,0.0,0.0,0.0,0.0,0.0,0.0,0.0,0.0,0.0,0.0,0.0,0.0,0.0,0.0,1.0,1.0,0.6666666666666666,0.6666666666666666,0.0,0.6666666666666666,1.0,1.0,1.0,0.6666666666666666,0.0,0.7333333333333333,0.6907639750221687
nvbench2:test:24,24,qwen3:14b,direct,55,0.0,1.0,5,2,1.0,1.0,0.0,4.454499299987219,3,3,multi_gold,arc,0.0,0.0,0.0,0.0,0.0,0.0,0.0,0.0,0.0,0.0,0.0,0.0,0.0,0.0,0.0,0.0,0.0,0.0,0.0,0.0,0.0,0.0,0.0,0.0,0.0,0.0,1.0,1.0,0.5,0.0,0.0,0.5,1.0,1.0,0.5,0.0,0.0,0.5,0.19438161285179364
nvbench2:test:25,25,qwen3:14b,direct,55,0.0,1.0,5,0,1.0,0.0,0.0,4.320876999991015,2,2,multi_gold,boxplot,0.0,0.0,0.0,0.0,0.0,0.0,0.0,0.0,0.0,0.0,0.0,0.0,0.0,0.0,0.0,0.0,0.0,0.0,0.0,0.0,0.0,0.0,0.0,0.0,0.0,0.0,1.0,1.0,0.5,0.0,1.0,0.7,1.0,1.0,0.5,0.0,1.0,0.7,1.0744725684840684
nvbench2:test:26,26,qwen3:14b,direct,55,0.0,1.0,5,0,1.0,0.0,0.0,4.723397900001146,4,4,multi_gold,boxplot,0.0,0.0,0.0,0.0,0.0,0.0,0.0,0.0,0.0,0.0,0.0,0.0,0.0,0.0,0.0,0.0,0.0,0.0,0.0,0.0,0.0,0.0,0.0,0.0,0.0,0.0,1.0,1.0,0.0,0.0,0.0,0.4,1.0,1.0,0.0,0.0,0.0,0.4,0.2802404398338258
nvbench2:test:27,27,qwen3:14b,direct,55,0.0,1.0,5,1,1.0,1.0,0.0,3.4272031999425963,5,5,multi_gold,arc,0.2,0.0,0.0,0.0,0.0,0.0,0.0,0.0,0.0,1.0,0.2,0.2,0.20000000000000004,1.0,1.0,0.2,1.0,0.33333333333333337,1.0,0.2,1.0,0.33333333333333337,1.0,0.2,1.0,0.33333333333333337,1.0,1.0,0.0,1.0,1.0,0.8,1.0,1.0,1.0,1.0,1.0,1.0,0.7962615265336744
nvbench2:test:28,28,qwen3:14b,direct,55,0.0,1.0,5,0,1.0,0.0,0.0,5.338433500030078,2,2,multi_gold,bar,0.0,0.0,0.0,0.0,0.0,0.0,0.0,0.0,0.0,0.0,0.0,0.0,0.0,0.0,0.0,0.0,0.0,0.0,0.0,0.0,0.0,0.0,0.0,0.0,0.0,0.0,1.0,0.8,0.4,1.0,1.0,0.8400000000000001,1.0,0.8,0.4,1.0,1.0,0.8400000000000001,1.1404199637352785
nvbench2:test:29,29,qwen3:14b,direct,55,0.0,1.0,1,1,1.0,1.0,1.0,1.5215222999686375,4,4,multi_gold,rect,0.0,0.0,0.0,0.0,0.0,0.0,0.0,0.0,0.0,0.0,0.0,0.0,0.0,0.0,0.0,0.0,0.0,0.0,0.0,0.0,0.0,0.0,0.0,0.0,0.0,0.0,1.0,1.0,0.6666666666666666,0.0,1.0,0.7333333333333333,1.0,1.0,0.6666666666666666,0.0,1.0,0.7333333333333333,0.25861733291100014
nvbench2:test:30,30,qwen3:14b,direct,55,0.0,1.0,1,0,1.0,0.0,0.0,1.067936300067231,2,2,multi_gold,arc,0.0,0.0,0.0,0.0,0.0,0.0,0.0,0.0,0.0,0.0,0.0,0.0,0.0,0.0,0.0,0.0,0.0,0.0,0.0,0.0,0.0,0.0,0.0,0.0,0.0,0.0,1.0,1.0,0.5,1.0,1.0,0.9,1.0,1.0,0.5,1.0,1.0,0.9,0.5310259262712439
nvbench2:test:31,31,qwen3:14b,direct,55,0.0,1.0,5,5,1.0,1.0,1.0,5.9460093000670895,2,2,multi_gold,rect,0.0,0.0,0.0,0.0,0.0,0.0,0.0,0.0,0.0,0.0,0.0,0.0,0.0,0.0,0.0,0.0,0.0,0.0,0.0,0.0,0.0,0.0,0.0,0.0,0.0,0.0,1.0,1.0,0.6666666666666666,1.0,1.0,0.9333333333333333,1.0,1.0,1.0,1.0,1.0,1.0,1.6530621135384393
nvbench2:test:32,32,qwen3:14b,direct,55,0.0,1.0,3,3,1.0,1.0,1.0,4.022362900082953,4,4,multi_gold,rect,0.0,0.0,0.0,0.0,0.0,0.0,0.0,0.0,0.0,0.0,0.0,0.0,0.0,0.0,0.0,0.0,0.0,0.0,0.0,0.0,0.0,0.0,0.0,0.0,0.0,0.0,1.0,1.0,0.0,0.0,0.0,0.4,1.0,1.0,0.0,0.0,0.0,0.4,0.2657898329155155
nvbench2:test:33,33,qwen3:14b,direct,55,0.0,1.0,5,5,1.0,1.0,1.0,5.98711159999948,4,4,multi_gold,rect,0.0,0.0,0.0,0.0,0.0,0.0,0.0,0.0,0.0,0.0,0.0,0.0,0.0,0.0,0.0,0.0,0.0,0.0,0.0,0.0,0.0,0.0,0.0,0.0,0.0,0.0,1.0,1.0,0.6666666666666666,0.0,0.0,0.5333333333333333,1.0,1.0,0.6666666666666666,0.0,0.0,0.5333333333333333,0.44115560849847035
nvbench2:test:34,34,qwen3:14b,direct,55,0.0,1.0,4,4,1.0,1.0,1.0,3.492508399998769,4,4,multi_gold,boxplot,0.0,0.0,0.0,0.0,0.0,0.0,0.0,0.0,0.0,0.0,0.0,0.0,0.0,0.0,0.0,0.0,0.0,0.0,0.0,0.0,0.0,0.0,0.0,0.0,0.0,0.0,1.0,1.0,1.0,1.0,1.0,1.0,1.0,1.0,1.0,1.0,1.0,1.0,1.0
nvbench2:test:35,35,qwen3:14b,direct,55,0.0,1.0,5,4,1.0,1.0,0.0,4.650998300057836,4,4,multi_gold,bar+line,0.0,0.0,0.0,0.0,0.0,0.0,0.0,0.0,0.0,0.0,0.0,0.0,0.0,0.0,0.0,0.0,0.0,0.0,0.0,0.0,0.0,0.0,0.0,0.0,0.0,0.0,1.0,0.8,0.4,1.0,1.0,0.8400000000000001,1.0,0.8,0.8,1.0,1.0,0.9199999999999999,0.9114508603100027
nvbench2:test:36,36,qwen3:14b,direct,55,0.0,1.0,4,4,1.0,1.0,1.0,3.5008895999053493,4,4,multi_gold,boxplot,0.0,0.0,0.0,0.0,0.0,0.0,0.0,0.0,0.0,0.0,0.0,0.0,0.0,0.0,0.0,0.0,0.0,0.0,0.0,0.0,0.0,0.0,0.0,0.0,0.0,0.0,1.0,1.0,1.0,1.0,1.0,1.0,1.0,1.0,1.0,1.0,1.0,1.0,1.0
nvbench2:test:37,37,qwen3:14b,direct,55,0.0,1.0,5,5,1.0,1.0,1.0,3.6077905000420287,2,2,multi_gold,arc,0.0,0.0,0.0,0.0,0.0,0.0,0.0,0.0,0.0,0.0,0.0,0.0,0.0,0.0,0.0,0.0,0.0,0.0,0.0,0.0,0.0,0.0,0.0,0.0,0.0,0.0,1.0,1.0,1.0,0.0,0.0,0.6,1.0,1.0,1.0,0.0,0.0,0.6,0.8351441736778339
nvbench2:test:38,38,qwen3:14b,direct,55,0.0,1.0,1,1,1.0,1.0,1.0,1.709619399975054,4,4,multi_gold,rect,0.0,0.0,0.0,0.0,0.0,0.0,0.0,0.0,0.0,0.0,0.0,0.0,0.0,0.0,0.0,0.0,0.0,0.0,0.0,0.0,0.0,0.0,0.0,0.0,0.0,0.0,1.0,1.0,0.3333333333333333,0.0,0.0,0.4666666666666667,1.0,1.0,0.3333333333333333,0.0,0.0,0.4666666666666667,0.14909116917444792
nvbench2:test:39,39,qwen3:14b,direct,55,0.0,1.0,4,0,1.0,0.0,0.0,6.172275800025091,2,2,multi_gold,bar,0.0,0.0,0.0,0.0,0.0,0.0,0.0,0.0,0.0,0.0,0.0,0.0,0.0,0.0,0.0,0.0,0.0,0.0,0.0,0.0,0.0,0.0,0.0,0.0,0.0,0.0,1.0,0.6666666666666666,0.3333333333333333,0.0,0.0,0.4,1.0,0.6666666666666666,0.3333333333333333,0.0,0.0,0.4,0.4678297054775762
nvbench2:test:40,40,qwen3:14b,direct,55,0.0,1.0,5,0,1.0,0.0,0.0,6.124689899967052,2,2,multi_gold,bar,0.0,0.0,0.0,0.0,0.0,0.0,0.0,0.0,0.0,0.0,0.0,0.0,0.0,0.0,0.0,0.0,0.0,0.0,0.0,0.0,0.0,0.0,0.0,0.0,0.0,0.0,1.0,0.8,0.4,1.0,0.0,0.64,1.0,0.8,0.8,1.0,0.0,0.72,1.0433806342123353
nvbench2:test:41,41,qwen3:14b,direct,55,0.0,1.0,1,0,1.0,0.0,0.0,0.9072697999654338,2,2,multi_gold,arc,0.0,0.0,0.0,0.0,0.0,0.0,0.0,0.0,0.0,0.0,0.0,0.0,0.0,0.0,0.0,0.0,0.0,0.0,0.0,0.0,0.0,0.0,0.0,0.0,0.0,0.0,1.0,1.0,0.5,1.0,1.0,0.9,1.0,1.0,0.5,1.0,1.0,0.9,0.5310259262712439
nvbench2:test:42,42,qwen3:14b,direct,55,0.0,1.0,4,1,1.0,1.0,0.0,3.628689899924211,3,3,multi_gold,arc,0.0,0.0,0.0,0.0,0.0,0.0,0.0,0.0,0.0,0.0,0.0,0.0,0.0,0.0,0.0,0.0,0.0,0.0,0.0,0.0,0.0,0.0,0.0,0.0,0.0,0.0,1.0,1.0,0.5,1.0,0.0,0.7,1.0,1.0,0.5,1.0,0.0,0.7,0.6910072457723545
nvbench2:test:43,43,qwen3:14b,direct,55,0.0,1.0,5,5,1.0,1.0,1.0,4.503022399963811,2,2,multi_gold,point,0.0,0.0,0.0,0.0,0.0,0.0,0.0,0.0,0.0,0.0,0.0,0.0,0.0,0.0,0.0,0.0,0.0,0.0,0.0,0.0,0.0,0.0,0.0,0.0,0.0,0.0,1.0,0.8,0.0,1.0,1.0,0.76,1.0,0.8,0.0,1.0,1.0,0.76,0.991817582834244
nvbench2:test:44,44,qwen3:14b,direct,55,0.0,1.0,5,5,1.0,1.0,1.0,4.343665599939413,3,3,multi_gold,arc,0.0,0.0,0.0,0.0,0.0,0.0,0.0,0.0,0.0,0.0,0.0,0.0,0.0,0.0,0.0,0.0,0.0,0.0,0.0,0.0,0.0,0.0,0.0,0.0,0.0,0.0,1.0,1.0,0.0,0.0,1.0,0.6,1.0,1.0,0.0,0.0,1.0,0.6,0.5727645623813624
nvbench2:test:45,45,qwen3:14b,direct,55,0.0,1.0,5,5,1.0,1.0,1.0,4.514591000042856,2,2,multi_gold,boxplot,0.0,0.0,0.0,0.0,0.0,0.0,0.0,0.0,0.0,0.0,0.0,0.0,0.0,0.0,0.0,0.0,0.0,0.0,0.0,0.0,0.0,0.0,0.0,0.0,0.0,0.0,1.0,1.0,1.0,1.0,1.0,1.0,1.0,1.0,1.0,1.0,1.0,1.0,1.6996422516022103
nvbench2:test:46,46,qwen3:14b,direct,55,0.0,1.0,5,5,1.0,1.0,1.0,6.3394335000775754,2,2,multi_gold,rect,0.0,0.0,0.0,0.0,0.0,0.0,0.0,0.0,0.0,0.0,0.0,0.0,0.0,0.0,0.0,0.0,0.0,0.0,0.0,0.0,0.0,0.0,0.0,0.0,0.0,0.0,1.0,1.0,0.6666666666666666,0.0,0.0,0.5333333333333333,1.0,1.0,0.6666666666666666,0.0,0.0,0.5333333333333333,0.8085909640421156
nvbench2:test:47,47,qwen3:14b,direct,55,0.0,1.0,1,0,1.0,0.0,0.0,0.9071323999669403,3,3,multi_gold,arc,0.0,0.0,0.0,0.0,0.0,0.0,0.0,0.0,0.0,0.0,0.0,0.0,0.0,0.0,0.0,0.0,0.0,0.0,0.0,0.0,0.0,0.0,0.0,0.0,0.0,0.0,1.0,1.0,0.5,1.0,1.0,0.9,1.0,1.0,0.5,1.0,1.0,0.9,0.40642634118843207
nvbench2:test:48,48,qwen3:14b,direct,55,0.0,1.0,5,3,1.0,1.0,0.0,4.850611199974082,2,2,multi_gold,boxplot,0.0,0.0,0.0,0.0,0.0,0.0,0.0,0.0,0.0,0.0,0.0,0.0,0.0,0.0,0.0,0.0,0.0,0.0,0.0,0.0,0.0,0.0,0.0,0.0,0.0,0.0,1.0,1.0,0.5,0.0,1.0,0.7,1.0,1.0,1.0,0.0,1.0,0.8,1.2098553660438252
nvbench2:test:49,49,qwen3:14b,direct,55,0.0,1.0,5,5,1.0,1.0,1.0,4.381136699928902,2,2,multi_gold,point,0.0,0.0,0.0,0.0,0.0,0.0,0.0,0.0,0.0,0.0,0.0,0.0,0.0,0.0,0.0,0.0,0.0,0.0,0.0,0.0,0.0,0.0,0.0,0.0,0.0,0.0,1.0,0.8,0.0,1.0,1.0,0.76,1.0,0.8,0.4,1.0,1.0,0.8400000000000001,1.320676615608385
nvbench2:test:50,50,qwen3:14b,direct,55,0.0,1.0,1,1,1.0,1.0,1.0,1.5404795000795275,2,2,multi_gold,rect,0.0,0.0,0.0,0.0,0.0,0.0,0.0,0.0,0.0,0.0,0.0,0.0,0.0,0.0,0.0,0.0,0.0,0.0,0.0,0.0,0.0,0.0,0.0,0.0,0.0,0.0,1.0,1.0,0.3333333333333333,0.0,1.0,0.6666666666666667,1.0,1.0,0.3333333333333333,0.0,1.0,0.6666666666666667,0.3601633060417787
nvbench2:test:51,51,qwen3:14b,direct,55,0.0,1.0,5,4,1.0,1.0,0.0,7.896368599962443,4,4,multi_gold,bar,0.0,0.0,0.0,0.0,0.0,0.0,0.0,0.0,0.0,0.0,0.0,0.0,0.0,0.0,0.0,0.0,0.0,0.0,0.0,0.0,0.0,0.0,0.0,0.0,0.0,0.0,1.0,0.7499999999999999,0.25,0.0,0.0,0.4,1.0,0.7499999999999999,0.5,0.0,0.0,0.45,0.39279543325956623
nvbench2:test:52,52,qwen3:14b,direct,55,0.0,1.0,5,5,1.0,1.0,1.0,4.6942196999443695,2,2,multi_gold,boxplot,0.0,0.0,0.0,0.0,0.0,0.0,0.0,0.0,0.0,0.0,0.0,0.0,0.0,0.0,0.0,0.0,0.0,0.0,0.0,0.0,0.0,0.0,0.0,0.0,0.0,0.0,1.0,1.0,1.0,1.0,1.0,1.0,1.0,1.0,1.0,1.0,1.0,1.0,1.5658001316730972
nvbench2:test:53,53,qwen3:14b,direct,55,0.0,1.0,5,4,1.0,1.0,0.0,4.7578345000511035,2,2,multi_gold,point,0.0,0.0,0.0,0.0,0.0,0.0,0.0,0.0,0.0,0.0,0.0,0.0,0.0,0.0,0.0,0.0,0.0,0.0,0.0,0.0,0.0,0.0,0.0,0.0,0.0,0.0,0.0,0.8,0.4,0.0,0.0,0.24000000000000005,1.0,0.8,0.4,0.0,0.0,0.44000000000000006,0.3412881052247864
nvbench2:test:54,54,qwen3:14b,direct,55,0.0,1.0,5,5,1.0,1.0,1.0,4.444506000028923,2,2,multi_gold,bar,0.0,0.0,0.0,0.0,0.0,0.0,0.0,0.0,0.0,0.0,0.0,0.0,0.0,0.0,0.0,0.0,0.0,0.0,0.0,0.0,0.0,0.0,0.0,0.0,0.0,0.0,1.0,0.8,0.4,0.5,1.0,0.74,1.0,0.8,0.4,0.5,1.0,0.74,1.2115703076743345
nvbench2:test:55,55,qwen3:14b,direct,55,0.0,1.0,1,0,1.0,0.0,0.0,2.0371921999612823,5,5,multi_gold,line,0.0,0.0,0.0,0.0,0.0,0.0,0.0,0.0,0.0,0.0,0.0,0.0,0.0,0.0,0.0,0.0,0.0,0.0,0.0,0.0,0.0,0.0,0.0,0.0,0.0,0.0,0.0,1.0,0.5,0.6666666666666666,0.0,0.4333333333333333,0.0,1.0,0.5,0.6666666666666666,0.0,0.4333333333333333,0.11882475966000369
nvbench2:test:56,56,qwen3:14b,direct,55,0.0,1.0,1,1,1.0,1.0,1.0,1.0176011000294238,3,3,multi_gold,point,0.0,0.0,0.0,0.0,0.0,0.0,0.0,0.0,0.0,0.0,0.0,0.0,0.0,0.0,0.0,0.0,0.0,0.0,0.0,0.0,0.0,0.0,0.0,0.0,0.0,0.0,1.0,0.8,0.4,0.0,1.0,0.64,1.0,0.8,0.4,0.0,1.0,0.64,0.2620119965875154
nvbench2:test:57,57,qwen3:14b,direct,55,0.0,1.0,1,1,1.0,1.0,1.0,0.9950420000823215,3,3,multi_gold,point,0.0,0.0,0.0,0.0,0.0,0.0,0.0,0.0,0.0,0.0,0.0,0.0,0.0,0.0,0.0,0.0,0.0,0.0,0.0,0.0,0.0,0.0,0.0,0.0,0.0,0.0,1.0,0.8,0.0,0.0,1.0,0.5599999999999999,1.0,0.8,0.0,0.0,1.0,0.5599999999999999,0.2225644540821778
nvbench2:test:58,58,qwen3:14b,direct,55,0.0,1.0,5,0,1.0,0.0,0.0,4.510451799957082,5,5,multi_gold,line,0.0,0.0,0.0,0.0,0.0,0.0,0.0,0.0,0.0,0.0,0.0,0.0,0.0,0.0,0.0,0.0,0.0,0.0,0.0,0.0,0.0,0.0,0.0,0.0,0.0,0.0,1.0,1.0,0.5,0.6666666666666666,1.0,0.8333333333333334,1.0,1.0,0.5,0.6666666666666666,1.0,0.8333333333333334,0.6346688667174283
nvbench2:test:59,59,qwen3:14b,direct,55,0.0,1.0,5,0,1.0,0.0,0.0,5.947489799931645,3,3,multi_gold,rect,0.0,0.0,0.0,0.0,0.0,0.0,0.0,0.0,0.0,0.0,0.0,0.0,0.0,0.0,0.0,0.0,0.0,0.0,0.0,0.0,0.0,0.0,0.0,0.0,0.0,0.0,1.0,1.0,0.3333333333333333,0.6666666666666666,1.0,0.8,1.0,1.0,0.6666666666666666,0.6666666666666666,1.0,0.8666666666666666,1.0763361917429504
nvbench2:test:60,60,qwen3:14b,direct,55,0.0,1.0,2,1,1.0,1.0,0.0,4.051454699947499,3,3,multi_gold,arc,0.0,0.0,0.0,0.0,0.0,0.0,0.0,0.0,0.0,0.0,0.0,0.0,0.0,0.0,0.0,0.0,0.0,0.0,0.0,0.0,0.0,0.0,0.0,0.0,0.0,0.0,1.0,1.0,0.5,0.0,0.0,0.5,1.0,1.0,0.5,0.0,0.0,0.5,0.31702275594719825
nvbench2:test:61,61,qwen3:14b,direct,55,0.0,1.0,1,0,1.0,0.0,0.0,0.8659040000056848,2,2,multi_gold,boxplot,0.0,0.0,0.0,0.0,0.0,0.0,0.0,0.0,0.0,0.0,0.0,0.0,0.0,0.0,0.0,0.0,0.0,0.0,0.0,0.0,0.0,0.0,0.0,0.0,0.0,0.0,1.0,1.0,0.5,0.0,1.0,0.7,1.0,1.0,0.5,0.0,1.0,0.7,0.38291336052022606
nvbench2:test:62,62,qwen3:14b,direct,55,0.0,1.0,5,0,1.0,0.0,0.0,4.078270399942994,3,3,multi_gold,arc,0.0,0.0,0.0,0.0,0.0,0.0,0.0,0.0,0.0,0.0,0.0,0.0,0.0,0.0,0.0,0.0,0.0,0.0,0.0,0.0,0.0,0.0,0.0,0.0,0.0,0.0,1.0,1.0,0.5,1.0,1.0,0.9,1.0,1.0,0.5,1.0,1.0,0.9,0.5696211435902709
nvbench2:test:63,63,qwen3:14b,direct,55,0.0,1.0,5,0,1.0,0.0,0.0,5.488604100071825,3,3,multi_gold,rect,0.0,0.0,0.0,0.0,0.0,0.0,0.0,0.0,0.0,0.0,0.0,0.0,0.0,0.0,0.0,0.0,0.0,0.0,0.0,0.0,0.0,0.0,0.0,0.0,0.0,0.0,1.0,1.0,0.6666666666666666,1.0,1.0,0.9333333333333333,1.0,1.0,0.6666666666666666,1.0,1.0,0.9333333333333333,0.9182958474883627
nvbench2:test:64,64,qwen3:14b,direct,55,0.0,1.0,5,5,1.0,1.0,1.0,4.044711500057019,5,5,multi_gold,line,0.0,0.0,0.0,0.0,0.0,0.0,0.0,0.0,0.0,0.0,0.0,0.0,0.0,0.0,0.0,0.0,0.0,0.0,0.0,0.0,0.0,0.0,0.0,0.0,0.0,0.0,0.0,1.0,1.0,1.0,1.0,0.8,1.0,1.0,1.0,1.0,1.0,1.0,0.7850172566187434
nvbench2:test:65,65,qwen3:14b,direct,55,0.0,1.0,1,0,1.0,0.0,0.0,0.7992200999287888,3,3,multi_gold,arc,0.0,0.0,0.0,0.0,0.0,0.0,0.0,0.0,0.0,0.0,0.0,0.0,0.0,0.0,0.0,0.0,0.0,0.0,0.0,0.0,0.0,0.0,0.0,0.0,0.0,0.0,1.0,1.0,0.5,1.0,1.0,0.9,1.0,1.0,0.5,1.0,1.0,0.9,0.40642634118843207
nvbench2:test:66,66,qwen3:14b,direct,55,0.0,1.0,3,3,1.0,1.0,1.0,2.440199699951336,5,5,multi_gold,line,0.0,0.0,0.0,0.0,0.0,0.0,0.0,0.0,0.0,0.0,0.0,0.0,0.0,0.0,0.0,0.0,0.0,0.0,0.0,0.0,0.0,0.0,0.0,0.0,0.0,0.0,1.0,1.0,1.0,1.0,1.0,1.0,1.0,1.0,1.0,1.0,1.0,1.0,0.6234216722554091
nvbench2:test:67,67,qwen3:14b,direct,55,0.0,1.0,5,0,1.0,0.0,0.0,4.41881259996444,2,2,multi_gold,bar,0.0,0.0,0.0,0.0,0.0,0.0,0.0,0.0,0.0,0.0,0.0,0.0,0.0,0.0,0.0,0.0,0.0,0.0,0.0,0.0,0.0,0.0,0.0,0.0,0.0,0.0,1.0,0.8,0.4,1.0,1.0,0.8400000000000001,1.0,0.8,0.4,1.0,1.0,0.8400000000000001,1.3121299876101817
nvbench2:test:68,68,qwen3:14b,direct,55,0.0,1.0,5,2,1.0,1.0,0.0,6.836010099970736,2,2,multi_gold,rect,0.0,0.0,0.0,0.0,0.0,0.0,0.0,0.0,0.0,0.0,0.0,0.0,0.0,0.0,0.0,0.0,0.0,0.0,0.0,0.0,0.0,0.0,0.0,0.0,0.0,0.0,1.0,1.0,0.3333333333333333,0.6666666666666666,0.0,0.6,1.0,1.0,0.3333333333333333,0.6666666666666666,0.0,0.6,0.8770382931121354
nvbench2:test:69,69,qwen3:14b,direct,55,0.0,1.0,5,1,1.0,1.0,0.0,5.603985900059342,3,3,multi_gold,rect,0.0,0.0,0.0,0.0,0.0,0.0,0.0,0.0,0.0,0.0,0.0,0.0,0.0,0.0,0.0,0.0,0.0,0.0,0.0,0.0,0.0,0.0,0.0,0.0,0.0,0.0,1.0,1.0,0.6666666666666666,1.0,1.0,0.9333333333333333,1.0,1.0,1.0,1.0,1.0,1.0,1.2260964977746804
nvbench2:test:70,70,qwen3:14b,direct,55,0.0,1.0,5,0,1.0,0.0,0.0,4.41741200000979,2,2,multi_gold,bar,0.0,0.0,0.0,0.0,0.0,0.0,0.0,0.0,0.0,0.0,0.0,0.0,0.0,0.0,0.0,0.0,0.0,0.0,0.0,0.0,0.0,0.0,0.0,0.0,0.0,0.0,1.0,0.8,0.4,1.0,1.0,0.8400000000000001,1.0,0.8,0.4,1.0,1.0,0.8400000000000001,1.390929479219507
nvbench2:test:71,71,qwen3:14b,direct,55,0.0,1.0,5,5,1.0,1.0,1.0,4.200196200050414,5,5,multi_gold,line,0.0,0.0,0.0,0.0,0.0,0.0,0.0,0.0,0.0,0.0,0.0,0.0,0.0,0.0,0.0,0.0,0.0,0.0,0.0,0.0,0.0,0.0,0.0,0.0,0.0,0.0,1.0,1.0,1.0,1.0,1.0,1.0,1.0,1.0,1.0,1.0,1.0,1.0,0.8174246488043223
nvbench2:test:72,72,qwen3:14b,direct,55,0.0,1.0,5,2,1.0,1.0,0.0,5.0823010000167415,2,2,multi_gold,rect,0.0,0.0,0.0,0.0,0.0,0.0,0.0,0.0,0.0,0.0,0.0,0.0,0.0,0.0,0.0,0.0,0.0,0.0,0.0,0.0,0.0,0.0,0.0,0.0,0.0,0.0,1.0,1.0,1.0,1.0,1.0,1.0,1.0,1.0,1.0,1.0,1.0,1.0,1.3505661609510207
nvbench2:test:73,73,qwen3:14b,direct,55,0.0,1.0,5,5,1.0,1.0,1.0,4.504418199998327,5,5,multi_gold,line,0.0,0.0,0.0,0.0,0.0,0.0,0.0,0.0,0.0,0.0,0.0,0.0,0.0,0.0,0.0,0.0,0.0,0.0,0.0,0.0,0.0,0.0,0.0,0.0,0.0,0.0,1.0,1.0,1.0,1.0,1.0,1.0,1.0,1.0,1.0,1.0,1.0,1.0,0.8958851569199925
nvbench2:test:74,74,qwen3:14b,direct,55,0.0,1.0,5,5,1.0,1.0,1.0,3.9220144998980686,3,3,multi_gold,boxplot,0.0,0.0,0.0,0.0,0.0,0.0,0.0,0.0,0.0,0.0,0.0,0.0,0.0,0.0,0.0,0.0,0.0,0.0,0.0,0.0,0.0,0.0,0.0,0.0,0.0,0.0,1.0,1.0,0.0,1.0,1.0,0.8,1.0,1.0,0.0,1.0,1.0,0.8,1.0254239357493822
nvbench2:test:75,75,qwen3:14b,direct,55,0.0,1.0,5,5,1.0,1.0,1.0,4.041372500010766,5,5,multi_gold,boxplot,0.0,0.0,0.0,0.0,0.0,0.0,0.0,0.0,0.0,0.0,0.0,0.0,0.0,0.0,0.0,0.0,0.0,0.0,0.0,0.0,0.0,0.0,0.0,0.0,0.0,0.0,1.0,1.0,1.0,1.0,1.0,1.0,1.0,1.0,1.0,1.0,1.0,1.0,0.9114910717474876
nvbench2:test:76,76,qwen3:14b,direct,55,0.0,1.0,5,5,1.0,1.0,1.0,5.177053999970667,3,3,multi_gold,point,0.0,0.0,0.0,0.0,0.0,0.0,0.0,0.0,0.0,0.0,0.0,0.0,0.0,0.0,0.0,0.0,0.0,0.0,0.0,0.0,0.0,0.0,0.0,0.0,0.0,0.0,1.0,0.8571428571428571,0.28571428571428575,0.0,1.0,0.6285714285714286,1.0,0.8571428571428571,0.28571428571428575,0.0,1.0,0.6285714285714286,0.7006206277597552
nvbench2:test:77,77,qwen3:14b,direct,55,0.0,1.0,4,2,1.0,1.0,0.0,3.3047935999929905,4,4,multi_gold,point,0.0,0.0,0.0,0.0,0.0,0.0,0.0,0.0,0.0,0.0,0.0,0.0,0.0,0.0,0.0,0.0,0.0,0.0,0.0,0.0,0.0,0.0,0.0,0.0,0.0,0.0,1.0,0.6666666666666666,0.3333333333333333,0.0,1.0,0.6,1.0,0.6666666666666666,0.3333333333333333,0.0,1.0,0.6,0.515716566510398
nvbench2:test:78,78,qwen3:14b,direct,55,0.0,1.0,5,5,1.0,1.0,1.0,4.0310710000339895,5,5,multi_gold,boxplot,0.0,0.0,0.0,0.0,0.0,0.0,0.0,0.0,0.0,0.0,0.0,0.0,0.0,0.0,0.0,0.0,0.0,0.0,0.0,0.0,0.0,0.0,0.0,0.0,0.0,0.0,1.0,1.0,1.0,1.0,1.0,1.0,1.0,1.0,1.0,1.0,1.0,1.0,1.0
nvbench2:test:79,79,qwen3:14b,direct,55,0.0,1.0,5,5,1.0,1.0,1.0,3.8712811999721453,3,3,multi_gold,boxplot,0.0,0.0,0.0,0.0,0.0,0.0,0.0,0.0,0.0,0.0,0.0,0.0,0.0,0.0,0.0,0.0,0.0,0.0,0.0,0.0,0.0,0.0,0.0,0.0,0.0,0.0,1.0,1.0,0.0,1.0,1.0,0.8,1.0,1.0,0.5,1.0,1.0,0.9,1.0917454435835563
nvbench2:test:80,80,qwen3:14b,direct,55,0.0,1.0,5,5,1.0,1.0,1.0,3.195265299989842,3,3,multi_gold,arc,0.0,0.0,0.0,0.0,0.0,0.0,0.0,0.0,0.0,0.0,0.0,0.0,0.0,0.0,0.0,0.0,0.0,0.0,0.0,0.0,0.0,0.0,0.0,0.0,0.0,0.0,1.0,1.0,0.5,0.0,1.0,0.7,1.0,1.0,1.0,0.0,1.0,0.8,0.9259756736194041
nvbench2:test:81,81,qwen3:14b,direct,55,0.0,1.0,1,0,1.0,0.0,0.0,1.5693876999430358,3,3,multi_gold,boxplot,0.0,0.0,0.0,0.0,0.0,0.0,0.0,0.0,0.0,0.0,0.0,0.0,0.0,0.0,0.0,0.0,0.0,0.0,0.0,0.0,0.0,0.0,0.0,0.0,0.0,0.0,1.0,1.0,0.5,0.0,1.0,0.7,1.0,1.0,0.5,0.0,1.0,0.7,0.29306681351921393
nvbench2:test:82,82,qwen3:14b,direct,55,0.0,1.0,5,5,1.0,1.0,1.0,3.93227760004811,5,5,multi_gold,boxplot,0.0,0.0,0.0,0.0,0.0,0.0,0.0,0.0,0.0,0.0,0.0,0.0,0.0,0.0,0.0,0.0,0.0,0.0,0.0,0.0,0.0,0.0,0.0,0.0,0.0,0.0,1.0,1.0,1.0,1.0,0.0,0.8,1.0,1.0,1.0,1.0,0.0,0.8,0.7411011265922482
nvbench2:test:83,83,qwen3:14b,direct,55,0.0,1.0,1,1,1.0,1.0,1.0,1.3278194000013173,3,3,multi_gold,boxplot,0.0,0.0,0.0,0.0,0.0,0.0,0.0,0.0,0.0,0.0,0.0,0.0,0.0,0.0,0.0,0.0,0.0,0.0,0.0,0.0,0.0,0.0,0.0,0.0,0.0,0.0,1.0,1.0,0.0,0.0,0.0,0.4,1.0,1.0,0.0,0.0,0.0,0.4,0.14993826532169632
nvbench2:test:84,84,qwen3:14b,direct,55,0.0,1.0,5,5,1.0,1.0,1.0,3.9640147000318393,3,3,multi_gold,boxplot,0.0,0.0,0.0,0.0,0.0,0.0,0.0,0.0,0.0,0.0,0.0,0.0,0.0,0.0,0.0,0.0,0.0,0.0,0.0,0.0,0.0,0.0,0.0,0.0,0.0,0.0,1.0,1.0,0.0,1.0,1.0,0.8,1.0,1.0,0.0,1.0,1.0,0.8,1.0254239357493822
nvbench2:test:85,85,qwen3:14b,direct,55,0.0,1.0,5,5,1.0,1.0,1.0,4.368304200004786,3,3,multi_gold,point,0.0,0.0,0.0,0.0,0.0,0.0,0.0,0.0,0.0,0.0,0.0,0.0,0.0,0.0,0.0,0.0,0.0,0.0,0.0,0.0,0.0,0.0,0.0,0.0,0.0,0.0,1.0,0.8571428571428571,0.5714285714285715,0.0,0.0,0.48571428571428577,1.0,0.8571428571428571,0.5714285714285715,0.0,0.0,0.48571428571428577,0.4993320093026328
nvbench2:test:86,86,qwen3:14b,direct,55,0.0,1.0,5,5,1.0,1.0,1.0,3.9488576999865472,3,3,multi_gold,boxplot,0.0,0.0,0.0,0.0,0.0,0.0,0.0,0.0,0.0,0.0,0.0,0.0,0.0,0.0,0.0,0.0,0.0,0.0,0.0,0.0,0.0,0.0,0.0,0.0,0.0,0.0,1.0,1.0,0.0,1.0,1.0,0.8,1.0,1.0,0.0,1.0,1.0,0.8,1.0254239357493822
nvbench2:test:87,87,qwen3:14b,direct,55,0.0,1.0,4,4,1.0,1.0,1.0,3.7943571000359952,2,2,multi_gold,arc,0.0,0.0,0.0,0.0,0.0,0.0,0.0,0.0,0.0,0.0,0.0,0.0,0.0,0.0,0.0,0.0,0.0,0.0,0.0,0.0,0.0,0.0,0.0,0.0,0.0,0.0,1.0,1.0,1.0,0.5,0.0,0.7,1.0,1.0,1.0,0.6666666666666666,0.0,0.7333333333333333,0.9887059389103121
nvbench2:test:88,88,qwen3:14b,direct,55,0.0,1.0,5,5,1.0,1.0,1.0,3.5651890999870375,3,3,multi_gold,arc,0.0,0.0,0.0,0.0,0.0,0.0,0.0,0.0,0.0,0.0,0.0,0.0,0.0,0.0,0.0,0.0,0.0,0.0,0.0,0.0,0.0,0.0,0.0,0.0,0.0,0.0,1.0,1.0,0.5,0.0,1.0,0.7,1.0,1.0,0.5,0.0,1.0,0.7,0.7646227834380783
nvbench2:test:89,89,qwen3:14b,direct,55,0.0,1.0,5,5,1.0,1.0,1.0,4.028382800053805,5,5,multi_gold,boxplot,0.0,0.0,0.0,0.0,0.0,0.0,0.0,0.0,0.0,0.0,0.0,0.0,0.0,0.0,0.0,0.0,0.0,0.0,0.0,0.0,0.0,0.0,0.0,0.0,0.0,0.0,1.0,1.0,1.0,1.0,1.0,1.0,1.0,1.0,1.0,1.0,1.0,1.0,1.0
nvbench2:test:90,90,qwen3:14b,direct,55,0.0,1.0,5,0,1.0,0.0,0.0,3.207345400005579,3,3,multi_gold,arc,0.0,0.0,0.0,0.0,0.0,0.0,0.0,0.0,0.0,0.0,0.0,0.0,0.0,0.0,0.0,0.0,0.0,0.0,0.0,0.0,0.0,0.0,0.0,0.0,0.0,0.0,1.0,1.0,0.0,0.0,1.0,0.6,1.0,1.0,0.5,0.0,1.0,0.7,0.7875175184640764
nvbench2:test:91,91,qwen3:14b,direct,55,0.0,1.0,1,0,1.0,0.0,0.0,2.950100200017914,4,4,multi_gold,point,0.0,0.0,0.0,0.0,0.0,0.0,0.0,0.0,0.0,0.0,0.0,0.0,0.0,0.0,0.0,0.0,0.0,0.0,0.0,0.0,0.0,0.0,0.0,0.0,0.0,0.0,0.0,0.888888888888889,0.22222222222222224,0.6666666666666666,0.0,0.35555555555555557,0.0,0.888888888888889,0.22222222222222224,0.6666666666666666,0.0,0.35555555555555557,0.10910270984100123
nvbench2:test:92,92,qwen3:14b,direct,55,0.0,1.0,5,5,1.0,1.0,1.0,3.9547162000089884,2,2,multi_gold,arc,0.0,0.0,0.0,0.0,0.0,0.0,0.0,0.0,0.0,0.0,0.0,0.0,0.0,0.0,0.0,0.0,0.0,0.0,0.0,0.0,0.0,0.0,0.0,0.0,0.0,0.0,1.0,1.0,0.5,0.0,1.0,0.7,1.0,1.0,0.5,0.0,1.0,0.7,0.9990359400328629
nvbench2:test:93,93,qwen3:14b,direct,55,0.0,1.0,1,1,1.0,1.0,1.0,1.2541380999609828,4,4,multi_gold,point,0.0,0.0,0.0,0.0,0.0,0.0,0.0,0.0,0.0,0.0,0.0,0.0,0.0,0.0,0.0,0.0,0.0,0.0,0.0,0.0,0.0,0.0,0.0,0.0,0.0,0.0,1.0,0.6666666666666666,0.6666666666666666,0.0,1.0,0.6666666666666666,1.0,0.6666666666666666,0.6666666666666666,0.0,1.0,0.6666666666666666,0.2293096520327588
nvbench2:test:94,94,qwen3:14b,direct,55,0.0,1.0,5,1,1.0,1.0,0.0,3.7164895000169054,5,5,multi_gold,bar,0.0,0.0,0.0,0.0,0.0,0.0,0.0,0.0,0.0,0.0,0.0,0.0,0.0,0.0,0.0,0.0,0.0,0.0,0.0,0.0,0.0,0.0,0.0,0.0,0.0,0.0,1.0,1.0,0.5,1.0,1.0,0.9,1.0,1.0,1.0,1.0,1.0,1.0,0.8836695618627635
nvbench2:test:95,95,qwen3:14b,direct,55,0.0,1.0,5,0,1.0,0.0,0.0,3.5598294000374153,3,3,multi_gold,line,0.0,0.0,0.0,0.0,0.0,0.0,0.0,0.0,0.0,0.0,0.0,0.0,0.0,0.0,0.0,0.0,0.0,0.0,0.0,0.0,0.0,0.0,0.0,0.0,0.0,0.0,1.0,1.0,0.5,0.6666666666666666,1.0,0.8333333333333334,1.0,1.0,0.5,0.6666666666666666,1.0,0.8333333333333334,0.8961712387150828
nvbench2:test:96,96,qwen3:14b,direct,55,0.0,1.0,3,0,1.0,0.0,0.0,3.2015583000611514,5,5,multi_gold,line,0.0,0.0,0.0,0.0,0.0,0.0,0.0,0.0,0.0,0.0,0.0,0.0,0.0,0.0,0.0,0.0,0.0,0.0,0.0,0.0,0.0,0.0,0.0,0.0,0.0,0.0,1.0,1.0,0.5,0.6666666666666666,0.0,0.6333333333333333,1.0,1.0,0.5,0.6666666666666666,0.0,0.6333333333333333,0.39832696475131324
nvbench2:test:97,97,qwen3:14b,direct,55,0.0,1.0,5,0,1.0,0.0,0.0,3.9157418000977486,5,5,multi_gold,line,0.0,0.0,0.0,0.0,0.0,0.0,0.0,0.0,0.0,0.0,0.0,0.0,0.0,0.0,0.0,0.0,0.0,0.0,0.0,0.0,0.0,0.0,0.0,0.0,0.0,0.0,1.0,1.0,0.6666666666666666,1.0,1.0,0.9333333333333333,1.0,1.0,0.6666666666666666,1.0,1.0,0.9333333333333333,0.8377709531249253
nvbench2:test:98,98,qwen3:14b,direct,55,0.0,1.0,5,5,1.0,1.0,1.0,4.840943299932405,3,3,multi_gold,rect,0.0,0.0,0.0,0.0,0.0,0.0,0.0,0.0,0.0,0.0,0.0,0.0,0.0,0.0,0.0,0.0,0.0,0.0,0.0,0.0,0.0,0.0,0.0,0.0,0.0,0.0,1.0,1.0,0.0,0.0,1.0,0.6,1.0,1.0,0.3333333333333333,1.0,1.0,0.8666666666666666,0.847970153995215
nvbench2:test:99,99,qwen3:14b,direct,55,0.0,1.0,1,1,1.0,1.0,1.0,0.8500423000659794,2,2,multi_gold,boxplot,0.0,0.0,0.0,0.0,0.0,0.0,0.0,0.0,0.0,0.0,0.0,0.0,0.0,0.0,0.0,0.0,0.0,0.0,0.0,0.0,0.0,0.0,0.0,0.0,0.0,0.0,1.0,1.0,0.0,0.0,1.0,0.6,1.0,1.0,0.0,0.0,1.0,0.6,0.3162101650184913
nvbench2:test:100,100,qwen3:14b,direct,55,0.0,1.0,5,5,1.0,1.0,1.0,4.449385700048879,3,3,multi_gold,rect,0.0,0.0,0.0,0.0,0.0,0.0,0.0,0.0,0.0,0.0,0.0,0.0,0.0,0.0,0.0,0.0,0.0,0.0,0.0,0.0,0.0,0.0,0.0,0.0,0.0,0.0,1.0,1.0,0.6666666666666666,0.0,1.0,0.7333333333333333,1.0,1.0,1.0,1.0,1.0,1.0,0.878483200587097
nvbench2:test:101,101,qwen3:14b,direct,55,0.0,1.0,5,5,1.0,1.0,1.0,5.356801699963398,2,2,multi_gold,line,0.0,0.0,0.0,0.0,0.0,0.0,0.0,0.0,0.0,0.0,0.0,0.0,0.0,0.0,0.0,0.0,0.0,0.0,0.0,0.0,0.0,0.0,0.0,0.0,0.0,0.0,1.0,1.0,0.6666666666666666,0.6666666666666666,1.0,0.8666666666666666,1.0,1.0,0.6666666666666666,0.6666666666666666,1.0,0.8666666666666666,1.2031926283013545
nvbench2:test:102,102,qwen3:14b,direct,55,0.0,1.0,1,1,1.0,1.0,1.0,0.8544058999978006,3,3,multi_gold,boxplot,0.0,0.0,0.0,0.0,0.0,0.0,0.0,0.0,0.0,0.0,0.0,0.0,0.0,0.0,0.0,0.0,0.0,0.0,0.0,0.0,0.0,0.0,0.0,0.0,0.0,0.0,1.0,1.0,0.5,0.0,1.0,0.7,1.0,1.0,0.5,0.0,1.0,0.7,0.29306681351921393
nvbench2:test:103,103,qwen3:14b,direct,55,0.0,1.0,3,3,1.0,1.0,1.0,3.5892598999198526,3,3,multi_gold,rect,0.0,0.0,0.0,0.0,0.0,0.0,0.0,0.0,0.0,0.0,0.0,0.0,0.0,0.0,0.0,0.0,0.0,0.0,0.0,0.0,0.0,0.0,0.0,0.0,0.0,0.0,1.0,1.0,1.0,1.0,0.0,0.8,1.0,1.0,1.0,1.0,0.0,0.8,0.6993729890021241
nvbench2:test:104,104,qwen3:14b,direct,55,0.0,1.0,5,5,1.0,1.0,1.0,5.46316280006431,3,3,multi_gold,rect,0.0,0.0,0.0,0.0,0.0,0.0,0.0,0.0,0.0,0.0,0.0,0.0,0.0,0.0,0.0,0.0,0.0,0.0,0.0,0.0,0.0,0.0,0.0,0.0,0.0,0.0,1.0,1.0,0.3333333333333333,0.0,0.0,0.4666666666666667,1.0,1.0,0.6666666666666666,0.0,0.0,0.5333333333333333,0.5535073378299152
nvbench2:test:105,105,qwen3:14b,direct,55,0.0,1.0,5,0,1.0,0.0,0.0,3.559598800027743,3,3,multi_gold,arc,0.0,0.0,0.0,0.0,0.0,0.0,0.0,0.0,0.0,0.0,0.0,0.0,0.0,0.0,0.0,0.0,0.0,0.0,0.0,0.0,0.0,0.0,0.0,0.0,0.0,0.0,1.0,1.0,0.5,1.0,0.0,0.7,1.0,1.0,0.5,1.0,0.0,0.7,0.31435933080642076
nvbench2:test:106,106,qwen3:14b,direct,55,0.0,1.0,5,5,1.0,1.0,1.0,3.8143056000117213,3,3,multi_gold,boxplot,0.0,0.0,0.0,0.0,0.0,0.0,0.0,0.0,0.0,0.0,0.0,0.0,0.0,0.0,0.0,0.0,0.0,0.0,0.0,0.0,0.0,0.0,0.0,0.0,0.0,0.0,1.0,1.0,0.0,0.0,1.0,0.6,1.0,1.0,0.0,0.0,1.0,0.6,0.5927188091193357
nvbench2:test:107,107,qwen3:14b,direct,55,0.0,1.0,5,0,1.0,0.0,0.0,6.078938800026663,3,3,multi_gold,boxplot,0.0,0.0,0.0,0.0,0.0,0.0,0.0,0.0,0.0,0.0,0.0,0.0,0.0,0.0,0.0,0.0,0.0,0.0,0.0,0.0,0.0,0.0,0.0,0.0,0.0,0.0,0.0,0.8,0.0,0.0,0.0,0.16,0.0,0.8,0.0,0.0,0.0,0.16,0.16228424761384655
nvbench2:test:108,108,qwen3:14b,direct,55,0.0,1.0,5,2,1.0,1.0,0.0,4.571858900017105,5,5,multi_gold,line,0.0,0.0,0.0,0.0,0.0,0.0,0.0,0.0,0.0,0.0,0.0,0.0,0.0,0.0,0.0,0.0,0.0,0.0,0.0,0.0,0.0,0.0,0.0,0.0,0.0,0.0,1.0,0.8,0.4,1.0,1.0,0.8400000000000001,1.0,0.8,0.4,1.0,1.0,0.8400000000000001,0.7063017057826283
nvbench2:test:109,109,qwen3:14b,direct,55,0.0,1.0,5,0,1.0,0.0,0.0,4.201284799957648,2,2,multi_gold,line,0.0,0.0,0.0,0.0,0.0,0.0,0.0,0.0,0.0,0.0,0.0,0.0,0.0,0.0,0.0,0.0,0.0,0.0,0.0,0.0,0.0,0.0,0.0,0.0,0.0,0.0,1.0,0.8,0.4,1.0,1.0,0.8400000000000001,1.0,0.8,0.4,1.0,1.0,0.8400000000000001,1.2316453852140286
nvbench2:test:110,110,qwen3:14b,direct,55,0.0,1.0,1,0,1.0,0.0,0.0,0.9941156000131741,2,2,multi_gold,arc,0.0,0.0,0.0,0.0,0.0,0.0,0.0,0.0,0.0,0.0,0.0,0.0,0.0,0.0,0.0,0.0,0.0,0.0,0.0,0.0,0.0,0.0,0.0,0.0,0.0,0.0,1.0,1.0,0.5,0.6666666666666666,1.0,0.8333333333333334,1.0,1.0,0.5,0.6666666666666666,1.0,0.8333333333333334,0.47935690336673037
nvbench2:test:111,111,qwen3:14b,direct,55,0.0,1.0,5,0,1.0,0.0,0.0,5.547675700043328,3,3,multi_gold,rect,0.0,0.0,0.0,0.0,0.0,0.0,0.0,0.0,0.0,0.0,0.0,0.0,0.0,0.0,0.0,0.0,0.0,0.0,0.0,0.0,0.0,0.0,0.0,0.0,0.0,0.0,1.0,1.0,0.6666666666666666,0.0,0.0,0.5333333333333333,1.0,1.0,0.6666666666666666,0.0,0.0,0.5333333333333333,0.4956303886255589
nvbench2:test:112,112,qwen3:14b,direct,55,0.0,1.0,5,0,1.0,0.0,0.0,3.3032590999500826,2,2,multi_gold,arc,0.0,0.0,0.0,0.0,0.0,0.0,0.0,0.0,0.0,0.0,0.0,0.0,0.0,0.0,0.0,0.0,0.0,0.0,0.0,0.0,0.0,0.0,0.0,0.0,0.0,0.0,1.0,1.0,0.5,1.0,1.0,0.9,1.0,1.0,0.5,1.0,1.0,0.9,0.9861903776728049
nvbench2:test:113,113,qwen3:14b,direct,55,0.0,1.0,5,4,1.0,1.0,0.0,3.9405116999987513,3,3,multi_gold,line,0.0,0.0,0.0,0.0,0.0,0.0,0.0,0.0,0.0,0.0,0.0,0.0,0.0,0.0,0.0,0.0,0.0,0.0,0.0,0.0,0.0,0.0,0.0,0.0,0.0,0.0,1.0,1.0,1.0,1.0,1.0,1.0,1.0,1.0,1.0,1.0,1.0,1.0,1.1753627119521615
nvbench2:test:114,114,qwen3:14b,direct,55,0.0,1.0,1,1,1.0,1.0,1.0,2.3880183999426663,5,5,multi_gold,line,0.0,0.0,0.0,0.0,0.0,0.0,0.0,0.0,0.0,0.0,0.0,0.0,0.0,0.0,0.0,0.0,0.0,0.0,0.0,0.0,0.0,0.0,0.0,0.0,0.0,0.0,1.0,0.8571428571428571,0.5714285714285715,0.0,0.0,0.48571428571428577,1.0,0.8571428571428571,0.5714285714285715,0.0,0.0,0.48571428571428577,0.13575870078732435
nvbench2:test:115,115,qwen3:14b,direct,55,0.0,1.0,4,0,1.0,0.0,0.0,2.7510445000370964,2,2,multi_gold,arc,0.0,0.0,0.0,0.0,0.0,0.0,0.0,0.0,0.0,0.0,0.0,0.0,0.0,0.0,0.0,0.0,0.0,0.0,0.0,0.0,0.0,0.0,0.0,0.0,0.0,0.0,1.0,1.0,0.5,1.0,1.0,0.9,1.0,1.0,0.5,1.0,1.0,0.9,1.2889692038719396
nvbench2:test:116,116,qwen3:14b,direct,55,0.0,1.0,5,4,1.0,1.0,0.0,4.845279000001028,2,2,multi_gold,rect,0.0,0.0,0.0,0.0,0.0,0.0,0.0,0.0,0.0,0.0,0.0,0.0,0.0,0.0,0.0,0.0,0.0,0.0,0.0,0.0,0.0,0.0,0.0,0.0,0.0,0.0,1.0,1.0,1.0,1.0,1.0,1.0,1.0,1.0,1.0,1.0,1.0,1.0,1.0590342147233804
nvbench2:test:117,117,qwen3:14b,direct,55,0.0,1.0,1,1,1.0,1.0,1.0,0.9638369999593124,5,5,multi_gold,bar,0.0,0.0,0.0,0.0,0.0,0.0,0.0,0.0,0.0,0.0,0.0,0.0,0.0,0.0,0.0,0.0,0.0,0.0,0.0,0.0,0.0,0.0,0.0,0.0,0.0,0.0,1.0,1.0,1.0,1.0,1.0,1.0,1.0,1.0,1.0,1.0,1.0,1.0,0.3391602052736161
nvbench2:test:118,118,qwen3:14b,direct,55,0.0,1.0,3,1,1.0,1.0,0.0,2.4022620000177994,2,2,multi_gold,bar,0.0,0.0,0.0,0.0,0.0,0.0,0.0,0.0,0.0,0.0,0.0,0.0,0.0,0.0,0.0,0.0,0.0,0.0,0.0,0.0,0.0,0.0,0.0,0.0,0.0,0.0,1.0,0.8,0.4,1.0,1.0,0.8400000000000001,1.0,0.8,0.8,1.0,1.0,0.9199999999999999,1.0717428455828475
nvbench2:test:119,119,qwen3:14b,direct,55,0.0,1.0,1,1,1.0,1.0,1.0,1.618843499920331,2,2,multi_gold,rect,0.0,0.0,0.0,0.0,0.0,0.0,0.0,0.0,0.0,0.0,0.0,0.0,0.0,0.0,0.0,0.0,0.0,0.0,0.0,0.0,0.0,0.0,0.0,0.0,0.0,0.0,1.0,1.0,1.0,1.0,0.0,0.8,1.0,1.0,1.0,1.0,0.0,0.8,0.4544040753253556
nvbench2:test:120,120,qwen3:14b,direct,55,0.0,1.0,3,0,1.0,0.0,0.0,2.078119699959643,2,2,multi_gold,arc,0.0,0.0,0.0,0.0,0.0,0.0,0.0,0.0,0.0,0.0,0.0,0.0,0.0,0.0,0.0,0.0,0.0,0.0,0.0,0.0,0.0,0.0,0.0,0.0,0.0,0.0,1.0,1.0,0.5,1.0,1.0,0.9,1.0,1.0,0.5,1.0,1.0,0.9,1.0932680207362926
nvbench2:test:121,121,qwen3:14b,direct,55,0.0,1.0,5,5,1.0,1.0,1.0,5.236716500017792,5,5,multi_gold,line,0.0,0.0,0.0,0.0,0.0,0.0,0.0,0.0,0.0,0.0,0.0,0.0,0.0,0.0,0.0,0.0,0.0,0.0,0.0,0.0,0.0,0.0,0.0,0.0,0.0,0.0,1.0,1.0,0.6666666666666666,0.0,1.0,0.7333333333333333,0.0,1.0,1.0,1.0,1.0,0.8,0.5529077058595648
nvbench2:test:122,122,qwen3:14b,direct,55,0.0,1.0,5,5,1.0,1.0,1.0,3.9795851999660954,3,3,multi_gold,arc,0.0,0.0,0.0,0.0,0.0,0.0,0.0,0.0,0.0,0.0,0.0,0.0,0.0,0.0,0.0,0.0,0.0,0.0,0.0,0.0,0.0,0.0,0.0,0.0,0.0,0.0,1.0,1.0,0.5,0.0,1.0,0.7,1.0,1.0,0.5,0.0,1.0,0.7,0.45626161592105274
nvbench2:test:123,123,qwen3:14b,direct,55,0.0,1.0,1,1,1.0,1.0,1.0,1.405756999971345,2,2,multi_gold,rect,0.0,0.0,0.0,0.0,0.0,0.0,0.0,0.0,0.0,0.0,0.0,0.0,0.0,0.0,0.0,0.0,0.0,0.0,0.0,0.0,0.0,0.0,0.0,0.0,0.0,0.0,1.0,1.0,1.0,1.0,1.0,1.0,1.0,1.0,1.0,1.0,1.0,1.0,0.6131471927654584
nvbench2:test:124,124,qwen3:14b,direct,55,0.0,1.0,2,0,1.0,0.0,0.0,1.645913299988024,5,5,multi_gold,bar,0.0,0.0,0.0,0.0,0.0,0.0,0.0,0.0,0.0,0.0,0.0,0.0,0.0,0.0,0.0,0.0,0.0,0.0,0.0,0.0,0.0,0.0,0.0,0.0,0.0,0.0,1.0,1.0,0.5,1.0,1.0,0.9,1.0,1.0,0.5,1.0,1.0,0.9,0.47906134133130274
nvbench2:test:125,125,qwen3:14b,direct,55,0.0,1.0,1,0,1.0,0.0,0.0,2.0378837999887764,2,2,multi_gold,bar,0.0,0.0,0.0,0.0,0.0,0.0,0.0,0.0,0.0,0.0,0.0,0.0,0.0,0.0,0.0,0.0,0.0,0.0,0.0,0.0,0.0,0.0,0.0,0.0,0.0,0.0,1.0,0.8,0.4,0.6666666666666666,1.0,0.7733333333333333,1.0,0.8,0.4,0.6666666666666666,1.0,0.7733333333333333,0.43485278687002965
nvbench2:test:126,126,qwen3:14b,direct,55,0.0,1.0,5,0,1.0,0.0,0.0,4.69869899994228,2,2,multi_gold,rect,0.0,0.0,0.0,0.0,0.0,0.0,0.0,0.0,0.0,0.0,0.0,0.0,0.0,0.0,0.0,0.0,0.0,0.0,0.0,0.0,0.0,0.0,0.0,0.0,0.0,0.0,0.0,1.0,0.0,0.0,0.0,0.2,0.0,1.0,0.3333333333333333,0.0,0.0,0.26666666666666666,0.31707128785719035
nvbench2:test:127,127,qwen3:14b,direct,55,0.0,1.0,5,1,1.0,1.0,0.0,4.642645200015977,2,2,multi_gold,arc,0.0,0.0,0.0,0.0,0.0,0.0,0.0,0.0,0.0,0.0,0.0,0.0,0.0,0.0,0.0,0.0,0.0,0.0,0.0,0.0,0.0,0.0,0.0,0.0,0.0,0.0,0.0,0.4,0.4,0.0,1.0,0.36,0.0,0.4,0.4,0.0,1.0,0.36,0.4190859191296296
nvbench2:test:128,128,qwen3:14b,direct,55,0.0,1.0,5,1,1.0,1.0,0.0,5.5616584999952465,5,5,multi_gold,rect,0.0,0.0,0.0,0.0,0.0,0.0,0.0,0.0,0.0,0.0,0.0,0.0,0.0,0.0,0.0,0.0,0.0,0.0,0.0,0.0,0.0,0.0,0.0,0.0,0.0,0.0,1.0,1.0,0.3333333333333333,1.0,1.0,0.8666666666666666,1.0,1.0,0.6666666666666666,1.0,1.0,0.9333333333333333,0.810928612486791
nvbench2:test:129,129,qwen3:14b,direct,55,0.0,1.0,5,0,1.0,0.0,0.0,3.648047399939969,4,4,multi_gold,arc,0.0,0.0,0.0,0.0,0.0,0.0,0.0,0.0,0.0,0.0,0.0,0.0,0.0,0.0,0.0,0.0,0.0,0.0,0.0,0.0,0.0,0.0,0.0,0.0,0.0,0.0,1.0,1.0,0.5,1.0,1.0,0.9,1.0,1.0,0.5,1.0,1.0,0.9,0.45120073431104063
nvbench2:test:130,130,qwen3:14b,direct,55,0.0,1.0,5,0,1.0,0.0,0.0,4.584301299997605,2,2,multi_gold,bar,0.0,0.0,0.0,0.0,0.0,0.0,0.0,0.0,0.0,0.0,0.0,0.0,0.0,0.0,0.0,0.0,0.0,0.0,0.0,0.0,0.0,0.0,0.0,0.0,0.0,0.0,1.0,0.8,0.4,0.6666666666666666,1.0,0.7733333333333333,1.0,0.8,0.4,0.6666666666666666,1.0,0.7733333333333333,1.2821456648170557
nvbench2:test:131,131,qwen3:14b,direct,55,0.0,1.0,5,5,1.0,1.0,1.0,4.355960999964736,4,4,multi_gold,arc,0.0,0.0,0.0,0.0,0.0,0.0,0.0,0.0,0.0,0.0,0.0,0.0,0.0,0.0,0.0,0.0,0.0,0.0,0.0,0.0,0.0,0.0,0.0,0.0,0.0,0.0,1.0,1.0,0.5,0.0,1.0,0.7,1.0,1.0,0.5,0.0,1.0,0.7,0.37955147454116733
nvbench2:test:132,132,qwen3:14b,direct,55,0.0,1.0,5,0,1.0,0.0,0.0,4.120064500020817,2,2,multi_gold,bar,0.0,0.0,0.0,0.0,0.0,0.0,0.0,0.0,0.0,0.0,0.0,0.0,0.0,0.0,0.0,0.0,0.0,0.0,0.0,0.0,0.0,0.0,0.0,0.0,0.0,0.0,1.0,0.8,0.4,1.0,0.0,0.64,1.0,0.8,0.4,1.0,0.0,0.64,1.009369470102159
nvbench2:test:133,133,qwen3:14b,direct,55,0.0,1.0,3,0,1.0,0.0,0.0,3.448494300013408,2,2,multi_gold,bar,0.0,0.0,0.0,0.0,0.0,0.0,0.0,0.0,0.0,0.0,0.0,0.0,0.0,0.0,0.0,0.0,0.0,0.0,0.0,0.0,0.0,0.0,0.0,0.0,0.0,0.0,1.0,0.8,0.4,1.0,0.0,0.64,1.0,0.8,0.4,1.0,0.0,0.64,0.7294981376593844
nvbench2:test:134,134,qwen3:14b,direct,55,0.0,1.0,5,1,1.0,1.0,0.0,5.422619100078009,4,4,multi_gold,rect,0.0,0.0,0.0,0.0,0.0,0.0,0.0,0.0,0.0,0.0,0.0,0.0,0.0,0.0,0.0,0.0,0.0,0.0,0.0,0.0,0.0,0.0,0.0,0.0,0.0,0.0,0.0,0.8,0.8,0.0,0.0,0.32,1.0,1.0,0.6666666666666666,0.0,0.0,0.5333333333333333,0.3192804051640646
nvbench2:test:135,135,qwen3:14b,direct,55,0.0,1.0,5,0,1.0,0.0,0.0,5.815884899930097,5,5,multi_gold,rect,0.0,0.0,0.0,0.0,0.0,0.0,0.0,0.0,0.0,0.0,0.0,0.0,0.0,0.0,0.0,0.0,0.0,0.0,0.0,0.0,0.0,0.0,0.0,0.0,0.0,0.0,1.0,1.0,0.3333333333333333,1.0,1.0,0.8666666666666666,1.0,1.0,0.3333333333333333,1.0,1.0,0.8666666666666666,0.7918606454955036
nvbench2:test:136,136,qwen3:14b,direct,55,0.0,1.0,5,0,1.0,0.0,0.0,4.815699900034815,2,2,multi_gold,line,0.0,0.0,0.0,0.0,0.0,0.0,0.0,0.0,0.0,0.0,0.0,0.0,0.0,0.0,0.0,0.0,0.0,0.0,0.0,0.0,0.0,0.0,0.0,0.0,0.0,0.0,1.0,0.8,0.4,0.6666666666666666,1.0,0.7733333333333333,1.0,0.8,0.4,0.6666666666666666,1.0,0.7733333333333333,1.2821456648170557
nvbench2:test:137,137,qwen3:14b,direct,55,0.0,1.0,5,5,1.0,1.0,1.0,3.9144197000423446,4,4,multi_gold,bar,0.0,0.0,0.0,0.0,0.0,0.0,0.0,0.0,0.0,0.0,0.0,0.0,0.0,0.0,0.0,0.0,0.0,0.0,0.0,0.0,0.0,0.0,0.0,0.0,0.0,0.0,1.0,0.8,0.8,1.0,1.0,0.9199999999999999,1.0,0.8,0.8,1.0,1.0,0.9199999999999999,0.9942684017782529
nvbench2:test:138,138,qwen3:14b,direct,55,0.0,1.0,5,0,1.0,0.0,0.0,4.273800699971616,2,2,multi_gold,bar,0.0,0.0,0.0,0.0,0.0,0.0,0.0,0.0,0.0,0.0,0.0,0.0,0.0,0.0,0.0,0.0,0.0,0.0,0.0,0.0,0.0,0.0,0.0,0.0,0.0,0.0,1.0,0.8,0.4,1.0,1.0,0.8400000000000001,1.0,0.8,0.4,1.0,1.0,0.8400000000000001,1.3502792140401818
nvbench2:test:139,139,qwen3:14b,direct,55,0.0,1.0,5,0,1.0,0.0,0.0,3.5125833000056446,2,2,multi_gold,arc,0.0,0.0,0.0,0.0,0.0,0.0,0.0,0.0,0.0,0.0,0.0,0.0,0.0,0.0,0.0,0.0,0.0,0.0,0.0,0.0,0.0,0.0,0.0,0.0,0.0,0.0,1.0,1.0,0.5,1.0,1.0,0.9,1.0,1.0,0.5,1.0,1.0,0.9,1.4647566960303693
nvbench2:test:140,140,qwen3:14b,direct,55,0.0,1.0,4,4,1.0,1.0,1.0,7.959071399993263,2,2,multi_gold,bar,0.0,0.0,0.0,0.0,0.0,0.0,0.0,0.0,0.0,0.0,0.0,0.0,0.0,0.0,0.0,0.0,0.0,0.0,0.0,0.0,0.0,0.0,0.0,0.0,0.0,0.0,1.0,0.7499999999999999,0.5,0.0,0.0,0.45,1.0,1.0,1.0,0.6666666666666666,0.0,0.7333333333333333,0.8337778951704813
nvbench2:test:141,141,qwen3:14b,direct,55,0.0,1.0,5,0,1.0,0.0,0.0,3.517283800058067,2,2,multi_gold,arc,0.0,0.0,0.0,0.0,0.0,0.0,0.0,0.0,0.0,0.0,0.0,0.0,0.0,0.0,0.0,0.0,0.0,0.0,0.0,0.0,0.0,0.0,0.0,0.0,0.0,0.0,1.0,1.0,0.5,1.0,1.0,0.9,1.0,1.0,0.5,1.0,1.0,0.9,1.4647566960303693
nvbench2:test:142,142,qwen3:14b,direct,55,0.0,1.0,5,5,1.0,1.0,1.0,5.769645499996841,2,2,multi_gold,rect,0.0,0.0,0.0,0.0,0.0,0.0,0.0,0.0,0.0,0.0,0.0,0.0,0.0,0.0,0.0,0.0,0.0,0.0,0.0,0.0,0.0,0.0,0.0,0.0,0.0,0.0,1.0,1.0,1.0,1.0,1.0,1.0,1.0,1.0,1.0,1.0,1.0,1.0,1.5351740675712942
nvbench2:test:143,143,qwen3:14b,direct,55,0.0,1.0,3,3,1.0,1.0,1.0,3.1084740998921916,5,5,multi_gold,bar+line+rect,0.0,0.0,0.0,0.0,0.0,0.0,0.0,0.0,0.0,0.0,0.0,0.0,0.0,0.0,0.0,0.0,0.0,0.0,0.0,0.0,0.0,0.0,0.0,0.0,0.0,0.0,1.0,0.8,0.4,0.0,1.0,0.64,1.0,0.8,0.4,0.0,1.0,0.64,0.3531267285845871
nvbench2:test:144,144,qwen3:14b,direct,55,0.0,1.0,5,0,1.0,0.0,0.0,4.171889599994756,2,2,multi_gold,bar,0.0,0.0,0.0,0.0,0.0,0.0,0.0,0.0,0.0,0.0,0.0,0.0,0.0,0.0,0.0,0.0,0.0,0.0,0.0,0.0,0.0,0.0,0.0,0.0,0.0,0.0,1.0,0.8,0.4,1.0,1.0,0.8400000000000001,1.0,0.8,0.4,1.0,1.0,0.8400000000000001,1.4282837994868038
nvbench2:test:145,145,qwen3:14b,direct,55,0.0,1.0,3,3,1.0,1.0,1.0,2.7186792000429705,2,2,multi_gold,bar,0.0,0.0,0.0,0.0,0.0,0.0,0.0,0.0,0.0,0.0,0.0,0.0,0.0,0.0,0.0,0.0,0.0,0.0,0.0,0.0,0.0,0.0,0.0,0.0,0.0,0.0,1.0,0.8,0.8,1.0,1.0,0.9199999999999999,1.0,0.8,0.8,1.0,1.0,0.9199999999999999,1.0004597608119015
nvbench2:test:146,146,qwen3:14b,direct,55,0.0,1.0,5,5,1.0,1.0,1.0,4.164128500036895,2,2,multi_gold,rect,0.0,0.0,0.0,0.0,0.0,0.0,0.0,0.0,0.0,0.0,0.0,0.0,0.0,0.0,0.0,0.0,0.0,0.0,0.0,0.0,0.0,0.0,0.0,0.0,0.0,0.0,0.0,0.8,0.0,0.0,1.0,0.36,0.0,0.8,0.0,0.0,1.0,0.36,0.5123885135861601
nvbench2:test:147,147,qwen3:14b,direct,55,0.0,1.0,5,0,1.0,0.0,0.0,3.940743700019084,2,2,multi_gold,arc,0.0,0.0,0.0,0.0,0.0,0.0,0.0,0.0,0.0,0.0,0.0,0.0,0.0,0.0,0.0,0.0,0.0,0.0,0.0,0.0,0.0,0.0,0.0,0.0,0.0,0.0,1.0,1.0,0.5,1.0,1.0,0.9,1.0,1.0,0.5,1.0,1.0,0.9,0.9861903776728049
nvbench2:test:148,148,qwen3:14b,direct,55,0.0,1.0,5,0,1.0,0.0,0.0,4.231906400062144,2,2,multi_gold,bar,0.0,0.0,0.0,0.0,0.0,0.0,0.0,0.0,0.0,0.0,0.0,0.0,0.0,0.0,0.0,0.0,0.0,0.0,0.0,0.0,0.0,0.0,0.0,0.0,0.0,0.0,1.0,0.8,0.4,1.0,1.0,0.8400000000000001,1.0,0.8,0.4,1.0,1.0,0.8400000000000001,1.4282837994868038
nvbench2:test:149,149,qwen3:14b,direct,55,0.0,1.0,5,5,1.0,1.0,1.0,5.723065700032748,2,2,multi_gold,rect,0.0,0.0,0.0,0.0,0.0,0.0,0.0,0.0,0.0,0.0,0.0,0.0,0.0,0.0,0.0,0.0,0.0,0.0,0.0,0.0,0.0,0.0,0.0,0.0,0.0,0.0,1.0,1.0,0.0,0.0,0.0,0.4,1.0,1.0,0.0,0.0,0.0,0.4,0.5776189998431884
nvbench2:test:150,150,qwen3:14b,direct,55,0.0,1.0,5,0,1.0,0.0,0.0,5.220201799995266,4,4,multi_gold,bar,0.0,0.0,0.0,0.0,0.0,0.0,0.0,0.0,0.0,0.0,0.0,0.0,0.0,0.0,0.0,0.0,0.0,0.0,0.0,0.0,0.0,0.0,0.0,0.0,0.0,0.0,1.0,1.0,0.6666666666666666,1.0,1.0,0.9333333333333333,1.0,1.0,0.6666666666666666,1.0,1.0,0.9333333333333333,1.0027076902290428
nvbench2:test:151,151,qwen3:14b,direct,55,0.0,1.0,5,2,1.0,1.0,0.0,4.478757199947722,2,2,multi_gold,arc,0.0,0.0,0.0,0.0,0.0,0.0,0.0,0.0,0.0,0.0,0.0,0.0,0.0,0.0,0.0,0.0,0.0,0.0,0.0,0.0,0.0,0.0,0.0,0.0,0.0,0.0,1.0,1.0,0.5,0.0,0.0,0.5,1.0,1.0,0.5,1.0,0.0,0.7,0.7987122100651464
nvbench2:test:152,152,qwen3:14b,direct,55,0.0,1.0,5,5,1.0,1.0,1.0,6.040946800028905,2,2,multi_gold,rect,0.0,0.0,0.0,0.0,0.0,0.0,0.0,0.0,0.0,0.0,0.0,0.0,0.0,0.0,0.0,0.0,0.0,0.0,0.0,0.0,0.0,0.0,0.0,0.0,0.0,0.0,1.0,1.0,0.3333333333333333,1.0,1.0,0.8666666666666666,1.0,1.0,0.3333333333333333,1.0,1.0,0.8666666666666666,1.4886562994866628
nvbench2:test:153,153,qwen3:14b,direct,55,0.0,1.0,5,3,1.0,1.0,0.0,4.247844700003043,2,2,multi_gold,arc,0.0,0.0,0.0,0.0,0.0,0.0,0.0,0.0,0.0,0.0,0.0,0.0,0.0,0.0,0.0,0.0,0.0,0.0,0.0,0.0,0.0,0.0,0.0,0.0,0.0,0.0,0.0,0.0,0.0,0.0,1.0,0.2,0.0,0.4,0.4,0.0,1.0,0.36,0.3043999988204131
nvbench2:test:154,154,qwen3:14b,direct,55,0.0,1.0,1,1,1.0,1.0,1.0,1.5762549999635667,2,1,single_gold,rect,0.0,0.0,0.0,0.0,0.0,0.0,0.0,0.0,0.0,0.0,0.0,0.0,0.0,0.0,0.0,0.0,0.0,0.0,0.0,0.0,0.0,0.0,0.0,0.0,0.0,0.0,1.0,1.0,0.3333333333333333,1.0,0.0,0.6666666666666667,1.0,1.0,0.3333333333333333,1.0,0.0,0.6666666666666667,0.5874010519681996
nvbench2:test:155,155,qwen3:14b,direct,55,0.0,1.0,5,5,1.0,1.0,1.0,3.951266499934718,5,5,multi_gold,bar+line+rect,0.0,0.0,0.0,0.0,0.0,0.0,0.0,0.0,0.0,0.0,0.0,0.0,0.0,0.0,0.0,0.0,0.0,0.0,0.0,0.0,0.0,0.0,0.0,0.0,0.0,0.0,1.0,0.8,0.8,1.0,1.0,0.9199999999999999,1.0,0.8,0.8,1.0,1.0,0.9199999999999999,0.7207644786538091
nvbench2:test:156,156,qwen3:14b,direct,55,0.0,1.0,1,0,1.0,0.0,0.0,0.8219015999929979,2,2,multi_gold,arc,0.0,0.0,0.0,0.0,0.0,0.0,0.0,0.0,0.0,0.0,0.0,0.0,0.0,0.0,0.0,0.0,0.0,0.0,0.0,0.0,0.0,0.0,0.0,0.0,0.0,0.0,1.0,1.0,0.5,1.0,1.0,0.9,1.0,1.0,0.5,1.0,1.0,0.9,0.5310259262712439
nvbench2:test:157,157,qwen3:14b,direct,55,0.0,1.0,3,3,1.0,1.0,1.0,3.4673080999637023,5,5,multi_gold,line,0.0,0.0,0.0,0.0,0.0,0.0,0.0,0.0,0.0,0.0,0.0,0.0,0.0,0.0,0.0,0.0,0.0,0.0,0.0,0.0,0.0,0.0,0.0,0.0,0.0,0.0,1.0,1.0,0.6666666666666666,0.6666666666666666,1.0,0.8666666666666666,1.0,1.0,0.6666666666666666,0.6666666666666666,1.0,0.8666666666666666,0.5951255660730608
nvbench2:test:158,158,qwen3:14b,direct,55,0.0,1.0,1,0,1.0,0.0,0.0,0.7810100000351667,3,3,multi_gold,arc,0.0,0.0,0.0,0.0,0.0,0.0,0.0,0.0,0.0,0.0,0.0,0.0,0.0,0.0,0.0,0.0,0.0,0.0,0.0,0.0,0.0,0.0,0.0,0.0,0.0,0.0,1.0,1.0,0.5,1.0,1.0,0.9,1.0,1.0,0.5,1.0,1.0,0.9,0.40642634118843207
nvbench2:test:159,159,qwen3:14b,direct,55,0.0,1.0,5,5,1.0,1.0,1.0,4.196982500026934,5,5,multi_gold,bar+line+rect,0.0,0.0,0.0,0.0,0.0,0.0,0.0,0.0,0.0,0.0,0.0,0.0,0.0,0.0,0.0,0.0,0.0,0.0,0.0,0.0,0.0,0.0,0.0,0.0,0.0,0.0,1.0,0.8,0.4,0.0,1.0,0.64,1.0,1.0,0.6666666666666666,0.0,1.0,0.7333333333333333,0.5133073435504267
nvbench2:test:160,160,qwen3:14b,direct,55,0.0,1.0,3,0,1.0,0.0,0.0,1.9784813999431208,2,2,multi_gold,arc,0.0,0.0,0.0,0.0,0.0,0.0,0.0,0.0,0.0,0.0,0.0,0.0,0.0,0.0,0.0,0.0,0.0,0.0,0.0,0.0,0.0,0.0,0.0,0.0,0.0,0.0,1.0,1.0,0.5,1.0,1.0,0.9,1.0,1.0,0.5,1.0,1.0,0.9,1.0932680207362926
nvbench2:test:161,161,qwen3:14b,direct,55,0.0,1.0,5,5,1.0,1.0,1.0,4.439253500080667,5,5,multi_gold,line,0.0,0.0,0.0,0.0,0.0,0.0,0.0,0.0,0.0,0.0,0.0,0.0,0.0,0.0,0.0,0.0,0.0,0.0,0.0,0.0,0.0,0.0,0.0,0.0,0.0,0.0,1.0,1.0,1.0,0.6666666666666666,1.0,0.9333333333333333,1.0,1.0,1.0,0.6666666666666666,1.0,0.9333333333333333,0.7353526666506448
nvbench2:test:162,162,qwen3:14b,direct,55,0.0,1.0,1,1,1.0,1.0,1.0,1.4392673999536783,4,3,multi_gold,rect,0.0,0.0,0.0,0.0,0.0,0.0,0.0,0.0,0.0,0.0,0.0,0.0,0.0,0.0,0.0,0.0,0.0,0.0,0.0,0.0,0.0,0.0,0.0,0.0,0.0,0.0,1.0,1.0,0.6666666666666666,0.0,1.0,0.7333333333333333,1.0,1.0,0.6666666666666666,0.0,1.0,0.7333333333333333,0.3108857958246911
nvbench2:test:163,163,qwen3:14b,direct,55,0.0,1.0,3,0,1.0,0.0,0.0,2.7494856000412256,3,3,multi_gold,line,0.0,0.0,0.0,0.0,0.0,0.0,0.0,0.0,0.0,0.0,0.0,0.0,0.0,0.0,0.0,0.0,0.0,0.0,0.0,0.0,0.0,0.0,0.0,0.0,0.0,0.0,1.0,1.0,0.5,0.6666666666666666,0.0,0.6333333333333333,1.0,1.0,0.5,0.6666666666666666,0.0,0.6333333333333333,0.44457868145569096
nvbench2:test:164,164,qwen3:14b,direct,55,0.0,1.0,5,2,1.0,1.0,0.0,4.379025699920021,5,5,multi_gold,bar+line+rect,0.0,0.0,0.0,0.0,0.0,0.0,0.0,0.0,0.0,0.0,0.0,0.0,0.0,0.0,0.0,0.0,0.0,0.0,0.0,0.0,0.0,0.0,0.0,0.0,0.0,0.0,1.0,0.8,0.4,1.0,1.0,0.8400000000000001,1.0,0.8,0.8,1.0,1.0,0.9199999999999999,0.7244204246124574
nvbench2:test:165,165,qwen3:14b,direct,55,0.0,1.0,1,0,1.0,0.0,0.0,0.8057817999506369,2,2,multi_gold,arc,0.0,0.0,0.0,0.0,0.0,0.0,0.0,0.0,0.0,0.0,0.0,0.0,0.0,0.0,0.0,0.0,0.0,0.0,0.0,0.0,0.0,0.0,0.0,0.0,0.0,0.0,1.0,1.0,0.5,1.0,1.0,0.9,1.0,1.0,0.5,1.0,1.0,0.9,0.5310259262712439
nvbench2:test:166,166,qwen3:14b,direct,55,0.0,1.0,1,1,1.0,1.0,1.0,1.3392737999092788,2,1,single_gold,rect,0.0,0.0,0.0,0.0,0.0,0.0,0.0,0.0,0.0,0.0,0.0,0.0,0.0,0.0,0.0,0.0,0.0,0.0,0.0,0.0,0.0,0.0,0.0,0.0,0.0,0.0,1.0,1.0,1.0,1.0,0.0,0.8,1.0,1.0,1.0,1.0,0.0,0.8,0.7411011265922482
nvbench2:test:167,167,qwen3:14b,direct,55,0.0,1.0,3,3,1.0,1.0,1.0,3.3337237000232562,2,2,multi_gold,rect,0.0,0.0,0.0,0.0,0.0,0.0,0.0,0.0,0.0,0.0,0.0,0.0,0.0,0.0,0.0,0.0,0.0,0.0,0.0,0.0,0.0,0.0,0.0,0.0,0.0,0.0,1.0,1.0,1.0,1.0,1.0,1.0,1.0,1.0,1.0,1.0,1.0,1.0,1.1093254711512772
nvbench2:test:168,168,qwen3:14b,direct,55,0.0,1.0,3,1,1.0,1.0,0.0,2.3567630000179633,5,5,multi_gold,bar,0.0,0.0,0.0,0.0,0.0,0.0,0.0,0.0,0.0,0.0,0.0,0.0,0.0,0.0,0.0,0.0,0.0,0.0,0.0,0.0,0.0,0.0,0.0,0.0,0.0,0.0,1.0,1.0,0.5,1.0,1.0,0.9,1.0,1.0,1.0,1.0,1.0,1.0,0.6545889396341426
nvbench2:test:169,169,qwen3:14b,direct,55,0.0,1.0,5,0,1.0,0.0,0.0,4.50655910000205,2,2,multi_gold,bar,0.0,0.0,0.0,0.0,0.0,0.0,0.0,0.0,0.0,0.0,0.0,0.0,0.0,0.0,0.0,0.0,0.0,0.0,0.0,0.0,0.0,0.0,0.0,0.0,0.0,0.0,1.0,0.8,0.4,1.0,1.0,0.8400000000000001,1.0,0.8,0.4,1.0,1.0,0.8400000000000001,1.4027855090815338
nvbench2:test:170,170,qwen3:14b,direct,55,0.0,1.0,5,5,1.0,1.0,1.0,5.823333300068043,2,2,multi_gold,rect,0.0,0.0,0.0,0.0,0.0,0.0,0.0,0.0,0.0,0.0,0.0,0.0,0.0,0.0,0.0,0.0,0.0,0.0,0.0,0.0,0.0,0.0,0.0,0.0,0.0,0.0,1.0,1.0,0.3333333333333333,1.0,0.0,0.6666666666666667,1.0,1.0,1.0,1.0,0.0,0.8,1.1466795710446849
nvbench2:test:171,171,qwen3:14b,direct,55,0.0,1.0,3,0,1.0,0.0,0.0,2.135696900077164,2,2,multi_gold,arc,0.0,0.0,0.0,0.0,0.0,0.0,0.0,0.0,0.0,0.0,0.0,0.0,0.0,0.0,0.0,0.0,0.0,0.0,0.0,0.0,0.0,0.0,0.0,0.0,0.0,0.0,1.0,1.0,0.5,1.0,1.0,0.9,1.0,1.0,0.5,1.0,1.0,0.9,1.0932680207362926
nvbench2:test:172,172,qwen3:14b,direct,55,0.0,1.0,3,3,1.0,1.0,1.0,2.502195299952291,5,5,multi_gold,line,0.0,0.0,0.0,0.0,0.0,0.0,0.0,0.0,0.0,0.0,0.0,0.0,0.0,0.0,0.0,0.0,0.0,0.0,0.0,0.0,0.0,0.0,0.0,0.0,0.0,0.0,1.0,1.0,1.0,1.0,1.0,1.0,1.0,1.0,1.0,1.0,1.0,1.0,0.6234216722554091
nvbench2:test:173,173,qwen3:14b,direct,55,0.0,1.0,5,5,1.0,1.0,1.0,4.144129600026645,4,4,multi_gold,point,0.0,0.0,0.0,0.0,0.0,0.0,0.0,0.0,0.0,0.0,0.0,0.0,0.0,0.0,0.0,0.0,0.0,0.0,0.0,0.0,0.0,0.0,0.0,0.0,0.0,0.0,1.0,1.0,1.0,1.0,1.0,1.0,1.0,1.0,1.0,1.0,1.0,1.0,1.0092619270624517
nvbench2:test:174,174,qwen3:14b,direct,55,0.0,1.0,3,3,1.0,1.0,1.0,2.674769400036894,2,2,multi_gold,boxplot,0.0,0.0,0.0,0.0,0.0,0.0,0.0,0.0,0.0,0.0,0.0,0.0,0.0,0.0,0.0,0.0,0.0,0.0,0.0,0.0,0.0,0.0,0.0,0.0,0.0,0.0,1.0,1.0,1.0,1.0,1.0,1.0,1.0,1.0,1.0,1.0,1.0,1.0,1.1914566802601132
nvbench2:test:175,175,qwen3:14b,direct,55,0.0,1.0,3,2,1.0,1.0,0.0,4.04306669998914,2,2,multi_gold,point,0.0,0.0,0.0,0.0,0.0,0.0,0.0,0.0,0.0,0.0,0.0,0.0,0.0,0.0,0.0,0.0,0.0,0.0,0.0,0.0,0.0,0.0,0.0,0.0,0.0,0.0,1.0,1.0,1.0,1.0,0.0,0.8,1.0,1.0,1.0,1.0,0.0,0.8,0.8120155593265079
nvbench2:test:176,176,qwen3:14b,direct,55,0.0,1.0,3,3,1.0,1.0,1.0,3.369468000018969,4,3,multi_gold,rect,0.0,0.0,0.0,0.0,0.0,0.0,0.0,0.0,0.0,0.0,0.0,0.0,0.0,0.0,0.0,0.0,0.0,0.0,0.0,0.0,0.0,0.0,0.0,0.0,0.0,0.0,1.0,1.0,1.0,1.0,1.0,1.0,1.0,1.0,1.0,1.0,1.0,1.0,0.6719680162275725
nvbench2:test:177,177,qwen3:14b,direct,55,0.0,1.0,5,0,1.0,0.0,0.0,3.557676799944602,2,2,multi_gold,arc,0.0,0.0,0.0,0.0,0.0,0.0,0.0,0.0,0.0,0.0,0.0,0.0,0.0,0.0,0.0,0.0,0.0,0.0,0.0,0.0,0.0,0.0,0.0,0.0,0.0,0.0,1.0,1.0,1.0,0.0,1.0,0.8,1.0,1.0,1.0,0.0,1.0,0.8,0.8161199021167905
nvbench2:test:178,178,qwen3:14b,direct,55,0.0,1.0,1,0,1.0,0.0,0.0,0.8558758000144735,2,2,multi_gold,arc,0.0,0.0,0.0,0.0,0.0,0.0,0.0,0.0,0.0,0.0,0.0,0.0,0.0,0.0,0.0,0.0,0.0,0.0,0.0,0.0,0.0,0.0,0.0,0.0,0.0,0.0,1.0,1.0,0.5,1.0,1.0,0.9,1.0,1.0,0.5,1.0,1.0,0.9,0.5310259262712439
nvbench2:test:179,179,qwen3:14b,direct,55,0.0,1.0,5,5,1.0,1.0,1.0,4.183769499999471,3,3,multi_gold,line,0.0,0.0,0.0,0.0,0.0,0.0,0.0,0.0,0.0,0.0,0.0,0.0,0.0,0.0,0.0,0.0,0.0,0.0,0.0,0.0,0.0,0.0,0.0,0.0,0.0,0.0,1.0,1.0,1.0,1.0,1.0,1.0,1.0,1.0,1.0,1.0,1.0,1.0,1.1469196692308987
nvbench2:test:180,180,qwen3:14b,direct,55,0.0,1.0,5,5,1.0,1.0,1.0,4.211246900027618,3,3,multi_gold,bar,0.0,0.0,0.0,0.0,0.0,0.0,0.0,0.0,0.0,0.0,0.0,0.0,0.0,0.0,0.0,0.0,0.0,0.0,0.0,0.0,0.0,0.0,0.0,0.0,0.0,0.0,1.0,1.0,1.0,1.0,1.0,1.0,1.0,1.0,1.0,1.0,1.0,1.0,1.2750449498881524
nvbench2:test:181,181,qwen3:14b,direct,55,0.0,1.0,1,0,1.0,0.0,0.0,0.8508034000406042,2,2,multi_gold,arc,0.0,0.0,0.0,0.0,0.0,0.0,0.0,0.0,0.0,0.0,0.0,0.0,0.0,0.0,0.0,0.0,0.0,0.0,0.0,0.0,0.0,0.0,0.0,0.0,0.0,0.0,1.0,1.0,0.5,1.0,1.0,0.9,1.0,1.0,0.5,1.0,1.0,0.9,0.5310259262712439
nvbench2:test:182,182,qwen3:14b,direct,55,0.0,1.0,1,1,1.0,1.0,1.0,1.0384020000929013,2,2,multi_gold,arc,0.0,0.0,0.0,0.0,0.0,0.0,0.0,0.0,0.0,0.0,0.0,0.0,0.0,0.0,0.0,0.0,0.0,0.0,0.0,0.0,0.0,0.0,0.0,0.0,0.0,0.0,1.0,1.0,0.5,0.0,1.0,0.7,1.0,1.0,0.5,0.0,1.0,0.7,0.38291336052022606
nvbench2:test:183,183,qwen3:14b,direct,55,0.0,1.0,1,0,1.0,0.0,0.0,0.9573675999417901,3,3,multi_gold,bar,0.0,0.0,0.0,0.0,0.0,0.0,0.0,0.0,0.0,0.0,0.0,0.0,0.0,0.0,0.0,0.0,0.0,0.0,0.0,0.0,0.0,0.0,0.0,0.0,0.0,0.0,1.0,1.0,0.5,1.0,1.0,0.9,1.0,1.0,0.5,1.0,1.0,0.9,0.40642634118843207
nvbench2:test:184,184,qwen3:14b,direct,55,0.0,1.0,3,3,1.0,1.0,1.0,2.8287967999931425,5,5,multi_gold,bar+line+rect,0.0,0.0,0.0,0.0,0.0,0.0,0.0,0.0,0.0,0.0,0.0,0.0,0.0,0.0,0.0,0.0,0.0,0.0,0.0,0.0,0.0,0.0,0.0,0.0,0.0,0.0,1.0,0.8,0.4,0.0,1.0,0.64,1.0,1.0,0.6666666666666666,0.0,1.0,0.7333333333333333,0.3945662077205968
nvbench2:test:185,185,qwen3:14b,direct,55,0.0,1.0,1,0,1.0,0.0,0.0,1.0750749000580981,3,3,multi_gold,line,0.0,0.0,0.0,0.0,0.0,0.0,0.0,0.0,0.0,0.0,0.0,0.0,0.0,0.0,0.0,0.0,0.0,0.0,0.0,0.0,0.0,0.0,0.0,0.0,0.0,0.0,1.0,1.0,0.5,0.6666666666666666,1.0,0.8333333333333334,1.0,1.0,0.5,0.6666666666666666,1.0,0.8333333333333334,0.36688090490565395
nvbench2:test:186,186,qwen3:14b,direct,55,0.0,1.0,5,5,1.0,1.0,1.0,3.9763044000137597,2,2,multi_gold,boxplot,0.0,0.0,0.0,0.0,0.0,0.0,0.0,0.0,0.0,0.0,0.0,0.0,0.0,0.0,0.0,0.0,0.0,0.0,0.0,0.0,0.0,0.0,0.0,0.0,0.0,0.0,1.0,1.0,1.0,1.0,1.0,1.0,1.0,1.0,1.0,1.0,1.0,1.0,1.6996422516022103
nvbench2:test:187,187,qwen3:14b,direct,55,0.0,1.0,1,0,1.0,0.0,0.0,0.8852023999206722,4,4,multi_gold,arc,0.0,0.0,0.0,0.0,0.0,0.0,0.0,0.0,0.0,0.0,0.0,0.0,0.0,0.0,0.0,0.0,0.0,0.0,0.0,0.0,0.0,0.0,0.0,0.0,0.0,0.0,1.0,1.0,0.5,1.0,1.0,0.9,1.0,1.0,0.5,1.0,1.0,0.9,0.3380948817687364
nvbench2:test:188,188,qwen3:14b,direct,55,0.0,1.0,5,5,1.0,1.0,1.0,3.9552234999137,2,2,multi_gold,point,0.0,0.0,0.0,0.0,0.0,0.0,0.0,0.0,0.0,0.0,0.0,0.0,0.0,0.0,0.0,0.0,0.0,0.0,0.0,0.0,0.0,0.0,0.0,0.0,0.0,0.0,1.0,0.8,0.0,1.0,1.0,0.76,1.0,0.8,0.0,1.0,1.0,0.76,1.2537196969092912
nvbench2:test:189,189,qwen3:14b,direct,55,0.0,1.0,5,5,1.0,1.0,1.0,4.377558900043368,2,2,multi_gold,bar+line,0.0,0.0,0.0,0.0,0.0,0.0,0.0,0.0,0.0,0.0,0.0,0.0,0.0,0.0,0.0,0.0,0.0,0.0,0.0,0.0,0.0,0.0,0.0,0.0,0.0,0.0,1.0,0.8,0.8,0.0,1.0,0.72,0.0,1.0,1.0,1.0,1.0,0.8,1.134442399207284
nvbench2:test:190,190,qwen3:14b,direct,55,0.0,1.0,5,5,1.0,1.0,1.0,4.10383199993521,2,2,multi_gold,boxplot,0.0,0.0,0.0,0.0,0.0,0.0,0.0,0.0,0.0,0.0,0.0,0.0,0.0,0.0,0.0,0.0,0.0,0.0,0.0,0.0,0.0,0.0,0.0,0.0,0.0,0.0,1.0,1.0,1.0,1.0,1.0,1.0,1.0,1.0,1.0,1.0,1.0,1.0,1.6795983436469824
nvbench2:test:191,191,qwen3:14b,direct,55,0.0,1.0,5,5,1.0,1.0,1.0,4.01930030004587,2,2,multi_gold,point,0.0,0.0,0.0,0.0,0.0,0.0,0.0,0.0,0.0,0.0,0.0,0.0,0.0,0.0,0.0,0.0,0.0,0.0,0.0,0.0,0.0,0.0,0.0,0.0,0.0,0.0,1.0,0.8,0.0,1.0,0.0,0.5599999999999999,1.0,0.8,0.4,1.0,0.0,0.64,0.8831731510118527
nvbench2:test:192,192,qwen3:14b,direct,55,0.0,1.0,5,5,1.0,1.0,1.0,3.78332600009162,5,5,multi_gold,point,0.0,0.0,0.0,0.0,0.0,0.0,0.0,0.0,0.0,0.0,0.0,0.0,0.0,0.0,0.0,0.0,0.0,0.0,0.0,0.0,0.0,0.0,0.0,0.0,0.0,0.0,0.0,0.8,0.0,0.0,1.0,0.36,0.0,0.8,0.4,0.0,1.0,0.44000000000000006,0.29411495006025246
nvbench2:test:193,193,qwen3:14b,direct,55,0.0,1.0,2,2,1.0,1.0,1.0,4.134656699956395,5,5,multi_gold,point,0.0,0.0,0.0,0.0,0.0,0.0,0.0,0.0,0.0,0.0,0.0,0.0,0.0,0.0,0.0,0.0,0.0,0.0,0.0,0.0,0.0,0.0,0.0,0.0,0.0,0.0,0.0,0.8,0.0,0.0,0.0,0.16,0.0,0.8,0.0,0.0,0.0,0.16,0.06487696640200626
nvbench2:test:194,194,qwen3:14b,direct,55,0.0,1.0,5,5,1.0,1.0,1.0,4.08638459991198,2,2,multi_gold,boxplot,0.0,0.0,0.0,0.0,0.0,0.0,0.0,0.0,0.0,0.0,0.0,0.0,0.0,0.0,0.0,0.0,0.0,0.0,0.0,0.0,0.0,0.0,0.0,0.0,0.0,0.0,1.0,1.0,0.5,1.0,0.0,0.7,1.0,1.0,1.0,1.0,0.0,0.8,1.156660773280181
nvbench2:test:195,195,qwen3:14b,direct,55,0.0,1.0,5,0,1.0,0.0,0.0,7.4344877999974415,3,3,multi_gold,arc,0.0,0.0,0.0,0.0,0.0,0.0,0.0,0.0,0.0,0.0,0.0,0.0,0.0,0.0,0.0,0.0,0.0,0.0,0.0,0.0,0.0,0.0,0.0,0.0,0.0,0.0,0.0,0.0,0.0,0.0,0.0,0.0,0.0,0.0,0.0,0.0,0.0,0.0,0.0
nvbench2:test:196,196,qwen3:14b,direct,55,0.0,1.0,5,5,1.0,1.0,1.0,3.7299677999690175,2,2,multi_gold,point,0.0,0.0,0.0,0.0,0.0,0.0,0.0,0.0,0.0,0.0,0.0,0.0,0.0,0.0,0.0,0.0,0.0,0.0,0.0,0.0,0.0,0.0,0.0,0.0,0.0,0.0,1.0,1.0,0.3333333333333333,0.0,0.0,0.4666666666666667,1.0,1.0,0.3333333333333333,1.0,0.0,0.6666666666666667,0.8241937158721394
nvbench2:test:197,197,qwen3:14b,direct,55,0.0,1.0,5,5,1.0,1.0,1.0,4.330419300007634,5,5,multi_gold,arc,0.0,0.0,0.0,0.0,0.0,0.0,0.0,0.0,0.0,0.0,0.0,0.0,0.0,0.0,0.0,0.0,0.0,0.0,0.0,0.0,0.0,0.0,0.0,0.0,0.0,0.0,0.0,0.0,0.0,0.0,0.0,0.0,0.0,0.0,0.0,0.0,0.0,0.0,0.0
nvbench2:test:198,198,qwen3:14b,direct,55,0.0,1.0,5,5,1.0,1.0,1.0,3.246659000054933,4,4,multi_gold,boxplot,0.0,0.0,0.0,0.0,0.0,0.0,0.0,0.0,0.0,0.0,0.0,0.0,0.0,0.0,0.0,0.0,0.0,0.0,0.0,0.0,0.0,0.0,0.0,0.0,0.0,0.0,1.0,1.0,0.0,0.0,0.0,0.4,1.0,1.0,0.5,0.0,0.0,0.5,0.3979849127017508
nvbench2:test:199,199,qwen3:14b,direct,55,0.0,1.0,5,0,1.0,0.0,0.0,3.249355100095272,5,5,multi_gold,arc,0.0,0.0,0.0,0.0,0.0,0.0,0.0,0.0,0.0,0.0,0.0,0.0,0.0,0.0,0.0,0.0,0.0,0.0,0.0,0.0,0.0,0.0,0.0,0.0,0.0,0.0,1.0,1.0,0.0,1.0,1.0,0.8,1.0,1.0,0.0,1.0,1.0,0.8,0.7411011265922482
nvbench2:test:200,200,qwen3:14b,direct,55,0.0,1.0,5,0,1.0,0.0,0.0,4.168386200093664,5,5,multi_gold,bar+line+rect,0.0,0.0,0.0,0.0,0.0,0.0,0.0,0.0,0.0,0.0,0.0,0.0,0.0,0.0,0.0,0.0,0.0,0.0,0.0,0.0,0.0,0.0,0.0,0.0,0.0,0.0,1.0,0.8,0.8,0.0,1.0,0.72,1.0,0.8,0.8,0.0,1.0,0.72,0.5884645187177807
nvbench2:test:201,201,qwen3:14b,direct,55,0.0,1.0,5,5,1.0,1.0,1.0,3.87855609995313,2,2,multi_gold,bar,0.0,0.0,0.0,0.0,0.0,0.0,0.0,0.0,0.0,0.0,0.0,0.0,0.0,0.0,0.0,0.0,0.0,0.0,0.0,0.0,0.0,0.0,0.0,0.0,0.0,0.0,1.0,0.8,0.8,1.0,1.0,0.9199999999999999,1.0,0.8,0.8,1.0,1.0,0.9199999999999999,1.5221552412565136
nvbench2:test:202,202,qwen3:14b,direct,55,0.0,1.0,5,0,1.0,0.0,0.0,9.17055280006025,2,2,multi_gold,bar,0.0,0.0,0.0,0.0,0.0,0.0,0.0,0.0,0.0,0.0,0.0,0.0,0.0,0.0,0.0,0.0,0.0,0.0,0.0,0.0,0.0,0.0,0.0,0.0,0.0,0.0,1.0,0.8,0.8,1.0,0.0,0.72,1.0,0.8,0.8,1.0,0.0,0.72,0.9352610717710125
nvbench2:test:203,203,qwen3:14b,direct,55,0.0,1.0,5,5,1.0,1.0,1.0,5.90630010003224,2,2,multi_gold,rect,0.0,0.0,0.0,0.0,0.0,0.0,0.0,0.0,0.0,0.0,0.0,0.0,0.0,0.0,0.0,0.0,0.0,0.0,0.0,0.0,0.0,0.0,0.0,0.0,0.0,0.0,1.0,1.0,1.0,1.0,1.0,1.0,1.0,1.0,1.0,1.0,1.0,1.0,1.610961334004418
nvbench2:test:204,204,qwen3:14b,direct,55,0.0,1.0,5,0,1.0,0.0,0.0,3.902983400039375,2,2,multi_gold,bar,0.0,0.0,0.0,0.0,0.0,0.0,0.0,0.0,0.0,0.0,0.0,0.0,0.0,0.0,0.0,0.0,0.0,0.0,0.0,0.0,0.0,0.0,0.0,0.0,0.0,0.0,1.0,0.8,0.4,1.0,1.0,0.8400000000000001,1.0,0.8,0.4,1.0,1.0,0.8400000000000001,1.4282837994868038
nvbench2:test:205,205,qwen3:14b,direct,55,0.0,1.0,5,0,1.0,0.0,0.0,4.033024700009264,2,2,multi_gold,bar,0.0,0.0,0.0,0.0,0.0,0.0,0.0,0.0,0.0,0.0,0.0,0.0,0.0,0.0,0.0,0.0,0.0,0.0,0.0,0.0,0.0,0.0,0.0,0.0,0.0,0.0,1.0,0.8,0.4,1.0,1.0,0.8400000000000001,1.0,0.8,0.4,1.0,1.0,0.8400000000000001,1.4282837994868038
nvbench2:test:206,206,qwen3:14b,direct,55,0.0,1.0,5,0,1.0,0.0,0.0,3.393542699981481,2,2,multi_gold,arc,0.0,0.0,0.0,0.0,0.0,0.0,0.0,0.0,0.0,0.0,0.0,0.0,0.0,0.0,0.0,0.0,0.0,0.0,0.0,0.0,0.0,0.0,0.0,0.0,0.0,0.0,1.0,1.0,0.5,1.0,1.0,0.9,1.0,1.0,0.5,1.0,1.0,0.9,1.4647566960303693
nvbench2:test:207,207,qwen3:14b,direct,55,0.0,1.0,5,5,1.0,1.0,1.0,10.167523800046183,2,2,multi_gold,bar,0.0,0.0,0.0,0.0,0.0,0.0,0.0,0.0,0.0,0.0,0.0,0.0,0.0,0.0,0.0,0.0,0.0,0.0,0.0,0.0,0.0,0.0,0.0,0.0,0.0,0.0,1.0,0.8,0.4,1.0,0.0,0.64,1.0,0.8,0.8,1.0,0.0,0.72,1.043742454309612
nvbench2:test:208,208,qwen3:14b,direct,55,0.0,1.0,5,0,1.0,0.0,0.0,4.342846899991855,2,2,multi_gold,bar,0.0,0.0,0.0,0.0,0.0,0.0,0.0,0.0,0.0,0.0,0.0,0.0,0.0,0.0,0.0,0.0,0.0,0.0,0.0,0.0,0.0,0.0,0.0,0.0,0.0,0.0,1.0,0.8,0.4,1.0,1.0,0.8400000000000001,1.0,0.8,0.4,1.0,1.0,0.8400000000000001,1.3629814581432016
nvbench2:test:209,209,qwen3:14b,direct,55,0.0,1.0,5,0,1.0,0.0,0.0,8.40535410004668,2,2,multi_gold,arc,0.0,0.0,0.0,0.0,0.0,0.0,0.0,0.0,0.0,0.0,0.0,0.0,0.0,0.0,0.0,0.0,0.0,0.0,0.0,0.0,0.0,0.0,0.0,0.0,0.0,0.0,1.0,1.0,0.5,0.0,0.0,0.5,1.0,1.0,0.5,0.0,0.0,0.5,0.2849456773270868
nvbench2:test:210,210,qwen3:14b,direct,55,0.0,1.0,1,1,1.0,1.0,1.0,1.72975860000588,2,2,multi_gold,rect,0.0,0.0,0.0,0.0,0.0,0.0,0.0,0.0,0.0,0.0,0.0,0.0,0.0,0.0,0.0,0.0,0.0,0.0,0.0,0.0,0.0,0.0,0.0,0.0,0.0,0.0,1.0,1.0,0.6666666666666666,0.0,0.0,0.5333333333333333,1.0,1.0,0.6666666666666666,0.0,0.0,0.5333333333333333,0.27424187734691513
nvbench2:test:211,211,qwen3:14b,direct,55,0.0,1.0,4,4,1.0,1.0,1.0,3.4879320000763983,5,5,multi_gold,bar+line+rect,0.0,0.0,0.0,0.0,0.0,0.0,0.0,0.0,0.0,0.0,0.0,0.0,0.0,0.0,0.0,0.0,0.0,0.0,0.0,0.0,0.0,0.0,0.0,0.0,0.0,0.0,1.0,1.0,0.6666666666666666,0.0,0.0,0.5333333333333333,1.0,0.8,0.8,1.0,0.0,0.72,0.4091172606353459
nvbench2:test:212,212,qwen3:14b,direct,55,0.0,1.0,5,0,1.0,0.0,0.0,4.469787099980749,4,4,multi_gold,bar,0.0,0.0,0.0,0.0,0.0,0.0,0.0,0.0,0.0,0.0,0.0,0.0,0.0,0.0,0.0,0.0,0.0,0.0,0.0,0.0,0.0,0.0,0.0,0.0,0.0,0.0,1.0,0.8,0.0,1.0,1.0,0.76,1.0,0.8,0.4,1.0,1.0,0.8400000000000001,0.8170687686779794
nvbench2:test:213,213,qwen3:14b,direct,55,0.0,1.0,5,0,1.0,0.0,0.0,4.0323338999878615,2,2,multi_gold,bar,0.0,0.0,0.0,0.0,0.0,0.0,0.0,0.0,0.0,0.0,0.0,0.0,0.0,0.0,0.0,0.0,0.0,0.0,0.0,0.0,0.0,0.0,0.0,0.0,0.0,0.0,1.0,0.8,0.4,1.0,1.0,0.8400000000000001,1.0,0.8,0.4,1.0,1.0,0.8400000000000001,1.4282837994868038
nvbench2:test:214,214,qwen3:14b,direct,55,0.0,1.0,5,2,1.0,1.0,0.0,4.337889900081791,3,3,multi_gold,arc+bar+line,0.0,0.0,0.0,0.0,0.0,0.0,0.0,0.0,0.0,0.0,0.0,0.0,0.0,0.0,0.0,0.0,0.0,0.0,0.0,0.0,0.0,0.0,0.0,0.0,0.0,0.0,1.0,1.0,1.0,1.0,0.0,0.8,1.0,1.0,1.0,1.0,0.0,0.8,0.8968247980554762
nvbench2:test:215,215,qwen3:14b,direct,55,0.0,1.0,5,0,1.0,0.0,0.0,5.815258999937214,2,2,multi_gold,bar,0.0,0.0,0.0,0.0,0.0,0.0,0.0,0.0,0.0,0.0,0.0,0.0,0.0,0.0,0.0,0.0,0.0,0.0,0.0,0.0,0.0,0.0,0.0,0.0,0.0,0.0,1.0,1.0,0.3333333333333333,1.0,0.0,0.6666666666666667,1.0,1.0,0.3333333333333333,1.0,0.0,0.6666666666666667,0.8874112049317958
nvbench2:test:216,216,qwen3:14b,direct,55,0.0,1.0,2,0,1.0,0.0,0.0,9.283942100009881,2,2,multi_gold,bar,0.0,0.0,0.0,0.0,0.0,0.0,0.0,0.0,0.0,0.0,0.0,0.0,0.0,0.0,0.0,0.0,0.0,0.0,0.0,0.0,0.0,0.0,0.0,0.0,0.0,0.0,1.0,0.8,0.8,0.6666666666666666,0.0,0.6533333333333333,1.0,0.8,0.8,0.6666666666666666,0.0,0.6533333333333333,0.5727979357879621
nvbench2:test:217,217,qwen3:14b,direct,55,0.0,1.0,3,3,1.0,1.0,1.0,1.9926850000629202,4,4,multi_gold,bar+line,0.0,0.0,0.0,0.0,0.0,0.0,0.0,0.0,0.0,0.0,0.0,0.0,0.0,0.0,0.0,0.0,0.0,0.0,0.0,0.0,0.0,0.0,0.0,0.0,0.0,0.0,0.0,0.4,0.4,0.0,1.0,0.36,0.0,0.4,0.4,0.0,1.0,0.36,0.222260996499487
nvbench2:test:218,218,qwen3:14b,direct,55,0.0,1.0,3,3,1.0,1.0,1.0,2.912053699954413,2,2,multi_gold,point,0.0,0.0,0.0,0.0,0.0,0.0,0.0,0.0,0.0,0.0,0.0,0.0,0.0,0.0,0.0,0.0,0.0,0.0,0.0,0.0,0.0,0.0,0.0,0.0,0.0,0.0,1.0,1.0,1.0,1.0,0.0,0.8,1.0,1.0,1.0,1.0,0.0,0.8,0.9090936191376889
nvbench2:test:219,219,qwen3:14b,direct,55,0.0,1.0,5,5,1.0,1.0,1.0,4.405453699990176,4,4,multi_gold,point,0.0,0.0,0.0,0.0,0.0,0.0,0.0,0.0,0.0,0.0,0.0,0.0,0.0,0.0,0.0,0.0,0.0,0.0,0.0,0.0,0.0,0.0,0.0,0.0,0.0,0.0,0.0,0.8571428571428571,0.28571428571428575,0.0,1.0,0.42857142857142855,1.0,0.8571428571428571,0.28571428571428575,0.0,1.0,0.6285714285714286,0.422397892956216
nvbench2:test:220,220,qwen3:14b,direct,55,0.0,1.0,5,5,1.0,1.0,1.0,5.286820300039835,4,4,multi_gold,rect,0.0,0.0,0.0,0.0,0.0,0.0,0.0,0.0,0.0,0.0,0.0,0.0,0.0,0.0,0.0,0.0,0.0,0.0,0.0,0.0,0.0,0.0,0.0,0.0,0.0,0.0,1.0,1.0,0.3333333333333333,0.0,1.0,0.6666666666666667,1.0,1.0,0.6666666666666666,0.0,1.0,0.7333333333333333,0.7332149526434646
nvbench2:test:221,221,qwen3:14b,direct,55,0.0,1.0,5,4,1.0,1.0,0.0,4.0325863000471145,2,2,multi_gold,boxplot,0.0,0.0,0.0,0.0,0.0,0.0,0.0,0.0,0.0,0.0,0.0,0.0,0.0,0.0,0.0,0.0,0.0,0.0,0.0,0.0,0.0,0.0,0.0,0.0,0.0,0.0,1.0,1.0,0.5,1.0,0.0,0.7,1.0,1.0,1.0,1.0,0.0,0.8,1.1456585231037162
nvbench2:test:222,222,qwen3:14b,direct,55,0.0,1.0,2,0,1.0,0.0,0.0,2.155008999980055,3,3,multi_gold,arc,0.0,0.0,0.0,0.0,0.0,0.0,0.0,0.0,0.0,0.0,0.0,0.0,0.0,0.0,0.0,0.0,0.0,0.0,0.0,0.0,0.0,0.0,0.0,0.0,0.0,0.0,1.0,1.0,0.5,1.0,0.0,0.7,1.0,1.0,0.5,1.0,0.0,0.7,0.4157079566146185
nvbench2:test:223,223,qwen3:14b,direct,55,0.0,1.0,1,1,1.0,1.0,1.0,0.8233939000638202,3,3,multi_gold,boxplot,0.0,0.0,0.0,0.0,0.0,0.0,0.0,0.0,0.0,0.0,0.0,0.0,0.0,0.0,0.0,0.0,0.0,0.0,0.0,0.0,0.0,0.0,0.0,0.0,0.0,0.0,1.0,1.0,0.0,0.0,0.0,0.4,1.0,1.0,0.0,0.0,0.0,0.4,0.14993826532169632
nvbench2:test:224,224,qwen3:14b,direct,55,0.0,1.0,5,2,1.0,1.0,0.0,3.0765777999768034,3,3,multi_gold,boxplot,0.0,0.0,0.0,0.0,0.0,0.0,0.0,0.0,0.0,0.0,0.0,0.0,0.0,0.0,0.0,0.0,0.0,0.0,0.0,0.0,0.0,0.0,0.0,0.0,0.0,0.0,1.0,0.6666666666666666,0.6666666666666666,0.0,1.0,0.6666666666666666,1.0,1.0,1.0,0.0,1.0,0.8,0.8717238611253333
nvbench2:test:225,225,qwen3:14b,direct,55,0.0,1.0,1,1,1.0,1.0,1.0,1.1441080999793485,4,4,multi_gold,point,0.0,0.0,0.0,0.0,0.0,0.0,0.0,0.0,0.0,0.0,0.0,0.0,0.0,0.0,0.0,0.0,0.0,0.0,0.0,0.0,0.0,0.0,0.0,0.0,0.0,0.0,1.0,0.8571428571428571,0.5714285714285715,0.0,0.0,0.48571428571428577,1.0,0.8571428571428571,0.5714285714285715,0.0,0.0,0.48571428571428577,0.15626092795132893
nvbench2:test:226,226,qwen3:14b,direct,55,0.0,1.0,4,4,1.0,1.0,1.0,3.243096699938178,2,2,multi_gold,boxplot,0.0,0.0,0.0,0.0,0.0,0.0,0.0,0.0,0.0,0.0,0.0,0.0,0.0,0.0,0.0,0.0,0.0,0.0,0.0,0.0,0.0,0.0,0.0,0.0,0.0,0.0,1.0,1.0,1.0,1.0,1.0,1.0,1.0,1.0,1.0,1.0,1.0,1.0,1.4942133813098566
nvbench2:test:227,227,qwen3:14b,direct,55,0.0,1.0,2,0,1.0,0.0,0.0,1.9010542000178248,4,4,multi_gold,line,0.0,0.0,0.0,0.0,0.0,0.0,0.0,0.0,0.0,0.0,0.0,0.0,0.0,0.0,0.0,0.0,0.0,0.0,0.0,0.0,0.0,0.0,0.0,0.0,0.0,0.0,0.0,1.0,0.5,0.6666666666666666,1.0,0.6333333333333333,1.0,1.0,0.5,0.6666666666666666,1.0,0.8333333333333334,0.407714495744848
nvbench2:test:228,228,qwen3:14b,direct,55,0.0,1.0,1,1,1.0,1.0,1.0,1.8531233000103384,2,1,single_gold,rect,0.0,0.0,0.0,0.0,0.0,0.0,0.0,0.0,0.0,0.0,0.0,0.0,0.0,0.0,0.0,0.0,0.0,0.0,0.0,0.0,0.0,0.0,0.0,0.0,0.0,0.0,1.0,1.0,1.0,1.0,0.0,0.8,1.0,1.0,1.0,1.0,0.0,0.8,0.7411011265922482
nvbench2:test:229,229,qwen3:14b,direct,55,0.0,1.0,2,0,1.0,0.0,0.0,1.4733545000199229,2,2,multi_gold,arc,0.0,0.0,0.0,0.0,0.0,0.0,0.0,0.0,0.0,0.0,0.0,0.0,0.0,0.0,0.0,0.0,0.0,0.0,0.0,0.0,0.0,0.0,0.0,0.0,0.0,0.0,1.0,1.0,0.5,1.0,1.0,0.9,1.0,1.0,0.5,1.0,1.0,0.9,0.8660659830736148
nvbench2:test:230,230,qwen3:14b,direct,55,0.0,1.0,5,4,1.0,1.0,0.0,3.58330349996686,3,3,multi_gold,line,0.0,0.0,0.0,0.0,0.0,0.0,0.0,0.0,0.0,0.0,0.0,0.0,0.0,0.0,0.0,0.0,0.0,0.0,0.0,0.0,0.0,0.0,0.0,0.0,0.0,0.0,1.0,1.0,0.5,1.0,1.0,0.9,1.0,1.0,0.5,1.0,1.0,0.9,0.9774550464308709
nvbench2:test:231,231,qwen3:14b,direct,55,0.0,1.0,5,0,1.0,0.0,0.0,3.3850944000296295,2,2,multi_gold,arc,0.0,0.0,0.0,0.0,0.0,0.0,0.0,0.0,0.0,0.0,0.0,0.0,0.0,0.0,0.0,0.0,0.0,0.0,0.0,0.0,0.0,0.0,0.0,0.0,0.0,0.0,1.0,1.0,0.5,1.0,1.0,0.9,1.0,1.0,0.5,1.0,1.0,0.9,1.4647566960303693
nvbench2:test:232,232,qwen3:14b,direct,55,0.0,1.0,1,0,1.0,0.0,0.0,0.8138723999727517,4,4,multi_gold,arc,0.0,0.0,0.0,0.0,0.0,0.0,0.0,0.0,0.0,0.0,0.0,0.0,0.0,0.0,0.0,0.0,0.0,0.0,0.0,0.0,0.0,0.0,0.0,0.0,0.0,0.0,1.0,1.0,0.5,1.0,1.0,0.9,1.0,1.0,0.5,1.0,1.0,0.9,0.3380948817687364
nvbench2:test:233,233,qwen3:14b,direct,55,0.0,1.0,5,0,1.0,0.0,0.0,3.9586334000341594,2,2,multi_gold,point,0.0,0.0,0.0,0.0,0.0,0.0,0.0,0.0,0.0,0.0,0.0,0.0,0.0,0.0,0.0,0.0,0.0,0.0,0.0,0.0,0.0,0.0,0.0,0.0,0.0,0.0,1.0,0.6666666666666666,0.3333333333333333,0.0,1.0,0.6,1.0,0.6666666666666666,0.6666666666666666,0.0,1.0,0.6666666666666666,0.9600640889656423
nvbench2:test:234,234,qwen3:14b,direct,55,0.0,1.0,5,5,1.0,1.0,1.0,4.268112600082532,3,3,multi_gold,boxplot,0.0,0.0,0.0,0.0,0.0,0.0,0.0,0.0,0.0,0.0,0.0,0.0,0.0,0.0,0.0,0.0,0.0,0.0,0.0,0.0,0.0,0.0,0.0,0.0,0.0,0.0,1.0,1.0,1.0,1.0,1.0,1.0,1.0,1.0,1.0,1.0,1.0,1.0,1.3095791247064046
nvbench2:test:235,235,qwen3:14b,direct,55,0.0,1.0,5,5,1.0,1.0,1.0,4.721731500001624,4,4,multi_gold,rect,0.0,0.0,0.0,0.0,0.0,0.0,0.0,0.0,0.0,0.0,0.0,0.0,0.0,0.0,0.0,0.0,0.0,0.0,0.0,0.0,0.0,0.0,0.0,0.0,0.0,0.0,1.0,1.0,0.6666666666666666,1.0,1.0,0.9333333333333333,1.0,1.0,0.6666666666666666,1.0,1.0,0.9333333333333333,0.7410875674829692
nvbench2:test:236,236,qwen3:14b,direct,55,0.0,1.0,5,5,1.0,1.0,1.0,3.905178699991666,2,2,multi_gold,boxplot,0.0,0.0,0.0,0.0,0.0,0.0,0.0,0.0,0.0,0.0,0.0,0.0,0.0,0.0,0.0,0.0,0.0,0.0,0.0,0.0,0.0,0.0,0.0,0.0,0.0,0.0,0.0,1.0,0.0,0.0,1.0,0.4,0.0,1.0,0.0,0.0,1.0,0.4,0.5345120986951917
nvbench2:test:237,237,qwen3:14b,direct,55,0.0,1.0,5,5,1.0,1.0,1.0,4.171591600053944,2,2,multi_gold,boxplot,0.0,0.0,0.0,0.0,0.0,0.0,0.0,0.0,0.0,0.0,0.0,0.0,0.0,0.0,0.0,0.0,0.0,0.0,0.0,0.0,0.0,0.0,0.0,0.0,0.0,0.0,1.0,1.0,0.0,0.0,1.0,0.6,1.0,1.0,0.0,1.0,1.0,0.8,1.2015979292421386
nvbench2:test:238,238,qwen3:14b,direct,55,0.0,1.0,5,5,1.0,1.0,1.0,4.562043800018728,3,3,multi_gold,line,0.0,0.0,0.0,0.0,0.0,0.0,0.0,0.0,0.0,0.0,0.0,0.0,0.0,0.0,0.0,0.0,0.0,0.0,0.0,0.0,0.0,0.0,0.0,0.0,0.0,0.0,1.0,1.0,1.0,1.0,1.0,1.0,1.0,1.0,1.0,1.0,1.0,1.0,1.1510088773243512
nvbench2:test:239,239,qwen3:14b,direct,55,0.0,1.0,5,5,1.0,1.0,1.0,3.591611900017597,2,2,multi_gold,arc,0.0,0.0,0.0,0.0,0.0,0.0,0.0,0.0,0.0,0.0,0.0,0.0,0.0,0.0,0.0,0.0,0.0,0.0,0.0,0.0,0.0,0.0,0.0,0.0,0.0,0.0,1.0,1.0,1.0,0.0,1.0,0.8,1.0,1.0,1.0,0.0,1.0,0.8,1.2456007234463902
nvbench2:test:240,240,qwen3:14b,direct,55,0.0,1.0,5,4,1.0,1.0,0.0,3.588793999981135,2,2,multi_gold,arc,0.0,0.0,0.0,0.0,0.0,0.0,0.0,0.0,0.0,0.0,0.0,0.0,0.0,0.0,0.0,0.0,0.0,0.0,0.0,0.0,0.0,0.0,0.0,0.0,0.0,0.0,1.0,1.0,0.5,0.0,1.0,0.7,1.0,1.0,0.5,0.0,1.0,0.7,1.0744725684840684
nvbench2:test:241,241,qwen3:14b,direct,55,0.0,1.0,5,2,1.0,1.0,0.0,5.046725700027309,3,3,multi_gold,rect,0.0,0.0,0.0,0.0,0.0,0.0,0.0,0.0,0.0,0.0,0.0,0.0,0.0,0.0,0.0,0.0,0.0,0.0,0.0,0.0,0.0,0.0,0.0,0.0,0.0,0.0,1.0,1.0,0.3333333333333333,0.0,1.0,0.6666666666666667,1.0,1.0,0.6666666666666666,0.0,1.0,0.7333333333333333,0.7079194606279184
nvbench2:test:242,242,qwen3:14b,direct,55,0.0,1.0,5,4,1.0,1.0,0.0,4.587770699989051,3,3,multi_gold,boxplot,0.0,0.0,0.0,0.0,0.0,0.0,0.0,0.0,0.0,0.0,0.0,0.0,0.0,0.0,0.0,0.0,0.0,0.0,0.0,0.0,0.0,0.0,0.0,0.0,0.0,0.0,1.0,1.0,1.0,1.0,1.0,1.0,1.0,1.0,1.0,1.0,1.0,1.0,1.1469196692308987
nvbench2:test:243,243,qwen3:14b,direct,55,0.0,1.0,5,2,1.0,1.0,0.0,6.247512599918991,3,3,multi_gold,rect,0.0,0.0,0.0,0.0,0.0,0.0,0.0,0.0,0.0,0.0,0.0,0.0,0.0,0.0,0.0,0.0,0.0,0.0,0.0,0.0,0.0,0.0,0.0,0.0,0.0,0.0,1.0,1.0,0.3333333333333333,0.6666666666666666,1.0,0.8,1.0,1.0,0.6666666666666666,0.6666666666666666,1.0,0.8666666666666666,0.9875621172657814
nvbench2:test:244,244,qwen3:14b,direct,55,0.0,1.0,5,5,1.0,1.0,1.0,4.012649899930693,4,4,multi_gold,line,0.0,0.0,0.0,0.0,0.0,0.0,0.0,0.0,0.0,0.0,0.0,0.0,0.0,0.0,0.0,0.0,0.0,0.0,0.0,0.0,0.0,0.0,0.0,0.0,0.0,0.0,1.0,1.0,1.0,1.0,1.0,1.0,1.0,1.0,1.0,1.0,1.0,1.0,0.9282496760709946
nvbench2:test:245,245,qwen3:14b,direct,55,0.0,1.0,5,4,1.0,1.0,0.0,4.472401999984868,3,3,multi_gold,boxplot,0.0,0.0,0.0,0.0,0.0,0.0,0.0,0.0,0.0,0.0,0.0,0.0,0.0,0.0,0.0,0.0,0.0,0.0,0.0,0.0,0.0,0.0,0.0,0.0,0.0,0.0,1.0,1.0,1.0,1.0,1.0,1.0,1.0,1.0,1.0,1.0,1.0,1.0,1.2631557017013155
nvbench2:test:246,246,qwen3:14b,direct,55,0.0,1.0,3,0,1.0,0.0,0.0,3.2521008999319747,3,3,multi_gold,rect,0.0,0.0,0.0,0.0,0.0,0.0,0.0,0.0,0.0,0.0,0.0,0.0,0.0,0.0,0.0,0.0,0.0,0.0,0.0,0.0,0.0,0.0,0.0,0.0,0.0,0.0,1.0,1.0,0.3333333333333333,0.0,0.0,0.4666666666666667,1.0,1.0,0.3333333333333333,0.0,0.0,0.4666666666666667,0.2752802456173722
nvbench2:test:247,247,qwen3:14b,direct,55,0.0,1.0,4,4,1.0,1.0,1.0,2.769901499967091,2,2,multi_gold,arc,1.0,1.0,0.5,1.0,0.6666666666666666,1.0,1.0,0.6666666666666666,0.8,1.0,1.0,0.5,0.6666666666666666,1.0,1.0,0.5,1.0,0.6666666666666666,1.0,1.0,0.6666666666666666,0.8,1.0,1.0,0.5,0.6666666666666666,1.0,1.0,1.0,1.0,1.0,1.0,1.0,1.0,1.0,1.0,1.0,1.0,1.4612086271812619
nvbench2:test:248,248,qwen3:14b,direct,55,0.0,1.0,3,3,1.0,1.0,1.0,3.2490647999802604,3,3,multi_gold,rect,0.0,0.0,0.0,0.0,0.0,0.0,0.0,0.0,0.0,0.0,0.0,0.0,0.0,0.0,0.0,0.0,0.0,0.0,0.0,0.0,0.0,0.0,0.0,0.0,0.0,0.0,1.0,1.0,0.3333333333333333,0.0,1.0,0.6666666666666667,1.0,1.0,0.6666666666666666,1.0,1.0,0.9333333333333333,0.6828229685432461
nvbench2:test:249,249,qwen3:14b,direct,55,0.0,1.0,1,0,1.0,0.0,0.0,0.8478355999104679,4,4,multi_gold,arc,0.0,0.0,0.0,0.0,0.0,0.0,0.0,0.0,0.0,0.0,0.0,0.0,0.0,0.0,0.0,0.0,0.0,0.0,0.0,0.0,0.0,0.0,0.0,0.0,0.0,0.0,1.0,1.0,0.5,0.0,1.0,0.7,1.0,1.0,0.5,0.0,1.0,0.7,0.2437942121994015
nvbench2:test:250,250,qwen3:14b,direct,55,0.0,1.0,5,3,1.0,1.0,0.0,4.315953299985267,2,2,multi_gold,boxplot,0.0,0.0,0.0,0.0,0.0,0.0,0.0,0.0,0.0,0.0,0.0,0.0,0.0,0.0,0.0,0.0,0.0,0.0,0.0,0.0,0.0,0.0,0.0,0.0,0.0,0.0,1.0,1.0,0.5,0.0,1.0,0.7,1.0,1.0,0.0,1.0,1.0,0.8,1.2148404225989444
nvbench2:test:251,251,qwen3:14b,direct,55,0.0,1.0,5,5,1.0,1.0,1.0,5.838858300005086,2,2,multi_gold,point,0.0,0.0,0.0,0.0,0.0,0.0,0.0,0.0,0.0,0.0,0.0,0.0,0.0,0.0,0.0,0.0,0.0,0.0,0.0,0.0,0.0,0.0,0.0,0.0,0.0,0.0,0.0,0.8571428571428571,0.28571428571428575,0.0,1.0,0.42857142857142855,0.0,0.8571428571428571,0.28571428571428575,0.0,1.0,0.42857142857142855,0.5766910517062737
nvbench2:test:252,252,qwen3:14b,direct,55,0.0,1.0,5,5,1.0,1.0,1.0,3.3161641999613494,2,2,multi_gold,arc,0.0,0.0,0.0,0.0,0.0,0.0,0.0,0.0,0.0,0.0,0.0,0.0,0.0,0.0,0.0,0.0,0.0,0.0,0.0,0.0,0.0,0.0,0.0,0.0,0.0,0.0,1.0,1.0,1.0,1.0,0.0,0.8,1.0,1.0,1.0,1.0,0.0,0.8,1.2456007234463902
nvbench2:test:253,253,qwen3:14b,direct,55,0.0,1.0,1,0,1.0,0.0,0.0,0.8412297000177205,4,4,multi_gold,arc,0.0,0.0,0.0,0.0,0.0,0.0,0.0,0.0,0.0,0.0,0.0,0.0,0.0,0.0,0.0,0.0,0.0,0.0,0.0,0.0,0.0,0.0,0.0,0.0,0.0,0.0,1.0,1.0,0.5,0.0,1.0,0.7,1.0,1.0,0.5,0.0,1.0,0.7,0.2437942121994015
nvbench2:test:254,254,qwen3:14b,direct,55,0.0,1.0,5,5,1.0,1.0,1.0,4.49751939997077,2,2,multi_gold,point,0.0,0.0,0.0,0.0,0.0,0.0,0.0,0.0,0.0,0.0,0.0,0.0,0.0,0.0,0.0,0.0,0.0,0.0,0.0,0.0,0.0,0.0,0.0,0.0,0.0,0.0,1.0,0.8571428571428571,0.5714285714285715,0.0,1.0,0.6857142857142857,1.0,0.8571428571428571,0.5714285714285715,0.0,1.0,0.6857142857142857,1.068755486315411
nvbench2:test:255,255,qwen3:14b,direct,55,0.0,1.0,5,1,1.0,1.0,0.0,5.829686200013384,2,2,multi_gold,rect,0.0,0.0,0.0,0.0,0.0,0.0,0.0,0.0,0.0,0.0,0.0,0.0,0.0,0.0,0.0,0.0,0.0,0.0,0.0,0.0,0.0,0.0,0.0,0.0,0.0,0.0,1.0,1.0,0.3333333333333333,1.0,1.0,0.8666666666666666,1.0,1.0,0.3333333333333333,1.0,1.0,0.8666666666666666,1.3902807403394057
nvbench2:test:256,256,qwen3:14b,direct,55,0.0,1.0,5,5,1.0,1.0,1.0,4.8678034999175,4,4,multi_gold,boxplot,0.0,0.0,0.0,0.0,0.0,0.0,0.0,0.0,0.0,0.0,0.0,0.0,0.0,0.0,0.0,0.0,0.0,0.0,0.0,0.0,0.0,0.0,0.0,0.0,0.0,0.0,1.0,1.0,0.0,0.0,0.0,0.4,1.0,1.0,0.5,0.0,0.0,0.5,0.38206228482725824
nvbench2:test:257,257,qwen3:14b,direct,55,0.0,1.0,5,5,1.0,1.0,1.0,3.3025567999575287,2,2,multi_gold,boxplot,0.0,0.0,0.0,0.0,0.0,0.0,0.0,0.0,0.0,0.0,0.0,0.0,0.0,0.0,0.0,0.0,0.0,0.0,0.0,0.0,0.0,0.0,0.0,0.0,0.0,0.0,1.0,1.0,0.0,0.0,1.0,0.6,1.0,1.0,0.5,0.0,1.0,0.7,0.9944118449331792
nvbench2:test:258,258,qwen3:14b,direct,55,0.0,1.0,5,0,1.0,0.0,0.0,4.3418792999582365,2,2,multi_gold,boxplot,0.0,0.0,0.0,0.0,0.0,0.0,0.0,0.0,0.0,0.0,0.0,0.0,0.0,0.0,0.0,0.0,0.0,0.0,0.0,0.0,0.0,0.0,0.0,0.0,0.0,0.0,1.0,1.0,0.5,0.0,1.0,0.7,1.0,1.0,0.5,0.0,1.0,0.7,0.9990359400328629
nvbench2:test:259,259,qwen3:14b,direct,55,0.0,1.0,5,0,1.0,0.0,0.0,5.031657599960454,4,4,multi_gold,rect,0.0,0.0,0.0,0.0,0.0,0.0,0.0,0.0,0.0,0.0,0.0,0.0,0.0,0.0,0.0,0.0,0.0,0.0,0.0,0.0,0.0,0.0,0.0,0.0,0.0,0.0,1.0,1.0,0.6666666666666666,1.0,1.0,0.9333333333333333,1.0,1.0,0.6666666666666666,1.0,1.0,0.9333333333333333,1.0302303761673737
nvbench2:test:260,260,qwen3:14b,direct,55,0.0,1.0,5,5,1.0,1.0,1.0,4.388706900062971,3,3,multi_gold,line,0.0,0.0,0.0,0.0,0.0,0.0,0.0,0.0,0.0,0.0,0.0,0.0,0.0,0.0,0.0,0.0,0.0,0.0,0.0,0.0,0.0,0.0,0.0,0.0,0.0,0.0,1.0,1.0,1.0,1.0,1.0,1.0,1.0,1.0,1.0,1.0,1.0,1.0,1.284322809157134
nvbench2:test:261,261,qwen3:14b,direct,55,0.0,1.0,5,5,1.0,1.0,1.0,5.782631699927151,5,5,multi_gold,rect,0.0,0.0,0.0,0.0,0.0,0.0,0.0,0.0,0.0,0.0,0.0,0.0,0.0,0.0,0.0,0.0,0.0,0.0,0.0,0.0,0.0,0.0,0.0,0.0,0.0,0.0,1.0,1.0,1.0,1.0,0.0,0.8,1.0,1.0,1.0,1.0,0.0,0.8,0.712791712152453
nvbench2:test:262,262,qwen3:14b,direct,55,0.0,1.0,5,0,1.0,0.0,0.0,3.29478029999882,3,3,multi_gold,arc,0.0,0.0,0.0,0.0,0.0,0.0,0.0,0.0,0.0,0.0,0.0,0.0,0.0,0.0,0.0,0.0,0.0,0.0,0.0,0.0,0.0,0.0,0.0,0.0,0.0,0.0,1.0,1.0,0.5,1.0,0.0,0.7,1.0,1.0,0.5,1.0,0.0,0.7,0.7646227834380783
nvbench2:test:263,263,qwen3:14b,direct,55,0.0,1.0,1,1,1.0,1.0,1.0,0.8786808999720961,5,5,multi_gold,boxplot,0.0,0.0,0.0,0.0,0.0,0.0,0.0,0.0,0.0,0.0,0.0,0.0,0.0,0.0,0.0,0.0,0.0,0.0,0.0,0.0,0.0,0.0,0.0,0.0,0.0,0.0,1.0,1.0,0.0,0.0,1.0,0.6,1.0,1.0,0.0,0.0,1.0,0.6,0.17491053656067107
nvbench2:test:264,264,qwen3:14b,direct,55,0.0,1.0,5,1,1.0,1.0,0.0,4.061165299965069,3,3,multi_gold,arc,0.0,0.0,0.0,0.0,0.0,0.0,0.0,0.0,0.0,0.0,0.0,0.0,0.0,0.0,0.0,0.0,0.0,0.0,0.0,0.0,0.0,0.0,0.0,0.0,0.0,0.0,0.0,0.0,0.0,0.0,0.0,0.0,0.0,0.0,0.0,0.0,0.0,0.0,0.0
nvbench2:test:265,265,qwen3:14b,direct,55,0.0,1.0,1,0,1.0,0.0,0.0,0.9045493999728933,3,3,multi_gold,arc,0.0,0.0,0.0,0.0,0.0,0.0,0.0,0.0,0.0,0.0,0.0,0.0,0.0,0.0,0.0,0.0,0.0,0.0,0.0,0.0,0.0,0.0,0.0,0.0,0.0,0.0,1.0,1.0,0.5,1.0,1.0,0.9,1.0,1.0,0.5,1.0,1.0,0.9,0.40642634118843207
nvbench2:test:266,266,qwen3:14b,direct,55,0.0,1.0,5,1,1.0,1.0,0.0,3.894564099959098,2,2,multi_gold,bar,0.0,0.0,0.0,0.0,0.0,0.0,0.0,0.0,0.0,0.0,0.0,0.0,0.0,0.0,0.0,0.0,0.0,0.0,0.0,0.0,0.0,0.0,0.0,0.0,0.0,0.0,1.0,0.8,0.8,1.0,1.0,0.9199999999999999,1.0,0.8,0.8,1.0,1.0,0.9199999999999999,1.4908647606666106
nvbench2:test:267,267,qwen3:14b,direct,55,0.0,1.0,5,5,1.0,1.0,1.0,5.016586000099778,5,5,multi_gold,rect,0.0,0.0,0.0,0.0,0.0,0.0,0.0,0.0,0.0,0.0,0.0,0.0,0.0,0.0,0.0,0.0,0.0,0.0,0.0,0.0,0.0,0.0,0.0,0.0,0.0,0.0,0.0,0.8,0.0,0.0,0.0,0.16,1.0,1.0,0.6666666666666666,0.5,0.0,0.6333333333333333,0.19758232741996645
nvbench2:test:268,268,qwen3:14b,direct,55,0.0,1.0,1,1,1.0,1.0,1.0,1.9035820999415591,5,5,multi_gold,rect,0.0,0.0,0.0,0.0,0.0,0.0,0.0,0.0,0.0,0.0,0.0,0.0,0.0,0.0,0.0,0.0,0.0,0.0,0.0,0.0,0.0,0.0,0.0,0.0,0.0,0.0,1.0,1.0,1.0,0.6666666666666666,0.0,0.7333333333333333,1.0,1.0,1.0,0.6666666666666666,0.0,0.7333333333333333,0.22468542570037728
nvbench2:test:269,269,qwen3:14b,direct,55,0.0,1.0,5,5,1.0,1.0,1.0,4.117672199965455,5,5,multi_gold,boxplot,0.0,0.0,0.0,0.0,0.0,0.0,0.0,0.0,0.0,0.0,0.0,0.0,0.0,0.0,0.0,0.0,0.0,0.0,0.0,0.0,0.0,0.0,0.0,0.0,0.0,0.0,1.0,1.0,0.0,0.0,1.0,0.6,1.0,1.0,0.0,0.0,1.0,0.6,0.4140567225788963
nvbench2:test:270,270,qwen3:14b,direct,55,0.0,1.0,3,3,1.0,1.0,1.0,3.0821733999764547,5,5,multi_gold,bar,0.0,0.0,0.0,0.0,0.0,0.0,0.0,0.0,0.0,0.0,0.0,0.0,0.0,0.0,0.0,0.0,0.0,0.0,0.0,0.0,0.0,0.0,0.0,0.0,0.0,0.0,1.0,0.8,0.8,1.0,0.0,0.72,1.0,0.8,0.8,1.0,0.0,0.72,0.43920441515032493
nvbench2:test:271,271,qwen3:14b,direct,55,0.0,1.0,1,1,1.0,1.0,1.0,1.7170437999302521,4,4,multi_gold,arc,0.0,0.0,0.0,0.0,0.0,0.0,0.0,0.0,0.0,0.0,0.0,0.0,0.0,0.0,0.0,0.0,0.0,0.0,0.0,0.0,0.0,0.0,0.0,0.0,0.0,0.0,1.0,1.0,0.5,0.0,0.0,0.5,1.0,1.0,0.5,0.0,0.0,0.5,0.16170071118661541
nvbench2:test:272,272,qwen3:14b,direct,55,0.0,1.0,5,5,1.0,1.0,1.0,3.8571672999532893,3,3,multi_gold,line,0.0,0.0,0.0,0.0,0.0,0.0,0.0,0.0,0.0,0.0,0.0,0.0,0.0,0.0,0.0,0.0,0.0,0.0,0.0,0.0,0.0,0.0,0.0,0.0,0.0,0.0,1.0,1.0,0.5,0.0,1.0,0.7,0.0,1.0,1.0,1.0,1.0,0.8,0.7620687290966628
nvbench2:test:273,273,qwen3:14b,direct,55,0.0,1.0,5,0,1.0,0.0,0.0,6.443598599988036,4,4,multi_gold,bar,0.0,0.0,0.0,0.0,0.0,0.0,0.0,0.0,0.0,0.0,0.0,0.0,0.0,0.0,0.0,0.0,0.0,0.0,0.0,0.0,0.0,0.0,0.0,0.0,0.0,0.0,1.0,0.8,0.8,0.6666666666666666,0.0,0.6533333333333333,1.0,0.8,0.8,0.6666666666666666,0.0,0.6533333333333333,0.6036279021535759
nvbench2:test:274,274,qwen3:14b,direct,55,0.0,1.0,1,0,1.0,0.0,0.0,2.1416297000832856,2,2,multi_gold,bar,0.0,0.0,0.0,0.0,0.0,0.0,0.0,0.0,0.0,0.0,0.0,0.0,0.0,0.0,0.0,0.0,0.0,0.0,0.0,0.0,0.0,0.0,0.0,0.0,0.0,0.0,1.0,0.8,0.4,1.0,0.0,0.64,1.0,0.8,0.4,1.0,0.0,0.64,0.34233795667676936
nvbench2:test:275,275,qwen3:14b,direct,55,0.0,1.0,5,5,1.0,1.0,1.0,4.2960829000221565,2,2,multi_gold,rect,0.0,0.0,0.0,0.0,0.0,0.0,0.0,0.0,0.0,0.0,0.0,0.0,0.0,0.0,0.0,0.0,0.0,0.0,0.0,0.0,0.0,0.0,0.0,0.0,0.0,0.0,0.0,0.8,0.4,0.0,0.0,0.24000000000000005,1.0,1.0,1.0,1.0,0.0,0.8,0.543031371487719
nvbench2:test:276,276,qwen3:14b,direct,55,0.0,1.0,5,0,1.0,0.0,0.0,3.647072400082834,3,3,multi_gold,line,0.0,0.0,0.0,0.0,0.0,0.0,0.0,0.0,0.0,0.0,0.0,0.0,0.0,0.0,0.0,0.0,0.0,0.0,0.0,0.0,0.0,0.0,0.0,0.0,0.0,0.0,1.0,1.0,0.5,1.0,1.0,0.9,1.0,1.0,0.5,1.0,1.0,0.9,1.0779882617710987
nvbench2:test:277,277,qwen3:14b,direct,55,0.0,1.0,5,5,1.0,1.0,1.0,3.622816800023429,4,4,multi_gold,line,0.0,0.0,0.0,0.0,0.0,0.0,0.0,0.0,0.0,0.0,0.0,0.0,0.0,0.0,0.0,0.0,0.0,0.0,0.0,0.0,0.0,0.0,0.0,0.0,0.0,0.0,0.0,1.0,1.0,1.0,0.0,0.6,0.0,1.0,1.0,1.0,0.0,0.6,0.5226931870548182
nvbench2:test:278,278,qwen3:14b,direct,55,0.0,1.0,5,5,1.0,1.0,1.0,5.858705900027417,2,2,multi_gold,rect,0.0,0.0,0.0,0.0,0.0,0.0,0.0,0.0,0.0,0.0,0.0,0.0,0.0,0.0,0.0,0.0,0.0,0.0,0.0,0.0,0.0,0.0,0.0,0.0,0.0,0.0,1.0,1.0,0.3333333333333333,0.6666666666666666,0.0,0.6,1.0,1.0,0.6666666666666666,0.6666666666666666,0.0,0.6666666666666666,0.9077690706762976
nvbench2:test:279,279,qwen3:14b,direct,55,0.0,1.0,5,0,1.0,0.0,0.0,4.580695900018327,2,2,multi_gold,line,0.0,0.0,0.0,0.0,0.0,0.0,0.0,0.0,0.0,0.0,0.0,0.0,0.0,0.0,0.0,0.0,0.0,0.0,0.0,0.0,0.0,0.0,0.0,0.0,0.0,0.0,1.0,1.0,0.6666666666666666,1.0,1.0,0.9333333333333333,1.0,1.0,0.6666666666666666,1.0,1.0,0.9333333333333333,1.6013328947237937
nvbench2:test:280,280,qwen3:14b,direct,55,0.0,1.0,4,0,1.0,0.0,0.0,4.681949799996801,2,2,multi_gold,line,0.0,0.0,0.0,0.0,0.0,0.0,0.0,0.0,0.0,0.0,0.0,0.0,0.0,0.0,0.0,0.0,0.0,0.0,0.0,0.0,0.0,0.0,0.0,0.0,0.0,0.0,0.0,1.0,0.5,0.5,1.0,0.6,0.0,1.0,0.5,0.5,1.0,0.6,0.8100059545176271
nvbench2:test:281,281,qwen3:14b,direct,55,0.0,1.0,5,5,1.0,1.0,1.0,4.922861699946225,3,3,multi_gold,boxplot,0.0,0.0,0.0,0.0,0.0,0.0,0.0,0.0,0.0,0.0,0.0,0.0,0.0,0.0,0.0,0.0,0.0,0.0,0.0,0.0,0.0,0.0,0.0,0.0,0.0,0.0,0.0,0.8,0.0,0.0,1.0,0.36,0.0,0.8,0.0,0.0,1.0,0.36,0.39216199914395655
nvbench2:test:282,282,qwen3:14b,direct,55,0.0,1.0,5,5,1.0,1.0,1.0,3.444715899997391,3,3,multi_gold,boxplot,0.0,0.0,0.0,0.0,0.0,0.0,0.0,0.0,0.0,0.0,0.0,0.0,0.0,0.0,0.0,0.0,0.0,0.0,0.0,0.0,0.0,0.0,0.0,0.0,0.0,0.0,1.0,1.0,0.0,0.0,1.0,0.6,1.0,1.0,0.0,0.0,1.0,0.6,0.7135707832396941
nvbench2:test:283,283,qwen3:14b,direct,55,0.0,1.0,5,0,1.0,0.0,0.0,3.41161920002196,2,2,multi_gold,boxplot,0.0,0.0,0.0,0.0,0.0,0.0,0.0,0.0,0.0,0.0,0.0,0.0,0.0,0.0,0.0,0.0,0.0,0.0,0.0,0.0,0.0,0.0,0.0,0.0,0.0,0.0,1.0,1.0,0.5,0.0,1.0,0.7,1.0,1.0,0.5,0.0,1.0,0.7,0.9990359400328629
nvbench2:test:284,284,qwen3:14b,direct,55,0.0,1.0,2,0,1.0,0.0,0.0,8.28679749998264,2,2,multi_gold,bar,0.0,0.0,0.0,0.0,0.0,0.0,0.0,0.0,0.0,0.0,0.0,0.0,0.0,0.0,0.0,0.0,0.0,0.0,0.0,0.0,0.0,0.0,0.0,0.0,0.0,0.0,1.0,0.6666666666666666,0.3333333333333333,1.0,0.0,0.6,1.0,0.6666666666666666,0.3333333333333333,1.0,0.0,0.6,0.515716566510398
nvbench2:test:285,285,qwen3:14b,direct,55,0.0,1.0,5,5,1.0,1.0,1.0,5.150483600096777,2,2,multi_gold,point,0.0,0.0,0.0,0.0,0.0,0.0,0.0,0.0,0.0,0.0,0.0,0.0,0.0,0.0,0.0,0.0,0.0,0.0,0.0,0.0,0.0,0.0,0.0,0.0,0.0,0.0,0.0,0.6666666666666666,0.3333333333333333,0.0,1.0,0.4,0.0,0.8571428571428571,0.28571428571428575,0.0,1.0,0.42857142857142855,0.6091496541491103
nvbench2:test:286,286,qwen3:14b,direct,55,0.0,1.0,5,3,1.0,1.0,0.0,3.3477352999616414,2,2,multi_gold,arc,0.0,0.0,0.0,0.0,0.0,0.0,0.0,0.0,0.0,0.0,0.0,0.0,0.0,0.0,0.0,0.0,0.0,0.0,0.0,0.0,0.0,0.0,0.0,0.0,0.0,0.0,1.0,1.0,1.0,0.6666666666666666,1.0,0.9333333333333333,1.0,1.0,1.0,0.6666666666666666,1.0,0.9333333333333333,1.412931606372563
nvbench2:test:287,287,qwen3:14b,direct,55,0.0,1.0,5,5,1.0,1.0,1.0,4.161206500022672,3,3,multi_gold,point,0.0,0.0,0.0,0.0,0.0,0.0,0.0,0.0,0.0,0.0,0.0,0.0,0.0,0.0,0.0,0.0,0.0,0.0,0.0,0.0,0.0,0.0,0.0,0.0,0.0,0.0,0.0,0.8,0.0,0.0,1.0,0.36,0.0,0.8,0.4,0.0,1.0,0.44000000000000006,0.40544694248030627
nvbench2:test:288,288,qwen3:14b,direct,55,0.0,1.0,5,5,1.0,1.0,1.0,5.557590699987486,3,3,multi_gold,point,0.0,0.0,0.0,0.0,0.0,0.0,0.0,0.0,0.0,0.0,0.0,0.0,0.0,0.0,0.0,0.0,0.0,0.0,0.0,0.0,0.0,0.0,0.0,0.0,0.0,0.0,1.0,0.8,0.0,0.0,1.0,0.5599999999999999,1.0,0.8571428571428571,0.28571428571428575,0.0,1.0,0.6285714285714286,0.6968540617702211
nvbench2:test:289,289,qwen3:14b,direct,55,0.0,1.0,5,5,1.0,1.0,1.0,3.3132340000011027,4,4,multi_gold,arc,0.5,0.0,0.0,0.0,0.0,1.0,0.25,0.3333333333333333,0.28571428571428575,1.0,0.5,0.4,0.4444444444444445,0.5,0.0,0.0,0.0,0.0,1.0,0.25,0.3333333333333333,0.28571428571428575,1.0,0.5,0.4,0.4444444444444445,1.0,1.0,0.5,1.0,1.0,0.9,1.0,1.0,1.0,1.0,1.0,1.0,1.0046719427031183
nvbench2:test:290,290,qwen3:14b,direct,55,0.0,1.0,5,5,1.0,1.0,1.0,3.9579336000606418,2,2,multi_gold,arc,0.0,0.0,0.0,0.0,0.0,0.0,0.0,0.0,0.0,0.0,0.0,0.0,0.0,0.0,0.0,0.0,0.0,0.0,0.0,0.0,0.0,0.0,0.0,0.0,0.0,0.0,1.0,1.0,0.5,0.6666666666666666,0.0,0.6333333333333333,1.0,1.0,0.5,0.6666666666666666,0.0,0.6333333333333333,0.8635530001655551
nvbench2:test:291,291,qwen3:14b,direct,55,0.0,1.0,5,0,1.0,0.0,0.0,3.7009454000508413,2,2,multi_gold,arc,0.0,0.0,0.0,0.0,0.0,0.0,0.0,0.0,0.0,0.0,0.0,0.0,0.0,0.0,0.0,0.0,0.0,0.0,0.0,0.0,0.0,0.0,0.0,0.0,0.0,0.0,1.0,1.0,0.5,1.0,1.0,0.9,1.0,1.0,0.5,1.0,1.0,0.9,1.4052213922823646
nvbench2:test:292,292,qwen3:14b,direct,55,0.0,1.0,3,3,1.0,1.0,1.0,2.243979800026864,2,2,multi_gold,arc,0.0,0.0,0.0,0.0,0.0,0.0,0.0,0.0,0.0,0.0,0.0,0.0,0.0,0.0,0.0,0.0,0.0,0.0,0.0,0.0,0.0,0.0,0.0,0.0,0.0,0.0,1.0,1.0,1.0,1.0,0.0,0.8,1.0,1.0,1.0,1.0,0.0,0.8,0.910067558355119
nvbench2:test:293,293,qwen3:14b,direct,55,0.0,1.0,5,2,1.0,1.0,0.0,5.588967100018635,2,2,multi_gold,arc,0.0,0.0,0.0,0.0,0.0,0.0,0.0,0.0,0.0,0.0,0.0,0.0,0.0,0.0,0.0,0.0,0.0,0.0,0.0,0.0,0.0,0.0,0.0,0.0,0.0,0.0,1.0,0.6666666666666666,0.3333333333333333,0.0,1.0,0.6,1.0,0.6666666666666666,0.3333333333333333,0.0,1.0,0.6,0.6999184374641758
nvbench2:test:294,294,qwen3:14b,direct,55,0.0,1.0,5,5,1.0,1.0,1.0,6.113162399968132,3,3,multi_gold,point,0.0,0.0,0.0,0.0,0.0,0.0,0.0,0.0,0.0,0.0,0.0,0.0,0.0,0.0,0.0,0.0,0.0,0.0,0.0,0.0,0.0,0.0,0.0,0.0,0.0,0.0,0.0,0.8571428571428571,0.0,0.0,0.0,0.17142857142857143,0.0,0.8571428571428571,0.0,0.0,0.0,0.17142857142857143,0.1745792747464699
nvbench2:test:295,295,qwen3:14b,direct,55,0.0,1.0,5,5,1.0,1.0,1.0,4.195885800058022,4,4,multi_gold,line,0.0,0.0,0.0,0.0,0.0,0.0,0.0,0.0,0.0,0.0,0.0,0.0,0.0,0.0,0.0,0.0,0.0,0.0,0.0,0.0,0.0,0.0,0.0,0.0,0.0,0.0,1.0,1.0,0.5,0.0,1.0,0.7,0.0,1.0,1.0,1.0,1.0,0.8,0.6983017804625472
nvbench2:test:296,296,qwen3:14b,direct,55,0.0,1.0,1,1,1.0,1.0,1.0,1.0497444999637082,5,5,multi_gold,bar+line+rect,0.0,0.0,0.0,0.0,0.0,0.0,0.0,0.0,0.0,0.0,0.0,0.0,0.0,0.0,0.0,0.0,0.0,0.0,0.0,0.0,0.0,0.0,0.0,0.0,0.0,0.0,1.0,0.8,0.4,0.0,1.0,0.64,1.0,0.8,0.4,0.0,1.0,0.64,0.18936303228555582
nvbench2:test:297,297,qwen3:14b,direct,55,0.0,1.0,3,3,1.0,1.0,1.0,2.5480085000162944,2,2,multi_gold,bar,0.0,0.0,0.0,0.0,0.0,0.0,0.0,0.0,0.0,0.0,0.0,0.0,0.0,0.0,0.0,0.0,0.0,0.0,0.0,0.0,0.0,0.0,0.0,0.0,0.0,0.0,1.0,0.8,0.4,0.0,0.0,0.44000000000000006,1.0,0.8,0.8,1.0,0.0,0.72,0.5245027002875705
nvbench2:test:298,298,qwen3:14b,direct,55,0.0,1.0,1,0,1.0,0.0,0.0,1.1287159998901188,3,3,multi_gold,line,0.0,0.0,0.0,0.0,0.0,0.0,0.0,0.0,0.0,0.0,0.0,0.0,0.0,0.0,0.0,0.0,0.0,0.0,0.0,0.0,0.0,0.0,0.0,0.0,0.0,0.0,1.0,0.8,0.4,0.6666666666666666,0.0,0.5733333333333334,1.0,0.8,0.4,0.6666666666666666,0.0,0.5733333333333334,0.22898808047924304
nvbench2:test:299,299,qwen3:14b,direct,55,0.0,1.0,5,4,1.0,1.0,0.0,6.940492799971253,2,2,multi_gold,rect,0.0,0.0,0.0,0.0,0.0,0.0,0.0,0.0,0.0,0.0,0.0,0.0,0.0,0.0,0.0,0.0,0.0,0.0,0.0,0.0,0.0,0.0,0.0,0.0,0.0,0.0,1.0,1.0,0.6666666666666666,0.0,1.0,0.7333333333333333,1.0,1.0,0.6666666666666666,1.0,1.0,0.9333333333333333,1.2629294579632875
nvbench2:test:300,300,qwen3:14b,direct,55,0.0,1.0,1,1,1.0,1.0,1.0,1.5479010000126436,2,2,multi_gold,line,0.0,0.0,0.0,0.0,0.0,0.0,0.0,0.0,0.0,0.0,0.0,0.0,0.0,0.0,0.0,0.0,0.0,0.0,0.0,0.0,0.0,0.0,0.0,0.0,0.0,0.0,1.0,0.8,0.8,1.0,1.0,0.9199999999999999,1.0,0.8,0.8,1.0,1.0,0.9199999999999999,0.5469979878027313
nvbench2:test:301,301,qwen3:14b,direct,55,0.0,1.0,1,0,1.0,0.0,0.0,1.4669693999458104,2,2,multi_gold,rect,0.0,0.0,0.0,0.0,0.0,0.0,0.0,0.0,0.0,0.0,0.0,0.0,0.0,0.0,0.0,0.0,0.0,0.0,0.0,0.0,0.0,0.0,0.0,0.0,0.0,0.0,1.0,1.0,0.6666666666666666,1.0,0.0,0.7333333333333333,1.0,1.0,0.6666666666666666,1.0,0.0,0.7333333333333333,0.40619517231497354
nvbench2:test:302,302,qwen3:14b,direct,55,0.0,1.0,5,5,1.0,1.0,1.0,4.02969049999956,2,2,multi_gold,line,0.0,0.0,0.0,0.0,0.0,0.0,0.0,0.0,0.0,0.0,0.0,0.0,0.0,0.0,0.0,0.0,0.0,0.0,0.0,0.0,0.0,0.0,0.0,0.0,0.0,0.0,1.0,1.0,1.0,1.0,1.0,1.0,1.0,1.0,1.0,1.0,1.0,1.0,1.516088587538104
nvbench2:test:303,303,qwen3:14b,direct,55,0.0,1.0,5,5,1.0,1.0,1.0,4.181142400018871,2,2,multi_gold,boxplot,0.0,0.0,0.0,0.0,0.0,0.0,0.0,0.0,0.0,0.0,0.0,0.0,0.0,0.0,0.0,0.0,0.0,0.0,0.0,0.0,0.0,0.0,0.0,0.0,0.0,0.0,1.0,1.0,1.0,1.0,1.0,1.0,1.0,1.0,1.0,1.0,1.0,1.0,1.53215598056771
nvbench2:test:304,304,qwen3:14b,direct,55,0.0,1.0,1,0,1.0,0.0,0.0,0.8114871000871062,2,2,multi_gold,arc,0.0,0.0,0.0,0.0,0.0,0.0,0.0,0.0,0.0,0.0,0.0,0.0,0.0,0.0,0.0,0.0,0.0,0.0,0.0,0.0,0.0,0.0,0.0,0.0,0.0,0.0,1.0,1.0,0.0,1.0,1.0,0.8,1.0,1.0,0.0,1.0,1.0,0.8,0.4544040753253556
nvbench2:test:305,305,qwen3:14b,direct,55,0.0,1.0,5,5,1.0,1.0,1.0,4.213757899939083,3,3,multi_gold,line,0.0,0.0,0.0,0.0,0.0,0.0,0.0,0.0,0.0,0.0,0.0,0.0,0.0,0.0,0.0,0.0,0.0,0.0,0.0,0.0,0.0,0.0,0.0,0.0,0.0,0.0,1.0,1.0,1.0,1.0,1.0,1.0,1.0,1.0,1.0,1.0,1.0,1.0,1.082622022400009
nvbench2:test:306,306,qwen3:14b,direct,55,0.0,1.0,5,5,1.0,1.0,1.0,4.114152599941008,3,3,multi_gold,line,0.0,0.0,0.0,0.0,0.0,0.0,0.0,0.0,0.0,0.0,0.0,0.0,0.0,0.0,0.0,0.0,0.0,0.0,0.0,0.0,0.0,0.0,0.0,0.0,0.0,0.0,1.0,1.0,0.0,1.0,1.0,0.8,1.0,1.0,0.0,1.0,1.0,0.8,0.9186111569886475
nvbench2:test:307,307,qwen3:14b,direct,55,0.0,1.0,5,5,1.0,1.0,1.0,4.152941800071858,4,4,multi_gold,point,0.0,0.0,0.0,0.0,0.0,0.0,0.0,0.0,0.0,0.0,0.0,0.0,0.0,0.0,0.0,0.0,0.0,0.0,0.0,0.0,0.0,0.0,0.0,0.0,0.0,0.0,0.0,0.8,0.4,0.0,1.0,0.44000000000000006,0.0,0.8,0.4,0.0,1.0,0.44000000000000006,0.4104585768372027
nvbench2:test:308,308,qwen3:14b,direct,55,0.0,1.0,5,0,1.0,0.0,0.0,3.7711423001019284,4,4,multi_gold,boxplot,0.0,0.0,0.0,0.0,0.0,0.0,0.0,0.0,0.0,0.0,0.0,0.0,0.0,0.0,0.0,0.0,0.0,0.0,0.0,0.0,0.0,0.0,0.0,0.0,0.0,0.0,1.0,1.0,1.0,0.0,1.0,0.8,1.0,1.0,1.0,0.0,1.0,0.8,0.8354136019691203
nvbench2:test:309,309,qwen3:14b,direct,55,0.0,1.0,5,5,1.0,1.0,1.0,7.979625300038606,4,4,multi_gold,line,0.0,0.0,0.0,0.0,0.0,0.0,0.0,0.0,0.0,0.0,0.0,0.0,0.0,0.0,0.0,0.0,0.0,0.0,0.0,0.0,0.0,0.0,0.0,0.0,0.0,0.0,1.0,1.0,1.0,1.0,0.0,0.8,1.0,1.0,1.0,1.0,0.0,0.8,0.7643341507382262
nvbench2:test:310,310,qwen3:14b,direct,55,0.0,1.0,5,4,1.0,1.0,0.0,4.253144099959172,4,4,multi_gold,boxplot,0.0,0.0,0.0,0.0,0.0,0.0,0.0,0.0,0.0,0.0,0.0,0.0,0.0,0.0,0.0,0.0,0.0,0.0,0.0,0.0,0.0,0.0,0.0,0.0,0.0,0.0,0.0,1.0,0.0,0.0,1.0,0.4,1.0,0.6666666666666666,0.0,0.0,1.0,0.5333333333333333,0.37816725421198655
nvbench2:test:311,311,qwen3:14b,direct,55,0.0,1.0,1,0,1.0,0.0,0.0,0.8644961999962106,2,2,multi_gold,arc,0.0,0.0,0.0,0.0,0.0,0.0,0.0,0.0,0.0,0.0,0.0,0.0,0.0,0.0,0.0,0.0,0.0,0.0,0.0,0.0,0.0,0.0,0.0,0.0,0.0,0.0,1.0,1.0,0.5,0.0,1.0,0.7,1.0,1.0,0.5,0.0,1.0,0.7,0.38291336052022606
nvbench2:test:312,312,qwen3:14b,direct,55,0.0,1.0,5,0,1.0,0.0,0.0,3.958956600050442,2,2,multi_gold,line,0.0,0.0,0.0,0.0,0.0,0.0,0.0,0.0,0.0,0.0,0.0,0.0,0.0,0.0,0.0,0.0,0.0,0.0,0.0,0.0,0.0,0.0,0.0,0.0,0.0,0.0,1.0,1.0,1.0,0.0,1.0,0.8,1.0,1.0,1.0,0.0,1.0,0.8,1.0524518971553638
nvbench2:test:313,313,qwen3:14b,direct,55,0.0,1.0,5,5,1.0,1.0,1.0,3.657658699899912,2,2,multi_gold,arc,0.0,0.0,0.0,0.0,0.0,0.0,0.0,0.0,0.0,0.0,0.0,0.0,0.0,0.0,0.0,0.0,0.0,0.0,0.0,0.0,0.0,0.0,0.0,0.0,0.0,0.0,1.0,1.0,0.0,0.0,0.0,0.4,1.0,1.0,0.5,0.0,0.0,0.5,0.6367201109715961
nvbench2:test:314,314,qwen3:14b,direct,55,0.0,1.0,3,3,1.0,1.0,1.0,2.6078000999987125,2,2,multi_gold,line,0.0,0.0,0.0,0.0,0.0,0.0,0.0,0.0,0.0,0.0,0.0,0.0,0.0,0.0,0.0,0.0,0.0,0.0,0.0,0.0,0.0,0.0,0.0,0.0,0.0,0.0,1.0,1.0,1.0,0.5,1.0,0.9,1.0,1.0,1.0,0.5,1.0,0.9,0.9640740387236019
nvbench2:test:315,315,qwen3:14b,direct,55,0.0,1.0,1,0,1.0,0.0,0.0,0.8638077999930829,2,2,multi_gold,arc,0.0,0.0,0.0,0.0,0.0,0.0,0.0,0.0,0.0,0.0,0.0,0.0,0.0,0.0,0.0,0.0,0.0,0.0,0.0,0.0,0.0,0.0,0.0,0.0,0.0,0.0,1.0,1.0,0.5,0.0,1.0,0.7,1.0,1.0,0.5,0.0,1.0,0.7,0.38291336052022606
nvbench2:test:316,316,qwen3:14b,direct,55,0.0,1.0,5,5,1.0,1.0,1.0,3.693587699905038,2,2,multi_gold,point,0.0,0.0,0.0,0.0,0.0,0.0,0.0,0.0,0.0,0.0,0.0,0.0,0.0,0.0,0.0,0.0,0.0,0.0,0.0,0.0,0.0,0.0,0.0,0.0,0.0,0.0,1.0,0.6666666666666666,0.0,0.0,1.0,0.5333333333333333,1.0,0.6666666666666666,0.3333333333333333,0.0,1.0,0.6,0.8266657217247442
nvbench2:test:317,317,qwen3:14b,direct,55,0.0,1.0,5,0,1.0,0.0,0.0,3.103653999976814,2,2,multi_gold,arc,0.0,0.0,0.0,0.0,0.0,0.0,0.0,0.0,0.0,0.0,0.0,0.0,0.0,0.0,0.0,0.0,0.0,0.0,0.0,0.0,0.0,0.0,0.0,0.0,0.0,0.0,1.0,1.0,0.5,0.0,1.0,0.7,1.0,1.0,0.5,0.0,1.0,0.7,1.0248402584642233
nvbench2:test:318,318,qwen3:14b,direct,55,0.0,1.0,5,5,1.0,1.0,1.0,7.915834799990989,4,4,multi_gold,boxplot,0.0,0.0,0.0,0.0,0.0,0.0,0.0,0.0,0.0,0.0,0.0,0.0,0.0,0.0,0.0,0.0,0.0,0.0,0.0,0.0,0.0,0.0,0.0,0.0,0.0,0.0,1.0,1.0,1.0,0.0,0.0,0.6,1.0,1.0,1.0,0.0,0.0,0.6,0.5765344354888311
nvbench2:test:319,319,qwen3:14b,direct,55,0.0,1.0,5,3,1.0,1.0,0.0,5.014732500072569,2,2,multi_gold,point,0.0,0.0,0.0,0.0,0.0,0.0,0.0,0.0,0.0,0.0,0.0,0.0,0.0,0.0,0.0,0.0,0.0,0.0,0.0,0.0,0.0,0.0,0.0,0.0,0.0,0.0,1.0,0.8571428571428571,0.0,0.0,0.0,0.37142857142857144,1.0,0.8571428571428571,0.28571428571428575,1.0,0.0,0.6285714285714286,0.5878996772832287
nvbench2:test:320,320,qwen3:14b,direct,55,0.0,1.0,3,3,1.0,1.0,1.0,2.681198799982667,3,3,multi_gold,rect,0.0,0.0,0.0,0.0,0.0,0.0,0.0,0.0,0.0,0.0,0.0,0.0,0.0,0.0,0.0,0.0,0.0,0.0,0.0,0.0,0.0,0.0,0.0,0.0,0.0,0.0,1.0,1.0,0.3333333333333333,0.0,0.0,0.4666666666666667,1.0,1.0,0.3333333333333333,0.0,0.0,0.4666666666666667,0.2752802456173722
nvbench2:test:321,321,qwen3:14b,direct,55,0.0,1.0,4,0,1.0,0.0,0.0,2.780812199926004,4,4,multi_gold,arc,0.0,0.0,0.0,0.0,0.0,0.0,0.0,0.0,0.0,0.0,0.0,0.0,0.0,0.0,0.0,0.0,0.0,0.0,0.0,0.0,0.0,0.0,0.0,0.0,0.0,0.0,1.0,1.0,0.5,1.0,1.0,0.9,1.0,1.0,0.5,1.0,1.0,0.9,0.8660659830736147
nvbench2:test:322,322,qwen3:14b,direct,55,0.0,1.0,4,0,1.0,0.0,0.0,2.7973935999907553,4,4,multi_gold,arc,0.0,0.0,0.0,0.0,0.0,0.0,0.0,0.0,0.0,0.0,0.0,0.0,0.0,0.0,0.0,0.0,0.0,0.0,0.0,0.0,0.0,0.0,0.0,0.0,0.0,0.0,1.0,1.0,0.5,1.0,1.0,0.9,1.0,1.0,0.5,1.0,1.0,0.9,0.8660659830736147
nvbench2:test:323,323,qwen3:14b,direct,55,0.0,1.0,5,0,1.0,0.0,0.0,3.330217600101605,4,4,multi_gold,arc,0.0,0.0,0.0,0.0,0.0,0.0,0.0,0.0,0.0,0.0,0.0,0.0,0.0,0.0,0.0,0.0,0.0,0.0,0.0,0.0,0.0,0.0,0.0,0.0,0.0,0.0,1.0,1.0,0.5,1.0,1.0,0.9,1.0,1.0,0.5,1.0,1.0,0.9,0.8885223518763696
nvbench2:test:324,324,qwen3:14b,direct,55,0.0,1.0,5,0,1.0,0.0,0.0,3.6710100000491366,4,4,multi_gold,arc,0.0,0.0,0.0,0.0,0.0,0.0,0.0,0.0,0.0,0.0,0.0,0.0,0.0,0.0,0.0,0.0,0.0,0.0,0.0,0.0,0.0,0.0,0.0,0.0,0.0,0.0,1.0,1.0,0.5,1.0,1.0,0.9,1.0,1.0,0.5,1.0,1.0,0.9,0.6278900947115738
nvbench2:test:325,325,qwen3:14b,direct,55,0.0,1.0,1,0,1.0,0.0,0.0,2.461890200036578,2,2,multi_gold,rect,0.0,0.0,0.0,0.0,0.0,0.0,0.0,0.0,0.0,0.0,0.0,0.0,0.0,0.0,0.0,0.0,0.0,0.0,0.0,0.0,0.0,0.0,0.0,0.0,0.0,0.0,1.0,1.0,0.6666666666666666,1.0,0.0,0.7333333333333333,1.0,1.0,0.6666666666666666,1.0,0.0,0.7333333333333333,0.40619517231497354
nvbench2:test:326,326,qwen3:14b,direct,55,0.0,1.0,1,0,1.0,0.0,0.0,2.7774348000530154,2,2,multi_gold,rect,0.0,0.0,0.0,0.0,0.0,0.0,0.0,0.0,0.0,0.0,0.0,0.0,0.0,0.0,0.0,0.0,0.0,0.0,0.0,0.0,0.0,0.0,0.0,0.0,0.0,0.0,1.0,1.0,0.3333333333333333,0.0,0.0,0.4666666666666667,1.0,1.0,0.3333333333333333,0.0,0.0,0.4666666666666667,0.23416881023321331
nvbench2:test:327,327,qwen3:14b,direct,55,0.0,1.0,5,0,1.0,0.0,0.0,11.11964769999031,2,2,multi_gold,arc,0.0,0.0,0.0,0.0,0.0,0.0,0.0,0.0,0.0,0.0,0.0,0.0,0.0,0.0,0.0,0.0,0.0,0.0,0.0,0.0,0.0,0.0,0.0,0.0,0.0,0.0,1.0,1.0,0.5,1.0,0.0,0.7,1.0,1.0,0.5,1.0,0.0,0.7,1.1032000711352523
nvbench2:test:328,328,qwen3:14b,direct,55,0.0,1.0,5,5,1.0,1.0,1.0,4.439402799936943,5,5,multi_gold,line,0.0,0.0,0.0,0.0,0.0,0.0,0.0,0.0,0.0,0.0,0.0,0.0,0.0,0.0,0.0,0.0,0.0,0.0,0.0,0.0,0.0,0.0,0.0,0.0,0.0,0.0,1.0,1.0,1.0,1.0,1.0,1.0,1.0,1.0,1.0,1.0,1.0,1.0,0.958619055014151
nvbench2:test:329,329,qwen3:14b,direct,55,0.0,1.0,5,0,1.0,0.0,0.0,4.143231899943203,5,5,multi_gold,bar,0.0,0.0,0.0,0.0,0.0,0.0,0.0,0.0,0.0,0.0,0.0,0.0,0.0,0.0,0.0,0.0,0.0,0.0,0.0,0.0,0.0,0.0,0.0,0.0,0.0,0.0,1.0,1.0,0.5,1.0,1.0,0.9,1.0,1.0,0.5,1.0,1.0,0.9,0.8287224643230922
nvbench2:test:330,330,qwen3:14b,direct,55,0.0,1.0,5,0,1.0,0.0,0.0,4.156652600038797,2,2,multi_gold,bar,0.0,0.0,0.0,0.0,0.0,0.0,0.0,0.0,0.0,0.0,0.0,0.0,0.0,0.0,0.0,0.0,0.0,0.0,0.0,0.0,0.0,0.0,0.0,0.0,0.0,0.0,1.0,0.8,0.0,1.0,0.0,0.5599999999999999,1.0,0.8,0.4,1.0,0.0,0.64,0.9356308015471033
nvbench2:test:331,331,qwen3:14b,direct,55,0.0,1.0,3,3,1.0,1.0,1.0,2.179256599978544,5,5,multi_gold,line,0.0,0.0,0.0,0.0,0.0,0.0,0.0,0.0,0.0,0.0,0.0,0.0,0.0,0.0,0.0,0.0,0.0,0.0,0.0,0.0,0.0,0.0,0.0,0.0,0.0,0.0,1.0,0.8,0.8,1.0,1.0,0.9199999999999999,1.0,1.0,1.0,1.0,1.0,1.0,0.6678412738164853
nvbench2:test:332,332,qwen3:14b,direct,55,0.0,1.0,1,1,1.0,1.0,1.0,1.339962000027299,2,2,multi_gold,rect,0.0,0.0,0.0,0.0,0.0,0.0,0.0,0.0,0.0,0.0,0.0,0.0,0.0,0.0,0.0,0.0,0.0,0.0,0.0,0.0,0.0,0.0,0.0,0.0,0.0,0.0,1.0,1.0,0.6666666666666666,1.0,1.0,0.9333333333333333,1.0,1.0,0.6666666666666666,1.0,1.0,0.9333333333333333,0.5577697051812209
nvbench2:test:333,333,qwen3:14b,direct,55,0.0,1.0,3,3,1.0,1.0,1.0,3.68884150008671,2,2,multi_gold,rect,0.0,0.0,0.0,0.0,0.0,0.0,0.0,0.0,0.0,0.0,0.0,0.0,0.0,0.0,0.0,0.0,0.0,0.0,0.0,0.0,0.0,0.0,0.0,0.0,0.0,0.0,1.0,1.0,1.0,1.0,1.0,1.0,1.0,1.0,1.0,1.0,1.0,1.0,1.2788848525906105
nvbench2:test:334,334,qwen3:14b,direct,55,0.0,1.0,5,0,1.0,0.0,0.0,5.099363500019535,4,4,multi_gold,rect,0.0,0.0,0.0,0.0,0.0,0.0,0.0,0.0,0.0,0.0,0.0,0.0,0.0,0.0,0.0,0.0,0.0,0.0,0.0,0.0,0.0,0.0,0.0,0.0,0.0,0.0,1.0,1.0,0.6666666666666666,0.6666666666666666,1.0,0.8666666666666666,1.0,1.0,0.6666666666666666,0.6666666666666666,1.0,0.8666666666666666,0.7988104582459475
nvbench2:test:335,335,qwen3:14b,direct,55,0.0,1.0,1,0,1.0,0.0,0.0,0.8637208000291139,4,4,multi_gold,arc,0.0,0.0,0.0,0.0,0.0,0.0,0.0,0.0,0.0,0.0,0.0,0.0,0.0,0.0,0.0,0.0,0.0,0.0,0.0,0.0,0.0,0.0,0.0,0.0,0.0,0.0,1.0,1.0,0.5,1.0,1.0,0.9,1.0,1.0,0.5,1.0,1.0,0.9,0.3380948817687364
nvbench2:test:336,336,qwen3:14b,direct,55,0.0,1.0,5,5,1.0,1.0,1.0,3.757300299941562,2,2,multi_gold,bar,0.0,0.0,0.0,0.0,0.0,0.0,0.0,0.0,0.0,0.0,0.0,0.0,0.0,0.0,0.0,0.0,0.0,0.0,0.0,0.0,0.0,0.0,0.0,0.0,0.0,0.0,1.0,0.8,0.8,1.0,1.0,0.9199999999999999,1.0,0.8,0.8,1.0,1.0,0.9199999999999999,1.5150743811784544
nvbench2:test:337,337,qwen3:14b,direct,55,0.0,1.0,5,0,1.0,0.0,0.0,5.286088700057007,4,4,multi_gold,rect,0.0,0.0,0.0,0.0,0.0,0.0,0.0,0.0,0.0,0.0,0.0,0.0,0.0,0.0,0.0,0.0,0.0,0.0,0.0,0.0,0.0,0.0,0.0,0.0,0.0,0.0,1.0,1.0,0.3333333333333333,0.0,0.0,0.4666666666666667,1.0,1.0,0.3333333333333333,0.0,0.0,0.4666666666666667,0.37546610126900837
nvbench2:test:338,338,qwen3:14b,direct,55,0.0,1.0,5,5,1.0,1.0,1.0,6.08847680001054,2,2,multi_gold,rect,0.0,0.0,0.0,0.0,0.0,0.0,0.0,0.0,0.0,0.0,0.0,0.0,0.0,0.0,0.0,0.0,0.0,0.0,0.0,0.0,0.0,0.0,0.0,0.0,0.0,0.0,1.0,1.0,0.3333333333333333,0.0,1.0,0.6666666666666667,1.0,1.0,0.3333333333333333,0.0,1.0,0.6666666666666667,1.012218869038474
nvbench2:test:339,339,qwen3:14b,direct,55,0.0,1.0,5,0,1.0,0.0,0.0,16.23408120009117,2,2,multi_gold,rect,0.0,0.0,0.0,0.0,0.0,0.0,0.0,0.0,0.0,0.0,0.0,0.0,0.0,0.0,0.0,0.0,0.0,0.0,0.0,0.0,0.0,0.0,0.0,0.0,0.0,0.0,1.0,0.8571428571428571,0.28571428571428575,0.0,0.0,0.42857142857142855,1.0,0.8571428571428571,0.28571428571428575,0.0,0.0,0.42857142857142855,0.6253320076819141
nvbench2:test:340,340,qwen3:14b,direct,55,0.0,1.0,5,0,1.0,0.0,0.0,9.554675600025803,2,2,multi_gold,arc,0.0,0.0,0.0,0.0,0.0,0.0,0.0,0.0,0.0,0.0,0.0,0.0,0.0,0.0,0.0,0.0,0.0,0.0,0.0,0.0,0.0,0.0,0.0,0.0,0.0,0.0,1.0,1.0,0.5,1.0,0.0,0.7,1.0,1.0,0.5,1.0,0.0,0.7,0.4138851548728694
nvbench2:test:341,341,qwen3:14b,direct,55,0.0,1.0,1,1,1.0,1.0,1.0,1.528582000057213,5,5,multi_gold,rect,0.0,0.0,0.0,0.0,0.0,0.0,0.0,0.0,0.0,0.0,0.0,0.0,0.0,0.0,0.0,0.0,0.0,0.0,0.0,0.0,0.0,0.0,0.0,0.0,0.0,0.0,1.0,1.0,0.3333333333333333,0.0,1.0,0.6666666666666667,1.0,1.0,0.3333333333333333,0.0,1.0,0.6666666666666667,0.19922306136347262
nvbench2:test:342,342,qwen3:14b,direct,55,0.0,1.0,5,5,1.0,1.0,1.0,4.1715821999823675,4,4,multi_gold,bar+line,0.0,0.0,0.0,0.0,0.0,0.0,0.0,0.0,0.0,0.0,0.0,0.0,0.0,0.0,0.0,0.0,0.0,0.0,0.0,0.0,0.0,0.0,0.0,0.0,0.0,0.0,1.0,0.8,0.8,1.0,1.0,0.9199999999999999,1.0,0.8,0.8,1.0,1.0,0.9199999999999999,0.9341350968153597
nvbench2:test:343,343,qwen3:14b,direct,55,0.0,1.0,1,0,1.0,0.0,0.0,12.224660900072195,3,3,multi_gold,arc,0.0,0.0,0.0,0.0,0.0,0.0,0.0,0.0,0.0,0.0,0.0,0.0,0.0,0.0,0.0,0.0,0.0,0.0,0.0,0.0,0.0,0.0,0.0,0.0,0.0,0.0,1.0,0.8,0.0,1.0,0.0,0.5599999999999999,1.0,0.8,0.0,1.0,0.0,0.5599999999999999,0.2225644540821778
nvbench2:test:344,344,qwen3:14b,direct,55,0.0,1.0,1,1,1.0,1.0,1.0,2.111776200006716,5,5,multi_gold,rect,0.0,0.0,0.0,0.0,0.0,0.0,0.0,0.0,0.0,0.0,0.0,0.0,0.0,0.0,0.0,0.0,0.0,0.0,0.0,0.0,0.0,0.0,0.0,0.0,0.0,0.0,1.0,1.0,0.3333333333333333,0.0,0.0,0.4666666666666667,1.0,1.0,0.3333333333333333,0.0,0.0,0.4666666666666667,0.12952965076650882
nvbench2:test:345,345,qwen3:14b,direct,55,0.0,1.0,5,5,1.0,1.0,1.0,4.037847499945201,3,3,multi_gold,arc,0.0,0.0,0.0,0.0,0.0,0.0,0.0,0.0,0.0,0.0,0.0,0.0,0.0,0.0,0.0,0.0,0.0,0.0,0.0,0.0,0.0,0.0,0.0,0.0,0.0,0.0,1.0,1.0,0.5,1.0,0.0,0.7,1.0,1.0,0.5,1.0,0.0,0.7,0.3167714057736337
nvbench2:test:346,346,qwen3:14b,direct,55,0.0,1.0,5,5,1.0,1.0,1.0,4.446363499970175,4,4,multi_gold,boxplot,0.0,0.0,0.0,0.0,0.0,0.0,0.0,0.0,0.0,0.0,0.0,0.0,0.0,0.0,0.0,0.0,0.0,0.0,0.0,0.0,0.0,0.0,0.0,0.0,0.0,0.0,1.0,1.0,1.0,1.0,1.0,1.0,1.0,1.0,1.0,1.0,1.0,1.0,1.077883318988155
nvbench2:test:347,347,qwen3:14b,direct,55,0.0,1.0,5,5,1.0,1.0,1.0,4.220402399892919,4,4,multi_gold,bar+line,0.0,0.0,0.0,0.0,0.0,0.0,0.0,0.0,0.0,0.0,0.0,0.0,0.0,0.0,0.0,0.0,0.0,0.0,0.0,0.0,0.0,0.0,0.0,0.0,0.0,0.0,1.0,0.8,0.8,1.0,1.0,0.9199999999999999,1.0,0.8,0.8,1.0,1.0,0.9199999999999999,0.9287503523670715
nvbench2:test:348,348,qwen3:14b,direct,55,0.0,1.0,5,5,1.0,1.0,1.0,4.211220000055619,2,2,multi_gold,boxplot,0.0,0.0,0.0,0.0,0.0,0.0,0.0,0.0,0.0,0.0,0.0,0.0,0.0,0.0,0.0,0.0,0.0,0.0,0.0,0.0,0.0,0.0,0.0,0.0,0.0,0.0,1.0,1.0,1.0,1.0,1.0,1.0,1.0,1.0,1.0,1.0,1.0,1.0,1.6996422516022103
nvbench2:test:349,349,qwen3:14b,direct,55,0.0,1.0,5,5,1.0,1.0,1.0,3.467391299898736,4,4,multi_gold,arc,0.0,0.0,0.0,0.0,0.0,0.0,0.0,0.0,0.0,0.0,0.0,0.0,0.0,0.0,0.0,0.0,0.0,0.0,0.0,0.0,0.0,0.0,0.0,0.0,0.0,0.0,1.0,1.0,1.0,0.0,1.0,0.8,1.0,1.0,1.0,0.0,1.0,0.8,0.8354136019691203
nvbench2:test:350,350,qwen3:14b,direct,55,0.0,1.0,5,0,1.0,0.0,0.0,3.4552711999276653,3,3,multi_gold,arc,0.0,0.0,0.0,0.0,0.0,0.0,0.0,0.0,0.0,0.0,0.0,0.0,0.0,0.0,0.0,0.0,0.0,0.0,0.0,0.0,0.0,0.0,0.0,0.0,0.0,0.0,1.0,1.0,0.5,1.0,1.0,0.9,1.0,1.0,0.5,1.0,1.0,0.9,1.0840672843965744
nvbench2:test:351,351,qwen3:14b,direct,55,0.0,1.0,5,5,1.0,1.0,1.0,4.159841299988329,2,2,multi_gold,boxplot,0.0,0.0,0.0,0.0,0.0,0.0,0.0,0.0,0.0,0.0,0.0,0.0,0.0,0.0,0.0,0.0,0.0,0.0,0.0,0.0,0.0,0.0,0.0,0.0,0.0,0.0,1.0,1.0,1.0,1.0,1.0,1.0,1.0,1.0,1.0,1.0,1.0,1.0,1.6996422516022103
nvbench2:test:352,352,qwen3:14b,direct,55,0.0,1.0,4,4,1.0,1.0,1.0,6.206857800018042,2,2,multi_gold,point,0.0,0.0,0.0,0.0,0.0,0.0,0.0,0.0,0.0,0.0,0.0,0.0,0.0,0.0,0.0,0.0,0.0,0.0,0.0,0.0,0.0,0.0,0.0,0.0,0.0,0.0,0.0,1.0,0.6666666666666666,0.0,0.0,0.3333333333333333,1.0,1.0,0.0,0.0,0.0,0.4,0.39882694988069456
nvbench2:test:353,353,qwen3:14b,direct,55,0.0,1.0,5,5,1.0,1.0,1.0,4.480253000045195,4,4,multi_gold,boxplot,0.0,0.0,0.0,0.0,0.0,0.0,0.0,0.0,0.0,0.0,0.0,0.0,0.0,0.0,0.0,0.0,0.0,0.0,0.0,0.0,0.0,0.0,0.0,0.0,0.0,0.0,1.0,1.0,1.0,1.0,1.0,1.0,1.0,1.0,1.0,1.0,1.0,1.0,1.1119208092061577
nvbench2:test:354,354,qwen3:14b,direct,55,0.0,1.0,5,0,1.0,0.0,0.0,4.1714871999574825,2,2,multi_gold,bar,0.0,0.0,0.0,0.0,0.0,0.0,0.0,0.0,0.0,0.0,0.0,0.0,0.0,0.0,0.0,0.0,0.0,0.0,0.0,0.0,0.0,0.0,0.0,0.0,0.0,0.0,1.0,0.8,0.4,0.0,1.0,0.64,1.0,0.8,0.4,1.0,1.0,0.8400000000000001,1.1265428938522846
nvbench2:test:355,355,qwen3:14b,direct,55,0.0,1.0,4,4,1.0,1.0,1.0,6.716027699992992,4,4,multi_gold,rect,0.0,0.0,0.0,0.0,0.0,0.0,0.0,0.0,0.0,0.0,0.0,0.0,0.0,0.0,0.0,0.0,0.0,0.0,0.0,0.0,0.0,0.0,0.0,0.0,0.0,0.0,1.0,1.0,0.3333333333333333,1.0,0.0,0.6666666666666667,1.0,1.0,0.3333333333333333,1.0,0.0,0.6666666666666667,0.5874010519681996
nvbench2:test:356,356,qwen3:14b,direct,55,0.0,1.0,5,5,1.0,1.0,1.0,3.9777456000447273,2,2,multi_gold,bar+line,0.0,0.0,0.0,0.0,0.0,0.0,0.0,0.0,0.0,0.0,0.0,0.0,0.0,0.0,0.0,0.0,0.0,0.0,0.0,0.0,0.0,0.0,0.0,0.0,0.0,0.0,1.0,0.8,0.4,1.0,1.0,0.8400000000000001,1.0,0.8,0.8,1.0,1.0,0.9199999999999999,1.3928654768592896
nvbench2:test:357,357,qwen3:14b,direct,55,0.0,1.0,5,5,1.0,1.0,1.0,5.633425000007264,4,4,multi_gold,rect,0.0,0.0,0.0,0.0,0.0,0.0,0.0,0.0,0.0,0.0,0.0,0.0,0.0,0.0,0.0,0.0,0.0,0.0,0.0,0.0,0.0,0.0,0.0,0.0,0.0,0.0,1.0,1.0,1.0,0.6666666666666666,0.0,0.7333333333333333,1.0,1.0,1.0,0.6666666666666666,0.0,0.7333333333333333,0.5992378785533432
nvbench2:test:358,358,qwen3:14b,direct,55,0.0,1.0,5,4,1.0,1.0,0.0,3.572258700034581,5,5,multi_gold,arc,1.0,1.0,0.2,1.0,0.33333333333333337,1.0,0.2,0.3333333333333333,0.25,1.0,0.2,0.2,0.20000000000000004,1.0,1.0,0.2,1.0,0.33333333333333337,1.0,0.2,0.3333333333333333,0.25,1.0,0.2,0.25,0.22222222222222224,1.0,1.0,1.0,1.0,1.0,1.0,1.0,1.0,1.0,1.0,1.0,1.0,0.9004346105336679
nvbench2:test:359,359,qwen3:14b,direct,55,0.0,1.0,5,4,1.0,1.0,0.0,4.81463509995956,4,4,multi_gold,boxplot,0.0,0.0,0.0,0.0,0.0,0.0,0.0,0.0,0.0,0.0,0.0,0.0,0.0,0.0,0.0,0.0,0.0,0.0,0.0,0.0,0.0,0.0,0.0,0.0,0.0,0.0,1.0,1.0,1.0,1.0,1.0,1.0,1.0,1.0,1.0,1.0,1.0,1.0,0.9540908909422228
nvbench2:test:360,360,qwen3:14b,direct,55,0.0,1.0,5,5,1.0,1.0,1.0,4.01442959997803,4,4,multi_gold,bar,0.0,0.0,0.0,0.0,0.0,0.0,0.0,0.0,0.0,0.0,0.0,0.0,0.0,0.0,0.0,0.0,0.0,0.0,0.0,0.0,0.0,0.0,0.0,0.0,0.0,0.0,0.0,1.0,0.3333333333333333,1.0,0.0,0.4666666666666667,1.0,0.8,0.8,1.0,0.0,0.72,0.5044038950110135
nvbench2:test:361,361,qwen3:14b,direct,55,0.0,1.0,1,0,1.0,0.0,0.0,0.8647301000310108,2,2,multi_gold,arc,0.0,0.0,0.0,0.0,0.0,0.0,0.0,0.0,0.0,0.0,0.0,0.0,0.0,0.0,0.0,0.0,0.0,0.0,0.0,0.0,0.0,0.0,0.0,0.0,0.0,0.0,1.0,1.0,0.5,1.0,1.0,0.9,1.0,1.0,0.5,1.0,1.0,0.9,0.5310259262712439
nvbench2:test:362,362,qwen3:14b,direct,55,0.0,1.0,5,5,1.0,1.0,1.0,4.67518789996393,2,2,multi_gold,point,0.0,0.0,0.0,0.0,0.0,0.0,0.0,0.0,0.0,0.0,0.0,0.0,0.0,0.0,0.0,0.0,0.0,0.0,0.0,0.0,0.0,0.0,0.0,0.0,0.0,0.0,0.0,0.8,0.4,0.0,1.0,0.44000000000000006,0.0,0.8571428571428571,0.5714285714285715,0.0,1.0,0.48571428571428577,0.6105959059269614
nvbench2:test:363,363,qwen3:14b,direct,55,0.0,1.0,5,5,1.0,1.0,1.0,4.563314999919385,2,2,multi_gold,bar,0.0,0.0,0.0,0.0,0.0,0.0,0.0,0.0,0.0,0.0,0.0,0.0,0.0,0.0,0.0,0.0,0.0,0.0,0.0,0.0,0.0,0.0,0.0,0.0,0.0,0.0,1.0,1.0,0.0,0.0,1.0,0.6,1.0,1.0,0.0,0.6666666666666666,1.0,0.7333333333333333,1.1076648525603876
nvbench2:test:364,364,qwen3:14b,direct,55,0.0,1.0,5,5,1.0,1.0,1.0,4.054830299923196,5,5,multi_gold,boxplot,0.0,0.0,0.0,0.0,0.0,0.0,0.0,0.0,0.0,0.0,0.0,0.0,0.0,0.0,0.0,0.0,0.0,0.0,0.0,0.0,0.0,0.0,0.0,0.0,0.0,0.0,1.0,1.0,1.0,1.0,1.0,1.0,1.0,1.0,1.0,1.0,1.0,1.0,1.0
nvbench2:test:365,365,qwen3:14b,direct,55,0.0,1.0,1,0,1.0,0.0,0.0,2.5328385999891907,2,2,multi_gold,point,0.0,0.0,0.0,0.0,0.0,0.0,0.0,0.0,0.0,0.0,0.0,0.0,0.0,0.0,0.0,0.0,0.0,0.0,0.0,0.0,0.0,0.0,0.0,0.0,0.0,0.0,0.0,0.8,0.0,0.0,0.0,0.16,0.0,0.8,0.0,0.0,0.0,0.16,0.07191427945647642
nvbench2:test:366,366,qwen3:14b,direct,55,0.0,1.0,5,4,1.0,1.0,0.0,4.21232150006108,5,5,multi_gold,boxplot,0.0,0.0,0.0,0.0,0.0,0.0,0.0,0.0,0.0,0.0,0.0,0.0,0.0,0.0,0.0,0.0,0.0,0.0,0.0,0.0,0.0,0.0,0.0,0.0,0.0,0.0,1.0,1.0,1.0,1.0,1.0,1.0,1.0,1.0,1.0,1.0,1.0,1.0,0.8556500845038633
nvbench2:test:367,367,qwen3:14b,direct,55,0.0,1.0,5,4,1.0,1.0,0.0,3.247670999960974,2,2,multi_gold,line,0.0,0.0,0.0,0.0,0.0,0.0,0.0,0.0,0.0,0.0,0.0,0.0,0.0,0.0,0.0,0.0,0.0,0.0,0.0,0.0,0.0,0.0,0.0,0.0,0.0,0.0,1.0,1.0,0.0,0.6666666666666666,1.0,0.7333333333333333,1.0,1.0,0.0,1.0,1.0,0.8,1.0914147069810425
nvbench2:test:368,368,qwen3:14b,direct,55,0.0,1.0,5,4,1.0,1.0,0.0,3.6769194999942556,4,4,multi_gold,point,0.0,0.0,0.0,0.0,0.0,0.0,0.0,0.0,0.0,0.0,0.0,0.0,0.0,0.0,0.0,0.0,0.0,0.0,0.0,0.0,0.0,0.0,0.0,0.0,0.0,0.0,1.0,0.6666666666666666,0.3333333333333333,0.0,1.0,0.6,1.0,0.6666666666666666,0.3333333333333333,0.0,1.0,0.6,0.5935998854985528
nvbench2:test:369,369,qwen3:14b,direct,55,0.0,1.0,5,5,1.0,1.0,1.0,4.01407479995396,5,5,multi_gold,boxplot,0.0,0.0,0.0,0.0,0.0,0.0,0.0,0.0,0.0,0.0,0.0,0.0,0.0,0.0,0.0,0.0,0.0,0.0,0.0,0.0,0.0,0.0,0.0,0.0,0.0,0.0,1.0,1.0,1.0,1.0,1.0,1.0,1.0,1.0,1.0,1.0,1.0,1.0,1.0
nvbench2:test:370,370,qwen3:14b,direct,55,0.0,1.0,5,5,1.0,1.0,1.0,3.9396875000093132,5,5,multi_gold,boxplot,0.0,0.0,0.0,0.0,0.0,0.0,0.0,0.0,0.0,0.0,0.0,0.0,0.0,0.0,0.0,0.0,0.0,0.0,0.0,0.0,0.0,0.0,0.0,0.0,0.0,0.0,1.0,1.0,0.5,1.0,1.0,0.9,1.0,1.0,1.0,1.0,1.0,1.0,0.894726023076583
nvbench2:test:371,371,qwen3:14b,direct,55,0.0,1.0,5,5,1.0,1.0,1.0,4.248044600011781,2,2,multi_gold,point,0.0,0.0,0.0,0.0,0.0,0.0,0.0,0.0,0.0,0.0,0.0,0.0,0.0,0.0,0.0,0.0,0.0,0.0,0.0,0.0,0.0,0.0,0.0,0.0,0.0,0.0,0.0,0.8,0.4,0.0,1.0,0.44000000000000006,0.0,0.8571428571428571,0.5714285714285715,0.0,1.0,0.48571428571428577,0.6132842271898657
nvbench2:test:372,372,qwen3:14b,direct,55,0.0,1.0,5,4,1.0,1.0,0.0,3.7026383000193164,2,2,multi_gold,line,0.0,0.0,0.0,0.0,0.0,0.0,0.0,0.0,0.0,0.0,0.0,0.0,0.0,0.0,0.0,0.0,0.0,0.0,0.0,0.0,0.0,0.0,0.0,0.0,0.0,0.0,1.0,1.0,1.0,0.6666666666666666,1.0,0.9333333333333333,1.0,1.0,1.0,0.6666666666666666,1.0,0.9333333333333333,1.454467579454099
nvbench2:test:373,373,qwen3:14b,direct,55,0.0,1.0,5,0,1.0,0.0,0.0,3.4866785999620333,4,4,multi_gold,boxplot,0.0,0.0,0.0,0.0,0.0,0.0,0.0,0.0,0.0,0.0,0.0,0.0,0.0,0.0,0.0,0.0,0.0,0.0,0.0,0.0,0.0,0.0,0.0,0.0,0.0,0.0,1.0,0.5,0.5,0.0,1.0,0.6,1.0,0.6666666666666666,0.6666666666666666,0.0,1.0,0.6666666666666666,0.6056520214274357
nvbench2:test:374,374,qwen3:14b,direct,55,0.0,1.0,5,1,1.0,1.0,0.0,3.3199477000162005,3,3,multi_gold,arc,0.0,0.0,0.0,0.0,0.0,0.0,0.0,0.0,0.0,0.0,0.0,0.0,0.0,0.0,0.0,0.0,0.0,0.0,0.0,0.0,0.0,0.0,0.0,0.0,0.0,0.0,1.0,1.0,0.5,1.0,1.0,0.9,1.0,1.0,0.5,1.0,1.0,0.9,0.5696211435902709
nvbench2:test:375,375,qwen3:14b,direct,55,0.0,1.0,3,0,1.0,0.0,0.0,2.355177400051616,2,2,multi_gold,bar,0.0,0.0,0.0,0.0,0.0,0.0,0.0,0.0,0.0,0.0,0.0,0.0,0.0,0.0,0.0,0.0,0.0,0.0,0.0,0.0,0.0,0.0,0.0,0.0,0.0,0.0,1.0,0.8,0.4,1.0,1.0,0.8400000000000001,1.0,0.8,0.4,1.0,1.0,0.8400000000000001,1.0322586551674073
nvbench2:test:376,376,qwen3:14b,direct,55,0.0,1.0,1,0,1.0,0.0,0.0,1.37297889997717,4,4,multi_gold,rect,0.0,0.0,0.0,0.0,0.0,0.0,0.0,0.0,0.0,0.0,0.0,0.0,0.0,0.0,0.0,0.0,0.0,0.0,0.0,0.0,0.0,0.0,0.0,0.0,0.0,0.0,1.0,1.0,0.6666666666666666,1.0,0.0,0.7333333333333333,1.0,1.0,0.6666666666666666,1.0,0.0,0.7333333333333333,0.25861733291100014
nvbench2:test:377,377,qwen3:14b,direct,55,0.0,1.0,2,2,1.0,1.0,1.0,2.9823795000556856,4,4,multi_gold,rect,0.0,0.0,0.0,0.0,0.0,0.0,0.0,0.0,0.0,0.0,0.0,0.0,0.0,0.0,0.0,0.0,0.0,0.0,0.0,0.0,0.0,0.0,0.0,0.0,0.0,0.0,1.0,1.0,0.6666666666666666,1.0,0.0,0.7333333333333333,1.0,1.0,0.6666666666666666,1.0,0.0,0.7333333333333333,0.421786703033845
nvbench2:test:378,378,qwen3:14b,direct,55,0.0,1.0,1,0,1.0,0.0,0.0,0.8433371999999508,2,2,multi_gold,arc,0.0,0.0,0.0,0.0,0.0,0.0,0.0,0.0,0.0,0.0,0.0,0.0,0.0,0.0,0.0,0.0,0.0,0.0,0.0,0.0,0.0,0.0,0.0,0.0,0.0,0.0,1.0,1.0,0.5,1.0,1.0,0.9,1.0,1.0,0.5,1.0,1.0,0.9,0.5310259262712439
nvbench2:test:379,379,qwen3:14b,direct,55,0.0,1.0,5,5,1.0,1.0,1.0,3.8056258000433445,4,4,multi_gold,bar+line,0.0,0.0,0.0,0.0,0.0,0.0,0.0,0.0,0.0,0.0,0.0,0.0,0.0,0.0,0.0,0.0,0.0,0.0,0.0,0.0,0.0,0.0,0.0,0.0,0.0,0.0,1.0,0.8,0.8,1.0,1.0,0.9199999999999999,1.0,0.8,0.8,1.0,1.0,0.9199999999999999,0.9621385116398946
nvbench2:test:380,380,qwen3:14b,direct,55,0.0,1.0,1,1,1.0,1.0,1.0,1.6126114000799134,2,2,multi_gold,arc,0.0,0.0,0.0,0.0,0.0,0.0,0.0,0.0,0.0,0.0,0.0,0.0,0.0,0.0,0.0,0.0,0.0,0.0,0.0,0.0,0.0,0.0,0.0,0.0,0.0,0.0,1.0,1.0,0.5,0.0,0.0,0.5,1.0,1.0,0.5,0.0,0.0,0.5,0.2539738829744434
nvbench2:test:381,381,qwen3:14b,direct,55,0.0,1.0,1,1,1.0,1.0,1.0,1.1588080000365153,3,3,multi_gold,line,0.0,0.0,0.0,0.0,0.0,0.0,0.0,0.0,0.0,0.0,0.0,0.0,0.0,0.0,0.0,0.0,0.0,0.0,0.0,0.0,0.0,0.0,0.0,0.0,0.0,0.0,1.0,0.8,0.4,0.0,1.0,0.64,1.0,0.8,0.4,0.0,1.0,0.64,0.2620119965875154
nvbench2:test:382,382,qwen3:14b,direct,55,0.0,1.0,2,0,1.0,0.0,0.0,1.7628478000406176,3,3,multi_gold,bar,0.0,0.0,0.0,0.0,0.0,0.0,0.0,0.0,0.0,0.0,0.0,0.0,0.0,0.0,0.0,0.0,0.0,0.0,0.0,0.0,0.0,0.0,0.0,0.0,0.0,0.0,1.0,1.0,0.5,1.0,1.0,0.9,1.0,1.0,0.5,1.0,1.0,0.9,0.6403458969479932
nvbench2:test:383,383,qwen3:14b,direct,55,0.0,1.0,2,0,1.0,0.0,0.0,1.5743667000206187,2,2,multi_gold,arc,0.0,0.0,0.0,0.0,0.0,0.0,0.0,0.0,0.0,0.0,0.0,0.0,0.0,0.0,0.0,0.0,0.0,0.0,0.0,0.0,0.0,0.0,0.0,0.0,0.0,0.0,1.0,1.0,0.5,1.0,1.0,0.9,1.0,1.0,0.5,1.0,1.0,0.9,0.8660659830736148
nvbench2:test:384,384,qwen3:14b,direct,55,0.0,1.0,5,5,1.0,1.0,1.0,4.7121314000105485,3,3,multi_gold,arc,0.0,0.0,0.0,0.0,0.0,0.0,0.0,0.0,0.0,0.0,0.0,0.0,0.0,0.0,0.0,0.0,0.0,0.0,0.0,0.0,0.0,0.0,0.0,0.0,0.0,0.0,1.0,0.8,0.4,0.0,1.0,0.64,1.0,0.8,0.4,0.0,1.0,0.64,0.5437203237771111
nvbench2:test:385,385,qwen3:14b,direct,55,0.0,1.0,1,0,1.0,0.0,0.0,0.8613564999541268,3,3,multi_gold,arc,0.0,0.0,0.0,0.0,0.0,0.0,0.0,0.0,0.0,0.0,0.0,0.0,0.0,0.0,0.0,0.0,0.0,0.0,0.0,0.0,0.0,0.0,0.0,0.0,0.0,0.0,1.0,1.0,0.5,1.0,1.0,0.9,1.0,1.0,0.5,1.0,1.0,0.9,0.40642634118843207
nvbench2:test:386,386,qwen3:14b,direct,55,0.0,1.0,5,0,1.0,0.0,0.0,5.756469700019807,3,3,multi_gold,arc,0.0,0.0,0.0,0.0,0.0,0.0,0.0,0.0,0.0,0.0,0.0,0.0,0.0,0.0,0.0,0.0,0.0,0.0,0.0,0.0,0.0,0.0,0.0,0.0,0.0,0.0,0.0,0.4,0.4,0.0,1.0,0.36,0.0,0.4,0.4,0.0,1.0,0.36,0.39216199914395655
nvbench2:test:387,387,qwen3:14b,direct,55,0.0,1.0,5,2,1.0,1.0,0.0,4.280127800069749,3,3,multi_gold,arc,0.0,0.0,0.0,0.0,0.0,0.0,0.0,0.0,0.0,0.0,0.0,0.0,0.0,0.0,0.0,0.0,0.0,0.0,0.0,0.0,0.0,0.0,0.0,0.0,0.0,0.0,1.0,1.0,0.5,0.0,1.0,0.7,1.0,1.0,0.5,0.0,1.0,0.7,0.537699643216676
nvbench2:test:388,388,qwen3:14b,direct,55,0.0,1.0,5,5,1.0,1.0,1.0,4.178073300048709,5,5,multi_gold,bar+line+rect,0.0,0.0,0.0,0.0,0.0,0.0,0.0,0.0,0.0,0.0,0.0,0.0,0.0,0.0,0.0,0.0,0.0,0.0,0.0,0.0,0.0,0.0,0.0,0.0,0.0,0.0,0.0,0.8,0.8,0.0,1.0,0.52,1.0,0.8,0.8,1.0,1.0,0.9199999999999999,0.6275215904128327
nvbench2:test:389,389,qwen3:14b,direct,55,0.0,1.0,4,0,1.0,0.0,0.0,4.737838000059128,5,5,multi_gold,bar+line+rect,0.0,0.0,0.0,0.0,0.0,0.0,0.0,0.0,0.0,0.0,0.0,0.0,0.0,0.0,0.0,0.0,0.0,0.0,0.0,0.0,0.0,0.0,0.0,0.0,0.0,0.0,1.0,0.8,0.4,1.0,1.0,0.8400000000000001,1.0,1.0,0.6666666666666666,1.0,1.0,0.9333333333333333,0.6728318378173708
nvbench2:test:390,390,qwen3:14b,direct,55,0.0,1.0,5,4,1.0,1.0,0.0,6.288612600066699,2,2,multi_gold,bar,0.0,0.0,0.0,0.0,0.0,0.0,0.0,0.0,0.0,0.0,0.0,0.0,0.0,0.0,0.0,0.0,0.0,0.0,0.0,0.0,0.0,0.0,0.0,0.0,0.0,0.0,1.0,0.8,0.8,1.0,0.0,0.72,1.0,1.0,1.0,1.0,0.0,0.8,1.2013023018815847
nvbench2:test:391,391,qwen3:14b,direct,55,0.0,1.0,5,5,1.0,1.0,1.0,4.165177299990319,5,5,multi_gold,arc,0.0,0.0,0.0,0.0,0.0,0.0,0.0,0.0,0.0,0.0,0.0,0.0,0.0,0.0,0.0,0.0,0.0,0.0,0.0,0.0,0.0,0.0,0.0,0.0,0.0,0.0,1.0,1.0,0.5,0.0,1.0,0.7,1.0,1.0,0.5,0.0,1.0,0.7,0.32975239390406985
nvbench2:test:392,392,qwen3:14b,direct,55,0.0,1.0,5,0,1.0,0.0,0.0,3.991392600000836,4,4,multi_gold,rect,0.0,0.0,0.0,0.0,0.0,0.0,0.0,0.0,0.0,0.0,0.0,0.0,0.0,0.0,0.0,0.0,0.0,0.0,0.0,0.0,0.0,0.0,0.0,0.0,0.0,0.0,0.0,0.8,0.4,0.0,1.0,0.44000000000000006,0.0,0.8,0.4,0.0,1.0,0.44000000000000006,0.3781508551939088
nvbench2:test:393,393,qwen3:14b,direct,55,0.0,1.0,5,0,1.0,0.0,0.0,3.99218679999467,2,2,multi_gold,rect,0.0,0.0,0.0,0.0,0.0,0.0,0.0,0.0,0.0,0.0,0.0,0.0,0.0,0.0,0.0,0.0,0.0,0.0,0.0,0.0,0.0,0.0,0.0,0.0,0.0,0.0,0.0,0.8,0.0,0.0,1.0,0.36,0.0,0.8,0.4,0.0,1.0,0.44000000000000006,0.5297462697788754
nvbench2:test:394,394,qwen3:14b,direct,55,0.0,1.0,5,0,1.0,0.0,0.0,4.016151600051671,5,5,multi_gold,arc,0.0,0.0,0.0,0.0,0.0,0.0,0.0,0.0,0.0,0.0,0.0,0.0,0.0,0.0,0.0,0.0,0.0,0.0,0.0,0.0,0.0,0.0,0.0,0.0,0.0,0.0,0.0,0.0,0.0,0.0,1.0,0.2,0.0,0.0,0.0,0.0,1.0,0.2,0.1486983549970351
nvbench2:test:395,395,qwen3:14b,direct,55,0.0,1.0,5,0,1.0,0.0,0.0,5.548499299911782,2,2,multi_gold,rect,0.0,0.0,0.0,0.0,0.0,0.0,0.0,0.0,0.0,0.0,0.0,0.0,0.0,0.0,0.0,0.0,0.0,0.0,0.0,0.0,0.0,0.0,0.0,0.0,0.0,0.0,0.0,1.0,0.3333333333333333,0.0,1.0,0.4666666666666667,1.0,1.0,0.6666666666666666,1.0,1.0,0.9333333333333333,0.8132937578863701
nvbench2:test:396,396,qwen3:14b,direct,55,0.0,1.0,5,3,1.0,1.0,0.0,5.720000999979675,2,2,multi_gold,rect,0.0,0.0,0.0,0.0,0.0,0.0,0.0,0.0,0.0,0.0,0.0,0.0,0.0,0.0,0.0,0.0,0.0,0.0,0.0,0.0,0.0,0.0,0.0,0.0,0.0,0.0,1.0,1.0,0.3333333333333333,0.0,0.0,0.4666666666666667,1.0,1.0,0.3333333333333333,0.0,0.0,0.4666666666666667,0.5459245097422227
nvbench2:test:397,397,qwen3:14b,direct,55,0.0,1.0,5,1,1.0,1.0,0.0,5.412593599990942,4,4,multi_gold,rect,0.0,0.0,0.0,0.0,0.0,0.0,0.0,0.0,0.0,0.0,0.0,0.0,0.0,0.0,0.0,0.0,0.0,0.0,0.0,0.0,0.0,0.0,0.0,0.0,0.0,0.0,1.0,1.0,0.3333333333333333,1.0,1.0,0.8666666666666666,1.0,1.0,0.3333333333333333,1.0,1.0,0.8666666666666666,0.662554457259608
nvbench2:test:398,398,qwen3:14b,direct,55,0.0,1.0,5,5,1.0,1.0,1.0,5.472266299999319,4,4,multi_gold,rect,0.0,0.0,0.0,0.0,0.0,0.0,0.0,0.0,0.0,0.0,0.0,0.0,0.0,0.0,0.0,0.0,0.0,0.0,0.0,0.0,0.0,0.0,0.0,0.0,0.0,0.0,1.0,1.0,0.3333333333333333,0.0,1.0,0.6666666666666667,1.0,1.0,0.6666666666666666,1.0,1.0,0.9333333333333333,0.7705481221606817
nvbench2:test:399,399,qwen3:14b,direct,55,0.0,1.0,5,0,1.0,0.0,0.0,3.8727299000602216,2,2,multi_gold,arc,0.0,0.0,0.0,0.0,0.0,0.0,0.0,0.0,0.0,0.0,0.0,0.0,0.0,0.0,0.0,0.0,0.0,0.0,0.0,0.0,0.0,0.0,0.0,0.0,0.0,0.0,1.0,1.0,0.5,1.0,1.0,0.9,1.0,1.0,0.5,1.0,1.0,0.9,0.9861903776728049
nvbench2:test:400,400,qwen3:14b,direct,55,0.0,1.0,5,1,1.0,1.0,0.0,5.048974200035445,2,2,multi_gold,bar,0.0,0.0,0.0,0.0,0.0,0.0,0.0,0.0,0.0,0.0,0.0,0.0,0.0,0.0,0.0,0.0,0.0,0.0,0.0,0.0,0.0,0.0,0.0,0.0,0.0,0.0,1.0,0.8,0.4,0.6666666666666666,0.0,0.5733333333333334,1.0,0.8,0.8,0.6666666666666666,0.0,0.6533333333333333,0.9022727886670456
nvbench2:test:401,401,qwen3:14b,direct,55,0.0,1.0,5,5,1.0,1.0,1.0,4.399307599989697,4,4,multi_gold,bar+line,0.0,0.0,0.0,0.0,0.0,0.0,0.0,0.0,0.0,0.0,0.0,0.0,0.0,0.0,0.0,0.0,0.0,0.0,0.0,0.0,0.0,0.0,0.0,0.0,0.0,0.0,0.0,1.0,0.3333333333333333,1.0,1.0,0.6666666666666667,1.0,0.8,0.8,1.0,1.0,0.9199999999999999,0.7597812097990219
nvbench2:test:402,402,qwen3:14b,direct,55,0.0,1.0,5,4,1.0,1.0,0.0,4.952417699969374,2,2,multi_gold,point,0.0,0.0,0.0,0.0,0.0,0.0,0.0,0.0,0.0,0.0,0.0,0.0,0.0,0.0,0.0,0.0,0.0,0.0,0.0,0.0,0.0,0.0,0.0,0.0,0.0,0.0,1.0,1.0,1.0,1.0,0.0,0.8,1.0,1.0,1.0,1.0,0.0,0.8,1.2034766852885443
nvbench2:test:403,403,qwen3:14b,direct,55,0.0,1.0,3,2,1.0,1.0,0.0,2.468519499991089,4,4,multi_gold,point,0.0,0.0,0.0,0.0,0.0,0.0,0.0,0.0,0.0,0.0,0.0,0.0,0.0,0.0,0.0,0.0,0.0,0.0,0.0,0.0,0.0,0.0,0.0,0.0,0.0,0.0,1.0,0.8,0.0,0.0,1.0,0.5599999999999999,1.0,0.8,0.4,0.0,1.0,0.64,0.36393399892043377
nvbench2:test:404,404,qwen3:14b,direct,55,0.0,1.0,1,0,1.0,0.0,0.0,1.4540557999862358,4,4,multi_gold,rect,0.0,0.0,0.0,0.0,0.0,0.0,0.0,0.0,0.0,0.0,0.0,0.0,0.0,0.0,0.0,0.0,0.0,0.0,0.0,0.0,0.0,0.0,0.0,0.0,0.0,0.0,1.0,1.0,0.3333333333333333,1.0,1.0,0.8666666666666666,1.0,1.0,0.3333333333333333,1.0,1.0,0.8666666666666666,0.3214564913324584
nvbench2:test:405,405,qwen3:14b,direct,55,0.0,1.0,5,5,1.0,1.0,1.0,3.834704599925317,2,2,multi_gold,boxplot,0.0,0.0,0.0,0.0,0.0,0.0,0.0,0.0,0.0,0.0,0.0,0.0,0.0,0.0,0.0,0.0,0.0,0.0,0.0,0.0,0.0,0.0,0.0,0.0,0.0,0.0,1.0,1.0,1.0,1.0,0.0,0.8,1.0,1.0,1.0,1.0,0.0,0.8,1.0704749961866598
nvbench2:test:406,406,qwen3:14b,direct,55,0.0,1.0,5,0,1.0,0.0,0.0,4.603396699996665,2,2,multi_gold,bar,0.0,0.0,0.0,0.0,0.0,0.0,0.0,0.0,0.0,0.0,0.0,0.0,0.0,0.0,0.0,0.0,0.0,0.0,0.0,0.0,0.0,0.0,0.0,0.0,0.0,0.0,1.0,0.8,0.4,1.0,1.0,0.8400000000000001,1.0,1.0,0.6666666666666666,1.0,1.0,0.9333333333333333,1.399742192877106
nvbench2:test:407,407,qwen3:14b,direct,55,0.0,1.0,3,3,1.0,1.0,1.0,2.615946999983862,4,4,multi_gold,point,0.0,0.0,0.0,0.0,0.0,0.0,0.0,0.0,0.0,0.0,0.0,0.0,0.0,0.0,0.0,0.0,0.0,0.0,0.0,0.0,0.0,0.0,0.0,0.0,0.0,0.0,0.0,0.8,0.4,0.0,1.0,0.44000000000000006,1.0,0.8,0.4,0.0,1.0,0.64,0.35485948479645235
nvbench2:test:408,408,qwen3:14b,direct,55,0.0,1.0,1,0,1.0,0.0,0.0,0.8512083999812603,3,3,multi_gold,arc,0.0,0.0,0.0,0.0,0.0,0.0,0.0,0.0,0.0,0.0,0.0,0.0,0.0,0.0,0.0,0.0,0.0,0.0,0.0,0.0,0.0,0.0,0.0,0.0,0.0,0.0,1.0,1.0,0.5,1.0,0.0,0.7,1.0,1.0,0.5,1.0,0.0,0.7,0.29306681351921393
nvbench2:test:409,409,qwen3:14b,direct,55,0.0,1.0,1,1,1.0,1.0,1.0,1.0143799999495968,3,3,multi_gold,boxplot,0.0,0.0,0.0,0.0,0.0,0.0,0.0,0.0,0.0,0.0,0.0,0.0,0.0,0.0,0.0,0.0,0.0,0.0,0.0,0.0,0.0,0.0,0.0,0.0,0.0,0.0,1.0,1.0,0.0,0.0,1.0,0.6,1.0,1.0,0.0,0.0,1.0,0.6,0.2420148133208297
nvbench2:test:410,410,qwen3:14b,direct,55,0.0,1.0,5,5,1.0,1.0,1.0,3.733109400025569,3,3,multi_gold,boxplot,0.0,0.0,0.0,0.0,0.0,0.0,0.0,0.0,0.0,0.0,0.0,0.0,0.0,0.0,0.0,0.0,0.0,0.0,0.0,0.0,0.0,0.0,0.0,0.0,0.0,0.0,1.0,1.0,0.0,0.0,0.0,0.4,1.0,1.0,0.0,0.0,0.0,0.4,0.4090945203354769
nvbench2:test:411,411,qwen3:14b,direct,55,0.0,1.0,5,5,1.0,1.0,1.0,4.064016999909654,5,5,multi_gold,bar+line+rect,0.0,0.0,0.0,0.0,0.0,0.0,0.0,0.0,0.0,0.0,0.0,0.0,0.0,0.0,0.0,0.0,0.0,0.0,0.0,0.0,0.0,0.0,0.0,0.0,0.0,0.0,0.0,0.8,0.4,0.0,1.0,0.44000000000000006,1.0,0.8,0.8,1.0,1.0,0.9199999999999999,0.5865486252737767
nvbench2:test:412,412,qwen3:14b,direct,55,0.0,1.0,1,0,1.0,0.0,0.0,0.854316100012511,5,5,multi_gold,arc,0.0,0.0,0.0,0.0,0.0,0.0,0.0,0.0,0.0,0.0,0.0,0.0,0.0,0.0,0.0,0.0,0.0,0.0,0.0,0.0,0.0,0.0,0.0,0.0,0.0,0.0,1.0,1.0,0.5,1.0,1.0,0.9,1.0,1.0,0.5,1.0,1.0,0.9,0.29373511659974333
nvbench2:test:413,413,qwen3:14b,direct,55,0.0,1.0,1,0,1.0,0.0,0.0,0.8606121999910101,5,5,multi_gold,arc,0.0,0.0,0.0,0.0,0.0,0.0,0.0,0.0,0.0,0.0,0.0,0.0,0.0,0.0,0.0,0.0,0.0,0.0,0.0,0.0,0.0,0.0,0.0,0.0,0.0,0.0,1.0,1.0,0.5,1.0,1.0,0.9,1.0,1.0,0.5,1.0,1.0,0.9,0.29373511659974333
nvbench2:test:414,414,qwen3:14b,direct,55,0.0,1.0,5,5,1.0,1.0,1.0,5.0854054999072105,4,4,multi_gold,rect,0.0,0.0,0.0,0.0,0.0,0.0,0.0,0.0,0.0,0.0,0.0,0.0,0.0,0.0,0.0,0.0,0.0,0.0,0.0,0.0,0.0,0.0,0.0,0.0,0.0,0.0,1.0,1.0,0.6666666666666666,0.6666666666666666,0.0,0.6666666666666666,1.0,1.0,1.0,0.6666666666666666,0.0,0.7333333333333333,0.5795509814915253
nvbench2:test:415,415,qwen3:14b,direct,55,0.0,1.0,1,0,1.0,0.0,0.0,0.8413929999805987,5,5,multi_gold,arc,0.0,0.0,0.0,0.0,0.0,0.0,0.0,0.0,0.0,0.0,0.0,0.0,0.0,0.0,0.0,0.0,0.0,0.0,0.0,0.0,0.0,0.0,0.0,0.0,0.0,0.0,1.0,1.0,0.5,1.0,1.0,0.9,1.0,1.0,0.5,1.0,1.0,0.9,0.29373511659974333
nvbench2:test:416,416,qwen3:14b,direct,55,0.0,1.0,5,5,1.0,1.0,1.0,5.8115129000507295,4,4,multi_gold,rect,0.0,0.0,0.0,0.0,0.0,0.0,0.0,0.0,0.0,0.0,0.0,0.0,0.0,0.0,0.0,0.0,0.0,0.0,0.0,0.0,0.0,0.0,0.0,0.0,0.0,0.0,1.0,1.0,1.0,1.0,1.0,1.0,1.0,1.0,1.0,1.0,1.0,1.0,1.1373800107533474
nvbench2:test:417,417,qwen3:14b,direct,55,0.0,1.0,5,0,1.0,0.0,0.0,4.389467100030743,2,2,multi_gold,bar,0.0,0.0,0.0,0.0,0.0,0.0,0.0,0.0,0.0,0.0,0.0,0.0,0.0,0.0,0.0,0.0,0.0,0.0,0.0,0.0,0.0,0.0,0.0,0.0,0.0,0.0,1.0,0.8,0.4,1.0,0.0,0.64,1.0,0.8,0.4,1.0,0.0,0.64,0.9444593166022295
nvbench2:test:418,418,qwen3:14b,direct,55,0.0,1.0,5,5,1.0,1.0,1.0,4.479245000053197,2,2,multi_gold,bar,0.0,0.0,0.0,0.0,0.0,0.0,0.0,0.0,0.0,0.0,0.0,0.0,0.0,0.0,0.0,0.0,0.0,0.0,0.0,0.0,0.0,0.0,0.0,0.0,0.0,0.0,1.0,0.8,0.8,0.6666666666666666,0.0,0.6533333333333333,1.0,0.8,0.8,0.6666666666666666,0.0,0.6533333333333333,0.856634368112067
nvbench2:test:419,419,qwen3:14b,direct,55,0.0,1.0,5,0,1.0,0.0,0.0,3.382902399986051,5,5,multi_gold,arc,0.0,0.0,0.0,0.0,0.0,0.0,0.0,0.0,0.0,0.0,0.0,0.0,0.0,0.0,0.0,0.0,0.0,0.0,0.0,0.0,0.0,0.0,0.0,0.0,0.0,0.0,1.0,1.0,0.5,1.0,1.0,0.9,1.0,1.0,0.5,1.0,1.0,0.9,0.41168033681309446
nvbench2:test:420,420,qwen3:14b,direct,55,0.0,1.0,5,0,1.0,0.0,0.0,3.8967541999882087,2,2,multi_gold,bar,0.0,0.0,0.0,0.0,0.0,0.0,0.0,0.0,0.0,0.0,0.0,0.0,0.0,0.0,0.0,0.0,0.0,0.0,0.0,0.0,0.0,0.0,0.0,0.0,0.0,0.0,1.0,0.8,0.4,1.0,0.0,0.64,1.0,0.8,0.4,1.0,0.0,0.64,0.9614013602869331
nvbench2:test:421,421,qwen3:14b,direct,55,0.0,1.0,1,1,1.0,1.0,1.0,1.4679926000535488,5,5,multi_gold,rect,0.0,0.0,0.0,0.0,0.0,0.0,0.0,0.0,0.0,0.0,0.0,0.0,0.0,0.0,0.0,0.0,0.0,0.0,0.0,0.0,0.0,0.0,0.0,0.0,0.0,0.0,1.0,1.0,0.6666666666666666,1.0,1.0,0.9333333333333333,1.0,1.0,0.6666666666666666,1.0,1.0,0.9333333333333333,0.3085283434984754
nvbench2:test:422,422,qwen3:14b,direct,55,0.0,1.0,1,1,1.0,1.0,1.0,1.236629799939692,5,5,multi_gold,rect,0.0,0.0,0.0,0.0,0.0,0.0,0.0,0.0,0.0,0.0,0.0,0.0,0.0,0.0,0.0,0.0,0.0,0.0,0.0,0.0,0.0,0.0,0.0,0.0,0.0,0.0,1.0,1.0,0.6666666666666666,1.0,1.0,0.9333333333333333,1.0,1.0,0.6666666666666666,1.0,1.0,0.9333333333333333,0.3085283434984754
nvbench2:test:423,423,qwen3:14b,direct,55,0.0,1.0,1,1,1.0,1.0,1.0,1.2498623999999836,5,5,multi_gold,rect,0.0,0.0,0.0,0.0,0.0,0.0,0.0,0.0,0.0,0.0,0.0,0.0,0.0,0.0,0.0,0.0,0.0,0.0,0.0,0.0,0.0,0.0,0.0,0.0,0.0,0.0,1.0,1.0,0.6666666666666666,1.0,1.0,0.9333333333333333,1.0,1.0,0.6666666666666666,1.0,1.0,0.9333333333333333,0.3085283434984754
nvbench2:test:424,424,qwen3:14b,direct,55,0.0,1.0,5,0,1.0,0.0,0.0,3.4797833000775427,5,5,multi_gold,arc,0.0,0.0,0.0,0.0,0.0,0.0,0.0,0.0,0.0,0.0,0.0,0.0,0.0,0.0,0.0,0.0,0.0,0.0,0.0,0.0,0.0,0.0,0.0,0.0,0.0,0.0,1.0,1.0,0.5,1.0,1.0,0.9,1.0,1.0,0.5,1.0,1.0,0.9,0.8496699593926583
nvbench2:test:425,425,qwen3:14b,direct,55,0.0,1.0,5,5,1.0,1.0,1.0,6.601745699997991,5,5,multi_gold,rect,0.0,0.0,0.0,0.0,0.0,0.0,0.0,0.0,0.0,0.0,0.0,0.0,0.0,0.0,0.0,0.0,0.0,0.0,0.0,0.0,0.0,0.0,0.0,0.0,0.0,0.0,1.0,1.0,0.6666666666666666,1.0,0.0,0.7333333333333333,1.0,1.0,1.0,1.0,0.0,0.8,0.7011012498075114
nvbench2:test:426,426,qwen3:14b,direct,55,0.0,1.0,5,0,1.0,0.0,0.0,3.426342799910344,5,5,multi_gold,arc,0.0,0.0,0.0,0.0,0.0,0.0,0.0,0.0,0.0,0.0,0.0,0.0,0.0,0.0,0.0,0.0,0.0,0.0,0.0,0.0,0.0,0.0,0.0,0.0,0.0,0.0,1.0,1.0,0.5,1.0,1.0,0.9,1.0,1.0,0.5,1.0,1.0,0.9,0.8496699593926583
nvbench2:test:427,427,qwen3:14b,direct,55,0.0,1.0,1,0,1.0,0.0,0.0,0.8866463999729604,5,5,multi_gold,arc,0.0,0.0,0.0,0.0,0.0,0.0,0.0,0.0,0.0,0.0,0.0,0.0,0.0,0.0,0.0,0.0,0.0,0.0,0.0,0.0,0.0,0.0,0.0,0.0,0.0,0.0,1.0,1.0,0.5,1.0,1.0,0.9,1.0,1.0,0.5,1.0,1.0,0.9,0.29373511659974333
nvbench2:test:428,428,qwen3:14b,direct,55,0.0,1.0,1,1,1.0,1.0,1.0,2.2768749000970274,5,5,multi_gold,rect,0.0,0.0,0.0,0.0,0.0,0.0,0.0,0.0,0.0,0.0,0.0,0.0,0.0,0.0,0.0,0.0,0.0,0.0,0.0,0.0,0.0,0.0,0.0,0.0,0.0,0.0,1.0,1.0,0.6666666666666666,0.6666666666666666,1.0,0.8666666666666666,1.0,1.0,0.6666666666666666,0.6666666666666666,1.0,0.8666666666666666,0.2792797674703377
nvbench2:test:429,429,qwen3:14b,direct,55,0.0,1.0,5,0,1.0,0.0,0.0,4.5915720000630245,2,2,multi_gold,bar,0.0,0.0,0.0,0.0,0.0,0.0,0.0,0.0,0.0,0.0,0.0,0.0,0.0,0.0,0.0,0.0,0.0,0.0,0.0,0.0,0.0,0.0,0.0,0.0,0.0,0.0,1.0,0.8,0.0,1.0,1.0,0.76,1.0,0.8,0.0,1.0,1.0,0.76,1.2537196969092912
nvbench2:test:430,430,qwen3:14b,direct,55,0.0,1.0,4,0,1.0,0.0,0.0,10.86974479991477,2,2,multi_gold,bar,0.0,0.0,0.0,0.0,0.0,0.0,0.0,0.0,0.0,0.0,0.0,0.0,0.0,0.0,0.0,0.0,0.0,0.0,0.0,0.0,0.0,0.0,0.0,0.0,0.0,0.0,1.0,0.8,0.8,1.0,0.0,0.72,1.0,0.8,0.8,1.0,0.0,0.72,1.0164911031992834
nvbench2:test:431,431,qwen3:14b,direct,55,0.0,1.0,1,0,1.0,0.0,0.0,0.8875598999438807,5,5,multi_gold,arc,0.0,0.0,0.0,0.0,0.0,0.0,0.0,0.0,0.0,0.0,0.0,0.0,0.0,0.0,0.0,0.0,0.0,0.0,0.0,0.0,0.0,0.0,0.0,0.0,0.0,0.0,1.0,1.0,0.5,1.0,1.0,0.9,1.0,1.0,0.5,1.0,1.0,0.9,0.29373511659974333
nvbench2:test:432,432,qwen3:14b,direct,55,0.0,1.0,5,0,1.0,0.0,0.0,4.003040899988264,5,5,multi_gold,bar+line+rect,0.0,0.0,0.0,0.0,0.0,0.0,0.0,0.0,0.0,0.0,0.0,0.0,0.0,0.0,0.0,0.0,0.0,0.0,0.0,0.0,0.0,0.0,0.0,0.0,0.0,0.0,1.0,0.8,0.4,1.0,0.0,0.64,1.0,0.8,0.4,1.0,0.0,0.64,0.5583291593209998
nvbench2:test:433,433,qwen3:14b,direct,55,0.0,1.0,5,5,1.0,1.0,1.0,5.516028800047934,4,4,multi_gold,rect,0.0,0.0,0.0,0.0,0.0,0.0,0.0,0.0,0.0,0.0,0.0,0.0,0.0,0.0,0.0,0.0,0.0,0.0,0.0,0.0,0.0,0.0,0.0,0.0,0.0,0.0,1.0,1.0,1.0,1.0,0.0,0.8,1.0,1.0,1.0,1.0,0.0,0.8,0.8064354792044643
nvbench2:test:434,434,qwen3:14b,direct,55,0.0,1.0,5,0,1.0,0.0,0.0,3.3876763000153005,5,5,multi_gold,arc,0.0,0.0,0.0,0.0,0.0,0.0,0.0,0.0,0.0,0.0,0.0,0.0,0.0,0.0,0.0,0.0,0.0,0.0,0.0,0.0,0.0,0.0,0.0,0.0,0.0,0.0,1.0,1.0,0.5,1.0,1.0,0.9,1.0,1.0,0.5,1.0,1.0,0.9,0.41168033681309446
nvbench2:test:435,435,qwen3:14b,direct,55,0.0,1.0,5,5,1.0,1.0,1.0,3.4106068999972194,4,4,multi_gold,rect,0.0,0.0,0.0,0.0,0.0,0.0,0.0,0.0,0.0,0.0,0.0,0.0,0.0,0.0,0.0,0.0,0.0,0.0,0.0,0.0,0.0,0.0,0.0,0.0,0.0,0.0,1.0,1.0,0.0,0.0,1.0,0.6,1.0,1.0,0.0,0.0,1.0,0.6,0.41691041136514845
nvbench2:test:436,436,qwen3:14b,direct,55,0.0,1.0,5,5,1.0,1.0,1.0,3.858422299963422,4,4,multi_gold,rect,0.0,0.0,0.0,0.0,0.0,0.0,0.0,0.0,0.0,0.0,0.0,0.0,0.0,0.0,0.0,0.0,0.0,0.0,0.0,0.0,0.0,0.0,0.0,0.0,0.0,0.0,1.0,1.0,0.3333333333333333,0.0,1.0,0.6666666666666667,1.0,1.0,0.3333333333333333,0.0,1.0,0.6666666666666667,0.47905039397169774
nvbench2:test:437,437,qwen3:14b,direct,55,0.0,1.0,1,0,1.0,0.0,0.0,5.873821599991061,2,2,multi_gold,bar,0.0,0.0,0.0,0.0,0.0,0.0,0.0,0.0,0.0,0.0,0.0,0.0,0.0,0.0,0.0,0.0,0.0,0.0,0.0,0.0,0.0,0.0,0.0,0.0,0.0,0.0,1.0,0.6666666666666666,0.6666666666666666,0.6666666666666666,0.0,0.6,1.0,0.6666666666666666,0.6666666666666666,0.6666666666666666,0.0,0.6,0.3162101650184913
nvbench2:test:438,438,qwen3:14b,direct,55,0.0,1.0,5,5,1.0,1.0,1.0,5.589822200010531,4,4,multi_gold,rect,0.0,0.0,0.0,0.0,0.0,0.0,0.0,0.0,0.0,0.0,0.0,0.0,0.0,0.0,0.0,0.0,0.0,0.0,0.0,0.0,0.0,0.0,0.0,0.0,0.0,0.0,1.0,1.0,1.0,1.0,1.0,1.0,1.0,1.0,1.0,1.0,1.0,1.0,1.1373800107533474
nvbench2:test:439,439,qwen3:14b,direct,55,0.0,1.0,5,5,1.0,1.0,1.0,5.411222800030373,4,4,multi_gold,rect,0.0,0.0,0.0,0.0,0.0,0.0,0.0,0.0,0.0,0.0,0.0,0.0,0.0,0.0,0.0,0.0,0.0,0.0,0.0,0.0,0.0,0.0,0.0,0.0,0.0,0.0,1.0,1.0,1.0,1.0,1.0,1.0,1.0,1.0,1.0,1.0,1.0,1.0,1.1221952710003535
nvbench2:test:440,440,qwen3:14b,direct,55,0.0,1.0,5,0,1.0,0.0,0.0,5.823681400041096,4,4,multi_gold,line,0.0,0.0,0.0,0.0,0.0,0.0,0.0,0.0,0.0,0.0,0.0,0.0,0.0,0.0,0.0,0.0,0.0,0.0,0.0,0.0,0.0,0.0,0.0,0.0,0.0,0.0,1.0,1.0,0.3333333333333333,1.0,0.0,0.6666666666666667,1.0,1.0,0.3333333333333333,1.0,0.0,0.6666666666666667,0.5534229047196255
nvbench2:test:441,441,qwen3:14b,direct,55,0.0,1.0,5,5,1.0,1.0,1.0,4.023095500073396,2,2,multi_gold,line,0.0,0.0,0.0,0.0,0.0,0.0,0.0,0.0,0.0,0.0,0.0,0.0,0.0,0.0,0.0,0.0,0.0,0.0,0.0,0.0,0.0,0.0,0.0,0.0,0.0,0.0,1.0,1.0,1.0,1.0,0.0,0.8,1.0,1.0,1.0,1.0,0.0,0.8,1.0351933665393906
nvbench2:test:442,442,qwen3:14b,direct,55,0.0,1.0,2,1,1.0,1.0,0.0,1.5991629000054672,2,2,multi_gold,bar,0.0,0.0,0.0,0.0,0.0,0.0,0.0,0.0,0.0,0.0,0.0,0.0,0.0,0.0,0.0,0.0,0.0,0.0,0.0,0.0,0.0,0.0,0.0,0.0,0.0,0.0,1.0,1.0,0.5,1.0,1.0,0.9,1.0,1.0,1.0,1.0,1.0,1.0,0.9178787335057855
nvbench2:test:443,443,qwen3:14b,direct,55,0.0,1.0,5,0,1.0,0.0,0.0,3.620548899983987,2,2,multi_gold,arc,0.0,0.0,0.0,0.0,0.0,0.0,0.0,0.0,0.0,0.0,0.0,0.0,0.0,0.0,0.0,0.0,0.0,0.0,0.0,0.0,0.0,0.0,0.0,0.0,0.0,0.0,1.0,1.0,0.5,1.0,0.0,0.7,1.0,1.0,0.5,1.0,0.0,0.7,0.4138851548728694
nvbench2:test:444,444,qwen3:14b,direct,55,0.0,1.0,1,0,1.0,0.0,0.0,1.6292490999912843,2,2,multi_gold,bar,0.0,0.0,0.0,0.0,0.0,0.0,0.0,0.0,0.0,0.0,0.0,0.0,0.0,0.0,0.0,0.0,0.0,0.0,0.0,0.0,0.0,0.0,0.0,0.0,0.0,0.0,1.0,0.8,0.4,1.0,0.0,0.64,1.0,0.8,0.4,1.0,0.0,0.64,0.34233795667676936
nvbench2:test:445,445,qwen3:14b,direct,55,0.0,1.0,5,0,1.0,0.0,0.0,3.542407900094986,2,2,multi_gold,bar,0.0,0.0,0.0,0.0,0.0,0.0,0.0,0.0,0.0,0.0,0.0,0.0,0.0,0.0,0.0,0.0,0.0,0.0,0.0,0.0,0.0,0.0,0.0,0.0,0.0,0.0,1.0,1.0,0.0,0.6666666666666666,1.0,0.7333333333333333,1.0,1.0,0.5,0.6666666666666666,1.0,0.8333333333333334,1.1607437779928627
nvbench2:test:446,446,qwen3:14b,direct,55,0.0,1.0,1,0,1.0,0.0,0.0,2.183475499972701,2,2,multi_gold,arc,0.0,0.0,0.0,0.0,0.0,0.0,0.0,0.0,0.0,0.0,0.0,0.0,0.0,0.0,0.0,0.0,0.0,0.0,0.0,0.0,0.0,0.0,0.0,0.0,0.0,0.0,1.0,1.0,0.5,0.6666666666666666,1.0,0.8333333333333334,1.0,1.0,0.5,0.6666666666666666,1.0,0.8333333333333334,0.47935690336673037
nvbench2:test:447,447,qwen3:14b,direct,55,0.0,1.0,5,2,1.0,1.0,0.0,3.0351178999990225,2,2,multi_gold,arc,0.0,0.0,0.0,0.0,0.0,0.0,0.0,0.0,0.0,0.0,0.0,0.0,0.0,0.0,0.0,0.0,0.0,0.0,0.0,0.0,0.0,0.0,0.0,0.0,0.0,0.0,1.0,1.0,0.5,1.0,0.0,0.7,1.0,1.0,0.5,1.0,0.0,0.7,0.38291336052022606
nvbench2:test:448,448,qwen3:14b,direct,55,0.0,1.0,5,0,1.0,0.0,0.0,3.9361717000138015,2,2,multi_gold,bar,0.0,0.0,0.0,0.0,0.0,0.0,0.0,0.0,0.0,0.0,0.0,0.0,0.0,0.0,0.0,0.0,0.0,0.0,0.0,0.0,0.0,0.0,0.0,0.0,0.0,0.0,1.0,0.8,0.4,1.0,1.0,0.8400000000000001,1.0,0.8,0.4,1.0,1.0,0.8400000000000001,1.312924893772885
nvbench2:test:449,449,qwen3:14b,direct,55,0.0,1.0,5,0,1.0,0.0,0.0,3.61067990004085,2,2,multi_gold,arc,0.0,0.0,0.0,0.0,0.0,0.0,0.0,0.0,0.0,0.0,0.0,0.0,0.0,0.0,0.0,0.0,0.0,0.0,0.0,0.0,0.0,0.0,0.0,0.0,0.0,0.0,1.0,1.0,0.0,1.0,1.0,0.8,1.0,1.0,0.0,1.0,1.0,0.8,1.339791839549003
nvbench2:test:450,450,qwen3:14b,direct,55,0.0,1.0,1,1,1.0,1.0,1.0,1.6510912999510765,2,2,multi_gold,arc,0.0,0.0,0.0,0.0,0.0,0.0,0.0,0.0,0.0,0.0,0.0,0.0,0.0,0.0,0.0,0.0,0.0,0.0,0.0,0.0,0.0,0.0,0.0,0.0,0.0,0.0,1.0,1.0,0.5,1.0,0.0,0.7,1.0,1.0,0.5,1.0,0.0,0.7,0.38291336052022606
nvbench2:test:451,451,qwen3:14b,direct,55,0.0,1.0,5,0,1.0,0.0,0.0,3.8942757999757305,2,2,multi_gold,bar,0.0,0.0,0.0,0.0,0.0,0.0,0.0,0.0,0.0,0.0,0.0,0.0,0.0,0.0,0.0,0.0,0.0,0.0,0.0,0.0,0.0,0.0,0.0,0.0,0.0,0.0,1.0,0.8,0.4,1.0,0.0,0.64,1.0,0.8,0.4,1.0,0.0,0.64,0.9311412608270785
nvbench2:test:452,452,qwen3:14b,direct,55,0.0,1.0,5,5,1.0,1.0,1.0,5.564669099985622,4,4,multi_gold,bar+line,0.0,0.0,0.0,0.0,0.0,0.0,0.0,0.0,0.0,0.0,0.0,0.0,0.0,0.0,0.0,0.0,0.0,0.0,0.0,0.0,0.0,0.0,0.0,0.0,0.0,0.0,0.0,1.0,1.0,1.0,1.0,0.8,0.0,1.0,1.0,1.0,1.0,0.8,0.8125820031142624
nvbench2:test:453,453,qwen3:14b,direct,55,0.0,1.0,4,4,1.0,1.0,1.0,4.698579199961387,2,2,multi_gold,bar,0.0,0.0,0.0,0.0,0.0,0.0,0.0,0.0,0.0,0.0,0.0,0.0,0.0,0.0,0.0,0.0,0.0,0.0,0.0,0.0,0.0,0.0,0.0,0.0,0.0,0.0,1.0,1.0,1.0,1.0,1.0,1.0,1.0,1.0,1.0,1.0,1.0,1.0,1.509078204561318
nvbench2:test:454,454,qwen3:14b,direct,55,0.0,1.0,1,0,1.0,0.0,0.0,0.9811675000237301,2,2,multi_gold,arc,0.0,0.0,0.0,0.0,0.0,0.0,0.0,0.0,0.0,0.0,0.0,0.0,0.0,0.0,0.0,0.0,0.0,0.0,0.0,0.0,0.0,0.0,0.0,0.0,0.0,0.0,1.0,1.0,0.5,0.0,1.0,0.7,1.0,1.0,0.5,0.0,1.0,0.7,0.38291336052022606
nvbench2:test:455,455,qwen3:14b,direct,55,0.0,1.0,5,5,1.0,1.0,1.0,3.3339501000009477,4,4,multi_gold,bar+line,0.0,0.0,0.0,0.0,0.0,0.0,0.0,0.0,0.0,0.0,0.0,0.0,0.0,0.0,0.0,0.0,0.0,0.0,0.0,0.0,0.0,0.0,0.0,0.0,0.0,0.0,1.0,0.8,0.4,0.0,1.0,0.64,1.0,0.8,0.4,0.0,1.0,0.64,0.5951161599815507
nvbench2:test:456,456,qwen3:14b,direct,55,0.0,1.0,4,1,1.0,1.0,0.0,3.7216078999917954,2,2,multi_gold,arc,0.0,0.0,0.0,0.0,0.0,0.0,0.0,0.0,0.0,0.0,0.0,0.0,0.0,0.0,0.0,0.0,0.0,0.0,0.0,0.0,0.0,0.0,0.0,0.0,0.0,0.0,1.0,1.0,0.5,0.0,1.0,0.7,1.0,1.0,0.5,0.0,1.0,0.7,0.5252912214833241
nvbench2:test:457,457,qwen3:14b,direct,55,0.0,1.0,5,5,1.0,1.0,1.0,5.166399099980481,2,2,multi_gold,line,0.0,0.0,0.0,0.0,0.0,0.0,0.0,0.0,0.0,0.0,0.0,0.0,0.0,0.0,0.0,0.0,0.0,0.0,0.0,0.0,0.0,0.0,0.0,0.0,0.0,0.0,1.0,0.8,0.0,0.6666666666666666,1.0,0.6933333333333334,1.0,0.8,0.0,0.6666666666666666,1.0,0.6933333333333334,1.1154645971267614
nvbench2:test:458,458,qwen3:14b,direct,55,0.0,1.0,5,0,1.0,0.0,0.0,8.07275159994606,2,2,multi_gold,bar,0.0,0.0,0.0,0.0,0.0,0.0,0.0,0.0,0.0,0.0,0.0,0.0,0.0,0.0,0.0,0.0,0.0,0.0,0.0,0.0,0.0,0.0,0.0,0.0,0.0,0.0,1.0,0.8,0.4,1.0,0.0,0.64,1.0,0.8,0.4,1.0,0.0,0.64,1.009369470102159
nvbench2:test:459,459,qwen3:14b,direct,55,0.0,1.0,1,0,1.0,0.0,0.0,0.8585631999885663,3,3,multi_gold,arc,0.0,0.0,0.0,0.0,0.0,0.0,0.0,0.0,0.0,0.0,0.0,0.0,0.0,0.0,0.0,0.0,0.0,0.0,0.0,0.0,0.0,0.0,0.0,0.0,0.0,0.0,1.0,1.0,0.5,1.0,1.0,0.9,1.0,1.0,0.5,1.0,1.0,0.9,0.40642634118843207
nvbench2:test:460,460,qwen3:14b,direct,55,0.0,1.0,1,0,1.0,0.0,0.0,1.9179589999839664,2,2,multi_gold,rect,0.0,0.0,0.0,0.0,0.0,0.0,0.0,0.0,0.0,0.0,0.0,0.0,0.0,0.0,0.0,0.0,0.0,0.0,0.0,0.0,0.0,0.0,0.0,0.0,0.0,0.0,0.0,0.8,0.0,0.0,0.0,0.16,0.0,0.8,0.0,0.0,0.0,0.16,0.07191427945647642
nvbench2:test:461,461,qwen3:14b,direct,55,0.0,1.0,5,5,1.0,1.0,1.0,5.572731500025839,3,3,multi_gold,rect,0.0,0.0,0.0,0.0,0.0,0.0,0.0,0.0,0.0,0.0,0.0,0.0,0.0,0.0,0.0,0.0,0.0,0.0,0.0,0.0,0.0,0.0,0.0,0.0,0.0,0.0,1.0,1.0,1.0,1.0,1.0,1.0,1.0,1.0,1.0,1.0,1.0,1.0,0.9621393083040832
nvbench2:test:462,462,qwen3:14b,direct,55,0.0,1.0,5,4,1.0,1.0,0.0,4.385756600066088,2,2,multi_gold,bar,0.0,0.0,0.0,0.0,0.0,0.0,0.0,0.0,0.0,0.0,0.0,0.0,0.0,0.0,0.0,0.0,0.0,0.0,0.0,0.0,0.0,0.0,0.0,0.0,0.0,0.0,1.0,0.8,0.4,0.0,1.0,0.64,1.0,0.8,0.4,1.0,1.0,0.8400000000000001,1.0038967471040336
nvbench2:test:463,463,qwen3:14b,direct,55,0.0,1.0,5,5,1.0,1.0,1.0,3.6163992999354377,5,5,multi_gold,line,0.0,0.0,0.0,0.0,0.0,0.0,0.0,0.0,0.0,0.0,0.0,0.0,0.0,0.0,0.0,0.0,0.0,0.0,0.0,0.0,0.0,0.0,0.0,0.0,0.0,0.0,1.0,1.0,1.0,1.0,1.0,1.0,1.0,1.0,1.0,1.0,1.0,1.0,0.8350045403150126
nvbench2:test:464,464,qwen3:14b,direct,55,0.0,1.0,5,3,1.0,1.0,0.0,3.639647400006652,5,5,multi_gold,line,0.0,0.0,0.0,0.0,0.0,0.0,0.0,0.0,0.0,0.0,0.0,0.0,0.0,0.0,0.0,0.0,0.0,0.0,0.0,0.0,0.0,0.0,0.0,0.0,0.0,0.0,1.0,0.8,0.8,1.0,1.0,0.9199999999999999,1.0,1.0,1.0,1.0,1.0,1.0,0.8821104386643539
nvbench2:test:465,465,qwen3:14b,direct,55,0.0,1.0,5,5,1.0,1.0,1.0,5.1689922999357805,2,2,multi_gold,rect,0.0,0.0,0.0,0.0,0.0,0.0,0.0,0.0,0.0,0.0,0.0,0.0,0.0,0.0,0.0,0.0,0.0,0.0,0.0,0.0,0.0,0.0,0.0,0.0,0.0,0.0,1.0,1.0,1.0,1.0,1.0,1.0,1.0,1.0,1.0,1.0,1.0,1.0,1.2916559017337284
nvbench2:test:466,466,qwen3:14b,direct,55,0.0,1.0,5,3,1.0,1.0,0.0,4.522552500013262,2,2,multi_gold,rect,0.0,0.0,0.0,0.0,0.0,0.0,0.0,0.0,0.0,0.0,0.0,0.0,0.0,0.0,0.0,0.0,0.0,0.0,0.0,0.0,0.0,0.0,0.0,0.0,0.0,0.0,1.0,1.0,1.0,1.0,1.0,1.0,1.0,1.0,1.0,1.0,1.0,1.0,1.0850196218218462
nvbench2:test:467,467,qwen3:14b,direct,55,0.0,1.0,1,0,1.0,0.0,0.0,4.239656999940053,2,2,multi_gold,rect,0.0,0.0,0.0,0.0,0.0,0.0,0.0,0.0,0.0,0.0,0.0,0.0,0.0,0.0,0.0,0.0,0.0,0.0,0.0,0.0,0.0,0.0,0.0,0.0,0.0,0.0,1.0,0.8571428571428571,0.28571428571428575,0.6666666666666666,0.0,0.5619047619047619,1.0,0.8571428571428571,0.28571428571428575,0.6666666666666666,0.0,0.5619047619047619,0.29199108693194387
nvbench2:test:468,468,qwen3:14b,direct,55,0.0,1.0,5,5,1.0,1.0,1.0,8.170066899969243,3,3,multi_gold,rect,0.0,0.0,0.0,0.0,0.0,0.0,0.0,0.0,0.0,0.0,0.0,0.0,0.0,0.0,0.0,0.0,0.0,0.0,0.0,0.0,0.0,0.0,0.0,0.0,0.0,0.0,1.0,0.8571428571428571,0.6666666666666666,0.0,1.0,0.7047619047619047,1.0,0.8571428571428571,0.6666666666666666,0.0,1.0,0.7047619047619047,0.8236140381719856
nvbench2:test:469,469,qwen3:14b,direct,55,0.0,1.0,5,5,1.0,1.0,1.0,4.032700899988413,2,2,multi_gold,arc,0.0,0.0,0.0,0.0,0.0,0.0,0.0,0.0,0.0,0.0,0.0,0.0,0.0,0.0,0.0,0.0,0.0,0.0,0.0,0.0,0.0,0.0,0.0,0.0,0.0,0.0,1.0,1.0,0.5,0.0,1.0,0.7,1.0,1.0,0.5,0.0,1.0,0.7,0.744629187311661
nvbench2:test:470,470,qwen3:14b,direct,55,0.0,1.0,5,3,1.0,1.0,0.0,3.8940338999964297,4,4,multi_gold,bar,0.0,0.0,0.0,0.0,0.0,0.0,0.0,0.0,0.0,0.0,0.0,0.0,0.0,0.0,0.0,0.0,0.0,0.0,0.0,0.0,0.0,0.0,0.0,0.0,0.0,0.0,1.0,0.8,0.8,1.0,0.0,0.72,1.0,0.8,0.8,1.0,0.0,0.72,0.7165620760208955
nvbench2:test:471,471,qwen3:14b,direct,55,0.0,1.0,5,0,1.0,0.0,0.0,4.4108687998959795,5,5,multi_gold,line,0.0,0.0,0.0,0.0,0.0,0.0,0.0,0.0,0.0,0.0,0.0,0.0,0.0,0.0,0.0,0.0,0.0,0.0,0.0,0.0,0.0,0.0,0.0,0.0,0.0,0.0,1.0,1.0,0.5,0.6666666666666666,1.0,0.8333333333333334,1.0,1.0,0.5,0.6666666666666666,1.0,0.8333333333333334,0.6676883023207033
nvbench2:test:472,472,qwen3:14b,direct,55,0.0,1.0,5,0,1.0,0.0,0.0,5.847278199973516,4,4,multi_gold,rect,0.0,0.0,0.0,0.0,0.0,0.0,0.0,0.0,0.0,0.0,0.0,0.0,0.0,0.0,0.0,0.0,0.0,0.0,0.0,0.0,0.0,0.0,0.0,0.0,0.0,0.0,1.0,1.0,0.6666666666666666,1.0,0.0,0.7333333333333333,1.0,1.0,0.6666666666666666,1.0,0.0,0.7333333333333333,0.7478687930825852
nvbench2:test:473,473,qwen3:14b,direct,55,0.0,1.0,1,1,1.0,1.0,1.0,1.542542599956505,3,3,multi_gold,boxplot,0.0,0.0,0.0,0.0,0.0,0.0,0.0,0.0,0.0,0.0,0.0,0.0,0.0,0.0,0.0,0.0,0.0,0.0,0.0,0.0,0.0,0.0,0.0,0.0,0.0,0.0,1.0,1.0,0.0,0.0,1.0,0.6,1.0,1.0,0.0,0.0,1.0,0.6,0.2420148133208297
nvbench2:test:474,474,qwen3:14b,direct,55,0.0,1.0,5,0,1.0,0.0,0.0,4.033367900061421,3,3,multi_gold,boxplot,0.0,0.0,0.0,0.0,0.0,0.0,0.0,0.0,0.0,0.0,0.0,0.0,0.0,0.0,0.0,0.0,0.0,0.0,0.0,0.0,0.0,0.0,0.0,0.0,0.0,0.0,1.0,1.0,0.5,0.0,1.0,0.7,1.0,1.0,0.5,0.0,1.0,0.7,0.806359292757964
nvbench2:test:475,475,qwen3:14b,direct,55,0.0,1.0,5,5,1.0,1.0,1.0,3.8574302999768406,2,2,multi_gold,bar+line,0.0,0.0,0.0,0.0,0.0,0.0,0.0,0.0,0.0,0.0,0.0,0.0,0.0,0.0,0.0,0.0,0.0,0.0,0.0,0.0,0.0,0.0,0.0,0.0,0.0,0.0,1.0,0.8,0.0,1.0,1.0,0.76,1.0,0.8,0.0,1.0,1.0,0.76,1.1689132800375592
nvbench2:test:476,476,qwen3:14b,direct,55,0.0,1.0,1,0,1.0,0.0,0.0,1.5061939000152051,2,2,multi_gold,arc,0.0,0.0,0.0,0.0,0.0,0.0,0.0,0.0,0.0,0.0,0.0,0.0,0.0,0.0,0.0,0.0,0.0,0.0,0.0,0.0,0.0,0.0,0.0,0.0,0.0,0.0,1.0,1.0,0.5,1.0,0.0,0.7,1.0,1.0,0.5,1.0,0.0,0.7,0.38291336052022606
nvbench2:test:477,477,qwen3:14b,direct,55,0.0,1.0,2,0,1.0,0.0,0.0,4.343585999915376,5,5,multi_gold,bar,0.0,0.0,0.0,0.0,0.0,0.0,0.0,0.0,0.0,0.0,0.0,0.0,0.0,0.0,0.0,0.0,0.0,0.0,0.0,0.0,0.0,0.0,0.0,0.0,0.0,0.0,1.0,0.8,0.4,1.0,1.0,0.8400000000000001,1.0,0.8,0.4,1.0,1.0,0.8400000000000001,0.43701344709704915
nvbench2:test:478,478,qwen3:14b,direct,55,0.0,1.0,2,2,1.0,1.0,1.0,1.7228643000125885,4,4,multi_gold,rect,0.0,0.0,0.0,0.0,0.0,0.0,0.0,0.0,0.0,0.0,0.0,0.0,0.0,0.0,0.0,0.0,0.0,0.0,0.0,0.0,0.0,0.0,0.0,0.0,0.0,0.0,1.0,1.0,0.0,0.0,0.0,0.4,1.0,1.0,0.0,0.0,0.0,0.4,0.153617616456146
nvbench2:test:479,479,qwen3:14b,direct,55,0.0,1.0,5,1,1.0,1.0,0.0,4.503788299974985,2,2,multi_gold,bar+line,0.0,0.0,0.0,0.0,0.0,0.0,0.0,0.0,0.0,0.0,0.0,0.0,0.0,0.0,0.0,0.0,0.0,0.0,0.0,0.0,0.0,0.0,0.0,0.0,0.0,0.0,1.0,0.8,0.0,0.0,1.0,0.5599999999999999,1.0,0.8,0.0,0.0,1.0,0.5599999999999999,0.8574025922720229
nvbench2:test:480,480,qwen3:14b,direct,55,0.0,1.0,3,3,1.0,1.0,1.0,3.981338999932632,2,2,multi_gold,rect,0.0,0.0,0.0,0.0,0.0,0.0,0.0,0.0,0.0,0.0,0.0,0.0,0.0,0.0,0.0,0.0,0.0,0.0,0.0,0.0,0.0,0.0,0.0,0.0,0.0,0.0,1.0,1.0,0.3333333333333333,1.0,0.0,0.6666666666666667,1.0,1.0,1.0,0.5,0.0,0.7,0.7788577322283126
nvbench2:test:481,481,qwen3:14b,direct,55,0.0,1.0,5,5,1.0,1.0,1.0,4.0683438999112695,2,2,multi_gold,rect,0.0,0.0,0.0,0.0,0.0,0.0,0.0,0.0,0.0,0.0,0.0,0.0,0.0,0.0,0.0,0.0,0.0,0.0,0.0,0.0,0.0,0.0,0.0,0.0,0.0,0.0,0.0,0.8,0.4,0.0,1.0,0.44000000000000006,1.0,1.0,0.3333333333333333,0.0,1.0,0.6666666666666667,0.7339677254648416
nvbench2:test:482,482,qwen3:14b,direct,55,0.0,1.0,1,0,1.0,0.0,0.0,0.82450499990955,3,3,multi_gold,arc,0.0,0.0,0.0,0.0,0.0,0.0,0.0,0.0,0.0,0.0,0.0,0.0,0.0,0.0,0.0,0.0,0.0,0.0,0.0,0.0,0.0,0.0,0.0,0.0,0.0,0.0,1.0,1.0,0.5,1.0,1.0,0.9,1.0,1.0,0.5,1.0,1.0,0.9,0.40642634118843207
nvbench2:test:483,483,qwen3:14b,direct,55,0.0,1.0,1,0,1.0,0.0,0.0,0.8610616000369191,2,2,multi_gold,arc,0.0,0.0,0.0,0.0,0.0,0.0,0.0,0.0,0.0,0.0,0.0,0.0,0.0,0.0,0.0,0.0,0.0,0.0,0.0,0.0,0.0,0.0,0.0,0.0,0.0,0.0,1.0,1.0,0.5,1.0,1.0,0.9,1.0,1.0,0.5,1.0,1.0,0.9,0.5310259262712439
nvbench2:test:484,484,qwen3:14b,direct,55,0.0,1.0,5,1,1.0,1.0,0.0,6.153399999951944,2,2,multi_gold,rect,0.0,0.0,0.0,0.0,0.0,0.0,0.0,0.0,0.0,0.0,0.0,0.0,0.0,0.0,0.0,0.0,0.0,0.0,0.0,0.0,0.0,0.0,0.0,0.0,0.0,0.0,1.0,1.0,0.3333333333333333,0.0,1.0,0.6666666666666667,1.0,1.0,0.6666666666666666,0.5,1.0,0.8333333333333334,1.2743539047043568
nvbench2:test:485,485,qwen3:14b,direct,55,0.0,1.0,5,0,1.0,0.0,0.0,4.746866300003603,2,2,multi_gold,line,0.0,0.0,0.0,0.0,0.0,0.0,0.0,0.0,0.0,0.0,0.0,0.0,0.0,0.0,0.0,0.0,0.0,0.0,0.0,0.0,0.0,0.0,0.0,0.0,0.0,0.0,1.0,1.0,0.6666666666666666,0.4,0.0,0.6133333333333333,1.0,1.0,0.6666666666666666,0.4,0.0,0.6133333333333333,0.9183531428194023
nvbench2:test:486,486,qwen3:14b,direct,55,0.0,1.0,3,3,1.0,1.0,1.0,3.378017900045961,2,2,multi_gold,rect,0.0,0.0,0.0,0.0,0.0,0.0,0.0,0.0,0.0,0.0,0.0,0.0,0.0,0.0,0.0,0.0,0.0,0.0,0.0,0.0,0.0,0.0,0.0,0.0,0.0,0.0,1.0,1.0,1.0,0.6666666666666666,1.0,0.9333333333333333,1.0,1.0,1.0,0.6666666666666666,1.0,0.9333333333333333,1.1621296958787124
nvbench2:test:487,487,qwen3:14b,direct,55,0.0,1.0,3,3,1.0,1.0,1.0,2.568323799991049,2,2,multi_gold,line,0.0,0.0,0.0,0.0,0.0,0.0,0.0,0.0,0.0,0.0,0.0,0.0,0.0,0.0,0.0,0.0,0.0,0.0,0.0,0.0,0.0,0.0,0.0,0.0,0.0,0.0,1.0,1.0,1.0,0.6666666666666666,1.0,0.9333333333333333,1.0,1.0,1.0,0.6666666666666666,1.0,0.9333333333333333,1.0171479113093096
nvbench2:test:488,488,qwen3:14b,direct,55,0.0,1.0,5,1,1.0,1.0,0.0,4.4696055999957025,3,3,multi_gold,rect,0.0,0.0,0.0,0.0,0.0,0.0,0.0,0.0,0.0,0.0,0.0,0.0,0.0,0.0,0.0,0.0,0.0,0.0,0.0,0.0,0.0,0.0,0.0,0.0,0.0,0.0,1.0,1.0,0.3333333333333333,1.0,1.0,0.8666666666666666,1.0,1.0,0.6666666666666666,1.0,1.0,0.9333333333333333,0.8918834971035043
nvbench2:test:489,489,qwen3:14b,direct,55,0.0,1.0,5,1,1.0,1.0,0.0,3.275155699928291,2,2,multi_gold,arc,0.0,0.0,0.0,0.0,0.0,0.0,0.0,0.0,0.0,0.0,0.0,0.0,0.0,0.0,0.0,0.0,0.0,0.0,0.0,0.0,0.0,0.0,0.0,0.0,0.0,0.0,1.0,1.0,0.5,0.0,1.0,0.7,1.0,1.0,0.5,0.0,1.0,0.7,0.577857676734331
nvbench2:test:490,490,qwen3:14b,direct,55,0.0,1.0,5,1,1.0,1.0,0.0,4.362793700071052,5,5,multi_gold,arc,0.0,0.0,0.0,0.0,0.0,0.0,0.0,0.0,0.0,0.0,0.0,0.0,0.0,0.0,0.0,0.0,0.0,0.0,0.0,0.0,0.0,0.0,0.0,0.0,0.0,0.0,1.0,1.0,0.5,0.0,1.0,0.7,1.0,1.0,0.5,0.0,1.0,0.7,0.32975239390406985
nvbench2:test:491,491,qwen3:14b,direct,55,0.0,1.0,1,0,1.0,0.0,0.0,1.7387202000245452,2,2,multi_gold,point,0.0,0.0,0.0,0.0,0.0,0.0,0.0,0.0,0.0,0.0,0.0,0.0,0.0,0.0,0.0,0.0,0.0,0.0,0.0,0.0,0.0,0.0,0.0,0.0,0.0,0.0,1.0,0.6666666666666666,0.3333333333333333,0.0,0.0,0.4,1.0,0.6666666666666666,0.3333333333333333,0.0,0.0,0.4,0.19590537855675663
nvbench2:test:492,492,qwen3:14b,direct,55,0.0,1.0,1,1,1.0,1.0,1.0,1.2980158000718802,2,2,multi_gold,rect,0.0,0.0,0.0,0.0,0.0,0.0,0.0,0.0,0.0,0.0,0.0,0.0,0.0,0.0,0.0,0.0,0.0,0.0,0.0,0.0,0.0,0.0,0.0,0.0,0.0,0.0,1.0,1.0,1.0,1.0,1.0,1.0,1.0,1.0,1.0,1.0,1.0,1.0,0.6131471927654584
nvbench2:test:493,493,qwen3:14b,direct,55,0.0,1.0,1,0,1.0,0.0,0.0,0.7975454999832436,2,2,multi_gold,arc,0.0,0.0,0.0,0.0,0.0,0.0,0.0,0.0,0.0,0.0,0.0,0.0,0.0,0.0,0.0,0.0,0.0,0.0,0.0,0.0,0.0,0.0,0.0,0.0,0.0,0.0,1.0,1.0,0.5,1.0,1.0,0.9,1.0,1.0,0.5,1.0,1.0,0.9,0.5310259262712439
nvbench2:test:494,494,qwen3:14b,direct,55,0.0,1.0,2,2,1.0,1.0,1.0,2.4741632000077516,3,3,multi_gold,rect,0.0,0.0,0.0,0.0,0.0,0.0,0.0,0.0,0.0,0.0,0.0,0.0,0.0,0.0,0.0,0.0,0.0,0.0,0.0,0.0,0.0,0.0,0.0,0.0,0.0,0.0,1.0,1.0,1.0,1.0,1.0,1.0,1.0,1.0,1.0,1.0,1.0,1.0,0.738619468567907
nvbench2:test:495,495,qwen3:14b,direct,55,0.0,1.0,2,0,1.0,0.0,0.0,2.4550435000564903,2,2,multi_gold,bar,0.0,0.0,0.0,0.0,0.0,0.0,0.0,0.0,0.0,0.0,0.0,0.0,0.0,0.0,0.0,0.0,0.0,0.0,0.0,0.0,0.0,0.0,0.0,0.0,0.0,0.0,1.0,0.8,0.4,1.0,1.0,0.8400000000000001,1.0,0.8,0.4,1.0,1.0,0.8400000000000001,0.7900501418559449
nvbench2:test:496,496,qwen3:14b,direct,55,0.0,1.0,2,0,1.0,0.0,0.0,1.3913110999856144,2,2,multi_gold,arc,0.0,0.0,0.0,0.0,0.0,0.0,0.0,0.0,0.0,0.0,0.0,0.0,0.0,0.0,0.0,0.0,0.0,0.0,0.0,0.0,0.0,0.0,0.0,0.0,0.0,0.0,1.0,1.0,0.5,1.0,1.0,0.9,1.0,1.0,0.5,1.0,1.0,0.9,0.8660659830736148
nvbench2:test:497,497,qwen3:14b,direct,55,0.0,1.0,5,0,1.0,0.0,0.0,4.1595410000300035,2,2,multi_gold,bar,0.0,0.0,0.0,0.0,0.0,0.0,0.0,0.0,0.0,0.0,0.0,0.0,0.0,0.0,0.0,0.0,0.0,0.0,0.0,0.0,0.0,0.0,0.0,0.0,0.0,0.0,1.0,0.8,0.4,1.0,1.0,0.8400000000000001,1.0,0.8,0.4,1.0,1.0,0.8400000000000001,1.4282837994868038
nvbench2:test:498,498,qwen3:14b,direct,55,0.0,1.0,5,5,1.0,1.0,1.0,4.411732099950314,5,5,multi_gold,boxplot,0.0,0.0,0.0,0.0,0.0,0.0,0.0,0.0,0.0,0.0,0.0,0.0,0.0,0.0,0.0,0.0,0.0,0.0,0.0,0.0,0.0,0.0,0.0,0.0,0.0,0.0,1.0,1.0,1.0,1.0,1.0,1.0,1.0,1.0,1.0,1.0,1.0,1.0,1.0
nvbench2:test:499,499,qwen3:14b,direct,55,0.0,1.0,5,0,1.0,0.0,0.0,3.265780699905008,2,2,multi_gold,arc,0.0,0.0,0.0,0.0,0.0,0.0,0.0,0.0,0.0,0.0,0.0,0.0,0.0,0.0,0.0,0.0,0.0,0.0,0.0,0.0,0.0,0.0,0.0,0.0,0.0,0.0,1.0,1.0,0.5,1.0,0.0,0.7,1.0,1.0,0.5,1.0,0.0,0.7,0.9990359400328629
nvbench2:test:500,500,qwen3:14b,direct,55,0.0,1.0,5,0,1.0,0.0,0.0,4.500531700090505,5,5,multi_gold,bar,0.0,0.0,0.0,0.0,0.0,0.0,0.0,0.0,0.0,0.0,0.0,0.0,0.0,0.0,0.0,0.0,0.0,0.0,0.0,0.0,0.0,0.0,0.0,0.0,0.0,0.0,1.0,0.8,0.4,1.0,1.0,0.8400000000000001,1.0,0.8,0.4,1.0,1.0,0.8400000000000001,0.6485776437034223
nvbench2:test:501,501,qwen3:14b,direct,55,0.0,1.0,5,0,1.0,0.0,0.0,5.20354680006858,5,5,multi_gold,rect,0.0,0.0,0.0,0.0,0.0,0.0,0.0,0.0,0.0,0.0,0.0,0.0,0.0,0.0,0.0,0.0,0.0,0.0,0.0,0.0,0.0,0.0,0.0,0.0,0.0,0.0,1.0,1.0,0.0,0.5,0.0,0.5,1.0,1.0,0.0,0.5,0.0,0.5,0.41421356237309515
nvbench2:test:502,502,qwen3:14b,direct,55,0.0,1.0,5,5,1.0,1.0,1.0,3.518314199987799,3,3,multi_gold,arc,0.5,0.0,0.0,0.0,0.0,1.0,0.6666666666666666,0.6666666666666666,0.6666666666666666,1.0,1.0,0.6,0.7499999999999999,0.5,0.0,0.0,0.0,0.0,1.0,0.6666666666666666,0.6666666666666666,0.6666666666666666,1.0,1.0,0.6,0.7499999999999999,1.0,1.0,0.5,1.0,1.0,0.9,1.0,1.0,1.0,1.0,1.0,1.0,1.2964821326890317
nvbench2:test:503,503,qwen3:14b,direct,55,0.0,1.0,5,0,1.0,0.0,0.0,3.200489200069569,5,5,multi_gold,arc,0.0,0.0,0.0,0.0,0.0,0.0,0.0,0.0,0.0,0.0,0.0,0.0,0.0,0.0,0.0,0.0,0.0,0.0,0.0,0.0,0.0,0.0,0.0,0.0,0.0,0.0,1.0,1.0,0.5,1.0,1.0,0.9,1.0,1.0,0.5,1.0,1.0,0.9,0.4142972912163357
nvbench2:test:504,504,qwen3:14b,direct,55,0.0,1.0,5,0,1.0,0.0,0.0,4.054896399960853,5,5,multi_gold,bar,0.0,0.0,0.0,0.0,0.0,0.0,0.0,0.0,0.0,0.0,0.0,0.0,0.0,0.0,0.0,0.0,0.0,0.0,0.0,0.0,0.0,0.0,0.0,0.0,0.0,0.0,1.0,0.8,0.4,1.0,1.0,0.8400000000000001,1.0,0.8,0.4,1.0,1.0,0.8400000000000001,0.7900501418559448
nvbench2:test:505,505,qwen3:14b,direct,55,0.0,1.0,5,0,1.0,0.0,0.0,3.888229199917987,2,2,multi_gold,bar,0.0,0.0,0.0,0.0,0.0,0.0,0.0,0.0,0.0,0.0,0.0,0.0,0.0,0.0,0.0,0.0,0.0,0.0,0.0,0.0,0.0,0.0,0.0,0.0,0.0,0.0,1.0,0.8,0.4,1.0,0.0,0.64,1.0,0.8,0.4,1.0,0.0,0.64,1.009369470102159
nvbench2:test:506,506,qwen3:14b,direct,55,0.0,1.0,1,1,1.0,1.0,1.0,1.9405283000087366,2,1,single_gold,rect,0.0,0.0,0.0,0.0,0.0,0.0,0.0,0.0,0.0,0.0,0.0,0.0,0.0,0.0,0.0,0.0,0.0,0.0,0.0,0.0,0.0,0.0,0.0,0.0,0.0,0.0,1.0,1.0,0.3333333333333333,0.6666666666666666,0.0,0.6,1.0,1.0,0.3333333333333333,0.6666666666666666,0.0,0.6,0.515716566510398
nvbench2:test:507,507,qwen3:14b,direct,55,0.0,1.0,1,0,1.0,0.0,0.0,1.1153343999758363,5,5,multi_gold,bar+line+rect,0.0,0.0,0.0,0.0,0.0,0.0,0.0,0.0,0.0,0.0,0.0,0.0,0.0,0.0,0.0,0.0,0.0,0.0,0.0,0.0,0.0,0.0,0.0,0.0,0.0,0.0,1.0,0.8,0.8,0.0,1.0,0.72,1.0,0.8,0.8,0.0,1.0,0.72,0.2194983916823367
nvbench2:test:508,508,qwen3:14b,direct,55,0.0,1.0,2,0,1.0,0.0,0.0,1.4491668000118807,2,2,multi_gold,arc,0.0,0.0,0.0,0.0,0.0,0.0,0.0,0.0,0.0,0.0,0.0,0.0,0.0,0.0,0.0,0.0,0.0,0.0,0.0,0.0,0.0,0.0,0.0,0.0,0.0,0.0,1.0,1.0,0.5,1.0,1.0,0.9,1.0,1.0,0.5,1.0,1.0,0.9,0.8660659830736148
nvbench2:test:509,509,qwen3:14b,direct,55,0.0,1.0,1,0,1.0,0.0,0.0,1.1845682000275701,3,3,multi_gold,line,0.0,0.0,0.0,0.0,0.0,0.0,0.0,0.0,0.0,0.0,0.0,0.0,0.0,0.0,0.0,0.0,0.0,0.0,0.0,0.0,0.0,0.0,0.0,0.0,0.0,0.0,1.0,1.0,0.5,0.6666666666666666,1.0,0.8333333333333334,1.0,1.0,0.5,0.6666666666666666,1.0,0.8333333333333334,0.36688090490565395
nvbench2:test:510,510,qwen3:14b,direct,55,0.0,1.0,1,0,1.0,0.0,0.0,1.1614396999357268,2,2,multi_gold,boxplot,0.0,0.0,0.0,0.0,0.0,0.0,0.0,0.0,0.0,0.0,0.0,0.0,0.0,0.0,0.0,0.0,0.0,0.0,0.0,0.0,0.0,0.0,0.0,0.0,0.0,0.0,1.0,1.0,0.5,0.0,1.0,0.7,1.0,1.0,0.5,0.0,1.0,0.7,0.38291336052022606
nvbench2:test:511,511,qwen3:14b,direct,55,0.0,1.0,1,0,1.0,0.0,0.0,0.8060905000893399,3,3,multi_gold,arc,0.0,0.0,0.0,0.0,0.0,0.0,0.0,0.0,0.0,0.0,0.0,0.0,0.0,0.0,0.0,0.0,0.0,0.0,0.0,0.0,0.0,0.0,0.0,0.0,0.0,0.0,1.0,1.0,0.5,1.0,1.0,0.9,1.0,1.0,0.5,1.0,1.0,0.9,0.40642634118843207
nvbench2:test:512,512,qwen3:14b,direct,55,0.0,1.0,1,0,1.0,0.0,0.0,0.8662683999864385,3,3,multi_gold,arc,0.0,0.0,0.0,0.0,0.0,0.0,0.0,0.0,0.0,0.0,0.0,0.0,0.0,0.0,0.0,0.0,0.0,0.0,0.0,0.0,0.0,0.0,0.0,0.0,0.0,0.0,1.0,1.0,0.5,1.0,1.0,0.9,1.0,1.0,0.5,1.0,1.0,0.9,0.40642634118843207
nvbench2:test:513,513,qwen3:14b,direct,55,0.0,1.0,5,5,1.0,1.0,1.0,3.9098147999029607,2,2,multi_gold,point,0.0,0.0,0.0,0.0,0.0,0.0,0.0,0.0,0.0,0.0,0.0,0.0,0.0,0.0,0.0,0.0,0.0,0.0,0.0,0.0,0.0,0.0,0.0,0.0,0.0,0.0,1.0,0.8,0.0,1.0,1.0,0.76,1.0,0.8,0.8,1.0,1.0,0.9199999999999999,1.2352880046034675
nvbench2:test:514,514,qwen3:14b,direct,55,0.0,1.0,5,4,1.0,1.0,0.0,4.394980099983513,2,2,multi_gold,boxplot,0.0,0.0,0.0,0.0,0.0,0.0,0.0,0.0,0.0,0.0,0.0,0.0,0.0,0.0,0.0,0.0,0.0,0.0,0.0,0.0,0.0,0.0,0.0,0.0,0.0,0.0,1.0,1.0,1.0,1.0,1.0,1.0,1.0,1.0,1.0,1.0,1.0,1.0,1.5986907129567547
nvbench2:test:515,515,qwen3:14b,direct,55,0.0,1.0,5,5,1.0,1.0,1.0,3.8254267000593245,2,2,multi_gold,point,0.0,0.0,0.0,0.0,0.0,0.0,0.0,0.0,0.0,0.0,0.0,0.0,0.0,0.0,0.0,0.0,0.0,0.0,0.0,0.0,0.0,0.0,0.0,0.0,0.0,0.0,1.0,0.8,0.0,1.0,0.0,0.5599999999999999,1.0,0.8,0.4,1.0,0.0,0.64,0.8446538178854343
nvbench2:test:516,516,qwen3:14b,direct,55,0.0,1.0,5,5,1.0,1.0,1.0,4.347147700027563,4,4,multi_gold,point,0.0,0.0,0.0,0.0,0.0,0.0,0.0,0.0,0.0,0.0,0.0,0.0,0.0,0.0,0.0,0.0,0.0,0.0,0.0,0.0,0.0,0.0,0.0,0.0,0.0,0.0,1.0,0.8,0.0,0.0,1.0,0.5599999999999999,1.0,0.8,0.0,0.0,1.0,0.5599999999999999,0.40272254998143914
nvbench2:test:517,517,qwen3:14b,direct,55,0.0,1.0,5,5,1.0,1.0,1.0,4.953779099974781,4,4,multi_gold,rect,0.0,0.0,0.0,0.0,0.0,0.0,0.0,0.0,0.0,0.0,0.0,0.0,0.0,0.0,0.0,0.0,0.0,0.0,0.0,0.0,0.0,0.0,0.0,0.0,0.0,0.0,1.0,1.0,0.6666666666666666,1.0,1.0,0.9333333333333333,1.0,1.0,1.0,1.0,1.0,1.0,0.7172979775051104
nvbench2:test:518,518,qwen3:14b,direct,55,0.0,1.0,1,0,1.0,0.0,0.0,1.1101637999527156,3,3,multi_gold,arc,0.0,0.0,0.0,0.0,0.0,0.0,0.0,0.0,0.0,0.0,0.0,0.0,0.0,0.0,0.0,0.0,0.0,0.0,0.0,0.0,0.0,0.0,0.0,0.0,0.0,0.0,1.0,1.0,0.5,0.0,0.0,0.5,1.0,1.0,0.5,0.0,0.0,0.5,0.19438161285179364
nvbench2:test:519,519,qwen3:14b,direct,55,0.0,1.0,5,5,1.0,1.0,1.0,4.1122568000573665,3,3,multi_gold,boxplot,0.0,0.0,0.0,0.0,0.0,0.0,0.0,0.0,0.0,0.0,0.0,0.0,0.0,0.0,0.0,0.0,0.0,0.0,0.0,0.0,0.0,0.0,0.0,0.0,0.0,0.0,1.0,1.0,0.0,0.0,1.0,0.6,1.0,1.0,0.0,0.0,1.0,0.6,0.5341633936558466
nvbench2:test:520,520,qwen3:14b,direct,55,0.0,1.0,5,3,1.0,1.0,0.0,4.365292700007558,3,3,multi_gold,rect,0.0,0.0,0.0,0.0,0.0,0.0,0.0,0.0,0.0,0.0,0.0,0.0,0.0,0.0,0.0,0.0,0.0,0.0,0.0,0.0,0.0,0.0,0.0,0.0,0.0,0.0,1.0,1.0,0.3333333333333333,1.0,1.0,0.8666666666666666,1.0,1.0,0.3333333333333333,1.0,1.0,0.8666666666666666,0.6330131425951485
nvbench2:test:521,521,qwen3:14b,direct,55,0.0,1.0,1,0,1.0,0.0,0.0,0.9853091000113636,2,2,multi_gold,arc,0.0,0.0,0.0,0.0,0.0,0.0,0.0,0.0,0.0,0.0,0.0,0.0,0.0,0.0,0.0,0.0,0.0,0.0,0.0,0.0,0.0,0.0,0.0,0.0,0.0,0.0,1.0,1.0,0.5,0.6666666666666666,1.0,0.8333333333333334,1.0,1.0,0.5,0.6666666666666666,1.0,0.8333333333333334,0.47935690336673037
nvbench2:test:522,522,qwen3:14b,direct,55,0.0,1.0,4,1,1.0,1.0,0.0,3.6348305999999866,5,5,multi_gold,bar,0.0,0.0,0.0,0.0,0.0,0.0,0.0,0.0,0.0,0.0,0.0,0.0,0.0,0.0,0.0,0.0,0.0,0.0,0.0,0.0,0.0,0.0,0.0,0.0,0.0,0.0,1.0,1.0,1.0,1.0,1.0,1.0,1.0,1.0,1.0,1.0,1.0,1.0,0.7978588173075115
nvbench2:test:523,523,qwen3:14b,direct,55,0.0,1.0,5,0,1.0,0.0,0.0,3.6356650000670925,2,2,multi_gold,arc,0.0,0.0,0.0,0.0,0.0,0.0,0.0,0.0,0.0,0.0,0.0,0.0,0.0,0.0,0.0,0.0,0.0,0.0,0.0,0.0,0.0,0.0,0.0,0.0,0.0,0.0,1.0,1.0,0.5,1.0,1.0,0.9,1.0,1.0,0.5,1.0,1.0,0.9,0.7442519461563833
nvbench2:test:524,524,qwen3:14b,direct,55,0.0,1.0,5,0,1.0,0.0,0.0,3.7284753000130877,5,5,multi_gold,bar+line+rect,0.0,0.0,0.0,0.0,0.0,0.0,0.0,0.0,0.0,0.0,0.0,0.0,0.0,0.0,0.0,0.0,0.0,0.0,0.0,0.0,0.0,0.0,0.0,0.0,0.0,0.0,1.0,0.8,0.4,0.6666666666666666,1.0,0.7733333333333333,1.0,0.8,0.4,0.6666666666666666,1.0,0.7733333333333333,0.709214348529799
nvbench2:test:525,525,qwen3:14b,direct,55,0.0,1.0,5,0,1.0,0.0,0.0,6.4734939999179915,5,5,multi_gold,line,0.0,0.0,0.0,0.0,0.0,0.0,0.0,0.0,0.0,0.0,0.0,0.0,0.0,0.0,0.0,0.0,0.0,0.0,0.0,0.0,0.0,0.0,0.0,0.0,0.0,0.0,1.0,0.6666666666666666,0.3333333333333333,1.0,0.0,0.6,1.0,0.6666666666666666,0.3333333333333333,1.0,0.0,0.6,0.48997299462576643
nvbench2:test:526,526,qwen3:14b,direct,55,0.0,1.0,5,0,1.0,0.0,0.0,3.386218599975109,2,2,multi_gold,arc,0.0,0.0,0.0,0.0,0.0,0.0,0.0,0.0,0.0,0.0,0.0,0.0,0.0,0.0,0.0,0.0,0.0,0.0,0.0,0.0,0.0,0.0,0.0,0.0,0.0,0.0,1.0,1.0,0.5,1.0,0.0,0.7,1.0,1.0,0.5,1.0,0.0,0.7,0.6245047927124708
nvbench2:test:527,527,qwen3:14b,direct,55,0.0,1.0,5,5,1.0,1.0,1.0,3.087870500050485,3,3,multi_gold,bar,0.0,0.0,0.0,0.0,0.0,0.0,0.0,0.0,0.0,0.0,0.0,0.0,0.0,0.0,0.0,0.0,0.0,0.0,0.0,0.0,0.0,0.0,0.0,0.0,0.0,0.0,1.0,1.0,0.5,0.6666666666666666,0.0,0.6333333333333333,1.0,1.0,1.0,0.6666666666666666,0.0,0.7333333333333333,0.787178475560957
nvbench2:test:528,528,qwen3:14b,direct,55,0.0,1.0,5,0,1.0,0.0,0.0,5.523934799944982,3,3,multi_gold,line,0.0,0.0,0.0,0.0,0.0,0.0,0.0,0.0,0.0,0.0,0.0,0.0,0.0,0.0,0.0,0.0,0.0,0.0,0.0,0.0,0.0,0.0,0.0,0.0,0.0,0.0,1.0,1.0,0.5,0.6666666666666666,0.0,0.6333333333333333,1.0,1.0,0.5,0.6666666666666666,0.0,0.6333333333333333,0.5727567347306725
nvbench2:test:529,529,qwen3:14b,direct,55,0.0,1.0,5,0,1.0,0.0,0.0,4.428828200092539,3,3,multi_gold,line,0.0,0.0,0.0,0.0,0.0,0.0,0.0,0.0,0.0,0.0,0.0,0.0,0.0,0.0,0.0,0.0,0.0,0.0,0.0,0.0,0.0,0.0,0.0,0.0,0.0,0.0,1.0,1.0,0.5,0.6666666666666666,0.0,0.6333333333333333,1.0,1.0,0.5,0.6666666666666666,0.0,0.6333333333333333,0.5727567347306725
nvbench2:test:530,530,qwen3:14b,direct,55,0.0,1.0,1,0,1.0,0.0,0.0,2.900400400045328,3,3,multi_gold,bar,0.0,0.0,0.0,0.0,0.0,0.0,0.0,0.0,0.0,0.0,0.0,0.0,0.0,0.0,0.0,0.0,0.0,0.0,0.0,0.0,0.0,0.0,0.0,0.0,0.0,0.0,1.0,1.0,1.0,1.0,0.0,0.8,1.0,1.0,1.0,1.0,0.0,0.8,0.3477829925412398
nvbench2:test:531,531,qwen3:14b,direct,55,0.0,1.0,5,0,1.0,0.0,0.0,8.173078599967994,3,3,multi_gold,line,0.0,0.0,0.0,0.0,0.0,0.0,0.0,0.0,0.0,0.0,0.0,0.0,0.0,0.0,0.0,0.0,0.0,0.0,0.0,0.0,0.0,0.0,0.0,0.0,0.0,0.0,1.0,1.0,0.0,0.6666666666666666,0.0,0.5333333333333333,1.0,0.8,0.4,0.6666666666666666,0.0,0.5733333333333334,0.6164631305052327
nvbench2:test:532,532,qwen3:14b,direct,55,0.0,1.0,5,5,1.0,1.0,1.0,3.641186800086871,3,3,multi_gold,arc+bar+line,0.0,0.0,0.0,0.0,0.0,0.0,0.0,0.0,0.0,0.0,0.0,0.0,0.0,0.0,0.0,0.0,0.0,0.0,0.0,0.0,0.0,0.0,0.0,0.0,0.0,0.0,1.0,1.0,1.0,1.0,1.0,1.0,1.0,1.0,1.0,1.0,1.0,1.0,1.261183836664144
nvbench2:test:533,533,qwen3:14b,direct,55,0.0,1.0,3,0,1.0,0.0,0.0,3.0336655999999493,3,3,multi_gold,line,0.0,0.0,0.0,0.0,0.0,0.0,0.0,0.0,0.0,0.0,0.0,0.0,0.0,0.0,0.0,0.0,0.0,0.0,0.0,0.0,0.0,0.0,0.0,0.0,0.0,0.0,0.0,1.0,0.5,1.0,0.0,0.5,0.0,1.0,0.5,1.0,0.0,0.5,0.4142135623730951
nvbench2:test:534,534,qwen3:14b,direct,55,0.0,1.0,1,0,1.0,0.0,0.0,2.4691907999804243,2,2,multi_gold,bar,0.0,0.0,0.0,0.0,0.0,0.0,0.0,0.0,0.0,0.0,0.0,0.0,0.0,0.0,0.0,0.0,0.0,0.0,0.0,0.0,0.0,0.0,0.0,0.0,0.0,0.0,1.0,1.0,1.0,1.0,0.0,0.8,1.0,1.0,1.0,1.0,0.0,0.8,0.4544040753253556
nvbench2:test:535,535,qwen3:14b,direct,55,0.0,1.0,5,5,1.0,1.0,1.0,4.559682200080715,3,3,multi_gold,line,0.0,0.0,0.0,0.0,0.0,0.0,0.0,0.0,0.0,0.0,0.0,0.0,0.0,0.0,0.0,0.0,0.0,0.0,0.0,0.0,0.0,0.0,0.0,0.0,0.0,0.0,1.0,1.0,1.0,0.6666666666666666,0.0,0.7333333333333333,1.0,1.0,1.0,0.6666666666666666,0.0,0.7333333333333333,0.7066465532062892
nvbench2:test:536,536,qwen3:14b,direct,55,0.0,1.0,5,5,1.0,1.0,1.0,4.842217299970798,2,2,multi_gold,bar,0.0,0.0,0.0,0.0,0.0,0.0,0.0,0.0,0.0,0.0,0.0,0.0,0.0,0.0,0.0,0.0,0.0,0.0,0.0,0.0,0.0,0.0,0.0,0.0,0.0,0.0,1.0,1.0,0.6666666666666666,1.0,0.0,0.7333333333333333,1.0,1.0,1.0,1.0,0.0,0.8,1.2162996093201337
nvbench2:test:537,537,qwen3:14b,direct,55,0.0,1.0,5,1,1.0,1.0,0.0,4.428809299948625,3,3,multi_gold,rect,0.0,0.0,0.0,0.0,0.0,0.0,0.0,0.0,0.0,0.0,0.0,0.0,0.0,0.0,0.0,0.0,0.0,0.0,0.0,0.0,0.0,0.0,0.0,0.0,0.0,0.0,1.0,1.0,0.3333333333333333,1.0,1.0,0.8666666666666666,1.0,1.0,0.3333333333333333,1.0,1.0,0.8666666666666666,0.6455814648248184
nvbench2:test:538,538,qwen3:14b,direct,55,0.0,1.0,5,1,1.0,1.0,0.0,5.908020200091414,3,3,multi_gold,arc,0.0,0.0,0.0,0.0,0.0,0.0,0.0,0.0,0.0,0.0,0.0,0.0,0.0,0.0,0.0,0.0,0.0,0.0,0.0,0.0,0.0,0.0,0.0,0.0,0.0,0.0,1.0,0.8,0.4,0.0,1.0,0.64,1.0,0.8,0.4,0.0,1.0,0.64,0.521168251601296
nvbench2:test:539,539,qwen3:14b,direct,55,0.0,1.0,3,0,1.0,0.0,0.0,2.762937300023623,2,2,multi_gold,bar,0.0,0.0,0.0,0.0,0.0,0.0,0.0,0.0,0.0,0.0,0.0,0.0,0.0,0.0,0.0,0.0,0.0,0.0,0.0,0.0,0.0,0.0,0.0,0.0,0.0,0.0,1.0,0.8,0.4,1.0,1.0,0.8400000000000001,1.0,0.8,0.4,1.0,1.0,0.8400000000000001,0.8828237508877304
nvbench2:test:540,540,qwen3:14b,direct,55,0.0,1.0,5,0,1.0,0.0,0.0,4.733396099996753,4,4,multi_gold,line,0.0,0.0,0.0,0.0,0.0,0.0,0.0,0.0,0.0,0.0,0.0,0.0,0.0,0.0,0.0,0.0,0.0,0.0,0.0,0.0,0.0,0.0,0.0,0.0,0.0,0.0,1.0,1.0,0.5,0.6666666666666666,1.0,0.8333333333333334,1.0,1.0,0.5,0.6666666666666666,1.0,0.8333333333333334,0.8042748160644344
nvbench2:test:541,541,qwen3:14b,direct,55,0.0,1.0,5,3,1.0,1.0,0.0,5.972161200013943,2,2,multi_gold,rect,0.0,0.0,0.0,0.0,0.0,0.0,0.0,0.0,0.0,0.0,0.0,0.0,0.0,0.0,0.0,0.0,0.0,0.0,0.0,0.0,0.0,0.0,0.0,0.0,0.0,0.0,1.0,1.0,1.0,1.0,1.0,1.0,1.0,1.0,1.0,1.0,1.0,1.0,1.6289831428383348
nvbench2:test:542,542,qwen3:14b,direct,55,0.0,1.0,5,0,1.0,0.0,0.0,4.467435700003989,2,2,multi_gold,arc,0.0,0.0,0.0,0.0,0.0,0.0,0.0,0.0,0.0,0.0,0.0,0.0,0.0,0.0,0.0,0.0,0.0,0.0,0.0,0.0,0.0,0.0,0.0,0.0,0.0,0.0,1.0,1.0,0.5,0.6666666666666666,0.0,0.6333333333333333,1.0,1.0,0.5,0.6666666666666666,0.0,0.6333333333333333,0.8961335942783388
nvbench2:test:543,543,qwen3:14b,direct,55,0.0,1.0,5,1,1.0,1.0,0.0,3.85596469999291,5,5,multi_gold,bar+line+rect,0.0,0.0,0.0,0.0,0.0,0.0,0.0,0.0,0.0,0.0,0.0,0.0,0.0,0.0,0.0,0.0,0.0,0.0,0.0,0.0,0.0,0.0,0.0,0.0,0.0,0.0,1.0,0.8,0.4,1.0,1.0,0.8400000000000001,1.0,0.8,0.8,1.0,1.0,0.9199999999999999,0.7745556606511748
nvbench2:test:544,544,qwen3:14b,direct,55,0.0,1.0,5,0,1.0,0.0,0.0,3.8316094999900088,2,2,multi_gold,bar,0.0,0.0,0.0,0.0,0.0,0.0,0.0,0.0,0.0,0.0,0.0,0.0,0.0,0.0,0.0,0.0,0.0,0.0,0.0,0.0,0.0,0.0,0.0,0.0,0.0,0.0,1.0,0.8,0.4,1.0,1.0,0.8400000000000001,1.0,0.8,0.4,1.0,1.0,0.8400000000000001,1.405380102877249
nvbench2:test:545,545,qwen3:14b,direct,55,0.0,1.0,1,1,1.0,1.0,1.0,1.4941161000169814,2,2,multi_gold,rect,0.0,0.0,0.0,0.0,0.0,0.0,0.0,0.0,0.0,0.0,0.0,0.0,0.0,0.0,0.0,0.0,0.0,0.0,0.0,0.0,0.0,0.0,0.0,0.0,0.0,0.0,1.0,1.0,0.3333333333333333,0.0,1.0,0.6666666666666667,1.0,1.0,0.3333333333333333,0.0,1.0,0.6666666666666667,0.3601633060417787
nvbench2:test:546,546,qwen3:14b,direct,55,0.0,1.0,1,0,1.0,0.0,0.0,0.8296339999651536,3,3,multi_gold,arc,0.0,0.0,0.0,0.0,0.0,0.0,0.0,0.0,0.0,0.0,0.0,0.0,0.0,0.0,0.0,0.0,0.0,0.0,0.0,0.0,0.0,0.0,0.0,0.0,0.0,0.0,1.0,1.0,0.5,1.0,1.0,0.9,1.0,1.0,0.5,1.0,1.0,0.9,0.40642634118843207
nvbench2:test:547,547,qwen3:14b,direct,55,0.0,1.0,1,1,1.0,1.0,1.0,1.3709738999605179,4,3,multi_gold,rect,0.0,0.0,0.0,0.0,0.0,0.0,0.0,0.0,0.0,0.0,0.0,0.0,0.0,0.0,0.0,0.0,0.0,0.0,0.0,0.0,0.0,0.0,0.0,0.0,0.0,0.0,1.0,1.0,1.0,1.0,1.0,1.0,1.0,1.0,1.0,1.0,1.0,1.0,0.46927872602275644
nvbench2:test:548,548,qwen3:14b,direct,55,0.0,1.0,5,5,1.0,1.0,1.0,3.8152105000335723,5,5,multi_gold,line,0.0,0.0,0.0,0.0,0.0,0.0,0.0,0.0,0.0,0.0,0.0,0.0,0.0,0.0,0.0,0.0,0.0,0.0,0.0,0.0,0.0,0.0,0.0,0.0,0.0,0.0,1.0,1.0,1.0,1.0,1.0,1.0,1.0,1.0,1.0,1.0,1.0,1.0,0.8174246488043223
nvbench2:test:549,549,qwen3:14b,direct,55,0.0,1.0,1,0,1.0,0.0,0.0,1.0451897999737412,5,5,multi_gold,bar+line+rect,0.0,0.0,0.0,0.0,0.0,0.0,0.0,0.0,0.0,0.0,0.0,0.0,0.0,0.0,0.0,0.0,0.0,0.0,0.0,0.0,0.0,0.0,0.0,0.0,0.0,0.0,1.0,0.8,0.8,0.0,1.0,0.72,1.0,0.8,0.8,0.0,1.0,0.72,0.2194983916823367
nvbench2:test:550,550,qwen3:14b,direct,55,0.0,1.0,2,0,1.0,0.0,0.0,2.035545999999158,2,2,multi_gold,bar,0.0,0.0,0.0,0.0,0.0,0.0,0.0,0.0,0.0,0.0,0.0,0.0,0.0,0.0,0.0,0.0,0.0,0.0,0.0,0.0,0.0,0.0,0.0,0.0,0.0,0.0,1.0,0.8,0.4,1.0,0.0,0.64,1.0,0.8,0.4,1.0,0.0,0.64,0.5583291593209998
nvbench2:test:551,551,qwen3:14b,direct,55,0.0,1.0,5,5,1.0,1.0,1.0,5.763954400084913,3,3,multi_gold,line,0.0,0.0,0.0,0.0,0.0,0.0,0.0,0.0,0.0,0.0,0.0,0.0,0.0,0.0,0.0,0.0,0.0,0.0,0.0,0.0,0.0,0.0,0.0,0.0,0.0,0.0,1.0,1.0,0.6666666666666666,0.6666666666666666,0.0,0.6666666666666666,1.0,1.0,1.0,0.6666666666666666,0.0,0.7333333333333333,0.7240141629302272
nvbench2:test:552,552,qwen3:14b,direct,55,0.0,1.0,1,0,1.0,0.0,0.0,0.8771085999906063,2,2,multi_gold,arc,0.0,0.0,0.0,0.0,0.0,0.0,0.0,0.0,0.0,0.0,0.0,0.0,0.0,0.0,0.0,0.0,0.0,0.0,0.0,0.0,0.0,0.0,0.0,0.0,0.0,0.0,1.0,1.0,0.5,1.0,1.0,0.9,1.0,1.0,0.5,1.0,1.0,0.9,0.5310259262712439
nvbench2:test:553,553,qwen3:14b,direct,55,0.0,1.0,1,0,1.0,0.0,0.0,1.0290689999237657,3,3,multi_gold,bar,0.0,0.0,0.0,0.0,0.0,0.0,0.0,0.0,0.0,0.0,0.0,0.0,0.0,0.0,0.0,0.0,0.0,0.0,0.0,0.0,0.0,0.0,0.0,0.0,0.0,0.0,1.0,1.0,0.5,1.0,1.0,0.9,1.0,1.0,0.5,1.0,1.0,0.9,0.40642634118843207
nvbench2:test:554,554,qwen3:14b,direct,55,0.0,1.0,1,0,1.0,0.0,0.0,1.4694847000064328,2,2,multi_gold,arc,0.0,0.0,0.0,0.0,0.0,0.0,0.0,0.0,0.0,0.0,0.0,0.0,0.0,0.0,0.0,0.0,0.0,0.0,0.0,0.0,0.0,0.0,0.0,0.0,0.0,0.0,1.0,0.8,0.4,0.0,1.0,0.64,1.0,0.8,0.4,0.0,1.0,0.64,0.34233795667676936
nvbench2:test:555,555,qwen3:14b,direct,55,0.0,1.0,2,2,1.0,1.0,1.0,1.4875154999317601,2,2,multi_gold,bar,0.0,0.0,0.0,0.0,0.0,0.0,0.0,0.0,0.0,0.0,0.0,0.0,0.0,0.0,0.0,0.0,0.0,0.0,0.0,0.0,0.0,0.0,0.0,0.0,0.0,0.0,1.0,0.8,0.8,1.0,1.0,0.9199999999999999,1.0,0.8,0.8,1.0,1.0,0.9199999999999999,0.8921152934511918
nvbench2:test:556,556,qwen3:14b,direct,55,0.0,1.0,1,1,1.0,1.0,1.0,1.3623687999788672,2,1,single_gold,rect,0.0,0.0,0.0,0.0,0.0,0.0,0.0,0.0,0.0,0.0,0.0,0.0,0.0,0.0,0.0,0.0,0.0,0.0,0.0,0.0,0.0,0.0,0.0,0.0,0.0,0.0,1.0,1.0,1.0,1.0,1.0,1.0,1.0,1.0,1.0,1.0,1.0,1.0,1.0
nvbench2:test:557,557,qwen3:14b,direct,55,0.0,1.0,1,1,1.0,1.0,1.0,1.0109751999843866,5,5,multi_gold,bar+line+rect,0.0,0.0,0.0,0.0,0.0,0.0,0.0,0.0,0.0,0.0,0.0,0.0,0.0,0.0,0.0,0.0,0.0,0.0,0.0,0.0,0.0,0.0,0.0,0.0,0.0,0.0,0.0,0.8,0.8,0.0,0.0,0.32,0.0,0.8,0.8,0.0,0.0,0.32,0.08422383994118045
nvbench2:test:558,558,qwen3:14b,direct,55,0.0,1.0,5,5,1.0,1.0,1.0,7.134194100042805,2,2,multi_gold,arc,0.0,0.0,0.0,0.0,0.0,0.0,0.0,0.0,0.0,0.0,0.0,0.0,0.0,0.0,0.0,0.0,0.0,0.0,0.0,0.0,0.0,0.0,0.0,0.0,0.0,0.0,0.0,0.4,0.4,0.0,0.0,0.16,0.0,0.4,0.4,0.0,0.0,0.16,0.1347673638258187
nvbench2:test:559,559,qwen3:14b,direct,55,0.0,1.0,1,1,1.0,1.0,1.0,1.3518345999764279,2,1,single_gold,rect,0.0,0.0,0.0,0.0,0.0,0.0,0.0,0.0,0.0,0.0,0.0,0.0,0.0,0.0,0.0,0.0,0.0,0.0,0.0,0.0,0.0,0.0,0.0,0.0,0.0,0.0,1.0,1.0,1.0,1.0,1.0,1.0,1.0,1.0,1.0,1.0,1.0,1.0,1.0
nvbench2:test:560,560,qwen3:14b,direct,55,0.0,1.0,5,5,1.0,1.0,1.0,3.628249100060202,3,3,multi_gold,point,0.0,0.0,0.0,0.0,0.0,0.0,0.0,0.0,0.0,0.0,0.0,0.0,0.0,0.0,0.0,0.0,0.0,0.0,0.0,0.0,0.0,0.0,0.0,0.0,0.0,0.0,1.0,0.8,0.4,0.0,1.0,0.64,1.0,0.8,0.4,0.0,1.0,0.64,0.7109301292390423
nvbench2:test:561,561,qwen3:14b,direct,55,0.0,1.0,3,0,1.0,0.0,0.0,2.521756300004199,5,5,multi_gold,line,0.0,0.0,0.0,0.0,0.0,0.0,0.0,0.0,0.0,0.0,0.0,0.0,0.0,0.0,0.0,0.0,0.0,0.0,0.0,0.0,0.0,0.0,0.0,0.0,0.0,0.0,1.0,1.0,0.5,0.6666666666666666,1.0,0.8333333333333334,1.0,1.0,0.5,0.6666666666666666,1.0,0.8333333333333334,0.47655517316364726
nvbench2:test:562,562,qwen3:14b,direct,55,0.0,1.0,3,0,1.0,0.0,0.0,2.328125,3,3,multi_gold,rect,0.0,0.0,0.0,0.0,0.0,0.0,0.0,0.0,0.0,0.0,0.0,0.0,0.0,0.0,0.0,0.0,0.0,0.0,0.0,0.0,0.0,0.0,0.0,0.0,0.0,0.0,0.0,0.8,0.4,0.0,1.0,0.44000000000000006,0.0,0.8,0.8,0.0,1.0,0.52,0.37475389817812765
nvbench2:test:563,563,qwen3:14b,direct,55,0.0,1.0,5,1,1.0,1.0,0.0,3.290121699916199,2,2,multi_gold,boxplot,0.0,0.0,0.0,0.0,0.0,0.0,0.0,0.0,0.0,0.0,0.0,0.0,0.0,0.0,0.0,0.0,0.0,0.0,0.0,0.0,0.0,0.0,0.0,0.0,0.0,0.0,1.0,1.0,0.5,0.0,1.0,0.7,1.0,1.0,0.5,0.0,1.0,0.7,1.1290043895666126
nvbench2:test:564,564,qwen3:14b,direct,55,0.0,1.0,5,5,1.0,1.0,1.0,5.250694699934684,3,3,multi_gold,rect,0.0,0.0,0.0,0.0,0.0,0.0,0.0,0.0,0.0,0.0,0.0,0.0,0.0,0.0,0.0,0.0,0.0,0.0,0.0,0.0,0.0,0.0,0.0,0.0,0.0,0.0,1.0,1.0,0.6666666666666666,0.0,1.0,0.7333333333333333,1.0,1.0,0.6666666666666666,1.0,1.0,0.9333333333333333,0.9765261584117677
nvbench2:test:565,565,qwen3:14b,direct,55,0.0,1.0,5,5,1.0,1.0,1.0,4.040773399989121,4,4,multi_gold,boxplot,0.0,0.0,0.0,0.0,0.0,0.0,0.0,0.0,0.0,0.0,0.0,0.0,0.0,0.0,0.0,0.0,0.0,0.0,0.0,0.0,0.0,0.0,0.0,0.0,0.0,0.0,1.0,1.0,0.5,1.0,1.0,0.9,1.0,1.0,1.0,1.0,1.0,1.0,0.9965045568999276
nvbench2:test:566,566,qwen3:14b,direct,55,0.0,1.0,5,5,1.0,1.0,1.0,4.0408979000058025,4,4,multi_gold,boxplot,0.0,0.0,0.0,0.0,0.0,0.0,0.0,0.0,0.0,0.0,0.0,0.0,0.0,0.0,0.0,0.0,0.0,0.0,0.0,0.0,0.0,0.0,0.0,0.0,0.0,0.0,1.0,1.0,0.5,1.0,1.0,0.9,1.0,1.0,1.0,1.0,1.0,1.0,0.9965045568999276
nvbench2:test:567,567,qwen3:14b,direct,55,0.0,1.0,1,0,1.0,0.0,0.0,5.3941159000387415,2,2,multi_gold,arc,0.0,0.0,0.0,0.0,0.0,0.0,0.0,0.0,0.0,0.0,0.0,0.0,0.0,0.0,0.0,0.0,0.0,0.0,0.0,0.0,0.0,0.0,0.0,0.0,0.0,0.0,1.0,1.0,1.0,0.6666666666666666,1.0,0.9333333333333333,1.0,1.0,1.0,0.6666666666666666,1.0,0.9333333333333333,0.5577697051812209
nvbench2:test:568,568,qwen3:14b,direct,55,0.0,1.0,3,3,1.0,1.0,1.0,2.695068799890578,3,3,multi_gold,arc+bar+line,0.0,0.0,0.0,0.0,0.0,0.0,0.0,0.0,0.0,0.0,0.0,0.0,0.0,0.0,0.0,0.0,0.0,0.0,0.0,0.0,0.0,0.0,0.0,0.0,0.0,0.0,1.0,1.0,1.0,0.6666666666666666,0.0,0.7333333333333333,1.0,1.0,1.0,0.6666666666666666,0.0,0.7333333333333333,0.6119798633408251
nvbench2:test:569,569,qwen3:14b,direct,55,0.0,1.0,5,5,1.0,1.0,1.0,4.127575100050308,4,4,multi_gold,line,0.0,0.0,0.0,0.0,0.0,0.0,0.0,0.0,0.0,0.0,0.0,0.0,0.0,0.0,0.0,0.0,0.0,0.0,0.0,0.0,0.0,0.0,0.0,0.0,0.0,0.0,1.0,0.8,0.4,0.0,0.0,0.44000000000000006,1.0,1.0,1.0,0.0,0.0,0.6,0.3945326551115052
nvbench2:test:570,570,qwen3:14b,direct,55,0.0,1.0,3,3,1.0,1.0,1.0,2.4212870000628754,4,4,multi_gold,line,0.0,0.0,0.0,0.0,0.0,0.0,0.0,0.0,0.0,0.0,0.0,0.0,0.0,0.0,0.0,0.0,0.0,0.0,0.0,0.0,0.0,0.0,0.0,0.0,0.0,0.0,1.0,1.0,1.0,1.0,1.0,1.0,1.0,1.0,1.0,1.0,1.0,1.0,0.717570575194361
nvbench2:test:571,571,qwen3:14b,direct,55,0.0,1.0,5,0,1.0,0.0,0.0,3.389028099947609,3,3,multi_gold,arc,0.0,0.0,0.0,0.0,0.0,0.0,0.0,0.0,0.0,0.0,0.0,0.0,0.0,0.0,0.0,0.0,0.0,0.0,0.0,0.0,0.0,0.0,0.0,0.0,0.0,0.0,1.0,1.0,0.5,1.0,1.0,0.9,1.0,1.0,0.5,1.0,1.0,0.9,0.7547912956477073
nvbench2:test:572,572,qwen3:14b,direct,55,0.0,1.0,4,1,1.0,1.0,0.0,3.960125799989328,5,5,multi_gold,bar,0.0,0.0,0.0,0.0,0.0,0.0,0.0,0.0,0.0,0.0,0.0,0.0,0.0,0.0,0.0,0.0,0.0,0.0,0.0,0.0,0.0,0.0,0.0,0.0,0.0,0.0,1.0,1.0,1.0,1.0,0.0,0.8,1.0,1.0,1.0,1.0,0.0,0.8,0.5821114295106187
nvbench2:test:573,573,qwen3:14b,direct,55,0.0,1.0,5,1,1.0,1.0,0.0,4.3557555000297725,5,5,multi_gold,bar,0.0,0.0,0.0,0.0,0.0,0.0,0.0,0.0,0.0,0.0,0.0,0.0,0.0,0.0,0.0,0.0,0.0,0.0,0.0,0.0,0.0,0.0,0.0,0.0,0.0,0.0,1.0,1.0,0.5,0.6666666666666666,0.0,0.6333333333333333,1.0,1.0,1.0,0.6666666666666666,0.0,0.7333333333333333,0.5703197140756492
nvbench2:test:574,574,qwen3:14b,direct,55,0.0,1.0,5,0,1.0,0.0,0.0,3.873667099978775,5,5,multi_gold,bar,0.0,0.0,0.0,0.0,0.0,0.0,0.0,0.0,0.0,0.0,0.0,0.0,0.0,0.0,0.0,0.0,0.0,0.0,0.0,0.0,0.0,0.0,0.0,0.0,0.0,0.0,1.0,0.8,0.4,1.0,1.0,0.8400000000000001,1.0,1.0,0.5,1.0,1.0,0.9,0.8000238061950751
nvbench2:test:575,575,qwen3:14b,direct,55,0.0,1.0,4,2,1.0,1.0,0.0,4.077732400037348,2,2,multi_gold,bar,0.0,0.0,0.0,0.0,0.0,0.0,0.0,0.0,0.0,0.0,0.0,0.0,0.0,0.0,0.0,0.0,0.0,0.0,0.0,0.0,0.0,0.0,0.0,0.0,0.0,0.0,1.0,0.8,0.4,1.0,1.0,0.8400000000000001,1.0,0.8,0.8,1.0,1.0,0.9199999999999999,1.3116603838708594
nvbench2:test:576,576,qwen3:14b,direct,55,0.0,1.0,3,0,1.0,0.0,0.0,3.2734208001056686,3,3,multi_gold,rect,0.0,0.0,0.0,0.0,0.0,0.0,0.0,0.0,0.0,0.0,0.0,0.0,0.0,0.0,0.0,0.0,0.0,0.0,0.0,0.0,0.0,0.0,0.0,0.0,0.0,0.0,1.0,1.0,0.3333333333333333,0.6666666666666666,1.0,0.8,1.0,1.0,0.3333333333333333,0.6666666666666666,1.0,0.8,0.5370404955100664
nvbench2:test:577,577,qwen3:14b,direct,55,0.0,1.0,3,0,1.0,0.0,0.0,3.5059142000973225,5,5,multi_gold,line,0.0,0.0,0.0,0.0,0.0,0.0,0.0,0.0,0.0,0.0,0.0,0.0,0.0,0.0,0.0,0.0,0.0,0.0,0.0,0.0,0.0,0.0,0.0,0.0,0.0,0.0,1.0,1.0,0.3333333333333333,0.6666666666666666,1.0,0.8,1.0,1.0,0.3333333333333333,0.6666666666666666,1.0,0.8,0.44916354023314625
nvbench2:test:578,578,qwen3:14b,direct,55,0.0,1.0,5,0,1.0,0.0,0.0,3.6980693000368774,3,3,multi_gold,arc,0.0,0.0,0.0,0.0,0.0,0.0,0.0,0.0,0.0,0.0,0.0,0.0,0.0,0.0,0.0,0.0,0.0,0.0,0.0,0.0,0.0,0.0,0.0,0.0,0.0,0.0,1.0,1.0,0.5,1.0,1.0,0.9,1.0,1.0,0.5,1.0,1.0,0.9,0.5696211435902709
nvbench2:test:579,579,qwen3:14b,direct,55,0.0,1.0,3,3,1.0,1.0,1.0,1.968359399936162,5,5,multi_gold,line,0.0,0.0,0.0,0.0,0.0,0.0,0.0,0.0,0.0,0.0,0.0,0.0,0.0,0.0,0.0,0.0,0.0,0.0,0.0,0.0,0.0,0.0,0.0,0.0,0.0,0.0,1.0,1.0,1.0,1.0,1.0,1.0,1.0,1.0,1.0,1.0,1.0,1.0,0.6234216722554091
nvbench2:test:580,580,qwen3:14b,direct,55,0.0,1.0,5,0,1.0,0.0,0.0,5.625842700013891,2,2,multi_gold,bar,0.0,0.0,0.0,0.0,0.0,0.0,0.0,0.0,0.0,0.0,0.0,0.0,0.0,0.0,0.0,0.0,0.0,0.0,0.0,0.0,0.0,0.0,0.0,0.0,0.0,0.0,1.0,1.0,0.6666666666666666,1.0,1.0,0.9333333333333333,1.0,1.0,0.6666666666666666,1.0,1.0,0.9333333333333333,1.5748945301910626
nvbench2:test:581,581,qwen3:14b,direct,55,0.0,1.0,3,0,1.0,0.0,0.0,2.250569500029087,3,3,multi_gold,arc,0.0,0.0,0.0,0.0,0.0,0.0,0.0,0.0,0.0,0.0,0.0,0.0,0.0,0.0,0.0,0.0,0.0,0.0,0.0,0.0,0.0,0.0,0.0,0.0,0.0,0.0,1.0,1.0,0.5,1.0,1.0,0.9,1.0,1.0,0.5,1.0,1.0,0.9,0.48534372159077893
nvbench2:test:582,582,qwen3:14b,direct,55,0.0,1.0,1,1,1.0,1.0,1.0,1.1856369999004528,2,2,multi_gold,arc,0.0,0.0,0.0,0.0,0.0,0.0,0.0,0.0,0.0,0.0,0.0,0.0,0.0,0.0,0.0,0.0,0.0,0.0,0.0,0.0,0.0,0.0,0.0,0.0,0.0,0.0,1.0,1.0,1.0,0.0,0.0,0.6,1.0,1.0,1.0,0.0,0.0,0.6,0.3162101650184913
nvbench2:test:583,583,qwen3:14b,direct,55,0.0,1.0,5,5,1.0,1.0,1.0,6.165818999987096,4,4,multi_gold,rect,0.0,0.0,0.0,0.0,0.0,0.0,0.0,0.0,0.0,0.0,0.0,0.0,0.0,0.0,0.0,0.0,0.0,0.0,0.0,0.0,0.0,0.0,0.0,0.0,0.0,0.0,1.0,1.0,0.3333333333333333,0.0,1.0,0.6666666666666667,1.0,1.0,0.6666666666666666,0.0,1.0,0.7333333333333333,0.7205928215177103
nvbench2:test:584,584,qwen3:14b,direct,55,0.0,1.0,1,0,1.0,0.0,0.0,0.8679389000171795,3,3,multi_gold,arc,0.0,0.0,0.0,0.0,0.0,0.0,0.0,0.0,0.0,0.0,0.0,0.0,0.0,0.0,0.0,0.0,0.0,0.0,0.0,0.0,0.0,0.0,0.0,0.0,0.0,0.0,1.0,1.0,0.5,1.0,1.0,0.9,1.0,1.0,0.5,1.0,1.0,0.9,0.40642634118843207
nvbench2:test:585,585,qwen3:14b,direct,55,0.0,1.0,5,4,1.0,1.0,0.0,3.5904320999979973,3,3,multi_gold,boxplot,0.0,0.0,0.0,0.0,0.0,0.0,0.0,0.0,0.0,0.0,0.0,0.0,0.0,0.0,0.0,0.0,0.0,0.0,0.0,0.0,0.0,0.0,0.0,0.0,0.0,0.0,0.0,1.0,0.0,0.0,1.0,0.4,1.0,1.0,0.5,1.0,1.0,0.9,0.5962061415134549
nvbench2:test:586,586,qwen3:14b,direct,55,0.0,1.0,5,5,1.0,1.0,1.0,3.839469900005497,2,2,multi_gold,bar,0.0,0.0,0.0,0.0,0.0,0.0,0.0,0.0,0.0,0.0,0.0,0.0,0.0,0.0,0.0,0.0,0.0,0.0,0.0,0.0,0.0,0.0,0.0,0.0,0.0,0.0,1.0,0.8,0.4,0.0,1.0,0.64,1.0,0.8,0.8,1.0,1.0,0.9199999999999999,1.04057466785672
nvbench2:test:587,587,qwen3:14b,direct,55,0.0,1.0,4,4,1.0,1.0,1.0,6.4766492000781,4,4,multi_gold,rect,0.0,0.0,0.0,0.0,0.0,0.0,0.0,0.0,0.0,0.0,0.0,0.0,0.0,0.0,0.0,0.0,0.0,0.0,0.0,0.0,0.0,0.0,0.0,0.0,0.0,0.0,1.0,1.0,0.6666666666666666,1.0,0.0,0.7333333333333333,1.0,1.0,1.0,1.0,0.0,0.8,0.6818413999408475
nvbench2:test:588,588,qwen3:14b,direct,55,0.0,1.0,5,0,1.0,0.0,0.0,3.564735700027086,3,3,multi_gold,boxplot,0.0,0.0,0.0,0.0,0.0,0.0,0.0,0.0,0.0,0.0,0.0,0.0,0.0,0.0,0.0,0.0,0.0,0.0,0.0,0.0,0.0,0.0,0.0,0.0,0.0,0.0,1.0,1.0,0.5,0.0,1.0,0.7,1.0,1.0,0.5,0.0,1.0,0.7,0.7646227834380783
nvbench2:test:589,589,qwen3:14b,direct,55,0.0,1.0,5,0,1.0,0.0,0.0,3.1521497999783605,2,2,multi_gold,arc,0.0,0.0,0.0,0.0,0.0,0.0,0.0,0.0,0.0,0.0,0.0,0.0,0.0,0.0,0.0,0.0,0.0,0.0,0.0,0.0,0.0,0.0,0.0,0.0,0.0,0.0,1.0,1.0,0.5,1.0,1.0,0.9,1.0,1.0,0.5,1.0,1.0,0.9,1.5657082346758249
nvbench2:test:590,590,qwen3:14b,direct,55,0.0,1.0,5,5,1.0,1.0,1.0,5.8885250999592245,4,4,multi_gold,bar+line,0.0,0.0,0.0,0.0,0.0,0.0,0.0,0.0,0.0,0.0,0.0,0.0,0.0,0.0,0.0,0.0,0.0,0.0,0.0,0.0,0.0,0.0,0.0,0.0,0.0,0.0,1.0,1.0,1.0,0.0,1.0,0.8,1.0,1.0,1.0,0.0,1.0,0.8,0.7839360661668044
nvbench2:test:591,591,qwen3:14b,direct,55,0.0,1.0,5,5,1.0,1.0,1.0,5.211143000051379,2,2,multi_gold,rect,0.0,0.0,0.0,0.0,0.0,0.0,0.0,0.0,0.0,0.0,0.0,0.0,0.0,0.0,0.0,0.0,0.0,0.0,0.0,0.0,0.0,0.0,0.0,0.0,0.0,0.0,1.0,1.0,0.3333333333333333,0.0,1.0,0.6666666666666667,1.0,1.0,0.3333333333333333,0.0,1.0,0.6666666666666667,0.9379672129192205
nvbench2:test:592,592,qwen3:14b,direct,55,0.0,1.0,5,5,1.0,1.0,1.0,4.2841219999827445,2,2,multi_gold,boxplot,0.0,0.0,0.0,0.0,0.0,0.0,0.0,0.0,0.0,0.0,0.0,0.0,0.0,0.0,0.0,0.0,0.0,0.0,0.0,0.0,0.0,0.0,0.0,0.0,0.0,0.0,1.0,1.0,1.0,1.0,1.0,1.0,1.0,1.0,1.0,1.0,1.0,1.0,1.6888901344171467
nvbench2:test:593,593,qwen3:14b,direct,55,0.0,1.0,5,5,1.0,1.0,1.0,6.040063599939458,2,2,multi_gold,rect,0.0,0.0,0.0,0.0,0.0,0.0,0.0,0.0,0.0,0.0,0.0,0.0,0.0,0.0,0.0,0.0,0.0,0.0,0.0,0.0,0.0,0.0,0.0,0.0,0.0,0.0,1.0,1.0,0.3333333333333333,0.0,1.0,0.6666666666666667,1.0,1.0,1.0,1.0,1.0,1.0,1.1597943107487925
nvbench2:test:594,594,qwen3:14b,direct,55,0.0,1.0,5,2,1.0,1.0,0.0,3.9115839999867603,4,4,multi_gold,arc,0.0,0.0,0.0,0.0,0.0,0.0,0.0,0.0,0.0,0.0,0.0,0.0,0.0,0.0,0.0,0.0,0.0,0.0,0.0,0.0,0.0,0.0,0.0,0.0,0.0,0.0,1.0,1.0,0.5,0.6666666666666666,1.0,0.8333333333333334,1.0,1.0,0.5,0.6666666666666666,1.0,0.8333333333333334,0.7895735260466186
nvbench2:test:595,595,qwen3:14b,direct,55,0.0,1.0,1,0,1.0,0.0,0.0,0.8908378999913111,5,5,multi_gold,arc,0.0,0.0,0.0,0.0,0.0,0.0,0.0,0.0,0.0,0.0,0.0,0.0,0.0,0.0,0.0,0.0,0.0,0.0,0.0,0.0,0.0,0.0,0.0,0.0,0.0,0.0,1.0,1.0,0.5,1.0,1.0,0.9,1.0,1.0,0.5,1.0,1.0,0.9,0.29373511659974333
nvbench2:test:596,596,qwen3:14b,direct,55,0.0,1.0,5,4,1.0,1.0,0.0,4.699257899890654,2,2,multi_gold,boxplot,0.0,0.0,0.0,0.0,0.0,0.0,0.0,0.0,0.0,0.0,0.0,0.0,0.0,0.0,0.0,0.0,0.0,0.0,0.0,0.0,0.0,0.0,0.0,0.0,0.0,0.0,1.0,1.0,1.0,1.0,1.0,1.0,1.0,1.0,1.0,1.0,1.0,1.0,1.4985349569891058
nvbench2:test:597,597,qwen3:14b,direct,55,0.0,1.0,1,0,1.0,0.0,0.0,2.2748391999630257,2,2,multi_gold,bar,0.0,0.0,0.0,0.0,0.0,0.0,0.0,0.0,0.0,0.0,0.0,0.0,0.0,0.0,0.0,0.0,0.0,0.0,0.0,0.0,0.0,0.0,0.0,0.0,0.0,0.0,1.0,1.0,0.3333333333333333,0.0,0.0,0.4666666666666667,1.0,1.0,0.3333333333333333,0.0,0.0,0.4666666666666667,0.23416881023321331
nvbench2:test:598,598,qwen3:14b,direct,55,0.0,1.0,5,5,1.0,1.0,1.0,4.876259100041352,3,3,multi_gold,point,0.0,0.0,0.0,0.0,0.0,0.0,0.0,0.0,0.0,0.0,0.0,0.0,0.0,0.0,0.0,0.0,0.0,0.0,0.0,0.0,0.0,0.0,0.0,0.0,0.0,0.0,0.0,0.8,0.0,0.0,1.0,0.36,0.0,0.8571428571428571,0.28571428571428575,0.0,1.0,0.42857142857142855,0.4161302086593515
nvbench2:test:599,599,qwen3:14b,direct,55,0.0,1.0,1,0,1.0,0.0,0.0,0.8157867999980226,2,2,multi_gold,arc,0.0,0.0,0.0,0.0,0.0,0.0,0.0,0.0,0.0,0.0,0.0,0.0,0.0,0.0,0.0,0.0,0.0,0.0,0.0,0.0,0.0,0.0,0.0,0.0,0.0,0.0,1.0,1.0,0.5,1.0,1.0,0.9,1.0,1.0,0.5,1.0,1.0,0.9,0.5310259262712439
nvbench2:test:600,600,qwen3:14b,direct,55,0.0,1.0,2,2,1.0,1.0,1.0,1.735631600022316,4,4,multi_gold,arc,0.0,0.0,0.0,0.0,0.0,0.0,0.0,0.0,0.0,0.0,0.0,0.0,0.0,0.0,0.0,0.0,0.0,0.0,0.0,0.0,0.0,0.0,0.0,0.0,0.0,0.0,1.0,1.0,0.5,1.0,1.0,0.9,1.0,1.0,0.5,1.0,1.0,0.9,0.5206298595468533
nvbench2:test:601,601,qwen3:14b,direct,55,0.0,1.0,5,5,1.0,1.0,1.0,4.255810699891299,3,3,multi_gold,boxplot,0.0,0.0,0.0,0.0,0.0,0.0,0.0,0.0,0.0,0.0,0.0,0.0,0.0,0.0,0.0,0.0,0.0,0.0,0.0,0.0,0.0,0.0,0.0,0.0,0.0,0.0,1.0,1.0,1.0,1.0,1.0,1.0,1.0,1.0,1.0,1.0,1.0,1.0,1.3095791247064046
nvbench2:test:602,602,qwen3:14b,direct,55,0.0,1.0,5,0,1.0,0.0,0.0,5.047121300012805,4,4,multi_gold,rect,0.0,0.0,0.0,0.0,0.0,0.0,0.0,0.0,0.0,0.0,0.0,0.0,0.0,0.0,0.0,0.0,0.0,0.0,0.0,0.0,0.0,0.0,0.0,0.0,0.0,0.0,1.0,1.0,0.3333333333333333,0.6666666666666666,1.0,0.8,1.0,1.0,0.3333333333333333,1.0,1.0,0.8666666666666666,0.6885472433871825
nvbench2:test:603,603,qwen3:14b,direct,55,0.0,1.0,5,5,1.0,1.0,1.0,4.094949700054713,2,2,multi_gold,boxplot,0.0,0.0,0.0,0.0,0.0,0.0,0.0,0.0,0.0,0.0,0.0,0.0,0.0,0.0,0.0,0.0,0.0,0.0,0.0,0.0,0.0,0.0,0.0,0.0,0.0,0.0,1.0,1.0,0.0,0.0,1.0,0.6,1.0,1.0,0.5,0.0,1.0,0.7,0.9868645656136724
nvbench2:test:604,604,qwen3:14b,direct,55,0.0,1.0,5,5,1.0,1.0,1.0,4.763555099954829,3,3,multi_gold,line,0.0,0.0,0.0,0.0,0.0,0.0,0.0,0.0,0.0,0.0,0.0,0.0,0.0,0.0,0.0,0.0,0.0,0.0,0.0,0.0,0.0,0.0,0.0,0.0,0.0,0.0,1.0,1.0,1.0,1.0,1.0,1.0,1.0,1.0,1.0,1.0,1.0,1.0,1.106002952183397
nvbench2:test:605,605,qwen3:14b,direct,55,0.0,1.0,5,5,1.0,1.0,1.0,3.7740168999880552,2,2,multi_gold,arc,0.0,0.0,0.0,0.0,0.0,0.0,0.0,0.0,0.0,0.0,0.0,0.0,0.0,0.0,0.0,0.0,0.0,0.0,0.0,0.0,0.0,0.0,0.0,0.0,0.0,0.0,1.0,1.0,1.0,0.0,1.0,0.8,1.0,1.0,1.0,0.0,1.0,0.8,0.8612255211914384
nvbench2:test:606,606,qwen3:14b,direct,55,0.0,1.0,5,4,1.0,1.0,0.0,3.319216699921526,2,2,multi_gold,arc,0.0,0.0,0.0,0.0,0.0,0.0,0.0,0.0,0.0,0.0,0.0,0.0,0.0,0.0,0.0,0.0,0.0,0.0,0.0,0.0,0.0,0.0,0.0,0.0,0.0,0.0,1.0,1.0,1.0,0.0,1.0,0.8,1.0,1.0,1.0,0.0,1.0,0.8,1.231284479358222
nvbench2:test:607,607,qwen3:14b,direct,55,0.0,1.0,5,5,1.0,1.0,1.0,3.933760300045833,2,2,multi_gold,line,0.0,0.0,0.0,0.0,0.0,0.0,0.0,0.0,0.0,0.0,0.0,0.0,0.0,0.0,0.0,0.0,0.0,0.0,0.0,0.0,0.0,0.0,0.0,0.0,0.0,0.0,0.0,0.8,0.4,1.0,0.0,0.44000000000000006,0.0,0.8,0.4,1.0,0.0,0.44000000000000006,0.47822334373515657
nvbench2:test:608,608,qwen3:14b,direct,55,0.0,1.0,5,5,1.0,1.0,1.0,4.158396100043319,5,5,multi_gold,line,0.0,0.0,0.0,0.0,0.0,0.0,0.0,0.0,0.0,0.0,0.0,0.0,0.0,0.0,0.0,0.0,0.0,0.0,0.0,0.0,0.0,0.0,0.0,0.0,0.0,0.0,1.0,1.0,1.0,0.0,1.0,0.8,1.0,1.0,1.0,1.0,1.0,1.0,0.6924681208348725
nvbench2:test:609,609,qwen3:14b,direct,55,0.0,1.0,5,4,1.0,1.0,0.0,4.492036700015888,2,2,multi_gold,point,0.0,0.0,0.0,0.0,0.0,0.0,0.0,0.0,0.0,0.0,0.0,0.0,0.0,0.0,0.0,0.0,0.0,0.0,0.0,0.0,0.0,0.0,0.0,0.0,0.0,0.0,0.0,1.0,1.0,0.0,1.0,0.6,0.0,1.0,1.0,1.0,1.0,0.8,0.985793446676057
nvbench2:test:610,610,qwen3:14b,direct,55,0.0,1.0,5,4,1.0,1.0,0.0,6.01378979999572,2,2,multi_gold,bar,0.0,0.0,0.0,0.0,0.0,0.0,0.0,0.0,0.0,0.0,0.0,0.0,0.0,0.0,0.0,0.0,0.0,0.0,0.0,0.0,0.0,0.0,0.0,0.0,0.0,0.0,1.0,1.0,0.0,1.0,1.0,0.8,1.0,1.0,0.0,1.0,1.0,0.8,1.221132163098116
nvbench2:test:611,611,qwen3:14b,direct,55,0.0,1.0,5,5,1.0,1.0,1.0,3.5445866999216378,2,2,multi_gold,bar+line,0.0,0.0,0.0,0.0,0.0,0.0,0.0,0.0,0.0,0.0,0.0,0.0,0.0,0.0,0.0,0.0,0.0,0.0,0.0,0.0,0.0,0.0,0.0,0.0,0.0,0.0,1.0,1.0,0.0,0.0,1.0,0.6,1.0,1.0,0.5,0.0,1.0,0.7,0.9581370629624887
nvbench2:test:612,612,qwen3:14b,direct,55,0.0,1.0,5,5,1.0,1.0,1.0,4.073037600028329,4,4,multi_gold,bar+line,0.0,0.0,0.0,0.0,0.0,0.0,0.0,0.0,0.0,0.0,0.0,0.0,0.0,0.0,0.0,0.0,0.0,0.0,0.0,0.0,0.0,0.0,0.0,0.0,0.0,0.0,1.0,1.0,0.0,0.6666666666666666,0.0,0.5333333333333333,1.0,1.0,0.0,0.6666666666666666,0.0,0.5333333333333333,0.44209969706257174
nvbench2:test:613,613,qwen3:14b,direct,55,0.0,1.0,5,5,1.0,1.0,1.0,4.336934700026177,2,2,multi_gold,rect,0.0,0.0,0.0,0.0,0.0,0.0,0.0,0.0,0.0,0.0,0.0,0.0,0.0,0.0,0.0,0.0,0.0,0.0,0.0,0.0,0.0,0.0,0.0,0.0,0.0,0.0,1.0,1.0,0.3333333333333333,0.0,1.0,0.6666666666666667,1.0,1.0,1.0,0.5,1.0,0.9,1.025343611421476
nvbench2:test:614,614,qwen3:14b,direct,55,0.0,1.0,1,0,1.0,0.0,0.0,1.1997188000241295,4,4,multi_gold,arc,0.0,0.0,0.0,0.0,0.0,0.0,0.0,0.0,0.0,0.0,0.0,0.0,0.0,0.0,0.0,0.0,0.0,0.0,0.0,0.0,0.0,0.0,0.0,0.0,0.0,0.0,1.0,1.0,0.5,0.0,1.0,0.7,1.0,1.0,0.5,0.0,1.0,0.7,0.2437942121994015
nvbench2:test:615,615,qwen3:14b,direct,55,0.0,1.0,1,0,1.0,0.0,0.0,2.5480747000547126,2,2,multi_gold,point,0.0,0.0,0.0,0.0,0.0,0.0,0.0,0.0,0.0,0.0,0.0,0.0,0.0,0.0,0.0,0.0,0.0,0.0,0.0,0.0,0.0,0.0,0.0,0.0,0.0,0.0,0.0,0.6666666666666666,0.0,0.0,0.0,0.13333333333333333,0.0,0.6666666666666666,0.0,0.0,0.0,0.13333333333333333,0.059367964489332375
nvbench2:test:616,616,qwen3:14b,direct,55,0.0,1.0,1,0,1.0,0.0,0.0,2.5958333000307903,4,4,multi_gold,boxplot,0.0,0.0,0.0,0.0,0.0,0.0,0.0,0.0,0.0,0.0,0.0,0.0,0.0,0.0,0.0,0.0,0.0,0.0,0.0,0.0,0.0,0.0,0.0,0.0,0.0,0.0,1.0,1.0,0.5,0.0,0.0,0.5,1.0,1.0,0.5,0.0,0.0,0.5,0.16170071118661541
nvbench2:test:617,617,qwen3:14b,direct,55,0.0,1.0,5,5,1.0,1.0,1.0,5.126672700047493,4,3,multi_gold,point,0.0,0.0,0.0,0.0,0.0,0.0,0.0,0.0,0.0,0.0,0.0,0.0,0.0,0.0,0.0,0.0,0.0,0.0,0.0,0.0,0.0,0.0,0.0,0.0,0.0,0.0,0.0,0.8571428571428571,0.5714285714285715,0.0,0.0,0.2857142857142857,0.0,0.8571428571428571,0.5714285714285715,0.0,0.0,0.2857142857142857,0.22469701596367148
nvbench2:test:618,618,qwen3:14b,direct,55,0.0,1.0,5,4,1.0,1.0,0.0,5.002812799997628,2,2,multi_gold,rect,0.0,0.0,0.0,0.0,0.0,0.0,0.0,0.0,0.0,0.0,0.0,0.0,0.0,0.0,0.0,0.0,0.0,0.0,0.0,0.0,0.0,0.0,0.0,0.0,0.0,0.0,1.0,1.0,1.0,0.5,1.0,0.9,1.0,1.0,1.0,0.5,1.0,0.9,1.310794960633942
nvbench2:test:619,619,qwen3:14b,direct,55,0.0,1.0,5,0,1.0,0.0,0.0,11.516435700003058,2,2,multi_gold,point,0.0,0.0,0.0,0.0,0.0,0.0,0.0,0.0,0.0,0.0,0.0,0.0,0.0,0.0,0.0,0.0,0.0,0.0,0.0,0.0,0.0,0.0,0.0,0.0,0.0,0.0,1.0,1.0,0.5,0.0,0.0,0.5,1.0,1.0,0.5,0.0,0.0,0.5,0.49979055258403043
nvbench2:test:620,620,qwen3:14b,direct,55,0.0,1.0,5,0,1.0,0.0,0.0,9.98095680004917,2,2,multi_gold,point,0.0,0.0,0.0,0.0,0.0,0.0,0.0,0.0,0.0,0.0,0.0,0.0,0.0,0.0,0.0,0.0,0.0,0.0,0.0,0.0,0.0,0.0,0.0,0.0,0.0,0.0,1.0,0.6666666666666666,0.0,0.0,0.0,0.3333333333333333,1.0,0.6666666666666666,0.3333333333333333,0.0,0.0,0.4,0.5086818580222229
nvbench2:test:621,621,qwen3:14b,direct,55,0.0,1.0,5,2,1.0,1.0,0.0,5.226850899984129,2,2,multi_gold,bar,0.0,0.0,0.0,0.0,0.0,0.0,0.0,0.0,0.0,0.0,0.0,0.0,0.0,0.0,0.0,0.0,0.0,0.0,0.0,0.0,0.0,0.0,0.0,0.0,0.0,0.0,1.0,0.8,0.8,0.5,0.0,0.62,1.0,0.8,0.8,0.5,0.0,0.62,0.8988640312037351
nvbench2:test:622,622,qwen3:14b,direct,55,0.0,1.0,5,4,1.0,1.0,0.0,6.230309500009753,4,4,multi_gold,line,0.0,0.0,0.0,0.0,0.0,0.0,0.0,0.0,0.0,0.0,0.0,0.0,0.0,0.0,0.0,0.0,0.0,0.0,0.0,0.0,0.0,0.0,0.0,0.0,0.0,0.0,1.0,1.0,1.0,0.0,0.0,0.6,1.0,1.0,1.0,0.0,0.0,0.6,0.4443558183142701
nvbench2:test:623,623,qwen3:14b,direct,55,0.0,1.0,1,0,1.0,0.0,0.0,5.326491800020449,2,2,multi_gold,arc,0.0,0.0,0.0,0.0,0.0,0.0,0.0,0.0,0.0,0.0,0.0,0.0,0.0,0.0,0.0,0.0,0.0,0.0,0.0,0.0,0.0,0.0,0.0,0.0,0.0,0.0,1.0,1.0,1.0,0.6666666666666666,1.0,0.9333333333333333,1.0,1.0,1.0,0.6666666666666666,1.0,0.9333333333333333,0.5577697051812209
nvbench2:test:624,624,qwen3:14b,direct,55,0.0,1.0,5,5,1.0,1.0,1.0,8.044915099977516,3,3,multi_gold,bar,0.0,0.0,0.0,0.0,0.0,0.0,0.0,0.0,0.0,0.0,0.0,0.0,0.0,0.0,0.0,0.0,0.0,0.0,0.0,0.0,0.0,0.0,0.0,0.0,0.0,0.0,1.0,1.0,0.6666666666666666,0.0,0.0,0.5333333333333333,1.0,1.0,0.6666666666666666,0.0,0.0,0.5333333333333333,0.5591037757271288
nvbench2:test:625,625,qwen3:14b,direct,55,0.0,1.0,1,0,1.0,0.0,0.0,1.2897421000525355,2,2,multi_gold,arc,0.0,0.0,0.0,0.0,0.0,0.0,0.0,0.0,0.0,0.0,0.0,0.0,0.0,0.0,0.0,0.0,0.0,0.0,0.0,0.0,0.0,0.0,0.0,0.0,0.0,0.0,1.0,1.0,0.5,0.0,1.0,0.7,1.0,1.0,0.5,0.0,1.0,0.7,0.38291336052022606
nvbench2:test:626,626,qwen3:14b,direct,55,0.0,1.0,4,1,1.0,1.0,0.0,3.6112891000229865,2,2,multi_gold,bar,0.0,0.0,0.0,0.0,0.0,0.0,0.0,0.0,0.0,0.0,0.0,0.0,0.0,0.0,0.0,0.0,0.0,0.0,0.0,0.0,0.0,0.0,0.0,0.0,0.0,0.0,1.0,0.8,0.4,1.0,0.0,0.64,1.0,0.8,0.8,1.0,0.0,0.72,0.8711510580411851
nvbench2:test:627,627,qwen3:14b,direct,55,0.0,1.0,5,0,1.0,0.0,0.0,3.71694309997838,4,4,multi_gold,arc,0.0,0.0,0.0,0.0,0.0,0.0,0.0,0.0,0.0,0.0,0.0,0.0,0.0,0.0,0.0,0.0,0.0,0.0,0.0,0.0,0.0,0.0,0.0,0.0,0.0,0.0,1.0,1.0,0.5,0.0,1.0,0.7,1.0,1.0,0.5,0.0,1.0,0.7,0.6360686386818701
nvbench2:test:628,628,qwen3:14b,direct,55,0.0,1.0,5,5,1.0,1.0,1.0,7.776350399944931,2,2,multi_gold,boxplot,0.0,0.0,0.0,0.0,0.0,0.0,0.0,0.0,0.0,0.0,0.0,0.0,0.0,0.0,0.0,0.0,0.0,0.0,0.0,0.0,0.0,0.0,0.0,0.0,0.0,0.0,1.0,1.0,1.0,0.0,0.0,0.6,1.0,1.0,1.0,0.0,0.0,0.6,0.9323327445311281
nvbench2:test:629,629,qwen3:14b,direct,55,0.0,1.0,5,3,1.0,1.0,0.0,3.8819349999539554,2,2,multi_gold,boxplot,0.0,0.0,0.0,0.0,0.0,0.0,0.0,0.0,0.0,0.0,0.0,0.0,0.0,0.0,0.0,0.0,0.0,0.0,0.0,0.0,0.0,0.0,0.0,0.0,0.0,0.0,1.0,1.0,0.5,0.0,0.0,0.5,1.0,1.0,0.5,0.0,0.0,0.5,0.43015542542224466
nvbench2:test:630,630,qwen3:14b,direct,55,0.0,1.0,5,5,1.0,1.0,1.0,6.1891272000502795,2,2,multi_gold,boxplot,0.0,0.0,0.0,0.0,0.0,0.0,0.0,0.0,0.0,0.0,0.0,0.0,0.0,0.0,0.0,0.0,0.0,0.0,0.0,0.0,0.0,0.0,0.0,0.0,0.0,0.0,0.0,1.0,0.5,0.0,0.0,0.3,0.0,0.8,0.8,0.0,0.0,0.32,0.3820793442093989
nvbench2:test:631,631,qwen3:14b,direct,55,0.0,1.0,5,4,1.0,1.0,0.0,3.70195760007482,2,2,multi_gold,arc,0.2,0.0,0.0,0.0,0.0,0.0,0.0,0.0,0.0,1.0,0.5,0.2,0.28571428571428575,0.25,0.0,0.0,0.0,0.0,0.0,0.0,0.0,0.0,1.0,0.5,0.25,0.3333333333333333,1.0,1.0,0.5,0.6666666666666666,1.0,0.8333333333333334,1.0,1.0,1.0,1.0,1.0,1.0,1.5132085303598313
nvbench2:test:632,632,qwen3:14b,direct,55,0.0,1.0,5,4,1.0,1.0,0.0,5.216190099949017,2,2,multi_gold,bar,0.0,0.0,0.0,0.0,0.0,0.0,0.0,0.0,0.0,0.0,0.0,0.0,0.0,0.0,0.0,0.0,0.0,0.0,0.0,0.0,0.0,0.0,0.0,0.0,0.0,0.0,1.0,0.8,0.8,1.0,0.0,0.72,1.0,0.8,0.8,1.0,0.0,0.72,1.067346983701903
nvbench2:test:633,633,qwen3:14b,direct,55,0.0,1.0,5,0,1.0,0.0,0.0,9.685749200056307,2,2,multi_gold,arc,0.0,0.0,0.0,0.0,0.0,0.0,0.0,0.0,0.0,0.0,0.0,0.0,0.0,0.0,0.0,0.0,0.0,0.0,0.0,0.0,0.0,0.0,0.0,0.0,0.0,0.0,1.0,1.0,0.5,0.0,0.0,0.5,1.0,1.0,0.5,0.0,0.0,0.5,0.7488316112132052
nvbench2:test:634,634,qwen3:14b,direct,55,0.0,1.0,5,2,1.0,1.0,0.0,5.1134510999545455,2,2,multi_gold,boxplot,0.0,0.0,0.0,0.0,0.0,0.0,0.0,0.0,0.0,0.0,0.0,0.0,0.0,0.0,0.0,0.0,0.0,0.0,0.0,0.0,0.0,0.0,0.0,0.0,0.0,0.0,1.0,1.0,1.0,0.0,0.0,0.6,1.0,1.0,1.0,1.0,0.0,0.8,0.985793446676057
nvbench2:test:635,635,qwen3:14b,direct,55,0.0,1.0,1,0,1.0,0.0,0.0,2.7249934000428766,2,2,multi_gold,arc,0.0,0.0,0.0,0.0,0.0,0.0,0.0,0.0,0.0,0.0,0.0,0.0,0.0,0.0,0.0,0.0,0.0,0.0,0.0,0.0,0.0,0.0,0.0,0.0,0.0,0.0,1.0,1.0,0.5,0.0,0.0,0.5,1.0,1.0,0.5,0.0,0.0,0.5,0.2539738829744434
nvbench2:test:636,636,qwen3:14b,direct,55,0.0,1.0,5,0,1.0,0.0,0.0,3.995453799958341,2,2,multi_gold,arc,0.0,0.0,0.0,0.0,0.0,0.0,0.0,0.0,0.0,0.0,0.0,0.0,0.0,0.0,0.0,0.0,0.0,0.0,0.0,0.0,0.0,0.0,0.0,0.0,0.0,0.0,1.0,1.0,0.5,0.6666666666666666,1.0,0.8333333333333334,1.0,1.0,1.0,0.6666666666666666,1.0,0.9333333333333333,1.4436984454344852
nvbench2:test:637,637,qwen3:14b,direct,55,0.0,1.0,5,0,1.0,0.0,0.0,6.548895000014454,2,2,multi_gold,line,0.0,0.0,0.0,0.0,0.0,0.0,0.0,0.0,0.0,0.0,0.0,0.0,0.0,0.0,0.0,0.0,0.0,0.0,0.0,0.0,0.0,0.0,0.0,0.0,0.0,0.0,1.0,1.0,0.6666666666666666,0.8,0.0,0.6933333333333334,1.0,1.0,0.6666666666666666,0.8,0.0,0.6933333333333334,1.0800846796798167
nvbench2:test:638,638,qwen3:14b,direct,55,0.0,1.0,1,0,1.0,0.0,0.0,1.330162400030531,2,2,multi_gold,arc,0.0,0.0,0.0,0.0,0.0,0.0,0.0,0.0,0.0,0.0,0.0,0.0,0.0,0.0,0.0,0.0,0.0,0.0,0.0,0.0,0.0,0.0,0.0,0.0,0.0,0.0,1.0,1.0,0.0,0.6666666666666666,1.0,0.7333333333333333,1.0,1.0,0.0,0.6666666666666666,1.0,0.7333333333333333,0.40619517231497354
nvbench2:test:639,639,qwen3:14b,direct,55,0.0,1.0,1,1,1.0,1.0,1.0,2.446518099983223,3,3,multi_gold,line,0.0,0.0,0.0,0.0,0.0,0.0,0.0,0.0,0.0,0.0,0.0,0.0,0.0,0.0,0.0,0.0,0.0,0.0,0.0,0.0,0.0,0.0,0.0,0.0,0.0,0.0,0.0,1.0,1.0,1.0,0.0,0.6,0.0,1.0,1.0,1.0,0.0,0.6,0.2420148133208297
nvbench2:test:640,640,qwen3:14b,direct,55,0.0,1.0,1,0,1.0,0.0,0.0,1.3827486999798566,2,2,multi_gold,boxplot,0.0,0.0,0.0,0.0,0.0,0.0,0.0,0.0,0.0,0.0,0.0,0.0,0.0,0.0,0.0,0.0,0.0,0.0,0.0,0.0,0.0,0.0,0.0,0.0,0.0,0.0,1.0,1.0,0.0,0.0,1.0,0.6,1.0,1.0,0.0,0.0,1.0,0.6,0.3162101650184913
nvbench2:test:641,641,qwen3:14b,direct,55,0.0,1.0,5,0,1.0,0.0,0.0,4.282724600052461,4,4,multi_gold,arc,0.0,0.0,0.0,0.0,0.0,0.0,0.0,0.0,0.0,0.0,0.0,0.0,0.0,0.0,0.0,0.0,0.0,0.0,0.0,0.0,0.0,0.0,0.0,0.0,0.0,0.0,1.0,1.0,1.0,0.0,0.0,0.6,1.0,1.0,1.0,0.0,0.0,0.6,0.5935998854985528
nvbench2:test:642,642,qwen3:14b,direct,55,0.0,1.0,1,1,1.0,1.0,1.0,1.503481899970211,2,2,multi_gold,boxplot,0.0,0.0,0.0,0.0,0.0,0.0,0.0,0.0,0.0,0.0,0.0,0.0,0.0,0.0,0.0,0.0,0.0,0.0,0.0,0.0,0.0,0.0,0.0,0.0,0.0,0.0,1.0,1.0,0.0,0.0,0.0,0.4,1.0,1.0,0.0,0.0,0.0,0.4,0.19590537855675663
nvbench2:test:643,643,qwen3:14b,direct,55,0.0,1.0,5,5,1.0,1.0,1.0,4.96478139993269,4,4,multi_gold,boxplot,0.0,0.0,0.0,0.0,0.0,0.0,0.0,0.0,0.0,0.0,0.0,0.0,0.0,0.0,0.0,0.0,0.0,0.0,0.0,0.0,0.0,0.0,0.0,0.0,0.0,0.0,1.0,1.0,0.5,0.0,0.0,0.5,1.0,1.0,0.5,0.0,0.0,0.5,0.42805729870117815
nvbench2:test:644,644,qwen3:14b,direct,55,0.0,1.0,1,0,1.0,0.0,0.0,2.7242839001119137,2,2,multi_gold,arc,0.0,0.0,0.0,0.0,0.0,0.0,0.0,0.0,0.0,0.0,0.0,0.0,0.0,0.0,0.0,0.0,0.0,0.0,0.0,0.0,0.0,0.0,0.0,0.0,0.0,0.0,1.0,1.0,1.0,0.6666666666666666,0.0,0.7333333333333333,1.0,1.0,1.0,0.6666666666666666,0.0,0.7333333333333333,0.40619517231497354
nvbench2:test:645,645,qwen3:14b,direct,55,0.0,1.0,5,0,1.0,0.0,0.0,13.629245499963872,2,2,multi_gold,rect,0.0,0.0,0.0,0.0,0.0,0.0,0.0,0.0,0.0,0.0,0.0,0.0,0.0,0.0,0.0,0.0,0.0,0.0,0.0,0.0,0.0,0.0,0.0,0.0,0.0,0.0,1.0,1.0,1.0,0.5,0.0,0.7,1.0,1.0,1.0,0.5,0.0,0.7,0.802012026828994
nvbench2:test:646,646,qwen3:14b,direct,55,0.0,1.0,5,0,1.0,0.0,0.0,4.857039000024088,2,2,multi_gold,boxplot,0.0,0.0,0.0,0.0,0.0,0.0,0.0,0.0,0.0,0.0,0.0,0.0,0.0,0.0,0.0,0.0,0.0,0.0,0.0,0.0,0.0,0.0,0.0,0.0,0.0,0.0,1.0,1.0,0.5,0.0,1.0,0.7,1.0,1.0,0.5,0.0,1.0,0.7,1.0411209707332012
nvbench2:test:647,647,qwen3:14b,direct,55,0.0,1.0,1,0,1.0,0.0,0.0,11.690769599983469,4,4,multi_gold,bar+line+point,0.0,0.0,0.0,0.0,0.0,0.0,0.0,0.0,0.0,0.0,0.0,0.0,0.0,0.0,0.0,0.0,0.0,0.0,0.0,0.0,0.0,0.0,0.0,0.0,0.0,0.0,1.0,0.8571428571428571,0.28571428571428575,0.6666666666666666,0.0,0.5619047619047619,1.0,0.8571428571428571,0.28571428571428575,0.6666666666666666,0.0,0.5619047619047619,0.18590559731608028
nvbench2:test:648,648,qwen3:14b,direct,55,0.0,1.0,3,0,1.0,0.0,0.0,2.742468300042674,4,4,multi_gold,arc,0.0,0.0,0.0,0.0,0.0,0.0,0.0,0.0,0.0,0.0,0.0,0.0,0.0,0.0,0.0,0.0,0.0,0.0,0.0,0.0,0.0,0.0,0.0,0.0,0.0,0.0,1.0,1.0,0.0,0.6666666666666666,1.0,0.7333333333333333,1.0,1.0,0.0,0.6666666666666666,1.0,0.7333333333333333,0.48630228466372083
nvbench2:test:649,649,qwen3:14b,direct,55,0.0,1.0,1,0,1.0,0.0,0.0,2.126541600096971,4,4,multi_gold,rect,0.0,0.0,0.0,0.0,0.0,0.0,0.0,0.0,0.0,0.0,0.0,0.0,0.0,0.0,0.0,0.0,0.0,0.0,0.0,0.0,0.0,0.0,0.0,0.0,0.0,0.0,1.0,1.0,0.3333333333333333,0.5,0.0,0.5666666666666667,1.0,1.0,0.3333333333333333,0.5,0.0,0.5666666666666667,0.18781088651270667
nvbench2:test:650,650,qwen3:14b,direct,55,0.0,1.0,5,0,1.0,0.0,0.0,7.265551000018604,2,2,multi_gold,arc,0.0,0.0,0.0,0.0,0.0,0.0,0.0,0.0,0.0,0.0,0.0,0.0,0.0,0.0,0.0,0.0,0.0,0.0,0.0,0.0,0.0,0.0,0.0,0.0,0.0,0.0,0.0,0.0,0.0,0.0,0.0,0.0,0.0,0.4,0.4,0.0,0.0,0.16,0.02782024088798723
nvbench2:test:651,651,qwen3:14b,direct,55,0.0,1.0,5,0,1.0,0.0,0.0,8.475893800030462,3,3,multi_gold,point,0.0,0.0,0.0,0.0,0.0,0.0,0.0,0.0,0.0,0.0,0.0,0.0,0.0,0.0,0.0,0.0,0.0,0.0,0.0,0.0,0.0,0.0,0.0,0.0,0.0,0.0,0.0,0.6666666666666666,0.0,0.0,0.0,0.13333333333333333,0.0,0.6666666666666666,0.0,0.0,0.0,0.13333333333333333,0.13397179979183127
nvbench2:test:652,652,qwen3:14b,direct,55,0.0,1.0,4,0,1.0,0.0,0.0,7.260484999977052,2,2,multi_gold,line,0.0,0.0,0.0,0.0,0.0,0.0,0.0,0.0,0.0,0.0,0.0,0.0,0.0,0.0,0.0,0.0,0.0,0.0,0.0,0.0,0.0,0.0,0.0,0.0,0.0,0.0,1.0,1.0,0.6666666666666666,0.5,0.0,0.6333333333333333,1.0,1.0,0.6666666666666666,0.5,0.0,0.6333333333333333,0.8081243253641437
nvbench2:test:653,653,qwen3:14b,direct,55,0.0,1.0,5,0,1.0,0.0,0.0,4.479134000022896,2,2,multi_gold,arc,0.0,0.0,0.0,0.0,0.0,0.0,0.0,0.0,0.0,0.0,0.0,0.0,0.0,0.0,0.0,0.0,0.0,0.0,0.0,0.0,0.0,0.0,0.0,0.0,0.0,0.0,1.0,1.0,1.0,0.0,0.0,0.6,1.0,1.0,1.0,0.0,0.0,0.6,0.9323327445311281
nvbench2:test:654,654,qwen3:14b,direct,55,0.0,1.0,1,0,1.0,0.0,0.0,3.480454600066878,2,2,multi_gold,bar,0.0,0.0,0.0,0.0,0.0,0.0,0.0,0.0,0.0,0.0,0.0,0.0,0.0,0.0,0.0,0.0,0.0,0.0,0.0,0.0,0.0,0.0,0.0,0.0,0.0,0.0,1.0,0.8,0.8,0.6666666666666666,0.0,0.6533333333333333,1.0,0.8,0.8,0.6666666666666666,0.0,0.6533333333333333,0.3512094463502383
nvbench2:test:655,655,qwen3:14b,direct,55,0.0,1.0,5,0,1.0,0.0,0.0,9.854960400029086,2,2,multi_gold,arc,0.0,0.0,0.0,0.0,0.0,0.0,0.0,0.0,0.0,0.0,0.0,0.0,0.0,0.0,0.0,0.0,0.0,0.0,0.0,0.0,0.0,0.0,0.0,0.0,0.0,0.0,0.0,0.0,0.0,0.0,0.0,0.0,0.0,0.0,0.0,0.0,0.0,0.0,0.0
nvbench2:test:656,656,qwen3:14b,direct,55,0.0,1.0,1,0,1.0,0.0,0.0,2.8253075999673456,2,2,multi_gold,boxplot,0.0,0.0,0.0,0.0,0.0,0.0,0.0,0.0,0.0,0.0,0.0,0.0,0.0,0.0,0.0,0.0,0.0,0.0,0.0,0.0,0.0,0.0,0.0,0.0,0.0,0.0,1.0,0.8,0.0,0.0,0.0,0.36,1.0,0.8,0.0,0.0,0.0,0.36,0.17378179344772512
nvbench2:test:657,657,qwen3:14b,direct,55,0.0,1.0,5,4,1.0,1.0,0.0,6.043585199979134,2,2,multi_gold,line,0.0,0.0,0.0,0.0,0.0,0.0,0.0,0.0,0.0,0.0,0.0,0.0,0.0,0.0,0.0,0.0,0.0,0.0,0.0,0.0,0.0,0.0,0.0,0.0,0.0,0.0,1.0,1.0,1.0,0.0,1.0,0.8,1.0,1.0,1.0,0.0,1.0,0.8,1.339791839549003
nvbench2:test:658,658,qwen3:14b,direct,55,0.0,1.0,5,5,1.0,1.0,1.0,8.495473299990408,3,3,multi_gold,bar,0.0,0.0,0.0,0.0,0.0,0.0,0.0,0.0,0.0,0.0,0.0,0.0,0.0,0.0,0.0,0.0,0.0,0.0,0.0,0.0,0.0,0.0,0.0,0.0,0.0,0.0,1.0,1.0,1.0,0.5,0.0,0.7,1.0,1.0,1.0,0.5,0.0,0.7,0.7970172770282589
nvbench2:test:659,659,qwen3:14b,direct,55,0.0,1.0,1,1,1.0,1.0,1.0,1.3000768999336287,2,2,multi_gold,arc,0.0,0.0,0.0,0.0,0.0,0.0,0.0,0.0,0.0,0.0,0.0,0.0,0.0,0.0,0.0,0.0,0.0,0.0,0.0,0.0,0.0,0.0,0.0,0.0,0.0,0.0,1.0,1.0,0.5,0.6666666666666666,1.0,0.8333333333333334,1.0,1.0,0.5,0.6666666666666666,1.0,0.8333333333333334,0.47935690336673037
nvbench2:test:660,660,qwen3:14b,direct,55,0.0,1.0,5,5,1.0,1.0,1.0,6.595231599989347,3,3,multi_gold,point,0.0,0.0,0.0,0.0,0.0,0.0,0.0,0.0,0.0,0.0,0.0,0.0,0.0,0.0,0.0,0.0,0.0,0.0,0.0,0.0,0.0,0.0,0.0,0.0,0.0,0.0,0.0,0.8571428571428571,0.5714285714285715,0.0,0.0,0.2857142857142857,0.0,0.8571428571428571,0.5714285714285715,0.0,0.0,0.2857142857142857,0.25975223111843054
nvbench2:test:661,661,qwen3:14b,direct,55,0.0,1.0,5,0,1.0,0.0,0.0,10.438982399995439,2,2,multi_gold,line,0.0,0.0,0.0,0.0,0.0,0.0,0.0,0.0,0.0,0.0,0.0,0.0,0.0,0.0,0.0,0.0,0.0,0.0,0.0,0.0,0.0,0.0,0.0,0.0,0.0,0.0,0.0,0.8,0.0,0.0,0.0,0.16,1.0,0.8,0.0,0.5,0.0,0.45999999999999996,0.3126107661812578
nvbench2:test:662,662,qwen3:14b,direct,55,0.0,1.0,1,0,1.0,0.0,0.0,1.1466199000133201,2,2,multi_gold,arc,0.0,0.0,0.0,0.0,0.0,0.0,0.0,0.0,0.0,0.0,0.0,0.0,0.0,0.0,0.0,0.0,0.0,0.0,0.0,0.0,0.0,0.0,0.0,0.0,0.0,0.0,1.0,1.0,0.5,0.0,1.0,0.7,1.0,1.0,0.5,0.0,1.0,0.7,0.38291336052022606
nvbench2:test:663,663,qwen3:14b,direct,55,0.0,1.0,5,5,1.0,1.0,1.0,4.189808800001629,2,2,multi_gold,point,0.0,0.0,0.0,0.0,0.0,0.0,0.0,0.0,0.0,0.0,0.0,0.0,0.0,0.0,0.0,0.0,0.0,0.0,0.0,0.0,0.0,0.0,0.0,0.0,0.0,0.0,0.0,0.8,0.0,0.0,1.0,0.36,0.0,0.8,0.4,0.0,1.0,0.44000000000000006,0.5406977946160987
nvbench2:test:664,664,qwen3:14b,direct,55,0.0,1.0,1,1,1.0,1.0,1.0,1.8938884000526741,2,2,multi_gold,bar,0.0,0.0,0.0,0.0,0.0,0.0,0.0,0.0,0.0,0.0,0.0,0.0,0.0,0.0,0.0,0.0,0.0,0.0,0.0,0.0,0.0,0.0,0.0,0.0,0.0,0.0,1.0,1.0,0.0,0.6666666666666666,0.0,0.5333333333333333,1.0,1.0,0.0,0.6666666666666666,0.0,0.5333333333333333,0.27424187734691513
nvbench2:test:665,665,qwen3:14b,direct,55,0.0,1.0,5,5,1.0,1.0,1.0,4.665688899927773,5,5,multi_gold,point,0.0,0.0,0.0,0.0,0.0,0.0,0.0,0.0,0.0,0.0,0.0,0.0,0.0,0.0,0.0,0.0,0.0,0.0,0.0,0.0,0.0,0.0,0.0,0.0,0.0,0.0,1.0,0.6666666666666666,0.0,0.0,1.0,0.5333333333333333,1.0,0.6666666666666666,0.3333333333333333,0.0,1.0,0.6,0.4778551680538307
nvbench2:test:666,666,qwen3:14b,direct,55,0.0,1.0,5,0,1.0,0.0,0.0,3.6564837999176234,2,2,multi_gold,arc,0.0,0.0,0.0,0.0,0.0,0.0,0.0,0.0,0.0,0.0,0.0,0.0,0.0,0.0,0.0,0.0,0.0,0.0,0.0,0.0,0.0,0.0,0.0,0.0,0.0,0.0,1.0,1.0,0.5,0.0,1.0,0.7,1.0,1.0,0.5,0.0,1.0,0.7,0.9990359400328629
nvbench2:test:667,667,qwen3:14b,direct,55,0.0,1.0,5,5,1.0,1.0,1.0,3.7517133000073954,2,2,multi_gold,point,0.0,0.0,0.0,0.0,0.0,0.0,0.0,0.0,0.0,0.0,0.0,0.0,0.0,0.0,0.0,0.0,0.0,0.0,0.0,0.0,0.0,0.0,0.0,0.0,0.0,0.0,1.0,0.8,0.4,0.0,1.0,0.64,1.0,0.8,0.8,0.0,1.0,0.72,1.0029687387536417
nvbench2:test:668,668,qwen3:14b,direct,55,0.0,1.0,1,0,1.0,0.0,0.0,0.9939479000167921,2,2,multi_gold,arc,0.0,0.0,0.0,0.0,0.0,0.0,0.0,0.0,0.0,0.0,0.0,0.0,0.0,0.0,0.0,0.0,0.0,0.0,0.0,0.0,0.0,0.0,0.0,0.0,0.0,0.0,1.0,1.0,0.5,0.0,1.0,0.7,1.0,1.0,0.5,0.0,1.0,0.7,0.38291336052022606
nvbench2:test:669,669,qwen3:14b,direct,55,0.0,1.0,5,5,1.0,1.0,1.0,4.120220100041479,2,2,multi_gold,point,0.0,0.0,0.0,0.0,0.0,0.0,0.0,0.0,0.0,0.0,0.0,0.0,0.0,0.0,0.0,0.0,0.0,0.0,0.0,0.0,0.0,0.0,0.0,0.0,0.0,0.0,1.0,0.8,0.4,0.0,1.0,0.64,1.0,0.8,0.8,0.0,1.0,0.72,0.9818930399798705
nvbench2:test:670,670,qwen3:14b,direct,55,0.0,1.0,5,5,1.0,1.0,1.0,4.40576080000028,2,2,multi_gold,point,0.0,0.0,0.0,0.0,0.0,0.0,0.0,0.0,0.0,0.0,0.0,0.0,0.0,0.0,0.0,0.0,0.0,0.0,0.0,0.0,0.0,0.0,0.0,0.0,0.0,0.0,1.0,0.8,0.8,0.0,1.0,0.72,1.0,0.8,0.8,0.0,1.0,0.72,1.0638493611088526
nvbench2:test:671,671,qwen3:14b,direct,55,0.0,1.0,1,0,1.0,0.0,0.0,0.9204240000108257,2,2,multi_gold,arc,0.0,0.0,0.0,0.0,0.0,0.0,0.0,0.0,0.0,0.0,0.0,0.0,0.0,0.0,0.0,0.0,0.0,0.0,0.0,0.0,0.0,0.0,0.0,0.0,0.0,0.0,0.0,0.0,0.0,0.0,1.0,0.2,0.0,0.0,0.0,0.0,1.0,0.2,0.09117397893527364
nvbench2:test:672,672,qwen3:14b,direct,55,0.0,1.0,5,5,1.0,1.0,1.0,5.468767500016838,2,2,multi_gold,line,0.0,0.0,0.0,0.0,0.0,0.0,0.0,0.0,0.0,0.0,0.0,0.0,0.0,0.0,0.0,0.0,0.0,0.0,0.0,0.0,0.0,0.0,0.0,0.0,0.0,0.0,1.0,1.0,0.3333333333333333,0.6666666666666666,1.0,0.8,1.0,1.0,0.3333333333333333,0.6666666666666666,1.0,0.8,1.288612963835707
nvbench2:test:673,673,qwen3:14b,direct,55,0.0,1.0,1,1,1.0,1.0,1.0,1.3705771999666467,2,2,multi_gold,arc,0.0,0.0,0.0,0.0,0.0,0.0,0.0,0.0,0.0,0.0,0.0,0.0,0.0,0.0,0.0,0.0,0.0,0.0,0.0,0.0,0.0,0.0,0.0,0.0,0.0,0.0,1.0,1.0,0.5,0.0,0.0,0.5,1.0,1.0,0.5,0.0,0.0,0.5,0.2539738829744434
nvbench2:test:674,674,qwen3:14b,direct,55,0.0,1.0,5,5,1.0,1.0,1.0,4.07036569993943,4,4,multi_gold,bar,0.0,0.0,0.0,0.0,0.0,0.0,0.0,0.0,0.0,0.0,0.0,0.0,0.0,0.0,0.0,0.0,0.0,0.0,0.0,0.0,0.0,0.0,0.0,0.0,0.0,0.0,1.0,1.0,0.5,0.0,1.0,0.7,1.0,1.0,0.5,0.0,1.0,0.7,0.6360686386818701
nvbench2:test:675,675,qwen3:14b,direct,55,0.0,1.0,5,5,1.0,1.0,1.0,4.821600400027819,2,2,multi_gold,bar,0.0,0.0,0.0,0.0,0.0,0.0,0.0,0.0,0.0,0.0,0.0,0.0,0.0,0.0,0.0,0.0,0.0,0.0,0.0,0.0,0.0,0.0,0.0,0.0,0.0,0.0,1.0,1.0,1.0,1.0,1.0,1.0,1.0,1.0,1.0,1.0,1.0,1.0,1.4777725125721002
nvbench2:test:676,676,qwen3:14b,direct,55,0.0,1.0,5,0,1.0,0.0,0.0,3.9477873999858275,2,2,multi_gold,line,0.0,0.0,0.0,0.0,0.0,0.0,0.0,0.0,0.0,0.0,0.0,0.0,0.0,0.0,0.0,0.0,0.0,0.0,0.0,0.0,0.0,0.0,0.0,0.0,0.0,0.0,1.0,1.0,0.5,0.0,1.0,0.7,1.0,1.0,1.0,0.0,1.0,0.8,1.1647497469691774
nvbench2:test:677,677,qwen3:14b,direct,55,0.0,1.0,1,0,1.0,0.0,0.0,0.9933151000877842,2,2,multi_gold,arc,0.0,0.0,0.0,0.0,0.0,0.0,0.0,0.0,0.0,0.0,0.0,0.0,0.0,0.0,0.0,0.0,0.0,0.0,0.0,0.0,0.0,0.0,0.0,0.0,0.0,0.0,1.0,1.0,0.5,0.0,1.0,0.7,1.0,1.0,0.5,0.0,1.0,0.7,0.38291336052022606
nvbench2:test:678,678,qwen3:14b,direct,55,0.0,1.0,1,0,1.0,0.0,0.0,1.0100576999830082,2,2,multi_gold,arc,0.0,0.0,0.0,0.0,0.0,0.0,0.0,0.0,0.0,0.0,0.0,0.0,0.0,0.0,0.0,0.0,0.0,0.0,0.0,0.0,0.0,0.0,0.0,0.0,0.0,0.0,1.0,1.0,0.5,0.0,1.0,0.7,1.0,1.0,0.5,0.0,1.0,0.7,0.38291336052022606
nvbench2:test:679,679,qwen3:14b,direct,55,0.0,1.0,1,0,1.0,0.0,0.0,1.0994951999746263,2,2,multi_gold,arc,0.0,0.0,0.0,0.0,0.0,0.0,0.0,0.0,0.0,0.0,0.0,0.0,0.0,0.0,0.0,0.0,0.0,0.0,0.0,0.0,0.0,0.0,0.0,0.0,0.0,0.0,1.0,1.0,0.5,0.0,1.0,0.7,1.0,1.0,0.5,0.0,1.0,0.7,0.38291336052022606
nvbench2:test:680,680,qwen3:14b,direct,55,0.0,1.0,5,5,1.0,1.0,1.0,5.110055899946019,4,4,multi_gold,boxplot,0.0,0.0,0.0,0.0,0.0,0.0,0.0,0.0,0.0,0.0,0.0,0.0,0.0,0.0,0.0,0.0,0.0,0.0,0.0,0.0,0.0,0.0,0.0,0.0,0.0,0.0,1.0,1.0,1.0,1.0,0.0,0.8,1.0,1.0,1.0,1.0,0.0,0.8,0.8354136019691203
nvbench2:test:681,681,qwen3:14b,direct,55,0.0,1.0,5,0,1.0,0.0,0.0,5.801697199931368,5,5,multi_gold,rect,0.0,0.0,0.0,0.0,0.0,0.0,0.0,0.0,0.0,0.0,0.0,0.0,0.0,0.0,0.0,0.0,0.0,0.0,0.0,0.0,0.0,0.0,0.0,0.0,0.0,0.0,1.0,1.0,0.3333333333333333,1.0,1.0,0.8666666666666666,1.0,1.0,0.6666666666666666,1.0,1.0,0.9333333333333333,0.8405315714111274
nvbench2:test:682,682,qwen3:14b,direct,55,0.0,1.0,5,5,1.0,1.0,1.0,3.9615433000726625,4,4,multi_gold,boxplot,0.0,0.0,0.0,0.0,0.0,0.0,0.0,0.0,0.0,0.0,0.0,0.0,0.0,0.0,0.0,0.0,0.0,0.0,0.0,0.0,0.0,0.0,0.0,0.0,0.0,0.0,1.0,1.0,1.0,1.0,1.0,1.0,1.0,1.0,1.0,1.0,1.0,1.0,1.1307929541238662
nvbench2:test:683,683,qwen3:14b,direct,55,0.0,1.0,5,0,1.0,0.0,0.0,6.097629300085828,2,2,multi_gold,arc,0.0,0.0,0.0,0.0,0.0,0.0,0.0,0.0,0.0,0.0,0.0,0.0,0.0,0.0,0.0,0.0,0.0,0.0,0.0,0.0,0.0,0.0,0.0,0.0,0.0,0.0,1.0,1.0,0.5,0.0,0.0,0.5,1.0,1.0,0.5,0.0,0.0,0.5,0.26903052989825493
nvbench2:test:684,684,qwen3:14b,direct,55,0.0,1.0,5,1,1.0,1.0,0.0,3.544528300059028,2,2,multi_gold,arc,0.0,0.0,0.0,0.0,0.0,0.0,0.0,0.0,0.0,0.0,0.0,0.0,0.0,0.0,0.0,0.0,0.0,0.0,0.0,0.0,0.0,0.0,0.0,0.0,0.0,0.0,1.0,1.0,0.5,0.6666666666666666,1.0,0.8333333333333334,1.0,1.0,1.0,0.6666666666666666,1.0,0.9333333333333333,1.496607758249444
nvbench2:test:685,685,qwen3:14b,direct,55,0.0,1.0,1,0,1.0,0.0,0.0,0.9921650999458507,3,3,multi_gold,point,0.0,0.0,0.0,0.0,0.0,0.0,0.0,0.0,0.0,0.0,0.0,0.0,0.0,0.0,0.0,0.0,0.0,0.0,0.0,0.0,0.0,0.0,0.0,0.0,0.0,0.0,0.0,0.6666666666666666,0.0,0.0,1.0,0.3333333333333333,0.0,0.6666666666666666,0.0,0.0,1.0,0.3333333333333333,0.1219754191611634
nvbench2:test:686,686,qwen3:14b,direct,55,0.0,1.0,5,5,1.0,1.0,1.0,3.9700901999603957,4,4,multi_gold,boxplot,0.0,0.0,0.0,0.0,0.0,0.0,0.0,0.0,0.0,0.0,0.0,0.0,0.0,0.0,0.0,0.0,0.0,0.0,0.0,0.0,0.0,0.0,0.0,0.0,0.0,0.0,1.0,1.0,1.0,1.0,1.0,1.0,1.0,1.0,1.0,1.0,1.0,1.0,1.1307929541238662
nvbench2:test:687,687,qwen3:14b,direct,55,0.0,1.0,1,1,1.0,1.0,1.0,0.8946012000087649,2,2,multi_gold,boxplot,0.0,0.0,0.0,0.0,0.0,0.0,0.0,0.0,0.0,0.0,0.0,0.0,0.0,0.0,0.0,0.0,0.0,0.0,0.0,0.0,0.0,0.0,0.0,0.0,0.0,0.0,1.0,1.0,0.0,0.0,1.0,0.6,1.0,1.0,0.0,0.0,1.0,0.6,0.3162101650184913
nvbench2:test:688,688,qwen3:14b,direct,55,0.0,1.0,5,5,1.0,1.0,1.0,5.431780299986713,2,2,multi_gold,boxplot,0.0,0.0,0.0,0.0,0.0,0.0,0.0,0.0,0.0,0.0,0.0,0.0,0.0,0.0,0.0,0.0,0.0,0.0,0.0,0.0,0.0,0.0,0.0,0.0,0.0,0.0,0.0,1.0,0.0,0.0,1.0,0.4,0.0,0.8,0.4,0.0,1.0,0.44000000000000006,0.5762707637150869
nvbench2:test:689,689,qwen3:14b,direct,55,0.0,1.0,1,0,1.0,0.0,0.0,0.8731199000030756,2,2,multi_gold,arc,0.0,0.0,0.0,0.0,0.0,0.0,0.0,0.0,0.0,0.0,0.0,0.0,0.0,0.0,0.0,0.0,0.0,0.0,0.0,0.0,0.0,0.0,0.0,0.0,0.0,0.0,1.0,1.0,0.5,0.0,0.0,0.5,1.0,1.0,0.5,0.0,0.0,0.5,0.2539738829744434
nvbench2:test:690,690,qwen3:14b,direct,55,0.0,1.0,1,0,1.0,0.0,0.0,0.8265953999944031,4,4,multi_gold,arc,0.0,0.0,0.0,0.0,0.0,0.0,0.0,0.0,0.0,0.0,0.0,0.0,0.0,0.0,0.0,0.0,0.0,0.0,0.0,0.0,0.0,0.0,0.0,0.0,0.0,0.0,1.0,1.0,0.5,0.0,1.0,0.7,1.0,1.0,0.5,0.0,1.0,0.7,0.2437942121994015
nvbench2:test:691,691,qwen3:14b,direct,55,0.0,1.0,5,5,1.0,1.0,1.0,3.769975299946964,4,4,multi_gold,arc,0.0,0.0,0.0,0.0,0.0,0.0,0.0,0.0,0.0,0.0,0.0,0.0,0.0,0.0,0.0,0.0,0.0,0.0,0.0,0.0,0.0,0.0,0.0,0.0,0.0,0.0,1.0,1.0,0.5,0.0,1.0,0.7,1.0,1.0,0.5,0.0,1.0,0.7,0.6840978152539662
nvbench2:test:692,692,qwen3:14b,direct,55,0.0,1.0,5,0,1.0,0.0,0.0,3.8278994000284,2,2,multi_gold,arc,0.0,0.0,0.0,0.0,0.0,0.0,0.0,0.0,0.0,0.0,0.0,0.0,0.0,0.0,0.0,0.0,0.0,0.0,0.0,0.0,0.0,0.0,0.0,0.0,0.0,0.0,1.0,1.0,1.0,0.0,1.0,0.8,1.0,1.0,1.0,0.0,1.0,0.8,0.6640099109299593
nvbench2:test:693,693,qwen3:14b,direct,55,0.0,1.0,1,0,1.0,0.0,0.0,1.5387868999969214,4,4,multi_gold,boxplot,0.0,0.0,0.0,0.0,0.0,0.0,0.0,0.0,0.0,0.0,0.0,0.0,0.0,0.0,0.0,0.0,0.0,0.0,0.0,0.0,0.0,0.0,0.0,0.0,0.0,0.0,1.0,1.0,0.5,0.0,0.0,0.5,1.0,1.0,0.5,0.0,0.0,0.5,0.16170071118661541
nvbench2:test:694,694,qwen3:14b,direct,55,0.0,1.0,5,5,1.0,1.0,1.0,4.377457599970512,2,2,multi_gold,boxplot,0.0,0.0,0.0,0.0,0.0,0.0,0.0,0.0,0.0,0.0,0.0,0.0,0.0,0.0,0.0,0.0,0.0,0.0,0.0,0.0,0.0,0.0,0.0,0.0,0.0,0.0,1.0,1.0,0.0,0.0,0.0,0.4,1.0,1.0,0.5,0.0,0.0,0.5,0.6316619956671108
nvbench2:test:695,695,qwen3:14b,direct,55,0.0,1.0,5,5,1.0,1.0,1.0,4.4436912999954075,2,2,multi_gold,point,0.0,0.0,0.0,0.0,0.0,0.0,0.0,0.0,0.0,0.0,0.0,0.0,0.0,0.0,0.0,0.0,0.0,0.0,0.0,0.0,0.0,0.0,0.0,0.0,0.0,0.0,1.0,0.8571428571428571,0.0,0.0,0.0,0.37142857142857144,1.0,0.8571428571428571,0.0,0.0,0.0,0.37142857142857144,0.5308416149861194
nvbench2:test:696,696,qwen3:14b,direct,55,0.0,1.0,5,5,1.0,1.0,1.0,4.344594500027597,2,2,multi_gold,rect,0.0,0.0,0.0,0.0,0.0,0.0,0.0,0.0,0.0,0.0,0.0,0.0,0.0,0.0,0.0,0.0,0.0,0.0,0.0,0.0,0.0,0.0,0.0,0.0,0.0,0.0,1.0,1.0,1.0,1.0,1.0,1.0,1.0,1.0,1.0,1.0,1.0,1.0,1.2656444628084516
nvbench2:test:697,697,qwen3:14b,direct,55,0.0,1.0,5,4,1.0,1.0,0.0,5.216530399979092,4,4,multi_gold,boxplot,0.0,0.0,0.0,0.0,0.0,0.0,0.0,0.0,0.0,0.0,0.0,0.0,0.0,0.0,0.0,0.0,0.0,0.0,0.0,0.0,0.0,0.0,0.0,0.0,0.0,0.0,1.0,1.0,1.0,0.0,0.0,0.6,1.0,1.0,1.0,0.0,0.0,0.6,0.5935998854985528
nvbench2:test:698,698,qwen3:14b,direct,55,0.0,1.0,5,5,1.0,1.0,1.0,4.009902899968438,2,2,multi_gold,boxplot,0.0,0.0,0.0,0.0,0.0,0.0,0.0,0.0,0.0,0.0,0.0,0.0,0.0,0.0,0.0,0.0,0.0,0.0,0.0,0.0,0.0,0.0,0.0,0.0,0.0,0.0,1.0,1.0,0.0,0.0,1.0,0.6,1.0,1.0,1.0,1.0,1.0,1.0,1.4437658571023502
nvbench2:test:699,699,qwen3:14b,direct,55,0.0,1.0,5,5,1.0,1.0,1.0,3.9413461999502033,4,4,multi_gold,boxplot,0.0,0.0,0.0,0.0,0.0,0.0,0.0,0.0,0.0,0.0,0.0,0.0,0.0,0.0,0.0,0.0,0.0,0.0,0.0,0.0,0.0,0.0,0.0,0.0,0.0,0.0,1.0,1.0,1.0,1.0,1.0,1.0,1.0,1.0,1.0,1.0,1.0,1.0,1.1307929541238662
nvbench2:test:700,700,qwen3:14b,direct,55,0.0,1.0,3,3,1.0,1.0,1.0,2.775640400010161,2,2,multi_gold,point,0.0,0.0,0.0,0.0,0.0,0.0,0.0,0.0,0.0,0.0,0.0,0.0,0.0,0.0,0.0,0.0,0.0,0.0,0.0,0.0,0.0,0.0,0.0,0.0,0.0,0.0,1.0,0.8571428571428571,0.5714285714285715,0.0,1.0,0.6857142857142857,1.0,0.8571428571428571,0.5714285714285715,0.0,1.0,0.6857142857142857,0.7517328719617403
nvbench2:test:701,701,qwen3:14b,direct,55,0.0,1.0,5,2,1.0,1.0,0.0,3.601588699966669,2,2,multi_gold,arc,0.0,0.0,0.0,0.0,0.0,0.0,0.0,0.0,0.0,0.0,0.0,0.0,0.0,0.0,0.0,0.0,0.0,0.0,0.0,0.0,0.0,0.0,0.0,0.0,0.0,0.0,1.0,1.0,0.5,0.0,1.0,0.7,1.0,1.0,0.5,0.0,1.0,0.7,1.053567761115407
nvbench2:test:702,702,qwen3:14b,direct,55,0.0,1.0,5,5,1.0,1.0,1.0,4.259301400044933,2,2,multi_gold,point,0.0,0.0,0.0,0.0,0.0,0.0,0.0,0.0,0.0,0.0,0.0,0.0,0.0,0.0,0.0,0.0,0.0,0.0,0.0,0.0,0.0,0.0,0.0,0.0,0.0,0.0,1.0,0.6666666666666666,0.3333333333333333,0.0,1.0,0.6,1.0,0.6666666666666666,0.3333333333333333,0.0,1.0,0.6,0.8505592517136918
nvbench2:test:703,703,qwen3:14b,direct,55,0.0,1.0,4,0,1.0,0.0,0.0,6.292871400015429,4,4,multi_gold,arc,0.0,0.0,0.0,0.0,0.0,0.0,0.0,0.0,0.0,0.0,0.0,0.0,0.0,0.0,0.0,0.0,0.0,0.0,0.0,0.0,0.0,0.0,0.0,0.0,0.0,0.0,1.0,1.0,0.5,0.0,0.0,0.5,1.0,1.0,0.5,0.0,0.0,0.5,0.4142135623730951
nvbench2:test:704,704,qwen3:14b,direct,55,0.0,1.0,5,4,1.0,1.0,0.0,4.059735000017099,4,4,multi_gold,boxplot,0.0,0.0,0.0,0.0,0.0,0.0,0.0,0.0,0.0,0.0,0.0,0.0,0.0,0.0,0.0,0.0,0.0,0.0,0.0,0.0,0.0,0.0,0.0,0.0,0.0,0.0,1.0,1.0,1.0,0.0,1.0,0.8,1.0,1.0,1.0,0.0,1.0,0.8,0.8158105476156685
nvbench2:test:705,705,qwen3:14b,direct,55,0.0,1.0,5,0,1.0,0.0,0.0,3.255509000038728,2,2,multi_gold,arc,0.0,0.0,0.0,0.0,0.0,0.0,0.0,0.0,0.0,0.0,0.0,0.0,0.0,0.0,0.0,0.0,0.0,0.0,0.0,0.0,0.0,0.0,0.0,0.0,0.0,0.0,1.0,1.0,0.5,0.0,1.0,0.7,1.0,1.0,0.5,0.0,1.0,0.7,1.0744725684840684
nvbench2:test:706,706,qwen3:14b,direct,55,0.0,1.0,5,5,1.0,1.0,1.0,3.6307255000574514,3,3,multi_gold,point,0.0,0.0,0.0,0.0,0.0,0.0,0.0,0.0,0.0,0.0,0.0,0.0,0.0,0.0,0.0,0.0,0.0,0.0,0.0,0.0,0.0,0.0,0.0,0.0,0.0,0.0,0.0,0.8,0.0,0.0,0.0,0.16,0.0,0.8,0.4,0.0,0.0,0.24000000000000005,0.17723207103471236
nvbench2:test:707,707,qwen3:14b,direct,55,0.0,1.0,5,4,1.0,1.0,0.0,3.1699253000551835,4,4,multi_gold,arc,0.25,0.0,0.0,0.0,0.0,0.0,0.0,0.0,0.0,1.0,0.5,0.4,0.4444444444444445,0.3333333333333333,0.0,0.0,0.0,0.0,1.0,0.25,0.3333333333333333,0.28571428571428575,1.0,0.5,0.5,0.5,1.0,1.0,0.5,1.0,1.0,0.9,1.0,1.0,1.0,1.0,1.0,1.0,0.9924532628054799
nvbench2:test:708,708,qwen3:14b,direct,55,0.0,1.0,5,2,1.0,1.0,0.0,3.622681900043972,2,2,multi_gold,arc,0.0,0.0,0.0,0.0,0.0,0.0,0.0,0.0,0.0,0.0,0.0,0.0,0.0,0.0,0.0,0.0,0.0,0.0,0.0,0.0,0.0,0.0,0.0,0.0,0.0,0.0,1.0,1.0,0.5,0.6666666666666666,1.0,0.8333333333333334,1.0,1.0,0.5,0.6666666666666666,1.0,0.8333333333333334,1.2067855224406068
nvbench2:test:709,709,qwen3:14b,direct,55,0.0,1.0,1,1,1.0,1.0,1.0,0.8724660000298172,2,2,multi_gold,arc,0.0,0.0,0.0,0.0,0.0,0.0,0.0,0.0,0.0,0.0,0.0,0.0,0.0,0.0,0.0,0.0,0.0,0.0,0.0,0.0,0.0,0.0,0.0,0.0,0.0,0.0,1.0,1.0,0.5,1.0,1.0,0.9,1.0,1.0,0.5,1.0,1.0,0.9,0.5310259262712439
nvbench2:test:710,710,qwen3:14b,direct,55,0.0,1.0,4,1,1.0,1.0,0.0,3.5112201999872923,4,4,multi_gold,arc,0.0,0.0,0.0,0.0,0.0,0.0,0.0,0.0,0.0,0.0,0.0,0.0,0.0,0.0,0.0,0.0,0.0,0.0,0.0,0.0,0.0,0.0,0.0,0.0,0.0,0.0,1.0,1.0,0.5,0.0,1.0,0.7,1.0,1.0,0.5,0.0,1.0,0.7,0.624504792712471
nvbench2:test:711,711,qwen3:14b,direct,55,0.0,1.0,5,5,1.0,1.0,1.0,3.93562020000536,2,2,multi_gold,boxplot,0.0,0.0,0.0,0.0,0.0,0.0,0.0,0.0,0.0,0.0,0.0,0.0,0.0,0.0,0.0,0.0,0.0,0.0,0.0,0.0,0.0,0.0,0.0,0.0,0.0,0.0,1.0,1.0,0.0,1.0,1.0,0.8,1.0,1.0,0.0,1.0,1.0,0.8,1.339791839549003
nvbench2:test:712,712,qwen3:14b,direct,55,0.0,1.0,5,5,1.0,1.0,1.0,4.271500100032426,2,2,multi_gold,boxplot,0.0,0.0,0.0,0.0,0.0,0.0,0.0,0.0,0.0,0.0,0.0,0.0,0.0,0.0,0.0,0.0,0.0,0.0,0.0,0.0,0.0,0.0,0.0,0.0,0.0,0.0,1.0,1.0,1.0,1.0,1.0,1.0,1.0,1.0,1.0,1.0,1.0,1.0,1.6700008734682867
nvbench2:test:713,713,qwen3:14b,direct,55,0.0,1.0,5,5,1.0,1.0,1.0,5.3385923999594525,4,4,multi_gold,bar,0.0,0.0,0.0,0.0,0.0,0.0,0.0,0.0,0.0,0.0,0.0,0.0,0.0,0.0,0.0,0.0,0.0,0.0,0.0,0.0,0.0,0.0,0.0,0.0,0.0,0.0,1.0,0.8,0.4,0.0,1.0,0.64,1.0,1.0,0.3333333333333333,0.0,1.0,0.6666666666666667,0.5877645411149364
nvbench2:test:714,714,qwen3:14b,direct,55,0.0,1.0,2,2,1.0,1.0,1.0,2.5328772999346256,3,3,multi_gold,rect,0.0,0.0,0.0,0.0,0.0,0.0,0.0,0.0,0.0,0.0,0.0,0.0,0.0,0.0,0.0,0.0,0.0,0.0,0.0,0.0,0.0,0.0,0.0,0.0,0.0,0.0,1.0,1.0,1.0,1.0,1.0,1.0,1.0,1.0,1.0,1.0,1.0,1.0,0.738619468567907
nvbench2:test:715,715,qwen3:14b,direct,55,0.0,1.0,5,0,1.0,0.0,0.0,3.7246933999704197,2,2,multi_gold,arc,0.0,0.0,0.0,0.0,0.0,0.0,0.0,0.0,0.0,0.0,0.0,0.0,0.0,0.0,0.0,0.0,0.0,0.0,0.0,0.0,0.0,0.0,0.0,0.0,0.0,0.0,1.0,1.0,0.5,1.0,1.0,0.9,1.0,1.0,0.5,1.0,1.0,0.9,0.9378473721373266
nvbench2:test:716,716,qwen3:14b,direct,55,0.0,1.0,5,5,1.0,1.0,1.0,5.384029699955136,4,4,multi_gold,bar+line,0.0,0.0,0.0,0.0,0.0,0.0,0.0,0.0,0.0,0.0,0.0,0.0,0.0,0.0,0.0,0.0,0.0,0.0,0.0,0.0,0.0,0.0,0.0,0.0,0.0,0.0,1.0,1.0,0.3333333333333333,1.0,0.0,0.6666666666666667,1.0,1.0,0.3333333333333333,1.0,0.0,0.6666666666666667,0.5394824537631966
nvbench2:test:717,717,qwen3:14b,direct,55,0.0,1.0,3,0,1.0,0.0,0.0,3.8001953000202775,2,2,multi_gold,rect,0.0,0.0,0.0,0.0,0.0,0.0,0.0,0.0,0.0,0.0,0.0,0.0,0.0,0.0,0.0,0.0,0.0,0.0,0.0,0.0,0.0,0.0,0.0,0.0,0.0,0.0,1.0,1.0,0.6666666666666666,1.0,1.0,0.9333333333333333,1.0,1.0,0.6666666666666666,1.0,1.0,0.9333333333333333,1.1621296958787124
nvbench2:test:718,718,qwen3:14b,direct,55,0.0,1.0,5,5,1.0,1.0,1.0,4.048762899939902,2,2,multi_gold,arc,0.0,0.0,0.0,0.0,0.0,0.0,0.0,0.0,0.0,0.0,0.0,0.0,0.0,0.0,0.0,0.0,0.0,0.0,0.0,0.0,0.0,0.0,0.0,0.0,0.0,0.0,1.0,1.0,0.5,0.0,1.0,0.7,1.0,1.0,0.5,0.0,1.0,0.7,0.5961393804053655
nvbench2:test:719,719,qwen3:14b,direct,55,0.0,1.0,3,3,1.0,1.0,1.0,2.2338346999604255,3,3,multi_gold,bar,0.0,0.0,0.0,0.0,0.0,0.0,0.0,0.0,0.0,0.0,0.0,0.0,0.0,0.0,0.0,0.0,0.0,0.0,0.0,0.0,0.0,0.0,0.0,0.0,0.0,0.0,1.0,1.0,1.0,1.0,1.0,1.0,1.0,1.0,1.0,1.0,1.0,1.0,0.8799513336692659
nvbench2:test:720,720,qwen3:14b,direct,55,0.0,1.0,5,5,1.0,1.0,1.0,4.123516399995424,5,5,multi_gold,bar+line+rect,0.0,0.0,0.0,0.0,0.0,0.0,0.0,0.0,0.0,0.0,0.0,0.0,0.0,0.0,0.0,0.0,0.0,0.0,0.0,0.0,0.0,0.0,0.0,0.0,0.0,0.0,1.0,0.8,0.4,0.0,1.0,0.64,1.0,0.8,0.8,1.0,1.0,0.9199999999999999,0.6818557693311756
nvbench2:test:721,721,qwen3:14b,direct,55,0.0,1.0,1,1,1.0,1.0,1.0,0.9149947999976575,3,3,multi_gold,line,0.0,0.0,0.0,0.0,0.0,0.0,0.0,0.0,0.0,0.0,0.0,0.0,0.0,0.0,0.0,0.0,0.0,0.0,0.0,0.0,0.0,0.0,0.0,0.0,0.0,0.0,1.0,1.0,1.0,1.0,1.0,1.0,1.0,1.0,1.0,1.0,1.0,1.0,0.46927872602275644
nvbench2:test:722,722,qwen3:14b,direct,55,0.0,1.0,1,0,1.0,0.0,0.0,0.8482615000102669,3,3,multi_gold,arc,0.0,0.0,0.0,0.0,0.0,0.0,0.0,0.0,0.0,0.0,0.0,0.0,0.0,0.0,0.0,0.0,0.0,0.0,0.0,0.0,0.0,0.0,0.0,0.0,0.0,0.0,1.0,1.0,0.5,1.0,1.0,0.9,1.0,1.0,0.5,1.0,1.0,0.9,0.40642634118843207
nvbench2:test:723,723,qwen3:14b,direct,55,0.0,1.0,5,0,1.0,0.0,0.0,4.512326500029303,3,3,multi_gold,arc,0.0,0.0,0.0,0.0,0.0,0.0,0.0,0.0,0.0,0.0,0.0,0.0,0.0,0.0,0.0,0.0,0.0,0.0,0.0,0.0,0.0,0.0,0.0,0.0,0.0,0.0,1.0,1.0,0.5,1.0,1.0,0.9,1.0,1.0,0.5,1.0,1.0,0.9,0.5423917174617435
nvbench2:test:724,724,qwen3:14b,direct,55,0.0,1.0,5,0,1.0,0.0,0.0,6.256321099936031,2,2,multi_gold,bar,0.0,0.0,0.0,0.0,0.0,0.0,0.0,0.0,0.0,0.0,0.0,0.0,0.0,0.0,0.0,0.0,0.0,0.0,0.0,0.0,0.0,0.0,0.0,0.0,0.0,0.0,1.0,0.6666666666666666,0.3333333333333333,0.0,0.0,0.4,1.0,0.6666666666666666,0.3333333333333333,0.0,0.0,0.4,0.5776189998431884
nvbench2:test:725,725,qwen3:14b,direct,55,0.0,1.0,3,3,1.0,1.0,1.0,2.267099199933,4,4,multi_gold,line,0.0,0.0,0.0,0.0,0.0,0.0,0.0,0.0,0.0,0.0,0.0,0.0,0.0,0.0,0.0,0.0,0.0,0.0,0.0,0.0,0.0,0.0,0.0,0.0,0.0,0.0,1.0,1.0,1.0,1.0,1.0,1.0,1.0,1.0,1.0,1.0,1.0,1.0,0.717570575194361
nvbench2:test:726,726,qwen3:14b,direct,55,0.0,1.0,1,0,1.0,0.0,0.0,1.2278318000026047,3,3,multi_gold,arc,0.0,0.0,0.0,0.0,0.0,0.0,0.0,0.0,0.0,0.0,0.0,0.0,0.0,0.0,0.0,0.0,0.0,0.0,0.0,0.0,0.0,0.0,0.0,0.0,0.0,0.0,1.0,1.0,0.5,1.0,1.0,0.9,1.0,1.0,0.5,1.0,1.0,0.9,0.40642634118843207
nvbench2:test:727,727,qwen3:14b,direct,55,0.0,1.0,5,5,1.0,1.0,1.0,5.029217400006019,2,2,multi_gold,bar,0.0,0.0,0.0,0.0,0.0,0.0,0.0,0.0,0.0,0.0,0.0,0.0,0.0,0.0,0.0,0.0,0.0,0.0,0.0,0.0,0.0,0.0,0.0,0.0,0.0,0.0,1.0,0.8,0.8,1.0,1.0,0.9199999999999999,1.0,0.8,0.8,1.0,1.0,0.9199999999999999,1.2635433471528694
nvbench2:test:728,728,qwen3:14b,direct,55,0.0,1.0,5,0,1.0,0.0,0.0,6.953484099940397,3,3,multi_gold,rect,0.0,0.0,0.0,0.0,0.0,0.0,0.0,0.0,0.0,0.0,0.0,0.0,0.0,0.0,0.0,0.0,0.0,0.0,0.0,0.0,0.0,0.0,0.0,0.0,0.0,0.0,1.0,1.0,0.6666666666666666,0.5,0.0,0.6333333333333333,1.0,1.0,0.6666666666666666,0.5,0.0,0.6333333333333333,0.7357174235617161
nvbench2:test:729,729,qwen3:14b,direct,55,0.0,1.0,5,5,1.0,1.0,1.0,4.823974700062536,4,4,multi_gold,rect,0.0,0.0,0.0,0.0,0.0,0.0,0.0,0.0,0.0,0.0,0.0,0.0,0.0,0.0,0.0,0.0,0.0,0.0,0.0,0.0,0.0,0.0,0.0,0.0,0.0,0.0,0.0,0.8,0.0,0.0,1.0,0.36,1.0,1.0,0.0,0.0,1.0,0.6,0.3793332386359734
nvbench2:test:730,730,qwen3:14b,direct,55,0.0,1.0,5,0,1.0,0.0,0.0,3.2646983000449836,3,3,multi_gold,arc,0.0,0.0,0.0,0.0,0.0,0.0,0.0,0.0,0.0,0.0,0.0,0.0,0.0,0.0,0.0,0.0,0.0,0.0,0.0,0.0,0.0,0.0,0.0,0.0,0.0,0.0,0.0,0.0,0.0,0.0,1.0,0.2,0.0,0.0,0.0,0.0,1.0,0.2,0.20574635086799964
nvbench2:test:731,731,qwen3:14b,direct,55,0.0,1.0,5,0,1.0,0.0,0.0,7.217655900050886,2,2,multi_gold,bar,0.0,0.0,0.0,0.0,0.0,0.0,0.0,0.0,0.0,0.0,0.0,0.0,0.0,0.0,0.0,0.0,0.0,0.0,0.0,0.0,0.0,0.0,0.0,0.0,0.0,0.0,1.0,0.6666666666666666,0.6666666666666666,0.6666666666666666,0.0,0.6,1.0,0.6666666666666666,0.6666666666666666,0.6666666666666666,0.0,0.6,0.8770382931121354
nvbench2:test:732,732,qwen3:14b,direct,55,0.0,1.0,1,0,1.0,0.0,0.0,1.0627730999840423,2,2,multi_gold,boxplot,0.0,0.0,0.0,0.0,0.0,0.0,0.0,0.0,0.0,0.0,0.0,0.0,0.0,0.0,0.0,0.0,0.0,0.0,0.0,0.0,0.0,0.0,0.0,0.0,0.0,0.0,1.0,1.0,1.0,0.0,1.0,0.8,1.0,1.0,1.0,0.0,1.0,0.8,0.4544040753253556
nvbench2:test:733,733,qwen3:14b,direct,55,0.0,1.0,5,3,1.0,1.0,0.0,4.332600700086914,4,4,multi_gold,point,0.0,0.0,0.0,0.0,0.0,0.0,0.0,0.0,0.0,0.0,0.0,0.0,0.0,0.0,0.0,0.0,0.0,0.0,0.0,0.0,0.0,0.0,0.0,0.0,0.0,0.0,1.0,0.8,0.0,0.0,1.0,0.5599999999999999,1.0,0.8,0.0,0.0,1.0,0.5599999999999999,0.4988880078993375
nvbench2:test:734,734,qwen3:14b,direct,55,0.0,1.0,5,1,1.0,1.0,0.0,6.265704300021753,4,4,multi_gold,rect,0.0,0.0,0.0,0.0,0.0,0.0,0.0,0.0,0.0,0.0,0.0,0.0,0.0,0.0,0.0,0.0,0.0,0.0,0.0,0.0,0.0,0.0,0.0,0.0,0.0,0.0,1.0,1.0,0.3333333333333333,0.6666666666666666,1.0,0.8,1.0,1.0,0.6666666666666666,0.6666666666666666,1.0,0.8666666666666666,0.8485890840363796
nvbench2:test:735,735,qwen3:14b,direct,55,0.0,1.0,1,0,1.0,0.0,0.0,1.3633067000191659,2,2,multi_gold,boxplot,0.0,0.0,0.0,0.0,0.0,0.0,0.0,0.0,0.0,0.0,0.0,0.0,0.0,0.0,0.0,0.0,0.0,0.0,0.0,0.0,0.0,0.0,0.0,0.0,0.0,0.0,1.0,1.0,1.0,0.0,0.0,0.6,1.0,1.0,1.0,0.0,0.0,0.6,0.3162101650184913
nvbench2:test:736,736,qwen3:14b,direct,55,0.0,1.0,1,0,1.0,0.0,0.0,1.2250943999970332,3,3,multi_gold,bar,0.0,0.0,0.0,0.0,0.0,0.0,0.0,0.0,0.0,0.0,0.0,0.0,0.0,0.0,0.0,0.0,0.0,0.0,0.0,0.0,0.0,0.0,0.0,0.0,0.0,0.0,1.0,0.8,0.0,0.5,1.0,0.6599999999999999,1.0,0.8,0.0,0.5,1.0,0.6599999999999999,0.2722204346504292
nvbench2:test:737,737,qwen3:14b,direct,55,0.0,1.0,1,0,1.0,0.0,0.0,8.832654600031674,5,5,multi_gold,arc,0.0,0.0,0.0,0.0,0.0,0.0,0.0,0.0,0.0,0.0,0.0,0.0,0.0,0.0,0.0,0.0,0.0,0.0,0.0,0.0,0.0,0.0,0.0,0.0,0.0,0.0,1.0,1.0,0.5,1.0,0.0,0.7,1.0,1.0,0.5,1.0,0.0,0.7,0.21180717369071872
nvbench2:test:738,738,qwen3:14b,direct,55,0.0,1.0,1,1,1.0,1.0,1.0,1.0682656000135466,3,3,multi_gold,boxplot,0.0,0.0,0.0,0.0,0.0,0.0,0.0,0.0,0.0,0.0,0.0,0.0,0.0,0.0,0.0,0.0,0.0,0.0,0.0,0.0,0.0,0.0,0.0,0.0,0.0,0.0,1.0,1.0,0.0,0.0,1.0,0.6,1.0,1.0,0.0,0.0,1.0,0.6,0.2420148133208297
nvbench2:test:739,739,qwen3:14b,direct,55,0.0,1.0,4,4,1.0,1.0,1.0,3.6123060000827536,3,3,multi_gold,boxplot,0.0,0.0,0.0,0.0,0.0,0.0,0.0,0.0,0.0,0.0,0.0,0.0,0.0,0.0,0.0,0.0,0.0,0.0,0.0,0.0,0.0,0.0,0.0,0.0,0.0,0.0,1.0,1.0,0.0,0.0,0.0,0.4,1.0,1.0,0.5,1.0,0.0,0.7,0.5157492481570084
nvbench2:test:740,740,qwen3:14b,direct,55,0.0,1.0,1,1,1.0,1.0,1.0,0.8904110000003129,3,3,multi_gold,boxplot,0.0,0.0,0.0,0.0,0.0,0.0,0.0,0.0,0.0,0.0,0.0,0.0,0.0,0.0,0.0,0.0,0.0,0.0,0.0,0.0,0.0,0.0,0.0,0.0,0.0,0.0,1.0,1.0,0.0,0.0,1.0,0.6,1.0,1.0,0.0,0.0,1.0,0.6,0.2420148133208297
nvbench2:test:741,741,qwen3:14b,direct,55,0.0,1.0,1,0,1.0,0.0,0.0,1.0326540000969544,2,2,multi_gold,boxplot,0.0,0.0,0.0,0.0,0.0,0.0,0.0,0.0,0.0,0.0,0.0,0.0,0.0,0.0,0.0,0.0,0.0,0.0,0.0,0.0,0.0,0.0,0.0,0.0,0.0,0.0,1.0,1.0,1.0,0.0,1.0,0.8,1.0,1.0,1.0,0.0,1.0,0.8,0.4544040753253556
nvbench2:test:742,742,qwen3:14b,direct,55,0.0,1.0,5,1,1.0,1.0,0.0,4.322362800012343,4,4,multi_gold,rect,0.0,0.0,0.0,0.0,0.0,0.0,0.0,0.0,0.0,0.0,0.0,0.0,0.0,0.0,0.0,0.0,0.0,0.0,0.0,0.0,0.0,0.0,0.0,0.0,0.0,0.0,1.0,1.0,0.3333333333333333,1.0,0.0,0.6666666666666667,1.0,1.0,0.6666666666666666,1.0,0.0,0.7333333333333333,0.4855702771445572
nvbench2:test:743,743,qwen3:14b,direct,55,0.0,1.0,5,5,1.0,1.0,1.0,3.904305399977602,2,2,multi_gold,boxplot,0.0,0.0,0.0,0.0,0.0,0.0,0.0,0.0,0.0,0.0,0.0,0.0,0.0,0.0,0.0,0.0,0.0,0.0,0.0,0.0,0.0,0.0,0.0,0.0,0.0,0.0,1.0,1.0,0.0,0.0,1.0,0.6,1.0,1.0,0.5,0.0,1.0,0.7,0.9868645656136724
nvbench2:test:744,744,qwen3:14b,direct,55,0.0,1.0,5,5,1.0,1.0,1.0,3.9930846999632195,2,2,multi_gold,arc,0.0,0.0,0.0,0.0,0.0,0.0,0.0,0.0,0.0,0.0,0.0,0.0,0.0,0.0,0.0,0.0,0.0,0.0,0.0,0.0,0.0,0.0,0.0,0.0,0.0,0.0,1.0,1.0,0.5,1.0,0.0,0.7,1.0,1.0,0.5,1.0,0.0,0.7,0.4138851548728694
nvbench2:test:745,745,qwen3:14b,direct,55,0.0,1.0,5,1,1.0,1.0,0.0,3.667731499997899,3,3,multi_gold,boxplot,0.0,0.0,0.0,0.0,0.0,0.0,0.0,0.0,0.0,0.0,0.0,0.0,0.0,0.0,0.0,0.0,0.0,0.0,0.0,0.0,0.0,0.0,0.0,0.0,0.0,0.0,1.0,1.0,0.0,0.0,0.0,0.4,1.0,1.0,0.5,0.0,0.0,0.5,0.4701274759617682
nvbench2:test:746,746,qwen3:14b,direct,55,0.0,1.0,3,0,1.0,0.0,0.0,2.105785100022331,3,3,multi_gold,arc,0.0,0.0,0.0,0.0,0.0,0.0,0.0,0.0,0.0,0.0,0.0,0.0,0.0,0.0,0.0,0.0,0.0,0.0,0.0,0.0,0.0,0.0,0.0,0.0,0.0,0.0,1.0,1.0,0.5,1.0,0.0,0.7,1.0,1.0,0.5,1.0,0.0,0.7,0.29306681351921393
nvbench2:test:747,747,qwen3:14b,direct,55,0.0,1.0,5,0,1.0,0.0,0.0,3.236554600065574,5,5,multi_gold,arc,0.0,0.0,0.0,0.0,0.0,0.0,0.0,0.0,0.0,0.0,0.0,0.0,0.0,0.0,0.0,0.0,0.0,0.0,0.0,0.0,0.0,0.0,0.0,0.0,0.0,0.0,1.0,1.0,0.5,1.0,1.0,0.9,1.0,1.0,0.5,1.0,1.0,0.9,0.8017376433430203
nvbench2:test:748,748,qwen3:14b,direct,55,0.0,1.0,5,4,1.0,1.0,0.0,5.801494600018486,4,4,multi_gold,rect,0.0,0.0,0.0,0.0,0.0,0.0,0.0,0.0,0.0,0.0,0.0,0.0,0.0,0.0,0.0,0.0,0.0,0.0,0.0,0.0,0.0,0.0,0.0,0.0,0.0,0.0,1.0,1.0,0.6666666666666666,1.0,1.0,0.9333333333333333,1.0,1.0,1.0,1.0,1.0,1.0,1.0890984722296981
nvbench2:test:749,749,qwen3:14b,direct,55,0.0,1.0,1,0,1.0,0.0,0.0,0.9161505999509245,2,2,multi_gold,arc,0.0,0.0,0.0,0.0,0.0,0.0,0.0,0.0,0.0,0.0,0.0,0.0,0.0,0.0,0.0,0.0,0.0,0.0,0.0,0.0,0.0,0.0,0.0,0.0,0.0,0.0,1.0,1.0,0.5,1.0,1.0,0.9,1.0,1.0,0.5,1.0,1.0,0.9,0.5310259262712439
nvbench2:test:750,750,qwen3:14b,direct,55,0.0,1.0,5,5,1.0,1.0,1.0,4.255593399982899,2,2,multi_gold,rect,0.0,0.0,0.0,0.0,0.0,0.0,0.0,0.0,0.0,0.0,0.0,0.0,0.0,0.0,0.0,0.0,0.0,0.0,0.0,0.0,0.0,0.0,0.0,0.0,0.0,0.0,1.0,1.0,1.0,1.0,1.0,1.0,1.0,1.0,1.0,1.0,1.0,1.0,1.2513971904506707
nvbench2:test:0,0,qwen3:14b,staged,55,0.0,1.0,2,2,1.0,1.0,1.0,15.109892399981618,4,4,multi_gold,boxplot,0.0,0.0,0.0,0.0,0.0,0.0,0.0,0.0,0.0,0.0,0.0,0.0,0.0,0.0,0.0,0.0,0.0,0.0,0.0,0.0,0.0,0.0,0.0,0.0,0.0,0.0,1.0,1.0,0.0,1.0,1.0,0.8,1.0,1.0,0.0,1.0,1.0,0.8,0.4718460726264016
nvbench2:test:1,1,qwen3:14b,staged,55,0.0,1.0,1,1,1.0,1.0,1.0,13.794805399957113,5,5,multi_gold,point,0.0,0.0,0.0,0.0,0.0,0.0,0.0,0.0,0.0,0.0,0.0,0.0,0.0,0.0,0.0,0.0,0.0,0.0,0.0,0.0,0.0,0.0,0.0,0.0,0.0,0.0,1.0,0.8,0.0,0.0,0.0,0.36,1.0,0.8,0.0,0.0,0.0,0.36,0.0961267855972935
nvbench2:test:2,2,qwen3:14b,staged,55,0.0,1.0,2,2,1.0,1.0,1.0,16.11188730003778,3,3,multi_gold,boxplot,0.0,0.0,0.0,0.0,0.0,0.0,0.0,0.0,0.0,0.0,0.0,0.0,0.0,0.0,0.0,0.0,0.0,0.0,0.0,0.0,0.0,0.0,0.0,0.0,0.0,0.0,1.0,1.0,1.0,0.0,1.0,0.8,1.0,1.0,1.0,0.0,1.0,0.8,0.5672096303216283
nvbench2:test:3,3,qwen3:14b,staged,55,0.0,1.0,1,0,1.0,0.0,0.0,12.973988199955784,4,4,multi_gold,arc,0.0,0.0,0.0,0.0,0.0,0.0,0.0,0.0,0.0,0.0,0.0,0.0,0.0,0.0,0.0,0.0,0.0,0.0,0.0,0.0,0.0,0.0,0.0,0.0,0.0,0.0,1.0,1.0,0.5,1.0,1.0,0.9,1.0,1.0,0.5,1.0,1.0,0.9,0.3380948817687364
nvbench2:test:4,4,qwen3:14b,staged,55,0.0,1.0,1,0,1.0,0.0,0.0,11.883259999915026,3,3,multi_gold,boxplot,0.0,0.0,0.0,0.0,0.0,0.0,0.0,0.0,0.0,0.0,0.0,0.0,0.0,0.0,0.0,0.0,0.0,0.0,0.0,0.0,0.0,0.0,0.0,0.0,0.0,0.0,1.0,0.6666666666666666,0.6666666666666666,0.0,1.0,0.6666666666666666,1.0,0.6666666666666666,0.6666666666666666,0.0,1.0,0.6666666666666666,0.27565481733206354
nvbench2:test:5,5,qwen3:14b,staged,55,0.0,1.0,1,1,1.0,1.0,1.0,11.378774199984036,4,4,multi_gold,boxplot,0.0,0.0,0.0,0.0,0.0,0.0,0.0,0.0,0.0,0.0,0.0,0.0,0.0,0.0,0.0,0.0,0.0,0.0,0.0,0.0,0.0,0.0,0.0,0.0,0.0,0.0,1.0,1.0,0.5,0.0,1.0,0.7,1.0,1.0,0.5,0.0,1.0,0.7,0.2437942121994015
nvbench2:test:6,6,qwen3:14b,staged,55,0.0,1.0,2,0,1.0,0.0,0.0,16.379169299965724,2,2,multi_gold,point,0.0,0.0,0.0,0.0,0.0,0.0,0.0,0.0,0.0,0.0,0.0,0.0,0.0,0.0,0.0,0.0,0.0,0.0,0.0,0.0,0.0,0.0,0.0,0.0,0.0,0.0,0.0,0.6666666666666666,0.0,0.0,1.0,0.3333333333333333,0.0,0.6666666666666666,0.0,0.0,1.0,0.3333333333333333,0.2599210498948732
nvbench2:test:7,7,qwen3:14b,staged,55,0.0,1.0,1,1,1.0,1.0,1.0,13.626667100004852,5,5,multi_gold,bar,0.0,0.0,0.0,0.0,0.0,0.0,0.0,0.0,0.0,0.0,0.0,0.0,0.0,0.0,0.0,0.0,0.0,0.0,0.0,0.0,0.0,0.0,0.0,0.0,0.0,0.0,1.0,1.0,1.0,0.0,1.0,0.8,1.0,1.0,1.0,0.0,1.0,0.8,0.2513520102235351
nvbench2:test:8,8,qwen3:14b,staged,55,0.0,1.0,1,0,1.0,0.0,0.0,14.30167870002333,2,2,multi_gold,arc,0.0,0.0,0.0,0.0,0.0,0.0,0.0,0.0,0.0,0.0,0.0,0.0,0.0,0.0,0.0,0.0,0.0,0.0,0.0,0.0,0.0,0.0,0.0,0.0,0.0,0.0,1.0,1.0,0.0,0.0,1.0,0.6,1.0,1.0,0.0,0.0,1.0,0.6,0.3162101650184913
nvbench2:test:9,9,qwen3:14b,staged,55,0.0,1.0,4,2,1.0,1.0,0.0,17.547889000037685,5,5,multi_gold,point,0.0,0.0,0.0,0.0,0.0,0.0,0.0,0.0,0.0,0.0,0.0,0.0,0.0,0.0,0.0,0.0,0.0,0.0,0.0,0.0,0.0,0.0,0.0,0.0,0.0,0.0,0.0,0.5,0.0,0.0,1.0,0.3,0.0,0.8,0.0,0.0,1.0,0.36,0.21731966226219185
nvbench2:test:10,10,qwen3:14b,staged,55,0.0,1.0,1,1,1.0,1.0,1.0,14.02963590004947,3,3,multi_gold,arc,1.0,1.0,0.3333333333333333,1.0,0.5,1.0,0.3333333333333333,1.0,0.5,1.0,0.3333333333333333,1.0,0.5,1.0,1.0,0.3333333333333333,1.0,0.5,1.0,0.3333333333333333,1.0,0.5,1.0,0.3333333333333333,1.0,0.5,1.0,1.0,1.0,1.0,1.0,1.0,1.0,1.0,1.0,1.0,1.0,1.0,0.46927872602275644
nvbench2:test:11,11,qwen3:14b,staged,55,0.0,1.0,1,1,1.0,1.0,1.0,13.295557899982668,5,5,multi_gold,point,0.0,0.0,0.0,0.0,0.0,0.0,0.0,0.0,0.0,0.0,0.0,0.0,0.0,0.0,0.0,0.0,0.0,0.0,0.0,0.0,0.0,0.0,0.0,0.0,0.0,0.0,1.0,0.8,0.0,0.0,1.0,0.5599999999999999,1.0,0.8,0.0,0.0,1.0,0.5599999999999999,0.1608532450914071
nvbench2:test:12,12,qwen3:14b,staged,55,0.0,1.0,1,1,1.0,1.0,1.0,13.6887053999817,3,3,multi_gold,boxplot,1.0,1.0,0.3333333333333333,1.0,0.5,1.0,0.3333333333333333,1.0,0.5,1.0,0.3333333333333333,1.0,0.5,1.0,1.0,0.3333333333333333,1.0,0.5,1.0,0.3333333333333333,1.0,0.5,1.0,0.3333333333333333,1.0,0.5,1.0,1.0,1.0,1.0,1.0,1.0,1.0,1.0,1.0,1.0,1.0,1.0,0.46927872602275644
nvbench2:test:13,13,qwen3:14b,staged,55,0.0,1.0,1,0,1.0,0.0,0.0,15.03459399996791,4,4,multi_gold,rect,0.0,0.0,0.0,0.0,0.0,0.0,0.0,0.0,0.0,0.0,0.0,0.0,0.0,0.0,0.0,0.0,0.0,0.0,0.0,0.0,0.0,0.0,0.0,0.0,0.0,0.0,1.0,1.0,0.3333333333333333,0.6666666666666666,0.0,0.6,1.0,1.0,0.3333333333333333,0.6666666666666666,0.0,0.6,0.2013254590160842
nvbench2:test:14,14,qwen3:14b,staged,55,0.0,1.0,1,1,1.0,1.0,1.0,13.642358100041747,2,2,multi_gold,arc,1.0,1.0,0.5,1.0,0.6666666666666666,1.0,0.5,1.0,0.6666666666666666,1.0,0.5,1.0,0.6666666666666666,1.0,1.0,0.5,1.0,0.6666666666666666,1.0,0.5,1.0,0.6666666666666666,1.0,0.5,1.0,0.6666666666666666,1.0,1.0,1.0,1.0,1.0,1.0,1.0,1.0,1.0,1.0,1.0,1.0,0.6131471927654584
nvbench2:test:15,15,qwen3:14b,staged,55,0.0,1.0,3,0,1.0,0.0,0.0,20.323962999973446,4,4,multi_gold,rect,0.0,0.0,0.0,0.0,0.0,0.0,0.0,0.0,0.0,0.0,0.0,0.0,0.0,0.0,0.0,0.0,0.0,0.0,0.0,0.0,0.0,0.0,0.0,0.0,0.0,0.0,1.0,1.0,0.6666666666666666,1.0,1.0,0.9333333333333333,1.0,1.0,0.6666666666666666,1.0,1.0,0.9333333333333333,0.7354997290794418
nvbench2:test:16,16,qwen3:14b,staged,55,0.0,1.0,5,5,1.0,1.0,1.0,18.315176800009795,2,2,multi_gold,line,1.0,1.0,0.5,1.0,0.6666666666666666,1.0,0.5,0.3333333333333333,0.4,1.0,0.5,0.2,0.28571428571428575,1.0,1.0,0.5,1.0,0.6666666666666666,1.0,0.5,0.3333333333333333,0.4,1.0,0.5,0.2,0.28571428571428575,1.0,1.0,1.0,1.0,1.0,1.0,1.0,1.0,1.0,1.0,1.0,1.0,1.6037386924431334
nvbench2:test:17,17,qwen3:14b,staged,55,0.0,1.0,1,1,1.0,1.0,1.0,11.69041009992361,4,4,multi_gold,boxplot,0.0,0.0,0.0,0.0,0.0,0.0,0.0,0.0,0.0,0.0,0.0,0.0,0.0,0.0,0.0,0.0,0.0,0.0,0.0,0.0,0.0,0.0,0.0,0.0,0.0,0.0,1.0,1.0,1.0,0.0,1.0,0.8,1.0,1.0,1.0,0.0,1.0,0.8,0.28931109484828477
nvbench2:test:18,18,qwen3:14b,staged,55,0.0,1.0,1,0,1.0,0.0,0.0,14.639448400004767,4,4,multi_gold,rect,0.0,0.0,0.0,0.0,0.0,0.0,0.0,0.0,0.0,0.0,0.0,0.0,0.0,0.0,0.0,0.0,0.0,0.0,0.0,0.0,0.0,0.0,0.0,0.0,0.0,0.0,1.0,1.0,0.3333333333333333,0.0,0.0,0.4666666666666667,1.0,1.0,0.3333333333333333,0.0,0.0,0.4666666666666667,0.14909116917444792
nvbench2:test:19,19,qwen3:14b,staged,55,0.0,1.0,5,5,1.0,1.0,1.0,22.827291999943554,2,2,multi_gold,rect,0.0,0.0,0.0,0.0,0.0,0.0,0.0,0.0,0.0,0.0,0.0,0.0,0.0,0.0,0.0,0.0,0.0,0.0,0.0,0.0,0.0,0.0,0.0,0.0,0.0,0.0,1.0,1.0,0.3333333333333333,0.0,1.0,0.6666666666666667,1.0,1.0,0.3333333333333333,0.0,1.0,0.6666666666666667,1.0341954395501174
nvbench2:test:20,20,qwen3:14b,staged,55,0.0,1.0,1,0,1.0,0.0,0.0,12.013731900020503,2,2,multi_gold,arc,0.0,0.0,0.0,0.0,0.0,0.0,0.0,0.0,0.0,0.0,0.0,0.0,0.0,0.0,0.0,0.0,0.0,0.0,0.0,0.0,0.0,0.0,0.0,0.0,0.0,0.0,1.0,1.0,0.5,0.0,1.0,0.7,1.0,1.0,0.5,0.0,1.0,0.7,0.38291336052022606
nvbench2:test:21,21,qwen3:14b,staged,55,0.0,1.0,1,0,1.0,0.0,0.0,13.143614499946125,4,4,multi_gold,bar,0.0,0.0,0.0,0.0,0.0,0.0,0.0,0.0,0.0,0.0,0.0,0.0,0.0,0.0,0.0,0.0,0.0,0.0,0.0,0.0,0.0,0.0,0.0,0.0,0.0,0.0,1.0,0.8,0.4,1.0,1.0,0.8400000000000001,1.0,0.8,0.4,1.0,1.0,0.8400000000000001,0.3084198138739908
nvbench2:test:22,22,qwen3:14b,staged,55,0.0,1.0,1,1,1.0,1.0,1.0,12.294669199967757,4,4,multi_gold,boxplot,0.0,0.0,0.0,0.0,0.0,0.0,0.0,0.0,0.0,0.0,0.0,0.0,0.0,0.0,0.0,0.0,0.0,0.0,0.0,0.0,0.0,0.0,0.0,0.0,0.0,0.0,1.0,1.0,1.0,0.0,1.0,0.8,1.0,1.0,1.0,0.0,1.0,0.8,0.28931109484828477
nvbench2:test:23,23,qwen3:14b,staged,55,0.0,1.0,1,0,1.0,0.0,0.0,19.46653229999356,4,4,multi_gold,rect,0.0,0.0,0.0,0.0,0.0,0.0,0.0,0.0,0.0,0.0,0.0,0.0,0.0,0.0,0.0,0.0,0.0,0.0,0.0,0.0,0.0,0.0,0.0,0.0,0.0,0.0,1.0,1.0,0.4,1.0,0.0,0.6799999999999999,1.0,1.0,0.4,1.0,0.0,0.6799999999999999,0.23506334772910514
nvbench2:test:24,24,qwen3:14b,staged,55,0.0,1.0,2,0,1.0,0.0,0.0,18.863699799985625,3,3,multi_gold,arc,0.0,0.0,0.0,0.0,0.0,0.0,0.0,0.0,0.0,0.0,0.0,0.0,0.0,0.0,0.0,0.0,0.0,0.0,0.0,0.0,0.0,0.0,0.0,0.0,0.0,0.0,1.0,1.0,0.5,1.0,1.0,0.9,1.0,1.0,0.5,1.0,1.0,0.9,0.45045323429343487
nvbench2:test:25,25,qwen3:14b,staged,55,0.0,1.0,1,1,1.0,1.0,1.0,11.710206300020218,2,2,multi_gold,boxplot,0.0,0.0,0.0,0.0,0.0,0.0,0.0,0.0,0.0,0.0,0.0,0.0,0.0,0.0,0.0,0.0,0.0,0.0,0.0,0.0,0.0,0.0,0.0,0.0,0.0,0.0,1.0,1.0,0.5,0.0,1.0,0.7,1.0,1.0,0.5,0.0,1.0,0.7,0.38291336052022606
nvbench2:test:26,26,qwen3:14b,staged,55,0.0,1.0,1,1,1.0,1.0,1.0,15.526146000018343,4,4,multi_gold,boxplot,0.0,0.0,0.0,0.0,0.0,0.0,0.0,0.0,0.0,0.0,0.0,0.0,0.0,0.0,0.0,0.0,0.0,0.0,0.0,0.0,0.0,0.0,0.0,0.0,0.0,0.0,1.0,1.0,0.0,0.0,0.0,0.4,1.0,1.0,0.0,0.0,0.0,0.4,0.12472951418039441
nvbench2:test:27,27,qwen3:14b,staged,55,0.0,1.0,3,0,1.0,0.0,0.0,16.52938850002829,5,5,multi_gold,arc,0.0,0.0,0.0,0.0,0.0,0.0,0.0,0.0,0.0,0.0,0.0,0.0,0.0,0.0,0.0,0.0,0.0,0.0,0.0,0.0,0.0,0.0,0.0,0.0,0.0,0.0,1.0,1.0,0.0,1.0,1.0,0.8,1.0,1.0,0.0,1.0,1.0,0.8,0.535613477205328
nvbench2:test:28,28,qwen3:14b,staged,55,0.0,1.0,5,5,1.0,1.0,1.0,20.931603999924846,2,2,multi_gold,bar,0.0,0.0,0.0,0.0,0.0,0.0,0.0,0.0,0.0,0.0,0.0,0.0,0.0,0.0,0.0,0.0,0.0,0.0,0.0,0.0,0.0,0.0,0.0,0.0,0.0,0.0,1.0,1.0,1.0,1.0,1.0,1.0,1.0,1.0,1.0,1.0,1.0,1.0,1.3636351412455157
nvbench2:test:29,29,qwen3:14b,staged,55,0.0,1.0,1,1,1.0,1.0,1.0,13.10283079999499,4,4,multi_gold,rect,0.0,0.0,0.0,0.0,0.0,0.0,0.0,0.0,0.0,0.0,0.0,0.0,0.0,0.0,0.0,0.0,0.0,0.0,0.0,0.0,0.0,0.0,0.0,0.0,0.0,0.0,1.0,1.0,0.6666666666666666,0.6666666666666666,1.0,0.8666666666666666,1.0,1.0,0.6666666666666666,0.6666666666666666,1.0,0.8666666666666666,0.3214564913324584
nvbench2:test:30,30,qwen3:14b,staged,55,0.0,1.0,1,0,1.0,0.0,0.0,13.32813159993384,2,2,multi_gold,arc,0.0,0.0,0.0,0.0,0.0,0.0,0.0,0.0,0.0,0.0,0.0,0.0,0.0,0.0,0.0,0.0,0.0,0.0,0.0,0.0,0.0,0.0,0.0,0.0,0.0,0.0,1.0,1.0,0.5,1.0,1.0,0.9,1.0,1.0,0.5,1.0,1.0,0.9,0.5310259262712439
nvbench2:test:31,31,qwen3:14b,staged,55,0.0,1.0,1,1,1.0,1.0,1.0,13.338270700071007,2,2,multi_gold,rect,0.0,0.0,0.0,0.0,0.0,0.0,0.0,0.0,0.0,0.0,0.0,0.0,0.0,0.0,0.0,0.0,0.0,0.0,0.0,0.0,0.0,0.0,0.0,0.0,0.0,0.0,1.0,1.0,0.6666666666666666,1.0,1.0,0.9333333333333333,1.0,1.0,0.6666666666666666,1.0,1.0,0.9333333333333333,0.5577697051812209
nvbench2:test:32,32,qwen3:14b,staged,55,0.0,1.0,1,0,1.0,0.0,0.0,16.352164599928074,4,4,multi_gold,rect,0.0,0.0,0.0,0.0,0.0,0.0,0.0,0.0,0.0,0.0,0.0,0.0,0.0,0.0,0.0,0.0,0.0,0.0,0.0,0.0,0.0,0.0,0.0,0.0,0.0,0.0,1.0,1.0,0.0,0.0,0.0,0.4,1.0,1.0,0.0,0.0,0.0,0.4,0.12472951418039441
nvbench2:test:33,33,qwen3:14b,staged,55,0.0,1.0,1,1,1.0,1.0,1.0,15.234411499928683,4,4,multi_gold,rect,0.0,0.0,0.0,0.0,0.0,0.0,0.0,0.0,0.0,0.0,0.0,0.0,0.0,0.0,0.0,0.0,0.0,0.0,0.0,0.0,0.0,0.0,0.0,0.0,0.0,0.0,1.0,1.0,1.0,1.0,0.0,0.8,1.0,1.0,1.0,1.0,0.0,0.8,0.28931109484828477
nvbench2:test:34,34,qwen3:14b,staged,55,0.0,1.0,1,1,1.0,1.0,1.0,11.133252099971287,4,4,multi_gold,boxplot,1.0,1.0,0.25,1.0,0.4,1.0,0.25,1.0,0.4,1.0,0.25,1.0,0.4,1.0,1.0,0.25,1.0,0.4,1.0,0.25,1.0,0.4,1.0,0.25,1.0,0.4,1.0,1.0,1.0,1.0,1.0,1.0,1.0,1.0,1.0,1.0,1.0,1.0,0.3903800499921017
nvbench2:test:35,35,qwen3:14b,staged,55,0.0,1.0,1,1,1.0,1.0,1.0,12.388378200004809,4,4,multi_gold,bar+line,0.0,0.0,0.0,0.0,0.0,0.0,0.0,0.0,0.0,0.0,0.0,0.0,0.0,0.0,0.0,0.0,0.0,0.0,0.0,0.0,0.0,0.0,0.0,0.0,0.0,0.0,1.0,0.8,0.4,1.0,1.0,0.8400000000000001,1.0,0.8,0.4,1.0,1.0,0.8400000000000001,0.3084198138739908
nvbench2:test:36,36,qwen3:14b,staged,55,0.0,1.0,2,0,1.0,0.0,0.0,15.708755899919197,4,4,multi_gold,boxplot,0.0,0.0,0.0,0.0,0.0,0.0,0.0,0.0,0.0,0.0,0.0,0.0,0.0,0.0,0.0,0.0,0.0,0.0,0.0,0.0,0.0,0.0,0.0,0.0,0.0,0.0,1.0,1.0,1.0,0.0,1.0,0.8,1.0,1.0,1.0,0.0,1.0,0.8,0.4718460726264016
nvbench2:test:37,37,qwen3:14b,staged,55,0.0,1.0,1,1,1.0,1.0,1.0,13.531888600089587,2,2,multi_gold,arc,0.0,0.0,0.0,0.0,0.0,0.0,0.0,0.0,0.0,0.0,0.0,0.0,0.0,0.0,0.0,0.0,0.0,0.0,0.0,0.0,0.0,0.0,0.0,0.0,0.0,0.0,1.0,1.0,1.0,0.0,0.0,0.6,1.0,1.0,1.0,0.0,0.0,0.6,0.3162101650184913
nvbench2:test:38,38,qwen3:14b,staged,55,0.0,1.0,3,3,1.0,1.0,1.0,20.57040710002184,4,4,multi_gold,rect,0.0,0.0,0.0,0.0,0.0,0.0,0.0,0.0,0.0,0.0,0.0,0.0,0.0,0.0,0.0,0.0,0.0,0.0,0.0,0.0,0.0,0.0,0.0,0.0,0.0,0.0,1.0,1.0,0.3333333333333333,0.0,0.0,0.4666666666666667,1.0,1.0,0.3333333333333333,0.0,0.0,0.4666666666666667,0.290151487909569
nvbench2:test:39,39,qwen3:14b,staged,55,0.0,1.0,2,2,1.0,1.0,1.0,16.475748000084423,2,2,multi_gold,bar,0.0,0.0,0.0,0.0,0.0,0.0,0.0,0.0,0.0,0.0,0.0,0.0,0.0,0.0,0.0,0.0,0.0,0.0,0.0,0.0,0.0,0.0,0.0,0.0,0.0,0.0,1.0,0.8,0.4,0.0,1.0,0.64,1.0,0.8,0.4,0.0,1.0,0.64,0.480291341821887
nvbench2:test:40,40,qwen3:14b,staged,55,0.0,1.0,4,4,1.0,1.0,1.0,21.20651709998492,2,2,multi_gold,bar,0.0,0.0,0.0,0.0,0.0,0.0,0.0,0.0,0.0,0.0,0.0,0.0,0.0,0.0,0.0,0.0,0.0,0.0,0.0,0.0,0.0,0.0,0.0,0.0,0.0,0.0,1.0,0.8,0.4,1.0,1.0,0.8400000000000001,1.0,0.8,0.4,1.0,1.0,0.8400000000000001,1.090053675458047
nvbench2:test:41,41,qwen3:14b,staged,55,0.0,1.0,1,1,1.0,1.0,1.0,12.16203210002277,2,2,multi_gold,arc,1.0,1.0,0.5,1.0,0.6666666666666666,1.0,0.5,1.0,0.6666666666666666,1.0,0.5,1.0,0.6666666666666666,1.0,1.0,0.5,1.0,0.6666666666666666,1.0,0.5,1.0,0.6666666666666666,1.0,0.5,1.0,0.6666666666666666,1.0,1.0,1.0,1.0,1.0,1.0,1.0,1.0,1.0,1.0,1.0,1.0,0.6131471927654584
nvbench2:test:42,42,qwen3:14b,staged,55,0.0,1.0,1,0,1.0,0.0,0.0,16.25152050005272,3,3,multi_gold,arc,0.0,0.0,0.0,0.0,0.0,0.0,0.0,0.0,0.0,0.0,0.0,0.0,0.0,0.0,0.0,0.0,0.0,0.0,0.0,0.0,0.0,0.0,0.0,0.0,0.0,0.0,1.0,1.0,0.5,1.0,0.0,0.7,1.0,1.0,0.5,1.0,0.0,0.7,0.29306681351921393
nvbench2:test:43,43,qwen3:14b,staged,55,0.0,1.0,1,1,1.0,1.0,1.0,10.588453799951822,2,2,multi_gold,point,0.0,0.0,0.0,0.0,0.0,0.0,0.0,0.0,0.0,0.0,0.0,0.0,0.0,0.0,0.0,0.0,0.0,0.0,0.0,0.0,0.0,0.0,0.0,0.0,0.0,0.0,1.0,0.8,0.0,1.0,1.0,0.76,1.0,0.8,0.0,1.0,1.0,0.76,0.42521182975933103
nvbench2:test:44,44,qwen3:14b,staged,55,0.0,1.0,1,1,1.0,1.0,1.0,14.1710951999994,3,3,multi_gold,arc,0.0,0.0,0.0,0.0,0.0,0.0,0.0,0.0,0.0,0.0,0.0,0.0,0.0,0.0,0.0,0.0,0.0,0.0,0.0,0.0,0.0,0.0,0.0,0.0,0.0,0.0,1.0,1.0,0.5,1.0,1.0,0.9,1.0,1.0,0.5,1.0,1.0,0.9,0.40642634118843207
nvbench2:test:45,45,qwen3:14b,staged,55,0.0,1.0,3,3,1.0,1.0,1.0,15.709990400006063,2,2,multi_gold,boxplot,0.0,0.0,0.0,0.0,0.0,0.0,0.0,0.0,0.0,0.0,0.0,0.0,0.0,0.0,0.0,0.0,0.0,0.0,0.0,0.0,0.0,0.0,0.0,0.0,0.0,0.0,1.0,1.0,1.0,1.0,1.0,1.0,1.0,1.0,1.0,1.0,1.0,1.0,1.265512963135622
nvbench2:test:46,46,qwen3:14b,staged,55,0.0,1.0,2,0,1.0,0.0,0.0,17.950749399955384,2,2,multi_gold,rect,0.0,0.0,0.0,0.0,0.0,0.0,0.0,0.0,0.0,0.0,0.0,0.0,0.0,0.0,0.0,0.0,0.0,0.0,0.0,0.0,0.0,0.0,0.0,0.0,0.0,0.0,1.0,1.0,0.6666666666666666,0.0,0.0,0.5333333333333333,1.0,1.0,0.6666666666666666,0.0,0.0,0.5333333333333333,0.3978444095630527
nvbench2:test:47,47,qwen3:14b,staged,55,0.0,1.0,1,0,1.0,0.0,0.0,11.791214000084437,3,3,multi_gold,arc,0.0,0.0,0.0,0.0,0.0,0.0,0.0,0.0,0.0,0.0,0.0,0.0,0.0,0.0,0.0,0.0,0.0,0.0,0.0,0.0,0.0,0.0,0.0,0.0,0.0,0.0,1.0,1.0,0.5,1.0,1.0,0.9,1.0,1.0,0.5,1.0,1.0,0.9,0.40642634118843207
nvbench2:test:48,48,qwen3:14b,staged,55,0.0,1.0,1,1,1.0,1.0,1.0,12.518737000063993,2,2,multi_gold,boxplot,0.0,0.0,0.0,0.0,0.0,0.0,0.0,0.0,0.0,0.0,0.0,0.0,0.0,0.0,0.0,0.0,0.0,0.0,0.0,0.0,0.0,0.0,0.0,0.0,0.0,0.0,1.0,1.0,0.5,0.0,1.0,0.7,1.0,1.0,0.5,0.0,1.0,0.7,0.38291336052022606
nvbench2:test:49,49,qwen3:14b,staged,55,0.0,1.0,1,1,1.0,1.0,1.0,12.688618100015447,2,2,multi_gold,point,0.0,0.0,0.0,0.0,0.0,0.0,0.0,0.0,0.0,0.0,0.0,0.0,0.0,0.0,0.0,0.0,0.0,0.0,0.0,0.0,0.0,0.0,0.0,0.0,0.0,0.0,1.0,0.8,0.0,1.0,1.0,0.76,1.0,0.8,0.0,1.0,1.0,0.76,0.42521182975933103
nvbench2:test:50,50,qwen3:14b,staged,55,0.0,1.0,1,0,1.0,0.0,0.0,14.380835099960677,2,2,multi_gold,rect,0.0,0.0,0.0,0.0,0.0,0.0,0.0,0.0,0.0,0.0,0.0,0.0,0.0,0.0,0.0,0.0,0.0,0.0,0.0,0.0,0.0,0.0,0.0,0.0,0.0,0.0,1.0,0.8,0.8,0.0,1.0,0.72,1.0,0.8,0.8,0.0,1.0,0.72,0.39681784768346284
nvbench2:test:51,51,qwen3:14b,staged,55,0.0,1.0,3,0,1.0,0.0,0.0,22.603124299901538,4,4,multi_gold,bar,0.0,0.0,0.0,0.0,0.0,0.0,0.0,0.0,0.0,0.0,0.0,0.0,0.0,0.0,0.0,0.0,0.0,0.0,0.0,0.0,0.0,0.0,0.0,0.0,0.0,0.0,1.0,1.0,1.0,1.0,0.0,0.8,1.0,1.0,1.0,1.0,0.0,0.8,0.5981695501243118
nvbench2:test:52,52,qwen3:14b,staged,55,0.0,1.0,3,3,1.0,1.0,1.0,16.72002380003687,2,2,multi_gold,boxplot,0.0,0.0,0.0,0.0,0.0,0.0,0.0,0.0,0.0,0.0,0.0,0.0,0.0,0.0,0.0,0.0,0.0,0.0,0.0,0.0,0.0,0.0,0.0,0.0,0.0,0.0,1.0,1.0,1.0,1.0,1.0,1.0,1.0,1.0,1.0,1.0,1.0,1.0,1.1914566802601132
nvbench2:test:53,53,qwen3:14b,staged,55,0.0,1.0,2,2,1.0,1.0,1.0,17.97734089998994,2,2,multi_gold,point,0.0,0.0,0.0,0.0,0.0,0.0,0.0,0.0,0.0,0.0,0.0,0.0,0.0,0.0,0.0,0.0,0.0,0.0,0.0,0.0,0.0,0.0,0.0,0.0,0.0,0.0,0.0,0.8,0.0,1.0,1.0,0.5599999999999999,1.0,0.8,0.0,1.0,1.0,0.76,0.5590756341628331
nvbench2:test:54,54,qwen3:14b,staged,55,0.0,1.0,1,1,1.0,1.0,1.0,14.276384600088932,2,2,multi_gold,bar,0.0,0.0,0.0,0.0,0.0,0.0,0.0,0.0,0.0,0.0,0.0,0.0,0.0,0.0,0.0,0.0,0.0,0.0,0.0,0.0,0.0,0.0,0.0,0.0,0.0,0.0,1.0,0.8,0.4,0.5,1.0,0.74,1.0,0.8,0.4,0.5,1.0,0.74,0.4109164342542455
nvbench2:test:55,55,qwen3:14b,staged,55,0.0,1.0,1,0,1.0,0.0,0.0,15.121646899962798,5,5,multi_gold,line,0.0,0.0,0.0,0.0,0.0,0.0,0.0,0.0,0.0,0.0,0.0,0.0,0.0,0.0,0.0,0.0,0.0,0.0,0.0,0.0,0.0,0.0,0.0,0.0,0.0,0.0,0.0,1.0,0.5,1.0,0.0,0.5,0.0,1.0,0.5,1.0,0.0,0.5,0.14048475684157474
nvbench2:test:56,56,qwen3:14b,staged,55,0.0,1.0,1,0,1.0,0.0,0.0,13.221987700089812,3,3,multi_gold,point,0.0,0.0,0.0,0.0,0.0,0.0,0.0,0.0,0.0,0.0,0.0,0.0,0.0,0.0,0.0,0.0,0.0,0.0,0.0,0.0,0.0,0.0,0.0,0.0,0.0,0.0,1.0,0.8,0.4,0.0,1.0,0.64,1.0,0.8,0.4,0.0,1.0,0.64,0.2620119965875154
nvbench2:test:57,57,qwen3:14b,staged,55,0.0,1.0,2,0,1.0,0.0,0.0,16.15933729999233,3,3,multi_gold,point,0.0,0.0,0.0,0.0,0.0,0.0,0.0,0.0,0.0,0.0,0.0,0.0,0.0,0.0,0.0,0.0,0.0,0.0,0.0,0.0,0.0,0.0,0.0,0.0,0.0,0.0,0.0,0.8,0.0,0.0,1.0,0.36,1.0,0.8,0.0,0.0,1.0,0.5599999999999999,0.27342828029801036
nvbench2:test:58,58,qwen3:14b,staged,55,0.0,1.0,1,0,1.0,0.0,0.0,11.563039099914022,5,5,multi_gold,line,0.0,0.0,0.0,0.0,0.0,0.0,0.0,0.0,0.0,0.0,0.0,0.0,0.0,0.0,0.0,0.0,0.0,0.0,0.0,0.0,0.0,0.0,0.0,0.0,0.0,0.0,1.0,1.0,0.5,1.0,1.0,0.9,1.0,1.0,0.5,1.0,1.0,0.9,0.29373511659974333
nvbench2:test:59,59,qwen3:14b,staged,55,0.0,1.0,1,0,1.0,0.0,0.0,15.66568770003505,3,3,multi_gold,rect,0.0,0.0,0.0,0.0,0.0,0.0,0.0,0.0,0.0,0.0,0.0,0.0,0.0,0.0,0.0,0.0,0.0,0.0,0.0,0.0,0.0,0.0,0.0,0.0,0.0,0.0,1.0,1.0,0.3333333333333333,0.6666666666666666,1.0,0.8,1.0,1.0,0.3333333333333333,0.6666666666666666,1.0,0.8,0.3477829925412398
nvbench2:test:60,60,qwen3:14b,staged,55,0.0,1.0,1,1,1.0,1.0,1.0,13.309861099929549,3,3,multi_gold,arc,0.0,0.0,0.0,0.0,0.0,0.0,0.0,0.0,0.0,0.0,0.0,0.0,0.0,0.0,0.0,0.0,0.0,0.0,0.0,0.0,0.0,0.0,0.0,0.0,0.0,0.0,1.0,1.0,0.5,1.0,0.0,0.7,1.0,1.0,0.5,1.0,0.0,0.7,0.29306681351921393
nvbench2:test:61,61,qwen3:14b,staged,55,0.0,1.0,1,1,1.0,1.0,1.0,12.878591899992898,2,2,multi_gold,boxplot,0.0,0.0,0.0,0.0,0.0,0.0,0.0,0.0,0.0,0.0,0.0,0.0,0.0,0.0,0.0,0.0,0.0,0.0,0.0,0.0,0.0,0.0,0.0,0.0,0.0,0.0,1.0,1.0,0.0,0.0,1.0,0.6,1.0,1.0,0.0,0.0,1.0,0.6,0.3162101650184913
nvbench2:test:62,62,qwen3:14b,staged,55,0.0,1.0,1,0,1.0,0.0,0.0,12.610297299921513,3,3,multi_gold,arc,0.0,0.0,0.0,0.0,0.0,0.0,0.0,0.0,0.0,0.0,0.0,0.0,0.0,0.0,0.0,0.0,0.0,0.0,0.0,0.0,0.0,0.0,0.0,0.0,0.0,0.0,1.0,1.0,0.5,1.0,1.0,0.9,1.0,1.0,0.5,1.0,1.0,0.9,0.40642634118843207
nvbench2:test:63,63,qwen3:14b,staged,55,0.0,1.0,1,0,1.0,0.0,0.0,13.352414300083183,3,3,multi_gold,rect,0.0,0.0,0.0,0.0,0.0,0.0,0.0,0.0,0.0,0.0,0.0,0.0,0.0,0.0,0.0,0.0,0.0,0.0,0.0,0.0,0.0,0.0,0.0,0.0,0.0,0.0,1.0,1.0,0.6666666666666666,1.0,1.0,0.9333333333333333,1.0,1.0,0.6666666666666666,1.0,1.0,0.9333333333333333,0.426894976850455
nvbench2:test:64,64,qwen3:14b,staged,55,0.0,1.0,1,0,1.0,0.0,0.0,11.212044300045818,5,5,multi_gold,line,0.0,0.0,0.0,0.0,0.0,0.0,0.0,0.0,0.0,0.0,0.0,0.0,0.0,0.0,0.0,0.0,0.0,0.0,0.0,0.0,0.0,0.0,0.0,0.0,0.0,0.0,1.0,1.0,0.5,1.0,1.0,0.9,1.0,1.0,0.5,1.0,1.0,0.9,0.29373511659974333
nvbench2:test:65,65,qwen3:14b,staged,55,0.0,1.0,1,0,1.0,0.0,0.0,13.65952930005733,3,3,multi_gold,arc,0.0,0.0,0.0,0.0,0.0,0.0,0.0,0.0,0.0,0.0,0.0,0.0,0.0,0.0,0.0,0.0,0.0,0.0,0.0,0.0,0.0,0.0,0.0,0.0,0.0,0.0,1.0,1.0,0.5,1.0,1.0,0.9,1.0,1.0,0.5,1.0,1.0,0.9,0.40642634118843207
nvbench2:test:66,66,qwen3:14b,staged,55,0.0,1.0,2,0,1.0,0.0,0.0,13.722080199979246,5,5,multi_gold,line,0.0,0.0,0.0,0.0,0.0,0.0,0.0,0.0,0.0,0.0,0.0,0.0,0.0,0.0,0.0,0.0,0.0,0.0,0.0,0.0,0.0,0.0,0.0,0.0,0.0,0.0,1.0,1.0,0.5,1.0,1.0,0.9,1.0,1.0,0.5,1.0,1.0,0.9,0.47906134133130274
nvbench2:test:67,67,qwen3:14b,staged,55,0.0,1.0,2,2,1.0,1.0,1.0,12.31925699999556,2,2,multi_gold,bar,0.0,0.0,0.0,0.0,0.0,0.0,0.0,0.0,0.0,0.0,0.0,0.0,0.0,0.0,0.0,0.0,0.0,0.0,0.0,0.0,0.0,0.0,0.0,0.0,0.0,0.0,1.0,0.8,0.8,1.0,1.0,0.9199999999999999,1.0,0.8,0.8,1.0,1.0,0.9199999999999999,0.8921152934511918
nvbench2:test:68,68,qwen3:14b,staged,55,0.0,1.0,2,0,1.0,0.0,0.0,18.295022700098343,2,2,multi_gold,rect,0.0,0.0,0.0,0.0,0.0,0.0,0.0,0.0,0.0,0.0,0.0,0.0,0.0,0.0,0.0,0.0,0.0,0.0,0.0,0.0,0.0,0.0,0.0,0.0,0.0,0.0,1.0,1.0,0.6666666666666666,0.6666666666666666,0.0,0.6666666666666666,1.0,1.0,0.3333333333333333,1.0,0.0,0.6666666666666667,0.5874010519681994
nvbench2:test:69,69,qwen3:14b,staged,55,0.0,1.0,1,1,1.0,1.0,1.0,12.271055900026113,3,3,multi_gold,rect,0.0,0.0,0.0,0.0,0.0,0.0,0.0,0.0,0.0,0.0,0.0,0.0,0.0,0.0,0.0,0.0,0.0,0.0,0.0,0.0,0.0,0.0,0.0,0.0,0.0,0.0,1.0,1.0,0.6666666666666666,0.0,1.0,0.7333333333333333,1.0,1.0,0.6666666666666666,0.0,1.0,0.7333333333333333,0.3108857958246911
nvbench2:test:70,70,qwen3:14b,staged,55,0.0,1.0,1,0,1.0,0.0,0.0,12.915928500005975,2,2,multi_gold,bar,0.0,0.0,0.0,0.0,0.0,0.0,0.0,0.0,0.0,0.0,0.0,0.0,0.0,0.0,0.0,0.0,0.0,0.0,0.0,0.0,0.0,0.0,0.0,0.0,0.0,0.0,1.0,0.8,0.4,1.0,1.0,0.8400000000000001,1.0,0.8,0.4,1.0,1.0,0.8400000000000001,0.4844170266229248
nvbench2:test:71,71,qwen3:14b,staged,55,0.0,1.0,2,2,1.0,1.0,1.0,14.222132800030522,5,5,multi_gold,line,0.0,0.0,0.0,0.0,0.0,0.0,0.0,0.0,0.0,0.0,0.0,0.0,0.0,0.0,0.0,0.0,0.0,0.0,0.0,0.0,0.0,0.0,0.0,0.0,0.0,0.0,1.0,1.0,0.5,0.0,1.0,0.7,1.0,1.0,0.5,0.0,1.0,0.7,0.34544262159207073
nvbench2:test:72,72,qwen3:14b,staged,55,0.0,1.0,1,0,1.0,0.0,0.0,16.021723699988797,2,2,multi_gold,rect,0.0,0.0,0.0,0.0,0.0,0.0,0.0,0.0,0.0,0.0,0.0,0.0,0.0,0.0,0.0,0.0,0.0,0.0,0.0,0.0,0.0,0.0,0.0,0.0,0.0,0.0,1.0,1.0,0.6666666666666666,0.6666666666666666,1.0,0.8666666666666666,1.0,1.0,0.6666666666666666,0.6666666666666666,1.0,0.8666666666666666,0.5048929761157583
nvbench2:test:73,73,qwen3:14b,staged,55,0.0,1.0,1,1,1.0,1.0,1.0,11.70335339999292,5,5,multi_gold,line,1.0,1.0,0.2,1.0,0.33333333333333337,1.0,0.2,1.0,0.33333333333333337,1.0,0.2,1.0,0.33333333333333337,1.0,1.0,0.2,1.0,0.33333333333333337,1.0,0.2,1.0,0.33333333333333337,1.0,0.2,1.0,0.33333333333333337,1.0,1.0,1.0,1.0,1.0,1.0,1.0,1.0,1.0,1.0,1.0,1.0,0.3391602052736161
nvbench2:test:74,74,qwen3:14b,staged,55,0.0,1.0,1,0,1.0,0.0,0.0,11.72534360003192,3,3,multi_gold,boxplot,0.0,0.0,0.0,0.0,0.0,0.0,0.0,0.0,0.0,0.0,0.0,0.0,0.0,0.0,0.0,0.0,0.0,0.0,0.0,0.0,0.0,0.0,0.0,0.0,0.0,0.0,1.0,0.6666666666666666,0.6666666666666666,1.0,1.0,0.8666666666666666,1.0,0.6666666666666666,0.6666666666666666,1.0,1.0,0.8666666666666666,0.3864252098110378
nvbench2:test:75,75,qwen3:14b,staged,55,0.0,1.0,1,1,1.0,1.0,1.0,14.250094800023362,5,5,multi_gold,boxplot,0.0,0.0,0.0,0.0,0.0,0.0,0.0,0.0,0.0,0.0,0.0,0.0,0.0,0.0,0.0,0.0,0.0,0.0,0.0,0.0,0.0,0.0,0.0,0.0,0.0,0.0,1.0,1.0,0.5,0.0,1.0,0.7,1.0,1.0,0.5,0.0,1.0,0.7,0.21180717369071872
nvbench2:test:76,76,qwen3:14b,staged,55,0.0,1.0,1,1,1.0,1.0,1.0,12.845983500010334,3,3,multi_gold,point,0.0,0.0,0.0,0.0,0.0,0.0,0.0,0.0,0.0,0.0,0.0,0.0,0.0,0.0,0.0,0.0,0.0,0.0,0.0,0.0,0.0,0.0,0.0,0.0,0.0,0.0,1.0,0.8571428571428571,0.28571428571428575,0.0,1.0,0.6285714285714286,1.0,0.8571428571428571,0.28571428571428575,0.0,1.0,0.6285714285714286,0.25624182887860253
nvbench2:test:77,77,qwen3:14b,staged,55,0.0,1.0,3,3,1.0,1.0,1.0,15.810148899909109,4,4,multi_gold,point,1.0,1.0,0.25,1.0,0.4,1.0,0.5,0.6666666666666666,0.5714285714285715,1.0,0.5,0.6666666666666666,0.5714285714285715,1.0,1.0,0.25,1.0,0.4,1.0,0.5,0.6666666666666666,0.5714285714285715,1.0,0.5,0.6666666666666666,0.5714285714285715,1.0,1.0,1.0,1.0,1.0,1.0,1.0,1.0,1.0,1.0,1.0,1.0,0.8185746861116492
nvbench2:test:78,78,qwen3:14b,staged,55,0.0,1.0,3,3,1.0,1.0,1.0,14.611400399939157,5,5,multi_gold,boxplot,1.0,1.0,0.2,1.0,0.33333333333333337,1.0,0.6,1.0,0.7499999999999999,1.0,0.6,1.0,0.7499999999999999,1.0,1.0,0.2,1.0,0.33333333333333337,1.0,0.6,1.0,0.7499999999999999,1.0,0.6,1.0,0.7499999999999999,1.0,1.0,1.0,1.0,1.0,1.0,1.0,1.0,1.0,1.0,1.0,1.0,0.7227265726449519
nvbench2:test:79,79,qwen3:14b,staged,55,0.0,1.0,3,3,1.0,1.0,1.0,16.323239699937403,3,3,multi_gold,boxplot,0.0,0.0,0.0,0.0,0.0,0.0,0.0,0.0,0.0,0.0,0.0,0.0,0.0,0.0,0.0,0.0,0.0,0.0,0.0,0.0,0.0,0.0,0.0,0.0,0.0,0.0,1.0,1.0,0.0,1.0,1.0,0.8,1.0,1.0,0.0,1.0,1.0,0.8,0.7411011265922481
nvbench2:test:80,80,qwen3:14b,staged,55,0.0,1.0,1,1,1.0,1.0,1.0,11.65428180003073,3,3,multi_gold,arc,0.0,0.0,0.0,0.0,0.0,0.0,0.0,0.0,0.0,0.0,0.0,0.0,0.0,0.0,0.0,0.0,0.0,0.0,0.0,0.0,0.0,0.0,0.0,0.0,0.0,0.0,1.0,1.0,0.5,0.6666666666666666,1.0,0.8333333333333334,1.0,1.0,0.5,0.6666666666666666,1.0,0.8333333333333334,0.36688090490565395
nvbench2:test:81,81,qwen3:14b,staged,55,0.0,1.0,1,1,1.0,1.0,1.0,12.080311800003983,3,3,multi_gold,boxplot,1.0,1.0,0.3333333333333333,1.0,0.5,1.0,0.3333333333333333,1.0,0.5,1.0,0.3333333333333333,1.0,0.5,1.0,1.0,0.3333333333333333,1.0,0.5,1.0,0.3333333333333333,1.0,0.5,1.0,0.3333333333333333,1.0,0.5,1.0,1.0,1.0,1.0,1.0,1.0,1.0,1.0,1.0,1.0,1.0,1.0,0.46927872602275644
nvbench2:test:82,82,qwen3:14b,staged,55,0.0,1.0,5,3,1.0,1.0,0.0,21.913904499961063,5,5,multi_gold,boxplot,0.0,0.0,0.0,0.0,0.0,0.0,0.0,0.0,0.0,0.0,0.0,0.0,0.0,0.0,0.0,0.0,0.0,0.0,0.0,0.0,0.0,0.0,0.0,0.0,0.0,0.0,1.0,1.0,1.0,0.0,0.0,0.6,1.0,1.0,1.0,0.0,0.0,0.6,0.4862181025726703
nvbench2:test:83,83,qwen3:14b,staged,55,0.0,1.0,1,0,1.0,0.0,0.0,13.749058300047182,3,3,multi_gold,boxplot,0.0,0.0,0.0,0.0,0.0,0.0,0.0,0.0,0.0,0.0,0.0,0.0,0.0,0.0,0.0,0.0,0.0,0.0,0.0,0.0,0.0,0.0,0.0,0.0,0.0,0.0,1.0,0.6666666666666666,0.6666666666666666,1.0,0.0,0.6666666666666666,1.0,0.6666666666666666,0.6666666666666666,1.0,0.0,0.6666666666666666,0.27565481733206354
nvbench2:test:84,84,qwen3:14b,staged,55,0.0,1.0,1,0,1.0,0.0,0.0,11.708887200104073,3,3,multi_gold,boxplot,0.0,0.0,0.0,0.0,0.0,0.0,0.0,0.0,0.0,0.0,0.0,0.0,0.0,0.0,0.0,0.0,0.0,0.0,0.0,0.0,0.0,0.0,0.0,0.0,0.0,0.0,1.0,0.6666666666666666,0.6666666666666666,1.0,1.0,0.8666666666666666,1.0,0.6666666666666666,0.6666666666666666,1.0,1.0,0.8666666666666666,0.3864252098110378
nvbench2:test:85,85,qwen3:14b,staged,55,0.0,1.0,1,0,1.0,0.0,0.0,13.481028500013053,3,3,multi_gold,point,0.0,0.0,0.0,0.0,0.0,0.0,0.0,0.0,0.0,0.0,0.0,0.0,0.0,0.0,0.0,0.0,0.0,0.0,0.0,0.0,0.0,0.0,0.0,0.0,0.0,0.0,1.0,0.6666666666666666,0.3333333333333333,0.0,0.0,0.4,1.0,0.6666666666666666,0.3333333333333333,0.0,0.0,0.4,0.14993826532169632
nvbench2:test:86,86,qwen3:14b,staged,55,0.0,1.0,2,2,1.0,1.0,1.0,12.6589894000208,3,3,multi_gold,boxplot,1.0,1.0,0.3333333333333333,1.0,0.5,1.0,0.3333333333333333,0.5,0.4,1.0,0.3333333333333333,0.5,0.4,1.0,1.0,0.3333333333333333,1.0,0.5,1.0,0.3333333333333333,0.5,0.4,1.0,0.3333333333333333,0.5,0.4,1.0,1.0,1.0,1.0,1.0,1.0,1.0,1.0,1.0,1.0,1.0,1.0,0.725705197313723
nvbench2:test:87,87,qwen3:14b,staged,55,0.0,1.0,1,0,1.0,0.0,0.0,13.546161000034772,2,2,multi_gold,arc,0.0,0.0,0.0,0.0,0.0,0.0,0.0,0.0,0.0,0.0,0.0,0.0,0.0,0.0,0.0,0.0,0.0,0.0,0.0,0.0,0.0,0.0,0.0,0.0,0.0,0.0,1.0,1.0,1.0,0.6666666666666666,0.0,0.7333333333333333,1.0,1.0,1.0,0.6666666666666666,0.0,0.7333333333333333,0.40619517231497354
nvbench2:test:88,88,qwen3:14b,staged,55,0.0,1.0,1,1,1.0,1.0,1.0,12.32923089992255,3,3,multi_gold,arc,0.0,0.0,0.0,0.0,0.0,0.0,0.0,0.0,0.0,0.0,0.0,0.0,0.0,0.0,0.0,0.0,0.0,0.0,0.0,0.0,0.0,0.0,0.0,0.0,0.0,0.0,1.0,1.0,0.6666666666666666,1.0,1.0,0.9333333333333333,1.0,1.0,0.6666666666666666,1.0,1.0,0.9333333333333333,0.426894976850455
nvbench2:test:89,89,qwen3:14b,staged,55,0.0,1.0,1,1,1.0,1.0,1.0,14.283013100037351,5,5,multi_gold,boxplot,0.0,0.0,0.0,0.0,0.0,0.0,0.0,0.0,0.0,0.0,0.0,0.0,0.0,0.0,0.0,0.0,0.0,0.0,0.0,0.0,0.0,0.0,0.0,0.0,0.0,0.0,1.0,1.0,1.0,1.0,1.0,1.0,1.0,1.0,1.0,1.0,1.0,1.0,0.3391602052736161
nvbench2:test:90,90,qwen3:14b,staged,55,0.0,1.0,1,0,1.0,0.0,0.0,14.67950029997155,3,3,multi_gold,arc,0.0,0.0,0.0,0.0,0.0,0.0,0.0,0.0,0.0,0.0,0.0,0.0,0.0,0.0,0.0,0.0,0.0,0.0,0.0,0.0,0.0,0.0,0.0,0.0,0.0,0.0,1.0,1.0,0.0,0.0,1.0,0.6,1.0,1.0,0.0,0.0,1.0,0.6,0.2420148133208297
nvbench2:test:91,91,qwen3:14b,staged,55,0.0,1.0,2,0,1.0,0.0,0.0,17.072182500036433,4,4,multi_gold,point,0.0,0.0,0.0,0.0,0.0,0.0,0.0,0.0,0.0,0.0,0.0,0.0,0.0,0.0,0.0,0.0,0.0,0.0,0.0,0.0,0.0,0.0,0.0,0.0,0.0,0.0,0.0,0.8,0.4,0.0,0.0,0.24000000000000005,0.0,0.8,0.4,0.0,0.0,0.24000000000000005,0.11523484907169922
nvbench2:test:92,92,qwen3:14b,staged,55,0.0,1.0,1,1,1.0,1.0,1.0,13.213659800007008,2,2,multi_gold,arc,1.0,1.0,0.5,1.0,0.6666666666666666,1.0,0.5,1.0,0.6666666666666666,1.0,0.5,1.0,0.6666666666666666,1.0,1.0,0.5,1.0,0.6666666666666666,1.0,0.5,1.0,0.6666666666666666,1.0,0.5,1.0,0.6666666666666666,1.0,1.0,1.0,1.0,1.0,1.0,1.0,1.0,1.0,1.0,1.0,1.0,0.6131471927654584
nvbench2:test:93,93,qwen3:14b,staged,55,0.0,1.0,1,1,1.0,1.0,1.0,11.911496499902569,4,4,multi_gold,point,0.0,0.0,0.0,0.0,0.0,0.0,0.0,0.0,0.0,0.0,0.0,0.0,0.0,0.0,0.0,0.0,0.0,0.0,0.0,0.0,0.0,0.0,0.0,0.0,0.0,0.0,1.0,0.8,0.8,0.0,1.0,0.72,1.0,0.8,0.8,0.0,1.0,0.72,0.25264695499582046
nvbench2:test:94,94,qwen3:14b,staged,55,0.0,1.0,1,0,1.0,0.0,0.0,11.860316899954341,5,5,multi_gold,bar,0.0,0.0,0.0,0.0,0.0,0.0,0.0,0.0,0.0,0.0,0.0,0.0,0.0,0.0,0.0,0.0,0.0,0.0,0.0,0.0,0.0,0.0,0.0,0.0,0.0,0.0,1.0,1.0,0.5,1.0,1.0,0.9,1.0,1.0,0.5,1.0,1.0,0.9,0.29373511659974333
nvbench2:test:95,95,qwen3:14b,staged,55,0.0,1.0,1,1,1.0,1.0,1.0,11.085935999988578,3,3,multi_gold,line,1.0,1.0,0.3333333333333333,1.0,0.5,1.0,0.3333333333333333,1.0,0.5,1.0,0.3333333333333333,1.0,0.5,1.0,1.0,0.3333333333333333,1.0,0.5,1.0,0.3333333333333333,1.0,0.5,1.0,0.3333333333333333,1.0,0.5,1.0,1.0,1.0,1.0,1.0,1.0,1.0,1.0,1.0,1.0,1.0,1.0,0.46927872602275644
nvbench2:test:96,96,qwen3:14b,staged,55,0.0,1.0,1,0,1.0,0.0,0.0,12.680976299918257,5,5,multi_gold,line,0.0,0.0,0.0,0.0,0.0,0.0,0.0,0.0,0.0,0.0,0.0,0.0,0.0,0.0,0.0,0.0,0.0,0.0,0.0,0.0,0.0,0.0,0.0,0.0,0.0,0.0,1.0,1.0,1.0,1.0,0.0,0.8,1.0,1.0,1.0,1.0,0.0,0.8,0.2513520102235351
nvbench2:test:97,97,qwen3:14b,staged,55,0.0,1.0,1,0,1.0,0.0,0.0,13.503449499956332,5,5,multi_gold,line,0.0,0.0,0.0,0.0,0.0,0.0,0.0,0.0,0.0,0.0,0.0,0.0,0.0,0.0,0.0,0.0,0.0,0.0,0.0,0.0,0.0,0.0,0.0,0.0,0.0,0.0,1.0,0.8,0.4,1.0,1.0,0.8400000000000001,1.0,0.8,0.4,1.0,1.0,0.8400000000000001,0.2679535682883118
nvbench2:test:98,98,qwen3:14b,staged,55,0.0,1.0,1,1,1.0,1.0,1.0,13.79930830001831,3,3,multi_gold,rect,0.0,0.0,0.0,0.0,0.0,0.0,0.0,0.0,0.0,0.0,0.0,0.0,0.0,0.0,0.0,0.0,0.0,0.0,0.0,0.0,0.0,0.0,0.0,0.0,0.0,0.0,1.0,1.0,0.3333333333333333,1.0,1.0,0.8666666666666666,1.0,1.0,0.3333333333333333,1.0,1.0,0.8666666666666666,0.3864252098110378
nvbench2:test:99,99,qwen3:14b,staged,55,0.0,1.0,1,0,1.0,0.0,0.0,10.906853299937211,2,2,multi_gold,boxplot,0.0,0.0,0.0,0.0,0.0,0.0,0.0,0.0,0.0,0.0,0.0,0.0,0.0,0.0,0.0,0.0,0.0,0.0,0.0,0.0,0.0,0.0,0.0,0.0,0.0,0.0,1.0,0.6666666666666666,0.6666666666666666,1.0,1.0,0.8666666666666666,1.0,0.6666666666666666,0.6666666666666666,1.0,1.0,0.8666666666666666,0.5048929761157583
nvbench2:test:100,100,qwen3:14b,staged,55,0.0,1.0,1,1,1.0,1.0,1.0,11.503886299906299,3,3,multi_gold,rect,0.0,0.0,0.0,0.0,0.0,0.0,0.0,0.0,0.0,0.0,0.0,0.0,0.0,0.0,0.0,0.0,0.0,0.0,0.0,0.0,0.0,0.0,0.0,0.0,0.0,0.0,1.0,1.0,0.6666666666666666,1.0,1.0,0.9333333333333333,1.0,1.0,0.6666666666666666,1.0,1.0,0.9333333333333333,0.426894976850455
nvbench2:test:101,101,qwen3:14b,staged,55,0.0,1.0,1,1,1.0,1.0,1.0,12.4027810000116,2,2,multi_gold,line,0.0,0.0,0.0,0.0,0.0,0.0,0.0,0.0,0.0,0.0,0.0,0.0,0.0,0.0,0.0,0.0,0.0,0.0,0.0,0.0,0.0,0.0,0.0,0.0,0.0,0.0,0.0,0.8,0.8,0.6666666666666666,1.0,0.6533333333333333,0.0,0.8,0.8,0.6666666666666666,1.0,0.6533333333333333,0.3512094463502383
nvbench2:test:102,102,qwen3:14b,staged,55,0.0,1.0,1,1,1.0,1.0,1.0,11.25216269993689,3,3,multi_gold,boxplot,0.0,0.0,0.0,0.0,0.0,0.0,0.0,0.0,0.0,0.0,0.0,0.0,0.0,0.0,0.0,0.0,0.0,0.0,0.0,0.0,0.0,0.0,0.0,0.0,0.0,0.0,1.0,1.0,0.5,0.0,1.0,0.7,1.0,1.0,0.5,0.0,1.0,0.7,0.29306681351921393
nvbench2:test:103,103,qwen3:14b,staged,55,0.0,1.0,1,1,1.0,1.0,1.0,15.481611899915151,3,3,multi_gold,rect,0.0,0.0,0.0,0.0,0.0,0.0,0.0,0.0,0.0,0.0,0.0,0.0,0.0,0.0,0.0,0.0,0.0,0.0,0.0,0.0,0.0,0.0,0.0,0.0,0.0,0.0,1.0,1.0,0.6666666666666666,1.0,1.0,0.9333333333333333,1.0,1.0,0.6666666666666666,1.0,1.0,0.9333333333333333,0.426894976850455
nvbench2:test:104,104,qwen3:14b,staged,55,0.0,1.0,2,0,1.0,0.0,0.0,17.396512100007385,3,3,multi_gold,rect,0.0,0.0,0.0,0.0,0.0,0.0,0.0,0.0,0.0,0.0,0.0,0.0,0.0,0.0,0.0,0.0,0.0,0.0,0.0,0.0,0.0,0.0,0.0,0.0,0.0,0.0,1.0,1.0,0.3333333333333333,0.5,0.0,0.5666666666666667,1.0,1.0,0.3333333333333333,0.5,0.0,0.5666666666666667,0.36821312907171144
nvbench2:test:105,105,qwen3:14b,staged,55,0.0,1.0,1,1,1.0,1.0,1.0,13.30342029989697,3,3,multi_gold,arc,0.0,0.0,0.0,0.0,0.0,0.0,0.0,0.0,0.0,0.0,0.0,0.0,0.0,0.0,0.0,0.0,0.0,0.0,0.0,0.0,0.0,0.0,0.0,0.0,0.0,0.0,1.0,1.0,1.0,1.0,0.0,0.8,1.0,1.0,1.0,1.0,0.0,0.8,0.3477829925412398
nvbench2:test:106,106,qwen3:14b,staged,55,0.0,1.0,1,0,1.0,0.0,0.0,10.874737399979495,3,3,multi_gold,boxplot,0.0,0.0,0.0,0.0,0.0,0.0,0.0,0.0,0.0,0.0,0.0,0.0,0.0,0.0,0.0,0.0,0.0,0.0,0.0,0.0,0.0,0.0,0.0,0.0,0.0,0.0,1.0,0.6666666666666666,0.6666666666666666,0.0,1.0,0.6666666666666666,1.0,0.6666666666666666,0.6666666666666666,0.0,1.0,0.6666666666666666,0.27565481733206354
nvbench2:test:107,107,qwen3:14b,staged,55,0.0,1.0,2,0,1.0,0.0,0.0,15.204447000054643,3,3,multi_gold,boxplot,0.0,0.0,0.0,0.0,0.0,0.0,0.0,0.0,0.0,0.0,0.0,0.0,0.0,0.0,0.0,0.0,0.0,0.0,0.0,0.0,0.0,0.0,0.0,0.0,0.0,0.0,0.0,1.0,0.5,0.0,0.0,0.3,0.0,1.0,0.5,0.0,0.0,0.3,0.162059808888633
nvbench2:test:108,108,qwen3:14b,staged,55,0.0,1.0,1,1,1.0,1.0,1.0,12.243926899973303,5,5,multi_gold,line,1.0,1.0,0.2,1.0,0.33333333333333337,1.0,0.2,1.0,0.33333333333333337,1.0,0.2,1.0,0.33333333333333337,1.0,1.0,0.2,1.0,0.33333333333333337,1.0,0.2,1.0,0.33333333333333337,1.0,0.2,1.0,0.33333333333333337,1.0,1.0,1.0,1.0,1.0,1.0,1.0,1.0,1.0,1.0,1.0,1.0,0.3391602052736161
nvbench2:test:109,109,qwen3:14b,staged,55,0.0,1.0,5,5,1.0,1.0,1.0,18.89889939990826,2,2,multi_gold,line,0.0,0.0,0.0,0.0,0.0,0.0,0.0,0.0,0.0,0.0,0.0,0.0,0.0,0.0,0.0,0.0,0.0,0.0,0.0,0.0,0.0,0.0,0.0,0.0,0.0,0.0,1.0,1.0,1.0,0.6666666666666666,1.0,0.9333333333333333,1.0,1.0,1.0,0.6666666666666666,1.0,0.9333333333333333,1.483648692700813
nvbench2:test:110,110,qwen3:14b,staged,55,0.0,1.0,1,0,1.0,0.0,0.0,11.99836409999989,2,2,multi_gold,arc,0.0,0.0,0.0,0.0,0.0,0.0,0.0,0.0,0.0,0.0,0.0,0.0,0.0,0.0,0.0,0.0,0.0,0.0,0.0,0.0,0.0,0.0,0.0,0.0,0.0,0.0,1.0,1.0,0.5,1.0,1.0,0.9,1.0,1.0,0.5,1.0,1.0,0.9,0.5310259262712439
nvbench2:test:111,111,qwen3:14b,staged,55,0.0,1.0,5,0,1.0,0.0,0.0,22.139949699980207,3,3,multi_gold,rect,0.0,0.0,0.0,0.0,0.0,0.0,0.0,0.0,0.0,0.0,0.0,0.0,0.0,0.0,0.0,0.0,0.0,0.0,0.0,0.0,0.0,0.0,0.0,0.0,0.0,0.0,0.0,0.6666666666666666,0.0,0.0,0.0,0.13333333333333333,1.0,0.8571428571428571,0.28571428571428575,0.0,0.0,0.42857142857142855,0.2641717951693279
nvbench2:test:112,112,qwen3:14b,staged,55,0.0,1.0,1,0,1.0,0.0,0.0,13.570444899960421,2,2,multi_gold,arc,0.0,0.0,0.0,0.0,0.0,0.0,0.0,0.0,0.0,0.0,0.0,0.0,0.0,0.0,0.0,0.0,0.0,0.0,0.0,0.0,0.0,0.0,0.0,0.0,0.0,0.0,1.0,1.0,0.5,1.0,1.0,0.9,1.0,1.0,0.5,1.0,1.0,0.9,0.5310259262712439
nvbench2:test:113,113,qwen3:14b,staged,55,0.0,1.0,1,1,1.0,1.0,1.0,10.972092999960296,3,3,multi_gold,line,1.0,1.0,0.3333333333333333,1.0,0.5,1.0,0.3333333333333333,1.0,0.5,1.0,0.3333333333333333,1.0,0.5,1.0,1.0,0.3333333333333333,1.0,0.5,1.0,0.3333333333333333,1.0,0.5,1.0,0.3333333333333333,1.0,0.5,1.0,1.0,1.0,1.0,1.0,1.0,1.0,1.0,1.0,1.0,1.0,1.0,0.46927872602275644
nvbench2:test:114,114,qwen3:14b,staged,55,0.0,1.0,1,1,1.0,1.0,1.0,16.041938700014725,5,5,multi_gold,line,0.0,0.0,0.0,0.0,0.0,0.0,0.0,0.0,0.0,0.0,0.0,0.0,0.0,0.0,0.0,0.0,0.0,0.0,0.0,0.0,0.0,0.0,0.0,0.0,0.0,0.0,1.0,1.0,0.6666666666666666,0.0,0.0,0.5333333333333333,1.0,1.0,0.6666666666666666,0.0,0.0,0.5333333333333333,0.1516959263828524
nvbench2:test:115,115,qwen3:14b,staged,55,0.0,1.0,2,2,1.0,1.0,1.0,13.20920419995673,2,2,multi_gold,arc,1.0,1.0,0.5,1.0,0.6666666666666666,1.0,1.0,1.0,1.0,1.0,1.0,1.0,1.0,1.0,1.0,0.5,1.0,0.6666666666666666,1.0,1.0,1.0,1.0,1.0,1.0,1.0,1.0,1.0,1.0,1.0,1.0,1.0,1.0,1.0,1.0,1.0,1.0,1.0,1.0,1.0
nvbench2:test:116,116,qwen3:14b,staged,55,0.0,1.0,1,1,1.0,1.0,1.0,12.952282600104809,2,2,multi_gold,rect,0.0,0.0,0.0,0.0,0.0,0.0,0.0,0.0,0.0,0.0,0.0,0.0,0.0,0.0,0.0,0.0,0.0,0.0,0.0,0.0,0.0,0.0,0.0,0.0,0.0,0.0,1.0,1.0,0.6666666666666666,1.0,1.0,0.9333333333333333,1.0,1.0,0.6666666666666666,1.0,1.0,0.9333333333333333,0.5577697051812209
nvbench2:test:117,117,qwen3:14b,staged,55,0.0,1.0,1,1,1.0,1.0,1.0,10.244544999906793,5,5,multi_gold,bar,1.0,1.0,0.2,1.0,0.33333333333333337,1.0,0.2,1.0,0.33333333333333337,1.0,0.2,1.0,0.33333333333333337,1.0,1.0,0.2,1.0,0.33333333333333337,1.0,0.2,1.0,0.33333333333333337,1.0,0.2,1.0,0.33333333333333337,1.0,1.0,1.0,1.0,1.0,1.0,1.0,1.0,1.0,1.0,1.0,1.0,0.3391602052736161
nvbench2:test:118,118,qwen3:14b,staged,55,0.0,1.0,1,0,1.0,0.0,0.0,11.533029699930921,2,2,multi_gold,bar,0.0,0.0,0.0,0.0,0.0,0.0,0.0,0.0,0.0,0.0,0.0,0.0,0.0,0.0,0.0,0.0,0.0,0.0,0.0,0.0,0.0,0.0,0.0,0.0,0.0,0.0,1.0,0.8,0.4,1.0,1.0,0.8400000000000001,1.0,0.8,0.4,1.0,1.0,0.8400000000000001,0.4844170266229248
nvbench2:test:119,119,qwen3:14b,staged,55,0.0,1.0,1,0,1.0,0.0,0.0,14.028156300075352,2,2,multi_gold,rect,0.0,0.0,0.0,0.0,0.0,0.0,0.0,0.0,0.0,0.0,0.0,0.0,0.0,0.0,0.0,0.0,0.0,0.0,0.0,0.0,0.0,0.0,0.0,0.0,0.0,0.0,1.0,1.0,0.6666666666666666,1.0,1.0,0.9333333333333333,1.0,1.0,0.6666666666666666,1.0,1.0,0.9333333333333333,0.5577697051812209
nvbench2:test:120,120,qwen3:14b,staged,55,0.0,1.0,3,0,1.0,0.0,0.0,15.298113099997863,2,2,multi_gold,arc,0.0,0.0,0.0,0.0,0.0,0.0,0.0,0.0,0.0,0.0,0.0,0.0,0.0,0.0,0.0,0.0,0.0,0.0,0.0,0.0,0.0,0.0,0.0,0.0,0.0,0.0,1.0,1.0,0.5,1.0,1.0,0.9,1.0,1.0,0.5,1.0,1.0,0.9,1.0932680207362926
nvbench2:test:121,121,qwen3:14b,staged,55,0.0,1.0,2,0,1.0,0.0,0.0,16.977820400032215,5,5,multi_gold,line,0.0,0.0,0.0,0.0,0.0,0.0,0.0,0.0,0.0,0.0,0.0,0.0,0.0,0.0,0.0,0.0,0.0,0.0,0.0,0.0,0.0,0.0,0.0,0.0,0.0,0.0,0.0,1.0,0.6666666666666666,1.0,1.0,0.7333333333333333,1.0,1.0,0.6666666666666666,1.0,1.0,0.9333333333333333,0.4193451374336803
nvbench2:test:122,122,qwen3:14b,staged,55,0.0,1.0,1,0,1.0,0.0,0.0,11.543189399992116,3,3,multi_gold,arc,0.0,0.0,0.0,0.0,0.0,0.0,0.0,0.0,0.0,0.0,0.0,0.0,0.0,0.0,0.0,0.0,0.0,0.0,0.0,0.0,0.0,0.0,0.0,0.0,0.0,0.0,1.0,1.0,0.5,1.0,1.0,0.9,1.0,1.0,0.5,1.0,1.0,0.9,0.40642634118843207
nvbench2:test:123,123,qwen3:14b,staged,55,0.0,1.0,1,1,1.0,1.0,1.0,11.94279280002229,2,2,multi_gold,rect,1.0,1.0,0.5,1.0,0.6666666666666666,1.0,0.5,1.0,0.6666666666666666,1.0,0.5,1.0,0.6666666666666666,1.0,1.0,0.5,1.0,0.6666666666666666,1.0,0.5,1.0,0.6666666666666666,1.0,0.5,1.0,0.6666666666666666,1.0,1.0,1.0,1.0,1.0,1.0,1.0,1.0,1.0,1.0,1.0,1.0,0.6131471927654584
nvbench2:test:124,124,qwen3:14b,staged,55,0.0,1.0,1,1,1.0,1.0,1.0,11.510713700088672,5,5,multi_gold,bar,1.0,1.0,0.2,1.0,0.33333333333333337,1.0,0.2,1.0,0.33333333333333337,1.0,0.2,1.0,0.33333333333333337,1.0,1.0,0.2,1.0,0.33333333333333337,1.0,0.2,1.0,0.33333333333333337,1.0,0.2,1.0,0.33333333333333337,1.0,1.0,1.0,1.0,1.0,1.0,1.0,1.0,1.0,1.0,1.0,1.0,0.3391602052736161
nvbench2:test:125,125,qwen3:14b,staged,55,0.0,1.0,1,0,1.0,0.0,0.0,12.033466799999587,2,2,multi_gold,bar,0.0,0.0,0.0,0.0,0.0,0.0,0.0,0.0,0.0,0.0,0.0,0.0,0.0,0.0,0.0,0.0,0.0,0.0,0.0,0.0,0.0,0.0,0.0,0.0,0.0,0.0,1.0,0.8,0.4,1.0,1.0,0.8400000000000001,1.0,0.8,0.4,1.0,1.0,0.8400000000000001,0.4844170266229248
nvbench2:test:126,126,qwen3:14b,staged,55,0.0,1.0,5,5,1.0,1.0,1.0,27.569415399921127,2,2,multi_gold,rect,0.0,0.0,0.0,0.0,0.0,0.0,0.0,0.0,0.0,0.0,0.0,0.0,0.0,0.0,0.0,0.0,0.0,0.0,0.0,0.0,0.0,0.0,0.0,0.0,0.0,0.0,0.0,0.8571428571428571,0.28571428571428575,0.0,1.0,0.42857142857142855,1.0,0.8571428571428571,0.28571428571428575,0.0,1.0,0.6285714285714286,0.7237247710604208
nvbench2:test:127,127,qwen3:14b,staged,55,0.0,1.0,3,0,1.0,0.0,0.0,20.22957719990518,2,2,multi_gold,arc,0.0,0.0,0.0,0.0,0.0,0.0,0.0,0.0,0.0,0.0,0.0,0.0,0.0,0.0,0.0,0.0,0.0,0.0,0.0,0.0,0.0,0.0,0.0,0.0,0.0,0.0,0.0,0.4,0.4,0.0,1.0,0.36,0.0,0.4,0.4,0.0,1.0,0.36,0.34909239359867666
nvbench2:test:128,128,qwen3:14b,staged,55,0.0,1.0,1,1,1.0,1.0,1.0,12.987509500002488,5,5,multi_gold,rect,0.0,0.0,0.0,0.0,0.0,0.0,0.0,0.0,0.0,0.0,0.0,0.0,0.0,0.0,0.0,0.0,0.0,0.0,0.0,0.0,0.0,0.0,0.0,0.0,0.0,0.0,1.0,1.0,0.6666666666666666,1.0,1.0,0.9333333333333333,1.0,1.0,0.6666666666666666,1.0,1.0,0.9333333333333333,0.3085283434984754
nvbench2:test:129,129,qwen3:14b,staged,55,0.0,1.0,3,0,1.0,0.0,0.0,18.147253299946897,4,4,multi_gold,arc,0.0,0.0,0.0,0.0,0.0,0.0,0.0,0.0,0.0,0.0,0.0,0.0,0.0,0.0,0.0,0.0,0.0,0.0,0.0,0.0,0.0,0.0,0.0,0.0,0.0,0.0,1.0,1.0,0.0,1.0,1.0,0.8,1.0,1.0,0.0,1.0,1.0,0.8,0.36774455972496695
nvbench2:test:130,130,qwen3:14b,staged,55,0.0,1.0,1,0,1.0,0.0,0.0,13.066283800057136,2,2,multi_gold,bar,0.0,0.0,0.0,0.0,0.0,0.0,0.0,0.0,0.0,0.0,0.0,0.0,0.0,0.0,0.0,0.0,0.0,0.0,0.0,0.0,0.0,0.0,0.0,0.0,0.0,0.0,1.0,0.8,0.4,1.0,1.0,0.8400000000000001,1.0,0.8,0.4,1.0,1.0,0.8400000000000001,0.4844170266229248
nvbench2:test:131,131,qwen3:14b,staged,55,0.0,1.0,1,1,1.0,1.0,1.0,11.378334800014272,4,4,multi_gold,arc,1.0,1.0,0.25,1.0,0.4,1.0,0.25,1.0,0.4,1.0,0.25,1.0,0.4,1.0,1.0,0.25,1.0,0.4,1.0,0.25,1.0,0.4,1.0,0.25,1.0,0.4,1.0,1.0,1.0,1.0,1.0,1.0,1.0,1.0,1.0,1.0,1.0,1.0,0.3903800499921017
nvbench2:test:132,132,qwen3:14b,staged,55,0.0,1.0,1,0,1.0,0.0,0.0,13.368635599967092,2,2,multi_gold,bar,0.0,0.0,0.0,0.0,0.0,0.0,0.0,0.0,0.0,0.0,0.0,0.0,0.0,0.0,0.0,0.0,0.0,0.0,0.0,0.0,0.0,0.0,0.0,0.0,0.0,0.0,1.0,0.8,0.4,1.0,1.0,0.8400000000000001,1.0,0.8,0.4,1.0,1.0,0.8400000000000001,0.4844170266229248
nvbench2:test:133,133,qwen3:14b,staged,55,0.0,1.0,1,0,1.0,0.0,0.0,14.548062500078231,2,2,multi_gold,bar,0.0,0.0,0.0,0.0,0.0,0.0,0.0,0.0,0.0,0.0,0.0,0.0,0.0,0.0,0.0,0.0,0.0,0.0,0.0,0.0,0.0,0.0,0.0,0.0,0.0,0.0,1.0,0.8,0.4,1.0,0.0,0.64,1.0,0.8,0.4,1.0,0.0,0.64,0.34233795667676936
nvbench2:test:134,134,qwen3:14b,staged,55,0.0,1.0,2,0,1.0,0.0,0.0,17.8111227999907,4,4,multi_gold,rect,0.0,0.0,0.0,0.0,0.0,0.0,0.0,0.0,0.0,0.0,0.0,0.0,0.0,0.0,0.0,0.0,0.0,0.0,0.0,0.0,0.0,0.0,0.0,0.0,0.0,0.0,0.0,0.8,0.4,0.0,0.0,0.24000000000000005,0.0,0.8,0.4,0.0,0.0,0.24000000000000005,0.11523484907169922
nvbench2:test:135,135,qwen3:14b,staged,55,0.0,1.0,5,5,1.0,1.0,1.0,21.837953499983996,5,5,multi_gold,rect,0.0,0.0,0.0,0.0,0.0,0.0,0.0,0.0,0.0,0.0,0.0,0.0,0.0,0.0,0.0,0.0,0.0,0.0,0.0,0.0,0.0,0.0,0.0,0.0,0.0,0.0,1.0,1.0,0.3333333333333333,0.0,1.0,0.6666666666666667,1.0,1.0,0.3333333333333333,0.0,1.0,0.6666666666666667,0.5779956834972764
nvbench2:test:136,136,qwen3:14b,staged,55,0.0,1.0,1,0,1.0,0.0,0.0,14.129082800005563,2,2,multi_gold,line,0.0,0.0,0.0,0.0,0.0,0.0,0.0,0.0,0.0,0.0,0.0,0.0,0.0,0.0,0.0,0.0,0.0,0.0,0.0,0.0,0.0,0.0,0.0,0.0,0.0,0.0,1.0,0.8,0.4,0.6666666666666666,1.0,0.7733333333333333,1.0,0.8,0.4,0.6666666666666666,1.0,0.7733333333333333,0.43485278687002965
nvbench2:test:137,137,qwen3:14b,staged,55,0.0,1.0,2,0,1.0,0.0,0.0,15.094035700079985,4,4,multi_gold,bar,0.0,0.0,0.0,0.0,0.0,0.0,0.0,0.0,0.0,0.0,0.0,0.0,0.0,0.0,0.0,0.0,0.0,0.0,0.0,0.0,0.0,0.0,0.0,0.0,0.0,0.0,1.0,0.8,0.4,1.0,1.0,0.8400000000000001,1.0,0.8,0.4,1.0,1.0,0.8400000000000001,0.5030110510380627
nvbench2:test:138,138,qwen3:14b,staged,55,0.0,1.0,1,0,1.0,0.0,0.0,15.072781099937856,2,2,multi_gold,bar,0.0,0.0,0.0,0.0,0.0,0.0,0.0,0.0,0.0,0.0,0.0,0.0,0.0,0.0,0.0,0.0,0.0,0.0,0.0,0.0,0.0,0.0,0.0,0.0,0.0,0.0,1.0,1.0,0.6666666666666666,1.0,1.0,0.9333333333333333,1.0,1.0,0.6666666666666666,1.0,1.0,0.9333333333333333,0.5577697051812209
nvbench2:test:139,139,qwen3:14b,staged,55,0.0,1.0,5,0,1.0,0.0,0.0,22.602317600045353,2,2,multi_gold,arc,0.0,0.0,0.0,0.0,0.0,0.0,0.0,0.0,0.0,0.0,0.0,0.0,0.0,0.0,0.0,0.0,0.0,0.0,0.0,0.0,0.0,0.0,0.0,0.0,0.0,0.0,1.0,1.0,0.5,1.0,1.0,0.9,1.0,1.0,0.5,1.0,1.0,0.9,1.4647566960303693
nvbench2:test:140,140,qwen3:14b,staged,55,0.0,1.0,1,0,1.0,0.0,0.0,15.634909600019455,2,2,multi_gold,bar,0.0,0.0,0.0,0.0,0.0,0.0,0.0,0.0,0.0,0.0,0.0,0.0,0.0,0.0,0.0,0.0,0.0,0.0,0.0,0.0,0.0,0.0,0.0,0.0,0.0,0.0,1.0,1.0,1.0,1.0,0.0,0.8,1.0,1.0,1.0,1.0,0.0,0.8,0.4544040753253556
nvbench2:test:141,141,qwen3:14b,staged,55,0.0,1.0,5,0,1.0,0.0,0.0,18.78887329995632,2,2,multi_gold,arc,0.0,0.0,0.0,0.0,0.0,0.0,0.0,0.0,0.0,0.0,0.0,0.0,0.0,0.0,0.0,0.0,0.0,0.0,0.0,0.0,0.0,0.0,0.0,0.0,0.0,0.0,1.0,1.0,0.5,1.0,1.0,0.9,1.0,1.0,0.5,1.0,1.0,0.9,1.4647566960303693
nvbench2:test:142,142,qwen3:14b,staged,55,0.0,1.0,2,2,1.0,1.0,1.0,15.737028499948792,2,2,multi_gold,rect,1.0,1.0,0.5,1.0,0.6666666666666666,1.0,1.0,1.0,1.0,1.0,1.0,1.0,1.0,1.0,1.0,0.5,1.0,0.6666666666666666,1.0,1.0,1.0,1.0,1.0,1.0,1.0,1.0,1.0,1.0,1.0,1.0,1.0,1.0,1.0,1.0,1.0,1.0,1.0,1.0,1.0
nvbench2:test:143,143,qwen3:14b,staged,55,0.0,1.0,2,2,1.0,1.0,1.0,15.845110800000839,5,5,multi_gold,bar+line+rect,0.0,0.0,0.0,0.0,0.0,0.0,0.0,0.0,0.0,0.0,0.0,0.0,0.0,0.0,0.0,0.0,0.0,0.0,0.0,0.0,0.0,0.0,0.0,0.0,0.0,0.0,1.0,1.0,0.0,0.0,1.0,0.6,1.0,1.0,0.0,0.0,1.0,0.6,0.25121896457936677
nvbench2:test:144,144,qwen3:14b,staged,55,0.0,1.0,1,1,1.0,1.0,1.0,12.070372699992731,2,2,multi_gold,bar,0.0,0.0,0.0,0.0,0.0,0.0,0.0,0.0,0.0,0.0,0.0,0.0,0.0,0.0,0.0,0.0,0.0,0.0,0.0,0.0,0.0,0.0,0.0,0.0,0.0,0.0,1.0,0.8,0.4,0.0,1.0,0.64,1.0,0.8,0.4,0.0,1.0,0.64,0.34233795667676936
nvbench2:test:145,145,qwen3:14b,staged,55,0.0,1.0,2,1,1.0,1.0,0.0,13.891026700031944,2,2,multi_gold,bar,0.0,0.0,0.0,0.0,0.0,0.0,0.0,0.0,0.0,0.0,0.0,0.0,0.0,0.0,0.0,0.0,0.0,0.0,0.0,0.0,0.0,0.0,0.0,0.0,0.0,0.0,1.0,0.8,0.8,1.0,1.0,0.9199999999999999,1.0,0.8,0.8,1.0,1.0,0.9199999999999999,0.7973621746544147
nvbench2:test:146,146,qwen3:14b,staged,55,0.0,1.0,3,3,1.0,1.0,1.0,17.100495100021362,2,2,multi_gold,rect,0.0,0.0,0.0,0.0,0.0,0.0,0.0,0.0,0.0,0.0,0.0,0.0,0.0,0.0,0.0,0.0,0.0,0.0,0.0,0.0,0.0,0.0,0.0,0.0,0.0,0.0,1.0,1.0,0.6666666666666666,0.0,1.0,0.7333333333333333,1.0,1.0,0.6666666666666666,0.0,1.0,0.7333333333333333,0.8425574453064649
nvbench2:test:147,147,qwen3:14b,staged,55,0.0,1.0,2,0,1.0,0.0,0.0,17.89501520001795,2,2,multi_gold,arc,0.0,0.0,0.0,0.0,0.0,0.0,0.0,0.0,0.0,0.0,0.0,0.0,0.0,0.0,0.0,0.0,0.0,0.0,0.0,0.0,0.0,0.0,0.0,0.0,0.0,0.0,1.0,1.0,0.5,0.6666666666666666,1.0,0.8333333333333334,1.0,1.0,0.5,0.6666666666666666,1.0,0.8333333333333334,0.7817974362806784
nvbench2:test:148,148,qwen3:14b,staged,55,0.0,1.0,1,1,1.0,1.0,1.0,10.49987980001606,2,2,multi_gold,bar,0.0,0.0,0.0,0.0,0.0,0.0,0.0,0.0,0.0,0.0,0.0,0.0,0.0,0.0,0.0,0.0,0.0,0.0,0.0,0.0,0.0,0.0,0.0,0.0,0.0,0.0,1.0,0.8,0.8,1.0,1.0,0.9199999999999999,1.0,0.8,0.8,1.0,1.0,0.9199999999999999,0.5469979878027313
nvbench2:test:149,149,qwen3:14b,staged,55,0.0,1.0,1,0,1.0,0.0,0.0,16.06754209997598,2,2,multi_gold,rect,0.0,0.0,0.0,0.0,0.0,0.0,0.0,0.0,0.0,0.0,0.0,0.0,0.0,0.0,0.0,0.0,0.0,0.0,0.0,0.0,0.0,0.0,0.0,0.0,0.0,0.0,1.0,1.0,0.0,0.0,0.0,0.4,1.0,1.0,0.0,0.0,0.0,0.4,0.19590537855675663
nvbench2:test:150,150,qwen3:14b,staged,55,0.0,1.0,2,0,1.0,0.0,0.0,16.728866400080733,4,4,multi_gold,bar,0.0,0.0,0.0,0.0,0.0,0.0,0.0,0.0,0.0,0.0,0.0,0.0,0.0,0.0,0.0,0.0,0.0,0.0,0.0,0.0,0.0,0.0,0.0,0.0,0.0,0.0,1.0,0.8,0.4,1.0,1.0,0.8400000000000001,1.0,0.8,0.4,1.0,1.0,0.8400000000000001,0.5030110510380627
nvbench2:test:151,151,qwen3:14b,staged,55,0.0,1.0,1,0,1.0,0.0,0.0,14.24834859999828,2,2,multi_gold,arc,0.0,0.0,0.0,0.0,0.0,0.0,0.0,0.0,0.0,0.0,0.0,0.0,0.0,0.0,0.0,0.0,0.0,0.0,0.0,0.0,0.0,0.0,0.0,0.0,0.0,0.0,1.0,1.0,0.5,1.0,1.0,0.9,1.0,1.0,0.5,1.0,1.0,0.9,0.5310259262712439
nvbench2:test:152,152,qwen3:14b,staged,55,0.0,1.0,2,2,1.0,1.0,1.0,17.456547699985094,2,2,multi_gold,rect,0.0,0.0,0.0,0.0,0.0,0.0,0.0,0.0,0.0,0.0,0.0,0.0,0.0,0.0,0.0,0.0,0.0,0.0,0.0,0.0,0.0,0.0,0.0,0.0,0.0,0.0,1.0,1.0,0.3333333333333333,1.0,1.0,0.8666666666666666,1.0,1.0,0.3333333333333333,1.0,1.0,0.8666666666666666,0.8234449771164336
nvbench2:test:153,153,qwen3:14b,staged,55,0.0,1.0,3,0,1.0,0.0,0.0,14.109529900015332,2,2,multi_gold,arc,0.0,0.0,0.0,0.0,0.0,0.0,0.0,0.0,0.0,0.0,0.0,0.0,0.0,0.0,0.0,0.0,0.0,0.0,0.0,0.0,0.0,0.0,0.0,0.0,0.0,0.0,0.0,0.0,0.0,0.0,1.0,0.2,0.0,0.4,0.4,0.0,1.0,0.36,0.23558925172089765
nvbench2:test:154,154,qwen3:14b,staged,55,0.0,1.0,1,0,1.0,0.0,0.0,15.097055800026283,2,1,single_gold,rect,0.0,0.0,0.0,0.0,0.0,0.0,0.0,0.0,0.0,0.0,0.0,0.0,0.0,0.0,0.0,0.0,0.0,0.0,0.0,0.0,0.0,0.0,0.0,0.0,0.0,0.0,1.0,1.0,0.0,1.0,1.0,0.8,1.0,1.0,0.0,1.0,1.0,0.8,0.7411011265922482
nvbench2:test:155,155,qwen3:14b,staged,55,0.0,1.0,2,1,1.0,1.0,0.0,10.841412900015712,5,5,multi_gold,bar+line+rect,0.0,0.0,0.0,0.0,0.0,0.0,0.0,0.0,0.0,0.0,0.0,0.0,0.0,0.0,0.0,0.0,0.0,0.0,0.0,0.0,0.0,0.0,0.0,0.0,0.0,0.0,0.0,0.8,0.4,0.0,1.0,0.44000000000000006,1.0,0.8,0.0,0.0,1.0,0.5599999999999999,0.222433095185303
nvbench2:test:156,156,qwen3:14b,staged,55,0.0,1.0,1,0,1.0,0.0,0.0,13.53316889994312,2,2,multi_gold,arc,0.0,0.0,0.0,0.0,0.0,0.0,0.0,0.0,0.0,0.0,0.0,0.0,0.0,0.0,0.0,0.0,0.0,0.0,0.0,0.0,0.0,0.0,0.0,0.0,0.0,0.0,1.0,1.0,0.5,1.0,1.0,0.9,1.0,1.0,0.5,1.0,1.0,0.9,0.5310259262712439
nvbench2:test:157,157,qwen3:14b,staged,55,0.0,1.0,1,0,1.0,0.0,0.0,12.441624599974602,5,5,multi_gold,line,0.0,0.0,0.0,0.0,0.0,0.0,0.0,0.0,0.0,0.0,0.0,0.0,0.0,0.0,0.0,0.0,0.0,0.0,0.0,0.0,0.0,0.0,0.0,0.0,0.0,0.0,1.0,1.0,0.5,1.0,1.0,0.9,1.0,1.0,0.5,1.0,1.0,0.9,0.29373511659974333
nvbench2:test:158,158,qwen3:14b,staged,55,0.0,1.0,1,0,1.0,0.0,0.0,10.993988200090826,3,3,multi_gold,arc,0.0,0.0,0.0,0.0,0.0,0.0,0.0,0.0,0.0,0.0,0.0,0.0,0.0,0.0,0.0,0.0,0.0,0.0,0.0,0.0,0.0,0.0,0.0,0.0,0.0,0.0,1.0,1.0,0.5,1.0,1.0,0.9,1.0,1.0,0.5,1.0,1.0,0.9,0.40642634118843207
nvbench2:test:159,159,qwen3:14b,staged,55,0.0,1.0,2,1,1.0,1.0,0.0,12.860156500013545,5,5,multi_gold,bar+line+rect,0.0,0.0,0.0,0.0,0.0,0.0,0.0,0.0,0.0,0.0,0.0,0.0,0.0,0.0,0.0,0.0,0.0,0.0,0.0,0.0,0.0,0.0,0.0,0.0,0.0,0.0,0.0,0.8,0.4,0.0,1.0,0.44000000000000006,1.0,0.8,0.0,0.0,1.0,0.5599999999999999,0.222433095185303
nvbench2:test:160,160,qwen3:14b,staged,55,0.0,1.0,1,1,1.0,1.0,1.0,13.16149139998015,2,2,multi_gold,arc,0.0,0.0,0.0,0.0,0.0,0.0,0.0,0.0,0.0,0.0,0.0,0.0,0.0,0.0,0.0,0.0,0.0,0.0,0.0,0.0,0.0,0.0,0.0,0.0,0.0,0.0,1.0,1.0,0.5,1.0,1.0,0.9,1.0,1.0,0.5,1.0,1.0,0.9,0.5310259262712439
nvbench2:test:161,161,qwen3:14b,staged,55,0.0,1.0,1,1,1.0,1.0,1.0,11.448926700046286,5,5,multi_gold,line,1.0,1.0,0.2,1.0,0.33333333333333337,1.0,0.2,1.0,0.33333333333333337,1.0,0.2,1.0,0.33333333333333337,1.0,1.0,0.2,1.0,0.33333333333333337,1.0,0.2,1.0,0.33333333333333337,1.0,0.2,1.0,0.33333333333333337,1.0,1.0,1.0,1.0,1.0,1.0,1.0,1.0,1.0,1.0,1.0,1.0,0.3391602052736161
nvbench2:test:162,162,qwen3:14b,staged,55,0.0,1.0,3,0,1.0,0.0,0.0,17.65682899998501,4,3,multi_gold,rect,0.0,0.0,0.0,0.0,0.0,0.0,0.0,0.0,0.0,0.0,0.0,0.0,0.0,0.0,0.0,0.0,0.0,0.0,0.0,0.0,0.0,0.0,0.0,0.0,0.0,0.0,1.0,1.0,0.6666666666666666,1.0,1.0,0.9333333333333333,1.0,1.0,0.6666666666666666,1.0,1.0,0.9333333333333333,0.9096832078208331
nvbench2:test:163,163,qwen3:14b,staged,55,0.0,1.0,1,1,1.0,1.0,1.0,12.622794799972326,3,3,multi_gold,line,0.0,0.0,0.0,0.0,0.0,0.0,0.0,0.0,0.0,0.0,0.0,0.0,0.0,0.0,0.0,0.0,0.0,0.0,0.0,0.0,0.0,0.0,0.0,0.0,0.0,0.0,1.0,1.0,1.0,1.0,0.0,0.8,1.0,1.0,1.0,1.0,0.0,0.8,0.3477829925412398
nvbench2:test:164,164,qwen3:14b,staged,55,0.0,1.0,3,2,1.0,1.0,0.0,16.950013200053945,5,5,multi_gold,bar+line+rect,0.0,0.0,0.0,0.0,0.0,0.0,0.0,0.0,0.0,0.0,0.0,0.0,0.0,0.0,0.0,0.0,0.0,0.0,0.0,0.0,0.0,0.0,0.0,0.0,0.0,0.0,1.0,0.8,0.4,1.0,1.0,0.8400000000000001,1.0,0.8,0.4,1.0,1.0,0.8400000000000001,0.4731567437233528
nvbench2:test:165,165,qwen3:14b,staged,55,0.0,1.0,1,0,1.0,0.0,0.0,11.816245099995285,2,2,multi_gold,arc,0.0,0.0,0.0,0.0,0.0,0.0,0.0,0.0,0.0,0.0,0.0,0.0,0.0,0.0,0.0,0.0,0.0,0.0,0.0,0.0,0.0,0.0,0.0,0.0,0.0,0.0,1.0,1.0,0.5,0.6666666666666666,1.0,0.8333333333333334,1.0,1.0,0.5,0.6666666666666666,1.0,0.8333333333333334,0.47935690336673037
nvbench2:test:166,166,qwen3:14b,staged,55,0.0,1.0,1,1,1.0,1.0,1.0,13.774767700000666,2,1,single_gold,rect,0.0,0.0,0.0,0.0,0.0,0.0,0.0,0.0,0.0,0.0,0.0,0.0,0.0,0.0,0.0,0.0,0.0,0.0,0.0,0.0,0.0,0.0,0.0,0.0,0.0,0.0,1.0,1.0,0.3333333333333333,1.0,0.0,0.6666666666666667,1.0,1.0,0.3333333333333333,1.0,0.0,0.6666666666666667,0.5874010519681996
nvbench2:test:167,167,qwen3:14b,staged,55,0.0,1.0,1,1,1.0,1.0,1.0,13.216357100056484,2,2,multi_gold,rect,0.0,0.0,0.0,0.0,0.0,0.0,0.0,0.0,0.0,0.0,0.0,0.0,0.0,0.0,0.0,0.0,0.0,0.0,0.0,0.0,0.0,0.0,0.0,0.0,0.0,0.0,1.0,1.0,0.6666666666666666,0.6666666666666666,1.0,0.8666666666666666,1.0,1.0,0.6666666666666666,0.6666666666666666,1.0,0.8666666666666666,0.5048929761157583
nvbench2:test:168,168,qwen3:14b,staged,55,0.0,1.0,1,0,1.0,0.0,0.0,11.221649899962358,5,5,multi_gold,bar,0.0,0.0,0.0,0.0,0.0,0.0,0.0,0.0,0.0,0.0,0.0,0.0,0.0,0.0,0.0,0.0,0.0,0.0,0.0,0.0,0.0,0.0,0.0,0.0,0.0,0.0,1.0,1.0,0.5,1.0,1.0,0.9,1.0,1.0,0.5,1.0,1.0,0.9,0.29373511659974333
nvbench2:test:169,169,qwen3:14b,staged,55,0.0,1.0,1,1,1.0,1.0,1.0,11.936966600012966,2,2,multi_gold,bar,0.0,0.0,0.0,0.0,0.0,0.0,0.0,0.0,0.0,0.0,0.0,0.0,0.0,0.0,0.0,0.0,0.0,0.0,0.0,0.0,0.0,0.0,0.0,0.0,0.0,0.0,1.0,0.6666666666666666,0.3333333333333333,0.0,1.0,0.6,1.0,0.6666666666666666,0.3333333333333333,0.0,1.0,0.6,0.3162101650184913
nvbench2:test:170,170,qwen3:14b,staged,55,0.0,1.0,2,2,1.0,1.0,1.0,18.364472100045532,2,2,multi_gold,rect,0.0,0.0,0.0,0.0,0.0,0.0,0.0,0.0,0.0,0.0,0.0,0.0,0.0,0.0,0.0,0.0,0.0,0.0,0.0,0.0,0.0,0.0,0.0,0.0,0.0,0.0,1.0,1.0,0.3333333333333333,1.0,1.0,0.8666666666666666,1.0,1.0,0.3333333333333333,1.0,1.0,0.8666666666666666,0.8234449771164336
nvbench2:test:171,171,qwen3:14b,staged,55,0.0,1.0,3,3,1.0,1.0,1.0,13.160179300000891,2,2,multi_gold,arc,1.0,1.0,0.5,1.0,0.6666666666666666,1.0,1.0,0.6666666666666666,0.8,1.0,1.0,0.6666666666666666,0.8,1.0,1.0,0.5,1.0,0.6666666666666666,1.0,1.0,0.6666666666666666,0.8,1.0,1.0,0.6666666666666666,0.8,1.0,1.0,1.0,1.0,1.0,1.0,1.0,1.0,1.0,1.0,1.0,1.0,1.265512963135622
nvbench2:test:172,172,qwen3:14b,staged,55,0.0,1.0,1,1,1.0,1.0,1.0,10.946128299925476,5,5,multi_gold,line,0.0,0.0,0.0,0.0,0.0,0.0,0.0,0.0,0.0,0.0,0.0,0.0,0.0,0.0,0.0,0.0,0.0,0.0,0.0,0.0,0.0,0.0,0.0,0.0,0.0,0.0,1.0,0.8,0.4,0.0,1.0,0.64,1.0,0.8,0.4,0.0,1.0,0.64,0.18936303228555582
nvbench2:test:173,173,qwen3:14b,staged,55,0.0,1.0,1,1,1.0,1.0,1.0,13.126946000033058,4,4,multi_gold,point,1.0,1.0,0.25,1.0,0.4,1.0,0.25,1.0,0.4,1.0,0.25,1.0,0.4,1.0,1.0,0.25,1.0,0.4,1.0,0.25,1.0,0.4,1.0,0.25,1.0,0.4,1.0,1.0,1.0,1.0,1.0,1.0,1.0,1.0,1.0,1.0,1.0,1.0,0.3903800499921017
nvbench2:test:174,174,qwen3:14b,staged,55,0.0,1.0,1,1,1.0,1.0,1.0,11.755882199970074,2,2,multi_gold,boxplot,0.0,0.0,0.0,0.0,0.0,0.0,0.0,0.0,0.0,0.0,0.0,0.0,0.0,0.0,0.0,0.0,0.0,0.0,0.0,0.0,0.0,0.0,0.0,0.0,0.0,0.0,1.0,1.0,0.5,0.0,1.0,0.7,1.0,1.0,0.5,0.0,1.0,0.7,0.38291336052022606
nvbench2:test:175,175,qwen3:14b,staged,55,0.0,1.0,1,0,1.0,0.0,0.0,12.210248599993065,2,2,multi_gold,point,0.0,0.0,0.0,0.0,0.0,0.0,0.0,0.0,0.0,0.0,0.0,0.0,0.0,0.0,0.0,0.0,0.0,0.0,0.0,0.0,0.0,0.0,0.0,0.0,0.0,0.0,1.0,0.8,0.8,1.0,0.0,0.72,1.0,0.8,0.8,1.0,0.0,0.72,0.39681784768346284
nvbench2:test:176,176,qwen3:14b,staged,55,0.0,1.0,1,1,1.0,1.0,1.0,12.613923900062218,4,3,multi_gold,rect,1.0,1.0,0.3333333333333333,1.0,0.5,1.0,0.3333333333333333,1.0,0.5,1.0,0.3333333333333333,1.0,0.5,1.0,1.0,0.3333333333333333,1.0,0.5,1.0,0.3333333333333333,1.0,0.5,1.0,0.3333333333333333,1.0,0.5,1.0,1.0,1.0,1.0,1.0,1.0,1.0,1.0,1.0,1.0,1.0,1.0,0.46927872602275644
nvbench2:test:177,177,qwen3:14b,staged,55,0.0,1.0,1,0,1.0,0.0,0.0,12.517847800045274,2,2,multi_gold,arc,0.0,0.0,0.0,0.0,0.0,0.0,0.0,0.0,0.0,0.0,0.0,0.0,0.0,0.0,0.0,0.0,0.0,0.0,0.0,0.0,0.0,0.0,0.0,0.0,0.0,0.0,1.0,1.0,1.0,0.0,1.0,0.8,1.0,1.0,1.0,0.0,1.0,0.8,0.4544040753253556
nvbench2:test:178,178,qwen3:14b,staged,55,0.0,1.0,1,0,1.0,0.0,0.0,12.317028800025582,2,2,multi_gold,arc,0.0,0.0,0.0,0.0,0.0,0.0,0.0,0.0,0.0,0.0,0.0,0.0,0.0,0.0,0.0,0.0,0.0,0.0,0.0,0.0,0.0,0.0,0.0,0.0,0.0,0.0,1.0,1.0,0.5,1.0,1.0,0.9,1.0,1.0,0.5,1.0,1.0,0.9,0.5310259262712439
nvbench2:test:179,179,qwen3:14b,staged,55,0.0,1.0,1,1,1.0,1.0,1.0,10.956442099995911,3,3,multi_gold,line,0.0,0.0,0.0,0.0,0.0,0.0,0.0,0.0,0.0,0.0,0.0,0.0,0.0,0.0,0.0,0.0,0.0,0.0,0.0,0.0,0.0,0.0,0.0,0.0,0.0,0.0,1.0,1.0,0.5,0.0,1.0,0.7,1.0,1.0,0.5,0.0,1.0,0.7,0.29306681351921393
nvbench2:test:180,180,qwen3:14b,staged,55,0.0,1.0,1,1,1.0,1.0,1.0,11.034049400012009,3,3,multi_gold,bar,1.0,1.0,0.3333333333333333,1.0,0.5,1.0,0.3333333333333333,1.0,0.5,1.0,0.3333333333333333,1.0,0.5,1.0,1.0,0.3333333333333333,1.0,0.5,1.0,0.3333333333333333,1.0,0.5,1.0,0.3333333333333333,1.0,0.5,1.0,1.0,1.0,1.0,1.0,1.0,1.0,1.0,1.0,1.0,1.0,1.0,0.46927872602275644
nvbench2:test:181,181,qwen3:14b,staged,55,0.0,1.0,1,0,1.0,0.0,0.0,12.937147399992682,2,2,multi_gold,arc,0.0,0.0,0.0,0.0,0.0,0.0,0.0,0.0,0.0,0.0,0.0,0.0,0.0,0.0,0.0,0.0,0.0,0.0,0.0,0.0,0.0,0.0,0.0,0.0,0.0,0.0,1.0,1.0,0.5,1.0,1.0,0.9,1.0,1.0,0.5,1.0,1.0,0.9,0.5310259262712439
nvbench2:test:182,182,qwen3:14b,staged,55,0.0,1.0,1,1,1.0,1.0,1.0,10.618275800021365,2,2,multi_gold,arc,1.0,1.0,0.5,1.0,0.6666666666666666,1.0,0.5,1.0,0.6666666666666666,1.0,0.5,1.0,0.6666666666666666,1.0,1.0,0.5,1.0,0.6666666666666666,1.0,0.5,1.0,0.6666666666666666,1.0,0.5,1.0,0.6666666666666666,1.0,1.0,1.0,1.0,1.0,1.0,1.0,1.0,1.0,1.0,1.0,1.0,0.6131471927654584
nvbench2:test:183,183,qwen3:14b,staged,55,0.0,1.0,1,1,1.0,1.0,1.0,10.112534799962305,3,3,multi_gold,bar,1.0,1.0,0.3333333333333333,1.0,0.5,1.0,0.3333333333333333,1.0,0.5,1.0,0.3333333333333333,1.0,0.5,1.0,1.0,0.3333333333333333,1.0,0.5,1.0,0.3333333333333333,1.0,0.5,1.0,0.3333333333333333,1.0,0.5,1.0,1.0,1.0,1.0,1.0,1.0,1.0,1.0,1.0,1.0,1.0,1.0,0.46927872602275644
nvbench2:test:184,184,qwen3:14b,staged,55,0.0,1.0,2,1,1.0,1.0,0.0,11.804915599990636,5,5,multi_gold,bar+line+rect,0.0,0.0,0.0,0.0,0.0,0.0,0.0,0.0,0.0,0.0,0.0,0.0,0.0,0.0,0.0,0.0,0.0,0.0,0.0,0.0,0.0,0.0,0.0,0.0,0.0,0.0,0.0,0.8,0.8,0.0,1.0,0.52,1.0,0.8,0.8,0.0,1.0,0.72,0.2856684171700789
nvbench2:test:185,185,qwen3:14b,staged,55,0.0,1.0,1,1,1.0,1.0,1.0,9.825104699935764,3,3,multi_gold,line,1.0,1.0,0.3333333333333333,1.0,0.5,1.0,0.3333333333333333,1.0,0.5,1.0,0.3333333333333333,1.0,0.5,1.0,1.0,0.3333333333333333,1.0,0.5,1.0,0.3333333333333333,1.0,0.5,1.0,0.3333333333333333,1.0,0.5,1.0,1.0,1.0,1.0,1.0,1.0,1.0,1.0,1.0,1.0,1.0,1.0,0.46927872602275644
nvbench2:test:186,186,qwen3:14b,staged,55,0.0,1.0,1,1,1.0,1.0,1.0,11.476190199959092,2,2,multi_gold,boxplot,1.0,1.0,0.5,1.0,0.6666666666666666,1.0,0.5,1.0,0.6666666666666666,1.0,0.5,1.0,0.6666666666666666,1.0,1.0,0.5,1.0,0.6666666666666666,1.0,0.5,1.0,0.6666666666666666,1.0,0.5,1.0,0.6666666666666666,1.0,1.0,1.0,1.0,1.0,1.0,1.0,1.0,1.0,1.0,1.0,1.0,0.6131471927654584
nvbench2:test:187,187,qwen3:14b,staged,55,0.0,1.0,1,0,1.0,0.0,0.0,12.298942599911243,4,4,multi_gold,arc,0.0,0.0,0.0,0.0,0.0,0.0,0.0,0.0,0.0,0.0,0.0,0.0,0.0,0.0,0.0,0.0,0.0,0.0,0.0,0.0,0.0,0.0,0.0,0.0,0.0,0.0,1.0,1.0,0.5,0.6666666666666666,1.0,0.8333333333333334,1.0,1.0,0.5,0.6666666666666666,1.0,0.8333333333333334,0.3051981222589482
nvbench2:test:188,188,qwen3:14b,staged,55,0.0,1.0,1,1,1.0,1.0,1.0,10.498395400005393,2,2,multi_gold,point,0.0,0.0,0.0,0.0,0.0,0.0,0.0,0.0,0.0,0.0,0.0,0.0,0.0,0.0,0.0,0.0,0.0,0.0,0.0,0.0,0.0,0.0,0.0,0.0,0.0,0.0,1.0,0.8,0.0,1.0,1.0,0.76,1.0,0.8,0.0,1.0,1.0,0.76,0.42521182975933103
nvbench2:test:189,189,qwen3:14b,staged,55,0.0,1.0,5,4,1.0,1.0,0.0,18.063618700020015,2,2,multi_gold,bar+line,0.0,0.0,0.0,0.0,0.0,0.0,0.0,0.0,0.0,0.0,0.0,0.0,0.0,0.0,0.0,0.0,0.0,0.0,0.0,0.0,0.0,0.0,0.0,0.0,0.0,0.0,1.0,0.8,0.4,0.0,1.0,0.64,1.0,1.0,1.0,0.0,1.0,0.8,1.101187315757902
nvbench2:test:190,190,qwen3:14b,staged,55,0.0,1.0,3,3,1.0,1.0,1.0,15.234069300000556,2,2,multi_gold,boxplot,0.0,0.0,0.0,0.0,0.0,0.0,0.0,0.0,0.0,0.0,0.0,0.0,0.0,0.0,0.0,0.0,0.0,0.0,0.0,0.0,0.0,0.0,0.0,0.0,0.0,0.0,1.0,1.0,1.0,1.0,1.0,1.0,1.0,1.0,1.0,1.0,1.0,1.0,1.265512963135622
nvbench2:test:191,191,qwen3:14b,staged,55,0.0,1.0,1,0,1.0,0.0,0.0,12.599015099927783,2,2,multi_gold,point,0.0,0.0,0.0,0.0,0.0,0.0,0.0,0.0,0.0,0.0,0.0,0.0,0.0,0.0,0.0,0.0,0.0,0.0,0.0,0.0,0.0,0.0,0.0,0.0,0.0,0.0,1.0,1.0,1.0,1.0,0.0,0.8,1.0,1.0,1.0,1.0,0.0,0.8,0.4544040753253556
nvbench2:test:192,192,qwen3:14b,staged,55,0.0,1.0,1,0,1.0,0.0,0.0,13.362159800017253,5,5,multi_gold,point,0.0,0.0,0.0,0.0,0.0,0.0,0.0,0.0,0.0,0.0,0.0,0.0,0.0,0.0,0.0,0.0,0.0,0.0,0.0,0.0,0.0,0.0,0.0,0.0,0.0,0.0,1.0,0.8,0.4,0.0,1.0,0.64,1.0,0.8,0.4,0.0,1.0,0.64,0.18936303228555582
nvbench2:test:193,193,qwen3:14b,staged,55,0.0,1.0,1,1,1.0,1.0,1.0,12.343813000014052,5,5,multi_gold,point,0.0,0.0,0.0,0.0,0.0,0.0,0.0,0.0,0.0,0.0,0.0,0.0,0.0,0.0,0.0,0.0,0.0,0.0,0.0,0.0,0.0,0.0,0.0,0.0,0.0,0.0,0.0,0.8,0.0,0.0,0.0,0.16,0.0,0.8,0.0,0.0,0.0,0.16,0.0397791298245291
nvbench2:test:194,194,qwen3:14b,staged,55,0.0,1.0,1,1,1.0,1.0,1.0,14.789740799926221,2,2,multi_gold,boxplot,0.0,0.0,0.0,0.0,0.0,0.0,0.0,0.0,0.0,0.0,0.0,0.0,0.0,0.0,0.0,0.0,0.0,0.0,0.0,0.0,0.0,0.0,0.0,0.0,0.0,0.0,1.0,1.0,1.0,0.0,0.0,0.6,1.0,1.0,1.0,0.0,0.0,0.6,0.3162101650184913
nvbench2:test:195,195,qwen3:14b,staged,55,0.0,1.0,2,2,1.0,1.0,1.0,14.90964339999482,3,3,multi_gold,arc,0.0,0.0,0.0,0.0,0.0,0.0,0.0,0.0,0.0,0.0,0.0,0.0,0.0,0.0,0.0,0.0,0.0,0.0,0.0,0.0,0.0,0.0,0.0,0.0,0.0,0.0,0.0,0.0,0.0,0.0,0.0,0.0,0.0,0.0,0.0,0.0,0.0,0.0,0.0
nvbench2:test:196,196,qwen3:14b,staged,55,0.0,1.0,1,1,1.0,1.0,1.0,14.522951200022362,2,2,multi_gold,point,0.0,0.0,0.0,0.0,0.0,0.0,0.0,0.0,0.0,0.0,0.0,0.0,0.0,0.0,0.0,0.0,0.0,0.0,0.0,0.0,0.0,0.0,0.0,0.0,0.0,0.0,1.0,0.8,0.4,1.0,0.0,0.64,1.0,0.8,0.4,1.0,0.0,0.64,0.34233795667676936
nvbench2:test:197,197,qwen3:14b,staged,55,0.0,1.0,2,1,1.0,1.0,0.0,16.20673049998004,5,5,multi_gold,arc,0.0,0.0,0.0,0.0,0.0,0.0,0.0,0.0,0.0,0.0,0.0,0.0,0.0,0.0,0.0,0.0,0.0,0.0,0.0,0.0,0.0,0.0,0.0,0.0,0.0,0.0,0.0,0.0,0.0,0.0,0.0,0.0,0.0,0.4,0.0,0.0,0.0,0.08,0.012201077522211548
nvbench2:test:198,198,qwen3:14b,staged,55,0.0,1.0,1,0,1.0,0.0,0.0,12.232068800018169,4,4,multi_gold,boxplot,0.0,0.0,0.0,0.0,0.0,0.0,0.0,0.0,0.0,0.0,0.0,0.0,0.0,0.0,0.0,0.0,0.0,0.0,0.0,0.0,0.0,0.0,0.0,0.0,0.0,0.0,1.0,0.6666666666666666,0.6666666666666666,0.0,0.0,0.4666666666666666,1.0,0.6666666666666666,0.6666666666666666,0.0,0.0,0.4666666666666666,0.14909116917444792
nvbench2:test:199,199,qwen3:14b,staged,55,0.0,1.0,1,1,1.0,1.0,1.0,11.01251210004557,5,5,multi_gold,arc,0.0,0.0,0.0,0.0,0.0,0.0,0.0,0.0,0.0,0.0,0.0,0.0,0.0,0.0,0.0,0.0,0.0,0.0,0.0,0.0,0.0,0.0,0.0,0.0,0.0,0.0,1.0,1.0,0.5,1.0,1.0,0.9,1.0,1.0,0.5,1.0,1.0,0.9,0.29373511659974333
nvbench2:test:200,200,qwen3:14b,staged,55,0.0,1.0,2,1,1.0,1.0,0.0,12.021964599960484,5,5,multi_gold,bar+line+rect,0.0,0.0,0.0,0.0,0.0,0.0,0.0,0.0,0.0,0.0,0.0,0.0,0.0,0.0,0.0,0.0,0.0,0.0,0.0,0.0,0.0,0.0,0.0,0.0,0.0,0.0,0.0,0.8,0.4,0.0,1.0,0.44000000000000006,1.0,0.8,0.0,0.0,1.0,0.5599999999999999,0.222433095185303
nvbench2:test:201,201,qwen3:14b,staged,55,0.0,1.0,1,1,1.0,1.0,1.0,11.802783999941312,2,2,multi_gold,bar,1.0,1.0,0.5,1.0,0.6666666666666666,1.0,0.5,1.0,0.6666666666666666,1.0,0.5,1.0,0.6666666666666666,1.0,1.0,0.5,1.0,0.6666666666666666,1.0,0.5,1.0,0.6666666666666666,1.0,0.5,1.0,0.6666666666666666,1.0,1.0,1.0,1.0,1.0,1.0,1.0,1.0,1.0,1.0,1.0,1.0,0.6131471927654584
nvbench2:test:202,202,qwen3:14b,staged,55,0.0,1.0,1,1,1.0,1.0,1.0,11.839342499966733,2,2,multi_gold,bar,0.0,0.0,0.0,0.0,0.0,0.0,0.0,0.0,0.0,0.0,0.0,0.0,0.0,0.0,0.0,0.0,0.0,0.0,0.0,0.0,0.0,0.0,0.0,0.0,0.0,0.0,1.0,0.8,0.4,0.0,0.0,0.44000000000000006,1.0,0.8,0.4,0.0,0.0,0.44000000000000006,0.21865094230255439
nvbench2:test:203,203,qwen3:14b,staged,55,0.0,1.0,1,1,1.0,1.0,1.0,11.514918900094926,2,2,multi_gold,rect,0.0,0.0,0.0,0.0,0.0,0.0,0.0,0.0,0.0,0.0,0.0,0.0,0.0,0.0,0.0,0.0,0.0,0.0,0.0,0.0,0.0,0.0,0.0,0.0,0.0,0.0,1.0,1.0,0.3333333333333333,0.0,1.0,0.6666666666666667,1.0,1.0,0.3333333333333333,0.0,1.0,0.6666666666666667,0.3601633060417787
nvbench2:test:204,204,qwen3:14b,staged,55,0.0,1.0,1,0,1.0,0.0,0.0,11.56194130005315,2,2,multi_gold,bar,0.0,0.0,0.0,0.0,0.0,0.0,0.0,0.0,0.0,0.0,0.0,0.0,0.0,0.0,0.0,0.0,0.0,0.0,0.0,0.0,0.0,0.0,0.0,0.0,0.0,0.0,1.0,0.8,0.4,1.0,1.0,0.8400000000000001,1.0,0.8,0.4,1.0,1.0,0.8400000000000001,0.4844170266229248
nvbench2:test:205,205,qwen3:14b,staged,55,0.0,1.0,1,0,1.0,0.0,0.0,10.902100699953735,2,2,multi_gold,bar,0.0,0.0,0.0,0.0,0.0,0.0,0.0,0.0,0.0,0.0,0.0,0.0,0.0,0.0,0.0,0.0,0.0,0.0,0.0,0.0,0.0,0.0,0.0,0.0,0.0,0.0,1.0,0.8,0.4,1.0,1.0,0.8400000000000001,1.0,0.8,0.4,1.0,1.0,0.8400000000000001,0.4844170266229248
nvbench2:test:206,206,qwen3:14b,staged,55,0.0,1.0,2,0,1.0,0.0,0.0,13.928975100046955,2,2,multi_gold,arc,0.0,0.0,0.0,0.0,0.0,0.0,0.0,0.0,0.0,0.0,0.0,0.0,0.0,0.0,0.0,0.0,0.0,0.0,0.0,0.0,0.0,0.0,0.0,0.0,0.0,0.0,1.0,1.0,0.5,1.0,1.0,0.9,1.0,1.0,0.5,1.0,1.0,0.9,0.8660659830736148
nvbench2:test:207,207,qwen3:14b,staged,55,0.0,1.0,3,2,1.0,1.0,0.0,19.35655869997572,2,2,multi_gold,bar,0.0,0.0,0.0,0.0,0.0,0.0,0.0,0.0,0.0,0.0,0.0,0.0,0.0,0.0,0.0,0.0,0.0,0.0,0.0,0.0,0.0,0.0,0.0,0.0,0.0,0.0,1.0,0.8,0.8,1.0,0.0,0.72,1.0,0.8,0.8,1.0,0.0,0.72,0.6977338746459187
nvbench2:test:208,208,qwen3:14b,staged,55,0.0,1.0,1,0,1.0,0.0,0.0,13.147776399971917,2,2,multi_gold,bar,0.0,0.0,0.0,0.0,0.0,0.0,0.0,0.0,0.0,0.0,0.0,0.0,0.0,0.0,0.0,0.0,0.0,0.0,0.0,0.0,0.0,0.0,0.0,0.0,0.0,0.0,1.0,0.8,0.4,1.0,1.0,0.8400000000000001,1.0,0.8,0.4,1.0,1.0,0.8400000000000001,0.4844170266229248
nvbench2:test:209,209,qwen3:14b,staged,55,0.0,1.0,1,0,1.0,0.0,0.0,14.936748799984343,2,2,multi_gold,arc,0.0,0.0,0.0,0.0,0.0,0.0,0.0,0.0,0.0,0.0,0.0,0.0,0.0,0.0,0.0,0.0,0.0,0.0,0.0,0.0,0.0,0.0,0.0,0.0,0.0,0.0,1.0,1.0,0.5,1.0,0.0,0.7,1.0,1.0,0.5,1.0,0.0,0.7,0.38291336052022606
nvbench2:test:210,210,qwen3:14b,staged,55,0.0,1.0,1,1,1.0,1.0,1.0,14.580708299996331,2,2,multi_gold,rect,0.0,0.0,0.0,0.0,0.0,0.0,0.0,0.0,0.0,0.0,0.0,0.0,0.0,0.0,0.0,0.0,0.0,0.0,0.0,0.0,0.0,0.0,0.0,0.0,0.0,0.0,0.0,0.8,0.8,0.0,0.0,0.32,0.0,0.8,0.8,0.0,0.0,0.32,0.1522631789369287
nvbench2:test:211,211,qwen3:14b,staged,55,0.0,1.0,2,0,1.0,0.0,0.0,15.224450999987312,5,5,multi_gold,bar+line+rect,0.0,0.0,0.0,0.0,0.0,0.0,0.0,0.0,0.0,0.0,0.0,0.0,0.0,0.0,0.0,0.0,0.0,0.0,0.0,0.0,0.0,0.0,0.0,0.0,0.0,0.0,0.0,0.8,0.4,0.0,0.0,0.24000000000000005,1.0,0.8,0.0,0.0,0.0,0.36,0.12203475735197439
nvbench2:test:212,212,qwen3:14b,staged,55,0.0,1.0,4,4,1.0,1.0,1.0,19.051722300006077,4,4,multi_gold,bar,1.0,1.0,0.25,1.0,0.4,1.0,0.25,0.3333333333333333,0.28571428571428575,1.0,0.25,0.25,0.25,1.0,1.0,0.25,1.0,0.4,1.0,0.25,0.3333333333333333,0.28571428571428575,1.0,0.25,0.25,0.25,1.0,1.0,1.0,1.0,1.0,1.0,1.0,1.0,1.0,1.0,1.0,1.0,0.9449410816668626
nvbench2:test:213,213,qwen3:14b,staged,55,0.0,1.0,1,0,1.0,0.0,0.0,14.490429099998437,2,2,multi_gold,bar,0.0,0.0,0.0,0.0,0.0,0.0,0.0,0.0,0.0,0.0,0.0,0.0,0.0,0.0,0.0,0.0,0.0,0.0,0.0,0.0,0.0,0.0,0.0,0.0,0.0,0.0,1.0,0.8,0.4,1.0,1.0,0.8400000000000001,1.0,0.8,0.4,1.0,1.0,0.8400000000000001,0.4844170266229248
nvbench2:test:214,214,qwen3:14b,staged,55,0.0,1.0,1,0,1.0,0.0,0.0,14.788713500020094,3,3,multi_gold,arc+bar+line,0.0,0.0,0.0,0.0,0.0,0.0,0.0,0.0,0.0,0.0,0.0,0.0,0.0,0.0,0.0,0.0,0.0,0.0,0.0,0.0,0.0,0.0,0.0,0.0,0.0,0.0,1.0,1.0,0.0,1.0,1.0,0.8,1.0,1.0,0.0,1.0,1.0,0.8,0.3477829925412398
nvbench2:test:215,215,qwen3:14b,staged,55,0.0,1.0,1,0,1.0,0.0,0.0,15.720609900075942,2,2,multi_gold,bar,0.0,0.0,0.0,0.0,0.0,0.0,0.0,0.0,0.0,0.0,0.0,0.0,0.0,0.0,0.0,0.0,0.0,0.0,0.0,0.0,0.0,0.0,0.0,0.0,0.0,0.0,1.0,0.8,0.4,1.0,0.0,0.64,1.0,0.8,0.4,1.0,0.0,0.64,0.34233795667676936
nvbench2:test:216,216,qwen3:14b,staged,55,0.0,1.0,1,1,1.0,1.0,1.0,16.641274200053886,2,2,multi_gold,bar,0.0,0.0,0.0,0.0,0.0,0.0,0.0,0.0,0.0,0.0,0.0,0.0,0.0,0.0,0.0,0.0,0.0,0.0,0.0,0.0,0.0,0.0,0.0,0.0,0.0,0.0,1.0,0.8,0.8,1.0,0.3333333333333333,0.7866666666666667,1.0,0.8,0.8,1.0,0.3333333333333333,0.7866666666666667,0.44458325835099344
nvbench2:test:217,217,qwen3:14b,staged,55,0.0,1.0,2,2,1.0,1.0,1.0,12.184667499968782,4,4,multi_gold,bar+line,0.0,0.0,0.0,0.0,0.0,0.0,0.0,0.0,0.0,0.0,0.0,0.0,0.0,0.0,0.0,0.0,0.0,0.0,0.0,0.0,0.0,0.0,0.0,0.0,0.0,0.0,0.0,0.4,0.4,1.0,1.0,0.5599999999999999,0.0,0.4,0.4,1.0,1.0,0.5599999999999999,0.30195888188080955
nvbench2:test:218,218,qwen3:14b,staged,55,0.0,1.0,2,2,1.0,1.0,1.0,16.410903500043787,2,2,multi_gold,point,0.0,0.0,0.0,0.0,0.0,0.0,0.0,0.0,0.0,0.0,0.0,0.0,0.0,0.0,0.0,0.0,0.0,0.0,0.0,0.0,0.0,0.0,0.0,0.0,0.0,0.0,1.0,1.0,1.0,1.0,0.0,0.8,1.0,1.0,1.0,1.0,0.0,0.8,0.6816418212517764
nvbench2:test:219,219,qwen3:14b,staged,55,0.0,1.0,1,1,1.0,1.0,1.0,14.110259099979885,4,4,multi_gold,point,0.0,0.0,0.0,0.0,0.0,0.0,0.0,0.0,0.0,0.0,0.0,0.0,0.0,0.0,0.0,0.0,0.0,0.0,0.0,0.0,0.0,0.0,0.0,0.0,0.0,0.0,1.0,0.8,0.0,0.0,1.0,0.5599999999999999,1.0,0.8,0.0,0.0,1.0,0.5599999999999999,0.185145240755815
nvbench2:test:220,220,qwen3:14b,staged,55,0.0,1.0,3,3,1.0,1.0,1.0,14.65480859996751,4,4,multi_gold,rect,0.0,0.0,0.0,0.0,0.0,0.0,0.0,0.0,0.0,0.0,0.0,0.0,0.0,0.0,0.0,0.0,0.0,0.0,0.0,0.0,0.0,0.0,0.0,0.0,0.0,0.0,1.0,1.0,0.6666666666666666,0.0,1.0,0.7333333333333333,1.0,1.0,0.6666666666666666,0.0,1.0,0.7333333333333333,0.5510953694893451
nvbench2:test:221,221,qwen3:14b,staged,55,0.0,1.0,1,1,1.0,1.0,1.0,13.661675599985756,2,2,multi_gold,boxplot,0.0,0.0,0.0,0.0,0.0,0.0,0.0,0.0,0.0,0.0,0.0,0.0,0.0,0.0,0.0,0.0,0.0,0.0,0.0,0.0,0.0,0.0,0.0,0.0,0.0,0.0,1.0,1.0,0.5,0.0,1.0,0.7,1.0,1.0,0.5,0.0,1.0,0.7,0.38291336052022606
nvbench2:test:222,222,qwen3:14b,staged,55,0.0,1.0,1,0,1.0,0.0,0.0,13.686930899973959,3,3,multi_gold,arc,0.0,0.0,0.0,0.0,0.0,0.0,0.0,0.0,0.0,0.0,0.0,0.0,0.0,0.0,0.0,0.0,0.0,0.0,0.0,0.0,0.0,0.0,0.0,0.0,0.0,0.0,1.0,1.0,0.5,1.0,1.0,0.9,1.0,1.0,0.5,1.0,1.0,0.9,0.40642634118843207
nvbench2:test:223,223,qwen3:14b,staged,55,0.0,1.0,1,0,1.0,0.0,0.0,12.709625799907371,3,3,multi_gold,boxplot,0.0,0.0,0.0,0.0,0.0,0.0,0.0,0.0,0.0,0.0,0.0,0.0,0.0,0.0,0.0,0.0,0.0,0.0,0.0,0.0,0.0,0.0,0.0,0.0,0.0,0.0,1.0,0.6666666666666666,0.6666666666666666,0.0,0.0,0.4666666666666666,1.0,0.6666666666666666,0.6666666666666666,0.0,0.0,0.4666666666666666,0.17922358976295982
nvbench2:test:224,224,qwen3:14b,staged,55,0.0,1.0,1,0,1.0,0.0,0.0,10.613824900006875,3,3,multi_gold,boxplot,0.0,0.0,0.0,0.0,0.0,0.0,0.0,0.0,0.0,0.0,0.0,0.0,0.0,0.0,0.0,0.0,0.0,0.0,0.0,0.0,0.0,0.0,0.0,0.0,0.0,0.0,1.0,0.6666666666666666,0.6666666666666666,1.0,1.0,0.8666666666666666,1.0,0.6666666666666666,0.6666666666666666,1.0,1.0,0.8666666666666666,0.3864252098110378
nvbench2:test:225,225,qwen3:14b,staged,55,0.0,1.0,1,1,1.0,1.0,1.0,13.124002000084147,4,4,multi_gold,point,0.0,0.0,0.0,0.0,0.0,0.0,0.0,0.0,0.0,0.0,0.0,0.0,0.0,0.0,0.0,0.0,0.0,0.0,0.0,0.0,0.0,0.0,0.0,0.0,0.0,0.0,1.0,0.8,0.8,0.0,1.0,0.72,1.0,0.8,0.8,0.0,1.0,0.72,0.25264695499582046
nvbench2:test:226,226,qwen3:14b,staged,55,0.0,1.0,1,1,1.0,1.0,1.0,12.287050200044177,2,2,multi_gold,boxplot,1.0,1.0,0.5,1.0,0.6666666666666666,1.0,0.5,1.0,0.6666666666666666,1.0,0.5,1.0,0.6666666666666666,1.0,1.0,0.5,1.0,0.6666666666666666,1.0,0.5,1.0,0.6666666666666666,1.0,0.5,1.0,0.6666666666666666,1.0,1.0,1.0,1.0,1.0,1.0,1.0,1.0,1.0,1.0,1.0,1.0,0.6131471927654584
nvbench2:test:227,227,qwen3:14b,staged,55,0.0,1.0,2,0,1.0,0.0,0.0,14.04569309996441,4,4,multi_gold,line,0.0,0.0,0.0,0.0,0.0,0.0,0.0,0.0,0.0,0.0,0.0,0.0,0.0,0.0,0.0,0.0,0.0,0.0,0.0,0.0,0.0,0.0,0.0,0.0,0.0,0.0,1.0,1.0,0.5,1.0,1.0,0.9,1.0,1.0,0.5,1.0,1.0,0.9,0.4919119039938525
nvbench2:test:228,228,qwen3:14b,staged,55,0.0,1.0,1,1,1.0,1.0,1.0,15.842812999966554,2,1,single_gold,rect,0.0,0.0,0.0,0.0,0.0,0.0,0.0,0.0,0.0,0.0,0.0,0.0,0.0,0.0,0.0,0.0,0.0,0.0,0.0,0.0,0.0,0.0,0.0,0.0,0.0,0.0,1.0,1.0,0.3333333333333333,1.0,0.0,0.6666666666666667,1.0,1.0,0.3333333333333333,1.0,0.0,0.6666666666666667,0.5874010519681996
nvbench2:test:229,229,qwen3:14b,staged,55,0.0,1.0,2,0,1.0,0.0,0.0,13.534180299961008,2,2,multi_gold,arc,0.0,0.0,0.0,0.0,0.0,0.0,0.0,0.0,0.0,0.0,0.0,0.0,0.0,0.0,0.0,0.0,0.0,0.0,0.0,0.0,0.0,0.0,0.0,0.0,0.0,0.0,1.0,1.0,0.5,1.0,1.0,0.9,1.0,1.0,0.5,1.0,1.0,0.9,0.8660659830736148
nvbench2:test:230,230,qwen3:14b,staged,55,0.0,1.0,1,0,1.0,0.0,0.0,10.843377899960615,3,3,multi_gold,line,0.0,0.0,0.0,0.0,0.0,0.0,0.0,0.0,0.0,0.0,0.0,0.0,0.0,0.0,0.0,0.0,0.0,0.0,0.0,0.0,0.0,0.0,0.0,0.0,0.0,0.0,1.0,1.0,0.5,1.0,1.0,0.9,1.0,1.0,0.5,1.0,1.0,0.9,0.40642634118843207
nvbench2:test:231,231,qwen3:14b,staged,55,0.0,1.0,1,0,1.0,0.0,0.0,12.921274599968456,2,2,multi_gold,arc,0.0,0.0,0.0,0.0,0.0,0.0,0.0,0.0,0.0,0.0,0.0,0.0,0.0,0.0,0.0,0.0,0.0,0.0,0.0,0.0,0.0,0.0,0.0,0.0,0.0,0.0,1.0,1.0,0.5,1.0,1.0,0.9,1.0,1.0,0.5,1.0,1.0,0.9,0.5310259262712439
nvbench2:test:232,232,qwen3:14b,staged,55,0.0,1.0,1,0,1.0,0.0,0.0,12.05186559993308,4,4,multi_gold,arc,0.0,0.0,0.0,0.0,0.0,0.0,0.0,0.0,0.0,0.0,0.0,0.0,0.0,0.0,0.0,0.0,0.0,0.0,0.0,0.0,0.0,0.0,0.0,0.0,0.0,0.0,1.0,1.0,0.5,1.0,1.0,0.9,1.0,1.0,0.5,1.0,1.0,0.9,0.3380948817687364
nvbench2:test:233,233,qwen3:14b,staged,55,0.0,1.0,1,0,1.0,0.0,0.0,12.570520700071938,2,2,multi_gold,point,0.0,0.0,0.0,0.0,0.0,0.0,0.0,0.0,0.0,0.0,0.0,0.0,0.0,0.0,0.0,0.0,0.0,0.0,0.0,0.0,0.0,0.0,0.0,0.0,0.0,0.0,1.0,0.6666666666666666,0.3333333333333333,0.0,1.0,0.6,1.0,0.6666666666666666,0.3333333333333333,0.0,1.0,0.6,0.3162101650184913
nvbench2:test:234,234,qwen3:14b,staged,55,0.0,1.0,1,0,1.0,0.0,0.0,12.662908300058916,3,3,multi_gold,boxplot,0.0,0.0,0.0,0.0,0.0,0.0,0.0,0.0,0.0,0.0,0.0,0.0,0.0,0.0,0.0,0.0,0.0,0.0,0.0,0.0,0.0,0.0,0.0,0.0,0.0,0.0,1.0,0.6666666666666666,0.6666666666666666,0.0,1.0,0.6666666666666666,1.0,0.6666666666666666,0.6666666666666666,0.0,1.0,0.6666666666666666,0.27565481733206354
nvbench2:test:235,235,qwen3:14b,staged,55,0.0,1.0,1,0,1.0,0.0,0.0,14.61235139996279,4,4,multi_gold,rect,0.0,0.0,0.0,0.0,0.0,0.0,0.0,0.0,0.0,0.0,0.0,0.0,0.0,0.0,0.0,0.0,0.0,0.0,0.0,0.0,0.0,0.0,0.0,0.0,0.0,0.0,1.0,1.0,0.4,1.0,1.0,0.8800000000000001,1.0,1.0,0.4,1.0,1.0,0.8800000000000001,0.32806575211400507
nvbench2:test:236,236,qwen3:14b,staged,55,0.0,1.0,2,1,1.0,1.0,0.0,13.482534400071017,2,2,multi_gold,boxplot,0.0,0.0,0.0,0.0,0.0,0.0,0.0,0.0,0.0,0.0,0.0,0.0,0.0,0.0,0.0,0.0,0.0,0.0,0.0,0.0,0.0,0.0,0.0,0.0,0.0,0.0,0.0,1.0,0.0,0.0,1.0,0.4,1.0,0.6666666666666666,0.0,1.0,1.0,0.7333333333333333,0.4521859985273586
nvbench2:test:237,237,qwen3:14b,staged,55,0.0,1.0,1,0,1.0,0.0,0.0,10.567147399997339,2,2,multi_gold,boxplot,0.0,0.0,0.0,0.0,0.0,0.0,0.0,0.0,0.0,0.0,0.0,0.0,0.0,0.0,0.0,0.0,0.0,0.0,0.0,0.0,0.0,0.0,0.0,0.0,0.0,0.0,1.0,0.6666666666666666,0.6666666666666666,1.0,1.0,0.8666666666666666,1.0,0.6666666666666666,0.6666666666666666,1.0,1.0,0.8666666666666666,0.5048929761157583
nvbench2:test:238,238,qwen3:14b,staged,55,0.0,1.0,1,1,1.0,1.0,1.0,11.733366800006479,3,3,multi_gold,line,1.0,1.0,0.3333333333333333,1.0,0.5,1.0,0.3333333333333333,1.0,0.5,1.0,0.3333333333333333,1.0,0.5,1.0,1.0,0.3333333333333333,1.0,0.5,1.0,0.3333333333333333,1.0,0.5,1.0,0.3333333333333333,1.0,0.5,1.0,1.0,1.0,1.0,1.0,1.0,1.0,1.0,1.0,1.0,1.0,1.0,0.46927872602275644
nvbench2:test:239,239,qwen3:14b,staged,55,0.0,1.0,1,1,1.0,1.0,1.0,12.648213099921122,2,2,multi_gold,arc,0.0,0.0,0.0,0.0,0.0,0.0,0.0,0.0,0.0,0.0,0.0,0.0,0.0,0.0,0.0,0.0,0.0,0.0,0.0,0.0,0.0,0.0,0.0,0.0,0.0,0.0,1.0,1.0,0.0,1.0,1.0,0.8,1.0,1.0,0.0,1.0,1.0,0.8,0.4544040753253556
nvbench2:test:240,240,qwen3:14b,staged,55,0.0,1.0,1,0,1.0,0.0,0.0,13.82387900003232,2,2,multi_gold,arc,0.0,0.0,0.0,0.0,0.0,0.0,0.0,0.0,0.0,0.0,0.0,0.0,0.0,0.0,0.0,0.0,0.0,0.0,0.0,0.0,0.0,0.0,0.0,0.0,0.0,0.0,1.0,1.0,0.5,0.0,1.0,0.7,1.0,1.0,0.5,0.0,1.0,0.7,0.38291336052022606
nvbench2:test:241,241,qwen3:14b,staged,55,0.0,1.0,1,0,1.0,0.0,0.0,14.753771399962716,3,3,multi_gold,rect,0.0,0.0,0.0,0.0,0.0,0.0,0.0,0.0,0.0,0.0,0.0,0.0,0.0,0.0,0.0,0.0,0.0,0.0,0.0,0.0,0.0,0.0,0.0,0.0,0.0,0.0,1.0,1.0,0.3333333333333333,0.0,1.0,0.6666666666666667,1.0,1.0,0.3333333333333333,0.0,1.0,0.6666666666666667,0.27565481733206365
nvbench2:test:242,242,qwen3:14b,staged,55,0.0,1.0,1,1,1.0,1.0,1.0,12.326459600008093,3,3,multi_gold,boxplot,0.0,0.0,0.0,0.0,0.0,0.0,0.0,0.0,0.0,0.0,0.0,0.0,0.0,0.0,0.0,0.0,0.0,0.0,0.0,0.0,0.0,0.0,0.0,0.0,0.0,0.0,1.0,1.0,1.0,0.0,1.0,0.8,1.0,1.0,1.0,0.0,1.0,0.8,0.3477829925412398
nvbench2:test:243,243,qwen3:14b,staged,55,0.0,1.0,1,0,1.0,0.0,0.0,14.318676900002174,3,3,multi_gold,rect,0.0,0.0,0.0,0.0,0.0,0.0,0.0,0.0,0.0,0.0,0.0,0.0,0.0,0.0,0.0,0.0,0.0,0.0,0.0,0.0,0.0,0.0,0.0,0.0,0.0,0.0,1.0,1.0,0.3333333333333333,0.6666666666666666,1.0,0.8,1.0,1.0,0.3333333333333333,0.6666666666666666,1.0,0.8,0.3477829925412398
nvbench2:test:244,244,qwen3:14b,staged,55,0.0,1.0,1,1,1.0,1.0,1.0,12.32066730002407,4,4,multi_gold,line,0.0,0.0,0.0,0.0,0.0,0.0,0.0,0.0,0.0,0.0,0.0,0.0,0.0,0.0,0.0,0.0,0.0,0.0,0.0,0.0,0.0,0.0,0.0,0.0,0.0,0.0,1.0,1.0,1.0,0.6666666666666666,1.0,0.9333333333333333,1.0,1.0,1.0,0.6666666666666666,1.0,0.9333333333333333,0.3551221761460723
nvbench2:test:245,245,qwen3:14b,staged,55,0.0,1.0,1,1,1.0,1.0,1.0,11.79862310003955,3,3,multi_gold,boxplot,0.0,0.0,0.0,0.0,0.0,0.0,0.0,0.0,0.0,0.0,0.0,0.0,0.0,0.0,0.0,0.0,0.0,0.0,0.0,0.0,0.0,0.0,0.0,0.0,0.0,0.0,1.0,1.0,0.6666666666666666,1.0,1.0,0.9333333333333333,1.0,1.0,0.6666666666666666,1.0,1.0,0.9333333333333333,0.426894976850455
nvbench2:test:246,246,qwen3:14b,staged,55,0.0,1.0,1,0,1.0,0.0,0.0,14.846899800002575,3,3,multi_gold,rect,0.0,0.0,0.0,0.0,0.0,0.0,0.0,0.0,0.0,0.0,0.0,0.0,0.0,0.0,0.0,0.0,0.0,0.0,0.0,0.0,0.0,0.0,0.0,0.0,0.0,0.0,1.0,0.8,0.8,1.0,1.0,0.9199999999999999,1.0,0.8,0.8,1.0,1.0,0.9199999999999999,0.41865072837619277
nvbench2:test:247,247,qwen3:14b,staged,55,0.0,1.0,1,1,1.0,1.0,1.0,12.850733099970967,2,2,multi_gold,arc,1.0,1.0,0.5,1.0,0.6666666666666666,1.0,0.5,1.0,0.6666666666666666,1.0,0.5,1.0,0.6666666666666666,1.0,1.0,0.5,1.0,0.6666666666666666,1.0,0.5,1.0,0.6666666666666666,1.0,0.5,1.0,0.6666666666666666,1.0,1.0,1.0,1.0,1.0,1.0,1.0,1.0,1.0,1.0,1.0,1.0,0.6131471927654584
nvbench2:test:248,248,qwen3:14b,staged,55,0.0,1.0,1,0,1.0,0.0,0.0,12.92939349997323,3,3,multi_gold,rect,0.0,0.0,0.0,0.0,0.0,0.0,0.0,0.0,0.0,0.0,0.0,0.0,0.0,0.0,0.0,0.0,0.0,0.0,0.0,0.0,0.0,0.0,0.0,0.0,0.0,0.0,1.0,0.8,0.8,1.0,1.0,0.9199999999999999,1.0,0.8,0.8,1.0,1.0,0.9199999999999999,0.41865072837619277
nvbench2:test:249,249,qwen3:14b,staged,55,0.0,1.0,1,0,1.0,0.0,0.0,11.365527999936603,4,4,multi_gold,arc,0.0,0.0,0.0,0.0,0.0,0.0,0.0,0.0,0.0,0.0,0.0,0.0,0.0,0.0,0.0,0.0,0.0,0.0,0.0,0.0,0.0,0.0,0.0,0.0,0.0,0.0,1.0,1.0,0.5,0.0,1.0,0.7,1.0,1.0,0.5,0.0,1.0,0.7,0.2437942121994015
nvbench2:test:250,250,qwen3:14b,staged,55,0.0,1.0,1,0,1.0,0.0,0.0,12.200901899952441,2,2,multi_gold,boxplot,0.0,0.0,0.0,0.0,0.0,0.0,0.0,0.0,0.0,0.0,0.0,0.0,0.0,0.0,0.0,0.0,0.0,0.0,0.0,0.0,0.0,0.0,0.0,0.0,0.0,0.0,1.0,1.0,0.5,0.0,1.0,0.7,1.0,1.0,0.5,0.0,1.0,0.7,0.38291336052022606
nvbench2:test:251,251,qwen3:14b,staged,55,0.0,1.0,5,5,1.0,1.0,1.0,18.746123799937777,2,2,multi_gold,point,0.0,0.0,0.0,0.0,0.0,0.0,0.0,0.0,0.0,0.0,0.0,0.0,0.0,0.0,0.0,0.0,0.0,0.0,0.0,0.0,0.0,0.0,0.0,0.0,0.0,0.0,0.0,0.8571428571428571,0.28571428571428575,0.0,1.0,0.42857142857142855,0.0,0.8571428571428571,0.28571428571428575,0.0,1.0,0.42857142857142855,0.6253320076819141
nvbench2:test:252,252,qwen3:14b,staged,55,0.0,1.0,1,0,1.0,0.0,0.0,15.34492359997239,2,2,multi_gold,arc,0.0,0.0,0.0,0.0,0.0,0.0,0.0,0.0,0.0,0.0,0.0,0.0,0.0,0.0,0.0,0.0,0.0,0.0,0.0,0.0,0.0,0.0,0.0,0.0,0.0,0.0,1.0,1.0,0.5,0.0,1.0,0.7,1.0,1.0,0.5,0.0,1.0,0.7,0.38291336052022606
nvbench2:test:253,253,qwen3:14b,staged,55,0.0,1.0,1,0,1.0,0.0,0.0,12.49230009992607,4,4,multi_gold,arc,0.0,0.0,0.0,0.0,0.0,0.0,0.0,0.0,0.0,0.0,0.0,0.0,0.0,0.0,0.0,0.0,0.0,0.0,0.0,0.0,0.0,0.0,0.0,0.0,0.0,0.0,1.0,1.0,0.5,0.0,1.0,0.7,1.0,1.0,0.5,0.0,1.0,0.7,0.2437942121994015
nvbench2:test:254,254,qwen3:14b,staged,55,0.0,1.0,1,1,1.0,1.0,1.0,12.546422999934293,2,2,multi_gold,point,0.0,0.0,0.0,0.0,0.0,0.0,0.0,0.0,0.0,0.0,0.0,0.0,0.0,0.0,0.0,0.0,0.0,0.0,0.0,0.0,0.0,0.0,0.0,0.0,0.0,0.0,1.0,0.5714285714285715,0.28571428571428575,0.0,1.0,0.5714285714285714,1.0,0.5714285714285715,0.28571428571428575,0.0,1.0,0.5714285714285714,0.2979860340843644
nvbench2:test:255,255,qwen3:14b,staged,55,0.0,1.0,1,1,1.0,1.0,1.0,11.911083000013605,2,2,multi_gold,rect,0.0,0.0,0.0,0.0,0.0,0.0,0.0,0.0,0.0,0.0,0.0,0.0,0.0,0.0,0.0,0.0,0.0,0.0,0.0,0.0,0.0,0.0,0.0,0.0,0.0,0.0,1.0,1.0,0.3333333333333333,1.0,1.0,0.8666666666666666,1.0,1.0,0.3333333333333333,1.0,1.0,0.8666666666666666,0.5048929761157583
nvbench2:test:256,256,qwen3:14b,staged,55,0.0,1.0,1,1,1.0,1.0,1.0,15.066909400047734,4,4,multi_gold,boxplot,0.0,0.0,0.0,0.0,0.0,0.0,0.0,0.0,0.0,0.0,0.0,0.0,0.0,0.0,0.0,0.0,0.0,0.0,0.0,0.0,0.0,0.0,0.0,0.0,0.0,0.0,1.0,1.0,0.0,0.0,1.0,0.6,1.0,1.0,0.0,0.0,1.0,0.6,0.2013254590160842
nvbench2:test:257,257,qwen3:14b,staged,55,0.0,1.0,4,3,1.0,1.0,0.0,14.38296249997802,2,2,multi_gold,boxplot,0.5,0.0,0.0,0.0,0.0,1.0,1.0,0.6666666666666666,0.8,1.0,1.0,0.5,0.6666666666666666,1.0,1.0,0.5,1.0,0.6666666666666666,1.0,1.0,0.6666666666666666,0.8,1.0,1.0,0.6666666666666666,0.8,1.0,0.6666666666666666,0.6666666666666666,1.0,1.0,0.8666666666666666,1.0,1.0,1.0,1.0,1.0,1.0,1.4270197979072639
nvbench2:test:258,258,qwen3:14b,staged,55,0.0,1.0,2,2,1.0,1.0,1.0,15.34146840008907,2,2,multi_gold,boxplot,0.0,0.0,0.0,0.0,0.0,0.0,0.0,0.0,0.0,0.0,0.0,0.0,0.0,0.0,0.0,0.0,0.0,0.0,0.0,0.0,0.0,0.0,0.0,0.0,0.0,0.0,1.0,1.0,1.0,0.0,1.0,0.8,1.0,1.0,1.0,0.0,1.0,0.8,0.7411011265922482
nvbench2:test:259,259,qwen3:14b,staged,55,0.0,1.0,5,0,1.0,0.0,0.0,24.822855899925344,4,4,multi_gold,rect,0.0,0.0,0.0,0.0,0.0,0.0,0.0,0.0,0.0,0.0,0.0,0.0,0.0,0.0,0.0,0.0,0.0,0.0,0.0,0.0,0.0,0.0,0.0,0.0,0.0,0.0,1.0,1.0,0.6666666666666666,0.5,1.0,0.8333333333333334,1.0,1.0,0.6666666666666666,0.5,1.0,0.8333333333333334,0.8863361214580266
nvbench2:test:260,260,qwen3:14b,staged,55,0.0,1.0,1,0,1.0,0.0,0.0,11.764528900035657,3,3,multi_gold,line,0.0,0.0,0.0,0.0,0.0,0.0,0.0,0.0,0.0,0.0,0.0,0.0,0.0,0.0,0.0,0.0,0.0,0.0,0.0,0.0,0.0,0.0,0.0,0.0,0.0,0.0,1.0,1.0,1.0,0.0,1.0,0.8,1.0,1.0,1.0,0.0,1.0,0.8,0.3477829925412398
nvbench2:test:261,261,qwen3:14b,staged,55,0.0,1.0,3,0,1.0,0.0,0.0,20.13629569998011,5,5,multi_gold,rect,0.0,0.0,0.0,0.0,0.0,0.0,0.0,0.0,0.0,0.0,0.0,0.0,0.0,0.0,0.0,0.0,0.0,0.0,0.0,0.0,0.0,0.0,0.0,0.0,0.0,0.0,1.0,1.0,1.0,1.0,0.0,0.8,1.0,1.0,1.0,1.0,0.0,0.8,0.5222801849437492
nvbench2:test:262,262,qwen3:14b,staged,55,0.0,1.0,1,0,1.0,0.0,0.0,13.710465800017118,3,3,multi_gold,arc,0.0,0.0,0.0,0.0,0.0,0.0,0.0,0.0,0.0,0.0,0.0,0.0,0.0,0.0,0.0,0.0,0.0,0.0,0.0,0.0,0.0,0.0,0.0,0.0,0.0,0.0,1.0,1.0,0.5,1.0,0.0,0.7,1.0,1.0,0.5,1.0,0.0,0.7,0.29306681351921393
nvbench2:test:263,263,qwen3:14b,staged,55,0.0,1.0,1,0,1.0,0.0,0.0,10.87508260004688,5,5,multi_gold,boxplot,0.0,0.0,0.0,0.0,0.0,0.0,0.0,0.0,0.0,0.0,0.0,0.0,0.0,0.0,0.0,0.0,0.0,0.0,0.0,0.0,0.0,0.0,0.0,0.0,0.0,0.0,1.0,0.6666666666666666,0.6666666666666666,1.0,1.0,0.8666666666666666,1.0,0.6666666666666666,0.6666666666666666,1.0,1.0,0.8666666666666666,0.2792797674703377
nvbench2:test:264,264,qwen3:14b,staged,55,0.0,1.0,1,1,1.0,1.0,1.0,13.100568699999712,3,3,multi_gold,arc,0.0,0.0,0.0,0.0,0.0,0.0,0.0,0.0,0.0,0.0,0.0,0.0,0.0,0.0,0.0,0.0,0.0,0.0,0.0,0.0,0.0,0.0,0.0,0.0,0.0,0.0,0.0,0.0,0.0,0.0,1.0,0.2,0.0,0.0,0.0,0.0,1.0,0.2,0.06978097459468821
nvbench2:test:265,265,qwen3:14b,staged,55,0.0,1.0,1,0,1.0,0.0,0.0,11.07197500008624,3,3,multi_gold,arc,0.0,0.0,0.0,0.0,0.0,0.0,0.0,0.0,0.0,0.0,0.0,0.0,0.0,0.0,0.0,0.0,0.0,0.0,0.0,0.0,0.0,0.0,0.0,0.0,0.0,0.0,1.0,1.0,0.5,1.0,1.0,0.9,1.0,1.0,0.5,1.0,1.0,0.9,0.40642634118843207
nvbench2:test:266,266,qwen3:14b,staged,55,0.0,1.0,1,0,1.0,0.0,0.0,11.87726300000213,2,2,multi_gold,bar,0.0,0.0,0.0,0.0,0.0,0.0,0.0,0.0,0.0,0.0,0.0,0.0,0.0,0.0,0.0,0.0,0.0,0.0,0.0,0.0,0.0,0.0,0.0,0.0,0.0,0.0,1.0,0.8,0.4,1.0,1.0,0.8400000000000001,1.0,0.8,0.4,1.0,1.0,0.8400000000000001,0.4844170266229248
nvbench2:test:267,267,qwen3:14b,staged,55,0.0,1.0,3,3,1.0,1.0,1.0,22.589280999964103,5,5,multi_gold,rect,0.0,0.0,0.0,0.0,0.0,0.0,0.0,0.0,0.0,0.0,0.0,0.0,0.0,0.0,0.0,0.0,0.0,0.0,0.0,0.0,0.0,0.0,0.0,0.0,0.0,0.0,1.0,1.0,0.3333333333333333,1.0,1.0,0.8666666666666666,1.0,1.0,0.3333333333333333,1.0,1.0,0.8666666666666666,0.38400645493749397
nvbench2:test:268,268,qwen3:14b,staged,55,0.0,1.0,1,1,1.0,1.0,1.0,15.104205199982971,5,5,multi_gold,rect,0.0,0.0,0.0,0.0,0.0,0.0,0.0,0.0,0.0,0.0,0.0,0.0,0.0,0.0,0.0,0.0,0.0,0.0,0.0,0.0,0.0,0.0,0.0,0.0,0.0,0.0,1.0,1.0,0.6666666666666666,1.0,1.0,0.9333333333333333,1.0,1.0,0.6666666666666666,1.0,1.0,0.9333333333333333,0.3085283434984754
nvbench2:test:269,269,qwen3:14b,staged,55,0.0,1.0,1,0,1.0,0.0,0.0,9.998573799966834,5,5,multi_gold,boxplot,0.0,0.0,0.0,0.0,0.0,0.0,0.0,0.0,0.0,0.0,0.0,0.0,0.0,0.0,0.0,0.0,0.0,0.0,0.0,0.0,0.0,0.0,0.0,0.0,0.0,0.0,1.0,0.6666666666666666,0.6666666666666666,1.0,1.0,0.8666666666666666,1.0,0.6666666666666666,0.6666666666666666,1.0,1.0,0.8666666666666666,0.2792797674703377
nvbench2:test:270,270,qwen3:14b,staged,55,0.0,1.0,1,0,1.0,0.0,0.0,15.553098100004718,5,5,multi_gold,bar,0.0,0.0,0.0,0.0,0.0,0.0,0.0,0.0,0.0,0.0,0.0,0.0,0.0,0.0,0.0,0.0,0.0,0.0,0.0,0.0,0.0,0.0,0.0,0.0,0.0,0.0,1.0,0.8,0.4,1.0,1.0,0.8400000000000001,1.0,0.8,0.4,1.0,1.0,0.8400000000000001,0.2679535682883118
nvbench2:test:271,271,qwen3:14b,staged,55,0.0,1.0,1,1,1.0,1.0,1.0,14.442290600039996,4,4,multi_gold,arc,0.0,0.0,0.0,0.0,0.0,0.0,0.0,0.0,0.0,0.0,0.0,0.0,0.0,0.0,0.0,0.0,0.0,0.0,0.0,0.0,0.0,0.0,0.0,0.0,0.0,0.0,1.0,1.0,0.5,0.6666666666666666,1.0,0.8333333333333334,1.0,1.0,0.5,0.6666666666666666,1.0,0.8333333333333334,0.3051981222589482
nvbench2:test:272,272,qwen3:14b,staged,55,0.0,1.0,1,1,1.0,1.0,1.0,12.337293299962766,3,3,multi_gold,line,0.0,0.0,0.0,0.0,0.0,0.0,0.0,0.0,0.0,0.0,0.0,0.0,0.0,0.0,0.0,0.0,0.0,0.0,0.0,0.0,0.0,0.0,0.0,0.0,0.0,0.0,1.0,1.0,0.5,0.0,1.0,0.7,1.0,1.0,0.5,0.0,1.0,0.7,0.29306681351921393
nvbench2:test:273,273,qwen3:14b,staged,55,0.0,1.0,1,1,1.0,1.0,1.0,11.83658010000363,4,4,multi_gold,bar,0.0,0.0,0.0,0.0,0.0,0.0,0.0,0.0,0.0,0.0,0.0,0.0,0.0,0.0,0.0,0.0,0.0,0.0,0.0,0.0,0.0,0.0,0.0,0.0,0.0,0.0,1.0,1.0,1.0,1.0,0.0,0.8,1.0,1.0,1.0,1.0,0.0,0.8,0.28931109484828477
nvbench2:test:274,274,qwen3:14b,staged,55,0.0,1.0,2,2,1.0,1.0,1.0,15.538905299967155,2,2,multi_gold,bar,0.0,0.0,0.0,0.0,0.0,0.0,0.0,0.0,0.0,0.0,0.0,0.0,0.0,0.0,0.0,0.0,0.0,0.0,0.0,0.0,0.0,0.0,0.0,0.0,0.0,0.0,1.0,0.8,0.4,0.0,0.0,0.44000000000000006,1.0,0.8,0.4,0.0,0.0,0.44000000000000006,0.28866846146541925
nvbench2:test:275,275,qwen3:14b,staged,55,0.0,1.0,1,0,1.0,0.0,0.0,13.05946280003991,2,2,multi_gold,rect,0.0,0.0,0.0,0.0,0.0,0.0,0.0,0.0,0.0,0.0,0.0,0.0,0.0,0.0,0.0,0.0,0.0,0.0,0.0,0.0,0.0,0.0,0.0,0.0,0.0,0.0,1.0,1.0,0.6666666666666666,1.0,0.0,0.7333333333333333,1.0,1.0,0.6666666666666666,1.0,0.0,0.7333333333333333,0.40619517231497354
nvbench2:test:276,276,qwen3:14b,staged,55,0.0,1.0,1,0,1.0,0.0,0.0,12.224076500046067,3,3,multi_gold,line,0.0,0.0,0.0,0.0,0.0,0.0,0.0,0.0,0.0,0.0,0.0,0.0,0.0,0.0,0.0,0.0,0.0,0.0,0.0,0.0,0.0,0.0,0.0,0.0,0.0,0.0,1.0,1.0,0.5,1.0,1.0,0.9,1.0,1.0,0.5,1.0,1.0,0.9,0.40642634118843207
nvbench2:test:277,277,qwen3:14b,staged,55,0.0,1.0,2,2,1.0,1.0,1.0,15.691469099954702,4,4,multi_gold,line,0.0,0.0,0.0,0.0,0.0,0.0,0.0,0.0,0.0,0.0,0.0,0.0,0.0,0.0,0.0,0.0,0.0,0.0,0.0,0.0,0.0,0.0,0.0,0.0,0.0,0.0,0.0,1.0,1.0,1.0,0.0,0.6,0.0,1.0,1.0,1.0,0.0,0.6,0.32834768126076275
nvbench2:test:278,278,qwen3:14b,staged,55,0.0,1.0,1,0,1.0,0.0,0.0,14.940237900009379,2,2,multi_gold,rect,0.0,0.0,0.0,0.0,0.0,0.0,0.0,0.0,0.0,0.0,0.0,0.0,0.0,0.0,0.0,0.0,0.0,0.0,0.0,0.0,0.0,0.0,0.0,0.0,0.0,0.0,1.0,1.0,0.6666666666666666,1.0,0.0,0.7333333333333333,1.0,1.0,0.6666666666666666,1.0,0.0,0.7333333333333333,0.40619517231497354
nvbench2:test:279,279,qwen3:14b,staged,55,0.0,1.0,1,1,1.0,1.0,1.0,13.31050130003132,2,2,multi_gold,line,0.0,0.0,0.0,0.0,0.0,0.0,0.0,0.0,0.0,0.0,0.0,0.0,0.0,0.0,0.0,0.0,0.0,0.0,0.0,0.0,0.0,0.0,0.0,0.0,0.0,0.0,1.0,1.0,1.0,0.6666666666666666,1.0,0.9333333333333333,1.0,1.0,1.0,0.6666666666666666,1.0,0.9333333333333333,0.5577697051812209
nvbench2:test:280,280,qwen3:14b,staged,55,0.0,1.0,2,0,1.0,0.0,0.0,15.006138099939562,2,2,multi_gold,line,0.0,0.0,0.0,0.0,0.0,0.0,0.0,0.0,0.0,0.0,0.0,0.0,0.0,0.0,0.0,0.0,0.0,0.0,0.0,0.0,0.0,0.0,0.0,0.0,0.0,0.0,0.0,1.0,0.5,1.0,1.0,0.7,1.0,1.0,0.5,1.0,1.0,0.9,0.7179534173225969
nvbench2:test:281,281,qwen3:14b,staged,55,0.0,1.0,2,1,1.0,1.0,0.0,15.984643299947493,3,3,multi_gold,boxplot,0.5,0.0,0.0,0.0,0.0,1.0,0.3333333333333333,0.5,0.4,1.0,0.3333333333333333,0.5,0.4,1.0,1.0,0.3333333333333333,1.0,0.5,1.0,0.3333333333333333,1.0,0.5,1.0,0.3333333333333333,1.0,0.5,0.0,1.0,1.0,0.0,1.0,0.6,1.0,1.0,1.0,1.0,1.0,1.0,0.538096724286695
nvbench2:test:282,282,qwen3:14b,staged,55,0.0,1.0,1,1,1.0,1.0,1.0,13.706124700023793,3,3,multi_gold,boxplot,0.0,0.0,0.0,0.0,0.0,0.0,0.0,0.0,0.0,0.0,0.0,0.0,0.0,0.0,0.0,0.0,0.0,0.0,0.0,0.0,0.0,0.0,0.0,0.0,0.0,0.0,1.0,1.0,1.0,0.0,1.0,0.8,1.0,1.0,1.0,0.0,1.0,0.8,0.3477829925412398
nvbench2:test:283,283,qwen3:14b,staged,55,0.0,1.0,3,2,1.0,1.0,0.0,16.482306199963205,2,2,multi_gold,boxplot,0.0,0.0,0.0,0.0,0.0,0.0,0.0,0.0,0.0,0.0,0.0,0.0,0.0,0.0,0.0,0.0,0.0,0.0,0.0,0.0,0.0,0.0,0.0,0.0,0.0,0.0,1.0,0.6666666666666666,0.6666666666666666,0.0,1.0,0.6666666666666666,1.0,1.0,1.0,0.0,1.0,0.8,0.8289567758967014
nvbench2:test:284,284,qwen3:14b,staged,55,0.0,1.0,2,0,1.0,0.0,0.0,19.01072430005297,2,2,multi_gold,bar,0.0,0.0,0.0,0.0,0.0,0.0,0.0,0.0,0.0,0.0,0.0,0.0,0.0,0.0,0.0,0.0,0.0,0.0,0.0,0.0,0.0,0.0,0.0,0.0,0.0,0.0,1.0,0.8,0.4,1.0,0.0,0.64,1.0,0.8,0.4,1.0,0.0,0.64,0.4900820264113321
nvbench2:test:285,285,qwen3:14b,staged,55,0.0,1.0,2,1,1.0,1.0,0.0,13.063663100008853,2,2,multi_gold,point,0.0,0.0,0.0,0.0,0.0,0.0,0.0,0.0,0.0,0.0,0.0,0.0,0.0,0.0,0.0,0.0,0.0,0.0,0.0,0.0,0.0,0.0,0.0,0.0,0.0,0.0,0.0,0.6666666666666666,0.3333333333333333,0.0,1.0,0.4,0.0,0.6666666666666666,0.3333333333333333,0.0,1.0,0.4,0.31950791077289425
nvbench2:test:286,286,qwen3:14b,staged,55,0.0,1.0,1,1,1.0,1.0,1.0,11.87865630001761,2,2,multi_gold,arc,0.0,0.0,0.0,0.0,0.0,0.0,0.0,0.0,0.0,0.0,0.0,0.0,0.0,0.0,0.0,0.0,0.0,0.0,0.0,0.0,0.0,0.0,0.0,0.0,0.0,0.0,1.0,1.0,1.0,0.6666666666666666,1.0,0.9333333333333333,1.0,1.0,1.0,0.6666666666666666,1.0,0.9333333333333333,0.5577697051812209
nvbench2:test:287,287,qwen3:14b,staged,55,0.0,1.0,3,3,1.0,1.0,1.0,18.696757500059903,3,3,multi_gold,point,0.0,0.0,0.0,0.0,0.0,0.0,0.0,0.0,0.0,0.0,0.0,0.0,0.0,0.0,0.0,0.0,0.0,0.0,0.0,0.0,0.0,0.0,0.0,0.0,0.0,0.0,0.0,0.8,0.0,0.0,1.0,0.36,1.0,0.8,0.0,0.0,1.0,0.5599999999999999,0.32820525253890515
nvbench2:test:288,288,qwen3:14b,staged,55,0.0,1.0,1,1,1.0,1.0,1.0,12.78867620008532,3,3,multi_gold,point,0.0,0.0,0.0,0.0,0.0,0.0,0.0,0.0,0.0,0.0,0.0,0.0,0.0,0.0,0.0,0.0,0.0,0.0,0.0,0.0,0.0,0.0,0.0,0.0,0.0,0.0,1.0,0.8,0.0,0.0,1.0,0.5599999999999999,1.0,0.8,0.0,0.0,1.0,0.5599999999999999,0.2225644540821778
nvbench2:test:289,289,qwen3:14b,staged,55,0.0,1.0,1,0,1.0,0.0,0.0,12.17933549999725,4,4,multi_gold,arc,0.0,0.0,0.0,0.0,0.0,0.0,0.0,0.0,0.0,0.0,0.0,0.0,0.0,0.0,0.0,0.0,0.0,0.0,0.0,0.0,0.0,0.0,0.0,0.0,0.0,0.0,1.0,1.0,0.5,0.0,1.0,0.7,1.0,1.0,0.5,0.0,1.0,0.7,0.2437942121994015
nvbench2:test:290,290,qwen3:14b,staged,55,0.0,1.0,1,1,1.0,1.0,1.0,16.98949820001144,2,2,multi_gold,arc,0.0,0.0,0.0,0.0,0.0,0.0,0.0,0.0,0.0,0.0,0.0,0.0,0.0,0.0,0.0,0.0,0.0,0.0,0.0,0.0,0.0,0.0,0.0,0.0,0.0,0.0,1.0,1.0,0.5,0.6666666666666666,0.0,0.6333333333333333,1.0,1.0,0.5,0.6666666666666666,0.0,0.6333333333333333,0.33793286352574153
nvbench2:test:291,291,qwen3:14b,staged,55,0.0,1.0,1,0,1.0,0.0,0.0,13.660753999953158,2,2,multi_gold,arc,0.0,0.0,0.0,0.0,0.0,0.0,0.0,0.0,0.0,0.0,0.0,0.0,0.0,0.0,0.0,0.0,0.0,0.0,0.0,0.0,0.0,0.0,0.0,0.0,0.0,0.0,1.0,1.0,0.5,1.0,1.0,0.9,1.0,1.0,0.5,1.0,1.0,0.9,0.5310259262712439
nvbench2:test:292,292,qwen3:14b,staged,55,0.0,1.0,1,1,1.0,1.0,1.0,17.61032300000079,2,2,multi_gold,arc,0.0,0.0,0.0,0.0,0.0,0.0,0.0,0.0,0.0,0.0,0.0,0.0,0.0,0.0,0.0,0.0,0.0,0.0,0.0,0.0,0.0,0.0,0.0,0.0,0.0,0.0,1.0,1.0,0.0,0.0,1.0,0.6,1.0,1.0,0.0,0.0,1.0,0.6,0.3162101650184913
nvbench2:test:293,293,qwen3:14b,staged,55,0.0,1.0,1,0,1.0,0.0,0.0,15.678712900029495,2,2,multi_gold,arc,0.0,0.0,0.0,0.0,0.0,0.0,0.0,0.0,0.0,0.0,0.0,0.0,0.0,0.0,0.0,0.0,0.0,0.0,0.0,0.0,0.0,0.0,0.0,0.0,0.0,0.0,1.0,1.0,0.5,1.0,1.0,0.9,1.0,1.0,0.5,1.0,1.0,0.9,0.5310259262712439
nvbench2:test:294,294,qwen3:14b,staged,55,0.0,1.0,1,1,1.0,1.0,1.0,14.433714400045574,3,3,multi_gold,point,0.0,0.0,0.0,0.0,0.0,0.0,0.0,0.0,0.0,0.0,0.0,0.0,0.0,0.0,0.0,0.0,0.0,0.0,0.0,0.0,0.0,0.0,0.0,0.0,0.0,0.0,0.0,0.8,0.8,0.0,0.0,0.32,0.0,0.8,0.8,0.0,0.0,0.32,0.11653624362108024
nvbench2:test:295,295,qwen3:14b,staged,55,0.0,1.0,3,1,1.0,1.0,0.0,16.09083640004974,4,4,multi_gold,line,0.0,0.0,0.0,0.0,0.0,0.0,0.0,0.0,0.0,0.0,0.0,0.0,0.0,0.0,0.0,0.0,0.0,0.0,0.0,0.0,0.0,0.0,0.0,0.0,0.0,0.0,1.0,1.0,0.5,1.0,1.0,0.9,1.0,1.0,0.5,1.0,1.0,0.9,0.5727622595871602
nvbench2:test:296,296,qwen3:14b,staged,55,0.0,1.0,1,1,1.0,1.0,1.0,11.493860300048254,5,5,multi_gold,bar+line+rect,0.0,0.0,0.0,0.0,0.0,0.0,0.0,0.0,0.0,0.0,0.0,0.0,0.0,0.0,0.0,0.0,0.0,0.0,0.0,0.0,0.0,0.0,0.0,0.0,0.0,0.0,0.0,0.8,0.8,0.0,1.0,0.52,0.0,0.8,0.8,0.0,1.0,0.52,0.14718035099661098
nvbench2:test:297,297,qwen3:14b,staged,55,0.0,1.0,1,0,1.0,0.0,0.0,13.499407600029372,2,2,multi_gold,bar,0.0,0.0,0.0,0.0,0.0,0.0,0.0,0.0,0.0,0.0,0.0,0.0,0.0,0.0,0.0,0.0,0.0,0.0,0.0,0.0,0.0,0.0,0.0,0.0,0.0,0.0,1.0,0.8,0.8,1.0,0.0,0.72,1.0,0.8,0.8,1.0,0.0,0.72,0.39681784768346284
nvbench2:test:298,298,qwen3:14b,staged,55,0.0,1.0,1,1,1.0,1.0,1.0,12.892265099915676,3,3,multi_gold,line,0.0,0.0,0.0,0.0,0.0,0.0,0.0,0.0,0.0,0.0,0.0,0.0,0.0,0.0,0.0,0.0,0.0,0.0,0.0,0.0,0.0,0.0,0.0,0.0,0.0,0.0,1.0,0.8,0.8,1.0,0.0,0.72,1.0,0.8,0.8,1.0,0.0,0.72,0.30370876067146896
nvbench2:test:299,299,qwen3:14b,staged,55,0.0,1.0,1,1,1.0,1.0,1.0,14.268875800073147,2,2,multi_gold,rect,0.0,0.0,0.0,0.0,0.0,0.0,0.0,0.0,0.0,0.0,0.0,0.0,0.0,0.0,0.0,0.0,0.0,0.0,0.0,0.0,0.0,0.0,0.0,0.0,0.0,0.0,1.0,1.0,1.0,0.6666666666666666,1.0,0.9333333333333333,1.0,1.0,1.0,0.6666666666666666,1.0,0.9333333333333333,0.5577697051812209
nvbench2:test:300,300,qwen3:14b,staged,55,0.0,1.0,1,1,1.0,1.0,1.0,11.59101610002108,2,2,multi_gold,line,0.0,0.0,0.0,0.0,0.0,0.0,0.0,0.0,0.0,0.0,0.0,0.0,0.0,0.0,0.0,0.0,0.0,0.0,0.0,0.0,0.0,0.0,0.0,0.0,0.0,0.0,1.0,0.8,0.8,1.0,1.0,0.9199999999999999,1.0,0.8,0.8,1.0,1.0,0.9199999999999999,0.5469979878027313
nvbench2:test:301,301,qwen3:14b,staged,55,0.0,1.0,1,1,1.0,1.0,1.0,14.37333920004312,2,2,multi_gold,rect,0.0,0.0,0.0,0.0,0.0,0.0,0.0,0.0,0.0,0.0,0.0,0.0,0.0,0.0,0.0,0.0,0.0,0.0,0.0,0.0,0.0,0.0,0.0,0.0,0.0,0.0,1.0,1.0,0.6666666666666666,1.0,0.0,0.7333333333333333,1.0,1.0,0.6666666666666666,1.0,0.0,0.7333333333333333,0.40619517231497354
nvbench2:test:302,302,qwen3:14b,staged,55,0.0,1.0,2,2,1.0,1.0,1.0,13.359025800018571,2,2,multi_gold,line,1.0,1.0,0.5,1.0,0.6666666666666666,1.0,0.5,0.5,0.5,1.0,0.5,0.5,0.5,1.0,1.0,0.5,1.0,0.6666666666666666,1.0,0.5,0.5,0.5,1.0,0.5,0.5,0.5,1.0,1.0,1.0,1.0,1.0,1.0,1.0,1.0,1.0,1.0,1.0,1.0,0.9481872495678293
nvbench2:test:303,303,qwen3:14b,staged,55,0.0,1.0,2,2,1.0,1.0,1.0,15.094575499999337,2,2,multi_gold,boxplot,0.0,0.0,0.0,0.0,0.0,0.0,0.0,0.0,0.0,0.0,0.0,0.0,0.0,0.0,0.0,0.0,0.0,0.0,0.0,0.0,0.0,0.0,0.0,0.0,0.0,0.0,1.0,1.0,1.0,0.0,1.0,0.8,1.0,1.0,1.0,0.0,1.0,0.8,0.7411011265922482
nvbench2:test:304,304,qwen3:14b,staged,55,0.0,1.0,1,0,1.0,0.0,0.0,11.428639300051145,2,2,multi_gold,arc,0.0,0.0,0.0,0.0,0.0,0.0,0.0,0.0,0.0,0.0,0.0,0.0,0.0,0.0,0.0,0.0,0.0,0.0,0.0,0.0,0.0,0.0,0.0,0.0,0.0,0.0,1.0,1.0,0.0,1.0,1.0,0.8,1.0,1.0,0.0,1.0,1.0,0.8,0.4544040753253556
nvbench2:test:305,305,qwen3:14b,staged,55,0.0,1.0,1,1,1.0,1.0,1.0,11.782238799962215,3,3,multi_gold,line,1.0,1.0,0.3333333333333333,1.0,0.5,1.0,0.3333333333333333,1.0,0.5,1.0,0.3333333333333333,1.0,0.5,1.0,1.0,0.3333333333333333,1.0,0.5,1.0,0.3333333333333333,1.0,0.5,1.0,0.3333333333333333,1.0,0.5,1.0,1.0,1.0,1.0,1.0,1.0,1.0,1.0,1.0,1.0,1.0,1.0,0.46927872602275644
nvbench2:test:306,306,qwen3:14b,staged,55,0.0,1.0,1,1,1.0,1.0,1.0,11.995462200022303,3,3,multi_gold,line,0.0,0.0,0.0,0.0,0.0,0.0,0.0,0.0,0.0,0.0,0.0,0.0,0.0,0.0,0.0,0.0,0.0,0.0,0.0,0.0,0.0,0.0,0.0,0.0,0.0,0.0,1.0,1.0,0.0,1.0,1.0,0.8,1.0,1.0,0.0,1.0,1.0,0.8,0.3477829925412398
nvbench2:test:307,307,qwen3:14b,staged,55,0.0,1.0,2,2,1.0,1.0,1.0,12.27780859998893,4,4,multi_gold,point,0.0,0.0,0.0,0.0,0.0,0.0,0.0,0.0,0.0,0.0,0.0,0.0,0.0,0.0,0.0,0.0,0.0,0.0,0.0,0.0,0.0,0.0,0.0,0.0,0.0,0.0,0.0,0.8,0.4,0.0,1.0,0.44000000000000006,0.0,0.8,0.4,0.0,1.0,0.44000000000000006,0.22704371286206507
nvbench2:test:308,308,qwen3:14b,staged,55,0.0,1.0,1,1,1.0,1.0,1.0,11.19253340002615,4,4,multi_gold,boxplot,0.0,0.0,0.0,0.0,0.0,0.0,0.0,0.0,0.0,0.0,0.0,0.0,0.0,0.0,0.0,0.0,0.0,0.0,0.0,0.0,0.0,0.0,0.0,0.0,0.0,0.0,1.0,1.0,0.5,0.0,1.0,0.7,1.0,1.0,0.5,0.0,1.0,0.7,0.2437942121994015
nvbench2:test:309,309,qwen3:14b,staged,55,0.0,1.0,1,1,1.0,1.0,1.0,15.534369799890555,4,4,multi_gold,line,0.0,0.0,0.0,0.0,0.0,0.0,0.0,0.0,0.0,0.0,0.0,0.0,0.0,0.0,0.0,0.0,0.0,0.0,0.0,0.0,0.0,0.0,0.0,0.0,0.0,0.0,1.0,1.0,0.5,0.0,0.6666666666666666,0.6333333333333333,1.0,1.0,0.5,0.0,0.6666666666666666,0.6333333333333333,0.2151559196775383
nvbench2:test:310,310,qwen3:14b,staged,55,0.0,1.0,2,1,1.0,1.0,0.0,15.617647600010969,4,4,multi_gold,boxplot,0.0,0.0,0.0,0.0,0.0,0.0,0.0,0.0,0.0,0.0,0.0,0.0,0.0,0.0,0.0,0.0,0.0,0.0,0.0,0.0,0.0,0.0,0.0,0.0,0.0,0.0,0.0,1.0,0.0,0.0,1.0,0.4,1.0,0.6666666666666666,0.0,1.0,1.0,0.7333333333333333,0.2878988843032393
nvbench2:test:311,311,qwen3:14b,staged,55,0.0,1.0,1,0,1.0,0.0,0.0,10.984078200068325,2,2,multi_gold,arc,0.0,0.0,0.0,0.0,0.0,0.0,0.0,0.0,0.0,0.0,0.0,0.0,0.0,0.0,0.0,0.0,0.0,0.0,0.0,0.0,0.0,0.0,0.0,0.0,0.0,0.0,1.0,1.0,0.5,0.0,1.0,0.7,1.0,1.0,0.5,0.0,1.0,0.7,0.38291336052022606
nvbench2:test:312,312,qwen3:14b,staged,55,0.0,1.0,1,0,1.0,0.0,0.0,12.934279100038111,2,2,multi_gold,line,0.0,0.0,0.0,0.0,0.0,0.0,0.0,0.0,0.0,0.0,0.0,0.0,0.0,0.0,0.0,0.0,0.0,0.0,0.0,0.0,0.0,0.0,0.0,0.0,0.0,0.0,1.0,1.0,1.0,0.0,1.0,0.8,1.0,1.0,1.0,0.0,1.0,0.8,0.4544040753253556
nvbench2:test:313,313,qwen3:14b,staged,55,0.0,1.0,1,0,1.0,0.0,0.0,14.920670899911784,2,2,multi_gold,arc,0.0,0.0,0.0,0.0,0.0,0.0,0.0,0.0,0.0,0.0,0.0,0.0,0.0,0.0,0.0,0.0,0.0,0.0,0.0,0.0,0.0,0.0,0.0,0.0,0.0,0.0,1.0,1.0,0.5,0.0,0.0,0.5,1.0,1.0,0.5,0.0,0.0,0.5,0.2539738829744434
nvbench2:test:314,314,qwen3:14b,staged,55,0.0,1.0,1,1,1.0,1.0,1.0,12.667187199927866,2,2,multi_gold,line,0.0,0.0,0.0,0.0,0.0,0.0,0.0,0.0,0.0,0.0,0.0,0.0,0.0,0.0,0.0,0.0,0.0,0.0,0.0,0.0,0.0,0.0,0.0,0.0,0.0,0.0,1.0,1.0,1.0,0.6666666666666666,1.0,0.9333333333333333,1.0,1.0,1.0,0.6666666666666666,1.0,0.9333333333333333,0.5577697051812209
nvbench2:test:315,315,qwen3:14b,staged,55,0.0,1.0,1,0,1.0,0.0,0.0,11.30519290000666,2,2,multi_gold,arc,0.0,0.0,0.0,0.0,0.0,0.0,0.0,0.0,0.0,0.0,0.0,0.0,0.0,0.0,0.0,0.0,0.0,0.0,0.0,0.0,0.0,0.0,0.0,0.0,0.0,0.0,1.0,1.0,0.5,0.0,1.0,0.7,1.0,1.0,0.5,0.0,1.0,0.7,0.38291336052022606
nvbench2:test:316,316,qwen3:14b,staged,55,0.0,1.0,1,1,1.0,1.0,1.0,12.823772800038569,2,2,multi_gold,point,0.0,0.0,0.0,0.0,0.0,0.0,0.0,0.0,0.0,0.0,0.0,0.0,0.0,0.0,0.0,0.0,0.0,0.0,0.0,0.0,0.0,0.0,0.0,0.0,0.0,0.0,1.0,0.6666666666666666,0.0,0.0,1.0,0.5333333333333333,1.0,0.6666666666666666,0.0,0.0,1.0,0.5333333333333333,0.27424187734691513
nvbench2:test:317,317,qwen3:14b,staged,55,0.0,1.0,1,1,1.0,1.0,1.0,11.358345499960706,2,2,multi_gold,arc,0.0,0.0,0.0,0.0,0.0,0.0,0.0,0.0,0.0,0.0,0.0,0.0,0.0,0.0,0.0,0.0,0.0,0.0,0.0,0.0,0.0,0.0,0.0,0.0,0.0,0.0,1.0,1.0,0.0,0.0,1.0,0.6,1.0,1.0,0.0,0.0,1.0,0.6,0.3162101650184913
nvbench2:test:318,318,qwen3:14b,staged,55,0.0,1.0,3,0,1.0,0.0,0.0,19.734376999898814,4,4,multi_gold,boxplot,0.0,0.0,0.0,0.0,0.0,0.0,0.0,0.0,0.0,0.0,0.0,0.0,0.0,0.0,0.0,0.0,0.0,0.0,0.0,0.0,0.0,0.0,0.0,0.0,0.0,0.0,1.0,1.0,1.0,1.0,0.0,0.8,1.0,1.0,1.0,1.0,0.0,0.8,0.616501620050544
nvbench2:test:319,319,qwen3:14b,staged,55,0.0,1.0,1,1,1.0,1.0,1.0,18.002301699947566,2,2,multi_gold,point,0.0,0.0,0.0,0.0,0.0,0.0,0.0,0.0,0.0,0.0,0.0,0.0,0.0,0.0,0.0,0.0,0.0,0.0,0.0,0.0,0.0,0.0,0.0,0.0,0.0,0.0,1.0,0.8571428571428571,0.28571428571428575,1.0,0.0,0.6285714285714286,1.0,0.8571428571428571,0.28571428571428575,1.0,0.0,0.6285714285714286,0.3347988079016036
nvbench2:test:320,320,qwen3:14b,staged,55,0.0,1.0,1,0,1.0,0.0,0.0,16.009230899973772,3,3,multi_gold,rect,0.0,0.0,0.0,0.0,0.0,0.0,0.0,0.0,0.0,0.0,0.0,0.0,0.0,0.0,0.0,0.0,0.0,0.0,0.0,0.0,0.0,0.0,0.0,0.0,0.0,0.0,1.0,1.0,0.3333333333333333,0.0,0.0,0.4666666666666667,1.0,1.0,0.3333333333333333,0.0,0.0,0.4666666666666667,0.17922358976295982
nvbench2:test:321,321,qwen3:14b,staged,55,0.0,1.0,1,0,1.0,0.0,0.0,12.960054500028491,4,4,multi_gold,arc,0.0,0.0,0.0,0.0,0.0,0.0,0.0,0.0,0.0,0.0,0.0,0.0,0.0,0.0,0.0,0.0,0.0,0.0,0.0,0.0,0.0,0.0,0.0,0.0,0.0,0.0,1.0,1.0,0.5,0.6666666666666666,1.0,0.8333333333333334,1.0,1.0,0.5,0.6666666666666666,1.0,0.8333333333333334,0.3051981222589482
nvbench2:test:322,322,qwen3:14b,staged,55,0.0,1.0,1,0,1.0,0.0,0.0,15.188455599942245,4,4,multi_gold,arc,0.0,0.0,0.0,0.0,0.0,0.0,0.0,0.0,0.0,0.0,0.0,0.0,0.0,0.0,0.0,0.0,0.0,0.0,0.0,0.0,0.0,0.0,0.0,0.0,0.0,0.0,1.0,1.0,0.5,1.0,1.0,0.9,1.0,1.0,0.5,1.0,1.0,0.9,0.3380948817687364
nvbench2:test:323,323,qwen3:14b,staged,55,0.0,1.0,3,3,1.0,1.0,1.0,13.920151600032113,4,4,multi_gold,arc,1.0,1.0,0.25,1.0,0.4,1.0,0.75,1.0,0.8571428571428571,1.0,0.75,1.0,0.8571428571428571,1.0,1.0,0.25,1.0,0.4,1.0,0.75,1.0,0.8571428571428571,1.0,0.75,1.0,0.8571428571428571,1.0,1.0,1.0,1.0,1.0,1.0,1.0,1.0,1.0,1.0,1.0,1.0,0.8318724637288826
nvbench2:test:324,324,qwen3:14b,staged,55,0.0,1.0,3,0,1.0,0.0,0.0,14.087495999992825,4,4,multi_gold,arc,0.0,0.0,0.0,0.0,0.0,0.0,0.0,0.0,0.0,0.0,0.0,0.0,0.0,0.0,0.0,0.0,0.0,0.0,0.0,0.0,0.0,0.0,0.0,0.0,0.0,0.0,1.0,1.0,0.5,1.0,1.0,0.9,1.0,1.0,0.5,1.0,1.0,0.9,0.7040080633363305
nvbench2:test:325,325,qwen3:14b,staged,55,0.0,1.0,1,1,1.0,1.0,1.0,14.891393000027165,2,2,multi_gold,rect,0.0,0.0,0.0,0.0,0.0,0.0,0.0,0.0,0.0,0.0,0.0,0.0,0.0,0.0,0.0,0.0,0.0,0.0,0.0,0.0,0.0,0.0,0.0,0.0,0.0,0.0,1.0,1.0,0.6666666666666666,0.6666666666666666,0.0,0.6666666666666666,1.0,1.0,0.6666666666666666,0.6666666666666666,0.0,0.6666666666666666,0.36016330604177854
nvbench2:test:326,326,qwen3:14b,staged,55,0.0,1.0,1,0,1.0,0.0,0.0,13.632161999936216,2,2,multi_gold,rect,0.0,0.0,0.0,0.0,0.0,0.0,0.0,0.0,0.0,0.0,0.0,0.0,0.0,0.0,0.0,0.0,0.0,0.0,0.0,0.0,0.0,0.0,0.0,0.0,0.0,0.0,1.0,1.0,0.3333333333333333,0.0,0.0,0.4666666666666667,1.0,1.0,0.3333333333333333,0.0,0.0,0.4666666666666667,0.23416881023321331
nvbench2:test:327,327,qwen3:14b,staged,55,0.0,1.0,1,0,1.0,0.0,0.0,14.270538899931125,2,2,multi_gold,arc,0.0,0.0,0.0,0.0,0.0,0.0,0.0,0.0,0.0,0.0,0.0,0.0,0.0,0.0,0.0,0.0,0.0,0.0,0.0,0.0,0.0,0.0,0.0,0.0,0.0,0.0,1.0,1.0,0.5,0.6666666666666666,0.0,0.6333333333333333,1.0,1.0,0.5,0.6666666666666666,0.0,0.6333333333333333,0.33793286352574153
nvbench2:test:328,328,qwen3:14b,staged,55,0.0,1.0,1,1,1.0,1.0,1.0,10.770367500022985,5,5,multi_gold,line,1.0,1.0,0.2,1.0,0.33333333333333337,1.0,0.2,1.0,0.33333333333333337,1.0,0.2,1.0,0.33333333333333337,1.0,1.0,0.2,1.0,0.33333333333333337,1.0,0.2,1.0,0.33333333333333337,1.0,0.2,1.0,0.33333333333333337,1.0,1.0,1.0,1.0,1.0,1.0,1.0,1.0,1.0,1.0,1.0,1.0,0.3391602052736161
nvbench2:test:329,329,qwen3:14b,staged,55,0.0,1.0,1,0,1.0,0.0,0.0,11.531456899945624,5,5,multi_gold,bar,0.0,0.0,0.0,0.0,0.0,0.0,0.0,0.0,0.0,0.0,0.0,0.0,0.0,0.0,0.0,0.0,0.0,0.0,0.0,0.0,0.0,0.0,0.0,0.0,0.0,0.0,1.0,1.0,0.5,1.0,1.0,0.9,1.0,1.0,0.5,1.0,1.0,0.9,0.29373511659974333
nvbench2:test:330,330,qwen3:14b,staged,55,0.0,1.0,1,0,1.0,0.0,0.0,13.232797599979676,2,2,multi_gold,bar,0.0,0.0,0.0,0.0,0.0,0.0,0.0,0.0,0.0,0.0,0.0,0.0,0.0,0.0,0.0,0.0,0.0,0.0,0.0,0.0,0.0,0.0,0.0,0.0,0.0,0.0,1.0,0.8,0.4,1.0,0.0,0.64,1.0,0.8,0.4,1.0,0.0,0.64,0.34233795667676936
nvbench2:test:331,331,qwen3:14b,staged,55,0.0,1.0,2,0,1.0,0.0,0.0,14.446582399890758,5,5,multi_gold,line,0.0,0.0,0.0,0.0,0.0,0.0,0.0,0.0,0.0,0.0,0.0,0.0,0.0,0.0,0.0,0.0,0.0,0.0,0.0,0.0,0.0,0.0,0.0,0.0,0.0,0.0,1.0,0.8,0.4,1.0,1.0,0.8400000000000001,1.0,1.0,0.5,1.0,1.0,0.9,0.4532797930198712
nvbench2:test:332,332,qwen3:14b,staged,55,0.0,1.0,1,0,1.0,0.0,0.0,13.179965100018308,2,2,multi_gold,rect,0.0,0.0,0.0,0.0,0.0,0.0,0.0,0.0,0.0,0.0,0.0,0.0,0.0,0.0,0.0,0.0,0.0,0.0,0.0,0.0,0.0,0.0,0.0,0.0,0.0,0.0,1.0,1.0,0.3333333333333333,1.0,1.0,0.8666666666666666,1.0,1.0,0.3333333333333333,1.0,1.0,0.8666666666666666,0.5048929761157583
nvbench2:test:333,333,qwen3:14b,staged,55,0.0,1.0,1,1,1.0,1.0,1.0,12.401330400025472,2,2,multi_gold,rect,1.0,1.0,0.5,1.0,0.6666666666666666,1.0,0.5,1.0,0.6666666666666666,1.0,0.5,1.0,0.6666666666666666,1.0,1.0,0.5,1.0,0.6666666666666666,1.0,0.5,1.0,0.6666666666666666,1.0,0.5,1.0,0.6666666666666666,1.0,1.0,1.0,1.0,1.0,1.0,1.0,1.0,1.0,1.0,1.0,1.0,0.6131471927654584
nvbench2:test:334,334,qwen3:14b,staged,55,0.0,1.0,2,2,1.0,1.0,1.0,13.486621599993668,4,4,multi_gold,rect,0.0,0.0,0.0,0.0,0.0,0.0,0.0,0.0,0.0,0.0,0.0,0.0,0.0,0.0,0.0,0.0,0.0,0.0,0.0,0.0,0.0,0.0,0.0,0.0,0.0,0.0,1.0,1.0,0.6666666666666666,1.0,1.0,0.9333333333333333,1.0,1.0,0.6666666666666666,1.0,1.0,0.9333333333333333,0.5791793232296734
nvbench2:test:335,335,qwen3:14b,staged,55,0.0,1.0,1,0,1.0,0.0,0.0,12.391425500041805,4,4,multi_gold,arc,0.0,0.0,0.0,0.0,0.0,0.0,0.0,0.0,0.0,0.0,0.0,0.0,0.0,0.0,0.0,0.0,0.0,0.0,0.0,0.0,0.0,0.0,0.0,0.0,0.0,0.0,1.0,1.0,0.5,0.6666666666666666,1.0,0.8333333333333334,1.0,1.0,0.5,0.6666666666666666,1.0,0.8333333333333334,0.3051981222589482
nvbench2:test:336,336,qwen3:14b,staged,55,0.0,1.0,1,0,1.0,0.0,0.0,12.060112999984995,2,2,multi_gold,bar,0.0,0.0,0.0,0.0,0.0,0.0,0.0,0.0,0.0,0.0,0.0,0.0,0.0,0.0,0.0,0.0,0.0,0.0,0.0,0.0,0.0,0.0,0.0,0.0,0.0,0.0,1.0,0.8,0.4,1.0,1.0,0.8400000000000001,1.0,0.8,0.4,1.0,1.0,0.8400000000000001,0.4844170266229248
nvbench2:test:337,337,qwen3:14b,staged,55,0.0,1.0,1,0,1.0,0.0,0.0,14.627334699966013,4,4,multi_gold,rect,0.0,0.0,0.0,0.0,0.0,0.0,0.0,0.0,0.0,0.0,0.0,0.0,0.0,0.0,0.0,0.0,0.0,0.0,0.0,0.0,0.0,0.0,0.0,0.0,0.0,0.0,1.0,1.0,0.3333333333333333,0.6666666666666666,1.0,0.8,1.0,1.0,0.3333333333333333,0.6666666666666666,1.0,0.8,0.28931109484828477
nvbench2:test:338,338,qwen3:14b,staged,55,0.0,1.0,3,3,1.0,1.0,1.0,15.673349599936046,2,2,multi_gold,rect,0.0,0.0,0.0,0.0,0.0,0.0,0.0,0.0,0.0,0.0,0.0,0.0,0.0,0.0,0.0,0.0,0.0,0.0,0.0,0.0,0.0,0.0,0.0,0.0,0.0,0.0,1.0,1.0,0.6666666666666666,1.0,1.0,0.9333333333333333,1.0,1.0,0.6666666666666666,1.0,1.0,0.9333333333333333,1.1552065587725067
nvbench2:test:339,339,qwen3:14b,staged,55,0.0,1.0,1,1,1.0,1.0,1.0,14.812922400073148,2,2,multi_gold,rect,0.0,0.0,0.0,0.0,0.0,0.0,0.0,0.0,0.0,0.0,0.0,0.0,0.0,0.0,0.0,0.0,0.0,0.0,0.0,0.0,0.0,0.0,0.0,0.0,0.0,0.0,1.0,1.0,0.3333333333333333,0.0,0.0,0.4666666666666667,1.0,1.0,0.3333333333333333,0.0,0.0,0.4666666666666667,0.23416881023321331
nvbench2:test:340,340,qwen3:14b,staged,55,0.0,1.0,2,2,1.0,1.0,1.0,19.329633499961346,2,2,multi_gold,arc,0.0,0.0,0.0,0.0,0.0,0.0,0.0,0.0,0.0,0.0,0.0,0.0,0.0,0.0,0.0,0.0,0.0,0.0,0.0,0.0,0.0,0.0,0.0,0.0,0.0,0.0,1.0,1.0,1.0,1.0,0.0,0.8,1.0,1.0,1.0,1.0,0.0,0.8,0.7411011265922482
nvbench2:test:341,341,qwen3:14b,staged,55,0.0,1.0,3,3,1.0,1.0,1.0,17.630771200056188,5,5,multi_gold,rect,0.0,0.0,0.0,0.0,0.0,0.0,0.0,0.0,0.0,0.0,0.0,0.0,0.0,0.0,0.0,0.0,0.0,0.0,0.0,0.0,0.0,0.0,0.0,0.0,0.0,0.0,1.0,1.0,0.6666666666666666,0.0,1.0,0.7333333333333333,1.0,1.0,0.6666666666666666,0.0,1.0,0.7333333333333333,0.47878885881880295
nvbench2:test:342,342,qwen3:14b,staged,55,0.0,1.0,2,2,1.0,1.0,1.0,14.645493000047281,4,4,multi_gold,bar+line,0.0,0.0,0.0,0.0,0.0,0.0,0.0,0.0,0.0,0.0,0.0,0.0,0.0,0.0,0.0,0.0,0.0,0.0,0.0,0.0,0.0,0.0,0.0,0.0,0.0,0.0,1.0,0.8,0.8,0.0,1.0,0.72,1.0,0.8,0.8,0.0,1.0,0.72,0.4120494360519125
nvbench2:test:343,343,qwen3:14b,staged,55,0.0,1.0,1,0,1.0,0.0,0.0,15.8241978000151,3,3,multi_gold,arc,0.0,0.0,0.0,0.0,0.0,0.0,0.0,0.0,0.0,0.0,0.0,0.0,0.0,0.0,0.0,0.0,0.0,0.0,0.0,0.0,0.0,0.0,0.0,0.0,0.0,0.0,1.0,1.0,0.5,1.0,0.0,0.7,1.0,1.0,0.5,1.0,0.0,0.7,0.29306681351921393
nvbench2:test:344,344,qwen3:14b,staged,55,0.0,1.0,1,1,1.0,1.0,1.0,14.3821529999841,5,5,multi_gold,rect,0.0,0.0,0.0,0.0,0.0,0.0,0.0,0.0,0.0,0.0,0.0,0.0,0.0,0.0,0.0,0.0,0.0,0.0,0.0,0.0,0.0,0.0,0.0,0.0,0.0,0.0,1.0,1.0,0.3333333333333333,0.0,1.0,0.6666666666666667,1.0,1.0,0.3333333333333333,0.0,1.0,0.6666666666666667,0.19922306136347262
nvbench2:test:345,345,qwen3:14b,staged,55,0.0,1.0,1,0,1.0,0.0,0.0,14.250526100047864,3,3,multi_gold,arc,0.0,0.0,0.0,0.0,0.0,0.0,0.0,0.0,0.0,0.0,0.0,0.0,0.0,0.0,0.0,0.0,0.0,0.0,0.0,0.0,0.0,0.0,0.0,0.0,0.0,0.0,1.0,1.0,0.5,1.0,0.0,0.7,1.0,1.0,0.5,1.0,0.0,0.7,0.29306681351921393
nvbench2:test:346,346,qwen3:14b,staged,55,0.0,1.0,3,3,1.0,1.0,1.0,15.817772399983369,4,4,multi_gold,boxplot,0.0,0.0,0.0,0.0,0.0,0.0,0.0,0.0,0.0,0.0,0.0,0.0,0.0,0.0,0.0,0.0,0.0,0.0,0.0,0.0,0.0,0.0,0.0,0.0,0.0,0.0,1.0,1.0,1.0,1.0,1.0,1.0,1.0,1.0,1.0,1.0,1.0,1.0,0.8318724637288826
nvbench2:test:347,347,qwen3:14b,staged,55,0.0,1.0,5,5,1.0,1.0,1.0,21.29717959999107,4,4,multi_gold,bar+line,0.0,0.0,0.0,0.0,0.0,0.0,0.0,0.0,0.0,0.0,0.0,0.0,0.0,0.0,0.0,0.0,0.0,0.0,0.0,0.0,0.0,0.0,0.0,0.0,0.0,0.0,1.0,0.8,0.8,1.0,1.0,0.9199999999999999,1.0,0.8,0.8,1.0,1.0,0.9199999999999999,0.8531002096943878
nvbench2:test:348,348,qwen3:14b,staged,55,0.0,1.0,2,2,1.0,1.0,1.0,13.932890099938959,2,2,multi_gold,boxplot,0.0,0.0,0.0,0.0,0.0,0.0,0.0,0.0,0.0,0.0,0.0,0.0,0.0,0.0,0.0,0.0,0.0,0.0,0.0,0.0,0.0,0.0,0.0,0.0,0.0,0.0,1.0,1.0,1.0,1.0,1.0,1.0,1.0,1.0,1.0,1.0,1.0,1.0,1.0
nvbench2:test:349,349,qwen3:14b,staged,55,0.0,1.0,1,1,1.0,1.0,1.0,12.055887600057758,4,4,multi_gold,arc,0.0,0.0,0.0,0.0,0.0,0.0,0.0,0.0,0.0,0.0,0.0,0.0,0.0,0.0,0.0,0.0,0.0,0.0,0.0,0.0,0.0,0.0,0.0,0.0,0.0,0.0,1.0,1.0,0.5,1.0,1.0,0.9,1.0,1.0,0.5,1.0,1.0,0.9,0.3380948817687364
nvbench2:test:350,350,qwen3:14b,staged,55,0.0,1.0,4,0,1.0,0.0,0.0,17.755432299920358,3,3,multi_gold,arc,0.0,0.0,0.0,0.0,0.0,0.0,0.0,0.0,0.0,0.0,0.0,0.0,0.0,0.0,0.0,0.0,0.0,0.0,0.0,0.0,0.0,0.0,0.0,0.0,0.0,0.0,1.0,1.0,0.5,1.0,1.0,0.9,1.0,1.0,0.5,1.0,1.0,0.9,0.9495264574235661
nvbench2:test:351,351,qwen3:14b,staged,55,0.0,1.0,4,4,1.0,1.0,1.0,20.352431599982083,2,2,multi_gold,boxplot,0.0,0.0,0.0,0.0,0.0,0.0,0.0,0.0,0.0,0.0,0.0,0.0,0.0,0.0,0.0,0.0,0.0,0.0,0.0,0.0,0.0,0.0,0.0,0.0,0.0,0.0,1.0,1.0,1.0,1.0,1.0,1.0,1.0,1.0,1.0,1.0,1.0,1.0,1.442400630877686
nvbench2:test:352,352,qwen3:14b,staged,55,0.0,1.0,2,2,1.0,1.0,1.0,17.383919399930164,2,2,multi_gold,point,0.0,0.0,0.0,0.0,0.0,0.0,0.0,0.0,0.0,0.0,0.0,0.0,0.0,0.0,0.0,0.0,0.0,0.0,0.0,0.0,0.0,0.0,0.0,0.0,0.0,0.0,0.0,0.8,0.0,1.0,0.0,0.36,1.0,0.8,0.0,1.0,0.0,0.5599999999999999,0.3572541715417164
nvbench2:test:353,353,qwen3:14b,staged,55,0.0,1.0,1,1,1.0,1.0,1.0,13.160488300025463,4,4,multi_gold,boxplot,0.0,0.0,0.0,0.0,0.0,0.0,0.0,0.0,0.0,0.0,0.0,0.0,0.0,0.0,0.0,0.0,0.0,0.0,0.0,0.0,0.0,0.0,0.0,0.0,0.0,0.0,1.0,1.0,1.0,0.0,1.0,0.8,1.0,1.0,1.0,0.0,1.0,0.8,0.28931109484828477
nvbench2:test:354,354,qwen3:14b,staged,55,0.0,1.0,5,0,1.0,0.0,0.0,20.273365099914372,2,2,multi_gold,bar,0.0,0.0,0.0,0.0,0.0,0.0,0.0,0.0,0.0,0.0,0.0,0.0,0.0,0.0,0.0,0.0,0.0,0.0,0.0,0.0,0.0,0.0,0.0,0.0,0.0,0.0,1.0,0.8,0.4,1.0,1.0,0.8400000000000001,1.0,1.0,0.3333333333333333,1.0,1.0,0.8666666666666666,1.2853729406214305
nvbench2:test:355,355,qwen3:14b,staged,55,0.0,1.0,2,2,1.0,1.0,1.0,17.434812400024384,4,4,multi_gold,rect,0.0,0.0,0.0,0.0,0.0,0.0,0.0,0.0,0.0,0.0,0.0,0.0,0.0,0.0,0.0,0.0,0.0,0.0,0.0,0.0,0.0,0.0,0.0,0.0,0.0,0.0,1.0,1.0,0.3333333333333333,1.0,0.0,0.6666666666666667,1.0,1.0,0.3333333333333333,1.0,0.0,0.6666666666666667,0.3739879342813441
nvbench2:test:356,356,qwen3:14b,staged,55,0.0,1.0,2,2,1.0,1.0,1.0,17.087795400060713,2,2,multi_gold,bar+line,0.0,0.0,0.0,0.0,0.0,0.0,0.0,0.0,0.0,0.0,0.0,0.0,0.0,0.0,0.0,0.0,0.0,0.0,0.0,0.0,0.0,0.0,0.0,0.0,0.0,0.0,1.0,0.8,0.4,1.0,1.0,0.8400000000000001,1.0,0.8,0.4,1.0,1.0,0.8400000000000001,0.717356481261535
nvbench2:test:357,357,qwen3:14b,staged,55,0.0,1.0,2,0,1.0,0.0,0.0,18.713957599946298,4,4,multi_gold,rect,0.0,0.0,0.0,0.0,0.0,0.0,0.0,0.0,0.0,0.0,0.0,0.0,0.0,0.0,0.0,0.0,0.0,0.0,0.0,0.0,0.0,0.0,0.0,0.0,0.0,0.0,1.0,1.0,0.6666666666666666,0.0,0.0,0.5333333333333333,1.0,1.0,0.6666666666666666,0.0,0.0,0.5333333333333333,0.28476846886371393
nvbench2:test:358,358,qwen3:14b,staged,55,0.0,1.0,1,0,1.0,0.0,0.0,11.920406599994749,5,5,multi_gold,arc,0.0,0.0,0.0,0.0,0.0,0.0,0.0,0.0,0.0,0.0,0.0,0.0,0.0,0.0,0.0,0.0,0.0,0.0,0.0,0.0,0.0,0.0,0.0,0.0,0.0,0.0,1.0,1.0,0.5,0.0,1.0,0.7,1.0,1.0,0.5,0.0,1.0,0.7,0.21180717369071872
nvbench2:test:359,359,qwen3:14b,staged,55,0.0,1.0,1,1,1.0,1.0,1.0,12.414957900065929,4,4,multi_gold,boxplot,0.0,0.0,0.0,0.0,0.0,0.0,0.0,0.0,0.0,0.0,0.0,0.0,0.0,0.0,0.0,0.0,0.0,0.0,0.0,0.0,0.0,0.0,0.0,0.0,0.0,0.0,1.0,1.0,1.0,0.0,1.0,0.8,1.0,1.0,1.0,0.0,1.0,0.8,0.28931109484828477
nvbench2:test:360,360,qwen3:14b,staged,55,0.0,1.0,2,1,1.0,1.0,0.0,15.38488510006573,4,4,multi_gold,bar,0.0,0.0,0.0,0.0,0.0,0.0,0.0,0.0,0.0,0.0,0.0,0.0,0.0,0.0,0.0,0.0,0.0,0.0,0.0,0.0,0.0,0.0,0.0,0.0,0.0,0.0,0.0,0.8,0.4,1.0,1.0,0.64,0.0,0.8,0.4,1.0,1.0,0.64,0.3554783707721459
nvbench2:test:361,361,qwen3:14b,staged,55,0.0,1.0,1,0,1.0,0.0,0.0,11.736891699954867,2,2,multi_gold,arc,0.0,0.0,0.0,0.0,0.0,0.0,0.0,0.0,0.0,0.0,0.0,0.0,0.0,0.0,0.0,0.0,0.0,0.0,0.0,0.0,0.0,0.0,0.0,0.0,0.0,0.0,1.0,1.0,0.5,0.6666666666666666,1.0,0.8333333333333334,1.0,1.0,0.5,0.6666666666666666,1.0,0.8333333333333334,0.47935690336673037
nvbench2:test:362,362,qwen3:14b,staged,55,0.0,1.0,3,3,1.0,1.0,1.0,14.885917900013737,2,2,multi_gold,point,0.0,0.0,0.0,0.0,0.0,0.0,0.0,0.0,0.0,0.0,0.0,0.0,0.0,0.0,0.0,0.0,0.0,0.0,0.0,0.0,0.0,0.0,0.0,0.0,0.0,0.0,0.0,0.8,0.4,0.0,1.0,0.44000000000000006,0.0,0.8,0.4,0.0,1.0,0.44000000000000006,0.4376205175690107
nvbench2:test:363,363,qwen3:14b,staged,55,0.0,1.0,1,0,1.0,0.0,0.0,12.048955100006424,2,2,multi_gold,bar,0.0,0.0,0.0,0.0,0.0,0.0,0.0,0.0,0.0,0.0,0.0,0.0,0.0,0.0,0.0,0.0,0.0,0.0,0.0,0.0,0.0,0.0,0.0,0.0,0.0,0.0,1.0,1.0,0.5,0.6666666666666666,1.0,0.8333333333333334,1.0,1.0,0.5,0.6666666666666666,1.0,0.8333333333333334,0.47935690336673037
nvbench2:test:364,364,qwen3:14b,staged,55,0.0,1.0,1,1,1.0,1.0,1.0,11.469003000063822,5,5,multi_gold,boxplot,0.0,0.0,0.0,0.0,0.0,0.0,0.0,0.0,0.0,0.0,0.0,0.0,0.0,0.0,0.0,0.0,0.0,0.0,0.0,0.0,0.0,0.0,0.0,0.0,0.0,0.0,1.0,1.0,0.5,0.0,1.0,0.7,1.0,1.0,0.5,0.0,1.0,0.7,0.21180717369071872
nvbench2:test:365,365,qwen3:14b,staged,55,0.0,1.0,1,1,1.0,1.0,1.0,19.279021400026977,2,2,multi_gold,point,0.0,0.0,0.0,0.0,0.0,0.0,0.0,0.0,0.0,0.0,0.0,0.0,0.0,0.0,0.0,0.0,0.0,0.0,0.0,0.0,0.0,0.0,0.0,0.0,0.0,0.0,0.0,0.8,0.0,0.0,0.0,0.16,0.0,0.8,0.0,0.0,0.0,0.16,0.07191427945647642
nvbench2:test:366,366,qwen3:14b,staged,55,0.0,1.0,1,1,1.0,1.0,1.0,11.369114100001752,5,5,multi_gold,boxplot,1.0,1.0,0.2,1.0,0.33333333333333337,1.0,0.2,1.0,0.33333333333333337,1.0,0.2,1.0,0.33333333333333337,1.0,1.0,0.2,1.0,0.33333333333333337,1.0,0.2,1.0,0.33333333333333337,1.0,0.2,1.0,0.33333333333333337,1.0,1.0,1.0,1.0,1.0,1.0,1.0,1.0,1.0,1.0,1.0,1.0,0.3391602052736161
nvbench2:test:367,367,qwen3:14b,staged,55,0.0,1.0,1,1,1.0,1.0,1.0,11.81717369996477,2,2,multi_gold,line,0.0,0.0,0.0,0.0,0.0,0.0,0.0,0.0,0.0,0.0,0.0,0.0,0.0,0.0,0.0,0.0,0.0,0.0,0.0,0.0,0.0,0.0,0.0,0.0,0.0,0.0,1.0,1.0,0.0,0.6666666666666666,1.0,0.7333333333333333,1.0,1.0,0.0,0.6666666666666666,1.0,0.7333333333333333,0.40619517231497354
nvbench2:test:368,368,qwen3:14b,staged,55,0.0,1.0,1,1,1.0,1.0,1.0,12.308178799925372,4,4,multi_gold,point,0.0,0.0,0.0,0.0,0.0,0.0,0.0,0.0,0.0,0.0,0.0,0.0,0.0,0.0,0.0,0.0,0.0,0.0,0.0,0.0,0.0,0.0,0.0,0.0,0.0,0.0,1.0,0.6666666666666666,0.3333333333333333,0.0,1.0,0.6,1.0,0.6666666666666666,0.3333333333333333,0.0,1.0,0.6,0.2013254590160842
nvbench2:test:369,369,qwen3:14b,staged,55,0.0,1.0,1,1,1.0,1.0,1.0,12.049334699986503,5,5,multi_gold,boxplot,0.0,0.0,0.0,0.0,0.0,0.0,0.0,0.0,0.0,0.0,0.0,0.0,0.0,0.0,0.0,0.0,0.0,0.0,0.0,0.0,0.0,0.0,0.0,0.0,0.0,0.0,1.0,1.0,1.0,0.0,1.0,0.8,1.0,1.0,1.0,0.0,1.0,0.8,0.2513520102235351
nvbench2:test:370,370,qwen3:14b,staged,55,0.0,1.0,1,1,1.0,1.0,1.0,10.649229199974798,5,5,multi_gold,boxplot,0.0,0.0,0.0,0.0,0.0,0.0,0.0,0.0,0.0,0.0,0.0,0.0,0.0,0.0,0.0,0.0,0.0,0.0,0.0,0.0,0.0,0.0,0.0,0.0,0.0,0.0,1.0,1.0,0.5,1.0,1.0,0.9,1.0,1.0,0.5,1.0,1.0,0.9,0.29373511659974333
nvbench2:test:371,371,qwen3:14b,staged,55,0.0,1.0,2,2,1.0,1.0,1.0,12.368058099993505,2,2,multi_gold,point,0.0,0.0,0.0,0.0,0.0,0.0,0.0,0.0,0.0,0.0,0.0,0.0,0.0,0.0,0.0,0.0,0.0,0.0,0.0,0.0,0.0,0.0,0.0,0.0,0.0,0.0,0.0,0.8,0.4,0.0,1.0,0.44000000000000006,0.0,0.8,0.4,0.0,1.0,0.44000000000000006,0.356604327447672
nvbench2:test:372,372,qwen3:14b,staged,55,0.0,1.0,1,1,1.0,1.0,1.0,14.267603700049222,2,2,multi_gold,line,1.0,1.0,0.5,1.0,0.6666666666666666,1.0,0.5,1.0,0.6666666666666666,1.0,0.5,1.0,0.6666666666666666,1.0,1.0,0.5,1.0,0.6666666666666666,1.0,0.5,1.0,0.6666666666666666,1.0,0.5,1.0,0.6666666666666666,1.0,1.0,1.0,1.0,1.0,1.0,1.0,1.0,1.0,1.0,1.0,1.0,0.6131471927654584
nvbench2:test:373,373,qwen3:14b,staged,55,0.0,1.0,1,0,1.0,0.0,0.0,11.79398879990913,4,4,multi_gold,boxplot,0.0,0.0,0.0,0.0,0.0,0.0,0.0,0.0,0.0,0.0,0.0,0.0,0.0,0.0,0.0,0.0,0.0,0.0,0.0,0.0,0.0,0.0,0.0,0.0,0.0,0.0,1.0,1.0,0.5,0.0,1.0,0.7,1.0,1.0,0.5,0.0,1.0,0.7,0.2437942121994015
nvbench2:test:374,374,qwen3:14b,staged,55,0.0,1.0,1,0,1.0,0.0,0.0,11.021067499998026,3,3,multi_gold,arc,0.0,0.0,0.0,0.0,0.0,0.0,0.0,0.0,0.0,0.0,0.0,0.0,0.0,0.0,0.0,0.0,0.0,0.0,0.0,0.0,0.0,0.0,0.0,0.0,0.0,0.0,1.0,1.0,0.5,1.0,1.0,0.9,1.0,1.0,0.5,1.0,1.0,0.9,0.40642634118843207
nvbench2:test:375,375,qwen3:14b,staged,55,0.0,1.0,1,0,1.0,0.0,0.0,12.113079900038429,2,2,multi_gold,bar,0.0,0.0,0.0,0.0,0.0,0.0,0.0,0.0,0.0,0.0,0.0,0.0,0.0,0.0,0.0,0.0,0.0,0.0,0.0,0.0,0.0,0.0,0.0,0.0,0.0,0.0,1.0,0.8,0.4,1.0,1.0,0.8400000000000001,1.0,0.8,0.4,1.0,1.0,0.8400000000000001,0.4844170266229248
nvbench2:test:376,376,qwen3:14b,staged,55,0.0,1.0,1,0,1.0,0.0,0.0,15.129928799928166,4,4,multi_gold,rect,0.0,0.0,0.0,0.0,0.0,0.0,0.0,0.0,0.0,0.0,0.0,0.0,0.0,0.0,0.0,0.0,0.0,0.0,0.0,0.0,0.0,0.0,0.0,0.0,0.0,0.0,1.0,0.8,0.4,1.0,0.0,0.64,1.0,0.8,0.4,1.0,0.0,0.64,0.21796056512778
nvbench2:test:377,377,qwen3:14b,staged,55,0.0,1.0,3,3,1.0,1.0,1.0,20.91516380000394,4,4,multi_gold,rect,0.0,0.0,0.0,0.0,0.0,0.0,0.0,0.0,0.0,0.0,0.0,0.0,0.0,0.0,0.0,0.0,0.0,0.0,0.0,0.0,0.0,0.0,0.0,0.0,0.0,0.0,1.0,1.0,1.0,1.0,0.0,0.8,1.0,1.0,1.0,1.0,0.0,0.8,0.6011547390819016
nvbench2:test:378,378,qwen3:14b,staged,55,0.0,1.0,1,0,1.0,0.0,0.0,11.907835999969393,2,2,multi_gold,arc,0.0,0.0,0.0,0.0,0.0,0.0,0.0,0.0,0.0,0.0,0.0,0.0,0.0,0.0,0.0,0.0,0.0,0.0,0.0,0.0,0.0,0.0,0.0,0.0,0.0,0.0,1.0,1.0,0.5,0.6666666666666666,1.0,0.8333333333333334,1.0,1.0,0.5,0.6666666666666666,1.0,0.8333333333333334,0.47935690336673037
nvbench2:test:379,379,qwen3:14b,staged,55,0.0,1.0,1,0,1.0,0.0,0.0,11.07013630005531,4,4,multi_gold,bar+line,0.0,0.0,0.0,0.0,0.0,0.0,0.0,0.0,0.0,0.0,0.0,0.0,0.0,0.0,0.0,0.0,0.0,0.0,0.0,0.0,0.0,0.0,0.0,0.0,0.0,0.0,0.0,0.8,0.5,1.0,1.0,0.6599999999999999,0.0,0.8,0.5,1.0,1.0,0.6599999999999999,0.22645268364999982
nvbench2:test:380,380,qwen3:14b,staged,55,0.0,1.0,1,1,1.0,1.0,1.0,15.27289679995738,2,2,multi_gold,arc,0.0,0.0,0.0,0.0,0.0,0.0,0.0,0.0,0.0,0.0,0.0,0.0,0.0,0.0,0.0,0.0,0.0,0.0,0.0,0.0,0.0,0.0,0.0,0.0,0.0,0.0,0.0,0.0,0.0,0.0,1.0,0.2,0.0,0.0,0.0,0.0,1.0,0.2,0.09117397893527364
nvbench2:test:381,381,qwen3:14b,staged,55,0.0,1.0,1,1,1.0,1.0,1.0,11.971018300042488,3,3,multi_gold,line,0.0,0.0,0.0,0.0,0.0,0.0,0.0,0.0,0.0,0.0,0.0,0.0,0.0,0.0,0.0,0.0,0.0,0.0,0.0,0.0,0.0,0.0,0.0,0.0,0.0,0.0,1.0,0.8,0.4,0.0,1.0,0.64,1.0,0.8,0.4,0.0,1.0,0.64,0.2620119965875154
nvbench2:test:382,382,qwen3:14b,staged,55,0.0,1.0,1,1,1.0,1.0,1.0,12.013875699951313,3,3,multi_gold,bar,1.0,1.0,0.3333333333333333,1.0,0.5,1.0,0.3333333333333333,1.0,0.5,1.0,0.3333333333333333,1.0,0.5,1.0,1.0,0.3333333333333333,1.0,0.5,1.0,0.3333333333333333,1.0,0.5,1.0,0.3333333333333333,1.0,0.5,1.0,1.0,1.0,1.0,1.0,1.0,1.0,1.0,1.0,1.0,1.0,1.0,0.46927872602275644
nvbench2:test:383,383,qwen3:14b,staged,55,0.0,1.0,2,2,1.0,1.0,1.0,13.509409600053914,2,2,multi_gold,arc,1.0,1.0,0.5,1.0,0.6666666666666666,1.0,1.0,1.0,1.0,1.0,1.0,1.0,1.0,1.0,1.0,0.5,1.0,0.6666666666666666,1.0,1.0,1.0,1.0,1.0,1.0,1.0,1.0,1.0,1.0,1.0,1.0,1.0,1.0,1.0,1.0,1.0,1.0,1.0,1.0,1.0
nvbench2:test:384,384,qwen3:14b,staged,55,0.0,1.0,1,0,1.0,0.0,0.0,12.020035000052303,3,3,multi_gold,arc,0.0,0.0,0.0,0.0,0.0,0.0,0.0,0.0,0.0,0.0,0.0,0.0,0.0,0.0,0.0,0.0,0.0,0.0,0.0,0.0,0.0,0.0,0.0,0.0,0.0,0.0,1.0,1.0,0.5,0.6666666666666666,1.0,0.8333333333333334,1.0,1.0,0.5,0.6666666666666666,1.0,0.8333333333333334,0.36688090490565395
nvbench2:test:385,385,qwen3:14b,staged,55,0.0,1.0,1,1,1.0,1.0,1.0,11.726631399942562,3,3,multi_gold,arc,1.0,1.0,0.3333333333333333,1.0,0.5,1.0,0.3333333333333333,1.0,0.5,1.0,0.3333333333333333,1.0,0.5,1.0,1.0,0.3333333333333333,1.0,0.5,1.0,0.3333333333333333,1.0,0.5,1.0,0.3333333333333333,1.0,0.5,1.0,1.0,1.0,1.0,1.0,1.0,1.0,1.0,1.0,1.0,1.0,1.0,0.46927872602275644
nvbench2:test:386,386,qwen3:14b,staged,55,0.0,1.0,5,1,1.0,1.0,0.0,19.761116900015622,3,3,multi_gold,arc,0.0,0.0,0.0,0.0,0.0,0.0,0.0,0.0,0.0,0.0,0.0,0.0,0.0,0.0,0.0,0.0,0.0,0.0,0.0,0.0,0.0,0.0,0.0,0.0,0.0,0.0,0.0,0.4,0.4,0.0,1.0,0.36,0.0,0.4,0.4,0.0,1.0,0.36,0.39216199914395655
nvbench2:test:387,387,qwen3:14b,staged,55,0.0,1.0,1,0,1.0,0.0,0.0,14.258770000073127,3,3,multi_gold,arc,0.0,0.0,0.0,0.0,0.0,0.0,0.0,0.0,0.0,0.0,0.0,0.0,0.0,0.0,0.0,0.0,0.0,0.0,0.0,0.0,0.0,0.0,0.0,0.0,0.0,0.0,1.0,1.0,0.0,0.6666666666666666,1.0,0.7333333333333333,1.0,1.0,0.0,0.6666666666666666,1.0,0.7333333333333333,0.3108857958246911
nvbench2:test:388,388,qwen3:14b,staged,55,0.0,1.0,2,2,1.0,1.0,1.0,14.491337800049223,5,5,multi_gold,bar+line+rect,0.0,0.0,0.0,0.0,0.0,0.0,0.0,0.0,0.0,0.0,0.0,0.0,0.0,0.0,0.0,0.0,0.0,0.0,0.0,0.0,0.0,0.0,0.0,0.0,0.0,0.0,1.0,0.8,0.4,0.0,0.0,0.44000000000000006,1.0,0.8,0.4,0.0,0.0,0.44000000000000006,0.1740853234775431
nvbench2:test:389,389,qwen3:14b,staged,55,0.0,1.0,2,0,1.0,0.0,0.0,14.666453800047748,5,5,multi_gold,bar+line+rect,0.0,0.0,0.0,0.0,0.0,0.0,0.0,0.0,0.0,0.0,0.0,0.0,0.0,0.0,0.0,0.0,0.0,0.0,0.0,0.0,0.0,0.0,0.0,0.0,0.0,0.0,1.0,0.8,0.4,1.0,1.0,0.8400000000000001,1.0,0.8,0.4,1.0,1.0,0.8400000000000001,0.40971428855654884
nvbench2:test:390,390,qwen3:14b,staged,55,0.0,1.0,2,2,1.0,1.0,1.0,19.84169540007133,2,2,multi_gold,bar,0.0,0.0,0.0,0.0,0.0,0.0,0.0,0.0,0.0,0.0,0.0,0.0,0.0,0.0,0.0,0.0,0.0,0.0,0.0,0.0,0.0,0.0,0.0,0.0,0.0,0.0,1.0,0.8,0.8,1.0,1.0,0.9199999999999999,1.0,0.8,0.8,1.0,1.0,0.9199999999999999,0.8032786077733333
nvbench2:test:391,391,qwen3:14b,staged,55,0.0,1.0,1,0,1.0,0.0,0.0,11.02829060005024,5,5,multi_gold,arc,0.0,0.0,0.0,0.0,0.0,0.0,0.0,0.0,0.0,0.0,0.0,0.0,0.0,0.0,0.0,0.0,0.0,0.0,0.0,0.0,0.0,0.0,0.0,0.0,0.0,0.0,1.0,1.0,0.5,1.0,1.0,0.9,1.0,1.0,0.5,1.0,1.0,0.9,0.29373511659974333
nvbench2:test:392,392,qwen3:14b,staged,55,0.0,1.0,2,2,1.0,1.0,1.0,16.150401799939573,4,4,multi_gold,rect,0.0,0.0,0.0,0.0,0.0,0.0,0.0,0.0,0.0,0.0,0.0,0.0,0.0,0.0,0.0,0.0,0.0,0.0,0.0,0.0,0.0,0.0,0.0,0.0,0.0,0.0,0.0,0.8,0.4,0.0,1.0,0.44000000000000006,0.0,0.8,0.4,0.0,1.0,0.44000000000000006,0.21790677682134588
nvbench2:test:393,393,qwen3:14b,staged,55,0.0,1.0,5,1,1.0,1.0,0.0,21.873674700036645,2,2,multi_gold,rect,0.0,0.0,0.0,0.0,0.0,0.0,0.0,0.0,0.0,0.0,0.0,0.0,0.0,0.0,0.0,0.0,0.0,0.0,0.0,0.0,0.0,0.0,0.0,0.0,0.0,0.0,0.0,1.0,0.0,0.0,1.0,0.4,1.0,1.0,0.6666666666666666,0.0,1.0,0.7333333333333333,0.7832580030877894
nvbench2:test:394,394,qwen3:14b,staged,55,0.0,1.0,1,0,1.0,0.0,0.0,11.721834599971771,5,5,multi_gold,arc,0.0,0.0,0.0,0.0,0.0,0.0,0.0,0.0,0.0,0.0,0.0,0.0,0.0,0.0,0.0,0.0,0.0,0.0,0.0,0.0,0.0,0.0,0.0,0.0,0.0,0.0,0.0,0.0,0.0,0.0,1.0,0.2,0.0,0.0,0.0,0.0,1.0,0.2,0.050432564604643466
nvbench2:test:395,395,qwen3:14b,staged,55,0.0,1.0,5,0,1.0,0.0,0.0,22.859194800024852,2,2,multi_gold,rect,0.0,0.0,0.0,0.0,0.0,0.0,0.0,0.0,0.0,0.0,0.0,0.0,0.0,0.0,0.0,0.0,0.0,0.0,0.0,0.0,0.0,0.0,0.0,0.0,0.0,0.0,0.0,0.8,0.8,0.0,1.0,0.52,1.0,1.0,0.6666666666666666,1.0,1.0,0.9333333333333333,1.0066752647187895
nvbench2:test:396,396,qwen3:14b,staged,55,0.0,1.0,1,0,1.0,0.0,0.0,16.4012284000637,2,2,multi_gold,rect,0.0,0.0,0.0,0.0,0.0,0.0,0.0,0.0,0.0,0.0,0.0,0.0,0.0,0.0,0.0,0.0,0.0,0.0,0.0,0.0,0.0,0.0,0.0,0.0,0.0,0.0,1.0,1.0,0.3333333333333333,1.0,0.0,0.6666666666666667,1.0,1.0,0.3333333333333333,1.0,0.0,0.6666666666666667,0.3601633060417787
nvbench2:test:397,397,qwen3:14b,staged,55,0.0,1.0,1,1,1.0,1.0,1.0,12.76491090003401,4,4,multi_gold,rect,1.0,1.0,0.25,1.0,0.4,1.0,0.25,1.0,0.4,1.0,0.25,1.0,0.4,1.0,1.0,0.25,1.0,0.4,1.0,0.25,1.0,0.4,1.0,0.25,1.0,0.4,1.0,1.0,1.0,1.0,1.0,1.0,1.0,1.0,1.0,1.0,1.0,1.0,0.3903800499921017
nvbench2:test:398,398,qwen3:14b,staged,55,0.0,1.0,5,5,1.0,1.0,1.0,19.18679249996785,4,4,multi_gold,rect,0.0,0.0,0.0,0.0,0.0,0.0,0.0,0.0,0.0,0.0,0.0,0.0,0.0,0.0,0.0,0.0,0.0,0.0,0.0,0.0,0.0,0.0,0.0,0.0,0.0,0.0,1.0,1.0,0.6666666666666666,0.0,1.0,0.7333333333333333,1.0,1.0,0.6666666666666666,0.0,1.0,0.7333333333333333,0.7054178154612896
nvbench2:test:399,399,qwen3:14b,staged,55,0.0,1.0,2,0,1.0,0.0,0.0,16.68093100003898,2,2,multi_gold,arc,0.0,0.0,0.0,0.0,0.0,0.0,0.0,0.0,0.0,0.0,0.0,0.0,0.0,0.0,0.0,0.0,0.0,0.0,0.0,0.0,0.0,0.0,0.0,0.0,0.0,0.0,1.0,1.0,0.5,0.6666666666666666,1.0,0.8333333333333334,1.0,1.0,0.5,0.6666666666666666,1.0,0.8333333333333334,0.7817974362806784
nvbench2:test:400,400,qwen3:14b,staged,55,0.0,1.0,1,0,1.0,0.0,0.0,12.415565000032075,2,2,multi_gold,bar,0.0,0.0,0.0,0.0,0.0,0.0,0.0,0.0,0.0,0.0,0.0,0.0,0.0,0.0,0.0,0.0,0.0,0.0,0.0,0.0,0.0,0.0,0.0,0.0,0.0,0.0,1.0,0.8,0.4,1.0,0.0,0.64,1.0,0.8,0.4,1.0,0.0,0.64,0.34233795667676936
nvbench2:test:401,401,qwen3:14b,staged,55,0.0,1.0,2,2,1.0,1.0,1.0,11.654324400005862,4,4,multi_gold,bar+line,0.0,0.0,0.0,0.0,0.0,0.0,0.0,0.0,0.0,0.0,0.0,0.0,0.0,0.0,0.0,0.0,0.0,0.0,0.0,0.0,0.0,0.0,0.0,0.0,0.0,0.0,0.0,1.0,1.0,1.0,1.0,0.8,0.0,1.0,1.0,1.0,1.0,0.8,0.4718460726264016
nvbench2:test:402,402,qwen3:14b,staged,55,0.0,1.0,1,0,1.0,0.0,0.0,14.78153359994758,2,2,multi_gold,point,0.0,0.0,0.0,0.0,0.0,0.0,0.0,0.0,0.0,0.0,0.0,0.0,0.0,0.0,0.0,0.0,0.0,0.0,0.0,0.0,0.0,0.0,0.0,0.0,0.0,0.0,1.0,0.6666666666666666,0.6666666666666666,1.0,0.0,0.6666666666666666,1.0,0.6666666666666666,0.6666666666666666,1.0,0.0,0.6666666666666666,0.36016330604177854
nvbench2:test:403,403,qwen3:14b,staged,55,0.0,1.0,1,0,1.0,0.0,0.0,12.156654899939895,4,4,multi_gold,point,0.0,0.0,0.0,0.0,0.0,0.0,0.0,0.0,0.0,0.0,0.0,0.0,0.0,0.0,0.0,0.0,0.0,0.0,0.0,0.0,0.0,0.0,0.0,0.0,0.0,0.0,1.0,0.8,0.0,0.0,1.0,0.5599999999999999,1.0,0.8,0.0,0.0,1.0,0.5599999999999999,0.185145240755815
nvbench2:test:404,404,qwen3:14b,staged,55,0.0,1.0,4,4,1.0,1.0,1.0,16.684732699999586,4,4,multi_gold,rect,0.0,0.0,0.0,0.0,0.0,0.0,0.0,0.0,0.0,0.0,0.0,0.0,0.0,0.0,0.0,0.0,0.0,0.0,0.0,0.0,0.0,0.0,0.0,0.0,0.0,0.0,1.0,1.0,0.6666666666666666,0.0,1.0,0.7333333333333333,1.0,1.0,0.6666666666666666,0.0,1.0,0.7333333333333333,0.6624757922855755
nvbench2:test:405,405,qwen3:14b,staged,55,0.0,1.0,2,2,1.0,1.0,1.0,18.46535899990704,2,2,multi_gold,boxplot,0.0,0.0,0.0,0.0,0.0,0.0,0.0,0.0,0.0,0.0,0.0,0.0,0.0,0.0,0.0,0.0,0.0,0.0,0.0,0.0,0.0,0.0,0.0,0.0,0.0,0.0,1.0,1.0,1.0,1.0,1.0,1.0,1.0,1.0,1.0,1.0,1.0,1.0,1.0
nvbench2:test:406,406,qwen3:14b,staged,55,0.0,1.0,2,0,1.0,0.0,0.0,15.098224799963646,2,2,multi_gold,bar,0.0,0.0,0.0,0.0,0.0,0.0,0.0,0.0,0.0,0.0,0.0,0.0,0.0,0.0,0.0,0.0,0.0,0.0,0.0,0.0,0.0,0.0,0.0,0.0,0.0,0.0,1.0,0.5,0.0,1.0,1.0,0.7,1.0,0.5,0.0,1.0,1.0,0.7,0.5065158927363637
nvbench2:test:407,407,qwen3:14b,staged,55,0.0,1.0,3,0,1.0,0.0,0.0,16.15413170005195,4,4,multi_gold,point,0.0,0.0,0.0,0.0,0.0,0.0,0.0,0.0,0.0,0.0,0.0,0.0,0.0,0.0,0.0,0.0,0.0,0.0,0.0,0.0,0.0,0.0,0.0,0.0,0.0,0.0,0.0,0.8,0.4,0.0,1.0,0.44000000000000006,1.0,0.8,0.4,0.0,1.0,0.64,0.33602399542595507
nvbench2:test:408,408,qwen3:14b,staged,55,0.0,1.0,1,0,1.0,0.0,0.0,16.237370200105943,3,3,multi_gold,arc,0.0,0.0,0.0,0.0,0.0,0.0,0.0,0.0,0.0,0.0,0.0,0.0,0.0,0.0,0.0,0.0,0.0,0.0,0.0,0.0,0.0,0.0,0.0,0.0,0.0,0.0,1.0,1.0,0.5,1.0,0.0,0.7,1.0,1.0,0.5,1.0,0.0,0.7,0.29306681351921393
nvbench2:test:409,409,qwen3:14b,staged,55,0.0,1.0,1,0,1.0,0.0,0.0,11.101995900040492,3,3,multi_gold,boxplot,0.0,0.0,0.0,0.0,0.0,0.0,0.0,0.0,0.0,0.0,0.0,0.0,0.0,0.0,0.0,0.0,0.0,0.0,0.0,0.0,0.0,0.0,0.0,0.0,0.0,0.0,1.0,0.6666666666666666,0.6666666666666666,1.0,1.0,0.8666666666666666,1.0,0.6666666666666666,0.6666666666666666,1.0,1.0,0.8666666666666666,0.3864252098110378
nvbench2:test:410,410,qwen3:14b,staged,55,0.0,1.0,1,0,1.0,0.0,0.0,13.542683600098826,3,3,multi_gold,boxplot,0.0,0.0,0.0,0.0,0.0,0.0,0.0,0.0,0.0,0.0,0.0,0.0,0.0,0.0,0.0,0.0,0.0,0.0,0.0,0.0,0.0,0.0,0.0,0.0,0.0,0.0,1.0,0.6666666666666666,0.6666666666666666,0.0,0.0,0.4666666666666666,1.0,0.6666666666666666,0.6666666666666666,0.0,0.0,0.4666666666666666,0.17922358976295982
nvbench2:test:411,411,qwen3:14b,staged,55,0.0,1.0,2,1,1.0,1.0,0.0,12.71779330004938,5,5,multi_gold,bar+line+rect,0.0,0.0,0.0,0.0,0.0,0.0,0.0,0.0,0.0,0.0,0.0,0.0,0.0,0.0,0.0,0.0,0.0,0.0,0.0,0.0,0.0,0.0,0.0,0.0,0.0,0.0,0.0,0.8,0.4,0.0,1.0,0.44000000000000006,1.0,0.8,0.0,0.0,1.0,0.5599999999999999,0.222433095185303
nvbench2:test:412,412,qwen3:14b,staged,55,0.0,1.0,1,0,1.0,0.0,0.0,11.34343909996096,5,5,multi_gold,arc,0.0,0.0,0.0,0.0,0.0,0.0,0.0,0.0,0.0,0.0,0.0,0.0,0.0,0.0,0.0,0.0,0.0,0.0,0.0,0.0,0.0,0.0,0.0,0.0,0.0,0.0,1.0,1.0,0.5,1.0,1.0,0.9,1.0,1.0,0.5,1.0,1.0,0.9,0.29373511659974333
nvbench2:test:413,413,qwen3:14b,staged,55,0.0,1.0,5,5,1.0,1.0,1.0,18.08285199990496,5,5,multi_gold,arc,1.0,1.0,0.2,1.0,0.33333333333333337,1.0,0.2,0.3333333333333333,0.25,1.0,0.2,0.2,0.20000000000000004,1.0,1.0,0.2,1.0,0.33333333333333337,1.0,0.2,0.3333333333333333,0.25,1.0,0.2,0.2,0.20000000000000004,1.0,1.0,1.0,1.0,1.0,1.0,1.0,1.0,1.0,1.0,1.0,1.0,0.45510293333140994
nvbench2:test:414,414,qwen3:14b,staged,55,0.0,1.0,1,0,1.0,0.0,0.0,16.14278839994222,4,4,multi_gold,rect,0.0,0.0,0.0,0.0,0.0,0.0,0.0,0.0,0.0,0.0,0.0,0.0,0.0,0.0,0.0,0.0,0.0,0.0,0.0,0.0,0.0,0.0,0.0,0.0,0.0,0.0,1.0,1.0,0.3333333333333333,1.0,0.0,0.6666666666666667,1.0,1.0,0.3333333333333333,1.0,0.0,0.6666666666666667,0.22930965203275888
nvbench2:test:415,415,qwen3:14b,staged,55,0.0,1.0,1,1,1.0,1.0,1.0,12.632168699987233,5,5,multi_gold,arc,1.0,1.0,0.2,1.0,0.33333333333333337,1.0,0.2,1.0,0.33333333333333337,1.0,0.2,1.0,0.33333333333333337,1.0,1.0,0.2,1.0,0.33333333333333337,1.0,0.2,1.0,0.33333333333333337,1.0,0.2,1.0,0.33333333333333337,1.0,1.0,1.0,1.0,1.0,1.0,1.0,1.0,1.0,1.0,1.0,1.0,0.3391602052736161
nvbench2:test:416,416,qwen3:14b,staged,55,0.0,1.0,3,3,1.0,1.0,1.0,16.257171499892138,4,4,multi_gold,rect,0.0,0.0,0.0,0.0,0.0,0.0,0.0,0.0,0.0,0.0,0.0,0.0,0.0,0.0,0.0,0.0,0.0,0.0,0.0,0.0,0.0,0.0,0.0,0.0,0.0,0.0,1.0,1.0,0.3333333333333333,0.0,1.0,0.6666666666666667,1.0,1.0,0.3333333333333333,0.0,1.0,0.6666666666666667,0.4886427602977235
nvbench2:test:417,417,qwen3:14b,staged,55,0.0,1.0,1,0,1.0,0.0,0.0,14.237846400006674,2,2,multi_gold,bar,0.0,0.0,0.0,0.0,0.0,0.0,0.0,0.0,0.0,0.0,0.0,0.0,0.0,0.0,0.0,0.0,0.0,0.0,0.0,0.0,0.0,0.0,0.0,0.0,0.0,0.0,1.0,0.8,0.4,1.0,0.0,0.64,1.0,0.8,0.4,1.0,0.0,0.64,0.34233795667676936
nvbench2:test:418,418,qwen3:14b,staged,55,0.0,1.0,1,0,1.0,0.0,0.0,15.281180700054392,2,2,multi_gold,bar,0.0,0.0,0.0,0.0,0.0,0.0,0.0,0.0,0.0,0.0,0.0,0.0,0.0,0.0,0.0,0.0,0.0,0.0,0.0,0.0,0.0,0.0,0.0,0.0,0.0,0.0,1.0,0.8,0.4,1.0,0.0,0.64,1.0,0.8,0.4,1.0,0.0,0.64,0.34233795667676936
nvbench2:test:419,419,qwen3:14b,staged,55,0.0,1.0,1,0,1.0,0.0,0.0,12.427364699891768,5,5,multi_gold,arc,0.0,0.0,0.0,0.0,0.0,0.0,0.0,0.0,0.0,0.0,0.0,0.0,0.0,0.0,0.0,0.0,0.0,0.0,0.0,0.0,0.0,0.0,0.0,0.0,0.0,0.0,1.0,1.0,0.5,1.0,1.0,0.9,1.0,1.0,0.5,1.0,1.0,0.9,0.29373511659974333
nvbench2:test:420,420,qwen3:14b,staged,55,0.0,1.0,3,0,1.0,0.0,0.0,18.8505989999976,2,2,multi_gold,bar,0.0,0.0,0.0,0.0,0.0,0.0,0.0,0.0,0.0,0.0,0.0,0.0,0.0,0.0,0.0,0.0,0.0,0.0,0.0,0.0,0.0,0.0,0.0,0.0,0.0,0.0,1.0,0.8,0.4,1.0,0.0,0.64,1.0,0.8,0.4,1.0,0.0,0.64,0.7294981376593844
nvbench2:test:421,421,qwen3:14b,staged,55,0.0,1.0,5,5,1.0,1.0,1.0,19.325476300087757,5,5,multi_gold,rect,0.2,0.0,0.0,0.0,0.0,0.0,0.0,0.0,0.0,1.0,0.2,0.2,0.20000000000000004,0.2,0.0,0.0,0.0,0.0,0.0,0.0,0.0,0.0,1.0,0.2,0.2,0.20000000000000004,1.0,1.0,0.6666666666666666,1.0,1.0,0.9333333333333333,1.0,1.0,1.0,1.0,1.0,1.0,0.9215332295393669
nvbench2:test:422,422,qwen3:14b,staged,55,0.0,1.0,1,1,1.0,1.0,1.0,13.03757799998857,5,5,multi_gold,rect,0.0,0.0,0.0,0.0,0.0,0.0,0.0,0.0,0.0,0.0,0.0,0.0,0.0,0.0,0.0,0.0,0.0,0.0,0.0,0.0,0.0,0.0,0.0,0.0,0.0,0.0,1.0,1.0,0.6666666666666666,1.0,1.0,0.9333333333333333,1.0,1.0,0.6666666666666666,1.0,1.0,0.9333333333333333,0.3085283434984754
nvbench2:test:423,423,qwen3:14b,staged,55,0.0,1.0,1,1,1.0,1.0,1.0,14.342200799961574,5,5,multi_gold,rect,0.0,0.0,0.0,0.0,0.0,0.0,0.0,0.0,0.0,0.0,0.0,0.0,0.0,0.0,0.0,0.0,0.0,0.0,0.0,0.0,0.0,0.0,0.0,0.0,0.0,0.0,1.0,1.0,0.6666666666666666,0.0,1.0,0.7333333333333333,1.0,1.0,0.6666666666666666,0.0,1.0,0.7333333333333333,0.22468542570037728
nvbench2:test:424,424,qwen3:14b,staged,55,0.0,1.0,1,0,1.0,0.0,0.0,12.516873999964446,5,5,multi_gold,arc,0.0,0.0,0.0,0.0,0.0,0.0,0.0,0.0,0.0,0.0,0.0,0.0,0.0,0.0,0.0,0.0,0.0,0.0,0.0,0.0,0.0,0.0,0.0,0.0,0.0,0.0,1.0,1.0,0.0,1.0,1.0,0.8,1.0,1.0,0.0,1.0,1.0,0.8,0.2513520102235351
nvbench2:test:425,425,qwen3:14b,staged,55,0.0,1.0,1,1,1.0,1.0,1.0,16.005692399921827,5,5,multi_gold,rect,0.0,0.0,0.0,0.0,0.0,0.0,0.0,0.0,0.0,0.0,0.0,0.0,0.0,0.0,0.0,0.0,0.0,0.0,0.0,0.0,0.0,0.0,0.0,0.0,0.0,0.0,1.0,1.0,0.6666666666666666,0.6666666666666666,0.0,0.6666666666666666,1.0,1.0,0.6666666666666666,0.6666666666666666,0.0,0.6666666666666666,0.19922306136347254
nvbench2:test:426,426,qwen3:14b,staged,55,0.0,1.0,1,0,1.0,0.0,0.0,12.496516000013798,5,5,multi_gold,arc,0.0,0.0,0.0,0.0,0.0,0.0,0.0,0.0,0.0,0.0,0.0,0.0,0.0,0.0,0.0,0.0,0.0,0.0,0.0,0.0,0.0,0.0,0.0,0.0,0.0,0.0,1.0,1.0,0.0,1.0,1.0,0.8,1.0,1.0,0.0,1.0,1.0,0.8,0.2513520102235351
nvbench2:test:427,427,qwen3:14b,staged,55,0.0,1.0,5,5,1.0,1.0,1.0,18.88319760002196,5,5,multi_gold,arc,1.0,1.0,0.2,1.0,0.33333333333333337,1.0,0.6,1.0,0.7499999999999999,1.0,0.8,0.8,0.8000000000000002,1.0,1.0,0.2,1.0,0.33333333333333337,1.0,0.6,1.0,0.7499999999999999,1.0,0.8,0.8,0.8000000000000002,1.0,1.0,1.0,1.0,1.0,1.0,1.0,1.0,1.0,1.0,1.0,1.0,0.9824271769276344
nvbench2:test:428,428,qwen3:14b,staged,55,0.0,1.0,1,1,1.0,1.0,1.0,17.272357099922374,5,5,multi_gold,rect,0.0,0.0,0.0,0.0,0.0,0.0,0.0,0.0,0.0,0.0,0.0,0.0,0.0,0.0,0.0,0.0,0.0,0.0,0.0,0.0,0.0,0.0,0.0,0.0,0.0,0.0,1.0,1.0,0.6666666666666666,1.0,1.0,0.9333333333333333,1.0,1.0,0.6666666666666666,1.0,1.0,0.9333333333333333,0.3085283434984754
nvbench2:test:429,429,qwen3:14b,staged,55,0.0,1.0,3,0,1.0,0.0,0.0,17.669031400000677,2,2,multi_gold,bar,0.0,0.0,0.0,0.0,0.0,0.0,0.0,0.0,0.0,0.0,0.0,0.0,0.0,0.0,0.0,0.0,0.0,0.0,0.0,0.0,0.0,0.0,0.0,0.0,0.0,0.0,1.0,0.8,0.0,1.0,1.0,0.76,1.0,0.8,0.4,1.0,1.0,0.8400000000000001,0.9730534583038135
nvbench2:test:430,430,qwen3:14b,staged,55,0.0,1.0,1,1,1.0,1.0,1.0,15.432261700043455,2,2,multi_gold,bar,0.0,0.0,0.0,0.0,0.0,0.0,0.0,0.0,0.0,0.0,0.0,0.0,0.0,0.0,0.0,0.0,0.0,0.0,0.0,0.0,0.0,0.0,0.0,0.0,0.0,0.0,1.0,0.8,0.8,1.0,0.0,0.72,1.0,0.8,0.8,1.0,0.0,0.72,0.39681784768346284
nvbench2:test:431,431,qwen3:14b,staged,55,0.0,1.0,1,0,1.0,0.0,0.0,11.388708000071347,5,5,multi_gold,arc,0.0,0.0,0.0,0.0,0.0,0.0,0.0,0.0,0.0,0.0,0.0,0.0,0.0,0.0,0.0,0.0,0.0,0.0,0.0,0.0,0.0,0.0,0.0,0.0,0.0,0.0,1.0,1.0,0.5,1.0,1.0,0.9,1.0,1.0,0.5,1.0,1.0,0.9,0.29373511659974333
nvbench2:test:432,432,qwen3:14b,staged,55,0.0,1.0,1,0,1.0,0.0,0.0,13.678988500032574,5,5,multi_gold,bar+line+rect,0.0,0.0,0.0,0.0,0.0,0.0,0.0,0.0,0.0,0.0,0.0,0.0,0.0,0.0,0.0,0.0,0.0,0.0,0.0,0.0,0.0,0.0,0.0,0.0,0.0,0.0,1.0,0.8,0.4,1.0,0.0,0.64,1.0,0.8,0.4,1.0,0.0,0.64,0.18936303228555582
nvbench2:test:433,433,qwen3:14b,staged,55,0.0,1.0,3,0,1.0,0.0,0.0,24.6574566999916,4,4,multi_gold,rect,0.0,0.0,0.0,0.0,0.0,0.0,0.0,0.0,0.0,0.0,0.0,0.0,0.0,0.0,0.0,0.0,0.0,0.0,0.0,0.0,0.0,0.0,0.0,0.0,0.0,0.0,1.0,1.0,0.3333333333333333,1.0,1.0,0.8666666666666666,1.0,1.0,0.6666666666666666,1.0,1.0,0.9333333333333333,0.7230747264890955
nvbench2:test:434,434,qwen3:14b,staged,55,0.0,1.0,1,1,1.0,1.0,1.0,10.941838800092228,5,5,multi_gold,arc,1.0,1.0,0.2,1.0,0.33333333333333337,1.0,0.2,1.0,0.33333333333333337,1.0,0.2,1.0,0.33333333333333337,1.0,1.0,0.2,1.0,0.33333333333333337,1.0,0.2,1.0,0.33333333333333337,1.0,0.2,1.0,0.33333333333333337,1.0,1.0,1.0,1.0,1.0,1.0,1.0,1.0,1.0,1.0,1.0,1.0,0.3391602052736161
nvbench2:test:435,435,qwen3:14b,staged,55,0.0,1.0,1,1,1.0,1.0,1.0,14.008823100011796,4,4,multi_gold,rect,0.0,0.0,0.0,0.0,0.0,0.0,0.0,0.0,0.0,0.0,0.0,0.0,0.0,0.0,0.0,0.0,0.0,0.0,0.0,0.0,0.0,0.0,0.0,0.0,0.0,0.0,1.0,1.0,0.0,0.0,1.0,0.6,1.0,1.0,0.0,0.0,1.0,0.6,0.2013254590160842
nvbench2:test:436,436,qwen3:14b,staged,55,0.0,1.0,3,0,1.0,0.0,0.0,16.22068929998204,4,4,multi_gold,rect,0.0,0.0,0.0,0.0,0.0,0.0,0.0,0.0,0.0,0.0,0.0,0.0,0.0,0.0,0.0,0.0,0.0,0.0,0.0,0.0,0.0,0.0,0.0,0.0,0.0,0.0,1.0,1.0,0.3333333333333333,0.6666666666666666,1.0,0.8,1.0,1.0,0.3333333333333333,0.6666666666666666,1.0,0.8,0.4376122640814196
nvbench2:test:437,437,qwen3:14b,staged,55,0.0,1.0,1,0,1.0,0.0,0.0,12.899575100047514,2,2,multi_gold,bar,0.0,0.0,0.0,0.0,0.0,0.0,0.0,0.0,0.0,0.0,0.0,0.0,0.0,0.0,0.0,0.0,0.0,0.0,0.0,0.0,0.0,0.0,0.0,0.0,0.0,0.0,1.0,0.8,0.4,1.0,0.0,0.64,1.0,0.8,0.4,1.0,0.0,0.64,0.34233795667676936
nvbench2:test:438,438,qwen3:14b,staged,55,0.0,1.0,1,1,1.0,1.0,1.0,12.629267400014214,4,4,multi_gold,rect,0.0,0.0,0.0,0.0,0.0,0.0,0.0,0.0,0.0,0.0,0.0,0.0,0.0,0.0,0.0,0.0,0.0,0.0,0.0,0.0,0.0,0.0,0.0,0.0,0.0,0.0,1.0,1.0,0.3333333333333333,0.0,1.0,0.6666666666666667,1.0,1.0,0.3333333333333333,0.0,1.0,0.6666666666666667,0.22930965203275888
nvbench2:test:439,439,qwen3:14b,staged,55,0.0,1.0,2,2,1.0,1.0,1.0,12.787915599998087,4,4,multi_gold,rect,0.5,0.0,0.0,0.0,0.0,1.0,0.25,0.5,0.3333333333333333,1.0,0.25,0.5,0.3333333333333333,0.5,0.0,0.0,0.0,0.0,1.0,0.25,0.5,0.3333333333333333,1.0,0.25,0.5,0.3333333333333333,1.0,1.0,0.6666666666666666,1.0,1.0,0.9333333333333333,1.0,1.0,1.0,1.0,1.0,1.0,0.6014245648868023
nvbench2:test:440,440,qwen3:14b,staged,55,0.0,1.0,1,1,1.0,1.0,1.0,15.95809269999154,4,4,multi_gold,line,0.0,0.0,0.0,0.0,0.0,0.0,0.0,0.0,0.0,0.0,0.0,0.0,0.0,0.0,0.0,0.0,0.0,0.0,0.0,0.0,0.0,0.0,0.0,0.0,0.0,0.0,1.0,1.0,0.5,0.0,0.0,0.5,1.0,1.0,0.5,0.0,0.0,0.5,0.16170071118661541
nvbench2:test:441,441,qwen3:14b,staged,55,0.0,1.0,1,0,1.0,0.0,0.0,15.177367100026459,2,2,multi_gold,line,0.0,0.0,0.0,0.0,0.0,0.0,0.0,0.0,0.0,0.0,0.0,0.0,0.0,0.0,0.0,0.0,0.0,0.0,0.0,0.0,0.0,0.0,0.0,0.0,0.0,0.0,1.0,1.0,1.0,0.6666666666666666,0.0,0.7333333333333333,1.0,1.0,1.0,0.6666666666666666,0.0,0.7333333333333333,0.40619517231497354
nvbench2:test:442,442,qwen3:14b,staged,55,0.0,1.0,1,0,1.0,0.0,0.0,11.975060200085863,2,2,multi_gold,bar,0.0,0.0,0.0,0.0,0.0,0.0,0.0,0.0,0.0,0.0,0.0,0.0,0.0,0.0,0.0,0.0,0.0,0.0,0.0,0.0,0.0,0.0,0.0,0.0,0.0,0.0,1.0,1.0,0.5,1.0,1.0,0.9,1.0,1.0,0.5,1.0,1.0,0.9,0.5310259262712439
nvbench2:test:443,443,qwen3:14b,staged,55,0.0,1.0,1,0,1.0,0.0,0.0,15.102881400031038,2,2,multi_gold,arc,0.0,0.0,0.0,0.0,0.0,0.0,0.0,0.0,0.0,0.0,0.0,0.0,0.0,0.0,0.0,0.0,0.0,0.0,0.0,0.0,0.0,0.0,0.0,0.0,0.0,0.0,1.0,1.0,0.5,1.0,0.0,0.7,1.0,1.0,0.5,1.0,0.0,0.7,0.38291336052022606
nvbench2:test:444,444,qwen3:14b,staged,55,0.0,1.0,2,0,1.0,0.0,0.0,18.931816799915396,2,2,multi_gold,bar,0.0,0.0,0.0,0.0,0.0,0.0,0.0,0.0,0.0,0.0,0.0,0.0,0.0,0.0,0.0,0.0,0.0,0.0,0.0,0.0,0.0,0.0,0.0,0.0,0.0,0.0,1.0,0.8,0.4,1.0,1.0,0.8400000000000001,1.0,0.8,0.4,1.0,1.0,0.8400000000000001,0.7116547725493456
nvbench2:test:445,445,qwen3:14b,staged,55,0.0,1.0,2,2,1.0,1.0,1.0,13.47831449995283,2,2,multi_gold,bar,0.0,0.0,0.0,0.0,0.0,0.0,0.0,0.0,0.0,0.0,0.0,0.0,0.0,0.0,0.0,0.0,0.0,0.0,0.0,0.0,0.0,0.0,0.0,0.0,0.0,0.0,1.0,1.0,0.5,1.0,1.0,0.9,1.0,1.0,1.0,1.0,1.0,1.0,0.9178787335057855
nvbench2:test:446,446,qwen3:14b,staged,55,0.0,1.0,1,0,1.0,0.0,0.0,15.156421300023794,2,2,multi_gold,arc,0.0,0.0,0.0,0.0,0.0,0.0,0.0,0.0,0.0,0.0,0.0,0.0,0.0,0.0,0.0,0.0,0.0,0.0,0.0,0.0,0.0,0.0,0.0,0.0,0.0,0.0,1.0,1.0,0.5,1.0,0.0,0.7,1.0,1.0,0.5,1.0,0.0,0.7,0.38291336052022606
nvbench2:test:447,447,qwen3:14b,staged,55,0.0,1.0,1,0,1.0,0.0,0.0,13.93564229994081,2,2,multi_gold,arc,0.0,0.0,0.0,0.0,0.0,0.0,0.0,0.0,0.0,0.0,0.0,0.0,0.0,0.0,0.0,0.0,0.0,0.0,0.0,0.0,0.0,0.0,0.0,0.0,0.0,0.0,1.0,1.0,0.5,1.0,0.0,0.7,1.0,1.0,0.5,1.0,0.0,0.7,0.38291336052022606
nvbench2:test:448,448,qwen3:14b,staged,55,0.0,1.0,1,0,1.0,0.0,0.0,12.490528099937364,2,2,multi_gold,bar,0.0,0.0,0.0,0.0,0.0,0.0,0.0,0.0,0.0,0.0,0.0,0.0,0.0,0.0,0.0,0.0,0.0,0.0,0.0,0.0,0.0,0.0,0.0,0.0,0.0,0.0,1.0,0.8,0.4,1.0,1.0,0.8400000000000001,1.0,0.8,0.4,1.0,1.0,0.8400000000000001,0.4844170266229248
nvbench2:test:449,449,qwen3:14b,staged,55,0.0,1.0,3,0,1.0,0.0,0.0,16.22750810009893,2,2,multi_gold,arc,0.0,0.0,0.0,0.0,0.0,0.0,0.0,0.0,0.0,0.0,0.0,0.0,0.0,0.0,0.0,0.0,0.0,0.0,0.0,0.0,0.0,0.0,0.0,0.0,0.0,0.0,1.0,1.0,0.0,0.6666666666666666,1.0,0.7333333333333333,1.0,1.0,0.0,0.6666666666666666,1.0,0.7333333333333333,0.8655733784430623
nvbench2:test:450,450,qwen3:14b,staged,55,0.0,1.0,1,1,1.0,1.0,1.0,11.735920399893075,2,2,multi_gold,arc,0.0,0.0,0.0,0.0,0.0,0.0,0.0,0.0,0.0,0.0,0.0,0.0,0.0,0.0,0.0,0.0,0.0,0.0,0.0,0.0,0.0,0.0,0.0,0.0,0.0,0.0,1.0,1.0,1.0,1.0,0.0,0.8,1.0,1.0,1.0,1.0,0.0,0.8,0.4544040753253556
nvbench2:test:451,451,qwen3:14b,staged,55,0.0,1.0,1,0,1.0,0.0,0.0,12.01835360005498,2,2,multi_gold,bar,0.0,0.0,0.0,0.0,0.0,0.0,0.0,0.0,0.0,0.0,0.0,0.0,0.0,0.0,0.0,0.0,0.0,0.0,0.0,0.0,0.0,0.0,0.0,0.0,0.0,0.0,1.0,0.8,0.4,1.0,0.0,0.64,1.0,0.8,0.4,1.0,0.0,0.64,0.34233795667676936
nvbench2:test:452,452,qwen3:14b,staged,55,0.0,1.0,2,2,1.0,1.0,1.0,13.144051700015552,4,4,multi_gold,bar+line,0.0,0.0,0.0,0.0,0.0,0.0,0.0,0.0,0.0,0.0,0.0,0.0,0.0,0.0,0.0,0.0,0.0,0.0,0.0,0.0,0.0,0.0,0.0,0.0,0.0,0.0,0.0,1.0,0.3333333333333333,1.0,1.0,0.6666666666666667,0.0,1.0,0.3333333333333333,1.0,1.0,0.6666666666666667,0.3739879342813441
nvbench2:test:453,453,qwen3:14b,staged,55,0.0,1.0,1,1,1.0,1.0,1.0,13.794870599987917,2,2,multi_gold,bar,1.0,1.0,0.5,1.0,0.6666666666666666,1.0,0.5,1.0,0.6666666666666666,1.0,0.5,1.0,0.6666666666666666,1.0,1.0,0.5,1.0,0.6666666666666666,1.0,0.5,1.0,0.6666666666666666,1.0,0.5,1.0,0.6666666666666666,1.0,1.0,1.0,1.0,1.0,1.0,1.0,1.0,1.0,1.0,1.0,1.0,0.6131471927654584
nvbench2:test:454,454,qwen3:14b,staged,55,0.0,1.0,1,0,1.0,0.0,0.0,11.991320200031623,2,2,multi_gold,arc,0.0,0.0,0.0,0.0,0.0,0.0,0.0,0.0,0.0,0.0,0.0,0.0,0.0,0.0,0.0,0.0,0.0,0.0,0.0,0.0,0.0,0.0,0.0,0.0,0.0,0.0,1.0,1.0,0.5,0.0,1.0,0.7,1.0,1.0,0.5,0.0,1.0,0.7,0.38291336052022606
nvbench2:test:455,455,qwen3:14b,staged,55,0.0,1.0,4,4,1.0,1.0,1.0,17.58032239996828,4,4,multi_gold,bar+line,0.0,0.0,0.0,0.0,0.0,0.0,0.0,0.0,0.0,0.0,0.0,0.0,0.0,0.0,0.0,0.0,0.0,0.0,0.0,0.0,0.0,0.0,0.0,0.0,0.0,0.0,1.0,0.8,0.8,1.0,1.0,0.9199999999999999,1.0,0.8,0.8,1.0,1.0,0.9199999999999999,0.8189171247049749
nvbench2:test:456,456,qwen3:14b,staged,55,0.0,1.0,1,0,1.0,0.0,0.0,13.980272199958563,2,2,multi_gold,arc,0.0,0.0,0.0,0.0,0.0,0.0,0.0,0.0,0.0,0.0,0.0,0.0,0.0,0.0,0.0,0.0,0.0,0.0,0.0,0.0,0.0,0.0,0.0,0.0,0.0,0.0,1.0,1.0,0.5,0.0,1.0,0.7,1.0,1.0,0.5,0.0,1.0,0.7,0.38291336052022606
nvbench2:test:457,457,qwen3:14b,staged,55,0.0,1.0,3,3,1.0,1.0,1.0,15.636434099986218,2,2,multi_gold,line,0.0,0.0,0.0,0.0,0.0,0.0,0.0,0.0,0.0,0.0,0.0,0.0,0.0,0.0,0.0,0.0,0.0,0.0,0.0,0.0,0.0,0.0,0.0,0.0,0.0,0.0,1.0,0.8,0.8,0.0,1.0,0.72,1.0,0.8,0.8,0.0,1.0,0.72,0.783978028666078
nvbench2:test:458,458,qwen3:14b,staged,55,0.0,1.0,1,0,1.0,0.0,0.0,16.600689699989744,2,2,multi_gold,bar,0.0,0.0,0.0,0.0,0.0,0.0,0.0,0.0,0.0,0.0,0.0,0.0,0.0,0.0,0.0,0.0,0.0,0.0,0.0,0.0,0.0,0.0,0.0,0.0,0.0,0.0,1.0,0.8,0.4,1.0,1.0,0.8400000000000001,1.0,0.8,0.4,1.0,1.0,0.8400000000000001,0.4844170266229248
nvbench2:test:459,459,qwen3:14b,staged,55,0.0,1.0,1,0,1.0,0.0,0.0,13.021041299914941,3,3,multi_gold,arc,0.0,0.0,0.0,0.0,0.0,0.0,0.0,0.0,0.0,0.0,0.0,0.0,0.0,0.0,0.0,0.0,0.0,0.0,0.0,0.0,0.0,0.0,0.0,0.0,0.0,0.0,1.0,1.0,0.5,1.0,1.0,0.9,1.0,1.0,0.5,1.0,1.0,0.9,0.40642634118843207
nvbench2:test:460,460,qwen3:14b,staged,55,0.0,1.0,1,0,1.0,0.0,0.0,14.639618400018662,2,2,multi_gold,rect,0.0,0.0,0.0,0.0,0.0,0.0,0.0,0.0,0.0,0.0,0.0,0.0,0.0,0.0,0.0,0.0,0.0,0.0,0.0,0.0,0.0,0.0,0.0,0.0,0.0,0.0,1.0,1.0,0.3333333333333333,0.6666666666666666,0.0,0.6,1.0,1.0,0.3333333333333333,0.6666666666666666,0.0,0.6,0.3162101650184913
nvbench2:test:461,461,qwen3:14b,staged,55,0.0,1.0,1,0,1.0,0.0,0.0,12.426069300039671,3,3,multi_gold,rect,0.0,0.0,0.0,0.0,0.0,0.0,0.0,0.0,0.0,0.0,0.0,0.0,0.0,0.0,0.0,0.0,0.0,0.0,0.0,0.0,0.0,0.0,0.0,0.0,0.0,0.0,1.0,1.0,0.6666666666666666,1.0,1.0,0.9333333333333333,1.0,1.0,0.6666666666666666,1.0,1.0,0.9333333333333333,0.426894976850455
nvbench2:test:462,462,qwen3:14b,staged,55,0.0,1.0,3,2,1.0,1.0,0.0,15.181178699946031,2,2,multi_gold,bar,0.0,0.0,0.0,0.0,0.0,0.0,0.0,0.0,0.0,0.0,0.0,0.0,0.0,0.0,0.0,0.0,0.0,0.0,0.0,0.0,0.0,0.0,0.0,0.0,0.0,0.0,0.0,0.8,0.4,0.0,1.0,0.44000000000000006,1.0,0.8,0.8,1.0,1.0,0.9199999999999999,0.6301033213490376
nvbench2:test:463,463,qwen3:14b,staged,55,0.0,1.0,1,1,1.0,1.0,1.0,12.205301299924031,5,5,multi_gold,line,1.0,1.0,0.2,1.0,0.33333333333333337,1.0,0.2,1.0,0.33333333333333337,1.0,0.2,1.0,0.33333333333333337,1.0,1.0,0.2,1.0,0.33333333333333337,1.0,0.2,1.0,0.33333333333333337,1.0,0.2,1.0,0.33333333333333337,1.0,1.0,1.0,1.0,1.0,1.0,1.0,1.0,1.0,1.0,1.0,1.0,0.3391602052736161
nvbench2:test:464,464,qwen3:14b,staged,55,0.0,1.0,3,3,1.0,1.0,1.0,13.70236599992495,5,5,multi_gold,line,0.0,0.0,0.0,0.0,0.0,0.0,0.0,0.0,0.0,0.0,0.0,0.0,0.0,0.0,0.0,0.0,0.0,0.0,0.0,0.0,0.0,0.0,0.0,0.0,0.0,0.0,1.0,0.8,0.4,0.0,1.0,0.64,1.0,0.8,0.4,0.0,1.0,0.64,0.40351931972380334
nvbench2:test:465,465,qwen3:14b,staged,55,0.0,1.0,1,1,1.0,1.0,1.0,13.007051199907437,2,2,multi_gold,rect,0.0,0.0,0.0,0.0,0.0,0.0,0.0,0.0,0.0,0.0,0.0,0.0,0.0,0.0,0.0,0.0,0.0,0.0,0.0,0.0,0.0,0.0,0.0,0.0,0.0,0.0,1.0,1.0,0.3333333333333333,0.0,1.0,0.6666666666666667,1.0,1.0,0.3333333333333333,0.0,1.0,0.6666666666666667,0.3601633060417787
nvbench2:test:466,466,qwen3:14b,staged,55,0.0,1.0,1,0,1.0,0.0,0.0,13.65872720000334,2,2,multi_gold,rect,0.0,0.0,0.0,0.0,0.0,0.0,0.0,0.0,0.0,0.0,0.0,0.0,0.0,0.0,0.0,0.0,0.0,0.0,0.0,0.0,0.0,0.0,0.0,0.0,0.0,0.0,1.0,1.0,0.6666666666666666,1.0,1.0,0.9333333333333333,1.0,1.0,0.6666666666666666,1.0,1.0,0.9333333333333333,0.5577697051812209
nvbench2:test:467,467,qwen3:14b,staged,55,0.0,1.0,1,0,1.0,0.0,0.0,16.271524399984628,2,2,multi_gold,rect,0.0,0.0,0.0,0.0,0.0,0.0,0.0,0.0,0.0,0.0,0.0,0.0,0.0,0.0,0.0,0.0,0.0,0.0,0.0,0.0,0.0,0.0,0.0,0.0,0.0,0.0,1.0,1.0,0.3333333333333333,1.0,0.0,0.6666666666666667,1.0,1.0,0.3333333333333333,1.0,0.0,0.6666666666666667,0.3601633060417787
nvbench2:test:468,468,qwen3:14b,staged,55,0.0,1.0,3,0,1.0,0.0,0.0,18.02341639995575,3,3,multi_gold,rect,0.0,0.0,0.0,0.0,0.0,0.0,0.0,0.0,0.0,0.0,0.0,0.0,0.0,0.0,0.0,0.0,0.0,0.0,0.0,0.0,0.0,0.0,0.0,0.0,0.0,0.0,1.0,1.0,0.6666666666666666,1.0,1.0,0.9333333333333333,1.0,1.0,0.6666666666666666,1.0,1.0,0.9333333333333333,0.786381287353319
nvbench2:test:469,469,qwen3:14b,staged,55,0.0,1.0,2,0,1.0,0.0,0.0,14.81614070001524,2,2,multi_gold,arc,0.0,0.0,0.0,0.0,0.0,0.0,0.0,0.0,0.0,0.0,0.0,0.0,0.0,0.0,0.0,0.0,0.0,0.0,0.0,0.0,0.0,0.0,0.0,0.0,0.0,0.0,1.0,1.0,0.0,1.0,1.0,0.8,1.0,1.0,0.0,1.0,1.0,0.8,0.7411011265922482
nvbench2:test:470,470,qwen3:14b,staged,55,0.0,1.0,5,0,1.0,0.0,0.0,18.95013609994203,4,4,multi_gold,bar,0.0,0.0,0.0,0.0,0.0,0.0,0.0,0.0,0.0,0.0,0.0,0.0,0.0,0.0,0.0,0.0,0.0,0.0,0.0,0.0,0.0,0.0,0.0,0.0,0.0,0.0,1.0,0.8,0.4,1.0,0.0,0.64,1.0,0.8,0.4,1.0,0.0,0.64,0.6426478158071086
nvbench2:test:471,471,qwen3:14b,staged,55,0.0,1.0,3,3,1.0,1.0,1.0,15.575695500010625,5,5,multi_gold,line,1.0,1.0,0.2,1.0,0.33333333333333337,1.0,0.2,0.3333333333333333,0.25,1.0,0.2,0.3333333333333333,0.25,1.0,1.0,0.2,1.0,0.33333333333333337,1.0,0.2,0.3333333333333333,0.25,1.0,0.2,0.3333333333333333,0.25,1.0,1.0,1.0,1.0,1.0,1.0,1.0,1.0,1.0,1.0,1.0,1.0,0.6234216722554091
nvbench2:test:472,472,qwen3:14b,staged,55,0.0,1.0,2,2,1.0,1.0,1.0,15.658880100003444,4,4,multi_gold,rect,0.0,0.0,0.0,0.0,0.0,0.0,0.0,0.0,0.0,0.0,0.0,0.0,0.0,0.0,0.0,0.0,0.0,0.0,0.0,0.0,0.0,0.0,0.0,0.0,0.0,0.0,1.0,1.0,1.0,1.0,0.0,0.8,1.0,1.0,1.0,1.0,0.0,0.8,0.4718460726264016
nvbench2:test:473,473,qwen3:14b,staged,55,0.0,1.0,1,1,1.0,1.0,1.0,13.446515699964948,3,3,multi_gold,boxplot,0.0,0.0,0.0,0.0,0.0,0.0,0.0,0.0,0.0,0.0,0.0,0.0,0.0,0.0,0.0,0.0,0.0,0.0,0.0,0.0,0.0,0.0,0.0,0.0,0.0,0.0,1.0,1.0,0.0,0.0,1.0,0.6,1.0,1.0,0.0,0.0,1.0,0.6,0.2420148133208297
nvbench2:test:474,474,qwen3:14b,staged,55,0.0,1.0,1,1,1.0,1.0,1.0,13.057355599943548,3,3,multi_gold,boxplot,0.0,0.0,0.0,0.0,0.0,0.0,0.0,0.0,0.0,0.0,0.0,0.0,0.0,0.0,0.0,0.0,0.0,0.0,0.0,0.0,0.0,0.0,0.0,0.0,0.0,0.0,1.0,1.0,0.5,0.0,1.0,0.7,1.0,1.0,0.5,0.0,1.0,0.7,0.29306681351921393
nvbench2:test:475,475,qwen3:14b,staged,55,0.0,1.0,2,1,1.0,1.0,0.0,13.67344109993428,2,2,multi_gold,bar+line,0.0,0.0,0.0,0.0,0.0,0.0,0.0,0.0,0.0,0.0,0.0,0.0,0.0,0.0,0.0,0.0,0.0,0.0,0.0,0.0,0.0,0.0,0.0,0.0,0.0,0.0,1.0,0.8,0.4,1.0,1.0,0.8400000000000001,1.0,0.8,0.4,1.0,1.0,0.8400000000000001,0.7004082292671552
nvbench2:test:476,476,qwen3:14b,staged,55,0.0,1.0,1,1,1.0,1.0,1.0,12.984479999984615,2,2,multi_gold,arc,0.0,0.0,0.0,0.0,0.0,0.0,0.0,0.0,0.0,0.0,0.0,0.0,0.0,0.0,0.0,0.0,0.0,0.0,0.0,0.0,0.0,0.0,0.0,0.0,0.0,0.0,1.0,1.0,1.0,1.0,0.0,0.8,1.0,1.0,1.0,1.0,0.0,0.8,0.4544040753253556
nvbench2:test:477,477,qwen3:14b,staged,55,0.0,1.0,1,0,1.0,0.0,0.0,11.786637400044128,5,5,multi_gold,bar,0.0,0.0,0.0,0.0,0.0,0.0,0.0,0.0,0.0,0.0,0.0,0.0,0.0,0.0,0.0,0.0,0.0,0.0,0.0,0.0,0.0,0.0,0.0,0.0,0.0,0.0,1.0,0.8,0.4,1.0,1.0,0.8400000000000001,1.0,0.8,0.4,1.0,1.0,0.8400000000000001,0.2679535682883118
nvbench2:test:478,478,qwen3:14b,staged,55,0.0,1.0,1,1,1.0,1.0,1.0,14.549710700055584,4,4,multi_gold,rect,0.0,0.0,0.0,0.0,0.0,0.0,0.0,0.0,0.0,0.0,0.0,0.0,0.0,0.0,0.0,0.0,0.0,0.0,0.0,0.0,0.0,0.0,0.0,0.0,0.0,0.0,1.0,1.0,0.6666666666666666,1.0,0.0,0.7333333333333333,1.0,1.0,0.6666666666666666,1.0,0.0,0.7333333333333333,0.25861733291100014
nvbench2:test:479,479,qwen3:14b,staged,55,0.0,1.0,2,2,1.0,1.0,1.0,15.32841900002677,2,2,multi_gold,bar+line,0.0,0.0,0.0,0.0,0.0,0.0,0.0,0.0,0.0,0.0,0.0,0.0,0.0,0.0,0.0,0.0,0.0,0.0,0.0,0.0,0.0,0.0,0.0,0.0,0.0,0.0,1.0,0.8,0.0,0.0,1.0,0.5599999999999999,1.0,0.8,0.0,0.0,1.0,0.5599999999999999,0.41439937141324745
nvbench2:test:480,480,qwen3:14b,staged,55,0.0,1.0,1,0,1.0,0.0,0.0,15.449372299946845,2,2,multi_gold,rect,0.0,0.0,0.0,0.0,0.0,0.0,0.0,0.0,0.0,0.0,0.0,0.0,0.0,0.0,0.0,0.0,0.0,0.0,0.0,0.0,0.0,0.0,0.0,0.0,0.0,0.0,1.0,1.0,0.3333333333333333,0.5,1.0,0.7666666666666667,1.0,1.0,0.3333333333333333,0.5,1.0,0.7666666666666667,0.43002117066410067
nvbench2:test:481,481,qwen3:14b,staged,55,0.0,1.0,1,1,1.0,1.0,1.0,13.878116400097497,2,2,multi_gold,rect,0.0,0.0,0.0,0.0,0.0,0.0,0.0,0.0,0.0,0.0,0.0,0.0,0.0,0.0,0.0,0.0,0.0,0.0,0.0,0.0,0.0,0.0,0.0,0.0,0.0,0.0,1.0,1.0,0.8,0.6666666666666666,1.0,0.8933333333333333,1.0,1.0,0.8,0.6666666666666666,1.0,0.8933333333333333,0.5257509210310254
nvbench2:test:482,482,qwen3:14b,staged,55,0.0,1.0,1,1,1.0,1.0,1.0,10.298201500088908,3,3,multi_gold,arc,1.0,1.0,0.3333333333333333,1.0,0.5,1.0,0.3333333333333333,1.0,0.5,1.0,0.3333333333333333,1.0,0.5,1.0,1.0,0.3333333333333333,1.0,0.5,1.0,0.3333333333333333,1.0,0.5,1.0,0.3333333333333333,1.0,0.5,1.0,1.0,1.0,1.0,1.0,1.0,1.0,1.0,1.0,1.0,1.0,1.0,0.46927872602275644
nvbench2:test:483,483,qwen3:14b,staged,55,0.0,1.0,1,0,1.0,0.0,0.0,11.806361899944022,2,2,multi_gold,arc,0.0,0.0,0.0,0.0,0.0,0.0,0.0,0.0,0.0,0.0,0.0,0.0,0.0,0.0,0.0,0.0,0.0,0.0,0.0,0.0,0.0,0.0,0.0,0.0,0.0,0.0,1.0,1.0,0.5,1.0,1.0,0.9,1.0,1.0,0.5,1.0,1.0,0.9,0.5310259262712439
nvbench2:test:484,484,qwen3:14b,staged,55,0.0,1.0,1,1,1.0,1.0,1.0,12.401254500029609,2,2,multi_gold,rect,0.0,0.0,0.0,0.0,0.0,0.0,0.0,0.0,0.0,0.0,0.0,0.0,0.0,0.0,0.0,0.0,0.0,0.0,0.0,0.0,0.0,0.0,0.0,0.0,0.0,0.0,1.0,1.0,1.0,0.6666666666666666,1.0,0.9333333333333333,1.0,1.0,1.0,0.6666666666666666,1.0,0.9333333333333333,0.5577697051812209
nvbench2:test:485,485,qwen3:14b,staged,55,0.0,1.0,1,1,1.0,1.0,1.0,17.552947800024413,2,2,multi_gold,line,0.0,0.0,0.0,0.0,0.0,0.0,0.0,0.0,0.0,0.0,0.0,0.0,0.0,0.0,0.0,0.0,0.0,0.0,0.0,0.0,0.0,0.0,0.0,0.0,0.0,0.0,1.0,0.8,0.4,0.6666666666666666,0.0,0.5733333333333334,1.0,0.8,0.4,0.6666666666666666,0.0,0.5733333333333334,0.2991897798405424
nvbench2:test:486,486,qwen3:14b,staged,55,0.0,1.0,1,1,1.0,1.0,1.0,10.994829699979164,2,2,multi_gold,rect,0.0,0.0,0.0,0.0,0.0,0.0,0.0,0.0,0.0,0.0,0.0,0.0,0.0,0.0,0.0,0.0,0.0,0.0,0.0,0.0,0.0,0.0,0.0,0.0,0.0,0.0,1.0,1.0,0.6666666666666666,0.0,1.0,0.7333333333333333,1.0,1.0,0.6666666666666666,0.0,1.0,0.7333333333333333,0.40619517231497354
nvbench2:test:487,487,qwen3:14b,staged,55,0.0,1.0,1,1,1.0,1.0,1.0,13.101451300084591,2,2,multi_gold,line,1.0,1.0,0.5,1.0,0.6666666666666666,1.0,0.5,1.0,0.6666666666666666,1.0,0.5,1.0,0.6666666666666666,1.0,1.0,0.5,1.0,0.6666666666666666,1.0,0.5,1.0,0.6666666666666666,1.0,0.5,1.0,0.6666666666666666,1.0,1.0,1.0,1.0,1.0,1.0,1.0,1.0,1.0,1.0,1.0,1.0,0.6131471927654584
nvbench2:test:488,488,qwen3:14b,staged,55,0.0,1.0,1,0,1.0,0.0,0.0,13.249676499981433,3,3,multi_gold,rect,0.0,0.0,0.0,0.0,0.0,0.0,0.0,0.0,0.0,0.0,0.0,0.0,0.0,0.0,0.0,0.0,0.0,0.0,0.0,0.0,0.0,0.0,0.0,0.0,0.0,0.0,1.0,1.0,0.6666666666666666,0.6666666666666666,1.0,0.8666666666666666,1.0,1.0,0.6666666666666666,0.6666666666666666,1.0,0.8666666666666666,0.3864252098110378
nvbench2:test:489,489,qwen3:14b,staged,55,0.0,1.0,1,0,1.0,0.0,0.0,11.731987199978903,2,2,multi_gold,arc,0.0,0.0,0.0,0.0,0.0,0.0,0.0,0.0,0.0,0.0,0.0,0.0,0.0,0.0,0.0,0.0,0.0,0.0,0.0,0.0,0.0,0.0,0.0,0.0,0.0,0.0,1.0,1.0,0.5,0.0,1.0,0.7,1.0,1.0,0.5,0.0,1.0,0.7,0.38291336052022606
nvbench2:test:490,490,qwen3:14b,staged,55,0.0,1.0,1,0,1.0,0.0,0.0,11.899016699986532,5,5,multi_gold,arc,0.0,0.0,0.0,0.0,0.0,0.0,0.0,0.0,0.0,0.0,0.0,0.0,0.0,0.0,0.0,0.0,0.0,0.0,0.0,0.0,0.0,0.0,0.0,0.0,0.0,0.0,1.0,1.0,0.5,1.0,1.0,0.9,1.0,1.0,0.5,1.0,1.0,0.9,0.29373511659974333
nvbench2:test:491,491,qwen3:14b,staged,55,0.0,1.0,1,1,1.0,1.0,1.0,12.2486135000363,2,2,multi_gold,point,0.0,0.0,0.0,0.0,0.0,0.0,0.0,0.0,0.0,0.0,0.0,0.0,0.0,0.0,0.0,0.0,0.0,0.0,0.0,0.0,0.0,0.0,0.0,0.0,0.0,0.0,1.0,0.8,0.4,1.0,0.0,0.64,1.0,0.8,0.4,1.0,0.0,0.64,0.34233795667676936
nvbench2:test:492,492,qwen3:14b,staged,55,0.0,1.0,1,1,1.0,1.0,1.0,11.285373100079596,2,2,multi_gold,rect,1.0,1.0,0.5,1.0,0.6666666666666666,1.0,0.5,1.0,0.6666666666666666,1.0,0.5,1.0,0.6666666666666666,1.0,1.0,0.5,1.0,0.6666666666666666,1.0,0.5,1.0,0.6666666666666666,1.0,0.5,1.0,0.6666666666666666,1.0,1.0,1.0,1.0,1.0,1.0,1.0,1.0,1.0,1.0,1.0,1.0,0.6131471927654584
nvbench2:test:493,493,qwen3:14b,staged,55,0.0,1.0,2,0,1.0,0.0,0.0,14.496939599979669,2,2,multi_gold,arc,0.0,0.0,0.0,0.0,0.0,0.0,0.0,0.0,0.0,0.0,0.0,0.0,0.0,0.0,0.0,0.0,0.0,0.0,0.0,0.0,0.0,0.0,0.0,0.0,0.0,0.0,1.0,1.0,0.5,0.6666666666666666,1.0,0.8333333333333334,1.0,1.0,0.5,0.6666666666666666,1.0,0.8333333333333334,0.7817974362806784
nvbench2:test:494,494,qwen3:14b,staged,55,0.0,1.0,1,1,1.0,1.0,1.0,12.901532600051723,3,3,multi_gold,rect,1.0,1.0,0.3333333333333333,1.0,0.5,1.0,0.3333333333333333,1.0,0.5,1.0,0.3333333333333333,1.0,0.5,1.0,1.0,0.3333333333333333,1.0,0.5,1.0,0.3333333333333333,1.0,0.5,1.0,0.3333333333333333,1.0,0.5,1.0,1.0,1.0,1.0,1.0,1.0,1.0,1.0,1.0,1.0,1.0,1.0,0.46927872602275644
nvbench2:test:495,495,qwen3:14b,staged,55,0.0,1.0,1,0,1.0,0.0,0.0,12.042409099987708,2,2,multi_gold,bar,0.0,0.0,0.0,0.0,0.0,0.0,0.0,0.0,0.0,0.0,0.0,0.0,0.0,0.0,0.0,0.0,0.0,0.0,0.0,0.0,0.0,0.0,0.0,0.0,0.0,0.0,1.0,0.8,0.4,1.0,1.0,0.8400000000000001,1.0,0.8,0.4,1.0,1.0,0.8400000000000001,0.4844170266229248
nvbench2:test:496,496,qwen3:14b,staged,55,0.0,1.0,1,0,1.0,0.0,0.0,12.765244700014591,2,2,multi_gold,arc,0.0,0.0,0.0,0.0,0.0,0.0,0.0,0.0,0.0,0.0,0.0,0.0,0.0,0.0,0.0,0.0,0.0,0.0,0.0,0.0,0.0,0.0,0.0,0.0,0.0,0.0,1.0,1.0,0.5,0.6666666666666666,1.0,0.8333333333333334,1.0,1.0,0.5,0.6666666666666666,1.0,0.8333333333333334,0.47935690336673037
nvbench2:test:497,497,qwen3:14b,staged,55,0.0,1.0,1,1,1.0,1.0,1.0,13.150899700005539,2,2,multi_gold,bar,0.0,0.0,0.0,0.0,0.0,0.0,0.0,0.0,0.0,0.0,0.0,0.0,0.0,0.0,0.0,0.0,0.0,0.0,0.0,0.0,0.0,0.0,0.0,0.0,0.0,0.0,1.0,1.0,0.3333333333333333,0.0,1.0,0.6666666666666667,1.0,1.0,0.3333333333333333,0.0,1.0,0.6666666666666667,0.3601633060417787
nvbench2:test:498,498,qwen3:14b,staged,55,0.0,1.0,1,1,1.0,1.0,1.0,12.706535200006329,5,5,multi_gold,boxplot,0.0,0.0,0.0,0.0,0.0,0.0,0.0,0.0,0.0,0.0,0.0,0.0,0.0,0.0,0.0,0.0,0.0,0.0,0.0,0.0,0.0,0.0,0.0,0.0,0.0,0.0,1.0,1.0,1.0,0.0,1.0,0.8,1.0,1.0,1.0,0.0,1.0,0.8,0.2513520102235351
nvbench2:test:499,499,qwen3:14b,staged,55,0.0,1.0,5,5,1.0,1.0,1.0,21.052472100011073,2,2,multi_gold,arc,0.0,0.0,0.0,0.0,0.0,0.0,0.0,0.0,0.0,0.0,0.0,0.0,0.0,0.0,0.0,0.0,0.0,0.0,0.0,0.0,0.0,0.0,0.0,0.0,0.0,0.0,1.0,1.0,0.5,1.0,0.0,0.7,1.0,1.0,1.0,1.0,0.0,0.8,1.1597937645530925
nvbench2:test:500,500,qwen3:14b,staged,55,0.0,1.0,1,0,1.0,0.0,0.0,10.896755399997346,5,5,multi_gold,bar,0.0,0.0,0.0,0.0,0.0,0.0,0.0,0.0,0.0,0.0,0.0,0.0,0.0,0.0,0.0,0.0,0.0,0.0,0.0,0.0,0.0,0.0,0.0,0.0,0.0,0.0,1.0,0.8,0.4,1.0,1.0,0.8400000000000001,1.0,0.8,0.4,1.0,1.0,0.8400000000000001,0.2679535682883118
nvbench2:test:501,501,qwen3:14b,staged,55,0.0,1.0,1,0,1.0,0.0,0.0,15.7918988999445,5,5,multi_gold,rect,0.0,0.0,0.0,0.0,0.0,0.0,0.0,0.0,0.0,0.0,0.0,0.0,0.0,0.0,0.0,0.0,0.0,0.0,0.0,0.0,0.0,0.0,0.0,0.0,0.0,0.0,1.0,0.8,0.4,0.6666666666666666,0.0,0.5733333333333334,1.0,0.8,0.4,0.6666666666666666,0.0,0.5733333333333334,0.1654957705813097
nvbench2:test:502,502,qwen3:14b,staged,55,0.0,1.0,1,1,1.0,1.0,1.0,11.755275000003166,3,3,multi_gold,arc,0.0,0.0,0.0,0.0,0.0,0.0,0.0,0.0,0.0,0.0,0.0,0.0,0.0,0.0,0.0,0.0,0.0,0.0,0.0,0.0,0.0,0.0,0.0,0.0,0.0,0.0,1.0,1.0,0.5,0.0,1.0,0.7,1.0,1.0,0.5,0.0,1.0,0.7,0.29306681351921393
nvbench2:test:503,503,qwen3:14b,staged,55,0.0,1.0,1,0,1.0,0.0,0.0,12.938955699908547,5,5,multi_gold,arc,0.0,0.0,0.0,0.0,0.0,0.0,0.0,0.0,0.0,0.0,0.0,0.0,0.0,0.0,0.0,0.0,0.0,0.0,0.0,0.0,0.0,0.0,0.0,0.0,0.0,0.0,1.0,1.0,0.5,1.0,1.0,0.9,1.0,1.0,0.5,1.0,1.0,0.9,0.29373511659974333
nvbench2:test:504,504,qwen3:14b,staged,55,0.0,1.0,2,1,1.0,1.0,0.0,15.709894599975087,5,5,multi_gold,bar,0.0,0.0,0.0,0.0,0.0,0.0,0.0,0.0,0.0,0.0,0.0,0.0,0.0,0.0,0.0,0.0,0.0,0.0,0.0,0.0,0.0,0.0,0.0,0.0,0.0,0.0,1.0,0.8,0.4,1.0,1.0,0.8400000000000001,1.0,0.8,0.4,1.0,1.0,0.8400000000000001,0.3694406665750026
nvbench2:test:505,505,qwen3:14b,staged,55,0.0,1.0,1,0,1.0,0.0,0.0,13.430474299937487,2,2,multi_gold,bar,0.0,0.0,0.0,0.0,0.0,0.0,0.0,0.0,0.0,0.0,0.0,0.0,0.0,0.0,0.0,0.0,0.0,0.0,0.0,0.0,0.0,0.0,0.0,0.0,0.0,0.0,1.0,0.8,0.8,1.0,0.0,0.72,1.0,0.8,0.8,1.0,0.0,0.72,0.39681784768346284
nvbench2:test:506,506,qwen3:14b,staged,55,0.0,1.0,1,1,1.0,1.0,1.0,14.386655500042252,2,1,single_gold,rect,0.0,0.0,0.0,0.0,0.0,0.0,0.0,0.0,0.0,0.0,0.0,0.0,0.0,0.0,0.0,0.0,0.0,0.0,0.0,0.0,0.0,0.0,0.0,0.0,0.0,0.0,1.0,1.0,0.3333333333333333,1.0,1.0,0.8666666666666666,1.0,1.0,0.3333333333333333,1.0,1.0,0.8666666666666666,0.8234449771164336
nvbench2:test:507,507,qwen3:14b,staged,55,0.0,1.0,2,1,1.0,1.0,0.0,11.10021169995889,5,5,multi_gold,bar+line+rect,0.0,0.0,0.0,0.0,0.0,0.0,0.0,0.0,0.0,0.0,0.0,0.0,0.0,0.0,0.0,0.0,0.0,0.0,0.0,0.0,0.0,0.0,0.0,0.0,0.0,0.0,0.0,0.8,0.8,0.0,1.0,0.52,1.0,0.8,0.8,0.0,1.0,0.72,0.2856684171700789
nvbench2:test:508,508,qwen3:14b,staged,55,0.0,1.0,2,0,1.0,0.0,0.0,13.469693999970332,2,2,multi_gold,arc,0.0,0.0,0.0,0.0,0.0,0.0,0.0,0.0,0.0,0.0,0.0,0.0,0.0,0.0,0.0,0.0,0.0,0.0,0.0,0.0,0.0,0.0,0.0,0.0,0.0,0.0,1.0,1.0,0.5,1.0,1.0,0.9,1.0,1.0,0.5,1.0,1.0,0.9,0.8660659830736148
nvbench2:test:509,509,qwen3:14b,staged,55,0.0,1.0,1,0,1.0,0.0,0.0,14.79898839991074,3,3,multi_gold,line,0.0,0.0,0.0,0.0,0.0,0.0,0.0,0.0,0.0,0.0,0.0,0.0,0.0,0.0,0.0,0.0,0.0,0.0,0.0,0.0,0.0,0.0,0.0,0.0,0.0,0.0,1.0,0.8,0.4,0.5,1.0,0.74,1.0,0.8,0.4,0.5,1.0,0.74,0.31449926386992244
nvbench2:test:510,510,qwen3:14b,staged,55,0.0,1.0,1,1,1.0,1.0,1.0,11.262404200038873,2,2,multi_gold,boxplot,1.0,1.0,0.5,1.0,0.6666666666666666,1.0,0.5,1.0,0.6666666666666666,1.0,0.5,1.0,0.6666666666666666,1.0,1.0,0.5,1.0,0.6666666666666666,1.0,0.5,1.0,0.6666666666666666,1.0,0.5,1.0,0.6666666666666666,1.0,1.0,1.0,1.0,1.0,1.0,1.0,1.0,1.0,1.0,1.0,1.0,0.6131471927654584
nvbench2:test:511,511,qwen3:14b,staged,55,0.0,1.0,1,0,1.0,0.0,0.0,12.93341979989782,3,3,multi_gold,arc,0.0,0.0,0.0,0.0,0.0,0.0,0.0,0.0,0.0,0.0,0.0,0.0,0.0,0.0,0.0,0.0,0.0,0.0,0.0,0.0,0.0,0.0,0.0,0.0,0.0,0.0,1.0,1.0,0.5,1.0,1.0,0.9,1.0,1.0,0.5,1.0,1.0,0.9,0.40642634118843207
nvbench2:test:512,512,qwen3:14b,staged,55,0.0,1.0,1,1,1.0,1.0,1.0,11.842383899958804,3,3,multi_gold,arc,1.0,1.0,0.3333333333333333,1.0,0.5,1.0,0.3333333333333333,1.0,0.5,1.0,0.3333333333333333,1.0,0.5,1.0,1.0,0.3333333333333333,1.0,0.5,1.0,0.3333333333333333,1.0,0.5,1.0,0.3333333333333333,1.0,0.5,1.0,1.0,1.0,1.0,1.0,1.0,1.0,1.0,1.0,1.0,1.0,1.0,0.46927872602275644
nvbench2:test:513,513,qwen3:14b,staged,55,0.0,1.0,1,1,1.0,1.0,1.0,10.880324800033122,2,2,multi_gold,point,0.0,0.0,0.0,0.0,0.0,0.0,0.0,0.0,0.0,0.0,0.0,0.0,0.0,0.0,0.0,0.0,0.0,0.0,0.0,0.0,0.0,0.0,0.0,0.0,0.0,0.0,1.0,0.8,0.0,1.0,1.0,0.76,1.0,0.8,0.0,1.0,1.0,0.76,0.42521182975933103
nvbench2:test:514,514,qwen3:14b,staged,55,0.0,1.0,2,2,1.0,1.0,1.0,12.863397000008263,2,2,multi_gold,boxplot,1.0,1.0,0.5,1.0,0.6666666666666666,1.0,1.0,1.0,1.0,1.0,1.0,1.0,1.0,1.0,1.0,0.5,1.0,0.6666666666666666,1.0,1.0,1.0,1.0,1.0,1.0,1.0,1.0,1.0,1.0,1.0,1.0,1.0,1.0,1.0,1.0,1.0,1.0,1.0,1.0,1.0
nvbench2:test:515,515,qwen3:14b,staged,55,0.0,1.0,1,1,1.0,1.0,1.0,11.43851399992127,2,2,multi_gold,point,0.0,0.0,0.0,0.0,0.0,0.0,0.0,0.0,0.0,0.0,0.0,0.0,0.0,0.0,0.0,0.0,0.0,0.0,0.0,0.0,0.0,0.0,0.0,0.0,0.0,0.0,1.0,0.8,0.0,1.0,0.0,0.5599999999999999,1.0,0.8,0.0,1.0,0.0,0.5599999999999999,0.29079683919710986
nvbench2:test:516,516,qwen3:14b,staged,55,0.0,1.0,1,1,1.0,1.0,1.0,12.260730800102465,4,4,multi_gold,point,0.0,0.0,0.0,0.0,0.0,0.0,0.0,0.0,0.0,0.0,0.0,0.0,0.0,0.0,0.0,0.0,0.0,0.0,0.0,0.0,0.0,0.0,0.0,0.0,0.0,0.0,1.0,0.8,0.0,0.0,1.0,0.5599999999999999,1.0,0.8,0.0,0.0,1.0,0.5599999999999999,0.185145240755815
nvbench2:test:517,517,qwen3:14b,staged,55,0.0,1.0,1,0,1.0,0.0,0.0,13.828644900000654,4,4,multi_gold,rect,0.0,0.0,0.0,0.0,0.0,0.0,0.0,0.0,0.0,0.0,0.0,0.0,0.0,0.0,0.0,0.0,0.0,0.0,0.0,0.0,0.0,0.0,0.0,0.0,0.0,0.0,1.0,1.0,0.3333333333333333,0.5,1.0,0.7666666666666667,1.0,1.0,0.3333333333333333,0.5,1.0,0.7666666666666667,0.2737869276451668
nvbench2:test:518,518,qwen3:14b,staged,55,0.0,1.0,1,0,1.0,0.0,0.0,13.639221800025553,3,3,multi_gold,arc,0.0,0.0,0.0,0.0,0.0,0.0,0.0,0.0,0.0,0.0,0.0,0.0,0.0,0.0,0.0,0.0,0.0,0.0,0.0,0.0,0.0,0.0,0.0,0.0,0.0,0.0,1.0,1.0,0.5,0.0,0.0,0.5,1.0,1.0,0.5,0.0,0.0,0.5,0.19438161285179364
nvbench2:test:519,519,qwen3:14b,staged,55,0.0,1.0,1,0,1.0,0.0,0.0,11.409855899983086,3,3,multi_gold,boxplot,0.0,0.0,0.0,0.0,0.0,0.0,0.0,0.0,0.0,0.0,0.0,0.0,0.0,0.0,0.0,0.0,0.0,0.0,0.0,0.0,0.0,0.0,0.0,0.0,0.0,0.0,1.0,0.6666666666666666,0.6666666666666666,0.0,1.0,0.6666666666666666,1.0,0.6666666666666666,0.6666666666666666,0.0,1.0,0.6666666666666666,0.27565481733206354
nvbench2:test:520,520,qwen3:14b,staged,55,0.0,1.0,1,1,1.0,1.0,1.0,13.467675899970345,3,3,multi_gold,rect,0.0,0.0,0.0,0.0,0.0,0.0,0.0,0.0,0.0,0.0,0.0,0.0,0.0,0.0,0.0,0.0,0.0,0.0,0.0,0.0,0.0,0.0,0.0,0.0,0.0,0.0,1.0,1.0,0.6666666666666666,0.6666666666666666,1.0,0.8666666666666666,1.0,1.0,0.6666666666666666,0.6666666666666666,1.0,0.8666666666666666,0.3864252098110378
nvbench2:test:521,521,qwen3:14b,staged,55,0.0,1.0,1,1,1.0,1.0,1.0,10.665719100041315,2,2,multi_gold,arc,0.0,0.0,0.0,0.0,0.0,0.0,0.0,0.0,0.0,0.0,0.0,0.0,0.0,0.0,0.0,0.0,0.0,0.0,0.0,0.0,0.0,0.0,0.0,0.0,0.0,0.0,1.0,1.0,0.6666666666666666,1.0,1.0,0.9333333333333333,1.0,1.0,0.6666666666666666,1.0,1.0,0.9333333333333333,0.5577697051812209
nvbench2:test:522,522,qwen3:14b,staged,55,0.0,1.0,1,1,1.0,1.0,1.0,11.652876900043339,5,5,multi_gold,bar,1.0,1.0,0.2,1.0,0.33333333333333337,1.0,0.2,1.0,0.33333333333333337,1.0,0.2,1.0,0.33333333333333337,1.0,1.0,0.2,1.0,0.33333333333333337,1.0,0.2,1.0,0.33333333333333337,1.0,0.2,1.0,0.33333333333333337,1.0,1.0,1.0,1.0,1.0,1.0,1.0,1.0,1.0,1.0,1.0,1.0,0.3391602052736161
nvbench2:test:523,523,qwen3:14b,staged,55,0.0,1.0,1,0,1.0,0.0,0.0,12.807471300009638,2,2,multi_gold,arc,0.0,0.0,0.0,0.0,0.0,0.0,0.0,0.0,0.0,0.0,0.0,0.0,0.0,0.0,0.0,0.0,0.0,0.0,0.0,0.0,0.0,0.0,0.0,0.0,0.0,0.0,1.0,1.0,0.5,1.0,1.0,0.9,1.0,1.0,0.5,1.0,1.0,0.9,0.5310259262712439
nvbench2:test:524,524,qwen3:14b,staged,55,0.0,1.0,5,0,1.0,0.0,0.0,19.117619399912655,5,5,multi_gold,bar+line+rect,0.0,0.0,0.0,0.0,0.0,0.0,0.0,0.0,0.0,0.0,0.0,0.0,0.0,0.0,0.0,0.0,0.0,0.0,0.0,0.0,0.0,0.0,0.0,0.0,0.0,0.0,1.0,0.8,0.0,0.0,1.0,0.5599999999999999,1.0,1.0,0.6666666666666666,0.5,1.0,0.8333333333333334,0.5789296308907526
nvbench2:test:525,525,qwen3:14b,staged,55,0.0,1.0,1,0,1.0,0.0,0.0,14.708095900015905,5,5,multi_gold,line,0.0,0.0,0.0,0.0,0.0,0.0,0.0,0.0,0.0,0.0,0.0,0.0,0.0,0.0,0.0,0.0,0.0,0.0,0.0,0.0,0.0,0.0,0.0,0.0,0.0,0.0,1.0,1.0,0.5,0.0,1.0,0.7,1.0,1.0,0.5,0.0,1.0,0.7,0.21180717369071872
nvbench2:test:526,526,qwen3:14b,staged,55,0.0,1.0,2,0,1.0,0.0,0.0,17.11879980005324,2,2,multi_gold,arc,0.0,0.0,0.0,0.0,0.0,0.0,0.0,0.0,0.0,0.0,0.0,0.0,0.0,0.0,0.0,0.0,0.0,0.0,0.0,0.0,0.0,0.0,0.0,0.0,0.0,0.0,1.0,1.0,1.0,1.0,0.0,0.8,1.0,1.0,1.0,1.0,0.0,0.8,0.7411011265922482
nvbench2:test:527,527,qwen3:14b,staged,55,0.0,1.0,1,0,1.0,0.0,0.0,12.290293199941516,3,3,multi_gold,bar,0.0,0.0,0.0,0.0,0.0,0.0,0.0,0.0,0.0,0.0,0.0,0.0,0.0,0.0,0.0,0.0,0.0,0.0,0.0,0.0,0.0,0.0,0.0,0.0,0.0,0.0,1.0,1.0,0.5,1.0,0.0,0.7,1.0,1.0,0.5,1.0,0.0,0.7,0.29306681351921393
nvbench2:test:528,528,qwen3:14b,staged,55,0.0,1.0,1,0,1.0,0.0,0.0,14.392502399976365,3,3,multi_gold,line,0.0,0.0,0.0,0.0,0.0,0.0,0.0,0.0,0.0,0.0,0.0,0.0,0.0,0.0,0.0,0.0,0.0,0.0,0.0,0.0,0.0,0.0,0.0,0.0,0.0,0.0,1.0,1.0,0.5,1.0,1.0,0.9,1.0,1.0,0.5,1.0,1.0,0.9,0.40642634118843207
nvbench2:test:529,529,qwen3:14b,staged,55,0.0,1.0,1,0,1.0,0.0,0.0,13.647473599994555,3,3,multi_gold,line,0.0,0.0,0.0,0.0,0.0,0.0,0.0,0.0,0.0,0.0,0.0,0.0,0.0,0.0,0.0,0.0,0.0,0.0,0.0,0.0,0.0,0.0,0.0,0.0,0.0,0.0,1.0,1.0,0.5,1.0,0.0,0.7,1.0,1.0,0.5,1.0,0.0,0.7,0.29306681351921393
nvbench2:test:530,530,qwen3:14b,staged,55,0.0,1.0,3,3,1.0,1.0,1.0,21.33147520001512,3,3,multi_gold,bar,0.0,0.0,0.0,0.0,0.0,0.0,0.0,0.0,0.0,0.0,0.0,0.0,0.0,0.0,0.0,0.0,0.0,0.0,0.0,0.0,0.0,0.0,0.0,0.0,0.0,0.0,1.0,1.0,1.0,1.0,1.0,1.0,1.0,1.0,1.0,1.0,1.0,1.0,0.8485002516988821
nvbench2:test:531,531,qwen3:14b,staged,55,0.0,1.0,1,1,1.0,1.0,1.0,13.071924300049432,3,3,multi_gold,line,0.0,0.0,0.0,0.0,0.0,0.0,0.0,0.0,0.0,0.0,0.0,0.0,0.0,0.0,0.0,0.0,0.0,0.0,0.0,0.0,0.0,0.0,0.0,0.0,0.0,0.0,1.0,1.0,0.0,0.0,0.0,0.4,1.0,1.0,0.0,0.0,0.0,0.4,0.14993826532169632
nvbench2:test:532,532,qwen3:14b,staged,55,0.0,1.0,1,0,1.0,0.0,0.0,11.563415299984626,3,3,multi_gold,arc+bar+line,0.0,0.0,0.0,0.0,0.0,0.0,0.0,0.0,0.0,0.0,0.0,0.0,0.0,0.0,0.0,0.0,0.0,0.0,0.0,0.0,0.0,0.0,0.0,0.0,0.0,0.0,1.0,1.0,0.5,1.0,1.0,0.9,1.0,1.0,0.5,1.0,1.0,0.9,0.40642634118843207
nvbench2:test:533,533,qwen3:14b,staged,55,0.0,1.0,1,0,1.0,0.0,0.0,12.976244200021029,3,3,multi_gold,line,0.0,0.0,0.0,0.0,0.0,0.0,0.0,0.0,0.0,0.0,0.0,0.0,0.0,0.0,0.0,0.0,0.0,0.0,0.0,0.0,0.0,0.0,0.0,0.0,0.0,0.0,0.0,1.0,0.5,1.0,0.0,0.5,0.0,1.0,0.5,1.0,0.0,0.5,0.19438161285179364
nvbench2:test:534,534,qwen3:14b,staged,55,0.0,1.0,3,0,1.0,0.0,0.0,23.34668309998233,2,2,multi_gold,bar,0.0,0.0,0.0,0.0,0.0,0.0,0.0,0.0,0.0,0.0,0.0,0.0,0.0,0.0,0.0,0.0,0.0,0.0,0.0,0.0,0.0,0.0,0.0,0.0,0.0,0.0,1.0,1.0,0.6666666666666666,1.0,0.0,0.7333333333333333,1.0,1.0,0.6666666666666666,1.0,0.0,0.7333333333333333,0.8336447706239603
nvbench2:test:535,535,qwen3:14b,staged,55,0.0,1.0,1,0,1.0,0.0,0.0,16.087183400057256,3,3,multi_gold,line,0.0,0.0,0.0,0.0,0.0,0.0,0.0,0.0,0.0,0.0,0.0,0.0,0.0,0.0,0.0,0.0,0.0,0.0,0.0,0.0,0.0,0.0,0.0,0.0,0.0,0.0,1.0,1.0,1.0,1.0,0.0,0.8,1.0,1.0,1.0,1.0,0.0,0.8,0.3477829925412398
nvbench2:test:536,536,qwen3:14b,staged,55,0.0,1.0,1,1,1.0,1.0,1.0,18.492434600018896,2,2,multi_gold,bar,0.0,0.0,0.0,0.0,0.0,0.0,0.0,0.0,0.0,0.0,0.0,0.0,0.0,0.0,0.0,0.0,0.0,0.0,0.0,0.0,0.0,0.0,0.0,0.0,0.0,0.0,1.0,0.8,0.8,1.0,0.0,0.72,1.0,0.8,0.8,1.0,0.0,0.72,0.39681784768346284
nvbench2:test:537,537,qwen3:14b,staged,55,0.0,1.0,1,0,1.0,0.0,0.0,16.969670600024983,3,3,multi_gold,rect,0.0,0.0,0.0,0.0,0.0,0.0,0.0,0.0,0.0,0.0,0.0,0.0,0.0,0.0,0.0,0.0,0.0,0.0,0.0,0.0,0.0,0.0,0.0,0.0,0.0,0.0,1.0,1.0,0.0,0.6666666666666666,1.0,0.7333333333333333,1.0,1.0,0.0,0.6666666666666666,1.0,0.7333333333333333,0.3108857958246911
nvbench2:test:538,538,qwen3:14b,staged,55,0.0,1.0,1,0,1.0,0.0,0.0,14.941717599984258,3,3,multi_gold,arc,0.0,0.0,0.0,0.0,0.0,0.0,0.0,0.0,0.0,0.0,0.0,0.0,0.0,0.0,0.0,0.0,0.0,0.0,0.0,0.0,0.0,0.0,0.0,0.0,0.0,0.0,1.0,1.0,0.5,1.0,1.0,0.9,1.0,1.0,0.5,1.0,1.0,0.9,0.40642634118843207
nvbench2:test:539,539,qwen3:14b,staged,55,0.0,1.0,1,0,1.0,0.0,0.0,12.536921399994753,2,2,multi_gold,bar,0.0,0.0,0.0,0.0,0.0,0.0,0.0,0.0,0.0,0.0,0.0,0.0,0.0,0.0,0.0,0.0,0.0,0.0,0.0,0.0,0.0,0.0,0.0,0.0,0.0,0.0,1.0,0.8,0.4,1.0,1.0,0.8400000000000001,1.0,0.8,0.4,1.0,1.0,0.8400000000000001,0.4844170266229248
nvbench2:test:540,540,qwen3:14b,staged,55,0.0,1.0,2,0,1.0,0.0,0.0,14.495465699932538,4,4,multi_gold,line,0.0,0.0,0.0,0.0,0.0,0.0,0.0,0.0,0.0,0.0,0.0,0.0,0.0,0.0,0.0,0.0,0.0,0.0,0.0,0.0,0.0,0.0,0.0,0.0,0.0,0.0,1.0,1.0,0.5,0.6666666666666666,1.0,0.8333333333333334,1.0,1.0,0.5,0.6666666666666666,1.0,0.8333333333333334,0.4409463936405378
nvbench2:test:541,541,qwen3:14b,staged,55,0.0,1.0,2,2,1.0,1.0,1.0,15.905959800002165,2,2,multi_gold,rect,0.0,0.0,0.0,0.0,0.0,0.0,0.0,0.0,0.0,0.0,0.0,0.0,0.0,0.0,0.0,0.0,0.0,0.0,0.0,0.0,0.0,0.0,0.0,0.0,0.0,0.0,1.0,1.0,1.0,1.0,1.0,1.0,1.0,1.0,1.0,1.0,1.0,1.0,0.9650606954050706
nvbench2:test:542,542,qwen3:14b,staged,55,0.0,1.0,1,0,1.0,0.0,0.0,14.434981500031427,2,2,multi_gold,arc,0.0,0.0,0.0,0.0,0.0,0.0,0.0,0.0,0.0,0.0,0.0,0.0,0.0,0.0,0.0,0.0,0.0,0.0,0.0,0.0,0.0,0.0,0.0,0.0,0.0,0.0,1.0,1.0,0.5,1.0,0.0,0.7,1.0,1.0,0.5,1.0,0.0,0.7,0.38291336052022606
nvbench2:test:543,543,qwen3:14b,staged,55,0.0,1.0,2,0,1.0,0.0,0.0,13.68170239997562,5,5,multi_gold,bar+line+rect,0.0,0.0,0.0,0.0,0.0,0.0,0.0,0.0,0.0,0.0,0.0,0.0,0.0,0.0,0.0,0.0,0.0,0.0,0.0,0.0,0.0,0.0,0.0,0.0,0.0,0.0,1.0,0.8,0.4,1.0,1.0,0.8400000000000001,1.0,0.8,0.4,1.0,1.0,0.8400000000000001,0.3936493253001189
nvbench2:test:544,544,qwen3:14b,staged,55,0.0,1.0,1,0,1.0,0.0,0.0,11.847384500084445,2,2,multi_gold,bar,0.0,0.0,0.0,0.0,0.0,0.0,0.0,0.0,0.0,0.0,0.0,0.0,0.0,0.0,0.0,0.0,0.0,0.0,0.0,0.0,0.0,0.0,0.0,0.0,0.0,0.0,1.0,0.8,0.4,1.0,1.0,0.8400000000000001,1.0,0.8,0.4,1.0,1.0,0.8400000000000001,0.4844170266229248
nvbench2:test:545,545,qwen3:14b,staged,55,0.0,1.0,1,0,1.0,0.0,0.0,12.53001350001432,2,2,multi_gold,rect,0.0,0.0,0.0,0.0,0.0,0.0,0.0,0.0,0.0,0.0,0.0,0.0,0.0,0.0,0.0,0.0,0.0,0.0,0.0,0.0,0.0,0.0,0.0,0.0,0.0,0.0,1.0,1.0,0.6666666666666666,1.0,1.0,0.9333333333333333,1.0,1.0,0.6666666666666666,1.0,1.0,0.9333333333333333,0.5577697051812209
nvbench2:test:546,546,qwen3:14b,staged,55,0.0,1.0,1,0,1.0,0.0,0.0,12.763754999963567,3,3,multi_gold,arc,0.0,0.0,0.0,0.0,0.0,0.0,0.0,0.0,0.0,0.0,0.0,0.0,0.0,0.0,0.0,0.0,0.0,0.0,0.0,0.0,0.0,0.0,0.0,0.0,0.0,0.0,1.0,1.0,0.5,1.0,1.0,0.9,1.0,1.0,0.5,1.0,1.0,0.9,0.40642634118843207
nvbench2:test:547,547,qwen3:14b,staged,55,0.0,1.0,1,1,1.0,1.0,1.0,13.256317600025795,4,3,multi_gold,rect,1.0,1.0,0.3333333333333333,1.0,0.5,1.0,0.3333333333333333,1.0,0.5,1.0,0.3333333333333333,1.0,0.5,1.0,1.0,0.3333333333333333,1.0,0.5,1.0,0.3333333333333333,1.0,0.5,1.0,0.3333333333333333,1.0,0.5,1.0,1.0,1.0,1.0,1.0,1.0,1.0,1.0,1.0,1.0,1.0,1.0,0.46927872602275644
nvbench2:test:548,548,qwen3:14b,staged,55,0.0,1.0,1,1,1.0,1.0,1.0,12.453769900021143,5,5,multi_gold,line,1.0,1.0,0.2,1.0,0.33333333333333337,1.0,0.2,1.0,0.33333333333333337,1.0,0.2,1.0,0.33333333333333337,1.0,1.0,0.2,1.0,0.33333333333333337,1.0,0.2,1.0,0.33333333333333337,1.0,0.2,1.0,0.33333333333333337,1.0,1.0,1.0,1.0,1.0,1.0,1.0,1.0,1.0,1.0,1.0,1.0,0.3391602052736161
nvbench2:test:549,549,qwen3:14b,staged,55,0.0,1.0,3,3,1.0,1.0,1.0,13.378404600080103,5,5,multi_gold,bar+line+rect,0.0,0.0,0.0,0.0,0.0,0.0,0.0,0.0,0.0,0.0,0.0,0.0,0.0,0.0,0.0,0.0,0.0,0.0,0.0,0.0,0.0,0.0,0.0,0.0,0.0,0.0,0.0,0.8,0.8,0.0,1.0,0.52,1.0,1.0,0.6666666666666666,0.0,1.0,0.7333333333333333,0.3789978351422693
nvbench2:test:550,550,qwen3:14b,staged,55,0.0,1.0,1,1,1.0,1.0,1.0,10.743084899964742,2,2,multi_gold,bar,0.0,0.0,0.0,0.0,0.0,0.0,0.0,0.0,0.0,0.0,0.0,0.0,0.0,0.0,0.0,0.0,0.0,0.0,0.0,0.0,0.0,0.0,0.0,0.0,0.0,0.0,1.0,0.8,0.4,0.0,1.0,0.64,1.0,0.8,0.4,0.0,1.0,0.64,0.34233795667676936
nvbench2:test:551,551,qwen3:14b,staged,55,0.0,1.0,1,0,1.0,0.0,0.0,12.31313120003324,3,3,multi_gold,line,0.0,0.0,0.0,0.0,0.0,0.0,0.0,0.0,0.0,0.0,0.0,0.0,0.0,0.0,0.0,0.0,0.0,0.0,0.0,0.0,0.0,0.0,0.0,0.0,0.0,0.0,1.0,1.0,1.0,1.0,0.0,0.8,1.0,1.0,1.0,1.0,0.0,0.8,0.3477829925412398
nvbench2:test:552,552,qwen3:14b,staged,55,0.0,1.0,1,1,1.0,1.0,1.0,12.059881699969992,2,2,multi_gold,arc,1.0,1.0,0.5,1.0,0.6666666666666666,1.0,0.5,1.0,0.6666666666666666,1.0,0.5,1.0,0.6666666666666666,1.0,1.0,0.5,1.0,0.6666666666666666,1.0,0.5,1.0,0.6666666666666666,1.0,0.5,1.0,0.6666666666666666,1.0,1.0,1.0,1.0,1.0,1.0,1.0,1.0,1.0,1.0,1.0,1.0,0.6131471927654584
nvbench2:test:553,553,qwen3:14b,staged,55,0.0,1.0,1,0,1.0,0.0,0.0,11.485816399916075,3,3,multi_gold,bar,0.0,0.0,0.0,0.0,0.0,0.0,0.0,0.0,0.0,0.0,0.0,0.0,0.0,0.0,0.0,0.0,0.0,0.0,0.0,0.0,0.0,0.0,0.0,0.0,0.0,0.0,1.0,1.0,0.5,1.0,1.0,0.9,1.0,1.0,0.5,1.0,1.0,0.9,0.40642634118843207
nvbench2:test:554,554,qwen3:14b,staged,55,0.0,1.0,1,0,1.0,0.0,0.0,11.926911000045948,2,2,multi_gold,arc,0.0,0.0,0.0,0.0,0.0,0.0,0.0,0.0,0.0,0.0,0.0,0.0,0.0,0.0,0.0,0.0,0.0,0.0,0.0,0.0,0.0,0.0,0.0,0.0,0.0,0.0,1.0,1.0,0.5,1.0,1.0,0.9,1.0,1.0,0.5,1.0,1.0,0.9,0.5310259262712439
nvbench2:test:555,555,qwen3:14b,staged,55,0.0,1.0,1,0,1.0,0.0,0.0,13.622666000039317,2,2,multi_gold,bar,0.0,0.0,0.0,0.0,0.0,0.0,0.0,0.0,0.0,0.0,0.0,0.0,0.0,0.0,0.0,0.0,0.0,0.0,0.0,0.0,0.0,0.0,0.0,0.0,0.0,0.0,1.0,0.8,0.4,1.0,1.0,0.8400000000000001,1.0,0.8,0.4,1.0,1.0,0.8400000000000001,0.4844170266229248
nvbench2:test:556,556,qwen3:14b,staged,55,0.0,1.0,1,1,1.0,1.0,1.0,12.270620299968868,2,1,single_gold,rect,1.0,1.0,1.0,1.0,1.0,1.0,1.0,1.0,1.0,1.0,1.0,1.0,1.0,1.0,1.0,1.0,1.0,1.0,1.0,1.0,1.0,1.0,1.0,1.0,1.0,1.0,1.0,1.0,1.0,1.0,1.0,1.0,1.0,1.0,1.0,1.0,1.0,1.0,1.0
nvbench2:test:557,557,qwen3:14b,staged,55,0.0,1.0,1,1,1.0,1.0,1.0,14.095566099975258,5,5,multi_gold,bar+line+rect,0.0,0.0,0.0,0.0,0.0,0.0,0.0,0.0,0.0,0.0,0.0,0.0,0.0,0.0,0.0,0.0,0.0,0.0,0.0,0.0,0.0,0.0,0.0,0.0,0.0,0.0,0.0,0.8,0.4,0.0,0.0,0.24000000000000005,0.0,0.8,0.4,0.0,0.0,0.24000000000000005,0.06138550820345767
nvbench2:test:558,558,qwen3:14b,staged,55,0.0,1.0,4,0,1.0,0.0,0.0,26.642721900017932,2,2,multi_gold,arc,0.0,0.0,0.0,0.0,0.0,0.0,0.0,0.0,0.0,0.0,0.0,0.0,0.0,0.0,0.0,0.0,0.0,0.0,0.0,0.0,0.0,0.0,0.0,0.0,0.0,0.0,0.0,0.4,0.4,0.0,0.0,0.16,0.0,0.4,0.4,0.0,0.0,0.16,0.18421607215310162
nvbench2:test:559,559,qwen3:14b,staged,55,0.0,1.0,1,1,1.0,1.0,1.0,12.502335699973628,2,1,single_gold,rect,1.0,1.0,1.0,1.0,1.0,1.0,1.0,1.0,1.0,1.0,1.0,1.0,1.0,1.0,1.0,1.0,1.0,1.0,1.0,1.0,1.0,1.0,1.0,1.0,1.0,1.0,1.0,1.0,1.0,1.0,1.0,1.0,1.0,1.0,1.0,1.0,1.0,1.0,1.0
nvbench2:test:560,560,qwen3:14b,staged,55,0.0,1.0,1,0,1.0,0.0,0.0,10.629161400021985,3,3,multi_gold,point,0.0,0.0,0.0,0.0,0.0,0.0,0.0,0.0,0.0,0.0,0.0,0.0,0.0,0.0,0.0,0.0,0.0,0.0,0.0,0.0,0.0,0.0,0.0,0.0,0.0,0.0,1.0,0.8,0.4,0.0,1.0,0.64,1.0,0.8,0.4,0.0,1.0,0.64,0.2620119965875154
nvbench2:test:561,561,qwen3:14b,staged,55,0.0,1.0,1,1,1.0,1.0,1.0,11.638371100067161,5,5,multi_gold,line,1.0,1.0,0.2,1.0,0.33333333333333337,1.0,0.2,1.0,0.33333333333333337,1.0,0.2,1.0,0.33333333333333337,1.0,1.0,0.2,1.0,0.33333333333333337,1.0,0.2,1.0,0.33333333333333337,1.0,0.2,1.0,0.33333333333333337,1.0,1.0,1.0,1.0,1.0,1.0,1.0,1.0,1.0,1.0,1.0,1.0,0.3391602052736161
nvbench2:test:562,562,qwen3:14b,staged,55,0.0,1.0,3,0,1.0,0.0,0.0,14.645543200080283,3,3,multi_gold,rect,0.0,0.0,0.0,0.0,0.0,0.0,0.0,0.0,0.0,0.0,0.0,0.0,0.0,0.0,0.0,0.0,0.0,0.0,0.0,0.0,0.0,0.0,0.0,0.0,0.0,0.0,0.0,0.8,0.4,0.0,1.0,0.44000000000000006,1.0,0.8,0.4,0.0,1.0,0.64,0.4163314011579948
nvbench2:test:563,563,qwen3:14b,staged,55,0.0,1.0,1,0,1.0,0.0,0.0,11.202801799983718,2,2,multi_gold,boxplot,0.0,0.0,0.0,0.0,0.0,0.0,0.0,0.0,0.0,0.0,0.0,0.0,0.0,0.0,0.0,0.0,0.0,0.0,0.0,0.0,0.0,0.0,0.0,0.0,0.0,0.0,1.0,0.6666666666666666,0.6666666666666666,1.0,1.0,0.8666666666666666,1.0,0.6666666666666666,0.6666666666666666,1.0,1.0,0.8666666666666666,0.5048929761157583
nvbench2:test:564,564,qwen3:14b,staged,55,0.0,1.0,1,1,1.0,1.0,1.0,12.472810699953698,3,3,multi_gold,rect,0.0,0.0,0.0,0.0,0.0,0.0,0.0,0.0,0.0,0.0,0.0,0.0,0.0,0.0,0.0,0.0,0.0,0.0,0.0,0.0,0.0,0.0,0.0,0.0,0.0,0.0,1.0,1.0,0.6666666666666666,1.0,1.0,0.9333333333333333,1.0,1.0,0.6666666666666666,1.0,1.0,0.9333333333333333,0.426894976850455
nvbench2:test:565,565,qwen3:14b,staged,55,0.0,1.0,3,3,1.0,1.0,1.0,16.222678199992515,4,4,multi_gold,boxplot,0.0,0.0,0.0,0.0,0.0,0.0,0.0,0.0,0.0,0.0,0.0,0.0,0.0,0.0,0.0,0.0,0.0,0.0,0.0,0.0,0.0,0.0,0.0,0.0,0.0,0.0,1.0,1.0,1.0,0.0,1.0,0.8,1.0,1.0,1.0,0.0,1.0,0.8,0.5877836644975432
nvbench2:test:566,566,qwen3:14b,staged,55,0.0,1.0,1,0,1.0,0.0,0.0,11.815958200022578,4,4,multi_gold,boxplot,0.0,0.0,0.0,0.0,0.0,0.0,0.0,0.0,0.0,0.0,0.0,0.0,0.0,0.0,0.0,0.0,0.0,0.0,0.0,0.0,0.0,0.0,0.0,0.0,0.0,0.0,1.0,1.0,1.0,0.0,1.0,0.8,1.0,1.0,1.0,0.0,1.0,0.8,0.28931109484828477
nvbench2:test:567,567,qwen3:14b,staged,55,0.0,1.0,1,1,1.0,1.0,1.0,13.365620800061151,2,2,multi_gold,arc,0.0,0.0,0.0,0.0,0.0,0.0,0.0,0.0,0.0,0.0,0.0,0.0,0.0,0.0,0.0,0.0,0.0,0.0,0.0,0.0,0.0,0.0,0.0,0.0,0.0,0.0,1.0,1.0,1.0,0.5,1.0,0.9,1.0,1.0,1.0,0.5,1.0,0.9,0.5310259262712439
nvbench2:test:568,568,qwen3:14b,staged,55,0.0,1.0,2,2,1.0,1.0,1.0,16.114453799906187,3,3,multi_gold,arc+bar+line,0.0,0.0,0.0,0.0,0.0,0.0,0.0,0.0,0.0,0.0,0.0,0.0,0.0,0.0,0.0,0.0,0.0,0.0,0.0,0.0,0.0,0.0,0.0,0.0,0.0,0.0,1.0,1.0,1.0,1.0,0.0,0.8,1.0,1.0,1.0,1.0,0.0,0.8,0.5004773390703932
nvbench2:test:569,569,qwen3:14b,staged,55,0.0,1.0,1,0,1.0,0.0,0.0,13.484991800040007,4,4,multi_gold,line,0.0,0.0,0.0,0.0,0.0,0.0,0.0,0.0,0.0,0.0,0.0,0.0,0.0,0.0,0.0,0.0,0.0,0.0,0.0,0.0,0.0,0.0,0.0,0.0,0.0,0.0,1.0,1.0,1.0,0.6666666666666666,0.0,0.7333333333333333,1.0,1.0,1.0,0.6666666666666666,0.0,0.7333333333333333,0.25861733291100014
nvbench2:test:570,570,qwen3:14b,staged,55,0.0,1.0,1,1,1.0,1.0,1.0,11.388648399966769,4,4,multi_gold,line,0.0,0.0,0.0,0.0,0.0,0.0,0.0,0.0,0.0,0.0,0.0,0.0,0.0,0.0,0.0,0.0,0.0,0.0,0.0,0.0,0.0,0.0,0.0,0.0,0.0,0.0,1.0,1.0,0.5,0.0,1.0,0.7,1.0,1.0,0.5,0.0,1.0,0.7,0.2437942121994015
nvbench2:test:571,571,qwen3:14b,staged,55,0.0,1.0,1,0,1.0,0.0,0.0,12.09353509999346,3,3,multi_gold,arc,0.0,0.0,0.0,0.0,0.0,0.0,0.0,0.0,0.0,0.0,0.0,0.0,0.0,0.0,0.0,0.0,0.0,0.0,0.0,0.0,0.0,0.0,0.0,0.0,0.0,0.0,1.0,1.0,0.5,0.6666666666666666,1.0,0.8333333333333334,1.0,1.0,0.5,0.6666666666666666,1.0,0.8333333333333334,0.36688090490565395
nvbench2:test:572,572,qwen3:14b,staged,55,0.0,1.0,1,1,1.0,1.0,1.0,13.522343100048602,5,5,multi_gold,bar,0.0,0.0,0.0,0.0,0.0,0.0,0.0,0.0,0.0,0.0,0.0,0.0,0.0,0.0,0.0,0.0,0.0,0.0,0.0,0.0,0.0,0.0,0.0,0.0,0.0,0.0,1.0,1.0,1.0,1.0,1.0,1.0,1.0,1.0,1.0,1.0,1.0,1.0,0.3391602052736161
nvbench2:test:573,573,qwen3:14b,staged,55,0.0,1.0,1,0,1.0,0.0,0.0,11.229953399975784,5,5,multi_gold,bar,0.0,0.0,0.0,0.0,0.0,0.0,0.0,0.0,0.0,0.0,0.0,0.0,0.0,0.0,0.0,0.0,0.0,0.0,0.0,0.0,0.0,0.0,0.0,0.0,0.0,0.0,1.0,1.0,1.0,1.0,0.0,0.8,1.0,1.0,1.0,1.0,0.0,0.8,0.2513520102235351
nvbench2:test:574,574,qwen3:14b,staged,55,0.0,1.0,2,2,1.0,1.0,1.0,11.482742500025779,5,5,multi_gold,bar,0.0,0.0,0.0,0.0,0.0,0.0,0.0,0.0,0.0,0.0,0.0,0.0,0.0,0.0,0.0,0.0,0.0,0.0,0.0,0.0,0.0,0.0,0.0,0.0,0.0,0.0,1.0,0.8,0.4,0.0,1.0,0.64,1.0,0.8,0.4,0.0,1.0,0.64,0.30883780358102547
nvbench2:test:575,575,qwen3:14b,staged,55,0.0,1.0,2,0,1.0,0.0,0.0,13.189529899973422,2,2,multi_gold,bar,0.0,0.0,0.0,0.0,0.0,0.0,0.0,0.0,0.0,0.0,0.0,0.0,0.0,0.0,0.0,0.0,0.0,0.0,0.0,0.0,0.0,0.0,0.0,0.0,0.0,0.0,1.0,0.8,0.4,0.0,1.0,0.64,1.0,0.8,0.4,1.0,1.0,0.8400000000000001,0.6479710719097895
nvbench2:test:576,576,qwen3:14b,staged,55,0.0,1.0,1,0,1.0,0.0,0.0,13.839114999980666,3,3,multi_gold,rect,0.0,0.0,0.0,0.0,0.0,0.0,0.0,0.0,0.0,0.0,0.0,0.0,0.0,0.0,0.0,0.0,0.0,0.0,0.0,0.0,0.0,0.0,0.0,0.0,0.0,0.0,1.0,1.0,0.3333333333333333,0.6666666666666666,1.0,0.8,1.0,1.0,0.3333333333333333,0.6666666666666666,1.0,0.8,0.3477829925412398
nvbench2:test:577,577,qwen3:14b,staged,55,0.0,1.0,1,0,1.0,0.0,0.0,11.678569999989122,5,5,multi_gold,line,0.0,0.0,0.0,0.0,0.0,0.0,0.0,0.0,0.0,0.0,0.0,0.0,0.0,0.0,0.0,0.0,0.0,0.0,0.0,0.0,0.0,0.0,0.0,0.0,0.0,0.0,1.0,1.0,0.5,1.0,1.0,0.9,1.0,1.0,0.5,1.0,1.0,0.9,0.29373511659974333
nvbench2:test:578,578,qwen3:14b,staged,55,0.0,1.0,1,0,1.0,0.0,0.0,11.425328099983744,3,3,multi_gold,arc,0.0,0.0,0.0,0.0,0.0,0.0,0.0,0.0,0.0,0.0,0.0,0.0,0.0,0.0,0.0,0.0,0.0,0.0,0.0,0.0,0.0,0.0,0.0,0.0,0.0,0.0,1.0,1.0,0.5,1.0,1.0,0.9,1.0,1.0,0.5,1.0,1.0,0.9,0.40642634118843207
nvbench2:test:579,579,qwen3:14b,staged,55,0.0,1.0,1,1,1.0,1.0,1.0,12.148918799939565,5,5,multi_gold,line,1.0,1.0,0.2,1.0,0.33333333333333337,1.0,0.2,1.0,0.33333333333333337,1.0,0.2,1.0,0.33333333333333337,1.0,1.0,0.2,1.0,0.33333333333333337,1.0,0.2,1.0,0.33333333333333337,1.0,0.2,1.0,0.33333333333333337,1.0,1.0,1.0,1.0,1.0,1.0,1.0,1.0,1.0,1.0,1.0,1.0,0.3391602052736161
nvbench2:test:580,580,qwen3:14b,staged,55,0.0,1.0,1,0,1.0,0.0,0.0,13.58737989992369,2,2,multi_gold,bar,0.0,0.0,0.0,0.0,0.0,0.0,0.0,0.0,0.0,0.0,0.0,0.0,0.0,0.0,0.0,0.0,0.0,0.0,0.0,0.0,0.0,0.0,0.0,0.0,0.0,0.0,1.0,0.6666666666666666,0.3333333333333333,0.0,1.0,0.6,1.0,0.6666666666666666,0.3333333333333333,0.0,1.0,0.6,0.3162101650184913
nvbench2:test:581,581,qwen3:14b,staged,55,0.0,1.0,1,0,1.0,0.0,0.0,11.80061009991914,3,3,multi_gold,arc,0.0,0.0,0.0,0.0,0.0,0.0,0.0,0.0,0.0,0.0,0.0,0.0,0.0,0.0,0.0,0.0,0.0,0.0,0.0,0.0,0.0,0.0,0.0,0.0,0.0,0.0,1.0,1.0,0.5,1.0,1.0,0.9,1.0,1.0,0.5,1.0,1.0,0.9,0.40642634118843207
nvbench2:test:582,582,qwen3:14b,staged,55,0.0,1.0,1,1,1.0,1.0,1.0,15.418872600072064,2,2,multi_gold,arc,0.0,0.0,0.0,0.0,0.0,0.0,0.0,0.0,0.0,0.0,0.0,0.0,0.0,0.0,0.0,0.0,0.0,0.0,0.0,0.0,0.0,0.0,0.0,0.0,0.0,0.0,1.0,1.0,1.0,0.0,1.0,0.8,1.0,1.0,1.0,0.0,1.0,0.8,0.4544040753253556
nvbench2:test:583,583,qwen3:14b,staged,55,0.0,1.0,3,3,1.0,1.0,1.0,13.857092699967325,4,4,multi_gold,rect,0.0,0.0,0.0,0.0,0.0,0.0,0.0,0.0,0.0,0.0,0.0,0.0,0.0,0.0,0.0,0.0,0.0,0.0,0.0,0.0,0.0,0.0,0.0,0.0,0.0,0.0,1.0,1.0,0.3333333333333333,0.0,1.0,0.6666666666666667,1.0,1.0,0.6666666666666666,0.0,1.0,0.7333333333333333,0.5217876886111038
nvbench2:test:584,584,qwen3:14b,staged,55,0.0,1.0,3,3,1.0,1.0,1.0,15.209952499950305,3,3,multi_gold,arc,0.3333333333333333,0.0,0.0,0.0,0.0,1.0,0.3333333333333333,0.3333333333333333,0.3333333333333333,1.0,0.3333333333333333,0.3333333333333333,0.3333333333333333,0.3333333333333333,0.0,0.0,0.0,0.0,1.0,0.3333333333333333,0.3333333333333333,0.3333333333333333,1.0,0.3333333333333333,0.3333333333333333,0.3333333333333333,0.0,0.0,0.0,0.0,1.0,0.2,1.0,1.0,1.0,1.0,1.0,1.0,0.38833761897370667
nvbench2:test:585,585,qwen3:14b,staged,55,0.0,1.0,1,1,1.0,1.0,1.0,11.684373899945058,3,3,multi_gold,boxplot,0.0,0.0,0.0,0.0,0.0,0.0,0.0,0.0,0.0,0.0,0.0,0.0,0.0,0.0,0.0,0.0,0.0,0.0,0.0,0.0,0.0,0.0,0.0,0.0,0.0,0.0,0.0,1.0,0.0,0.0,1.0,0.4,0.0,1.0,0.0,0.0,1.0,0.4,0.14993826532169632
nvbench2:test:586,586,qwen3:14b,staged,55,0.0,1.0,1,1,1.0,1.0,1.0,12.46198809996713,2,2,multi_gold,bar,0.0,0.0,0.0,0.0,0.0,0.0,0.0,0.0,0.0,0.0,0.0,0.0,0.0,0.0,0.0,0.0,0.0,0.0,0.0,0.0,0.0,0.0,0.0,0.0,0.0,0.0,1.0,0.6666666666666666,0.3333333333333333,0.0,1.0,0.6,1.0,0.6666666666666666,0.3333333333333333,0.0,1.0,0.6,0.3162101650184913
nvbench2:test:587,587,qwen3:14b,staged,55,0.0,1.0,2,0,1.0,0.0,0.0,19.88161079993006,4,4,multi_gold,rect,0.0,0.0,0.0,0.0,0.0,0.0,0.0,0.0,0.0,0.0,0.0,0.0,0.0,0.0,0.0,0.0,0.0,0.0,0.0,0.0,0.0,0.0,0.0,0.0,0.0,0.0,1.0,1.0,0.3333333333333333,1.0,1.0,0.8666666666666666,1.0,1.0,0.6666666666666666,1.0,1.0,0.9333333333333333,0.5455136384160595
nvbench2:test:588,588,qwen3:14b,staged,55,0.0,1.0,1,0,1.0,0.0,0.0,10.388271400006488,3,3,multi_gold,boxplot,0.0,0.0,0.0,0.0,0.0,0.0,0.0,0.0,0.0,0.0,0.0,0.0,0.0,0.0,0.0,0.0,0.0,0.0,0.0,0.0,0.0,0.0,0.0,0.0,0.0,0.0,1.0,0.6666666666666666,0.6666666666666666,1.0,1.0,0.8666666666666666,1.0,0.6666666666666666,0.6666666666666666,1.0,1.0,0.8666666666666666,0.3864252098110378
nvbench2:test:589,589,qwen3:14b,staged,55,0.0,1.0,1,1,1.0,1.0,1.0,9.925984499976039,2,2,multi_gold,arc,1.0,1.0,0.5,1.0,0.6666666666666666,1.0,0.5,1.0,0.6666666666666666,1.0,0.5,1.0,0.6666666666666666,1.0,1.0,0.5,1.0,0.6666666666666666,1.0,0.5,1.0,0.6666666666666666,1.0,0.5,1.0,0.6666666666666666,1.0,1.0,1.0,1.0,1.0,1.0,1.0,1.0,1.0,1.0,1.0,1.0,0.6131471927654584
nvbench2:test:590,590,qwen3:14b,staged,55,0.0,1.0,5,5,1.0,1.0,1.0,19.029645700007677,4,4,multi_gold,bar+line,1.0,1.0,0.25,1.0,0.4,1.0,0.5,0.6666666666666666,0.5714285714285715,1.0,0.5,0.4,0.4444444444444445,1.0,1.0,0.25,1.0,0.4,1.0,0.5,0.6666666666666666,0.5714285714285715,1.0,0.5,0.4,0.4444444444444445,1.0,1.0,1.0,1.0,1.0,1.0,1.0,1.0,1.0,1.0,1.0,1.0,1.0046253685141313
nvbench2:test:591,591,qwen3:14b,staged,55,0.0,1.0,1,1,1.0,1.0,1.0,13.951277500018477,2,2,multi_gold,rect,0.0,0.0,0.0,0.0,0.0,0.0,0.0,0.0,0.0,0.0,0.0,0.0,0.0,0.0,0.0,0.0,0.0,0.0,0.0,0.0,0.0,0.0,0.0,0.0,0.0,0.0,1.0,1.0,0.3333333333333333,0.0,1.0,0.6666666666666667,1.0,1.0,0.3333333333333333,0.0,1.0,0.6666666666666667,0.3601633060417787
nvbench2:test:592,592,qwen3:14b,staged,55,0.0,1.0,1,0,1.0,0.0,0.0,12.15435460000299,2,2,multi_gold,boxplot,0.0,0.0,0.0,0.0,0.0,0.0,0.0,0.0,0.0,0.0,0.0,0.0,0.0,0.0,0.0,0.0,0.0,0.0,0.0,0.0,0.0,0.0,0.0,0.0,0.0,0.0,1.0,0.6666666666666666,0.0,1.0,1.0,0.7333333333333333,1.0,0.6666666666666666,0.0,1.0,1.0,0.7333333333333333,0.40619517231497354
nvbench2:test:593,593,qwen3:14b,staged,55,0.0,1.0,5,0,1.0,0.0,0.0,18.99234990007244,2,2,multi_gold,rect,0.0,0.0,0.0,0.0,0.0,0.0,0.0,0.0,0.0,0.0,0.0,0.0,0.0,0.0,0.0,0.0,0.0,0.0,0.0,0.0,0.0,0.0,0.0,0.0,0.0,0.0,1.0,1.0,0.3333333333333333,1.0,1.0,0.8666666666666666,1.0,1.0,0.6666666666666666,1.0,1.0,0.9333333333333333,1.5183356586905334
nvbench2:test:594,594,qwen3:14b,staged,55,0.0,1.0,1,1,1.0,1.0,1.0,12.747907300014049,4,4,multi_gold,arc,0.0,0.0,0.0,0.0,0.0,0.0,0.0,0.0,0.0,0.0,0.0,0.0,0.0,0.0,0.0,0.0,0.0,0.0,0.0,0.0,0.0,0.0,0.0,0.0,0.0,0.0,1.0,1.0,0.5,0.6666666666666666,1.0,0.8333333333333334,1.0,1.0,0.5,0.6666666666666666,1.0,0.8333333333333334,0.3051981222589482
nvbench2:test:595,595,qwen3:14b,staged,55,0.0,1.0,1,0,1.0,0.0,0.0,11.522658900008537,5,5,multi_gold,arc,0.0,0.0,0.0,0.0,0.0,0.0,0.0,0.0,0.0,0.0,0.0,0.0,0.0,0.0,0.0,0.0,0.0,0.0,0.0,0.0,0.0,0.0,0.0,0.0,0.0,0.0,1.0,1.0,0.5,1.0,1.0,0.9,1.0,1.0,0.5,1.0,1.0,0.9,0.29373511659974333
nvbench2:test:596,596,qwen3:14b,staged,55,0.0,1.0,1,1,1.0,1.0,1.0,12.008622099994682,2,2,multi_gold,boxplot,0.0,0.0,0.0,0.0,0.0,0.0,0.0,0.0,0.0,0.0,0.0,0.0,0.0,0.0,0.0,0.0,0.0,0.0,0.0,0.0,0.0,0.0,0.0,0.0,0.0,0.0,1.0,1.0,1.0,0.0,1.0,0.8,1.0,1.0,1.0,0.0,1.0,0.8,0.4544040753253556
nvbench2:test:597,597,qwen3:14b,staged,55,0.0,1.0,1,0,1.0,0.0,0.0,13.441779599990696,2,2,multi_gold,bar,0.0,0.0,0.0,0.0,0.0,0.0,0.0,0.0,0.0,0.0,0.0,0.0,0.0,0.0,0.0,0.0,0.0,0.0,0.0,0.0,0.0,0.0,0.0,0.0,0.0,0.0,1.0,0.8,0.0,1.0,1.0,0.76,1.0,0.8,0.0,1.0,1.0,0.76,0.42521182975933103
nvbench2:test:598,598,qwen3:14b,staged,55,0.0,1.0,2,1,1.0,1.0,0.0,13.58537709992379,3,3,multi_gold,point,0.0,0.0,0.0,0.0,0.0,0.0,0.0,0.0,0.0,0.0,0.0,0.0,0.0,0.0,0.0,0.0,0.0,0.0,0.0,0.0,0.0,0.0,0.0,0.0,0.0,0.0,0.0,0.8,0.0,0.0,1.0,0.36,0.0,0.8,0.0,0.0,1.0,0.36,0.21692302549781622
nvbench2:test:599,599,qwen3:14b,staged,55,0.0,1.0,1,0,1.0,0.0,0.0,12.227931500063278,2,2,multi_gold,arc,0.0,0.0,0.0,0.0,0.0,0.0,0.0,0.0,0.0,0.0,0.0,0.0,0.0,0.0,0.0,0.0,0.0,0.0,0.0,0.0,0.0,0.0,0.0,0.0,0.0,0.0,1.0,1.0,0.5,1.0,1.0,0.9,1.0,1.0,0.5,1.0,1.0,0.9,0.5310259262712439
nvbench2:test:600,600,qwen3:14b,staged,55,0.0,1.0,1,0,1.0,0.0,0.0,10.92995209991932,4,4,multi_gold,arc,0.0,0.0,0.0,0.0,0.0,0.0,0.0,0.0,0.0,0.0,0.0,0.0,0.0,0.0,0.0,0.0,0.0,0.0,0.0,0.0,0.0,0.0,0.0,0.0,0.0,0.0,1.0,1.0,0.5,0.6666666666666666,1.0,0.8333333333333334,1.0,1.0,0.5,0.6666666666666666,1.0,0.8333333333333334,0.3051981222589482
nvbench2:test:601,601,qwen3:14b,staged,55,0.0,1.0,4,4,1.0,1.0,1.0,15.582072800025344,3,3,multi_gold,boxplot,1.0,1.0,0.3333333333333333,1.0,0.5,1.0,1.0,1.0,1.0,1.0,1.0,0.75,0.8571428571428571,1.0,1.0,0.3333333333333333,1.0,0.5,1.0,1.0,1.0,1.0,1.0,1.0,0.75,0.8571428571428571,1.0,1.0,1.0,1.0,1.0,1.0,1.0,1.0,1.0,1.0,1.0,1.0,1.1262170065319919
nvbench2:test:602,602,qwen3:14b,staged,55,0.0,1.0,1,0,1.0,0.0,0.0,12.663144399994053,4,4,multi_gold,rect,0.0,0.0,0.0,0.0,0.0,0.0,0.0,0.0,0.0,0.0,0.0,0.0,0.0,0.0,0.0,0.0,0.0,0.0,0.0,0.0,0.0,0.0,0.0,0.0,0.0,0.0,1.0,0.8,0.4,1.0,1.0,0.8400000000000001,1.0,0.8,0.4,1.0,1.0,0.8400000000000001,0.3084198138739908
nvbench2:test:603,603,qwen3:14b,staged,55,0.0,1.0,1,0,1.0,0.0,0.0,11.045346400002018,2,2,multi_gold,boxplot,0.0,0.0,0.0,0.0,0.0,0.0,0.0,0.0,0.0,0.0,0.0,0.0,0.0,0.0,0.0,0.0,0.0,0.0,0.0,0.0,0.0,0.0,0.0,0.0,0.0,0.0,1.0,0.6666666666666666,0.6666666666666666,1.0,1.0,0.8666666666666666,1.0,0.6666666666666666,0.6666666666666666,1.0,1.0,0.8666666666666666,0.5048929761157583
nvbench2:test:604,604,qwen3:14b,staged,55,0.0,1.0,1,1,1.0,1.0,1.0,13.805294200079516,3,3,multi_gold,line,1.0,1.0,0.3333333333333333,1.0,0.5,1.0,0.3333333333333333,1.0,0.5,1.0,0.3333333333333333,1.0,0.5,1.0,1.0,0.3333333333333333,1.0,0.5,1.0,0.3333333333333333,1.0,0.5,1.0,0.3333333333333333,1.0,0.5,1.0,1.0,1.0,1.0,1.0,1.0,1.0,1.0,1.0,1.0,1.0,1.0,0.46927872602275644
nvbench2:test:605,605,qwen3:14b,staged,55,0.0,1.0,1,1,1.0,1.0,1.0,13.208115000044927,2,2,multi_gold,arc,1.0,1.0,0.5,1.0,0.6666666666666666,1.0,0.5,1.0,0.6666666666666666,1.0,0.5,1.0,0.6666666666666666,1.0,1.0,0.5,1.0,0.6666666666666666,1.0,0.5,1.0,0.6666666666666666,1.0,0.5,1.0,0.6666666666666666,1.0,1.0,1.0,1.0,1.0,1.0,1.0,1.0,1.0,1.0,1.0,1.0,0.6131471927654584
nvbench2:test:606,606,qwen3:14b,staged,55,0.0,1.0,1,1,1.0,1.0,1.0,12.18409759993665,2,2,multi_gold,arc,1.0,1.0,0.5,1.0,0.6666666666666666,1.0,0.5,1.0,0.6666666666666666,1.0,0.5,1.0,0.6666666666666666,1.0,1.0,0.5,1.0,0.6666666666666666,1.0,0.5,1.0,0.6666666666666666,1.0,0.5,1.0,0.6666666666666666,1.0,1.0,1.0,1.0,1.0,1.0,1.0,1.0,1.0,1.0,1.0,1.0,0.6131471927654584
nvbench2:test:607,607,qwen3:14b,staged,55,0.0,1.0,2,1,1.0,1.0,0.0,16.58479939994868,2,2,multi_gold,line,0.0,0.0,0.0,0.0,0.0,0.0,0.0,0.0,0.0,0.0,0.0,0.0,0.0,0.0,0.0,0.0,0.0,0.0,0.0,0.0,0.0,0.0,0.0,0.0,0.0,0.0,0.0,0.8,0.4,1.0,0.0,0.44000000000000006,0.0,0.8,0.4,1.0,0.0,0.44000000000000006,0.356604327447672
nvbench2:test:608,608,qwen3:14b,staged,55,0.0,1.0,1,1,1.0,1.0,1.0,13.837299600010738,5,5,multi_gold,line,0.0,0.0,0.0,0.0,0.0,0.0,0.0,0.0,0.0,0.0,0.0,0.0,0.0,0.0,0.0,0.0,0.0,0.0,0.0,0.0,0.0,0.0,0.0,0.0,0.0,0.0,1.0,1.0,1.0,0.0,1.0,0.8,1.0,1.0,1.0,0.0,1.0,0.8,0.2513520102235351
nvbench2:test:609,609,qwen3:14b,staged,55,0.0,1.0,5,4,1.0,1.0,0.0,17.4487625999609,2,2,multi_gold,point,0.0,0.0,0.0,0.0,0.0,0.0,0.0,0.0,0.0,0.0,0.0,0.0,0.0,0.0,0.0,0.0,0.0,0.0,0.0,0.0,0.0,0.0,0.0,0.0,0.0,0.0,0.0,1.0,1.0,0.0,1.0,0.6,0.0,1.0,1.0,1.0,1.0,0.8,1.0195233943061142
nvbench2:test:610,610,qwen3:14b,staged,55,0.0,1.0,1,1,1.0,1.0,1.0,11.000209600082599,2,2,multi_gold,bar,0.0,0.0,0.0,0.0,0.0,0.0,0.0,0.0,0.0,0.0,0.0,0.0,0.0,0.0,0.0,0.0,0.0,0.0,0.0,0.0,0.0,0.0,0.0,0.0,0.0,0.0,1.0,1.0,0.0,1.0,1.0,0.8,1.0,1.0,0.0,1.0,1.0,0.8,0.4544040753253556
nvbench2:test:611,611,qwen3:14b,staged,55,0.0,1.0,3,1,1.0,1.0,0.0,20.242878400022164,2,2,multi_gold,bar+line,0.0,0.0,0.0,0.0,0.0,0.0,0.0,0.0,0.0,0.0,0.0,0.0,0.0,0.0,0.0,0.0,0.0,0.0,0.0,0.0,0.0,0.0,0.0,0.0,0.0,0.0,1.0,1.0,0.5,0.0,1.0,0.7,1.0,1.0,0.5,0.0,1.0,0.7,0.6411057291972561
nvbench2:test:612,612,qwen3:14b,staged,55,0.0,1.0,1,1,1.0,1.0,1.0,15.61785709997639,4,4,multi_gold,bar+line,0.0,0.0,0.0,0.0,0.0,0.0,0.0,0.0,0.0,0.0,0.0,0.0,0.0,0.0,0.0,0.0,0.0,0.0,0.0,0.0,0.0,0.0,0.0,0.0,0.0,0.0,1.0,1.0,1.0,0.6666666666666666,0.0,0.7333333333333333,1.0,1.0,1.0,0.6666666666666666,0.0,0.7333333333333333,0.25861733291100014
nvbench2:test:613,613,qwen3:14b,staged,55,0.0,1.0,1,1,1.0,1.0,1.0,13.329184500034899,2,2,multi_gold,rect,0.0,0.0,0.0,0.0,0.0,0.0,0.0,0.0,0.0,0.0,0.0,0.0,0.0,0.0,0.0,0.0,0.0,0.0,0.0,0.0,0.0,0.0,0.0,0.0,0.0,0.0,1.0,1.0,0.3333333333333333,0.0,1.0,0.6666666666666667,1.0,1.0,0.3333333333333333,0.0,1.0,0.6666666666666667,0.3601633060417787
nvbench2:test:614,614,qwen3:14b,staged,55,0.0,1.0,1,0,1.0,0.0,0.0,13.418293200084008,4,4,multi_gold,arc,0.0,0.0,0.0,0.0,0.0,0.0,0.0,0.0,0.0,0.0,0.0,0.0,0.0,0.0,0.0,0.0,0.0,0.0,0.0,0.0,0.0,0.0,0.0,0.0,0.0,0.0,1.0,1.0,0.5,0.0,1.0,0.7,1.0,1.0,0.5,0.0,1.0,0.7,0.2437942121994015
nvbench2:test:615,615,qwen3:14b,staged,55,0.0,1.0,2,0,1.0,0.0,0.0,17.640275300014764,2,2,multi_gold,point,0.0,0.0,0.0,0.0,0.0,0.0,0.0,0.0,0.0,0.0,0.0,0.0,0.0,0.0,0.0,0.0,0.0,0.0,0.0,0.0,0.0,0.0,0.0,0.0,0.0,0.0,0.0,0.6666666666666666,0.0,0.0,0.0,0.13333333333333333,0.0,0.6666666666666666,0.0,0.0,0.0,0.13333333333333333,0.09682497969462589
nvbench2:test:616,616,qwen3:14b,staged,55,0.0,1.0,1,1,1.0,1.0,1.0,14.794635999947786,4,4,multi_gold,boxplot,0.0,0.0,0.0,0.0,0.0,0.0,0.0,0.0,0.0,0.0,0.0,0.0,0.0,0.0,0.0,0.0,0.0,0.0,0.0,0.0,0.0,0.0,0.0,0.0,0.0,0.0,1.0,1.0,0.5,0.0,0.0,0.5,1.0,1.0,0.5,0.0,0.0,0.5,0.16170071118661541
nvbench2:test:617,617,qwen3:14b,staged,55,0.0,1.0,1,1,1.0,1.0,1.0,18.621027400018647,4,3,multi_gold,point,0.0,0.0,0.0,0.0,0.0,0.0,0.0,0.0,0.0,0.0,0.0,0.0,0.0,0.0,0.0,0.0,0.0,0.0,0.0,0.0,0.0,0.0,0.0,0.0,0.0,0.0,1.0,0.6666666666666666,0.3333333333333333,0.0,1.0,0.6,1.0,0.6666666666666666,0.3333333333333333,0.0,1.0,0.6,0.2420148133208297
nvbench2:test:618,618,qwen3:14b,staged,55,0.0,1.0,2,2,1.0,1.0,1.0,17.240874900016934,2,2,multi_gold,rect,0.0,0.0,0.0,0.0,0.0,0.0,0.0,0.0,0.0,0.0,0.0,0.0,0.0,0.0,0.0,0.0,0.0,0.0,0.0,0.0,0.0,0.0,0.0,0.0,0.0,0.0,1.0,1.0,0.6666666666666666,0.0,1.0,0.7333333333333333,1.0,1.0,0.6666666666666666,0.0,1.0,0.7333333333333333,0.6624757922855755
nvbench2:test:619,619,qwen3:14b,staged,55,0.0,1.0,3,0,1.0,0.0,0.0,24.829247299931012,2,2,multi_gold,point,0.0,0.0,0.0,0.0,0.0,0.0,0.0,0.0,0.0,0.0,0.0,0.0,0.0,0.0,0.0,0.0,0.0,0.0,0.0,0.0,0.0,0.0,0.0,0.0,0.0,0.0,0.0,0.8571428571428571,0.28571428571428575,0.0,0.0,0.22857142857142856,1.0,0.8571428571428571,0.28571428571428575,0.0,0.0,0.42857142857142855,0.291704764420865
nvbench2:test:620,620,qwen3:14b,staged,55,0.0,1.0,1,0,1.0,0.0,0.0,18.7355548000196,2,2,multi_gold,point,0.0,0.0,0.0,0.0,0.0,0.0,0.0,0.0,0.0,0.0,0.0,0.0,0.0,0.0,0.0,0.0,0.0,0.0,0.0,0.0,0.0,0.0,0.0,0.0,0.0,0.0,1.0,0.6666666666666666,0.3333333333333333,0.0,0.0,0.4,1.0,0.6666666666666666,0.3333333333333333,0.0,0.0,0.4,0.19590537855675663
nvbench2:test:621,621,qwen3:14b,staged,55,0.0,1.0,2,2,1.0,1.0,1.0,16.644249700009823,2,2,multi_gold,bar,0.0,0.0,0.0,0.0,0.0,0.0,0.0,0.0,0.0,0.0,0.0,0.0,0.0,0.0,0.0,0.0,0.0,0.0,0.0,0.0,0.0,0.0,0.0,0.0,0.0,0.0,1.0,0.8,0.8,0.5,0.0,0.62,1.0,0.8,0.8,0.5,0.0,0.62,0.45991173348310316
nvbench2:test:622,622,qwen3:14b,staged,55,0.0,1.0,1,0,1.0,0.0,0.0,12.530801700078882,4,4,multi_gold,line,0.0,0.0,0.0,0.0,0.0,0.0,0.0,0.0,0.0,0.0,0.0,0.0,0.0,0.0,0.0,0.0,0.0,0.0,0.0,0.0,0.0,0.0,0.0,0.0,0.0,0.0,1.0,0.8,0.8,0.0,0.0,0.52,1.0,0.8,0.8,0.0,0.0,0.52,0.16940747141475354
nvbench2:test:623,623,qwen3:14b,staged,55,0.0,1.0,1,0,1.0,0.0,0.0,15.847001900081523,2,2,multi_gold,arc,0.0,0.0,0.0,0.0,0.0,0.0,0.0,0.0,0.0,0.0,0.0,0.0,0.0,0.0,0.0,0.0,0.0,0.0,0.0,0.0,0.0,0.0,0.0,0.0,0.0,0.0,1.0,1.0,1.0,0.6666666666666666,1.0,0.9333333333333333,1.0,1.0,1.0,0.6666666666666666,1.0,0.9333333333333333,0.5577697051812209
nvbench2:test:624,624,qwen3:14b,staged,55,0.0,1.0,1,1,1.0,1.0,1.0,15.778542799991556,3,3,multi_gold,bar,0.0,0.0,0.0,0.0,0.0,0.0,0.0,0.0,0.0,0.0,0.0,0.0,0.0,0.0,0.0,0.0,0.0,0.0,0.0,0.0,0.0,0.0,0.0,0.0,0.0,0.0,1.0,0.8,0.4,0.0,0.0,0.44000000000000006,1.0,0.8,0.4,0.0,0.0,0.44000000000000006,0.16734682447884539
nvbench2:test:625,625,qwen3:14b,staged,55,0.0,1.0,1,1,1.0,1.0,1.0,12.682307599927299,2,2,multi_gold,arc,0.0,0.0,0.0,0.0,0.0,0.0,0.0,0.0,0.0,0.0,0.0,0.0,0.0,0.0,0.0,0.0,0.0,0.0,0.0,0.0,0.0,0.0,0.0,0.0,0.0,0.0,1.0,1.0,0.5,0.0,1.0,0.7,1.0,1.0,0.5,0.0,1.0,0.7,0.38291336052022606
nvbench2:test:626,626,qwen3:14b,staged,55,0.0,1.0,1,0,1.0,0.0,0.0,14.382709100027569,2,2,multi_gold,bar,0.0,0.0,0.0,0.0,0.0,0.0,0.0,0.0,0.0,0.0,0.0,0.0,0.0,0.0,0.0,0.0,0.0,0.0,0.0,0.0,0.0,0.0,0.0,0.0,0.0,0.0,1.0,0.8,0.4,1.0,0.0,0.64,1.0,0.8,0.4,1.0,0.0,0.64,0.34233795667676936
nvbench2:test:627,627,qwen3:14b,staged,55,0.0,1.0,1,0,1.0,0.0,0.0,13.534799900022335,4,4,multi_gold,arc,0.0,0.0,0.0,0.0,0.0,0.0,0.0,0.0,0.0,0.0,0.0,0.0,0.0,0.0,0.0,0.0,0.0,0.0,0.0,0.0,0.0,0.0,0.0,0.0,0.0,0.0,1.0,1.0,0.5,0.0,1.0,0.7,1.0,1.0,0.5,0.0,1.0,0.7,0.2437942121994015
nvbench2:test:628,628,qwen3:14b,staged,55,0.0,1.0,2,0,1.0,0.0,0.0,17.51717769994866,2,2,multi_gold,boxplot,0.0,0.0,0.0,0.0,0.0,0.0,0.0,0.0,0.0,0.0,0.0,0.0,0.0,0.0,0.0,0.0,0.0,0.0,0.0,0.0,0.0,0.0,0.0,0.0,0.0,0.0,1.0,1.0,1.0,1.0,0.0,0.8,1.0,1.0,1.0,1.0,0.0,0.8,0.7411011265922482
nvbench2:test:629,629,qwen3:14b,staged,55,0.0,1.0,1,1,1.0,1.0,1.0,16.58844510000199,2,2,multi_gold,boxplot,0.0,0.0,0.0,0.0,0.0,0.0,0.0,0.0,0.0,0.0,0.0,0.0,0.0,0.0,0.0,0.0,0.0,0.0,0.0,0.0,0.0,0.0,0.0,0.0,0.0,0.0,0.0,1.0,0.0,0.0,0.0,0.2,0.0,1.0,0.0,0.0,0.0,0.2,0.09117397893527364
nvbench2:test:630,630,qwen3:14b,staged,55,0.0,1.0,3,0,1.0,0.0,0.0,21.56004320003558,2,2,multi_gold,boxplot,0.0,0.0,0.0,0.0,0.0,0.0,0.0,0.0,0.0,0.0,0.0,0.0,0.0,0.0,0.0,0.0,0.0,0.0,0.0,0.0,0.0,0.0,0.0,0.0,0.0,0.0,0.0,1.0,0.0,0.0,1.0,0.4,0.0,1.0,1.0,0.0,1.0,0.6,0.5218872669750868
nvbench2:test:631,631,qwen3:14b,staged,55,0.0,1.0,1,0,1.0,0.0,0.0,12.591387499938719,2,2,multi_gold,arc,0.0,0.0,0.0,0.0,0.0,0.0,0.0,0.0,0.0,0.0,0.0,0.0,0.0,0.0,0.0,0.0,0.0,0.0,0.0,0.0,0.0,0.0,0.0,0.0,0.0,0.0,1.0,1.0,0.5,0.0,1.0,0.7,1.0,1.0,0.5,0.0,1.0,0.7,0.38291336052022606
nvbench2:test:632,632,qwen3:14b,staged,55,0.0,1.0,2,1,1.0,1.0,0.0,16.739131100010127,2,2,multi_gold,bar,0.0,0.0,0.0,0.0,0.0,0.0,0.0,0.0,0.0,0.0,0.0,0.0,0.0,0.0,0.0,0.0,0.0,0.0,0.0,0.0,0.0,0.0,0.0,0.0,0.0,0.0,1.0,0.8,0.8,0.6666666666666666,0.0,0.6533333333333333,1.0,0.8,0.8,0.6666666666666666,0.0,0.6533333333333333,0.5190862522593228
nvbench2:test:633,633,qwen3:14b,staged,55,0.0,1.0,1,0,1.0,0.0,0.0,16.221652100095525,2,2,multi_gold,arc,0.0,0.0,0.0,0.0,0.0,0.0,0.0,0.0,0.0,0.0,0.0,0.0,0.0,0.0,0.0,0.0,0.0,0.0,0.0,0.0,0.0,0.0,0.0,0.0,0.0,0.0,1.0,1.0,0.5,0.0,0.0,0.5,1.0,1.0,0.5,0.0,0.0,0.5,0.2539738829744434
nvbench2:test:634,634,qwen3:14b,staged,55,0.0,1.0,1,1,1.0,1.0,1.0,14.06055210006889,2,2,multi_gold,boxplot,0.0,0.0,0.0,0.0,0.0,0.0,0.0,0.0,0.0,0.0,0.0,0.0,0.0,0.0,0.0,0.0,0.0,0.0,0.0,0.0,0.0,0.0,0.0,0.0,0.0,0.0,1.0,1.0,1.0,1.0,0.0,0.8,1.0,1.0,1.0,1.0,0.0,0.8,0.4544040753253556
nvbench2:test:635,635,qwen3:14b,staged,55,0.0,1.0,1,0,1.0,0.0,0.0,15.447141799959354,2,2,multi_gold,arc,0.0,0.0,0.0,0.0,0.0,0.0,0.0,0.0,0.0,0.0,0.0,0.0,0.0,0.0,0.0,0.0,0.0,0.0,0.0,0.0,0.0,0.0,0.0,0.0,0.0,0.0,1.0,1.0,0.5,0.0,0.0,0.5,1.0,1.0,0.5,0.0,0.0,0.5,0.2539738829744434
nvbench2:test:636,636,qwen3:14b,staged,55,0.0,1.0,1,1,1.0,1.0,1.0,12.475364899961278,2,2,multi_gold,arc,0.0,0.0,0.0,0.0,0.0,0.0,0.0,0.0,0.0,0.0,0.0,0.0,0.0,0.0,0.0,0.0,0.0,0.0,0.0,0.0,0.0,0.0,0.0,0.0,0.0,0.0,1.0,1.0,0.6666666666666666,1.0,1.0,0.9333333333333333,1.0,1.0,0.6666666666666666,1.0,1.0,0.9333333333333333,0.5577697051812209
nvbench2:test:637,637,qwen3:14b,staged,55,0.0,1.0,3,0,1.0,0.0,0.0,21.21121249999851,2,2,multi_gold,line,0.0,0.0,0.0,0.0,0.0,0.0,0.0,0.0,0.0,0.0,0.0,0.0,0.0,0.0,0.0,0.0,0.0,0.0,0.0,0.0,0.0,0.0,0.0,0.0,0.0,0.0,1.0,1.0,0.6666666666666666,0.6666666666666666,0.0,0.6666666666666666,1.0,1.0,0.6666666666666666,0.6666666666666666,0.0,0.6666666666666666,0.7178974718705414
nvbench2:test:638,638,qwen3:14b,staged,55,0.0,1.0,3,0,1.0,0.0,0.0,14.417231400031596,2,2,multi_gold,arc,0.0,0.0,0.0,0.0,0.0,0.0,0.0,0.0,0.0,0.0,0.0,0.0,0.0,0.0,0.0,0.0,0.0,0.0,0.0,0.0,0.0,0.0,0.0,0.0,0.0,0.0,1.0,1.0,0.5,1.0,1.0,0.9,1.0,1.0,1.0,1.0,1.0,1.0,1.172639579456344
nvbench2:test:639,639,qwen3:14b,staged,55,0.0,1.0,2,2,1.0,1.0,1.0,19.863297499949113,3,3,multi_gold,line,0.0,0.0,0.0,0.0,0.0,0.0,0.0,0.0,0.0,0.0,0.0,0.0,0.0,0.0,0.0,0.0,0.0,0.0,0.0,0.0,0.0,0.0,0.0,0.0,0.0,0.0,0.0,1.0,1.0,0.5,0.0,0.5,1.0,1.0,1.0,0.5,0.0,0.7,0.3792861852854436
nvbench2:test:640,640,qwen3:14b,staged,55,0.0,1.0,1,0,1.0,0.0,0.0,11.410549599910155,2,2,multi_gold,boxplot,0.0,0.0,0.0,0.0,0.0,0.0,0.0,0.0,0.0,0.0,0.0,0.0,0.0,0.0,0.0,0.0,0.0,0.0,0.0,0.0,0.0,0.0,0.0,0.0,0.0,0.0,1.0,0.6666666666666666,0.0,1.0,1.0,0.7333333333333333,1.0,0.6666666666666666,0.0,1.0,1.0,0.7333333333333333,0.40619517231497354
nvbench2:test:641,641,qwen3:14b,staged,55,0.0,1.0,1,0,1.0,0.0,0.0,13.606409600004554,4,4,multi_gold,arc,0.0,0.0,0.0,0.0,0.0,0.0,0.0,0.0,0.0,0.0,0.0,0.0,0.0,0.0,0.0,0.0,0.0,0.0,0.0,0.0,0.0,0.0,0.0,0.0,0.0,0.0,1.0,1.0,0.5,0.0,0.0,0.5,1.0,1.0,0.5,0.0,0.0,0.5,0.16170071118661541
nvbench2:test:642,642,qwen3:14b,staged,55,0.0,1.0,1,1,1.0,1.0,1.0,15.418047999963164,2,2,multi_gold,boxplot,0.0,0.0,0.0,0.0,0.0,0.0,0.0,0.0,0.0,0.0,0.0,0.0,0.0,0.0,0.0,0.0,0.0,0.0,0.0,0.0,0.0,0.0,0.0,0.0,0.0,0.0,1.0,1.0,0.0,0.0,0.0,0.4,1.0,1.0,0.0,0.0,0.0,0.4,0.19590537855675663
nvbench2:test:643,643,qwen3:14b,staged,55,0.0,1.0,2,0,1.0,0.0,0.0,19.037386500043795,4,4,multi_gold,boxplot,0.0,0.0,0.0,0.0,0.0,0.0,0.0,0.0,0.0,0.0,0.0,0.0,0.0,0.0,0.0,0.0,0.0,0.0,0.0,0.0,0.0,0.0,0.0,0.0,0.0,0.0,1.0,1.0,0.5,1.0,0.0,0.7,1.0,1.0,0.5,1.0,0.0,0.7,0.39761123442451746
nvbench2:test:644,644,qwen3:14b,staged,55,0.0,1.0,1,0,1.0,0.0,0.0,15.150999800069258,2,2,multi_gold,arc,0.0,0.0,0.0,0.0,0.0,0.0,0.0,0.0,0.0,0.0,0.0,0.0,0.0,0.0,0.0,0.0,0.0,0.0,0.0,0.0,0.0,0.0,0.0,0.0,0.0,0.0,1.0,1.0,1.0,0.6666666666666666,0.0,0.7333333333333333,1.0,1.0,1.0,0.6666666666666666,0.0,0.7333333333333333,0.40619517231497354
nvbench2:test:645,645,qwen3:14b,staged,55,0.0,1.0,1,1,1.0,1.0,1.0,18.69371629995294,2,2,multi_gold,rect,0.0,0.0,0.0,0.0,0.0,0.0,0.0,0.0,0.0,0.0,0.0,0.0,0.0,0.0,0.0,0.0,0.0,0.0,0.0,0.0,0.0,0.0,0.0,0.0,0.0,0.0,1.0,1.0,0.3333333333333333,0.0,0.0,0.4666666666666667,1.0,1.0,0.3333333333333333,0.0,0.0,0.4666666666666667,0.23416881023321331
nvbench2:test:646,646,qwen3:14b,staged,55,0.0,1.0,2,0,1.0,0.0,0.0,19.105231399997137,2,2,multi_gold,boxplot,0.0,0.0,0.0,0.0,0.0,0.0,0.0,0.0,0.0,0.0,0.0,0.0,0.0,0.0,0.0,0.0,0.0,0.0,0.0,0.0,0.0,0.0,0.0,0.0,0.0,0.0,1.0,1.0,0.5,1.0,0.0,0.7,1.0,1.0,0.5,1.0,0.0,0.7,0.6245047927124708
nvbench2:test:647,647,qwen3:14b,staged,55,0.0,1.0,1,0,1.0,0.0,0.0,17.646537499967963,4,4,multi_gold,bar+line+point,0.0,0.0,0.0,0.0,0.0,0.0,0.0,0.0,0.0,0.0,0.0,0.0,0.0,0.0,0.0,0.0,0.0,0.0,0.0,0.0,0.0,0.0,0.0,0.0,0.0,0.0,1.0,1.0,0.3333333333333333,0.6666666666666666,0.0,0.6,1.0,1.0,0.3333333333333333,0.6666666666666666,0.0,0.6,0.2013254590160842
nvbench2:test:648,648,qwen3:14b,staged,55,0.0,1.0,1,0,1.0,0.0,0.0,14.41251850000117,4,4,multi_gold,arc,0.0,0.0,0.0,0.0,0.0,0.0,0.0,0.0,0.0,0.0,0.0,0.0,0.0,0.0,0.0,0.0,0.0,0.0,0.0,0.0,0.0,0.0,0.0,0.0,0.0,0.0,1.0,1.0,0.5,0.0,1.0,0.7,1.0,1.0,0.5,0.0,1.0,0.7,0.2437942121994015
nvbench2:test:649,649,qwen3:14b,staged,55,0.0,1.0,1,1,1.0,1.0,1.0,16.95691530010663,4,4,multi_gold,rect,0.0,0.0,0.0,0.0,0.0,0.0,0.0,0.0,0.0,0.0,0.0,0.0,0.0,0.0,0.0,0.0,0.0,0.0,0.0,0.0,0.0,0.0,0.0,0.0,0.0,0.0,1.0,1.0,0.3333333333333333,0.5,0.0,0.5666666666666667,1.0,1.0,0.3333333333333333,0.5,0.0,0.5666666666666667,0.18781088651270667
nvbench2:test:650,650,qwen3:14b,staged,55,0.0,1.0,1,1,1.0,1.0,1.0,16.13110879994929,2,2,multi_gold,arc,0.0,0.0,0.0,0.0,0.0,0.0,0.0,0.0,0.0,0.0,0.0,0.0,0.0,0.0,0.0,0.0,0.0,0.0,0.0,0.0,0.0,0.0,0.0,0.0,0.0,0.0,0.0,0.0,0.0,0.0,0.0,0.0,0.0,0.0,0.0,0.0,0.0,0.0,0.0
nvbench2:test:651,651,qwen3:14b,staged,55,0.0,1.0,2,0,1.0,0.0,0.0,20.729984699981287,3,3,multi_gold,point,0.0,0.0,0.0,0.0,0.0,0.0,0.0,0.0,0.0,0.0,0.0,0.0,0.0,0.0,0.0,0.0,0.0,0.0,0.0,0.0,0.0,0.0,0.0,0.0,0.0,0.0,0.0,0.6666666666666666,0.0,0.0,0.0,0.13333333333333333,0.0,0.6666666666666666,0.0,0.0,0.0,0.13333333333333333,0.07410602813548922
nvbench2:test:652,652,qwen3:14b,staged,55,0.0,1.0,1,0,1.0,0.0,0.0,15.373938399949111,2,2,multi_gold,line,0.0,0.0,0.0,0.0,0.0,0.0,0.0,0.0,0.0,0.0,0.0,0.0,0.0,0.0,0.0,0.0,0.0,0.0,0.0,0.0,0.0,0.0,0.0,0.0,0.0,0.0,1.0,0.8,0.8,0.6666666666666666,0.0,0.6533333333333333,1.0,0.8,0.8,0.6666666666666666,0.0,0.6533333333333333,0.3512094463502383
nvbench2:test:653,653,qwen3:14b,staged,55,0.0,1.0,1,0,1.0,0.0,0.0,15.7800538999727,2,2,multi_gold,arc,0.0,0.0,0.0,0.0,0.0,0.0,0.0,0.0,0.0,0.0,0.0,0.0,0.0,0.0,0.0,0.0,0.0,0.0,0.0,0.0,0.0,0.0,0.0,0.0,0.0,0.0,1.0,1.0,0.5,0.0,0.0,0.5,1.0,1.0,0.5,0.0,0.0,0.5,0.2539738829744434
nvbench2:test:654,654,qwen3:14b,staged,55,0.0,1.0,1,1,1.0,1.0,1.0,19.43901599990204,2,2,multi_gold,bar,0.0,0.0,0.0,0.0,0.0,0.0,0.0,0.0,0.0,0.0,0.0,0.0,0.0,0.0,0.0,0.0,0.0,0.0,0.0,0.0,0.0,0.0,0.0,0.0,0.0,0.0,1.0,0.8,0.4,1.0,0.0,0.64,1.0,0.8,0.4,1.0,0.0,0.64,0.34233795667676936
nvbench2:test:655,655,qwen3:14b,staged,55,0.0,1.0,2,0,1.0,0.0,0.0,19.953770200023428,2,2,multi_gold,arc,0.0,0.0,0.0,0.0,0.0,0.0,0.0,0.0,0.0,0.0,0.0,0.0,0.0,0.0,0.0,0.0,0.0,0.0,0.0,0.0,0.0,0.0,0.0,0.0,0.0,0.0,0.0,0.0,0.0,0.0,0.0,0.0,0.0,0.4,0.0,0.0,0.0,0.08,0.022057589054182914
nvbench2:test:656,656,qwen3:14b,staged,55,0.0,1.0,1,0,1.0,0.0,0.0,15.354948300053366,2,2,multi_gold,boxplot,0.0,0.0,0.0,0.0,0.0,0.0,0.0,0.0,0.0,0.0,0.0,0.0,0.0,0.0,0.0,0.0,0.0,0.0,0.0,0.0,0.0,0.0,0.0,0.0,0.0,0.0,1.0,1.0,1.0,1.0,0.0,0.8,1.0,1.0,1.0,1.0,0.0,0.8,0.4544040753253556
nvbench2:test:657,657,qwen3:14b,staged,55,0.0,1.0,1,1,1.0,1.0,1.0,16.61245570005849,2,2,multi_gold,line,0.0,0.0,0.0,0.0,0.0,0.0,0.0,0.0,0.0,0.0,0.0,0.0,0.0,0.0,0.0,0.0,0.0,0.0,0.0,0.0,0.0,0.0,0.0,0.0,0.0,0.0,1.0,1.0,1.0,0.0,1.0,0.8,1.0,1.0,1.0,0.0,1.0,0.8,0.4544040753253556
nvbench2:test:658,658,qwen3:14b,staged,55,0.0,1.0,1,1,1.0,1.0,1.0,16.64212239999324,3,3,multi_gold,bar,0.0,0.0,0.0,0.0,0.0,0.0,0.0,0.0,0.0,0.0,0.0,0.0,0.0,0.0,0.0,0.0,0.0,0.0,0.0,0.0,0.0,0.0,0.0,0.0,0.0,0.0,1.0,1.0,1.0,1.0,0.0,0.8,1.0,1.0,1.0,1.0,0.0,0.8,0.3477829925412398
nvbench2:test:659,659,qwen3:14b,staged,55,0.0,1.0,1,0,1.0,0.0,0.0,13.693886299966834,2,2,multi_gold,arc,0.0,0.0,0.0,0.0,0.0,0.0,0.0,0.0,0.0,0.0,0.0,0.0,0.0,0.0,0.0,0.0,0.0,0.0,0.0,0.0,0.0,0.0,0.0,0.0,0.0,0.0,1.0,0.6666666666666666,0.6666666666666666,0.0,1.0,0.6666666666666666,1.0,0.6666666666666666,0.6666666666666666,0.0,1.0,0.6666666666666666,0.36016330604177854
nvbench2:test:660,660,qwen3:14b,staged,55,0.0,1.0,2,0,1.0,0.0,0.0,20.135893399943598,3,3,multi_gold,point,0.0,0.0,0.0,0.0,0.0,0.0,0.0,0.0,0.0,0.0,0.0,0.0,0.0,0.0,0.0,0.0,0.0,0.0,0.0,0.0,0.0,0.0,0.0,0.0,0.0,0.0,0.0,0.5714285714285715,0.0,0.0,0.0,0.1142857142857143,0.0,0.75,0.25,0.0,0.0,0.2,0.08271375812277643
nvbench2:test:661,661,qwen3:14b,staged,55,0.0,1.0,2,2,1.0,1.0,1.0,23.522820300073363,2,2,multi_gold,line,0.0,0.0,0.0,0.0,0.0,0.0,0.0,0.0,0.0,0.0,0.0,0.0,0.0,0.0,0.0,0.0,0.0,0.0,0.0,0.0,0.0,0.0,0.0,0.0,0.0,0.0,0.0,0.8,0.0,0.6666666666666666,0.5,0.39333333333333337,1.0,0.8,0.0,0.6666666666666666,0.5,0.5933333333333334,0.38897848395950474
nvbench2:test:662,662,qwen3:14b,staged,55,0.0,1.0,1,0,1.0,0.0,0.0,12.225668400060385,2,2,multi_gold,arc,0.0,0.0,0.0,0.0,0.0,0.0,0.0,0.0,0.0,0.0,0.0,0.0,0.0,0.0,0.0,0.0,0.0,0.0,0.0,0.0,0.0,0.0,0.0,0.0,0.0,0.0,1.0,1.0,0.5,0.0,1.0,0.7,1.0,1.0,0.5,0.0,1.0,0.7,0.38291336052022606
nvbench2:test:663,663,qwen3:14b,staged,55,0.0,1.0,2,0,1.0,0.0,0.0,18.43702089996077,2,2,multi_gold,point,0.0,0.0,0.0,0.0,0.0,0.0,0.0,0.0,0.0,0.0,0.0,0.0,0.0,0.0,0.0,0.0,0.0,0.0,0.0,0.0,0.0,0.0,0.0,0.0,0.0,0.0,0.0,0.8,0.0,0.0,1.0,0.36,0.0,0.8,0.0,0.0,1.0,0.36,0.28342589756290426
nvbench2:test:664,664,qwen3:14b,staged,55,0.0,1.0,1,1,1.0,1.0,1.0,16.563697499921545,2,2,multi_gold,bar,0.0,0.0,0.0,0.0,0.0,0.0,0.0,0.0,0.0,0.0,0.0,0.0,0.0,0.0,0.0,0.0,0.0,0.0,0.0,0.0,0.0,0.0,0.0,0.0,0.0,0.0,1.0,1.0,1.0,0.6666666666666666,0.0,0.7333333333333333,1.0,1.0,1.0,0.6666666666666666,0.0,0.7333333333333333,0.40619517231497354
nvbench2:test:665,665,qwen3:14b,staged,55,0.0,1.0,1,1,1.0,1.0,1.0,12.656536299968138,5,5,multi_gold,point,0.0,0.0,0.0,0.0,0.0,0.0,0.0,0.0,0.0,0.0,0.0,0.0,0.0,0.0,0.0,0.0,0.0,0.0,0.0,0.0,0.0,0.0,0.0,0.0,0.0,0.0,1.0,0.6666666666666666,0.0,0.0,1.0,0.5333333333333333,1.0,0.6666666666666666,0.0,0.0,1.0,0.5333333333333333,0.1516959263828524
nvbench2:test:666,666,qwen3:14b,staged,55,0.0,1.0,1,0,1.0,0.0,0.0,14.395845800056122,2,2,multi_gold,arc,0.0,0.0,0.0,0.0,0.0,0.0,0.0,0.0,0.0,0.0,0.0,0.0,0.0,0.0,0.0,0.0,0.0,0.0,0.0,0.0,0.0,0.0,0.0,0.0,0.0,0.0,1.0,1.0,0.5,0.0,1.0,0.7,1.0,1.0,0.5,0.0,1.0,0.7,0.38291336052022606
nvbench2:test:667,667,qwen3:14b,staged,55,0.0,1.0,1,1,1.0,1.0,1.0,14.82996160001494,2,2,multi_gold,point,0.0,0.0,0.0,0.0,0.0,0.0,0.0,0.0,0.0,0.0,0.0,0.0,0.0,0.0,0.0,0.0,0.0,0.0,0.0,0.0,0.0,0.0,0.0,0.0,0.0,0.0,1.0,0.8571428571428571,0.28571428571428575,0.0,1.0,0.6285714285714286,1.0,0.8571428571428571,0.28571428571428575,0.0,1.0,0.6285714285714286,0.3347988079016036
nvbench2:test:668,668,qwen3:14b,staged,55,0.0,1.0,1,0,1.0,0.0,0.0,12.398570399964228,2,2,multi_gold,arc,0.0,0.0,0.0,0.0,0.0,0.0,0.0,0.0,0.0,0.0,0.0,0.0,0.0,0.0,0.0,0.0,0.0,0.0,0.0,0.0,0.0,0.0,0.0,0.0,0.0,0.0,1.0,1.0,0.5,0.0,1.0,0.7,1.0,1.0,0.5,0.0,1.0,0.7,0.38291336052022606
nvbench2:test:669,669,qwen3:14b,staged,55,0.0,1.0,2,2,1.0,1.0,1.0,17.179036700050347,2,2,multi_gold,point,0.0,0.0,0.0,0.0,0.0,0.0,0.0,0.0,0.0,0.0,0.0,0.0,0.0,0.0,0.0,0.0,0.0,0.0,0.0,0.0,0.0,0.0,0.0,0.0,0.0,0.0,1.0,0.8571428571428571,0.0,0.0,1.0,0.5714285714285714,1.0,0.8571428571428571,0.28571428571428575,0.0,1.0,0.6285714285714286,0.5092205634497409
nvbench2:test:670,670,qwen3:14b,staged,55,0.0,1.0,1,1,1.0,1.0,1.0,13.971646700054407,2,2,multi_gold,point,0.0,0.0,0.0,0.0,0.0,0.0,0.0,0.0,0.0,0.0,0.0,0.0,0.0,0.0,0.0,0.0,0.0,0.0,0.0,0.0,0.0,0.0,0.0,0.0,0.0,0.0,1.0,0.8571428571428571,0.28571428571428575,0.0,1.0,0.6285714285714286,1.0,0.8571428571428571,0.28571428571428575,0.0,1.0,0.6285714285714286,0.3347988079016036
nvbench2:test:671,671,qwen3:14b,staged,55,0.0,1.0,2,2,1.0,1.0,1.0,13.38874590001069,2,2,multi_gold,arc,0.0,0.0,0.0,0.0,0.0,0.0,0.0,0.0,0.0,0.0,0.0,0.0,0.0,0.0,0.0,0.0,0.0,0.0,0.0,0.0,0.0,0.0,0.0,0.0,0.0,0.0,0.0,0.0,0.0,0.0,1.0,0.2,0.0,0.0,0.0,0.0,1.0,0.2,0.1486983549970351
nvbench2:test:672,672,qwen3:14b,staged,55,0.0,1.0,1,1,1.0,1.0,1.0,12.193805199931376,2,2,multi_gold,line,0.0,0.0,0.0,0.0,0.0,0.0,0.0,0.0,0.0,0.0,0.0,0.0,0.0,0.0,0.0,0.0,0.0,0.0,0.0,0.0,0.0,0.0,0.0,0.0,0.0,0.0,1.0,1.0,0.0,0.0,1.0,0.6,1.0,1.0,0.0,0.0,1.0,0.6,0.3162101650184913
nvbench2:test:673,673,qwen3:14b,staged,55,0.0,1.0,1,1,1.0,1.0,1.0,13.529053899925202,2,2,multi_gold,arc,0.0,0.0,0.0,0.0,0.0,0.0,0.0,0.0,0.0,0.0,0.0,0.0,0.0,0.0,0.0,0.0,0.0,0.0,0.0,0.0,0.0,0.0,0.0,0.0,0.0,0.0,1.0,1.0,0.5,0.0,0.0,0.5,1.0,1.0,0.5,0.0,0.0,0.5,0.2539738829744434
nvbench2:test:674,674,qwen3:14b,staged,55,0.0,1.0,1,0,1.0,0.0,0.0,11.565755299990997,4,4,multi_gold,bar,0.0,0.0,0.0,0.0,0.0,0.0,0.0,0.0,0.0,0.0,0.0,0.0,0.0,0.0,0.0,0.0,0.0,0.0,0.0,0.0,0.0,0.0,0.0,0.0,0.0,0.0,1.0,1.0,1.0,0.0,1.0,0.8,1.0,1.0,1.0,0.0,1.0,0.8,0.28931109484828477
nvbench2:test:675,675,qwen3:14b,staged,55,0.0,1.0,2,2,1.0,1.0,1.0,12.345323899993673,2,2,multi_gold,bar,1.0,1.0,0.5,1.0,0.6666666666666666,1.0,0.5,0.5,0.5,1.0,0.5,0.5,0.5,1.0,1.0,0.5,1.0,0.6666666666666666,1.0,0.5,0.5,0.5,1.0,0.5,0.5,0.5,1.0,1.0,1.0,1.0,1.0,1.0,1.0,1.0,1.0,1.0,1.0,1.0,0.899844244032351
nvbench2:test:676,676,qwen3:14b,staged,55,0.0,1.0,1,0,1.0,0.0,0.0,13.442374699981883,2,2,multi_gold,line,0.0,0.0,0.0,0.0,0.0,0.0,0.0,0.0,0.0,0.0,0.0,0.0,0.0,0.0,0.0,0.0,0.0,0.0,0.0,0.0,0.0,0.0,0.0,0.0,0.0,0.0,1.0,1.0,1.0,0.0,1.0,0.8,1.0,1.0,1.0,0.0,1.0,0.8,0.4544040753253556
nvbench2:test:677,677,qwen3:14b,staged,55,0.0,1.0,1,0,1.0,0.0,0.0,11.255346000078134,2,2,multi_gold,arc,0.0,0.0,0.0,0.0,0.0,0.0,0.0,0.0,0.0,0.0,0.0,0.0,0.0,0.0,0.0,0.0,0.0,0.0,0.0,0.0,0.0,0.0,0.0,0.0,0.0,0.0,1.0,1.0,0.5,0.0,1.0,0.7,1.0,1.0,0.5,0.0,1.0,0.7,0.38291336052022606
nvbench2:test:678,678,qwen3:14b,staged,55,0.0,1.0,1,0,1.0,0.0,0.0,13.54475789994467,2,2,multi_gold,arc,0.0,0.0,0.0,0.0,0.0,0.0,0.0,0.0,0.0,0.0,0.0,0.0,0.0,0.0,0.0,0.0,0.0,0.0,0.0,0.0,0.0,0.0,0.0,0.0,0.0,0.0,1.0,1.0,0.5,0.0,1.0,0.7,1.0,1.0,0.5,0.0,1.0,0.7,0.38291336052022606
nvbench2:test:679,679,qwen3:14b,staged,55,0.0,1.0,1,0,1.0,0.0,0.0,13.043249599984847,2,2,multi_gold,arc,0.0,0.0,0.0,0.0,0.0,0.0,0.0,0.0,0.0,0.0,0.0,0.0,0.0,0.0,0.0,0.0,0.0,0.0,0.0,0.0,0.0,0.0,0.0,0.0,0.0,0.0,1.0,1.0,0.5,0.0,1.0,0.7,1.0,1.0,0.5,0.0,1.0,0.7,0.38291336052022606
nvbench2:test:680,680,qwen3:14b,staged,55,0.0,1.0,1,1,1.0,1.0,1.0,13.578821700066328,4,4,multi_gold,boxplot,0.0,0.0,0.0,0.0,0.0,0.0,0.0,0.0,0.0,0.0,0.0,0.0,0.0,0.0,0.0,0.0,0.0,0.0,0.0,0.0,0.0,0.0,0.0,0.0,0.0,0.0,1.0,1.0,0.5,0.0,1.0,0.7,1.0,1.0,0.5,0.0,1.0,0.7,0.2437942121994015
nvbench2:test:681,681,qwen3:14b,staged,55,0.0,1.0,1,1,1.0,1.0,1.0,13.70676089997869,5,5,multi_gold,rect,0.0,0.0,0.0,0.0,0.0,0.0,0.0,0.0,0.0,0.0,0.0,0.0,0.0,0.0,0.0,0.0,0.0,0.0,0.0,0.0,0.0,0.0,0.0,0.0,0.0,0.0,1.0,1.0,0.6666666666666666,0.6666666666666666,1.0,0.8666666666666666,1.0,1.0,0.6666666666666666,0.6666666666666666,1.0,0.8666666666666666,0.2792797674703377
nvbench2:test:682,682,qwen3:14b,staged,55,0.0,1.0,1,1,1.0,1.0,1.0,12.108589299954474,4,4,multi_gold,boxplot,1.0,1.0,0.25,1.0,0.4,1.0,0.25,1.0,0.4,1.0,0.25,1.0,0.4,1.0,1.0,0.25,1.0,0.4,1.0,0.25,1.0,0.4,1.0,0.25,1.0,0.4,1.0,1.0,1.0,1.0,1.0,1.0,1.0,1.0,1.0,1.0,1.0,1.0,0.3903800499921017
nvbench2:test:683,683,qwen3:14b,staged,55,0.0,1.0,1,0,1.0,0.0,0.0,12.952474600053392,2,2,multi_gold,arc,0.0,0.0,0.0,0.0,0.0,0.0,0.0,0.0,0.0,0.0,0.0,0.0,0.0,0.0,0.0,0.0,0.0,0.0,0.0,0.0,0.0,0.0,0.0,0.0,0.0,0.0,1.0,1.0,0.5,0.0,0.0,0.5,1.0,1.0,0.5,0.0,0.0,0.5,0.2539738829744434
nvbench2:test:684,684,qwen3:14b,staged,55,0.0,1.0,1,1,1.0,1.0,1.0,14.715952700003982,2,2,multi_gold,arc,0.0,0.0,0.0,0.0,0.0,0.0,0.0,0.0,0.0,0.0,0.0,0.0,0.0,0.0,0.0,0.0,0.0,0.0,0.0,0.0,0.0,0.0,0.0,0.0,0.0,0.0,1.0,1.0,0.5,0.0,1.0,0.7,1.0,1.0,0.5,0.0,1.0,0.7,0.38291336052022606
nvbench2:test:685,685,qwen3:14b,staged,55,0.0,1.0,1,0,1.0,0.0,0.0,12.175453299889341,3,3,multi_gold,point,0.0,0.0,0.0,0.0,0.0,0.0,0.0,0.0,0.0,0.0,0.0,0.0,0.0,0.0,0.0,0.0,0.0,0.0,0.0,0.0,0.0,0.0,0.0,0.0,0.0,0.0,0.0,0.6666666666666666,0.0,0.0,1.0,0.3333333333333333,0.0,0.6666666666666666,0.0,0.0,1.0,0.3333333333333333,0.1219754191611634
nvbench2:test:686,686,qwen3:14b,staged,55,0.0,1.0,1,1,1.0,1.0,1.0,12.709813600056805,4,4,multi_gold,boxplot,0.0,0.0,0.0,0.0,0.0,0.0,0.0,0.0,0.0,0.0,0.0,0.0,0.0,0.0,0.0,0.0,0.0,0.0,0.0,0.0,0.0,0.0,0.0,0.0,0.0,0.0,1.0,1.0,0.5,0.0,1.0,0.7,1.0,1.0,0.5,0.0,1.0,0.7,0.2437942121994015
nvbench2:test:687,687,qwen3:14b,staged,55,0.0,1.0,1,0,1.0,0.0,0.0,10.509009699919261,2,2,multi_gold,boxplot,0.0,0.0,0.0,0.0,0.0,0.0,0.0,0.0,0.0,0.0,0.0,0.0,0.0,0.0,0.0,0.0,0.0,0.0,0.0,0.0,0.0,0.0,0.0,0.0,0.0,0.0,1.0,0.6666666666666666,0.6666666666666666,1.0,1.0,0.8666666666666666,1.0,0.6666666666666666,0.6666666666666666,1.0,1.0,0.8666666666666666,0.5048929761157583
nvbench2:test:688,688,qwen3:14b,staged,55,0.0,1.0,2,1,1.0,1.0,0.0,12.674410399980843,2,2,multi_gold,boxplot,0.0,0.0,0.0,0.0,0.0,0.0,0.0,0.0,0.0,0.0,0.0,0.0,0.0,0.0,0.0,0.0,0.0,0.0,0.0,0.0,0.0,0.0,0.0,0.0,0.0,0.0,0.0,1.0,0.0,0.0,1.0,0.4,0.0,1.0,0.0,0.0,1.0,0.4,0.31950791077289425
nvbench2:test:689,689,qwen3:14b,staged,55,0.0,1.0,1,0,1.0,0.0,0.0,22.49173879995942,2,2,multi_gold,arc,0.0,0.0,0.0,0.0,0.0,0.0,0.0,0.0,0.0,0.0,0.0,0.0,0.0,0.0,0.0,0.0,0.0,0.0,0.0,0.0,0.0,0.0,0.0,0.0,0.0,0.0,1.0,1.0,0.5,0.0,0.0,0.5,1.0,1.0,0.5,0.0,0.0,0.5,0.2539738829744434
nvbench2:test:690,690,qwen3:14b,staged,55,0.0,1.0,1,1,1.0,1.0,1.0,11.829435899970122,4,4,multi_gold,arc,0.0,0.0,0.0,0.0,0.0,0.0,0.0,0.0,0.0,0.0,0.0,0.0,0.0,0.0,0.0,0.0,0.0,0.0,0.0,0.0,0.0,0.0,0.0,0.0,0.0,0.0,1.0,1.0,0.5,0.0,1.0,0.7,1.0,1.0,0.5,0.0,1.0,0.7,0.2437942121994015
nvbench2:test:691,691,qwen3:14b,staged,55,0.0,1.0,1,0,1.0,0.0,0.0,12.063483000034466,4,4,multi_gold,arc,0.0,0.0,0.0,0.0,0.0,0.0,0.0,0.0,0.0,0.0,0.0,0.0,0.0,0.0,0.0,0.0,0.0,0.0,0.0,0.0,0.0,0.0,0.0,0.0,0.0,0.0,1.0,1.0,0.5,0.0,1.0,0.7,1.0,1.0,0.5,0.0,1.0,0.7,0.2437942121994015
nvbench2:test:692,692,qwen3:14b,staged,55,0.0,1.0,1,0,1.0,0.0,0.0,13.633385699940845,2,2,multi_gold,arc,0.0,0.0,0.0,0.0,0.0,0.0,0.0,0.0,0.0,0.0,0.0,0.0,0.0,0.0,0.0,0.0,0.0,0.0,0.0,0.0,0.0,0.0,0.0,0.0,0.0,0.0,1.0,1.0,1.0,0.0,1.0,0.8,1.0,1.0,1.0,0.0,1.0,0.8,0.4544040753253556
nvbench2:test:693,693,qwen3:14b,staged,55,0.0,1.0,1,1,1.0,1.0,1.0,16.4638513000682,4,4,multi_gold,boxplot,0.0,0.0,0.0,0.0,0.0,0.0,0.0,0.0,0.0,0.0,0.0,0.0,0.0,0.0,0.0,0.0,0.0,0.0,0.0,0.0,0.0,0.0,0.0,0.0,0.0,0.0,1.0,1.0,0.5,0.0,1.0,0.7,1.0,1.0,0.5,0.0,1.0,0.7,0.2437942121994015
nvbench2:test:694,694,qwen3:14b,staged,55,0.0,1.0,1,0,1.0,0.0,0.0,14.737153999973089,2,2,multi_gold,boxplot,0.0,0.0,0.0,0.0,0.0,0.0,0.0,0.0,0.0,0.0,0.0,0.0,0.0,0.0,0.0,0.0,0.0,0.0,0.0,0.0,0.0,0.0,0.0,0.0,0.0,0.0,1.0,0.6666666666666666,0.0,1.0,0.0,0.5333333333333333,1.0,0.6666666666666666,0.0,1.0,0.0,0.5333333333333333,0.27424187734691513
nvbench2:test:695,695,qwen3:14b,staged,55,0.0,1.0,1,0,1.0,0.0,0.0,15.571323300013319,2,2,multi_gold,point,0.0,0.0,0.0,0.0,0.0,0.0,0.0,0.0,0.0,0.0,0.0,0.0,0.0,0.0,0.0,0.0,0.0,0.0,0.0,0.0,0.0,0.0,0.0,0.0,0.0,0.0,1.0,0.6666666666666666,0.0,0.0,0.0,0.3333333333333333,1.0,0.6666666666666666,0.0,0.0,0.0,0.3333333333333333,0.15936986208369214
nvbench2:test:696,696,qwen3:14b,staged,55,0.0,1.0,1,1,1.0,1.0,1.0,12.586367500014603,2,2,multi_gold,rect,1.0,1.0,0.5,1.0,0.6666666666666666,1.0,0.5,1.0,0.6666666666666666,1.0,0.5,1.0,0.6666666666666666,1.0,1.0,0.5,1.0,0.6666666666666666,1.0,0.5,1.0,0.6666666666666666,1.0,0.5,1.0,0.6666666666666666,1.0,1.0,1.0,1.0,1.0,1.0,1.0,1.0,1.0,1.0,1.0,1.0,0.6131471927654584
nvbench2:test:697,697,qwen3:14b,staged,55,0.0,1.0,1,0,1.0,0.0,0.0,12.632106499979272,4,4,multi_gold,boxplot,0.0,0.0,0.0,0.0,0.0,0.0,0.0,0.0,0.0,0.0,0.0,0.0,0.0,0.0,0.0,0.0,0.0,0.0,0.0,0.0,0.0,0.0,0.0,0.0,0.0,0.0,1.0,1.0,1.0,0.0,0.0,0.6,1.0,1.0,1.0,0.0,0.0,0.6,0.2013254590160842
nvbench2:test:698,698,qwen3:14b,staged,55,0.0,1.0,1,0,1.0,0.0,0.0,11.03536619991064,2,2,multi_gold,boxplot,0.0,0.0,0.0,0.0,0.0,0.0,0.0,0.0,0.0,0.0,0.0,0.0,0.0,0.0,0.0,0.0,0.0,0.0,0.0,0.0,0.0,0.0,0.0,0.0,0.0,0.0,1.0,0.6666666666666666,0.6666666666666666,1.0,1.0,0.8666666666666666,1.0,0.6666666666666666,0.6666666666666666,1.0,1.0,0.8666666666666666,0.5048929761157583
nvbench2:test:699,699,qwen3:14b,staged,55,0.0,1.0,3,3,1.0,1.0,1.0,14.726223499979824,4,4,multi_gold,boxplot,1.0,1.0,0.25,1.0,0.4,1.0,0.75,1.0,0.8571428571428571,1.0,0.75,1.0,0.8571428571428571,1.0,1.0,0.25,1.0,0.4,1.0,0.75,1.0,0.8571428571428571,1.0,0.75,1.0,0.8571428571428571,1.0,1.0,1.0,1.0,1.0,1.0,1.0,1.0,1.0,1.0,1.0,1.0,0.8318724637288826
nvbench2:test:700,700,qwen3:14b,staged,55,0.0,1.0,1,1,1.0,1.0,1.0,13.068716799956746,2,2,multi_gold,point,0.0,0.0,0.0,0.0,0.0,0.0,0.0,0.0,0.0,0.0,0.0,0.0,0.0,0.0,0.0,0.0,0.0,0.0,0.0,0.0,0.0,0.0,0.0,0.0,0.0,0.0,1.0,0.8571428571428571,0.5714285714285715,0.0,1.0,0.6857142857142857,1.0,0.8571428571428571,0.5714285714285715,0.0,1.0,0.6857142857142857,0.37309893864556204
nvbench2:test:701,701,qwen3:14b,staged,55,0.0,1.0,1,1,1.0,1.0,1.0,13.090495300013572,2,2,multi_gold,arc,0.0,0.0,0.0,0.0,0.0,0.0,0.0,0.0,0.0,0.0,0.0,0.0,0.0,0.0,0.0,0.0,0.0,0.0,0.0,0.0,0.0,0.0,0.0,0.0,0.0,0.0,1.0,1.0,0.5,0.6666666666666666,1.0,0.8333333333333334,1.0,1.0,0.5,0.6666666666666666,1.0,0.8333333333333334,0.47935690336673037
nvbench2:test:702,702,qwen3:14b,staged,55,0.0,1.0,1,1,1.0,1.0,1.0,15.332217299961485,2,2,multi_gold,point,0.0,0.0,0.0,0.0,0.0,0.0,0.0,0.0,0.0,0.0,0.0,0.0,0.0,0.0,0.0,0.0,0.0,0.0,0.0,0.0,0.0,0.0,0.0,0.0,0.0,0.0,1.0,0.8571428571428571,0.5714285714285715,1.0,1.0,0.8857142857142858,1.0,0.8571428571428571,0.5714285714285715,1.0,1.0,0.8857142857142858,0.5197521160085704
nvbench2:test:703,703,qwen3:14b,staged,55,0.0,1.0,1,0,1.0,0.0,0.0,14.546867300057784,4,4,multi_gold,arc,0.0,0.0,0.0,0.0,0.0,0.0,0.0,0.0,0.0,0.0,0.0,0.0,0.0,0.0,0.0,0.0,0.0,0.0,0.0,0.0,0.0,0.0,0.0,0.0,0.0,0.0,1.0,1.0,0.5,0.0,0.0,0.5,1.0,1.0,0.5,0.0,0.0,0.5,0.16170071118661541
nvbench2:test:704,704,qwen3:14b,staged,55,0.0,1.0,4,3,1.0,1.0,0.0,15.673479699995369,4,4,multi_gold,boxplot,0.5,0.0,0.0,0.0,0.0,1.0,0.5,0.6666666666666666,0.5714285714285715,1.0,0.75,0.75,0.75,1.0,1.0,0.25,1.0,0.4,1.0,0.75,1.0,0.8571428571428571,1.0,0.75,1.0,0.8571428571428571,1.0,1.0,1.0,0.0,1.0,0.8,1.0,1.0,1.0,1.0,1.0,1.0,0.898931044856183
nvbench2:test:705,705,qwen3:14b,staged,55,0.0,1.0,1,0,1.0,0.0,0.0,13.75711569993291,2,2,multi_gold,arc,0.0,0.0,0.0,0.0,0.0,0.0,0.0,0.0,0.0,0.0,0.0,0.0,0.0,0.0,0.0,0.0,0.0,0.0,0.0,0.0,0.0,0.0,0.0,0.0,0.0,0.0,1.0,1.0,0.5,0.0,1.0,0.7,1.0,1.0,0.5,0.0,1.0,0.7,0.38291336052022606
nvbench2:test:706,706,qwen3:14b,staged,55,0.0,1.0,2,0,1.0,0.0,0.0,19.43238310003653,3,3,multi_gold,point,0.0,0.0,0.0,0.0,0.0,0.0,0.0,0.0,0.0,0.0,0.0,0.0,0.0,0.0,0.0,0.0,0.0,0.0,0.0,0.0,0.0,0.0,0.0,0.0,0.0,0.0,0.0,0.8,0.0,0.0,0.0,0.16,0.0,0.8,0.0,0.0,0.0,0.16,0.08976695870552673
nvbench2:test:707,707,qwen3:14b,staged,55,0.0,1.0,1,1,1.0,1.0,1.0,13.410641900030896,4,4,multi_gold,arc,0.0,0.0,0.0,0.0,0.0,0.0,0.0,0.0,0.0,0.0,0.0,0.0,0.0,0.0,0.0,0.0,0.0,0.0,0.0,0.0,0.0,0.0,0.0,0.0,0.0,0.0,1.0,1.0,0.5,0.6666666666666666,1.0,0.8333333333333334,1.0,1.0,0.5,0.6666666666666666,1.0,0.8333333333333334,0.3051981222589482
nvbench2:test:708,708,qwen3:14b,staged,55,0.0,1.0,1,1,1.0,1.0,1.0,12.587522399961017,2,2,multi_gold,arc,0.0,0.0,0.0,0.0,0.0,0.0,0.0,0.0,0.0,0.0,0.0,0.0,0.0,0.0,0.0,0.0,0.0,0.0,0.0,0.0,0.0,0.0,0.0,0.0,0.0,0.0,1.0,1.0,0.5,0.6666666666666666,1.0,0.8333333333333334,1.0,1.0,0.5,0.6666666666666666,1.0,0.8333333333333334,0.47935690336673037
nvbench2:test:709,709,qwen3:14b,staged,55,0.0,1.0,1,0,1.0,0.0,0.0,10.883647799957544,2,2,multi_gold,arc,0.0,0.0,0.0,0.0,0.0,0.0,0.0,0.0,0.0,0.0,0.0,0.0,0.0,0.0,0.0,0.0,0.0,0.0,0.0,0.0,0.0,0.0,0.0,0.0,0.0,0.0,1.0,1.0,0.5,0.0,1.0,0.7,1.0,1.0,0.5,0.0,1.0,0.7,0.38291336052022606
nvbench2:test:710,710,qwen3:14b,staged,55,0.0,1.0,1,0,1.0,0.0,0.0,11.304639999987558,4,4,multi_gold,arc,0.0,0.0,0.0,0.0,0.0,0.0,0.0,0.0,0.0,0.0,0.0,0.0,0.0,0.0,0.0,0.0,0.0,0.0,0.0,0.0,0.0,0.0,0.0,0.0,0.0,0.0,1.0,1.0,0.5,0.0,1.0,0.7,1.0,1.0,0.5,0.0,1.0,0.7,0.2437942121994015
nvbench2:test:711,711,qwen3:14b,staged,55,0.0,1.0,1,1,1.0,1.0,1.0,11.08730429993011,2,2,multi_gold,boxplot,0.0,0.0,0.0,0.0,0.0,0.0,0.0,0.0,0.0,0.0,0.0,0.0,0.0,0.0,0.0,0.0,0.0,0.0,0.0,0.0,0.0,0.0,0.0,0.0,0.0,0.0,1.0,1.0,0.0,0.0,1.0,0.6,1.0,1.0,0.0,0.0,1.0,0.6,0.3162101650184913
nvbench2:test:712,712,qwen3:14b,staged,55,0.0,1.0,1,1,1.0,1.0,1.0,14.58443319995422,2,2,multi_gold,boxplot,0.0,0.0,0.0,0.0,0.0,0.0,0.0,0.0,0.0,0.0,0.0,0.0,0.0,0.0,0.0,0.0,0.0,0.0,0.0,0.0,0.0,0.0,0.0,0.0,0.0,0.0,1.0,1.0,1.0,1.0,1.0,1.0,1.0,1.0,1.0,1.0,1.0,1.0,0.6131471927654584
nvbench2:test:713,713,qwen3:14b,staged,55,0.0,1.0,4,0,1.0,0.0,0.0,16.105963699985296,4,4,multi_gold,bar,0.0,0.0,0.0,0.0,0.0,0.0,0.0,0.0,0.0,0.0,0.0,0.0,0.0,0.0,0.0,0.0,0.0,0.0,0.0,0.0,0.0,0.0,0.0,0.0,0.0,0.0,0.0,0.4,0.4,0.0,1.0,0.36,0.0,0.4,0.4,0.0,1.0,0.36,0.2834258975629042
nvbench2:test:714,714,qwen3:14b,staged,55,0.0,1.0,1,1,1.0,1.0,1.0,12.85206720000133,3,3,multi_gold,rect,1.0,1.0,0.3333333333333333,1.0,0.5,1.0,0.3333333333333333,1.0,0.5,1.0,0.3333333333333333,1.0,0.5,1.0,1.0,0.3333333333333333,1.0,0.5,1.0,0.3333333333333333,1.0,0.5,1.0,0.3333333333333333,1.0,0.5,1.0,1.0,1.0,1.0,1.0,1.0,1.0,1.0,1.0,1.0,1.0,1.0,0.46927872602275644
nvbench2:test:715,715,qwen3:14b,staged,55,0.0,1.0,1,1,1.0,1.0,1.0,11.07129679992795,2,2,multi_gold,arc,1.0,1.0,0.5,1.0,0.6666666666666666,1.0,0.5,1.0,0.6666666666666666,1.0,0.5,1.0,0.6666666666666666,1.0,1.0,0.5,1.0,0.6666666666666666,1.0,0.5,1.0,0.6666666666666666,1.0,0.5,1.0,0.6666666666666666,1.0,1.0,1.0,1.0,1.0,1.0,1.0,1.0,1.0,1.0,1.0,1.0,0.6131471927654584
nvbench2:test:716,716,qwen3:14b,staged,55,0.0,1.0,3,3,1.0,1.0,1.0,17.80711659998633,4,4,multi_gold,bar+line,0.0,0.0,0.0,0.0,0.0,0.0,0.0,0.0,0.0,0.0,0.0,0.0,0.0,0.0,0.0,0.0,0.0,0.0,0.0,0.0,0.0,0.0,0.0,0.0,0.0,0.0,1.0,0.8,0.4,1.0,0.0,0.64,1.0,0.8,0.4,1.0,0.0,0.64,0.38033864740064705
nvbench2:test:717,717,qwen3:14b,staged,55,0.0,1.0,1,1,1.0,1.0,1.0,13.072010400006548,2,2,multi_gold,rect,1.0,1.0,0.5,1.0,0.6666666666666666,1.0,0.5,1.0,0.6666666666666666,1.0,0.5,1.0,0.6666666666666666,1.0,1.0,0.5,1.0,0.6666666666666666,1.0,0.5,1.0,0.6666666666666666,1.0,0.5,1.0,0.6666666666666666,1.0,1.0,1.0,1.0,1.0,1.0,1.0,1.0,1.0,1.0,1.0,1.0,0.6131471927654584
nvbench2:test:718,718,qwen3:14b,staged,55,0.0,1.0,1,0,1.0,0.0,0.0,11.517041599960066,2,2,multi_gold,arc,0.0,0.0,0.0,0.0,0.0,0.0,0.0,0.0,0.0,0.0,0.0,0.0,0.0,0.0,0.0,0.0,0.0,0.0,0.0,0.0,0.0,0.0,0.0,0.0,0.0,0.0,1.0,1.0,0.5,0.6666666666666666,1.0,0.8333333333333334,1.0,1.0,0.5,0.6666666666666666,1.0,0.8333333333333334,0.47935690336673037
nvbench2:test:719,719,qwen3:14b,staged,55,0.0,1.0,1,1,1.0,1.0,1.0,9.6082735999953,3,3,multi_gold,bar,1.0,1.0,0.3333333333333333,1.0,0.5,1.0,0.3333333333333333,1.0,0.5,1.0,0.3333333333333333,1.0,0.5,1.0,1.0,0.3333333333333333,1.0,0.5,1.0,0.3333333333333333,1.0,0.5,1.0,0.3333333333333333,1.0,0.5,1.0,1.0,1.0,1.0,1.0,1.0,1.0,1.0,1.0,1.0,1.0,1.0,0.46927872602275644
nvbench2:test:720,720,qwen3:14b,staged,55,0.0,1.0,1,0,1.0,0.0,0.0,11.506648499984294,5,5,multi_gold,bar+line+rect,0.0,0.0,0.0,0.0,0.0,0.0,0.0,0.0,0.0,0.0,0.0,0.0,0.0,0.0,0.0,0.0,0.0,0.0,0.0,0.0,0.0,0.0,0.0,0.0,0.0,0.0,1.0,0.8,0.4,1.0,1.0,0.8400000000000001,1.0,0.8,0.4,1.0,1.0,0.8400000000000001,0.2679535682883118
nvbench2:test:721,721,qwen3:14b,staged,55,0.0,1.0,1,0,1.0,0.0,0.0,11.922614400042221,3,3,multi_gold,line,0.0,0.0,0.0,0.0,0.0,0.0,0.0,0.0,0.0,0.0,0.0,0.0,0.0,0.0,0.0,0.0,0.0,0.0,0.0,0.0,0.0,0.0,0.0,0.0,0.0,0.0,1.0,1.0,0.5,1.0,1.0,0.9,1.0,1.0,0.5,1.0,1.0,0.9,0.40642634118843207
nvbench2:test:722,722,qwen3:14b,staged,55,0.0,1.0,1,0,1.0,0.0,0.0,12.591175000066869,3,3,multi_gold,arc,0.0,0.0,0.0,0.0,0.0,0.0,0.0,0.0,0.0,0.0,0.0,0.0,0.0,0.0,0.0,0.0,0.0,0.0,0.0,0.0,0.0,0.0,0.0,0.0,0.0,0.0,1.0,1.0,0.0,1.0,1.0,0.8,1.0,1.0,0.0,1.0,1.0,0.8,0.3477829925412398
nvbench2:test:723,723,qwen3:14b,staged,55,0.0,1.0,1,0,1.0,0.0,0.0,13.742928499937989,3,3,multi_gold,arc,0.0,0.0,0.0,0.0,0.0,0.0,0.0,0.0,0.0,0.0,0.0,0.0,0.0,0.0,0.0,0.0,0.0,0.0,0.0,0.0,0.0,0.0,0.0,0.0,0.0,0.0,1.0,1.0,0.5,1.0,1.0,0.9,1.0,1.0,0.5,1.0,1.0,0.9,0.40642634118843207
nvbench2:test:724,724,qwen3:14b,staged,55,0.0,1.0,1,0,1.0,0.0,0.0,13.589750300045125,2,2,multi_gold,bar,0.0,0.0,0.0,0.0,0.0,0.0,0.0,0.0,0.0,0.0,0.0,0.0,0.0,0.0,0.0,0.0,0.0,0.0,0.0,0.0,0.0,0.0,0.0,0.0,0.0,0.0,1.0,0.8,0.4,1.0,0.0,0.64,1.0,0.8,0.4,1.0,0.0,0.64,0.34233795667676936
nvbench2:test:725,725,qwen3:14b,staged,55,0.0,1.0,1,1,1.0,1.0,1.0,13.047195199993439,4,4,multi_gold,line,0.0,0.0,0.0,0.0,0.0,0.0,0.0,0.0,0.0,0.0,0.0,0.0,0.0,0.0,0.0,0.0,0.0,0.0,0.0,0.0,0.0,0.0,0.0,0.0,0.0,0.0,1.0,1.0,1.0,0.6666666666666666,1.0,0.9333333333333333,1.0,1.0,1.0,0.6666666666666666,1.0,0.9333333333333333,0.3551221761460723
nvbench2:test:726,726,qwen3:14b,staged,55,0.0,1.0,1,0,1.0,0.0,0.0,13.177309699938633,3,3,multi_gold,arc,0.0,0.0,0.0,0.0,0.0,0.0,0.0,0.0,0.0,0.0,0.0,0.0,0.0,0.0,0.0,0.0,0.0,0.0,0.0,0.0,0.0,0.0,0.0,0.0,0.0,0.0,1.0,1.0,0.5,1.0,1.0,0.9,1.0,1.0,0.5,1.0,1.0,0.9,0.40642634118843207
nvbench2:test:727,727,qwen3:14b,staged,55,0.0,1.0,1,0,1.0,0.0,0.0,15.231253200094216,2,2,multi_gold,bar,0.0,0.0,0.0,0.0,0.0,0.0,0.0,0.0,0.0,0.0,0.0,0.0,0.0,0.0,0.0,0.0,0.0,0.0,0.0,0.0,0.0,0.0,0.0,0.0,0.0,0.0,1.0,0.8,0.4,0.6666666666666666,1.0,0.7733333333333333,1.0,0.8,0.4,0.6666666666666666,1.0,0.7733333333333333,0.43485278687002965
nvbench2:test:728,728,qwen3:14b,staged,55,0.0,1.0,1,0,1.0,0.0,0.0,17.246705499943346,3,3,multi_gold,rect,0.0,0.0,0.0,0.0,0.0,0.0,0.0,0.0,0.0,0.0,0.0,0.0,0.0,0.0,0.0,0.0,0.0,0.0,0.0,0.0,0.0,0.0,0.0,0.0,0.0,0.0,1.0,1.0,0.6666666666666666,0.33333333333333337,0.0,0.6,1.0,1.0,0.6666666666666666,0.33333333333333337,0.0,0.6,0.2420148133208297
nvbench2:test:729,729,qwen3:14b,staged,55,0.0,1.0,2,2,1.0,1.0,1.0,15.215507599990815,4,4,multi_gold,rect,0.0,0.0,0.0,0.0,0.0,0.0,0.0,0.0,0.0,0.0,0.0,0.0,0.0,0.0,0.0,0.0,0.0,0.0,0.0,0.0,0.0,0.0,0.0,0.0,0.0,0.0,0.0,0.8,0.0,0.0,1.0,0.36,0.0,0.8,0.0,0.0,1.0,0.36,0.18045229166039162
nvbench2:test:730,730,qwen3:14b,staged,55,0.0,1.0,2,0,1.0,0.0,0.0,15.10304770001676,3,3,multi_gold,arc,0.0,0.0,0.0,0.0,0.0,0.0,0.0,0.0,0.0,0.0,0.0,0.0,0.0,0.0,0.0,0.0,0.0,0.0,0.0,0.0,0.0,0.0,0.0,0.0,0.0,0.0,0.0,0.0,0.0,0.0,1.0,0.2,0.0,0.0,0.0,0.0,1.0,0.2,0.11380786769969098
nvbench2:test:731,731,qwen3:14b,staged,55,0.0,1.0,1,1,1.0,1.0,1.0,13.6165283001028,2,2,multi_gold,bar,0.0,0.0,0.0,0.0,0.0,0.0,0.0,0.0,0.0,0.0,0.0,0.0,0.0,0.0,0.0,0.0,0.0,0.0,0.0,0.0,0.0,0.0,0.0,0.0,0.0,0.0,1.0,0.8,0.8,1.0,0.0,0.72,1.0,0.8,0.8,1.0,0.0,0.72,0.39681784768346284
nvbench2:test:732,732,qwen3:14b,staged,55,0.0,1.0,1,0,1.0,0.0,0.0,11.635867799981497,2,2,multi_gold,boxplot,0.0,0.0,0.0,0.0,0.0,0.0,0.0,0.0,0.0,0.0,0.0,0.0,0.0,0.0,0.0,0.0,0.0,0.0,0.0,0.0,0.0,0.0,0.0,0.0,0.0,0.0,1.0,1.0,1.0,0.0,1.0,0.8,1.0,1.0,1.0,0.0,1.0,0.8,0.4544040753253556
nvbench2:test:733,733,qwen3:14b,staged,55,0.0,1.0,1,1,1.0,1.0,1.0,11.572645199950784,4,4,multi_gold,point,0.0,0.0,0.0,0.0,0.0,0.0,0.0,0.0,0.0,0.0,0.0,0.0,0.0,0.0,0.0,0.0,0.0,0.0,0.0,0.0,0.0,0.0,0.0,0.0,0.0,0.0,1.0,0.8,0.0,0.0,1.0,0.5599999999999999,1.0,0.8,0.0,0.0,1.0,0.5599999999999999,0.185145240755815
nvbench2:test:734,734,qwen3:14b,staged,55,0.0,1.0,1,1,1.0,1.0,1.0,12.627283400041051,4,4,multi_gold,rect,0.0,0.0,0.0,0.0,0.0,0.0,0.0,0.0,0.0,0.0,0.0,0.0,0.0,0.0,0.0,0.0,0.0,0.0,0.0,0.0,0.0,0.0,0.0,0.0,0.0,0.0,1.0,1.0,0.6666666666666666,0.6666666666666666,1.0,0.8666666666666666,1.0,1.0,0.6666666666666666,0.6666666666666666,1.0,0.8666666666666666,0.3214564913324584
nvbench2:test:735,735,qwen3:14b,staged,55,0.0,1.0,1,0,1.0,0.0,0.0,13.456169500015676,2,2,multi_gold,boxplot,0.0,0.0,0.0,0.0,0.0,0.0,0.0,0.0,0.0,0.0,0.0,0.0,0.0,0.0,0.0,0.0,0.0,0.0,0.0,0.0,0.0,0.0,0.0,0.0,0.0,0.0,1.0,1.0,0.5,0.0,1.0,0.7,1.0,1.0,0.5,0.0,1.0,0.7,0.38291336052022606
nvbench2:test:736,736,qwen3:14b,staged,55,0.0,1.0,1,1,1.0,1.0,1.0,13.61350939993281,3,3,multi_gold,bar,0.0,0.0,0.0,0.0,0.0,0.0,0.0,0.0,0.0,0.0,0.0,0.0,0.0,0.0,0.0,0.0,0.0,0.0,0.0,0.0,0.0,0.0,0.0,0.0,0.0,0.0,1.0,0.8,0.4,0.6666666666666666,1.0,0.7733333333333333,1.0,0.8,0.4,0.6666666666666666,1.0,0.7733333333333333,0.33281920595512327
nvbench2:test:737,737,qwen3:14b,staged,55,0.0,1.0,1,0,1.0,0.0,0.0,13.945131200016476,5,5,multi_gold,arc,0.0,0.0,0.0,0.0,0.0,0.0,0.0,0.0,0.0,0.0,0.0,0.0,0.0,0.0,0.0,0.0,0.0,0.0,0.0,0.0,0.0,0.0,0.0,0.0,0.0,0.0,1.0,1.0,0.5,1.0,0.0,0.7,1.0,1.0,0.5,1.0,0.0,0.7,0.21180717369071872
nvbench2:test:738,738,qwen3:14b,staged,55,0.0,1.0,1,1,1.0,1.0,1.0,12.397853499976918,3,3,multi_gold,boxplot,0.0,0.0,0.0,0.0,0.0,0.0,0.0,0.0,0.0,0.0,0.0,0.0,0.0,0.0,0.0,0.0,0.0,0.0,0.0,0.0,0.0,0.0,0.0,0.0,0.0,0.0,1.0,1.0,0.5,1.0,1.0,0.9,1.0,1.0,0.5,1.0,1.0,0.9,0.40642634118843207
nvbench2:test:739,739,qwen3:14b,staged,55,0.0,1.0,1,0,1.0,0.0,0.0,13.83713220001664,3,3,multi_gold,boxplot,0.0,0.0,0.0,0.0,0.0,0.0,0.0,0.0,0.0,0.0,0.0,0.0,0.0,0.0,0.0,0.0,0.0,0.0,0.0,0.0,0.0,0.0,0.0,0.0,0.0,0.0,1.0,0.6666666666666666,0.6666666666666666,0.0,0.0,0.4666666666666666,1.0,0.6666666666666666,0.6666666666666666,0.0,0.0,0.4666666666666666,0.17922358976295982
nvbench2:test:740,740,qwen3:14b,staged,55,0.0,1.0,1,0,1.0,0.0,0.0,12.402778999996372,3,3,multi_gold,boxplot,0.0,0.0,0.0,0.0,0.0,0.0,0.0,0.0,0.0,0.0,0.0,0.0,0.0,0.0,0.0,0.0,0.0,0.0,0.0,0.0,0.0,0.0,0.0,0.0,0.0,0.0,1.0,1.0,0.5,0.0,1.0,0.7,1.0,1.0,0.5,0.0,1.0,0.7,0.29306681351921393
nvbench2:test:741,741,qwen3:14b,staged,55,0.0,1.0,1,1,1.0,1.0,1.0,13.124835799913853,2,2,multi_gold,boxplot,0.0,0.0,0.0,0.0,0.0,0.0,0.0,0.0,0.0,0.0,0.0,0.0,0.0,0.0,0.0,0.0,0.0,0.0,0.0,0.0,0.0,0.0,0.0,0.0,0.0,0.0,1.0,1.0,1.0,1.0,1.0,1.0,1.0,1.0,1.0,1.0,1.0,1.0,0.6131471927654584
nvbench2:test:742,742,qwen3:14b,staged,55,0.0,1.0,1,0,1.0,0.0,0.0,14.752323599997908,4,4,multi_gold,rect,0.0,0.0,0.0,0.0,0.0,0.0,0.0,0.0,0.0,0.0,0.0,0.0,0.0,0.0,0.0,0.0,0.0,0.0,0.0,0.0,0.0,0.0,0.0,0.0,0.0,0.0,1.0,1.0,0.3333333333333333,0.6666666666666666,0.0,0.6,1.0,1.0,0.3333333333333333,0.6666666666666666,0.0,0.6,0.2013254590160842
nvbench2:test:743,743,qwen3:14b,staged,55,0.0,1.0,1,1,1.0,1.0,1.0,15.856716000009328,2,2,multi_gold,boxplot,0.0,0.0,0.0,0.0,0.0,0.0,0.0,0.0,0.0,0.0,0.0,0.0,0.0,0.0,0.0,0.0,0.0,0.0,0.0,0.0,0.0,0.0,0.0,0.0,0.0,0.0,1.0,1.0,1.0,1.0,1.0,1.0,1.0,1.0,1.0,1.0,1.0,1.0,0.6131471927654584
nvbench2:test:744,744,qwen3:14b,staged,55,0.0,1.0,1,1,1.0,1.0,1.0,12.185607100022025,2,2,multi_gold,arc,1.0,1.0,0.5,1.0,0.6666666666666666,1.0,0.5,1.0,0.6666666666666666,1.0,0.5,1.0,0.6666666666666666,1.0,1.0,0.5,1.0,0.6666666666666666,1.0,0.5,1.0,0.6666666666666666,1.0,0.5,1.0,0.6666666666666666,1.0,1.0,1.0,1.0,1.0,1.0,1.0,1.0,1.0,1.0,1.0,1.0,0.6131471927654584
nvbench2:test:745,745,qwen3:14b,staged,55,0.0,1.0,1,0,1.0,0.0,0.0,14.393410599906929,3,3,multi_gold,boxplot,0.0,0.0,0.0,0.0,0.0,0.0,0.0,0.0,0.0,0.0,0.0,0.0,0.0,0.0,0.0,0.0,0.0,0.0,0.0,0.0,0.0,0.0,0.0,0.0,0.0,0.0,1.0,1.0,0.5,0.0,0.0,0.5,1.0,1.0,0.5,0.0,0.0,0.5,0.19438161285179364
nvbench2:test:746,746,qwen3:14b,staged,55,0.0,1.0,1,0,1.0,0.0,0.0,13.183018099982291,3,3,multi_gold,arc,0.0,0.0,0.0,0.0,0.0,0.0,0.0,0.0,0.0,0.0,0.0,0.0,0.0,0.0,0.0,0.0,0.0,0.0,0.0,0.0,0.0,0.0,0.0,0.0,0.0,0.0,1.0,1.0,0.5,1.0,0.0,0.7,1.0,1.0,0.5,1.0,0.0,0.7,0.29306681351921393
nvbench2:test:747,747,qwen3:14b,staged,55,0.0,1.0,2,0,1.0,0.0,0.0,13.74500639992766,5,5,multi_gold,arc,0.0,0.0,0.0,0.0,0.0,0.0,0.0,0.0,0.0,0.0,0.0,0.0,0.0,0.0,0.0,0.0,0.0,0.0,0.0,0.0,0.0,0.0,0.0,0.0,0.0,0.0,1.0,1.0,0.5,0.6666666666666666,1.0,0.8333333333333334,1.0,1.0,0.5,0.6666666666666666,1.0,0.8333333333333334,0.43244849214007397
nvbench2:test:748,748,qwen3:14b,staged,55,0.0,1.0,1,1,1.0,1.0,1.0,12.84556409996003,4,4,multi_gold,rect,0.0,0.0,0.0,0.0,0.0,0.0,0.0,0.0,0.0,0.0,0.0,0.0,0.0,0.0,0.0,0.0,0.0,0.0,0.0,0.0,0.0,0.0,0.0,0.0,0.0,0.0,1.0,1.0,0.6666666666666666,0.6666666666666666,1.0,0.8666666666666666,1.0,1.0,0.6666666666666666,0.6666666666666666,1.0,0.8666666666666666,0.3214564913324584
nvbench2:test:749,749,qwen3:14b,staged,55,0.0,1.0,1,0,1.0,0.0,0.0,12.672844300046563,2,2,multi_gold,arc,0.0,0.0,0.0,0.0,0.0,0.0,0.0,0.0,0.0,0.0,0.0,0.0,0.0,0.0,0.0,0.0,0.0,0.0,0.0,0.0,0.0,0.0,0.0,0.0,0.0,0.0,1.0,1.0,0.5,1.0,1.0,0.9,1.0,1.0,0.5,1.0,1.0,0.9,0.5310259262712439
nvbench2:test:750,750,qwen3:14b,staged,55,0.0,1.0,1,1,1.0,1.0,1.0,13.7498607999878,2,2,multi_gold,rect,1.0,1.0,0.5,1.0,0.6666666666666666,1.0,0.5,1.0,0.6666666666666666,1.0,0.5,1.0,0.6666666666666666,1.0,1.0,0.5,1.0,0.6666666666666666,1.0,0.5,1.0,0.6666666666666666,1.0,0.5,1.0,0.6666666666666666,1.0,1.0,1.0,1.0,1.0,1.0,1.0,1.0,1.0,1.0,1.0,1.0,0.6131471927654584
