source_id,db_id,has_schema,strict_analytic_signature
3,activity_1,True,True
4,activity_1,True,True
5,activity_1,True,True
6,activity_1,True,True
7,activity_1,True,True
8,activity_1,True,True
9,activity_1,True,True
11,activity_1,True,True
12,activity_1,True,True
14,activity_1,True,True
17,activity_1,True,True
19,activity_1,True,True
20,activity_1,True,True
21,activity_1,True,False
22,activity_1,True,False
23,activity_1,True,True
24,activity_1,True,True
25,activity_1,True,True
26,activity_1,True,True
30,activity_1,True,True
31,aircraft,True,True
32,aircraft,True,True
33,aircraft,True,True
34,aircraft,True,True
35,aircraft,True,True
36,aircraft,True,True
37,allergy_1,True,True
38,allergy_1,True,True
39,allergy_1,True,False
41,allergy_1,True,False
42,allergy_1,True,False
44,allergy_1,True,False
45,allergy_1,True,True
46,allergy_1,True,True
47,allergy_1,True,True
48,allergy_1,True,False
49,allergy_1,True,False
50,allergy_1,True,True
51,allergy_1,True,True
52,allergy_1,True,False
53,allergy_1,True,False
54,allergy_1,True,False
55,allergy_1,True,False
56,allergy_1,True,False
57,allergy_1,True,True
58,allergy_1,True,True
59,allergy_1,True,True
60,allergy_1,True,True
61,allergy_1,True,True
62,allergy_1,True,True
63,apartment_rentals,True,True
64,apartment_rentals,True,True
65,apartment_rentals,True,False
66,apartment_rentals,True,False
67,apartment_rentals,True,False
68,apartment_rentals,True,False
69,apartment_rentals,True,False
70,apartment_rentals,True,False
71,apartment_rentals,True,False
72,apartment_rentals,True,False
73,apartment_rentals,True,True
74,apartment_rentals,True,True
75,apartment_rentals,True,False
76,apartment_rentals,True,False
77,apartment_rentals,True,False
78,apartment_rentals,True,False
79,apartment_rentals,True,False
80,apartment_rentals,True,False
81,apartment_rentals,True,False
82,apartment_rentals,True,False
83,apartment_rentals,True,True
84,apartment_rentals,True,True
85,apartment_rentals,True,True
86,apartment_rentals,True,True
87,apartment_rentals,True,True
88,apartment_rentals,True,True
89,apartment_rentals,True,True
90,apartment_rentals,True,True
91,apartment_rentals,True,True
92,apartment_rentals,True,True
93,apartment_rentals,True,True
94,apartment_rentals,True,True
95,apartment_rentals,True,False
96,apartment_rentals,True,False
97,apartment_rentals,True,True
98,apartment_rentals,True,True
99,apartment_rentals,True,True
100,apartment_rentals,True,True
101,apartment_rentals,True,True
102,apartment_rentals,True,True
103,apartment_rentals,True,False
104,apartment_rentals,True,False
108,architecture,True,False
113,architecture,True,True
114,architecture,True,True
115,assets_maintenance,True,True
116,assets_maintenance,True,True
117,assets_maintenance,True,True
118,assets_maintenance,True,True
119,assets_maintenance,True,True
120,assets_maintenance,True,True
121,assets_maintenance,True,True
122,assets_maintenance,True,True
123,assets_maintenance,True,True
124,assets_maintenance,True,True
125,assets_maintenance,True,True
126,assets_maintenance,True,True
127,assets_maintenance,True,True
128,assets_maintenance,True,True
129,assets_maintenance,True,True
130,assets_maintenance,True,True
131,assets_maintenance,True,True
132,assets_maintenance,True,True
133,assets_maintenance,True,True
134,assets_maintenance,True,True
135,assets_maintenance,True,True
136,assets_maintenance,True,True
137,assets_maintenance,True,True
138,assets_maintenance,True,True
139,assets_maintenance,True,True
140,assets_maintenance,True,True
145,assets_maintenance,True,True
146,assets_maintenance,True,True
147,assets_maintenance,True,True
148,assets_maintenance,True,True
149,assets_maintenance,True,True
150,assets_maintenance,True,True
151,baseball_1,True,True
156,baseball_1,True,True
157,baseball_1,True,True
158,baseball_1,True,False
159,baseball_1,True,False
160,baseball_1,True,False
161,baseball_1,True,False
162,baseball_1,True,False
163,baseball_1,True,False
164,baseball_1,True,False
165,baseball_1,True,True
166,baseball_1,True,True
169,baseball_1,True,True
170,baseball_1,True,True
171,baseball_1,True,True
172,battle_death,True,True
173,battle_death,True,False
174,battle_death,True,False
175,battle_death,True,False
178,battle_death,True,True
179,battle_death,True,True
182,behavior_monitoring,True,False
183,behavior_monitoring,True,False
184,behavior_monitoring,True,False
185,behavior_monitoring,True,False
186,behavior_monitoring,True,False
187,behavior_monitoring,True,True
188,behavior_monitoring,True,True
189,behavior_monitoring,True,False
194,behavior_monitoring,True,False
195,behavior_monitoring,True,False
196,behavior_monitoring,True,False
201,behavior_monitoring,True,False
202,behavior_monitoring,True,False
203,behavior_monitoring,True,False
204,behavior_monitoring,True,False
205,behavior_monitoring,True,False
210,behavior_monitoring,True,False
211,behavior_monitoring,True,False
212,behavior_monitoring,True,False
218,behavior_monitoring,True,False
219,behavior_monitoring,True,False
224,behavior_monitoring,True,False
225,behavior_monitoring,True,False
230,behavior_monitoring,True,False
231,behavior_monitoring,True,False
232,behavior_monitoring,True,False
233,behavior_monitoring,True,False
238,behavior_monitoring,True,False
239,behavior_monitoring,True,False
240,behavior_monitoring,True,True
241,behavior_monitoring,True,False
246,behavior_monitoring,True,False
247,behavior_monitoring,True,False
248,behavior_monitoring,True,False
249,behavior_monitoring,True,False
250,behavior_monitoring,True,False
251,behavior_monitoring,True,False
252,behavior_monitoring,True,False
253,behavior_monitoring,True,True
259,behavior_monitoring,True,False
264,behavior_monitoring,True,False
265,behavior_monitoring,True,False
266,behavior_monitoring,True,False
267,behavior_monitoring,True,True
272,behavior_monitoring,True,False
273,behavior_monitoring,True,False
274,behavior_monitoring,True,False
275,behavior_monitoring,True,True
276,behavior_monitoring,True,True
279,behavior_monitoring,True,False
280,behavior_monitoring,True,False
281,behavior_monitoring,True,False
282,behavior_monitoring,True,False
283,behavior_monitoring,True,False
284,bike_1,True,False
285,bike_1,True,False
286,bike_1,True,False
287,bike_1,True,False
288,bike_1,True,False
289,bike_1,True,False
290,bike_1,True,False
291,bike_1,True,False
292,bike_1,True,False
293,bike_1,True,False
295,bike_1,True,False
296,bike_1,True,False
297,bike_1,True,False
298,bike_1,True,False
303,bike_1,True,False
306,bike_1,True,False
307,bike_1,True,False
308,bike_1,True,False
309,bike_1,True,False
310,bike_1,True,True
311,bike_1,True,False
312,bike_1,True,False
313,bike_1,True,False
314,bike_1,True,False
315,bike_1,True,False
316,bike_1,True,False
317,bike_1,True,True
318,bike_1,True,True
324,bike_1,True,True
326,bike_1,True,False
327,bike_1,True,False
328,bike_1,True,True
329,bike_1,True,False
330,bike_1,True,False
335,bike_1,True,False
338,bike_1,True,True
339,bike_1,True,True
340,bike_1,True,False
341,bike_1,True,False
342,bike_1,True,False
343,bike_1,True,True
344,bike_1,True,True
345,bike_1,True,True
346,bike_1,True,True
347,bike_1,True,True
348,bike_1,True,True
349,bike_1,True,False
350,bike_1,True,False
351,body_builder,True,True
352,body_builder,True,True
353,body_builder,True,True
354,body_builder,True,True
355,body_builder,True,True
356,body_builder,True,True
357,body_builder,True,True
358,body_builder,True,True
359,body_builder,True,True
360,body_builder,True,True
361,body_builder,True,True
362,body_builder,True,True
363,book_2,True,True
364,book_2,True,True
365,book_2,True,True
366,book_2,True,False
367,book_2,True,False
368,browser_web,True,False
369,browser_web,True,False
370,browser_web,True,True
371,browser_web,True,False
372,browser_web,True,True
374,browser_web,True,True
375,browser_web,True,True
376,candidate_poll,True,True
379,candidate_poll,True,True
380,candidate_poll,True,True
381,candidate_poll,True,True
382,candidate_poll,True,True
383,candidate_poll,True,True
384,candidate_poll,True,True
385,candidate_poll,True,True
386,candidate_poll,True,True
387,candidate_poll,True,True
388,candidate_poll,True,True
390,candidate_poll,True,True
391,candidate_poll,True,True
392,candidate_poll,True,True
394,candidate_poll,True,True
395,candidate_poll,True,True
397,candidate_poll,True,True
398,candidate_poll,True,True
399,candidate_poll,True,True
400,candidate_poll,True,True
401,candidate_poll,True,True
402,candidate_poll,True,False
403,candidate_poll,True,False
404,candidate_poll,True,True
405,candidate_poll,True,True
406,candidate_poll,True,False
407,candidate_poll,True,False
408,candidate_poll,True,False
409,candidate_poll,True,False
410,car_1,True,True
411,car_1,True,True
412,car_1,True,True
413,car_1,True,True
415,car_1,True,True
416,car_1,True,True
419,car_1,True,True
420,car_1,True,True
421,car_1,True,True
423,car_1,True,True
424,car_1,True,False
429,car_1,True,True
430,car_1,True,True
431,car_1,True,True
432,car_1,True,False
433,car_1,True,True
434,car_1,True,True
435,chinook_1,True,True
436,chinook_1,True,True
437,chinook_1,True,True
438,chinook_1,True,False
439,chinook_1,True,True
440,chinook_1,True,False
441,chinook_1,True,False
442,cinema,True,True
443,cinema,True,True
444,cinema,True,True
445,cinema,True,True
446,cinema,True,False
447,cinema,True,False
448,cinema,True,True
449,cinema,True,True
451,cinema,True,True
453,cinema,True,True
454,cinema,True,True
455,cinema,True,True
457,cinema,True,True
458,cinema,True,True
459,cinema,True,True
460,cinema,True,True
461,cinema,True,True
462,cinema,True,True
463,cinema,True,True
464,cinema,True,True
465,cinema,True,True
466,cinema,True,True
468,cinema,True,True
469,cinema,True,True
470,cinema,True,True
471,cinema,True,True
474,cinema,True,True
475,cinema,True,False
478,cinema,True,True
479,cinema,True,True
480,city_record,True,False
481,city_record,True,False
482,city_record,True,True
483,city_record,True,True
484,climbing,True,True
485,climbing,True,True
486,climbing,True,True
487,climbing,True,True
488,climbing,True,True
489,climbing,True,False
490,climbing,True,False
491,coffee_shop,True,False
492,coffee_shop,True,False
494,coffee_shop,True,True
495,coffee_shop,True,True
502,coffee_shop,True,False
505,coffee_shop,True,False
507,coffee_shop,True,False
508,coffee_shop,True,False
509,coffee_shop,True,True
511,coffee_shop,True,False
512,college_1,True,True
513,college_1,True,True
514,college_1,True,False
515,college_1,True,False
516,college_1,True,False
517,college_1,True,False
518,college_1,True,False
519,college_1,True,False
520,college_1,True,False
522,college_1,True,True
523,college_1,True,True
524,college_1,True,True
525,college_1,True,False
526,college_1,True,False
527,college_1,True,False
528,college_1,True,False
529,college_1,True,False
530,college_1,True,False
531,college_1,True,False
532,college_1,True,True
533,college_1,True,False
534,college_1,True,True
535,college_1,True,False
536,college_1,True,False
537,college_1,True,False
538,college_1,True,False
539,college_1,True,False
540,college_1,True,False
541,college_1,True,False
542,college_1,True,False
543,college_1,True,False
544,college_1,True,True
545,college_1,True,True
546,college_1,True,False
548,college_1,True,False
550,college_1,True,False
551,college_1,True,False
552,college_1,True,False
553,college_1,True,True
554,college_1,True,True
555,college_1,True,True
556,college_1,True,True
557,college_1,True,True
558,college_1,True,True
559,college_1,True,True
560,college_1,True,True
561,college_1,True,True
562,college_1,True,True
563,college_1,True,True
564,college_1,True,True
565,college_1,True,True
566,college_1,True,True
567,college_1,True,False
571,college_1,True,False
573,college_1,True,True
574,college_1,True,True
575,college_1,True,False
576,college_1,True,False
577,college_1,True,False
578,college_1,True,False
579,college_1,True,True
580,college_1,True,True
581,college_1,True,True
582,college_1,True,True
583,college_1,True,True
584,college_1,True,True
585,college_1,True,True
586,college_1,True,True
590,college_2,True,False
591,college_2,True,False
593,college_2,True,False
609,college_2,True,False
610,college_2,True,False
611,college_2,True,False
612,college_2,True,False
613,college_2,True,False
616,college_2,True,False
617,college_2,True,False
618,college_2,True,False
619,college_2,True,False
620,college_2,True,False
621,college_2,True,True
622,college_2,True,False
623,college_2,True,False
624,college_2,True,True
625,college_2,True,True
626,college_2,True,True
627,college_2,True,True
628,college_2,True,False
629,college_2,True,False
630,college_2,True,False
631,college_2,True,True
632,college_2,True,True
633,college_2,True,True
634,college_2,True,True
635,college_2,True,True
636,college_2,True,True
640,college_2,True,True
642,college_2,True,True
647,college_2,True,True
648,college_2,True,True
652,college_2,True,False
653,college_2,True,False
654,college_2,True,True
655,college_2,True,False
657,college_2,True,False
658,college_2,True,False
659,college_3,True,False
661,college_3,True,False
664,college_3,True,False
665,college_3,True,False
666,college_3,True,False
667,college_3,True,False
670,college_3,True,False
671,college_3,True,False
672,college_3,True,False
673,college_3,True,False
674,college_3,True,False
675,college_3,True,False
676,college_3,True,False
677,company_1,True,False
678,company_1,True,False
679,company_employee,True,True
680,company_employee,True,True
681,company_employee,True,True
682,company_employee,True,True
683,company_employee,True,True
684,company_office,True,True
685,company_office,True,True
686,company_office,True,True
687,company_office,True,True
688,company_office,True,False
689,concert_singer,True,True
690,concert_singer,True,True
691,concert_singer,True,False
692,concert_singer,True,False
693,concert_singer,True,True
696,concert_singer,True,True
697,concert_singer,True,True
698,concert_singer,True,True
699,concert_singer,True,True
700,concert_singer,True,True
705,concert_singer,True,True
707,county_public_safety,True,True
708,county_public_safety,True,True
709,county_public_safety,True,True
710,county_public_safety,True,True
711,course_teach,True,True
712,course_teach,True,True
713,course_teach,True,True
714,course_teach,True,True
715,course_teach,True,True
716,course_teach,True,False
717,course_teach,True,False
718,course_teach,True,True
719,course_teach,True,True
720,course_teach,True,True
721,course_teach,True,True
722,cre_Doc_Control_Systems,True,True
723,cre_Doc_Control_Systems,True,True
724,cre_Doc_Control_Systems,True,True
725,cre_Doc_Control_Systems,True,True
726,cre_Doc_Control_Systems,True,True
729,cre_Doc_Control_Systems,True,True
733,cre_Doc_Template_Mgt,True,True
734,cre_Doc_Template_Mgt,True,True
735,cre_Doc_Template_Mgt,True,True
742,cre_Doc_Template_Mgt,True,True
743,cre_Doc_Template_Mgt,True,True
744,cre_Doc_Template_Mgt,True,True
745,cre_Doc_Template_Mgt,True,True
746,cre_Doc_Template_Mgt,True,False
747,cre_Doc_Template_Mgt,True,False
748,cre_Doc_Template_Mgt,True,False
749,cre_Doc_Template_Mgt,True,True
751,cre_Doc_Template_Mgt,True,True
752,cre_Doc_Template_Mgt,True,True
753,cre_Doc_Template_Mgt,True,True
754,cre_Doc_Template_Mgt,True,False
755,cre_Doc_Template_Mgt,True,False
763,cre_Doc_Template_Mgt,True,True
767,cre_Doc_Tracking_DB,True,True
768,cre_Doc_Tracking_DB,True,True
769,cre_Doc_Tracking_DB,True,True
770,cre_Doc_Tracking_DB,True,True
771,cre_Doc_Tracking_DB,True,True
772,cre_Doc_Tracking_DB,True,True
773,cre_Doc_Tracking_DB,True,True
774,cre_Doc_Tracking_DB,True,True
775,cre_Doc_Tracking_DB,True,True
776,cre_Doc_Tracking_DB,True,True
777,cre_Doc_Tracking_DB,True,True
778,cre_Doc_Tracking_DB,True,True
779,cre_Doc_Tracking_DB,True,True
780,cre_Doc_Tracking_DB,True,True
781,cre_Doc_Tracking_DB,True,True
782,cre_Doc_Tracking_DB,True,True
783,cre_Doc_Tracking_DB,True,True
787,cre_Doc_Tracking_DB,True,True
789,cre_Doc_Tracking_DB,True,True
790,cre_Doc_Tracking_DB,True,True
791,cre_Doc_Tracking_DB,True,True
792,cre_Doc_Tracking_DB,True,True
793,cre_Doc_Tracking_DB,True,True
798,cre_Doc_Tracking_DB,True,True
802,cre_Docs_and_Epenses,True,True
803,cre_Docs_and_Epenses,True,True
809,cre_Docs_and_Epenses,True,True
812,cre_Docs_and_Epenses,True,True
815,cre_Docs_and_Epenses,True,True
816,cre_Docs_and_Epenses,True,True
817,cre_Docs_and_Epenses,True,True
818,cre_Docs_and_Epenses,True,True
819,cre_Docs_and_Epenses,True,True
821,cre_Docs_and_Epenses,True,True
822,cre_Docs_and_Epenses,True,True
823,cre_Docs_and_Epenses,True,True
824,cre_Docs_and_Epenses,True,True
825,cre_Docs_and_Epenses,True,True
826,cre_Docs_and_Epenses,True,True
827,cre_Docs_and_Epenses,True,True
828,cre_Docs_and_Epenses,True,True
829,cre_Docs_and_Epenses,True,True
830,cre_Docs_and_Epenses,True,False
831,cre_Docs_and_Epenses,True,True
832,cre_Docs_and_Epenses,True,True
833,cre_Docs_and_Epenses,True,True
834,cre_Docs_and_Epenses,True,True
838,cre_Docs_and_Epenses,True,True
842,cre_Docs_and_Epenses,True,True
843,cre_Docs_and_Epenses,True,True
844,cre_Docs_and_Epenses,True,True
845,cre_Docs_and_Epenses,True,True
846,cre_Docs_and_Epenses,True,True
847,cre_Docs_and_Epenses,True,True
848,cre_Docs_and_Epenses,True,True
849,cre_Docs_and_Epenses,True,True
850,cre_Docs_and_Epenses,True,True
851,cre_Docs_and_Epenses,True,True
852,cre_Docs_and_Epenses,True,False
853,cre_Docs_and_Epenses,True,False
854,cre_Docs_and_Epenses,True,False
855,cre_Docs_and_Epenses,True,False
856,cre_Drama_Workshop_Groups,True,False
857,cre_Drama_Workshop_Groups,True,False
858,cre_Drama_Workshop_Groups,True,True
859,cre_Drama_Workshop_Groups,True,True
860,cre_Drama_Workshop_Groups,True,True
861,cre_Drama_Workshop_Groups,True,True
862,cre_Drama_Workshop_Groups,True,True
863,cre_Drama_Workshop_Groups,True,True
864,cre_Drama_Workshop_Groups,True,True
865,cre_Drama_Workshop_Groups,True,True
866,cre_Drama_Workshop_Groups,True,False
867,cre_Drama_Workshop_Groups,True,False
868,cre_Drama_Workshop_Groups,True,False
871,cre_Drama_Workshop_Groups,True,True
872,cre_Drama_Workshop_Groups,True,True
874,cre_Drama_Workshop_Groups,True,True
875,cre_Drama_Workshop_Groups,True,True
877,cre_Drama_Workshop_Groups,True,True
878,cre_Drama_Workshop_Groups,True,True
879,cre_Drama_Workshop_Groups,True,False
880,cre_Drama_Workshop_Groups,True,False
881,cre_Drama_Workshop_Groups,True,False
882,cre_Drama_Workshop_Groups,True,True
883,cre_Drama_Workshop_Groups,True,False
884,cre_Drama_Workshop_Groups,True,False
885,cre_Theme_park,True,True
886,cre_Theme_park,True,True
887,cre_Theme_park,True,True
888,cre_Theme_park,True,True
890,cre_Theme_park,True,True
891,cre_Theme_park,True,True
892,cre_Theme_park,True,True
893,cre_Theme_park,True,True
894,cre_Theme_park,True,True
895,cre_Theme_park,True,True
896,cre_Theme_park,True,True
897,cre_Theme_park,True,False
898,culture_company,True,False
899,culture_company,True,False
901,culture_company,True,False
902,culture_company,True,False
903,culture_company,True,False
905,culture_company,True,False
906,culture_company,True,True
907,culture_company,True,True
908,customer_complaints,True,True
909,customer_complaints,True,True
910,customer_complaints,True,True
911,customer_complaints,True,True
912,customer_deliveries,True,True
913,customers_and_addresses,True,False
914,customers_and_addresses,True,False
915,customers_and_addresses,True,False
916,customers_and_addresses,True,False
917,customers_and_addresses,True,False
918,customers_and_addresses,True,False
919,customers_and_addresses,True,False
920,customers_and_addresses,True,False
921,customers_and_addresses,True,False
922,customers_and_addresses,True,False
923,customers_and_addresses,True,False
924,customers_and_addresses,True,False
925,customers_and_invoices,True,True
926,customers_and_invoices,True,True
927,customers_and_invoices,True,True
932,customers_and_invoices,True,True
934,customers_and_invoices,True,True
939,customers_and_invoices,True,True
942,customers_and_invoices,True,True
953,customers_and_invoices,True,True
956,customers_and_invoices,True,True
958,customers_and_invoices,True,True
959,customers_and_invoices,True,True
960,customers_and_invoices,True,True
961,customers_and_invoices,True,True
962,customers_and_invoices,True,False
963,customers_and_invoices,True,True
964,customers_and_invoices,True,True
965,customers_and_invoices,True,True
966,customers_and_invoices,True,False
967,customers_and_invoices,True,True
968,customers_and_invoices,True,True
969,customers_and_invoices,True,True
970,customers_and_invoices,True,True
971,customers_and_invoices,True,True
972,customers_and_invoices,True,True
975,customers_and_invoices,True,False
982,customers_and_invoices,True,False
983,customers_and_invoices,True,False
986,customers_and_invoices,True,True
988,customers_and_invoices,True,True
990,customers_and_invoices,True,True
991,customers_and_invoices,True,True
992,customers_and_products_contacts,True,True
993,customers_and_products_contacts,True,True
994,customers_and_products_contacts,True,True
995,customers_and_products_contacts,True,True
996,customers_and_products_contacts,True,True
997,customers_and_products_contacts,True,True
998,customers_and_products_contacts,True,True
999,customers_and_products_contacts,True,True
1000,customers_and_products_contacts,True,True
1001,customers_and_products_contacts,True,True
1002,customers_and_products_contacts,True,True
1003,customers_and_products_contacts,True,True
1004,customers_and_products_contacts,True,True
1005,customers_and_products_contacts,True,False
1006,customers_and_products_contacts,True,False
1007,customers_and_products_contacts,True,False
1008,customers_and_products_contacts,True,False
1009,customers_and_products_contacts,True,False
1010,customers_and_products_contacts,True,True
1011,customers_campaigns_ecommerce,True,True
1012,customers_campaigns_ecommerce,True,True
1013,customers_campaigns_ecommerce,True,False
1014,customers_campaigns_ecommerce,True,True
1015,customers_campaigns_ecommerce,True,True
1016,customers_campaigns_ecommerce,True,True
1017,customers_campaigns_ecommerce,True,True
1018,customers_campaigns_ecommerce,True,True
1019,customers_campaigns_ecommerce,True,True
1020,customers_campaigns_ecommerce,True,True
1021,customers_campaigns_ecommerce,True,True
1022,customers_campaigns_ecommerce,True,True
1023,customers_campaigns_ecommerce,True,True
1024,customers_campaigns_ecommerce,True,False
1029,customers_card_transactions,True,True
1030,customers_card_transactions,True,True
1031,customers_card_transactions,True,True
1032,customers_card_transactions,True,True
1037,customers_card_transactions,True,True
1042,customers_card_transactions,True,True
1043,customers_card_transactions,True,True
1048,customers_card_transactions,True,True
1051,customers_card_transactions,True,True
1053,customers_card_transactions,True,True
1055,customers_card_transactions,True,True
1056,customers_card_transactions,True,True
1057,customers_card_transactions,True,True
1058,customers_card_transactions,True,True
1059,customers_card_transactions,True,True
1060,customers_card_transactions,True,True
1061,customers_card_transactions,True,True
1062,customers_card_transactions,True,True
1063,customers_card_transactions,True,True
1064,customers_card_transactions,True,True
1065,customers_card_transactions,True,True
1066,customers_card_transactions,True,True
1067,customers_card_transactions,True,True
1068,debate,True,True
1069,debate,True,True
1070,debate,True,False
1071,debate,True,False
1072,debate,True,False
1073,debate,True,True
1074,debate,True,False
1075,debate,True,True
1076,debate,True,True
1077,debate,True,True
1078,debate,True,True
1079,debate,True,True
1080,debate,True,True
1081,debate,True,True
1082,debate,True,True
1083,debate,True,True
1084,decoration_competition,True,True
1085,decoration_competition,True,True
1086,decoration_competition,True,False
1087,decoration_competition,True,True
1088,decoration_competition,True,True
1089,decoration_competition,True,True
1090,decoration_competition,True,True
1091,decoration_competition,True,True
1093,department_management,True,True
1096,department_management,True,True
1097,department_management,True,True
1098,department_management,True,True
1099,department_management,True,True
1100,department_management,True,True
1101,department_management,True,True
1104,department_management,True,False
1105,department_management,True,False
1106,department_management,True,False
1109,department_management,True,True
1110,department_management,True,True
1112,department_management,True,True
1113,department_management,True,False
1115,department_store,True,False
1116,department_store,True,False
1117,department_store,True,False
1118,department_store,True,False
1119,department_store,True,False
1120,department_store,True,False
1121,department_store,True,True
1122,department_store,True,True
1123,department_store,True,True
1124,department_store,True,True
1125,department_store,True,False
1126,department_store,True,False
1127,department_store,True,False
1128,department_store,True,False
1129,department_store,True,False
1130,department_store,True,False
1131,department_store,True,False
1132,department_store,True,False
1133,department_store,True,False
1137,department_store,True,False
1138,department_store,True,False
1139,department_store,True,False
1140,department_store,True,False
1141,department_store,True,False
1142,department_store,True,False
1143,department_store,True,False
1144,department_store,True,False
1145,device,True,True
1146,device,True,True
1147,device,True,True
1148,device,True,True
1149,device,True,True
1150,device,True,True
1151,document_management,True,True
1152,document_management,True,True
1153,document_management,True,False
1154,dog_kennels,True,False
1155,dog_kennels,True,False
1156,dog_kennels,True,False
1157,dog_kennels,True,False
1158,dog_kennels,True,False
1159,dog_kennels,True,False
1160,dog_kennels,True,False
1161,dog_kennels,True,True
1162,dog_kennels,True,True
1163,dog_kennels,True,True
1164,dog_kennels,True,True
1165,dog_kennels,True,True
1166,dog_kennels,True,True
1167,dog_kennels,True,False
1168,dog_kennels,True,False
1169,dog_kennels,True,False
1170,dog_kennels,True,False
1171,dog_kennels,True,False
1172,dog_kennels,True,False
1173,dog_kennels,True,True
1174,dog_kennels,True,True
1175,dog_kennels,True,False
1180,dog_kennels,True,False
1181,dog_kennels,True,True
1182,dog_kennels,True,True
1183,dog_kennels,True,False
1184,dog_kennels,True,True
1185,dog_kennels,True,True
1186,dog_kennels,True,True
1187,dog_kennels,True,True
1188,dog_kennels,True,True
1189,dog_kennels,True,False
1190,dog_kennels,True,True
1191,dog_kennels,True,True
1192,dog_kennels,True,True
1197,dog_kennels,True,True
1198,dog_kennels,True,True
1199,dog_kennels,True,True
1200,dog_kennels,True,True
1201,dog_kennels,True,True
1202,dog_kennels,True,True
1203,dog_kennels,True,True
1204,dog_kennels,True,True
1209,dorm_1,True,True
1210,dorm_1,True,True
1211,dorm_1,True,True
1212,dorm_1,True,True
1213,dorm_1,True,True
1214,dorm_1,True,True
1215,dorm_1,True,False
1216,dorm_1,True,False
1217,dorm_1,True,False
1219,dorm_1,True,False
1220,dorm_1,True,False
1221,dorm_1,True,False
1222,dorm_1,True,True
1223,dorm_1,True,False
1224,dorm_1,True,False
1225,dorm_1,True,False
1226,dorm_1,True,False
1227,dorm_1,True,False
1228,dorm_1,True,True
1229,dorm_1,True,True
1231,dorm_1,True,True
1232,dorm_1,True,True
1233,dorm_1,True,True
1234,dorm_1,True,False
1235,dorm_1,True,False
1236,dorm_1,True,True
1237,dorm_1,True,True
1238,dorm_1,True,False
1239,dorm_1,True,False
1240,dorm_1,True,False
1241,dorm_1,True,False
1242,driving_school,True,False
1243,driving_school,True,False
1244,driving_school,True,True
1245,driving_school,True,True
1246,driving_school,True,True
1247,driving_school,True,True
1248,e_learning,True,False
1249,e_learning,True,False
1250,e_learning,True,False
1251,e_learning,True,False
1252,e_learning,True,False
1253,e_learning,True,False
1254,e_learning,True,False
1255,e_learning,True,False
1256,e_learning,True,False
1257,e_learning,True,False
1258,e_learning,True,False
1259,e_learning,True,False
1260,e_learning,True,False
1261,e_learning,True,False
1262,e_learning,True,False
1263,e_learning,True,False
1264,e_learning,True,False
1265,e_learning,True,False
1266,e_learning,True,False
1267,e_learning,True,False
1268,e_learning,True,False
1269,e_learning,True,False
1270,e_learning,True,False
1271,e_learning,True,False
1272,e_learning,True,False
1273,e_learning,True,True
1274,e_learning,True,True
1275,e_learning,True,True
1277,e_learning,True,True
1278,e_learning,True,True
1279,e_learning,True,True
1281,e_learning,True,True
1282,e_learning,True,True
1283,e_learning,True,True
1284,e_learning,True,False
1285,e_learning,True,False
1286,e_learning,True,False
1288,e_learning,True,True
1289,e_learning,True,True
1290,e_learning,True,True
1292,e_learning,True,True
1293,e_learning,True,False
1294,e_learning,True,False
1295,e_learning,True,True
1296,e_learning,True,True
1297,e_learning,True,True
1298,e_learning,True,True
1299,e_learning,True,True
1300,e_learning,True,True
1301,election,True,True
1302,election,True,True
1303,election,True,True
1304,election,True,True
1305,election,True,True
1306,election,True,True
1307,election,True,True
1308,election,True,True
1309,election,True,True
1310,election,True,True
1311,election,True,True
1314,election,True,True
1315,election,True,True
1316,election,True,False
1317,election,True,False
1318,election,True,False
1319,election,True,False
1320,election,True,True
1321,election,True,False
1322,election,True,False
1323,election_representative,True,True
1324,election_representative,True,True
1325,election_representative,True,True
1326,election_representative,True,True
1327,election_representative,True,True
1328,election_representative,True,True
1329,employee_hire_evaluation,True,True
1330,employee_hire_evaluation,True,True
1331,employee_hire_evaluation,True,True
1332,employee_hire_evaluation,True,True
1333,employee_hire_evaluation,True,True
1334,employee_hire_evaluation,True,True
1335,employee_hire_evaluation,True,True
1336,employee_hire_evaluation,True,True
1337,employee_hire_evaluation,True,True
1338,employee_hire_evaluation,True,True
1339,employee_hire_evaluation,True,True
1340,employee_hire_evaluation,True,True
1341,employee_hire_evaluation,True,True
1342,employee_hire_evaluation,True,True
1343,employee_hire_evaluation,True,True
1344,employee_hire_evaluation,True,True
1345,employee_hire_evaluation,True,True
1346,employee_hire_evaluation,True,True
1347,employee_hire_evaluation,True,True
1348,employee_hire_evaluation,True,True
1349,employee_hire_evaluation,True,True
1350,employee_hire_evaluation,True,True
1351,employee_hire_evaluation,True,True
1352,employee_hire_evaluation,True,True
1353,employee_hire_evaluation,True,True
1354,employee_hire_evaluation,True,True
1355,employee_hire_evaluation,True,True
1356,employee_hire_evaluation,True,True
1357,employee_hire_evaluation,True,True
1358,employee_hire_evaluation,True,True
1359,employee_hire_evaluation,True,True
1360,employee_hire_evaluation,True,True
1361,employee_hire_evaluation,True,True
1362,employee_hire_evaluation,True,True
1363,employee_hire_evaluation,True,True
1366,entertainment_awards,True,True
1367,entertainment_awards,True,True
1368,entertainment_awards,True,True
1369,entertainment_awards,True,True
1370,entrepreneur,True,True
1371,entrepreneur,True,True
1372,entrepreneur,True,True
1373,entrepreneur,True,True
1374,entrepreneur,True,False
1375,entrepreneur,True,False
1376,epinions_1,True,True
1377,epinions_1,True,True
1379,epinions_1,True,True
1380,epinions_1,True,True
1381,epinions_1,True,True
1382,epinions_1,True,True
1383,farm,True,True
1384,farm,True,True
1386,farm,True,True
1387,farm,True,True
1388,farm,True,True
1389,farm,True,True
1390,farm,True,True
1391,film_rank,True,True
1392,film_rank,True,True
1393,film_rank,True,True
1394,film_rank,True,True
1395,film_rank,True,True
1396,film_rank,True,False
1397,film_rank,True,False
1398,film_rank,True,True
1399,film_rank,True,True
1400,flight_1,True,True
1401,flight_1,True,False
1407,flight_1,True,True
1408,flight_1,True,True
1409,flight_1,True,True
1410,flight_1,True,True
1411,flight_1,True,True
1412,flight_1,True,False
1413,flight_1,True,False
1414,flight_1,True,True
1415,flight_4,True,False
1416,flight_4,True,False
1417,flight_4,True,False
1418,flight_4,True,False
1419,flight_4,True,False
1420,flight_company,True,True
1421,flight_company,True,True
1422,flight_company,True,True
1423,flight_company,True,False
1424,flight_company,True,True
1425,flight_company,True,True
1426,flight_company,True,False
1431,flight_company,True,True
1432,flight_company,True,True
1434,formula_1,True,False
1435,formula_1,True,False
1436,formula_1,True,False
1437,formula_1,True,False
1438,formula_1,True,False
1447,formula_1,True,False
1448,formula_1,True,False
1449,formula_1,True,True
1450,formula_1,True,True
1451,formula_1,True,False
1452,formula_1,True,False
1460,formula_1,True,False
1461,formula_1,True,True
1462,game_1,True,True
1463,game_1,True,True
1464,game_1,True,False
1465,game_1,True,False
1466,game_1,True,False
1467,game_1,True,True
1468,game_1,True,False
1469,game_1,True,False
1470,game_1,True,False
1475,game_injury,True,True
1476,game_injury,True,True
1478,game_injury,True,False
1481,game_injury,True,False
1482,game_injury,True,True
1484,game_injury,True,True
1487,game_injury,True,True
1488,game_injury,True,True
1489,game_injury,True,True
1490,game_injury,True,True
1491,game_injury,True,True
1492,game_injury,True,True
1493,game_injury,True,True
1494,game_injury,True,True
1495,game_injury,True,True
1496,game_injury,True,True
1497,gas_company,True,True
1498,gas_company,True,True
1499,gas_company,True,False
1500,gas_company,True,False
1501,gas_company,True,False
1502,gas_company,True,False
1504,gas_company,True,False
1505,gas_company,True,False
1506,gas_company,True,False
1507,gas_company,True,True
1508,gas_company,True,True
1509,gas_company,True,False
1510,gas_company,True,False
1511,gas_company,True,True
1515,gas_company,True,True
1516,gas_company,True,True
1517,gas_company,True,True
1518,gas_company,True,True
1519,gas_company,True,False
1520,gymnast,True,True
1521,gymnast,True,True
1522,hospital_1,True,False
1523,hospital_1,True,False
1524,hospital_1,True,True
1525,hospital_1,True,True
1526,hospital_1,True,True
1527,hospital_1,True,False
1528,hospital_1,True,False
1529,hospital_1,True,True
1530,hospital_1,True,True
1531,hospital_1,True,True
1532,hospital_1,True,True
1533,hospital_1,True,False
1534,hospital_1,True,True
1535,hospital_1,True,True
1536,hr_1,True,False
1537,hr_1,True,False
1538,hr_1,True,False
1539,hr_1,True,False
1540,hr_1,True,False
1541,hr_1,True,False
1542,hr_1,True,False
1543,hr_1,True,False
1544,hr_1,True,False
1545,hr_1,True,False
1546,hr_1,True,False
1547,hr_1,True,False
1548,hr_1,True,False
1549,hr_1,True,False
1550,hr_1,True,False
1551,hr_1,True,False
1552,hr_1,True,False
1553,hr_1,True,False
1554,hr_1,True,False
1555,hr_1,True,False
1556,hr_1,True,False
1557,hr_1,True,False
1558,hr_1,True,False
1559,hr_1,True,False
1560,hr_1,True,False
1561,hr_1,True,False
1562,hr_1,True,False
1563,hr_1,True,False
1564,hr_1,True,False
1565,hr_1,True,False
1566,hr_1,True,False
1567,hr_1,True,False
1568,hr_1,True,False
1569,hr_1,True,False
1570,hr_1,True,False
1571,hr_1,True,False
1572,hr_1,True,False
1573,hr_1,True,False
1574,hr_1,True,False
1575,hr_1,True,False
1576,hr_1,True,False
1577,hr_1,True,False
1578,hr_1,True,False
1579,hr_1,True,False
1580,hr_1,True,False
1581,hr_1,True,False
1582,hr_1,True,False
1583,hr_1,True,False
1584,hr_1,True,False
1585,hr_1,True,False
1586,hr_1,True,False
1587,hr_1,True,False
1588,hr_1,True,False
1589,hr_1,True,False
1590,hr_1,True,False
1591,hr_1,True,False
1592,hr_1,True,False
1593,hr_1,True,False
1594,hr_1,True,False
1595,hr_1,True,False
1596,hr_1,True,False
1597,hr_1,True,False
1598,hr_1,True,False
1599,hr_1,True,False
1600,hr_1,True,False
1601,hr_1,True,False
1602,hr_1,True,False
1603,hr_1,True,False
1604,hr_1,True,False
1605,hr_1,True,False
1606,hr_1,True,False
1607,hr_1,True,False
1608,hr_1,True,False
1609,hr_1,True,False
1610,hr_1,True,False
1611,hr_1,True,False
1612,hr_1,True,False
1613,hr_1,True,False
1614,hr_1,True,False
1615,hr_1,True,False
1616,hr_1,True,False
1617,hr_1,True,False
1618,hr_1,True,False
1619,hr_1,True,False
1620,hr_1,True,False
1621,hr_1,True,False
1622,hr_1,True,False
1623,hr_1,True,False
1624,hr_1,True,True
1625,hr_1,True,True
1626,hr_1,True,True
1627,hr_1,True,False
1630,hr_1,True,False
1631,hr_1,True,False
1632,hr_1,True,True
1633,hr_1,True,False
1643,hr_1,True,False
1644,hr_1,True,False
1645,hr_1,True,False
1646,hr_1,True,False
1647,hr_1,True,False
1648,hr_1,True,False
1649,hr_1,True,False
1650,hr_1,True,False
1651,hr_1,True,False
1652,hr_1,True,False
1653,hr_1,True,False
1654,hr_1,True,False
1655,hr_1,True,False
1656,hr_1,True,False
1657,hr_1,True,False
1658,hr_1,True,False
1659,hr_1,True,False
1660,hr_1,True,False
1661,hr_1,True,False
1662,hr_1,True,False
1663,hr_1,True,False
1664,hr_1,True,False
1665,hr_1,True,False
1666,hr_1,True,False
1667,hr_1,True,False
1668,hr_1,True,False
1669,hr_1,True,False
1670,hr_1,True,False
1671,hr_1,True,False
1672,hr_1,True,False
1673,hr_1,True,False
1674,hr_1,True,False
1675,hr_1,True,False
1676,hr_1,True,False
1677,hr_1,True,False
1678,hr_1,True,False
1679,hr_1,True,False
1680,hr_1,True,False
1681,hr_1,True,False
1682,hr_1,True,False
1683,hr_1,True,False
1684,hr_1,True,False
1685,hr_1,True,False
1686,hr_1,True,False
1687,hr_1,True,False
1688,hr_1,True,False
1689,hr_1,True,False
1690,hr_1,True,False
1691,hr_1,True,False
1692,hr_1,True,False
1693,hr_1,True,False
1694,hr_1,True,False
1695,hr_1,True,False
1696,hr_1,True,False
1697,hr_1,True,False
1698,hr_1,True,False
1699,hr_1,True,False
1700,hr_1,True,False
1701,hr_1,True,False
1702,hr_1,True,False
1703,hr_1,True,False
1708,hr_1,True,False
1709,hr_1,True,True
1710,hr_1,True,False
1711,hr_1,True,False
1712,hr_1,True,False
1713,hr_1,True,False
1714,hr_1,True,False
1715,hr_1,True,False
1716,hr_1,True,False
1717,hr_1,True,False
1718,hr_1,True,False
1719,hr_1,True,False
1720,hr_1,True,False
1721,hr_1,True,False
1722,hr_1,True,False
1723,hr_1,True,False
1724,hr_1,True,False
1725,hr_1,True,False
1726,hr_1,True,False
1727,hr_1,True,False
1728,hr_1,True,False
1729,hr_1,True,False
1730,hr_1,True,False
1731,hr_1,True,False
1732,hr_1,True,False
1733,hr_1,True,False
1734,hr_1,True,False
1735,hr_1,True,False
1736,hr_1,True,False
1737,hr_1,True,False
1738,hr_1,True,False
1739,hr_1,True,False
1740,hr_1,True,False
1741,hr_1,True,False
1742,hr_1,True,False
1743,hr_1,True,False
1744,hr_1,True,False
1745,hr_1,True,False
1746,hr_1,True,False
1747,hr_1,True,False
1748,hr_1,True,False
1749,hr_1,True,False
1750,hr_1,True,False
1751,hr_1,True,False
1754,hr_1,True,False
1755,hr_1,True,False
1756,hr_1,True,False
1757,hr_1,True,False
1758,hr_1,True,False
1759,hr_1,True,False
1760,hr_1,True,False
1761,hr_1,True,False
1762,hr_1,True,False
1763,hr_1,True,False
1764,hr_1,True,False
1765,hr_1,True,False
1766,hr_1,True,False
1767,hr_1,True,False
1768,hr_1,True,False
1769,hr_1,True,False
1770,hr_1,True,False
1771,hr_1,True,False
1772,hr_1,True,False
1773,hr_1,True,False
1774,hr_1,True,False
1775,hr_1,True,False
1776,hr_1,True,False
1777,hr_1,True,False
1778,hr_1,True,False
1779,hr_1,True,False
1780,hr_1,True,False
1781,hr_1,True,False
1782,hr_1,True,False
1783,hr_1,True,False
1784,hr_1,True,False
1785,hr_1,True,False
1786,hr_1,True,False
1787,hr_1,True,False
1788,hr_1,True,False
1789,hr_1,True,False
1790,hr_1,True,False
1791,hr_1,True,False
1792,hr_1,True,False
1793,hr_1,True,False
1794,hr_1,True,False
1795,hr_1,True,False
1797,hr_1,True,True
1798,hr_1,True,True
1800,hr_1,True,True
1802,hr_1,True,False
1803,hr_1,True,False
1804,hr_1,True,False
1805,hr_1,True,False
1806,hr_1,True,False
1807,hr_1,True,False
1808,hr_1,True,False
1822,hr_1,True,False
1827,hr_1,True,False
1828,hr_1,True,False
1831,hr_1,True,False
1832,hr_1,True,False
1835,hr_1,True,False
1838,hr_1,True,True
1839,hr_1,True,True
1842,hr_1,True,True
1843,hr_1,True,True
1856,hr_1,True,True
1857,hr_1,True,True
1869,hr_1,True,True
1873,hr_1,True,False
1875,hr_1,True,False
1876,hr_1,True,False
1877,hr_1,True,False
1879,hr_1,True,False
1880,hr_1,True,False
1881,hr_1,True,False
1882,hr_1,True,False
1884,hr_1,True,False
1885,hr_1,True,False
1896,hr_1,True,True
1897,hr_1,True,True
1898,hr_1,True,True
1899,hr_1,True,True
1900,hr_1,True,False
1901,hr_1,True,False
1902,hr_1,True,True
1903,hr_1,True,True
1904,hr_1,True,True
1905,hr_1,True,True
1906,hr_1,True,True
1907,hr_1,True,True
1908,hr_1,True,False
1909,hr_1,True,True
1910,hr_1,True,True
1931,hr_1,True,False
1938,hr_1,True,False
1953,hr_1,True,False
1954,hr_1,True,False
1955,hr_1,True,False
1956,hr_1,True,False
1960,hr_1,True,False
1961,hr_1,True,False
1962,hr_1,True,False
1963,hr_1,True,True
1964,inn_1,True,False
1965,inn_1,True,False
1966,inn_1,True,True
1967,inn_1,True,True
1968,inn_1,True,True
1969,inn_1,True,True
1970,inn_1,True,False
1971,inn_1,True,False
1972,inn_1,True,False
1973,inn_1,True,False
1974,inn_1,True,False
1975,inn_1,True,False
1976,inn_1,True,True
1977,inn_1,True,True
1978,inn_1,True,False
1979,inn_1,True,False
1980,inn_1,True,False
1981,inn_1,True,False
1982,inn_1,True,False
1983,inn_1,True,False
1984,inn_1,True,True
1985,inn_1,True,True
1986,insurance_and_eClaims,True,True
1987,insurance_and_eClaims,True,True
1988,insurance_fnol,True,True
1989,insurance_fnol,True,False
1990,insurance_fnol,True,False
1991,insurance_policies,True,False
1992,insurance_policies,True,False
1993,insurance_policies,True,True
1994,insurance_policies,True,True
1995,insurance_policies,True,False
1996,insurance_policies,True,False
1997,insurance_policies,True,False
1998,insurance_policies,True,False
1999,insurance_policies,True,False
2000,insurance_policies,True,False
2001,insurance_policies,True,False
2002,insurance_policies,True,False
2003,insurance_policies,True,False
2004,insurance_policies,True,False
2005,insurance_policies,True,False
2006,insurance_policies,True,False
2007,insurance_policies,True,False
2008,insurance_policies,True,False
2009,insurance_policies,True,True
2010,insurance_policies,True,True
2011,insurance_policies,True,True
2012,insurance_policies,True,True
2013,insurance_policies,True,True
2014,insurance_policies,True,False
2015,insurance_policies,True,False
2016,insurance_policies,True,True
2017,insurance_policies,True,True
2018,insurance_policies,True,True
2019,insurance_policies,True,True
2020,insurance_policies,True,True
2021,insurance_policies,True,True
2022,insurance_policies,True,False
2023,insurance_policies,True,False
2024,insurance_policies,True,False
2027,insurance_policies,True,False
2028,insurance_policies,True,False
2030,insurance_policies,True,False
2031,insurance_policies,True,False
2032,insurance_policies,True,False
2035,insurance_policies,True,False
2036,insurance_policies,True,False
2051,journal_committee,True,False
2052,journal_committee,True,False
2053,journal_committee,True,True
2055,journal_committee,True,True
2058,journal_committee,True,False
2059,journal_committee,True,False
2060,journal_committee,True,False
2061,journal_committee,True,True
2062,journal_committee,True,True
2063,journal_committee,True,True
2064,journal_committee,True,True
2065,loan_1,True,False
2066,loan_1,True,False
2067,loan_1,True,False
2068,loan_1,True,False
2069,loan_1,True,True
2070,loan_1,True,True
2071,loan_1,True,True
2072,loan_1,True,True
2073,local_govt_and_lot,True,True
2074,local_govt_and_lot,True,False
2075,local_govt_and_lot,True,False
2079,local_govt_and_lot,True,True
2080,local_govt_and_lot,True,True
2081,local_govt_and_lot,True,True
2086,local_govt_and_lot,True,True
2087,local_govt_and_lot,True,True
2088,local_govt_and_lot,True,True
2093,local_govt_and_lot,True,True
2096,local_govt_and_lot,True,True
2097,local_govt_and_lot,True,True
2102,local_govt_and_lot,True,True
2107,local_govt_and_lot,True,True
2108,local_govt_and_lot,True,True
2109,local_govt_and_lot,True,True
2110,local_govt_and_lot,True,True
2119,local_govt_and_lot,True,True
2124,local_govt_and_lot,True,True
2125,local_govt_and_lot,True,True
2126,local_govt_in_alabama,True,True
2127,local_govt_in_alabama,True,True
2130,local_govt_in_alabama,True,True
2132,local_govt_in_alabama,True,False
2133,local_govt_in_alabama,True,False
2134,local_govt_in_alabama,True,True
2135,local_govt_in_alabama,True,True
2143,local_govt_in_alabama,True,True
2144,local_govt_in_alabama,True,True
2147,local_govt_in_alabama,True,True
2148,local_govt_in_alabama,True,True
2149,local_govt_in_alabama,True,True
2150,local_govt_in_alabama,True,True
2151,local_govt_in_alabama,True,True
2152,local_govt_in_alabama,True,True
2153,local_govt_in_alabama,True,True
2154,local_govt_mdm,True,False
2155,local_govt_mdm,True,False
2156,local_govt_mdm,True,False
2158,local_govt_mdm,True,True
2160,machine_repair,True,False
2161,machine_repair,True,False
2162,machine_repair,True,False
2163,machine_repair,True,True
2164,machine_repair,True,True
2165,machine_repair,True,False
2166,machine_repair,True,True
2167,machine_repair,True,True
2168,machine_repair,True,True
2169,machine_repair,True,True
2170,machine_repair,True,False
2171,machine_repair,True,False
2172,manufactory_1,True,False
2173,manufactory_1,True,True
2174,manufactory_1,True,False
2175,manufactory_1,True,False
2176,manufactory_1,True,False
2177,manufactory_1,True,True
2178,manufactory_1,True,True
2179,manufactory_1,True,True
2180,manufactory_1,True,True
2181,manufactory_1,True,True
2182,manufactory_1,True,True
2183,manufactory_1,True,True
2184,manufactory_1,True,False
2186,manufactory_1,True,False
2187,manufactory_1,True,False
2188,manufactory_1,True,False
2189,manufactory_1,True,False
2190,manufactory_1,True,False
2191,manufactory_1,True,False
2192,manufactory_1,True,False
2193,manufactory_1,True,False
2194,manufactory_1,True,False
2195,manufactory_1,True,False
2196,manufactory_1,True,False
2197,manufactory_1,True,False
2198,manufactory_1,True,False
2199,manufactory_1,True,False
2200,manufactory_1,True,False
2201,manufactory_1,True,True
2202,manufactory_1,True,False
2203,manufactory_1,True,False
2204,manufactory_1,True,True
2205,manufactory_1,True,True
2206,manufactory_1,True,True
2207,manufactory_1,True,True
2208,manufactory_1,True,True
2209,manufactory_1,True,True
2210,manufactory_1,True,True
2211,manufactory_1,True,True
2212,manufactory_1,True,True
2213,manufactory_1,True,True
2214,manufactory_1,True,True
2215,manufactory_1,True,True
2216,manufactory_1,True,True
2217,manufactory_1,True,True
2218,manufactory_1,True,True
2219,manufactory_1,True,True
2220,manufactory_1,True,True
2221,manufactory_1,True,True
2222,manufactory_1,True,True
2223,manufactory_1,True,True
2224,manufactory_1,True,True
2225,manufactory_1,True,True
2226,manufactory_1,True,True
2227,manufactory_1,True,True
2228,manufactory_1,True,True
2229,manufactory_1,True,True
2230,manufactory_1,True,True
2231,manufactory_1,True,True
2232,manufactory_1,True,True
2233,manufactory_1,True,True
2234,manufactory_1,True,True
2235,manufactory_1,True,True
2236,manufactory_1,True,True
2237,manufactory_1,True,False
2238,manufactory_1,True,False
2239,manufactory_1,True,False
2240,manufactory_1,True,False
2241,manufactory_1,True,False
2242,manufactory_1,True,True
2243,manufactory_1,True,True
2244,manufactory_1,True,True
2245,manufactory_1,True,True
2246,manufactory_1,True,True
2247,manufactory_1,True,True
2248,manufactory_1,True,True
2249,manufactory_1,True,True
2250,manufactory_1,True,True
2251,manufactory_1,True,True
2252,manufactory_1,True,True
2253,manufactory_1,True,True
2254,manufactory_1,True,True
2255,manufactory_1,True,True
2256,manufactory_1,True,True
2257,manufactory_1,True,True
2258,manufactory_1,True,True
2259,manufactory_1,True,True
2260,manufactory_1,True,True
2261,manufactory_1,True,True
2262,manufactory_1,True,True
2263,manufactory_1,True,True
2264,manufactory_1,True,True
2265,manufactory_1,True,True
2266,manufactory_1,True,True
2267,manufactory_1,True,True
2268,manufactory_1,True,True
2269,manufactory_1,True,True
2270,manufactory_1,True,True
2271,manufactory_1,True,True
2272,manufactory_1,True,True
2273,manufactory_1,True,True
2274,manufactory_1,True,True
2275,manufactory_1,True,True
2276,manufactory_1,True,True
2277,manufactory_1,True,True
2278,manufactory_1,True,True
2279,manufactory_1,True,True
2280,manufactory_1,True,True
2281,manufactory_1,True,True
2282,manufactory_1,True,True
2283,manufactory_1,True,True
2284,manufactory_1,True,True
2285,manufactory_1,True,True
2286,manufactory_1,True,True
2287,manufactory_1,True,True
2288,manufactory_1,True,True
2289,manufactory_1,True,True
2290,manufactory_1,True,True
2291,manufactory_1,True,True
2292,manufactory_1,True,True
2293,manufactory_1,True,True
2294,manufactory_1,True,True
2295,manufactory_1,True,True
2296,manufactory_1,True,True
2297,manufactory_1,True,True
2298,manufactory_1,True,True
2299,manufactory_1,True,True
2300,manufactory_1,True,True
2301,manufactory_1,True,True
2302,manufactory_1,True,True
2303,manufactory_1,True,True
2304,manufactory_1,True,True
2305,manufactory_1,True,True
2306,manufactory_1,True,True
2307,manufacturer,True,False
2308,manufacturer,True,False
2309,manufacturer,True,True
2310,manufacturer,True,True
2311,manufacturer,True,False
2312,manufacturer,True,False
2313,manufacturer,True,True
2314,manufacturer,True,True
2315,manufacturer,True,False
2316,match_season,True,True
2317,match_season,True,False
2318,match_season,True,True
2319,match_season,True,True
2320,match_season,True,True
2321,match_season,True,True
2322,match_season,True,False
2323,match_season,True,False
2326,medicine_enzyme_interaction,True,True
2327,medicine_enzyme_interaction,True,True
2328,medicine_enzyme_interaction,True,True
2329,medicine_enzyme_interaction,True,True
2336,mountain_photos,True,True
2337,mountain_photos,True,True
2343,mountain_photos,True,False
2344,mountain_photos,True,False
2345,mountain_photos,True,False
2346,mountain_photos,True,False
2347,mountain_photos,True,False
2348,mountain_photos,True,True
2349,mountain_photos,True,True
2350,mountain_photos,True,True
2351,mountain_photos,True,True
2359,movie_1,True,True
2360,movie_1,True,True
2361,movie_1,True,True
2362,movie_1,True,False
2365,movie_1,True,False
2368,movie_1,True,True
2369,movie_1,True,True
2370,movie_1,True,False
2371,movie_1,True,False
2373,movie_1,True,True
2374,movie_1,True,False
2375,movie_1,True,False
2376,movie_1,True,True
2377,movie_1,True,False
2378,movie_1,True,False
2379,movie_1,True,False
2380,movie_1,True,True
2381,movie_1,True,True
2382,movie_1,True,False
2383,movie_1,True,False
2384,movie_1,True,True
2385,movie_1,True,True
2386,movie_1,True,False
2387,movie_1,True,False
2388,movie_1,True,False
2389,movie_1,True,False
2390,movie_1,True,False
2391,movie_1,True,False
2392,movie_1,True,False
2393,movie_1,True,False
2394,movie_1,True,False
2395,movie_1,True,False
2396,movie_1,True,False
2397,movie_1,True,False
2398,movie_1,True,False
2399,movie_1,True,False
2400,movie_1,True,False
2401,movie_1,True,True
2402,movie_1,True,True
2403,movie_1,True,False
2404,movie_1,True,False
2405,movie_1,True,False
2408,movie_1,True,False
2409,movie_1,True,False
2412,museum_visit,True,True
2413,museum_visit,True,True
2415,museum_visit,True,True
2416,museum_visit,True,False
2417,museum_visit,True,False
2418,music_1,True,False
2419,music_1,True,False
2420,music_1,True,True
2421,music_1,True,True
2422,music_1,True,True
2423,music_1,True,True
2428,music_1,True,False
2429,music_1,True,False
2430,music_1,True,False
2431,music_1,True,False
2432,music_1,True,False
2433,music_4,True,True
2434,music_4,True,True
2435,music_4,True,True
2436,music_4,True,True
2437,music_4,True,True
2438,music_4,True,False
2439,music_4,True,False
2440,music_4,True,True
2441,music_4,True,True
2442,musical,True,True
2443,musical,True,True
2444,musical,True,True
2445,musical,True,False
2446,musical,True,False
2449,musical,True,True
2450,musical,True,True
2451,network_1,True,True
2452,network_1,True,True
2453,network_1,True,True
2454,network_1,True,True
2455,network_1,True,True
2456,network_1,True,True
2457,network_1,True,True
2458,network_2,True,True
2459,network_2,True,True
2460,network_2,True,False
2461,network_2,True,False
2462,network_2,True,False
2463,network_2,True,False
2464,network_2,True,False
2465,network_2,True,False
2466,network_2,True,True
2467,network_2,True,False
2468,network_2,True,False
2469,network_2,True,False
2470,network_2,True,False
2471,network_2,True,False
2472,network_2,True,True
2473,network_2,True,True
2474,news_report,True,True
2475,news_report,True,True
2476,news_report,True,True
2477,news_report,True,True
2478,news_report,True,True
2479,news_report,True,True
2483,news_report,True,True
2484,news_report,True,True
2485,news_report,True,True
2486,news_report,True,True
2487,news_report,True,True
2488,news_report,True,True
2489,news_report,True,True
2493,news_report,True,True
2494,orchestra,True,True
2495,orchestra,True,False
2496,party_host,True,False
2497,party_host,True,False
2498,party_host,True,False
2499,party_host,True,False
2502,party_host,True,True
2503,party_host,True,True
2506,party_host,True,True
2507,party_host,True,True
2508,party_people,True,True
2509,party_people,True,True
2512,party_people,True,True
2513,party_people,True,True
2516,party_people,True,False
2517,party_people,True,False
2518,party_people,True,True
2519,party_people,True,True
2520,party_people,True,True
2521,party_people,True,True
2522,party_people,True,True
2523,party_people,True,True
2524,party_people,True,True
2525,party_people,True,True
2526,party_people,True,True
2527,party_people,True,True
2528,performance_attendance,True,True
2529,performance_attendance,True,True
2536,performance_attendance,True,False
2537,performance_attendance,True,False
2538,performance_attendance,True,True
2539,performance_attendance,True,True
2540,performance_attendance,True,True
2543,perpetrator,True,True
2544,perpetrator,True,True
2545,pets_1,True,True
2546,pets_1,True,False
2547,pets_1,True,False
2548,pets_1,True,False
2549,pets_1,True,True
2550,pets_1,True,False
2551,pets_1,True,False
2557,pets_1,True,False
2558,pets_1,True,False
2559,pets_1,True,True
2560,pets_1,True,True
2561,pets_1,True,False
2562,pets_1,True,True
2563,pets_1,True,True
2564,phone_1,True,False
2565,phone_1,True,False
2566,phone_1,True,False
2567,phone_market,True,True
2568,phone_market,True,True
2569,phone_market,True,True
2570,phone_market,True,True
2571,phone_market,True,True
2572,phone_market,True,True
2573,phone_market,True,True
2574,phone_market,True,True
2575,phone_market,True,True
2576,phone_market,True,True
2577,phone_market,True,True
2578,phone_market,True,False
2579,phone_market,True,True
2580,phone_market,True,True
2581,phone_market,True,True
2582,phone_market,True,True
2583,phone_market,True,True
2584,pilot_record,True,True
2585,pilot_record,True,True
2586,pilot_record,True,True
2587,pilot_record,True,True
2592,poker_player,True,True
2593,poker_player,True,True
2594,poker_player,True,True
2595,product_catalog,True,False
2596,product_catalog,True,False
2600,product_catalog,True,False
2601,product_catalog,True,False
2602,product_catalog,True,True
2603,product_catalog,True,True
2604,product_catalog,True,False
2605,product_catalog,True,False
2606,product_catalog,True,False
2607,product_catalog,True,False
2608,product_catalog,True,False
2609,product_catalog,True,False
2610,products_for_hire,True,False
2611,products_for_hire,True,False
2612,products_for_hire,True,True
2613,products_for_hire,True,True
2614,products_for_hire,True,True
2615,products_for_hire,True,False
2616,products_for_hire,True,False
2617,products_for_hire,True,False
2620,products_gen_characteristics,True,False
2621,products_gen_characteristics,True,False
2622,program_share,True,True
2623,program_share,True,True
2624,program_share,True,True
2625,program_share,True,True
2626,protein_institute,True,True
2629,protein_institute,True,True
2630,protein_institute,True,True
2631,protein_institute,True,True
2632,protein_institute,True,True
2633,protein_institute,True,True
2634,protein_institute,True,True
2635,protein_institute,True,False
2636,protein_institute,True,False
2637,protein_institute,True,False
2638,protein_institute,True,False
2639,protein_institute,True,True
2640,protein_institute,True,True
2641,race_track,True,True
2642,race_track,True,True
2643,race_track,True,True
2645,race_track,True,False
2646,race_track,True,False
2647,race_track,True,True
2648,race_track,True,True
2650,railway,True,False
2651,railway,True,False
2652,railway,True,False
2653,railway,True,True
2654,railway,True,True
2655,railway,True,True
2656,railway,True,False
2657,railway,True,False
2658,railway,True,True
2659,railway,True,True
2660,restaurant_1,True,True
2661,restaurant_1,True,False
2662,restaurant_1,True,False
2663,restaurant_1,True,False
2670,riding_club,True,False
2671,riding_club,True,False
2676,riding_club,True,True
2677,riding_club,True,True
2678,riding_club,True,True
2681,riding_club,True,True
2682,roller_coaster,True,True
2683,roller_coaster,True,True
2684,roller_coaster,True,True
2687,sakila_1,True,False
2688,sakila_1,True,False
2689,sakila_1,True,False
2690,sakila_1,True,True
2691,sakila_1,True,True
2693,school_bus,True,True
2694,school_bus,True,True
2695,school_bus,True,True
2696,school_bus,True,True
2698,school_bus,True,True
2699,school_bus,True,True
2701,school_bus,True,True
2702,school_bus,True,True
2703,school_finance,True,True
2704,school_finance,True,True
2705,school_finance,True,True
2706,school_finance,True,True
2707,school_finance,True,True
2708,school_finance,True,True
2709,school_finance,True,True
2720,school_player,True,True
2721,school_player,True,True
2723,school_player,True,True
2724,school_player,True,True
2725,scientist_1,True,False
2726,scientist_1,True,False
2731,scientist_1,True,True
2732,scientist_1,True,False
2733,scientist_1,True,False
2734,ship_1,True,False
2735,ship_1,True,False
2736,ship_1,True,False
2737,ship_1,True,False
2738,ship_1,True,True
2739,ship_1,True,True
2740,ship_1,True,True
2743,ship_1,True,False
2744,ship_1,True,True
2745,ship_1,True,False
2746,ship_1,True,True
2747,ship_1,True,True
2748,ship_1,True,False
2749,ship_1,True,False
2750,ship_1,True,True
2751,ship_1,True,True
2752,ship_1,True,True
2753,ship_1,True,True
2754,ship_1,True,True
2755,ship_mission,True,True
2756,ship_mission,True,True
2757,ship_mission,True,True
2758,ship_mission,True,True
2759,ship_mission,True,True
2760,ship_mission,True,True
2761,ship_mission,True,True
2762,ship_mission,True,True
2763,ship_mission,True,True
2764,ship_mission,True,True
2765,ship_mission,True,True
2766,shop_membership,True,False
2767,shop_membership,True,True
2768,shop_membership,True,False
2769,shop_membership,True,True
2771,singer,True,True
2772,singer,True,True
2773,singer,True,True
2774,singer,True,True
2775,singer,True,False
2776,singer,True,False
2779,soccer_1,True,False
2780,soccer_1,True,False
2781,soccer_1,True,False
2782,soccer_1,True,False
2783,soccer_1,True,False
2784,soccer_1,True,False
2785,soccer_2,True,False
2786,soccer_2,True,False
2787,soccer_2,True,False
2788,soccer_2,True,False
2789,soccer_2,True,False
2790,soccer_2,True,False
2791,soccer_2,True,False
2792,soccer_2,True,False
2793,soccer_2,True,False
2794,soccer_2,True,False
2795,soccer_2,True,False
2796,soccer_2,True,False
2797,soccer_2,True,False
2798,soccer_2,True,False
2799,soccer_2,True,False
2800,soccer_2,True,False
2801,soccer_2,True,True
2802,soccer_2,True,True
2803,solvency_ii,True,True
2804,solvency_ii,True,False
2805,solvency_ii,True,False
2806,solvency_ii,True,True
2807,solvency_ii,True,True
2808,solvency_ii,True,True
2809,solvency_ii,True,True
2810,solvency_ii,True,True
2811,solvency_ii,True,True
2812,solvency_ii,True,False
2813,sports_competition,True,True
2814,sports_competition,True,True
2815,sports_competition,True,True
2816,sports_competition,True,True
2817,sports_competition,True,False
2818,sports_competition,True,False
2819,sports_competition,True,True
2820,sports_competition,True,True
2821,sports_competition,True,False
2822,sports_competition,True,True
2823,sports_competition,True,True
2827,sports_competition,True,True
2828,station_weather,True,True
2829,station_weather,True,True
2830,station_weather,True,True
2831,station_weather,True,True
2832,station_weather,True,False
2833,station_weather,True,False
2834,station_weather,True,True
2837,station_weather,True,True
2838,station_weather,True,True
2841,station_weather,True,True
2842,station_weather,True,True
2843,station_weather,True,True
2844,station_weather,True,True
2845,station_weather,True,False
2846,station_weather,True,False
2847,store_1,True,False
2848,store_1,True,False
2849,store_1,True,False
2850,store_1,True,False
2851,store_1,True,False
2852,store_1,True,False
2855,store_1,True,True
2856,store_1,True,False
2857,store_1,True,False
2858,store_product,True,True
2859,store_product,True,True
2860,store_product,True,False
2861,store_product,True,True
2862,store_product,True,True
2863,storm_record,True,False
2864,storm_record,True,True
2865,storm_record,True,True
2866,storm_record,True,True
2867,storm_record,True,True
2868,storm_record,True,False
2869,storm_record,True,False
2870,student_1,True,False
2871,student_1,True,True
2872,student_1,True,True
2874,student_1,True,True
2876,student_1,True,False
2877,student_1,True,True
2878,student_assessment,True,True
2879,student_assessment,True,True
2880,student_assessment,True,True
2881,student_assessment,True,True
2885,student_assessment,True,True
2886,student_assessment,True,True
2887,student_transcripts_tracking,True,True
2888,student_transcripts_tracking,True,True
2891,student_transcripts_tracking,True,True
2900,student_transcripts_tracking,True,False
2901,student_transcripts_tracking,True,True
2902,student_transcripts_tracking,True,True
2903,swimming,True,False
2904,swimming,True,True
2905,swimming,True,True
2906,swimming,True,True
2907,swimming,True,True
2908,swimming,True,True
2909,swimming,True,True
2910,swimming,True,True
2911,swimming,True,True
2912,swimming,True,True
2913,swimming,True,True
2914,swimming,True,True
2915,swimming,True,True
2916,swimming,True,True
2917,swimming,True,True
2918,swimming,True,True
2919,swimming,True,True
2920,swimming,True,True
2921,swimming,True,True
2922,swimming,True,True
2923,swimming,True,True
2924,swimming,True,True
2925,swimming,True,True
2926,swimming,True,True
2927,swimming,True,True
2928,swimming,True,True
2929,swimming,True,True
2930,swimming,True,False
2931,swimming,True,False
2932,theme_gallery,True,True
2933,theme_gallery,True,True
2934,theme_gallery,True,False
2935,theme_gallery,True,False
2936,theme_gallery,True,False
2937,theme_gallery,True,False
2940,theme_gallery,True,True
2941,theme_gallery,True,True
2943,theme_gallery,True,True
2944,theme_gallery,True,True
2946,theme_gallery,True,True
2948,theme_gallery,True,True
2949,theme_gallery,True,False
2950,theme_gallery,True,False
2953,tracking_grants_for_research,True,True
2954,tracking_grants_for_research,True,True
2955,tracking_grants_for_research,True,True
2956,tracking_grants_for_research,True,True
2957,tracking_grants_for_research,True,True
2958,tracking_grants_for_research,True,True
2959,tracking_grants_for_research,True,True
2960,tracking_grants_for_research,True,False
2961,tracking_grants_for_research,True,True
2962,tracking_grants_for_research,True,True
2963,tracking_grants_for_research,True,True
2964,tracking_grants_for_research,True,True
2965,tracking_grants_for_research,True,True
2966,tracking_grants_for_research,True,True
2967,tracking_orders,True,True
2968,tracking_orders,True,True
2969,tracking_orders,True,True
2970,tracking_orders,True,True
2971,tracking_orders,True,True
2972,tracking_orders,True,True
2973,tracking_orders,True,True
2974,tracking_orders,True,False
2975,tracking_orders,True,False
2976,tracking_orders,True,False
2977,tracking_orders,True,False
2978,tracking_orders,True,True
2979,tracking_orders,True,False
2980,tracking_orders,True,False
2984,tracking_share_transactions,True,False
2985,tracking_share_transactions,True,False
2987,tracking_share_transactions,True,False
2988,tracking_share_transactions,True,False
2989,tracking_share_transactions,True,False
2990,tracking_share_transactions,True,False
2991,tracking_share_transactions,True,True
2992,tracking_share_transactions,True,True
2993,tracking_share_transactions,True,True
2996,tracking_share_transactions,True,False
2997,tracking_share_transactions,True,False
2998,tracking_share_transactions,True,False
2999,tracking_share_transactions,True,False
3000,tracking_share_transactions,True,False
3001,tracking_share_transactions,True,False
3002,tracking_share_transactions,True,True
3003,tracking_share_transactions,True,True
3004,tracking_share_transactions,True,True
3005,tracking_share_transactions,True,True
3006,tracking_share_transactions,True,False
3007,tracking_share_transactions,True,True
3008,tracking_share_transactions,True,True
3009,tracking_share_transactions,True,True
3010,tracking_share_transactions,True,True
3011,tracking_share_transactions,True,True
3012,tracking_share_transactions,True,True
3013,tracking_share_transactions,True,True
3014,tracking_share_transactions,True,False
3015,tracking_share_transactions,True,False
3016,tracking_share_transactions,True,False
3017,tracking_share_transactions,True,False
3018,tracking_share_transactions,True,False
3019,tracking_share_transactions,True,False
3020,tracking_share_transactions,True,False
3021,tracking_share_transactions,True,False
3022,tracking_share_transactions,True,False
3023,tracking_share_transactions,True,False
3024,tracking_share_transactions,True,False
3025,tracking_software_problems,True,False
3026,tracking_software_problems,True,False
3032,tracking_software_problems,True,False
3033,tracking_software_problems,True,True
3036,tracking_software_problems,True,True
3037,tracking_software_problems,True,False
3038,train_station,True,True
3043,train_station,True,True
3044,train_station,True,True
3045,train_station,True,True
3046,train_station,True,True
3047,train_station,True,True
3049,train_station,True,False
3050,train_station,True,False
3051,train_station,True,True
3052,train_station,True,True
3053,train_station,True,True
3054,train_station,True,True
3055,train_station,True,True
3056,train_station,True,True
3057,tvshow,True,True
3058,tvshow,True,True
3059,tvshow,True,False
3060,tvshow,True,False
3061,tvshow,True,False
3062,tvshow,True,False
3063,tvshow,True,False
3064,tvshow,True,False
3065,twitter_1,True,True
3066,twitter_1,True,True
3067,twitter_1,True,True
3068,twitter_1,True,True
3069,twitter_1,True,True
3070,university_basketball,True,True
3071,university_basketball,True,True
3072,university_basketball,True,True
3073,university_basketball,True,True
3074,university_basketball,True,True
3075,university_basketball,True,True
3076,university_basketball,True,True
3077,university_basketball,True,True
3078,university_basketball,True,True
3079,university_basketball,True,True
3080,university_basketball,True,True
3081,university_basketball,True,True
3082,university_basketball,True,True
3083,university_basketball,True,True
3084,university_basketball,True,True
3085,university_basketball,True,True
3086,university_basketball,True,True
3087,university_basketball,True,True
3088,university_basketball,True,True
3089,university_basketball,True,True
3090,university_basketball,True,True
3091,university_basketball,True,True
3092,university_basketball,True,True
3093,university_basketball,True,True
3094,university_basketball,True,True
3095,university_basketball,True,True
3096,university_basketball,True,True
3097,university_basketball,True,True
3098,university_basketball,True,True
3099,university_basketball,True,True
3100,university_basketball,True,True
3101,university_basketball,True,True
3102,university_basketball,True,True
3103,university_basketball,True,True
3104,university_basketball,True,True
3105,university_basketball,True,True
3106,university_basketball,True,True
3107,university_basketball,True,True
3108,university_basketball,True,True
3109,university_basketball,True,True
3110,university_basketball,True,True
3111,university_basketball,True,True
3112,university_basketball,True,True
3113,university_basketball,True,True
3114,university_basketball,True,True
3115,university_basketball,True,True
3116,university_basketball,True,True
3117,university_basketball,True,True
3118,university_basketball,True,True
3119,university_basketball,True,True
3120,university_basketball,True,True
3121,university_basketball,True,True
3122,university_basketball,True,True
3123,university_basketball,True,True
3124,university_basketball,True,True
3125,university_basketball,True,True
3126,university_basketball,True,True
3127,university_basketball,True,True
3128,university_basketball,True,True
3129,university_basketball,True,True
3130,university_basketball,True,True
3131,university_basketball,True,True
3132,university_basketball,True,True
3133,university_basketball,True,True
3134,university_basketball,True,True
3135,university_basketball,True,True
3136,university_basketball,True,True
3137,university_basketball,True,True
3138,university_basketball,True,True
3139,university_basketball,True,True
3140,university_basketball,True,True
3141,university_basketball,True,True
3142,university_basketball,True,True
3143,university_basketball,True,True
3144,university_basketball,True,True
3145,university_basketball,True,True
3146,university_basketball,True,True
3147,university_basketball,True,True
3148,university_basketball,True,True
3149,university_basketball,True,True
3150,university_basketball,True,True
3151,university_basketball,True,True
3152,university_basketball,True,True
3153,university_basketball,True,True
3154,university_basketball,True,True
3155,university_basketball,True,True
3156,university_basketball,True,True
3157,university_basketball,True,True
3158,university_basketball,True,True
3159,university_basketball,True,True
3160,university_basketball,True,True
3161,university_basketball,True,True
3162,university_basketball,True,True
3163,university_basketball,True,True
3164,university_basketball,True,True
3165,university_basketball,True,True
3166,university_basketball,True,True
3167,university_basketball,True,True
3168,university_basketball,True,True
3169,university_basketball,True,True
3170,university_basketball,True,True
3171,university_basketball,True,True
3172,university_basketball,True,True
3173,university_basketball,True,True
3174,university_basketball,True,True
3175,university_basketball,True,True
3176,university_basketball,True,True
3177,university_basketball,True,True
3178,university_basketball,True,True
3179,university_basketball,True,True
3180,university_basketball,True,True
3181,university_basketball,True,True
3182,university_basketball,True,True
3183,university_basketball,True,True
3184,university_basketball,True,True
3185,university_basketball,True,True
3186,university_basketball,True,True
3187,university_basketball,True,True
3188,university_basketball,True,True
3189,university_basketball,True,True
3190,university_basketball,True,False
3191,university_basketball,True,False
3192,voter_1,True,True
3193,voter_1,True,True
3194,voter_1,True,True
3195,voter_1,True,True
3198,voter_1,True,True
3202,voter_1,True,False
3203,voter_1,True,False
3204,voter_1,True,False
3205,voter_2,True,True
3206,voter_2,True,True
3207,wedding,True,False
3208,wedding,True,False
3209,wedding,True,True
3210,wedding,True,True
3211,wedding,True,False
3212,wedding,True,False
3213,wedding,True,False
3214,wedding,True,False
3215,wedding,True,True
3216,wedding,True,True
3217,wedding,True,True
3218,wedding,True,True
3219,wine_1,True,True
3220,wine_1,True,True
3221,wine_1,True,False
3222,wine_1,True,False
3223,wine_1,True,False
3224,wine_1,True,True
3225,wine_1,True,True
3226,wine_1,True,False
3227,wine_1,True,False
3228,wine_1,True,False
3229,wine_1,True,False
3230,wine_1,True,False
3231,wine_1,True,False
3232,wine_1,True,False
3233,wine_1,True,False
3234,wine_1,True,False
3235,wine_1,True,False
3236,wine_1,True,False
3237,wine_1,True,True
3238,wine_1,True,True
3239,wine_1,True,True
3240,wine_1,True,True
3241,wine_1,True,True
3246,wine_1,True,True
3247,wine_1,True,False
3249,wine_1,True,False
3251,wine_1,True,False
3256,wine_1,True,False
3257,wine_1,True,False
3259,workshop_paper,True,True
3260,workshop_paper,True,True
3261,workshop_paper,True,True
3262,workshop_paper,True,True
3263,workshop_paper,True,True
3264,workshop_paper,True,True
3265,workshop_paper,True,False
3266,workshop_paper,True,False
3267,world_1,True,False
3268,world_1,True,False
3269,world_1,True,True
3270,world_1,True,False
3271,world_1,True,False
3272,world_1,True,True
3273,world_1,True,False
3274,world_1,True,False
3275,world_1,True,True
3276,world_1,True,False
3277,world_1,True,False
3278,wrestler,True,True
3279,wrestler,True,True
3280,wrestler,True,True
3281,wrestler,True,True
3282,wrestler,True,True
3283,wrestler,True,True
3284,wrestler,True,True
3285,wta_1,True,True
3286,wta_1,True,True
3287,wta_1,True,True
3288,wta_1,True,True
3290,wta_1,True,True
3291,wta_1,True,True
372@x_name@ASC,browser_web,True,False
372@x_name@DESC,browser_web,True,False
372@y_name@ASC,browser_web,True,True
372@y_name@DESC,browser_web,True,True
375@x_name@ASC,browser_web,True,False
375@x_name@DESC,browser_web,True,False
375@y_name@ASC,browser_web,True,True
375@y_name@DESC,browser_web,True,True
2443@x_name@ASC,musical,True,False
2443@x_name@DESC,musical,True,False
2443@y_name@ASC,musical,True,True
2443@y_name@DESC,musical,True,True
2444@x_name@ASC,musical,True,False
2444@x_name@DESC,musical,True,False
2444@y_name@ASC,musical,True,True
2444@y_name@DESC,musical,True,True
2446@x_name@ASC,musical,True,False
2446@x_name@DESC,musical,True,False
2446@y_name@ASC,musical,True,False
2446@y_name@DESC,musical,True,False
2450@x_name@ASC,musical,True,False
2450@x_name@DESC,musical,True,False
2450@y_name@ASC,musical,True,True
2450@y_name@DESC,musical,True,True
1384@x_name@ASC,farm,True,False
1384@x_name@DESC,farm,True,False
1384@y_name@ASC,farm,True,True
1384@y_name@DESC,farm,True,True
1386@y_name@ASC,farm,True,True
1386@y_name@DESC,farm,True,True
1387@x_name@ASC,farm,True,False
1387@x_name@DESC,farm,True,False
1388@x_name@ASC,farm,True,False
1388@x_name@DESC,farm,True,False
1390@x_name@ASC,farm,True,False
1390@x_name@DESC,farm,True,False
1390@y_name@ASC,farm,True,True
1390@y_name@DESC,farm,True,True
3192@x_name@ASC,voter_1,True,False
3192@x_name@DESC,voter_1,True,False
3192@y_name@ASC,voter_1,True,True
3192@y_name@DESC,voter_1,True,True
3194@x_name@ASC,voter_1,True,False
3194@x_name@DESC,voter_1,True,False
3194@y_name@ASC,voter_1,True,True
3194@y_name@DESC,voter_1,True,True
3195@x_name@ASC,voter_1,True,False
3195@x_name@DESC,voter_1,True,False
3195@y_name@ASC,voter_1,True,True
3195@y_name@DESC,voter_1,True,True
3204@x_name@ASC,voter_1,True,False
3204@x_name@DESC,voter_1,True,False
3204@y_name@ASC,voter_1,True,False
3204@y_name@DESC,voter_1,True,False
1475@x_name@ASC,game_injury,True,False
1475@x_name@DESC,game_injury,True,False
1475@y_name@ASC,game_injury,True,True
1475@y_name@DESC,game_injury,True,True
1478@y_name@ASC,game_injury,True,False
1478@y_name@DESC,game_injury,True,False
1481@x_name@ASC,game_injury,True,False
1481@x_name@DESC,game_injury,True,False
1481@y_name@ASC,game_injury,True,False
1481@y_name@DESC,game_injury,True,False
1482@x_name@ASC,game_injury,True,False
1482@x_name@DESC,game_injury,True,False
1484@x_name@ASC,game_injury,True,False
1484@x_name@DESC,game_injury,True,False
1487@x_name@ASC,game_injury,True,False
1487@x_name@DESC,game_injury,True,False
1487@y_name@ASC,game_injury,True,True
1487@y_name@DESC,game_injury,True,True
1488@x_name@ASC,game_injury,True,False
1488@x_name@DESC,game_injury,True,False
1488@y_name@ASC,game_injury,True,True
1488@y_name@DESC,game_injury,True,True
1489@x_name@ASC,game_injury,True,False
1489@x_name@DESC,game_injury,True,False
1490@x_name@ASC,game_injury,True,False
1490@x_name@DESC,game_injury,True,False
1491@x_name@ASC,game_injury,True,False
1491@x_name@DESC,game_injury,True,False
1491@y_name@ASC,game_injury,True,True
1491@y_name@DESC,game_injury,True,True
1493@x_name@ASC,game_injury,True,False
1493@x_name@DESC,game_injury,True,False
1493@y_name@ASC,game_injury,True,True
1493@y_name@DESC,game_injury,True,True
1494@x_name@ASC,game_injury,True,False
1494@x_name@DESC,game_injury,True,False
1495@x_name@ASC,game_injury,True,False
1495@x_name@DESC,game_injury,True,False
1523@x_name@ASC,hospital_1,True,False
1523@x_name@DESC,hospital_1,True,False
1523@y_name@ASC,hospital_1,True,False
1523@y_name@DESC,hospital_1,True,False
1525@x_name@ASC,hospital_1,True,False
1525@x_name@DESC,hospital_1,True,False
1525@y_name@ASC,hospital_1,True,True
1525@y_name@DESC,hospital_1,True,True
1528@x_name@ASC,hospital_1,True,False
1528@x_name@DESC,hospital_1,True,False
1528@y_name@ASC,hospital_1,True,False
1528@y_name@DESC,hospital_1,True,False
1530@x_name@ASC,hospital_1,True,False
1530@x_name@DESC,hospital_1,True,False
1530@y_name@ASC,hospital_1,True,True
1530@y_name@DESC,hospital_1,True,True
1532@x_name@ASC,hospital_1,True,False
1532@x_name@DESC,hospital_1,True,False
1532@y_name@ASC,hospital_1,True,True
1532@y_name@DESC,hospital_1,True,True
1535@x_name@ASC,hospital_1,True,False
1535@x_name@DESC,hospital_1,True,False
1535@y_name@ASC,hospital_1,True,True
1535@y_name@DESC,hospital_1,True,True
2308@x_name@ASC,manufacturer,True,False
2308@x_name@DESC,manufacturer,True,False
2308@y_name@ASC,manufacturer,True,False
2308@y_name@DESC,manufacturer,True,False
2310@x_name@ASC,manufacturer,True,False
2310@x_name@DESC,manufacturer,True,False
2310@y_name@ASC,manufacturer,True,True
2310@y_name@DESC,manufacturer,True,True
2312@x_name@ASC,manufacturer,True,False
2312@x_name@DESC,manufacturer,True,False
2312@y_name@ASC,manufacturer,True,False
2312@y_name@DESC,manufacturer,True,False
2314@x_name@ASC,manufacturer,True,False
2314@x_name@DESC,manufacturer,True,False
2314@y_name@ASC,manufacturer,True,True
2314@y_name@DESC,manufacturer,True,True
2828@x_name@ASC,station_weather,True,False
2828@x_name@DESC,station_weather,True,False
2828@y_name@ASC,station_weather,True,True
2828@y_name@DESC,station_weather,True,True
2829@x_name@ASC,station_weather,True,False
2829@x_name@DESC,station_weather,True,False
2829@y_name@ASC,station_weather,True,True
2829@y_name@DESC,station_weather,True,True
2830@x_name@ASC,station_weather,True,False
2830@x_name@DESC,station_weather,True,False
2830@y_name@ASC,station_weather,True,True
2830@y_name@DESC,station_weather,True,True
2831@x_name@ASC,station_weather,True,False
2831@x_name@DESC,station_weather,True,False
2831@y_name@ASC,station_weather,True,True
2831@y_name@DESC,station_weather,True,True
2834@x_name@ASC,station_weather,True,False
2834@x_name@DESC,station_weather,True,False
2834@y_name@ASC,station_weather,True,True
2834@y_name@DESC,station_weather,True,True
2837@x_name@ASC,station_weather,True,False
2837@x_name@DESC,station_weather,True,False
2837@y_name@ASC,station_weather,True,True
2837@y_name@DESC,station_weather,True,True
2838@x_name@ASC,station_weather,True,False
2838@x_name@DESC,station_weather,True,False
2838@y_name@ASC,station_weather,True,True
2838@y_name@DESC,station_weather,True,True
2841@x_name@ASC,station_weather,True,False
2841@x_name@DESC,station_weather,True,False
2841@y_name@ASC,station_weather,True,True
2841@y_name@DESC,station_weather,True,True
2843@x_name@ASC,station_weather,True,False
2843@x_name@DESC,station_weather,True,False
2843@y_name@ASC,station_weather,True,True
2843@y_name@DESC,station_weather,True,True
2844@x_name@ASC,station_weather,True,False
2844@x_name@DESC,station_weather,True,False
2844@y_name@ASC,station_weather,True,True
2844@y_name@DESC,station_weather,True,True
2845@x_name@ASC,station_weather,True,False
2845@x_name@DESC,station_weather,True,False
2845@y_name@ASC,station_weather,True,False
2845@y_name@DESC,station_weather,True,False
2846@x_name@ASC,station_weather,True,False
2846@x_name@DESC,station_weather,True,False
2846@y_name@ASC,station_weather,True,False
2846@y_name@DESC,station_weather,True,False
2544@x_name@ASC,perpetrator,True,False
2544@x_name@DESC,perpetrator,True,False
2544@y_name@ASC,perpetrator,True,True
2544@y_name@DESC,perpetrator,True,True
2865@x_name@ASC,storm_record,True,False
2865@x_name@DESC,storm_record,True,False
2865@y_name@ASC,storm_record,True,True
2865@y_name@DESC,storm_record,True,True
2867@x_name@ASC,storm_record,True,False
2867@x_name@DESC,storm_record,True,False
2867@y_name@ASC,storm_record,True,True
2867@y_name@DESC,storm_record,True,True
2868@x_name@ASC,storm_record,True,False
2868@x_name@DESC,storm_record,True,False
2868@y_name@ASC,storm_record,True,False
2868@y_name@DESC,storm_record,True,False
2869@x_name@ASC,storm_record,True,False
2869@x_name@DESC,storm_record,True,False
2869@y_name@ASC,storm_record,True,False
2869@y_name@DESC,storm_record,True,False
1407@x_name@ASC,flight_1,True,False
1407@x_name@DESC,flight_1,True,False
1407@y_name@ASC,flight_1,True,True
1407@y_name@DESC,flight_1,True,True
1408@x_name@ASC,flight_1,True,False
1408@x_name@DESC,flight_1,True,False
1408@y_name@ASC,flight_1,True,True
1408@y_name@DESC,flight_1,True,True
1409@x_name@ASC,flight_1,True,False
1409@x_name@DESC,flight_1,True,False
1409@y_name@ASC,flight_1,True,True
1409@y_name@DESC,flight_1,True,True
1411@x_name@ASC,flight_1,True,False
1411@x_name@DESC,flight_1,True,False
1411@y_name@ASC,flight_1,True,True
1411@y_name@DESC,flight_1,True,True
1413@x_name@ASC,flight_1,True,False
1413@x_name@DESC,flight_1,True,False
1413@y_name@ASC,flight_1,True,False
1413@y_name@DESC,flight_1,True,False
1414@x_name@ASC,flight_1,True,False
1414@x_name@DESC,flight_1,True,False
1414@y_name@ASC,flight_1,True,True
1414@y_name@DESC,flight_1,True,True
2172@x_name@ASC,manufactory_1,True,False
2172@x_name@DESC,manufactory_1,True,False
2172@y_name@ASC,manufactory_1,True,False
2172@y_name@DESC,manufactory_1,True,False
2173@x_name@ASC,manufactory_1,True,False
2173@x_name@DESC,manufactory_1,True,False
2173@y_name@ASC,manufactory_1,True,True
2173@y_name@DESC,manufactory_1,True,True
2174@x_name@ASC,manufactory_1,True,False
2174@x_name@DESC,manufactory_1,True,False
2174@y_name@ASC,manufactory_1,True,False
2174@y_name@DESC,manufactory_1,True,False
2175@x_name@ASC,manufactory_1,True,False
2175@x_name@DESC,manufactory_1,True,False
2175@y_name@ASC,manufactory_1,True,False
2175@y_name@DESC,manufactory_1,True,False
2176@x_name@ASC,manufactory_1,True,False
2176@x_name@DESC,manufactory_1,True,False
2176@y_name@ASC,manufactory_1,True,False
2176@y_name@DESC,manufactory_1,True,False
2177@x_name@ASC,manufactory_1,True,False
2177@x_name@DESC,manufactory_1,True,False
2177@y_name@ASC,manufactory_1,True,True
2177@y_name@DESC,manufactory_1,True,True
2178@x_name@ASC,manufactory_1,True,False
2178@x_name@DESC,manufactory_1,True,False
2178@y_name@ASC,manufactory_1,True,True
2178@y_name@DESC,manufactory_1,True,True
2179@x_name@ASC,manufactory_1,True,False
2179@x_name@DESC,manufactory_1,True,False
2179@y_name@ASC,manufactory_1,True,True
2179@y_name@DESC,manufactory_1,True,True
2180@x_name@ASC,manufactory_1,True,False
2180@x_name@DESC,manufactory_1,True,False
2180@y_name@ASC,manufactory_1,True,True
2180@y_name@DESC,manufactory_1,True,True
2181@x_name@ASC,manufactory_1,True,False
2181@x_name@DESC,manufactory_1,True,False
2181@y_name@ASC,manufactory_1,True,True
2181@y_name@DESC,manufactory_1,True,True
2183@x_name@ASC,manufactory_1,True,False
2183@x_name@DESC,manufactory_1,True,False
2183@y_name@ASC,manufactory_1,True,True
2183@y_name@DESC,manufactory_1,True,True
2186@x_name@ASC,manufactory_1,True,False
2186@x_name@DESC,manufactory_1,True,False
2186@y_name@ASC,manufactory_1,True,False
2186@y_name@DESC,manufactory_1,True,False
2189@x_name@ASC,manufactory_1,True,False
2189@x_name@DESC,manufactory_1,True,False
2189@y_name@ASC,manufactory_1,True,False
2189@y_name@DESC,manufactory_1,True,False
2191@x_name@ASC,manufactory_1,True,False
2191@x_name@DESC,manufactory_1,True,False
2191@y_name@ASC,manufactory_1,True,False
2191@y_name@DESC,manufactory_1,True,False
2192@x_name@ASC,manufactory_1,True,False
2192@x_name@DESC,manufactory_1,True,False
2192@y_name@ASC,manufactory_1,True,False
2192@y_name@DESC,manufactory_1,True,False
2201@x_name@ASC,manufactory_1,True,False
2201@x_name@DESC,manufactory_1,True,False
2201@y_name@ASC,manufactory_1,True,True
2201@y_name@DESC,manufactory_1,True,True
2202@x_name@ASC,manufactory_1,True,False
2202@x_name@DESC,manufactory_1,True,False
2202@y_name@ASC,manufactory_1,True,False
2202@y_name@DESC,manufactory_1,True,False
2203@x_name@ASC,manufactory_1,True,False
2203@x_name@DESC,manufactory_1,True,False
2203@y_name@ASC,manufactory_1,True,False
2203@y_name@DESC,manufactory_1,True,False
2204@x_name@ASC,manufactory_1,True,False
2204@x_name@DESC,manufactory_1,True,False
2204@y_name@ASC,manufactory_1,True,True
2204@y_name@DESC,manufactory_1,True,True
2205@x_name@ASC,manufactory_1,True,False
2205@x_name@DESC,manufactory_1,True,False
2205@y_name@ASC,manufactory_1,True,True
2205@y_name@DESC,manufactory_1,True,True
2206@x_name@ASC,manufactory_1,True,False
2206@x_name@DESC,manufactory_1,True,False
2206@y_name@ASC,manufactory_1,True,True
2206@y_name@DESC,manufactory_1,True,True
2207@x_name@ASC,manufactory_1,True,False
2207@x_name@DESC,manufactory_1,True,False
2207@y_name@ASC,manufactory_1,True,True
2207@y_name@DESC,manufactory_1,True,True
2208@x_name@ASC,manufactory_1,True,False
2208@x_name@DESC,manufactory_1,True,False
2208@y_name@ASC,manufactory_1,True,True
2208@y_name@DESC,manufactory_1,True,True
2209@x_name@ASC,manufactory_1,True,False
2209@x_name@DESC,manufactory_1,True,False
2209@y_name@ASC,manufactory_1,True,True
2209@y_name@DESC,manufactory_1,True,True
2210@x_name@ASC,manufactory_1,True,False
2210@x_name@DESC,manufactory_1,True,False
2210@y_name@ASC,manufactory_1,True,True
2210@y_name@DESC,manufactory_1,True,True
2211@x_name@ASC,manufactory_1,True,False
2211@x_name@DESC,manufactory_1,True,False
2211@y_name@ASC,manufactory_1,True,True
2211@y_name@DESC,manufactory_1,True,True
2212@x_name@ASC,manufactory_1,True,False
2212@x_name@DESC,manufactory_1,True,False
2212@y_name@ASC,manufactory_1,True,True
2212@y_name@DESC,manufactory_1,True,True
2213@x_name@ASC,manufactory_1,True,False
2213@x_name@DESC,manufactory_1,True,False
2213@y_name@ASC,manufactory_1,True,True
2213@y_name@DESC,manufactory_1,True,True
2214@x_name@ASC,manufactory_1,True,False
2214@x_name@DESC,manufactory_1,True,False
2214@y_name@ASC,manufactory_1,True,True
2214@y_name@DESC,manufactory_1,True,True
2215@x_name@ASC,manufactory_1,True,False
2215@x_name@DESC,manufactory_1,True,False
2215@y_name@ASC,manufactory_1,True,True
2215@y_name@DESC,manufactory_1,True,True
2216@x_name@ASC,manufactory_1,True,False
2216@x_name@DESC,manufactory_1,True,False
2216@y_name@ASC,manufactory_1,True,True
2216@y_name@DESC,manufactory_1,True,True
2217@x_name@ASC,manufactory_1,True,False
2217@x_name@DESC,manufactory_1,True,False
2217@y_name@ASC,manufactory_1,True,True
2217@y_name@DESC,manufactory_1,True,True
2218@x_name@ASC,manufactory_1,True,False
2218@x_name@DESC,manufactory_1,True,False
2218@y_name@ASC,manufactory_1,True,True
2218@y_name@DESC,manufactory_1,True,True
2219@x_name@ASC,manufactory_1,True,False
2219@x_name@DESC,manufactory_1,True,False
2219@y_name@ASC,manufactory_1,True,True
2219@y_name@DESC,manufactory_1,True,True
2220@x_name@ASC,manufactory_1,True,False
2220@x_name@DESC,manufactory_1,True,False
2220@y_name@ASC,manufactory_1,True,True
2220@y_name@DESC,manufactory_1,True,True
2221@x_name@ASC,manufactory_1,True,False
2221@x_name@DESC,manufactory_1,True,False
2221@y_name@ASC,manufactory_1,True,True
2221@y_name@DESC,manufactory_1,True,True
2222@x_name@ASC,manufactory_1,True,False
2222@x_name@DESC,manufactory_1,True,False
2222@y_name@ASC,manufactory_1,True,True
2222@y_name@DESC,manufactory_1,True,True
2223@x_name@ASC,manufactory_1,True,False
2223@x_name@DESC,manufactory_1,True,False
2223@y_name@ASC,manufactory_1,True,True
2223@y_name@DESC,manufactory_1,True,True
2224@x_name@ASC,manufactory_1,True,False
2224@x_name@DESC,manufactory_1,True,False
2224@y_name@ASC,manufactory_1,True,True
2224@y_name@DESC,manufactory_1,True,True
2225@x_name@ASC,manufactory_1,True,False
2225@x_name@DESC,manufactory_1,True,False
2225@y_name@ASC,manufactory_1,True,True
2225@y_name@DESC,manufactory_1,True,True
2226@x_name@ASC,manufactory_1,True,False
2226@x_name@DESC,manufactory_1,True,False
2226@y_name@ASC,manufactory_1,True,True
2226@y_name@DESC,manufactory_1,True,True
2227@x_name@ASC,manufactory_1,True,False
2227@x_name@DESC,manufactory_1,True,False
2227@y_name@ASC,manufactory_1,True,True
2227@y_name@DESC,manufactory_1,True,True
2228@x_name@ASC,manufactory_1,True,False
2228@x_name@DESC,manufactory_1,True,False
2228@y_name@ASC,manufactory_1,True,True
2228@y_name@DESC,manufactory_1,True,True
2229@x_name@ASC,manufactory_1,True,False
2229@x_name@DESC,manufactory_1,True,False
2229@y_name@ASC,manufactory_1,True,True
2229@y_name@DESC,manufactory_1,True,True
2230@x_name@ASC,manufactory_1,True,False
2230@x_name@DESC,manufactory_1,True,False
2230@y_name@ASC,manufactory_1,True,True
2230@y_name@DESC,manufactory_1,True,True
2231@x_name@ASC,manufactory_1,True,False
2231@x_name@DESC,manufactory_1,True,False
2231@y_name@ASC,manufactory_1,True,True
2231@y_name@DESC,manufactory_1,True,True
2232@x_name@ASC,manufactory_1,True,False
2232@x_name@DESC,manufactory_1,True,False
2232@y_name@ASC,manufactory_1,True,True
2232@y_name@DESC,manufactory_1,True,True
2233@x_name@ASC,manufactory_1,True,False
2233@x_name@DESC,manufactory_1,True,False
2233@y_name@ASC,manufactory_1,True,True
2233@y_name@DESC,manufactory_1,True,True
2234@x_name@ASC,manufactory_1,True,False
2234@x_name@DESC,manufactory_1,True,False
2234@y_name@ASC,manufactory_1,True,True
2234@y_name@DESC,manufactory_1,True,True
2235@x_name@ASC,manufactory_1,True,False
2235@x_name@DESC,manufactory_1,True,False
2235@y_name@ASC,manufactory_1,True,True
2235@y_name@DESC,manufactory_1,True,True
2236@x_name@ASC,manufactory_1,True,False
2236@x_name@DESC,manufactory_1,True,False
2236@y_name@ASC,manufactory_1,True,True
2236@y_name@DESC,manufactory_1,True,True
2237@x_name@ASC,manufactory_1,True,False
2237@x_name@DESC,manufactory_1,True,False
2237@y_name@ASC,manufactory_1,True,False
2237@y_name@DESC,manufactory_1,True,False
2238@x_name@ASC,manufactory_1,True,False
2238@x_name@DESC,manufactory_1,True,False
2238@y_name@ASC,manufactory_1,True,False
2238@y_name@DESC,manufactory_1,True,False
2239@x_name@ASC,manufactory_1,True,False
2239@x_name@DESC,manufactory_1,True,False
2239@y_name@ASC,manufactory_1,True,False
2239@y_name@DESC,manufactory_1,True,False
2240@x_name@ASC,manufactory_1,True,False
2240@x_name@DESC,manufactory_1,True,False
2240@y_name@ASC,manufactory_1,True,False
2240@y_name@DESC,manufactory_1,True,False
2241@x_name@ASC,manufactory_1,True,False
2241@x_name@DESC,manufactory_1,True,False
2241@y_name@ASC,manufactory_1,True,False
2241@y_name@DESC,manufactory_1,True,False
2242@x_name@ASC,manufactory_1,True,False
2242@x_name@DESC,manufactory_1,True,False
2242@y_name@ASC,manufactory_1,True,True
2242@y_name@DESC,manufactory_1,True,True
2243@x_name@ASC,manufactory_1,True,False
2243@x_name@DESC,manufactory_1,True,False
2243@y_name@ASC,manufactory_1,True,True
2243@y_name@DESC,manufactory_1,True,True
2244@x_name@ASC,manufactory_1,True,False
2244@x_name@DESC,manufactory_1,True,False
2244@y_name@ASC,manufactory_1,True,True
2244@y_name@DESC,manufactory_1,True,True
2245@x_name@ASC,manufactory_1,True,False
2245@x_name@DESC,manufactory_1,True,False
2245@y_name@ASC,manufactory_1,True,True
2245@y_name@DESC,manufactory_1,True,True
2246@x_name@ASC,manufactory_1,True,False
2246@x_name@DESC,manufactory_1,True,False
2246@y_name@ASC,manufactory_1,True,True
2246@y_name@DESC,manufactory_1,True,True
2247@x_name@ASC,manufactory_1,True,False
2247@x_name@DESC,manufactory_1,True,False
2247@y_name@ASC,manufactory_1,True,True
2247@y_name@DESC,manufactory_1,True,True
2248@x_name@ASC,manufactory_1,True,False
2248@x_name@DESC,manufactory_1,True,False
2248@y_name@ASC,manufactory_1,True,True
2248@y_name@DESC,manufactory_1,True,True
2249@x_name@ASC,manufactory_1,True,False
2249@x_name@DESC,manufactory_1,True,False
2249@y_name@ASC,manufactory_1,True,True
2249@y_name@DESC,manufactory_1,True,True
2250@x_name@ASC,manufactory_1,True,False
2250@x_name@DESC,manufactory_1,True,False
2250@y_name@ASC,manufactory_1,True,True
2250@y_name@DESC,manufactory_1,True,True
2251@x_name@ASC,manufactory_1,True,False
2251@x_name@DESC,manufactory_1,True,False
2251@y_name@ASC,manufactory_1,True,True
2251@y_name@DESC,manufactory_1,True,True
2252@x_name@ASC,manufactory_1,True,False
2252@x_name@DESC,manufactory_1,True,False
2252@y_name@ASC,manufactory_1,True,True
2252@y_name@DESC,manufactory_1,True,True
2253@x_name@ASC,manufactory_1,True,False
2253@x_name@DESC,manufactory_1,True,False
2253@y_name@ASC,manufactory_1,True,True
2253@y_name@DESC,manufactory_1,True,True
2254@x_name@ASC,manufactory_1,True,False
2254@x_name@DESC,manufactory_1,True,False
2254@y_name@ASC,manufactory_1,True,True
2254@y_name@DESC,manufactory_1,True,True
2255@x_name@ASC,manufactory_1,True,False
2255@x_name@DESC,manufactory_1,True,False
2255@y_name@ASC,manufactory_1,True,True
2255@y_name@DESC,manufactory_1,True,True
2256@x_name@ASC,manufactory_1,True,False
2256@x_name@DESC,manufactory_1,True,False
2256@y_name@ASC,manufactory_1,True,True
2256@y_name@DESC,manufactory_1,True,True
2257@x_name@ASC,manufactory_1,True,False
2257@x_name@DESC,manufactory_1,True,False
2257@y_name@ASC,manufactory_1,True,True
2257@y_name@DESC,manufactory_1,True,True
2258@x_name@ASC,manufactory_1,True,False
2258@x_name@DESC,manufactory_1,True,False
2258@y_name@ASC,manufactory_1,True,True
2258@y_name@DESC,manufactory_1,True,True
2259@x_name@ASC,manufactory_1,True,False
2259@x_name@DESC,manufactory_1,True,False
2259@y_name@ASC,manufactory_1,True,True
2259@y_name@DESC,manufactory_1,True,True
2260@x_name@ASC,manufactory_1,True,False
2260@x_name@DESC,manufactory_1,True,False
2260@y_name@ASC,manufactory_1,True,True
2260@y_name@DESC,manufactory_1,True,True
2261@x_name@ASC,manufactory_1,True,False
2261@x_name@DESC,manufactory_1,True,False
2261@y_name@ASC,manufactory_1,True,True
2261@y_name@DESC,manufactory_1,True,True
2262@x_name@ASC,manufactory_1,True,False
2262@x_name@DESC,manufactory_1,True,False
2262@y_name@ASC,manufactory_1,True,True
2262@y_name@DESC,manufactory_1,True,True
2305@x_name@ASC,manufactory_1,True,False
2305@x_name@DESC,manufactory_1,True,False
2305@y_name@ASC,manufactory_1,True,True
2305@y_name@DESC,manufactory_1,True,True
886@x_name@ASC,cre_Theme_park,True,False
886@x_name@DESC,cre_Theme_park,True,False
886@y_name@ASC,cre_Theme_park,True,True
886@y_name@DESC,cre_Theme_park,True,True
888@x_name@ASC,cre_Theme_park,True,False
888@x_name@DESC,cre_Theme_park,True,False
888@y_name@ASC,cre_Theme_park,True,True
888@y_name@DESC,cre_Theme_park,True,True
890@x_name@ASC,cre_Theme_park,True,False
890@x_name@DESC,cre_Theme_park,True,False
890@y_name@ASC,cre_Theme_park,True,True
890@y_name@DESC,cre_Theme_park,True,True
893@x_name@ASC,cre_Theme_park,True,False
893@x_name@DESC,cre_Theme_park,True,False
893@y_name@ASC,cre_Theme_park,True,True
893@y_name@DESC,cre_Theme_park,True,True
894@y_name@ASC,cre_Theme_park,True,True
894@y_name@DESC,cre_Theme_park,True,True
895@x_name@ASC,cre_Theme_park,True,False
895@x_name@DESC,cre_Theme_park,True,False
2412@x_name@ASC,museum_visit,True,False
2412@x_name@DESC,museum_visit,True,False
2412@y_name@ASC,museum_visit,True,True
2412@y_name@DESC,museum_visit,True,True
2417@x_name@ASC,museum_visit,True,False
2417@x_name@DESC,museum_visit,True,False
2417@y_name@ASC,museum_visit,True,False
2417@y_name@DESC,museum_visit,True,False
2641@x_name@ASC,race_track,True,False
2641@x_name@DESC,race_track,True,False
2641@y_name@ASC,race_track,True,True
2641@y_name@DESC,race_track,True,True
2643@x_name@ASC,race_track,True,False
2643@x_name@DESC,race_track,True,False
2643@y_name@ASC,race_track,True,True
2643@y_name@DESC,race_track,True,True
2648@x_name@ASC,race_track,True,False
2648@x_name@DESC,race_track,True,False
2648@y_name@ASC,race_track,True,True
2648@y_name@DESC,race_track,True,True
2788@x_name@ASC,soccer_2,True,False
2788@x_name@DESC,soccer_2,True,False
2788@y_name@ASC,soccer_2,True,False
2788@y_name@DESC,soccer_2,True,False
2790@x_name@ASC,soccer_2,True,False
2790@x_name@DESC,soccer_2,True,False
2790@y_name@ASC,soccer_2,True,False
2790@y_name@DESC,soccer_2,True,False
2796@x_name@ASC,soccer_2,True,False
2796@x_name@DESC,soccer_2,True,False
2796@y_name@ASC,soccer_2,True,False
2796@y_name@DESC,soccer_2,True,False
2798@x_name@ASC,soccer_2,True,False
2798@x_name@DESC,soccer_2,True,False
2798@y_name@ASC,soccer_2,True,False
2798@y_name@DESC,soccer_2,True,False
2800@x_name@ASC,soccer_2,True,False
2800@x_name@DESC,soccer_2,True,False
2800@y_name@ASC,soccer_2,True,False
2800@y_name@DESC,soccer_2,True,False
297@y_name@ASC,bike_1,True,False
297@y_name@DESC,bike_1,True,False
298@y_name@ASC,bike_1,True,False
298@y_name@DESC,bike_1,True,False
303@x_name@ASC,bike_1,True,False
303@x_name@DESC,bike_1,True,False
307@x_name@ASC,bike_1,True,False
307@x_name@DESC,bike_1,True,False
307@y_name@ASC,bike_1,True,False
307@y_name@DESC,bike_1,True,False
310@x_name@ASC,bike_1,True,False
310@x_name@DESC,bike_1,True,False
310@y_name@ASC,bike_1,True,True
310@y_name@DESC,bike_1,True,True
314@y_name@ASC,bike_1,True,False
314@y_name@DESC,bike_1,True,False
315@y_name@ASC,bike_1,True,False
315@y_name@DESC,bike_1,True,False
316@x_name@ASC,bike_1,True,False
316@x_name@DESC,bike_1,True,False
317@y_name@ASC,bike_1,True,True
317@y_name@DESC,bike_1,True,True
318@y_name@ASC,bike_1,True,True
318@y_name@DESC,bike_1,True,True
324@x_name@ASC,bike_1,True,False
324@x_name@DESC,bike_1,True,False
326@x_name@ASC,bike_1,True,False
326@x_name@DESC,bike_1,True,False
326@y_name@ASC,bike_1,True,False
326@y_name@DESC,bike_1,True,False
327@y_name@ASC,bike_1,True,False
327@y_name@DESC,bike_1,True,False
329@x_name@ASC,bike_1,True,False
329@x_name@DESC,bike_1,True,False
329@y_name@ASC,bike_1,True,False
329@y_name@DESC,bike_1,True,False
330@y_name@ASC,bike_1,True,False
330@y_name@DESC,bike_1,True,False
335@y_name@ASC,bike_1,True,False
335@y_name@DESC,bike_1,True,False
339@x_name@ASC,bike_1,True,False
339@x_name@DESC,bike_1,True,False
339@y_name@ASC,bike_1,True,True
339@y_name@DESC,bike_1,True,True
340@y_name@ASC,bike_1,True,False
340@y_name@DESC,bike_1,True,False
341@y_name@ASC,bike_1,True,False
341@y_name@DESC,bike_1,True,False
342@x_name@ASC,bike_1,True,False
342@x_name@DESC,bike_1,True,False
343@y_name@ASC,bike_1,True,True
343@y_name@DESC,bike_1,True,True
344@y_name@ASC,bike_1,True,True
344@y_name@DESC,bike_1,True,True
345@y_name@ASC,bike_1,True,True
345@y_name@DESC,bike_1,True,True
346@y_name@ASC,bike_1,True,True
346@y_name@DESC,bike_1,True,True
347@y_name@ASC,bike_1,True,True
347@y_name@DESC,bike_1,True,True
348@y_name@ASC,bike_1,True,True
348@y_name@DESC,bike_1,True,True
349@y_name@ASC,bike_1,True,False
349@y_name@DESC,bike_1,True,False
350@y_name@ASC,bike_1,True,False
350@y_name@DESC,bike_1,True,False
2585@x_name@ASC,pilot_record,True,False
2585@x_name@DESC,pilot_record,True,False
2585@y_name@ASC,pilot_record,True,True
2585@y_name@DESC,pilot_record,True,True
2587@x_name@ASC,pilot_record,True,False
2587@x_name@DESC,pilot_record,True,False
2587@y_name@ASC,pilot_record,True,True
2587@y_name@DESC,pilot_record,True,True
926@x_name@ASC,customers_and_invoices,True,False
926@x_name@DESC,customers_and_invoices,True,False
926@y_name@ASC,customers_and_invoices,True,True
926@y_name@DESC,customers_and_invoices,True,True
927@y_name@ASC,customers_and_invoices,True,True
927@y_name@DESC,customers_and_invoices,True,True
932@y_name@ASC,customers_and_invoices,True,True
932@y_name@DESC,customers_and_invoices,True,True
942@x_name@ASC,customers_and_invoices,True,False
942@x_name@DESC,customers_and_invoices,True,False
953@x_name@ASC,customers_and_invoices,True,False
953@x_name@DESC,customers_and_invoices,True,False
960@x_name@ASC,customers_and_invoices,True,False
960@x_name@DESC,customers_and_invoices,True,False
960@y_name@ASC,customers_and_invoices,True,True
960@y_name@DESC,customers_and_invoices,True,True
972@x_name@ASC,customers_and_invoices,True,False
972@x_name@DESC,customers_and_invoices,True,False
972@y_name@ASC,customers_and_invoices,True,True
972@y_name@DESC,customers_and_invoices,True,True
975@y_name@ASC,customers_and_invoices,True,False
975@y_name@DESC,customers_and_invoices,True,False
982@x_name@ASC,customers_and_invoices,True,False
982@x_name@DESC,customers_and_invoices,True,False
988@x_name@ASC,customers_and_invoices,True,False
988@x_name@DESC,customers_and_invoices,True,False
988@y_name@ASC,customers_and_invoices,True,True
988@y_name@DESC,customers_and_invoices,True,True
990@x_name@ASC,customers_and_invoices,True,False
990@x_name@DESC,customers_and_invoices,True,False
990@y_name@ASC,customers_and_invoices,True,True
990@y_name@DESC,customers_and_invoices,True,True
1093@x_name@ASC,department_management,True,False
1093@x_name@DESC,department_management,True,False
1096@x_name@ASC,department_management,True,False
1096@x_name@DESC,department_management,True,False
1097@x_name@ASC,department_management,True,False
1097@x_name@DESC,department_management,True,False
1098@x_name@ASC,department_management,True,False
1098@x_name@DESC,department_management,True,False
1099@x_name@ASC,department_management,True,False
1099@x_name@DESC,department_management,True,False
1099@y_name@ASC,department_management,True,True
1099@y_name@DESC,department_management,True,True
1100@x_name@ASC,department_management,True,False
1100@x_name@DESC,department_management,True,False
1101@x_name@ASC,department_management,True,False
1101@x_name@DESC,department_management,True,False
1105@x_name@ASC,department_management,True,False
1105@x_name@DESC,department_management,True,False
1105@y_name@ASC,department_management,True,False
1105@y_name@DESC,department_management,True,False
1106@x_name@ASC,department_management,True,False
1106@x_name@DESC,department_management,True,False
1106@y_name@ASC,department_management,True,False
1106@y_name@DESC,department_management,True,False
1110@x_name@ASC,department_management,True,False
1110@x_name@DESC,department_management,True,False
1110@y_name@ASC,department_management,True,True
1110@y_name@DESC,department_management,True,True
1112@x_name@ASC,department_management,True,False
1112@x_name@DESC,department_management,True,False
1112@y_name@ASC,department_management,True,True
1112@y_name@DESC,department_management,True,True
2475@x_name@ASC,news_report,True,False
2475@x_name@DESC,news_report,True,False
2475@y_name@ASC,news_report,True,True
2475@y_name@DESC,news_report,True,True
2476@x_name@ASC,news_report,True,False
2476@x_name@DESC,news_report,True,False
2476@y_name@ASC,news_report,True,True
2476@y_name@DESC,news_report,True,True
2484@x_name@ASC,news_report,True,False
2484@x_name@DESC,news_report,True,False
2484@y_name@ASC,news_report,True,True
2484@y_name@DESC,news_report,True,True
2486@x_name@ASC,news_report,True,False
2486@x_name@DESC,news_report,True,False
2486@y_name@ASC,news_report,True,True
2486@y_name@DESC,news_report,True,True
2487@x_name@ASC,news_report,True,False
2487@x_name@DESC,news_report,True,False
2487@y_name@ASC,news_report,True,True
2487@y_name@DESC,news_report,True,True
2488@x_name@ASC,news_report,True,False
2488@x_name@DESC,news_report,True,False
2488@y_name@ASC,news_report,True,True
2488@y_name@DESC,news_report,True,True
2493@x_name@ASC,news_report,True,False
2493@x_name@DESC,news_report,True,False
2493@y_name@ASC,news_report,True,True
2493@y_name@DESC,news_report,True,True
3058@x_name@ASC,tvshow,True,False
3058@x_name@DESC,tvshow,True,False
3058@y_name@ASC,tvshow,True,True
3058@y_name@DESC,tvshow,True,True
3062@x_name@ASC,tvshow,True,False
3062@x_name@DESC,tvshow,True,False
3062@y_name@ASC,tvshow,True,False
3062@y_name@DESC,tvshow,True,False
3064@x_name@ASC,tvshow,True,False
3064@x_name@DESC,tvshow,True,False
3064@y_name@ASC,tvshow,True,False
3064@y_name@DESC,tvshow,True,False
2421@x_name@ASC,music_1,True,False
2421@x_name@DESC,music_1,True,False
2421@y_name@ASC,music_1,True,True
2421@y_name@DESC,music_1,True,True
2423@x_name@ASC,music_1,True,False
2423@x_name@DESC,music_1,True,False
2423@y_name@ASC,music_1,True,True
2423@y_name@DESC,music_1,True,True
2430@x_name@ASC,music_1,True,False
2430@x_name@DESC,music_1,True,False
2430@y_name@ASC,music_1,True,False
2430@y_name@DESC,music_1,True,False
2431@x_name@ASC,music_1,True,False
2431@x_name@DESC,music_1,True,False
2431@y_name@ASC,music_1,True,False
2431@y_name@DESC,music_1,True,False
2859@x_name@ASC,store_product,True,False
2859@x_name@DESC,store_product,True,False
2859@y_name@ASC,store_product,True,True
2859@y_name@DESC,store_product,True,True
2860@x_name@ASC,store_product,True,False
2860@x_name@DESC,store_product,True,False
2860@y_name@ASC,store_product,True,False
2860@y_name@DESC,store_product,True,False
2862@x_name@ASC,store_product,True,False
2862@x_name@DESC,store_product,True,False
2862@y_name@ASC,store_product,True,True
2862@y_name@DESC,store_product,True,True
2496@y_name@ASC,party_host,True,False
2496@y_name@DESC,party_host,True,False
2497@y_name@ASC,party_host,True,False
2497@y_name@DESC,party_host,True,False
2498@y_name@ASC,party_host,True,False
2498@y_name@DESC,party_host,True,False
2499@y_name@ASC,party_host,True,False
2499@y_name@DESC,party_host,True,False
2503@x_name@ASC,party_host,True,False
2503@x_name@DESC,party_host,True,False
2503@y_name@ASC,party_host,True,True
2503@y_name@DESC,party_host,True,True
2507@x_name@ASC,party_host,True,False
2507@x_name@DESC,party_host,True,False
2507@y_name@ASC,party_host,True,True
2507@y_name@DESC,party_host,True,True
2735@x_name@ASC,ship_1,True,False
2735@x_name@DESC,ship_1,True,False
2735@y_name@ASC,ship_1,True,False
2735@y_name@DESC,ship_1,True,False
2737@x_name@ASC,ship_1,True,False
2737@x_name@DESC,ship_1,True,False
2737@y_name@ASC,ship_1,True,False
2737@y_name@DESC,ship_1,True,False
2739@x_name@ASC,ship_1,True,False
2739@x_name@DESC,ship_1,True,False
2739@y_name@ASC,ship_1,True,True
2739@y_name@DESC,ship_1,True,True
2740@x_name@ASC,ship_1,True,False
2740@x_name@DESC,ship_1,True,False
2740@y_name@ASC,ship_1,True,True
2740@y_name@DESC,ship_1,True,True
2747@x_name@ASC,ship_1,True,False
2747@x_name@DESC,ship_1,True,False
2747@y_name@ASC,ship_1,True,True
2747@y_name@DESC,ship_1,True,True
2749@x_name@ASC,ship_1,True,False
2749@x_name@DESC,ship_1,True,False
2749@y_name@ASC,ship_1,True,False
2749@y_name@DESC,ship_1,True,False
2750@x_name@ASC,ship_1,True,False
2750@x_name@DESC,ship_1,True,False
2750@y_name@ASC,ship_1,True,True
2750@y_name@DESC,ship_1,True,True
2751@x_name@ASC,ship_1,True,False
2751@x_name@DESC,ship_1,True,False
2751@y_name@ASC,ship_1,True,True
2751@y_name@DESC,ship_1,True,True
2753@x_name@ASC,ship_1,True,False
2753@x_name@DESC,ship_1,True,False
2753@y_name@ASC,ship_1,True,True
2753@y_name@DESC,ship_1,True,True
2803@x_name@ASC,solvency_ii,True,False
2803@x_name@DESC,solvency_ii,True,False
2803@y_name@ASC,solvency_ii,True,True
2803@y_name@DESC,solvency_ii,True,True
2805@x_name@ASC,solvency_ii,True,False
2805@x_name@DESC,solvency_ii,True,False
2805@y_name@ASC,solvency_ii,True,False
2805@y_name@DESC,solvency_ii,True,False
2807@x_name@ASC,solvency_ii,True,False
2807@x_name@DESC,solvency_ii,True,False
2807@y_name@ASC,solvency_ii,True,True
2807@y_name@DESC,solvency_ii,True,True
2810@x_name@ASC,solvency_ii,True,False
2810@x_name@DESC,solvency_ii,True,False
2810@y_name@ASC,solvency_ii,True,True
2810@y_name@DESC,solvency_ii,True,True
2811@x_name@ASC,solvency_ii,True,False
2811@x_name@DESC,solvency_ii,True,False
2811@y_name@ASC,solvency_ii,True,True
2811@y_name@DESC,solvency_ii,True,True
2621@x_name@ASC,products_gen_characteristics,True,False
2621@x_name@DESC,products_gen_characteristics,True,False
2621@y_name@ASC,products_gen_characteristics,True,False
2621@y_name@DESC,products_gen_characteristics,True,False
1161@x_name@ASC,dog_kennels,True,False
1161@x_name@DESC,dog_kennels,True,False
1161@y_name@ASC,dog_kennels,True,True
1161@y_name@DESC,dog_kennels,True,True
1162@x_name@ASC,dog_kennels,True,False
1162@x_name@DESC,dog_kennels,True,False
1162@y_name@ASC,dog_kennels,True,True
1162@y_name@DESC,dog_kennels,True,True
1163@y_name@ASC,dog_kennels,True,True
1163@y_name@DESC,dog_kennels,True,True
1164@y_name@ASC,dog_kennels,True,True
1164@y_name@DESC,dog_kennels,True,True
1165@x_name@ASC,dog_kennels,True,False
1165@x_name@DESC,dog_kennels,True,False
1166@x_name@ASC,dog_kennels,True,False
1166@x_name@DESC,dog_kennels,True,False
1166@y_name@ASC,dog_kennels,True,True
1166@y_name@DESC,dog_kennels,True,True
1167@x_name@ASC,dog_kennels,True,False
1167@x_name@DESC,dog_kennels,True,False
1167@y_name@ASC,dog_kennels,True,False
1167@y_name@DESC,dog_kennels,True,False
1169@x_name@ASC,dog_kennels,True,False
1169@x_name@DESC,dog_kennels,True,False
1169@y_name@ASC,dog_kennels,True,False
1169@y_name@DESC,dog_kennels,True,False
1174@x_name@ASC,dog_kennels,True,False
1174@x_name@DESC,dog_kennels,True,False
1174@y_name@ASC,dog_kennels,True,True
1174@y_name@DESC,dog_kennels,True,True
1175@x_name@ASC,dog_kennels,True,False
1175@x_name@DESC,dog_kennels,True,False
1175@y_name@ASC,dog_kennels,True,False
1175@y_name@DESC,dog_kennels,True,False
1181@y_name@ASC,dog_kennels,True,True
1181@y_name@DESC,dog_kennels,True,True
1182@x_name@ASC,dog_kennels,True,False
1182@x_name@DESC,dog_kennels,True,False
1182@y_name@ASC,dog_kennels,True,True
1182@y_name@DESC,dog_kennels,True,True
1183@y_name@ASC,dog_kennels,True,False
1183@y_name@DESC,dog_kennels,True,False
1184@y_name@ASC,dog_kennels,True,True
1184@y_name@DESC,dog_kennels,True,True
1185@y_name@ASC,dog_kennels,True,True
1185@y_name@DESC,dog_kennels,True,True
1186@x_name@ASC,dog_kennels,True,False
1186@x_name@DESC,dog_kennels,True,False
1187@y_name@ASC,dog_kennels,True,True
1187@y_name@DESC,dog_kennels,True,True
1188@x_name@ASC,dog_kennels,True,False
1188@x_name@DESC,dog_kennels,True,False
1188@y_name@ASC,dog_kennels,True,True
1188@y_name@DESC,dog_kennels,True,True
1189@y_name@ASC,dog_kennels,True,False
1189@y_name@DESC,dog_kennels,True,False
1190@y_name@ASC,dog_kennels,True,True
1190@y_name@DESC,dog_kennels,True,True
1191@y_name@ASC,dog_kennels,True,True
1191@y_name@DESC,dog_kennels,True,True
1192@x_name@ASC,dog_kennels,True,False
1192@x_name@DESC,dog_kennels,True,False
1197@x_name@ASC,dog_kennels,True,False
1197@x_name@DESC,dog_kennels,True,False
1197@y_name@ASC,dog_kennels,True,True
1197@y_name@DESC,dog_kennels,True,True
1199@x_name@ASC,dog_kennels,True,False
1199@x_name@DESC,dog_kennels,True,False
1199@y_name@ASC,dog_kennels,True,True
1199@y_name@DESC,dog_kennels,True,True
1200@x_name@ASC,dog_kennels,True,False
1200@x_name@DESC,dog_kennels,True,False
1200@y_name@ASC,dog_kennels,True,True
1200@y_name@DESC,dog_kennels,True,True
1202@x_name@ASC,dog_kennels,True,False
1202@x_name@DESC,dog_kennels,True,False
1202@y_name@ASC,dog_kennels,True,True
1202@y_name@DESC,dog_kennels,True,True
1203@x_name@ASC,dog_kennels,True,False
1203@x_name@DESC,dog_kennels,True,False
1203@y_name@ASC,dog_kennels,True,True
1203@y_name@DESC,dog_kennels,True,True
1204@x_name@ASC,dog_kennels,True,False
1204@x_name@DESC,dog_kennels,True,False
1204@y_name@ASC,dog_kennels,True,True
1204@y_name@DESC,dog_kennels,True,True
2075@x_name@ASC,local_govt_and_lot,True,False
2075@x_name@DESC,local_govt_and_lot,True,False
2075@y_name@ASC,local_govt_and_lot,True,False
2075@y_name@DESC,local_govt_and_lot,True,False
2079@y_name@ASC,local_govt_and_lot,True,True
2079@y_name@DESC,local_govt_and_lot,True,True
2080@x_name@ASC,local_govt_and_lot,True,False
2080@x_name@DESC,local_govt_and_lot,True,False
2080@y_name@ASC,local_govt_and_lot,True,True
2080@y_name@DESC,local_govt_and_lot,True,True
2081@x_name@ASC,local_govt_and_lot,True,False
2081@x_name@DESC,local_govt_and_lot,True,False
2081@y_name@ASC,local_govt_and_lot,True,True
2081@y_name@DESC,local_govt_and_lot,True,True
2087@x_name@ASC,local_govt_and_lot,True,False
2087@x_name@DESC,local_govt_and_lot,True,False
2087@y_name@ASC,local_govt_and_lot,True,True
2087@y_name@DESC,local_govt_and_lot,True,True
2088@x_name@ASC,local_govt_and_lot,True,False
2088@x_name@DESC,local_govt_and_lot,True,False
2088@y_name@ASC,local_govt_and_lot,True,True
2088@y_name@DESC,local_govt_and_lot,True,True
2096@x_name@ASC,local_govt_and_lot,True,False
2096@x_name@DESC,local_govt_and_lot,True,False
2096@y_name@ASC,local_govt_and_lot,True,True
2096@y_name@DESC,local_govt_and_lot,True,True
2097@y_name@ASC,local_govt_and_lot,True,True
2097@y_name@DESC,local_govt_and_lot,True,True
2102@y_name@ASC,local_govt_and_lot,True,True
2102@y_name@DESC,local_govt_and_lot,True,True
2107@x_name@ASC,local_govt_and_lot,True,False
2107@x_name@DESC,local_govt_and_lot,True,False
2107@y_name@ASC,local_govt_and_lot,True,True
2107@y_name@DESC,local_govt_and_lot,True,True
2108@x_name@ASC,local_govt_and_lot,True,False
2108@x_name@DESC,local_govt_and_lot,True,False
2108@y_name@ASC,local_govt_and_lot,True,True
2108@y_name@DESC,local_govt_and_lot,True,True
2109@x_name@ASC,local_govt_and_lot,True,False
2109@x_name@DESC,local_govt_and_lot,True,False
2109@y_name@ASC,local_govt_and_lot,True,True
2109@y_name@DESC,local_govt_and_lot,True,True
2110@y_name@ASC,local_govt_and_lot,True,True
2110@y_name@DESC,local_govt_and_lot,True,True
2119@y_name@ASC,local_govt_and_lot,True,True
2119@y_name@DESC,local_govt_and_lot,True,True
901@x_name@ASC,culture_company,True,False
901@x_name@DESC,culture_company,True,False
901@y_name@ASC,culture_company,True,False
901@y_name@DESC,culture_company,True,False
907@x_name@ASC,culture_company,True,False
907@x_name@DESC,culture_company,True,False
907@y_name@ASC,culture_company,True,True
907@y_name@DESC,culture_company,True,True
32@x_name@ASC,aircraft,True,False
32@x_name@DESC,aircraft,True,False
32@y_name@ASC,aircraft,True,True
32@y_name@DESC,aircraft,True,True
34@x_name@ASC,aircraft,True,False
34@x_name@DESC,aircraft,True,False
34@y_name@ASC,aircraft,True,True
34@y_name@DESC,aircraft,True,True
36@x_name@ASC,aircraft,True,False
36@x_name@DESC,aircraft,True,False
36@y_name@ASC,aircraft,True,True
36@y_name@DESC,aircraft,True,True
3287@x_name@ASC,wta_1,True,False
3287@x_name@DESC,wta_1,True,False
3287@y_name@ASC,wta_1,True,True
3287@y_name@DESC,wta_1,True,True
3288@x_name@ASC,wta_1,True,False
3288@x_name@DESC,wta_1,True,False
3288@y_name@ASC,wta_1,True,True
3288@y_name@DESC,wta_1,True,True
3290@y_name@ASC,wta_1,True,True
3290@y_name@DESC,wta_1,True,True
3291@y_name@ASC,wta_1,True,True
3291@y_name@DESC,wta_1,True,True
443@x_name@ASC,cinema,True,False
443@x_name@DESC,cinema,True,False
443@y_name@ASC,cinema,True,True
443@y_name@DESC,cinema,True,True
445@x_name@ASC,cinema,True,False
445@x_name@DESC,cinema,True,False
445@y_name@ASC,cinema,True,True
445@y_name@DESC,cinema,True,True
447@x_name@ASC,cinema,True,False
447@x_name@DESC,cinema,True,False
447@y_name@ASC,cinema,True,False
447@y_name@DESC,cinema,True,False
448@x_name@ASC,cinema,True,False
448@x_name@DESC,cinema,True,False
448@y_name@ASC,cinema,True,True
448@y_name@DESC,cinema,True,True
449@x_name@ASC,cinema,True,False
449@x_name@DESC,cinema,True,False
449@y_name@ASC,cinema,True,True
449@y_name@DESC,cinema,True,True
451@x_name@ASC,cinema,True,False
451@x_name@DESC,cinema,True,False
451@y_name@ASC,cinema,True,True
451@y_name@DESC,cinema,True,True
453@x_name@ASC,cinema,True,False
453@x_name@DESC,cinema,True,False
453@y_name@ASC,cinema,True,True
453@y_name@DESC,cinema,True,True
455@x_name@ASC,cinema,True,False
455@x_name@DESC,cinema,True,False
455@y_name@ASC,cinema,True,True
455@y_name@DESC,cinema,True,True
458@x_name@ASC,cinema,True,False
458@x_name@DESC,cinema,True,False
458@y_name@ASC,cinema,True,True
458@y_name@DESC,cinema,True,True
459@x_name@ASC,cinema,True,False
459@x_name@DESC,cinema,True,False
459@y_name@ASC,cinema,True,True
459@y_name@DESC,cinema,True,True
460@x_name@ASC,cinema,True,False
460@x_name@DESC,cinema,True,False
460@y_name@ASC,cinema,True,True
460@y_name@DESC,cinema,True,True
463@x_name@ASC,cinema,True,False
463@x_name@DESC,cinema,True,False
463@y_name@ASC,cinema,True,True
463@y_name@DESC,cinema,True,True
464@x_name@ASC,cinema,True,False
464@x_name@DESC,cinema,True,False
464@y_name@ASC,cinema,True,True
464@y_name@DESC,cinema,True,True
465@x_name@ASC,cinema,True,False
465@x_name@DESC,cinema,True,False
465@y_name@ASC,cinema,True,True
465@y_name@DESC,cinema,True,True
466@x_name@ASC,cinema,True,False
466@x_name@DESC,cinema,True,False
468@x_name@ASC,cinema,True,False
468@x_name@DESC,cinema,True,False
468@y_name@ASC,cinema,True,True
468@y_name@DESC,cinema,True,True
469@x_name@ASC,cinema,True,False
469@x_name@DESC,cinema,True,False
469@y_name@ASC,cinema,True,True
469@y_name@DESC,cinema,True,True
470@x_name@ASC,cinema,True,False
470@x_name@DESC,cinema,True,False
471@x_name@ASC,cinema,True,False
471@x_name@DESC,cinema,True,False
474@x_name@ASC,cinema,True,False
474@x_name@DESC,cinema,True,False
474@y_name@ASC,cinema,True,True
474@y_name@DESC,cinema,True,True
479@x_name@ASC,cinema,True,False
479@x_name@DESC,cinema,True,False
479@y_name@ASC,cinema,True,True
479@y_name@DESC,cinema,True,True
1435@x_name@ASC,formula_1,True,False
1435@x_name@DESC,formula_1,True,False
1435@y_name@ASC,formula_1,True,False
1435@y_name@DESC,formula_1,True,False
1436@x_name@ASC,formula_1,True,False
1436@x_name@DESC,formula_1,True,False
1436@y_name@ASC,formula_1,True,False
1436@y_name@DESC,formula_1,True,False
1437@x_name@ASC,formula_1,True,False
1437@x_name@DESC,formula_1,True,False
1437@y_name@ASC,formula_1,True,False
1437@y_name@DESC,formula_1,True,False
1438@y_name@ASC,formula_1,True,False
1438@y_name@DESC,formula_1,True,False
1447@x_name@ASC,formula_1,True,False
1447@x_name@DESC,formula_1,True,False
1448@x_name@ASC,formula_1,True,False
1448@x_name@DESC,formula_1,True,False
1451@x_name@ASC,formula_1,True,False
1451@x_name@DESC,formula_1,True,False
1451@y_name@ASC,formula_1,True,False
1451@y_name@DESC,formula_1,True,False
1452@y_name@ASC,formula_1,True,False
1452@y_name@DESC,formula_1,True,False
1460@x_name@ASC,formula_1,True,False
1460@x_name@DESC,formula_1,True,False
1460@y_name@ASC,formula_1,True,False
1460@y_name@DESC,formula_1,True,False
3220@x_name@ASC,wine_1,True,False
3220@x_name@DESC,wine_1,True,False
3220@y_name@ASC,wine_1,True,True
3220@y_name@DESC,wine_1,True,True
3224@x_name@ASC,wine_1,True,False
3224@x_name@DESC,wine_1,True,False
3224@y_name@ASC,wine_1,True,True
3224@y_name@DESC,wine_1,True,True
3225@x_name@ASC,wine_1,True,False
3225@x_name@DESC,wine_1,True,False
3225@y_name@ASC,wine_1,True,True
3225@y_name@DESC,wine_1,True,True
3226@x_name@ASC,wine_1,True,False
3226@x_name@DESC,wine_1,True,False
3226@y_name@ASC,wine_1,True,False
3226@y_name@DESC,wine_1,True,False
3232@y_name@ASC,wine_1,True,False
3232@y_name@DESC,wine_1,True,False
3235@x_name@ASC,wine_1,True,False
3235@x_name@DESC,wine_1,True,False
3235@y_name@ASC,wine_1,True,False
3235@y_name@DESC,wine_1,True,False
3236@x_name@ASC,wine_1,True,False
3236@x_name@DESC,wine_1,True,False
3236@y_name@ASC,wine_1,True,False
3236@y_name@DESC,wine_1,True,False
3237@x_name@ASC,wine_1,True,False
3237@x_name@DESC,wine_1,True,False
3237@y_name@ASC,wine_1,True,True
3237@y_name@DESC,wine_1,True,True
3238@x_name@ASC,wine_1,True,False
3238@x_name@DESC,wine_1,True,False
3238@y_name@ASC,wine_1,True,True
3238@y_name@DESC,wine_1,True,True
3239@y_name@ASC,wine_1,True,True
3239@y_name@DESC,wine_1,True,True
3240@x_name@ASC,wine_1,True,False
3240@x_name@DESC,wine_1,True,False
3241@y_name@ASC,wine_1,True,True
3241@y_name@DESC,wine_1,True,True
3246@y_name@ASC,wine_1,True,True
3246@y_name@DESC,wine_1,True,True
3247@x_name@ASC,wine_1,True,False
3247@x_name@DESC,wine_1,True,False
3249@y_name@ASC,wine_1,True,False
3249@y_name@DESC,wine_1,True,False
3251@y_name@ASC,wine_1,True,False
3251@y_name@DESC,wine_1,True,False
3256@x_name@ASC,wine_1,True,False
3256@x_name@DESC,wine_1,True,False
1498@x_name@ASC,gas_company,True,False
1498@x_name@DESC,gas_company,True,False
1498@y_name@ASC,gas_company,True,True
1498@y_name@DESC,gas_company,True,True
1506@x_name@ASC,gas_company,True,False
1506@x_name@DESC,gas_company,True,False
1506@y_name@ASC,gas_company,True,False
1506@y_name@DESC,gas_company,True,False
1508@x_name@ASC,gas_company,True,False
1508@x_name@DESC,gas_company,True,False
1508@y_name@ASC,gas_company,True,True
1508@y_name@DESC,gas_company,True,True
1510@x_name@ASC,gas_company,True,False
1510@x_name@DESC,gas_company,True,False
1510@y_name@ASC,gas_company,True,False
1510@y_name@DESC,gas_company,True,False
1511@x_name@ASC,gas_company,True,False
1511@x_name@DESC,gas_company,True,False
1511@y_name@ASC,gas_company,True,True
1511@y_name@DESC,gas_company,True,True
1516@x_name@ASC,gas_company,True,False
1516@x_name@DESC,gas_company,True,False
1516@y_name@ASC,gas_company,True,True
1516@y_name@DESC,gas_company,True,True
1518@x_name@ASC,gas_company,True,False
1518@x_name@DESC,gas_company,True,False
1518@y_name@ASC,gas_company,True,True
1518@y_name@DESC,gas_company,True,True
2459@x_name@ASC,network_2,True,False
2459@x_name@DESC,network_2,True,False
2459@y_name@ASC,network_2,True,True
2459@y_name@DESC,network_2,True,True
2461@x_name@ASC,network_2,True,False
2461@x_name@DESC,network_2,True,False
2461@y_name@ASC,network_2,True,False
2461@y_name@DESC,network_2,True,False
2463@x_name@ASC,network_2,True,False
2463@x_name@DESC,network_2,True,False
2463@y_name@ASC,network_2,True,False
2463@y_name@DESC,network_2,True,False
2465@x_name@ASC,network_2,True,False
2465@x_name@DESC,network_2,True,False
2465@y_name@ASC,network_2,True,False
2465@y_name@DESC,network_2,True,False
2469@x_name@ASC,network_2,True,False
2469@x_name@DESC,network_2,True,False
2469@y_name@ASC,network_2,True,False
2469@y_name@DESC,network_2,True,False
2471@x_name@ASC,network_2,True,False
2471@x_name@DESC,network_2,True,False
2471@y_name@ASC,network_2,True,False
2471@y_name@DESC,network_2,True,False
2473@x_name@ASC,network_2,True,False
2473@x_name@DESC,network_2,True,False
2473@y_name@ASC,network_2,True,True
2473@y_name@DESC,network_2,True,True
2316@x_name@ASC,match_season,True,False
2316@x_name@DESC,match_season,True,False
2316@y_name@ASC,match_season,True,True
2316@y_name@DESC,match_season,True,True
2317@x_name@ASC,match_season,True,False
2317@x_name@DESC,match_season,True,False
2317@y_name@ASC,match_season,True,False
2317@y_name@DESC,match_season,True,False
2319@x_name@ASC,match_season,True,False
2319@x_name@DESC,match_season,True,False
2319@y_name@ASC,match_season,True,True
2319@y_name@DESC,match_season,True,True
2321@x_name@ASC,match_season,True,False
2321@x_name@DESC,match_season,True,False
2321@y_name@ASC,match_season,True,True
2321@y_name@DESC,match_season,True,True
2323@x_name@ASC,match_season,True,False
2323@x_name@DESC,match_season,True,False
2323@y_name@ASC,match_season,True,False
2323@y_name@DESC,match_season,True,False
2565@x_name@ASC,phone_1,True,False
2565@x_name@DESC,phone_1,True,False
2565@y_name@ASC,phone_1,True,False
2565@y_name@DESC,phone_1,True,False
2566@x_name@ASC,phone_1,True,False
2566@x_name@DESC,phone_1,True,False
2566@y_name@ASC,phone_1,True,False
2566@y_name@DESC,phone_1,True,False
2545@x_name@ASC,pets_1,True,False
2545@x_name@DESC,pets_1,True,False
2545@y_name@ASC,pets_1,True,True
2545@y_name@DESC,pets_1,True,True
2547@x_name@ASC,pets_1,True,False
2547@x_name@DESC,pets_1,True,False
2547@y_name@ASC,pets_1,True,False
2547@y_name@DESC,pets_1,True,False
2551@x_name@ASC,pets_1,True,False
2551@x_name@DESC,pets_1,True,False
2551@y_name@ASC,pets_1,True,False
2551@y_name@DESC,pets_1,True,False
2558@x_name@ASC,pets_1,True,False
2558@x_name@DESC,pets_1,True,False
2558@y_name@ASC,pets_1,True,False
2558@y_name@DESC,pets_1,True,False
2560@x_name@ASC,pets_1,True,False
2560@x_name@DESC,pets_1,True,False
2560@y_name@ASC,pets_1,True,True
2560@y_name@DESC,pets_1,True,True
2563@x_name@ASC,pets_1,True,False
2563@x_name@DESC,pets_1,True,False
2563@y_name@ASC,pets_1,True,True
2563@y_name@DESC,pets_1,True,True
2954@x_name@ASC,tracking_grants_for_research,True,False
2954@x_name@DESC,tracking_grants_for_research,True,False
2954@y_name@ASC,tracking_grants_for_research,True,True
2954@y_name@DESC,tracking_grants_for_research,True,True
2955@x_name@ASC,tracking_grants_for_research,True,False
2955@x_name@DESC,tracking_grants_for_research,True,False
2955@y_name@ASC,tracking_grants_for_research,True,True
2955@y_name@DESC,tracking_grants_for_research,True,True
2956@x_name@ASC,tracking_grants_for_research,True,False
2956@x_name@DESC,tracking_grants_for_research,True,False
2956@y_name@ASC,tracking_grants_for_research,True,True
2956@y_name@DESC,tracking_grants_for_research,True,True
2959@x_name@ASC,tracking_grants_for_research,True,False
2959@x_name@DESC,tracking_grants_for_research,True,False
2959@y_name@ASC,tracking_grants_for_research,True,True
2959@y_name@DESC,tracking_grants_for_research,True,True
2962@y_name@ASC,tracking_grants_for_research,True,True
2962@y_name@DESC,tracking_grants_for_research,True,True
2963@y_name@ASC,tracking_grants_for_research,True,True
2963@y_name@DESC,tracking_grants_for_research,True,True
2964@x_name@ASC,tracking_grants_for_research,True,False
2964@x_name@DESC,tracking_grants_for_research,True,False
2965@x_name@ASC,tracking_grants_for_research,True,False
2965@x_name@DESC,tracking_grants_for_research,True,False
2509@x_name@ASC,party_people,True,False
2509@x_name@DESC,party_people,True,False
2509@y_name@ASC,party_people,True,True
2509@y_name@DESC,party_people,True,True
2513@x_name@ASC,party_people,True,False
2513@x_name@DESC,party_people,True,False
2513@y_name@ASC,party_people,True,True
2513@y_name@DESC,party_people,True,True
2517@x_name@ASC,party_people,True,False
2517@x_name@DESC,party_people,True,False
2517@y_name@ASC,party_people,True,False
2517@y_name@DESC,party_people,True,False
2519@x_name@ASC,party_people,True,False
2519@x_name@DESC,party_people,True,False
2519@y_name@ASC,party_people,True,True
2519@y_name@DESC,party_people,True,True
2520@y_name@ASC,party_people,True,True
2520@y_name@DESC,party_people,True,True
2521@y_name@ASC,party_people,True,True
2521@y_name@DESC,party_people,True,True
2522@y_name@ASC,party_people,True,True
2522@y_name@DESC,party_people,True,True
2523@y_name@ASC,party_people,True,True
2523@y_name@DESC,party_people,True,True
2524@y_name@ASC,party_people,True,True
2524@y_name@DESC,party_people,True,True
2525@y_name@ASC,party_people,True,True
2525@y_name@DESC,party_people,True,True
2527@x_name@ASC,party_people,True,False
2527@x_name@DESC,party_people,True,False
2527@y_name@ASC,party_people,True,True
2527@y_name@DESC,party_people,True,True
1536@y_name@ASC,hr_1,True,False
1536@y_name@DESC,hr_1,True,False
1537@y_name@ASC,hr_1,True,False
1537@y_name@DESC,hr_1,True,False
1538@y_name@ASC,hr_1,True,False
1538@y_name@DESC,hr_1,True,False
1539@y_name@ASC,hr_1,True,False
1539@y_name@DESC,hr_1,True,False
1540@y_name@ASC,hr_1,True,False
1540@y_name@DESC,hr_1,True,False
1541@y_name@ASC,hr_1,True,False
1541@y_name@DESC,hr_1,True,False
1542@y_name@ASC,hr_1,True,False
1542@y_name@DESC,hr_1,True,False
1543@y_name@ASC,hr_1,True,False
1543@y_name@DESC,hr_1,True,False
1544@y_name@ASC,hr_1,True,False
1544@y_name@DESC,hr_1,True,False
1545@y_name@ASC,hr_1,True,False
1545@y_name@DESC,hr_1,True,False
1546@y_name@ASC,hr_1,True,False
1546@y_name@DESC,hr_1,True,False
1547@y_name@ASC,hr_1,True,False
1547@y_name@DESC,hr_1,True,False
1548@y_name@ASC,hr_1,True,False
1548@y_name@DESC,hr_1,True,False
1549@y_name@ASC,hr_1,True,False
1549@y_name@DESC,hr_1,True,False
1550@y_name@ASC,hr_1,True,False
1550@y_name@DESC,hr_1,True,False
1551@y_name@ASC,hr_1,True,False
1551@y_name@DESC,hr_1,True,False
1552@y_name@ASC,hr_1,True,False
1552@y_name@DESC,hr_1,True,False
1553@y_name@ASC,hr_1,True,False
1553@y_name@DESC,hr_1,True,False
1554@y_name@ASC,hr_1,True,False
1554@y_name@DESC,hr_1,True,False
1555@y_name@ASC,hr_1,True,False
1555@y_name@DESC,hr_1,True,False
1556@x_name@ASC,hr_1,True,False
1556@x_name@DESC,hr_1,True,False
1557@x_name@ASC,hr_1,True,False
1557@x_name@DESC,hr_1,True,False
1558@x_name@ASC,hr_1,True,False
1558@x_name@DESC,hr_1,True,False
1560@x_name@ASC,hr_1,True,False
1560@x_name@DESC,hr_1,True,False
1560@y_name@ASC,hr_1,True,False
1560@y_name@DESC,hr_1,True,False
1561@x_name@ASC,hr_1,True,False
1561@x_name@DESC,hr_1,True,False
1561@y_name@ASC,hr_1,True,False
1561@y_name@DESC,hr_1,True,False
1562@x_name@ASC,hr_1,True,False
1562@x_name@DESC,hr_1,True,False
1562@y_name@ASC,hr_1,True,False
1562@y_name@DESC,hr_1,True,False
1563@x_name@ASC,hr_1,True,False
1563@x_name@DESC,hr_1,True,False
1563@y_name@ASC,hr_1,True,False
1563@y_name@DESC,hr_1,True,False
1564@x_name@ASC,hr_1,True,False
1564@x_name@DESC,hr_1,True,False
1564@y_name@ASC,hr_1,True,False
1564@y_name@DESC,hr_1,True,False
1565@x_name@ASC,hr_1,True,False
1565@x_name@DESC,hr_1,True,False
1565@y_name@ASC,hr_1,True,False
1565@y_name@DESC,hr_1,True,False
1566@x_name@ASC,hr_1,True,False
1566@x_name@DESC,hr_1,True,False
1566@y_name@ASC,hr_1,True,False
1566@y_name@DESC,hr_1,True,False
1567@x_name@ASC,hr_1,True,False
1567@x_name@DESC,hr_1,True,False
1567@y_name@ASC,hr_1,True,False
1567@y_name@DESC,hr_1,True,False
1568@x_name@ASC,hr_1,True,False
1568@x_name@DESC,hr_1,True,False
1568@y_name@ASC,hr_1,True,False
1568@y_name@DESC,hr_1,True,False
1578@x_name@ASC,hr_1,True,False
1578@x_name@DESC,hr_1,True,False
1579@x_name@ASC,hr_1,True,False
1579@x_name@DESC,hr_1,True,False
1580@y_name@ASC,hr_1,True,False
1580@y_name@DESC,hr_1,True,False
1581@y_name@ASC,hr_1,True,False
1581@y_name@DESC,hr_1,True,False
1582@y_name@ASC,hr_1,True,False
1582@y_name@DESC,hr_1,True,False
1583@y_name@ASC,hr_1,True,False
1583@y_name@DESC,hr_1,True,False
1584@y_name@ASC,hr_1,True,False
1584@y_name@DESC,hr_1,True,False
1585@y_name@ASC,hr_1,True,False
1585@y_name@DESC,hr_1,True,False
1586@y_name@ASC,hr_1,True,False
1586@y_name@DESC,hr_1,True,False
1587@y_name@ASC,hr_1,True,False
1587@y_name@DESC,hr_1,True,False
1588@y_name@ASC,hr_1,True,False
1588@y_name@DESC,hr_1,True,False
1589@y_name@ASC,hr_1,True,False
1589@y_name@DESC,hr_1,True,False
1590@y_name@ASC,hr_1,True,False
1590@y_name@DESC,hr_1,True,False
1591@y_name@ASC,hr_1,True,False
1591@y_name@DESC,hr_1,True,False
1592@y_name@ASC,hr_1,True,False
1592@y_name@DESC,hr_1,True,False
1593@y_name@ASC,hr_1,True,False
1593@y_name@DESC,hr_1,True,False
1594@y_name@ASC,hr_1,True,False
1594@y_name@DESC,hr_1,True,False
1595@y_name@ASC,hr_1,True,False
1595@y_name@DESC,hr_1,True,False
1596@y_name@ASC,hr_1,True,False
1596@y_name@DESC,hr_1,True,False
1597@y_name@ASC,hr_1,True,False
1597@y_name@DESC,hr_1,True,False
1598@x_name@ASC,hr_1,True,False
1598@x_name@DESC,hr_1,True,False
1599@x_name@ASC,hr_1,True,False
1599@x_name@DESC,hr_1,True,False
1600@x_name@ASC,hr_1,True,False
1600@x_name@DESC,hr_1,True,False
1600@y_name@ASC,hr_1,True,False
1600@y_name@DESC,hr_1,True,False
1601@x_name@ASC,hr_1,True,False
1601@x_name@DESC,hr_1,True,False
1601@y_name@ASC,hr_1,True,False
1601@y_name@DESC,hr_1,True,False
1602@x_name@ASC,hr_1,True,False
1602@x_name@DESC,hr_1,True,False
1602@y_name@ASC,hr_1,True,False
1602@y_name@DESC,hr_1,True,False
1603@x_name@ASC,hr_1,True,False
1603@x_name@DESC,hr_1,True,False
1603@y_name@ASC,hr_1,True,False
1603@y_name@DESC,hr_1,True,False
1604@x_name@ASC,hr_1,True,False
1604@x_name@DESC,hr_1,True,False
1604@y_name@ASC,hr_1,True,False
1604@y_name@DESC,hr_1,True,False
1605@x_name@ASC,hr_1,True,False
1605@x_name@DESC,hr_1,True,False
1605@y_name@ASC,hr_1,True,False
1605@y_name@DESC,hr_1,True,False
1606@x_name@ASC,hr_1,True,False
1606@x_name@DESC,hr_1,True,False
1606@y_name@ASC,hr_1,True,False
1606@y_name@DESC,hr_1,True,False
1607@x_name@ASC,hr_1,True,False
1607@x_name@DESC,hr_1,True,False
1607@y_name@ASC,hr_1,True,False
1607@y_name@DESC,hr_1,True,False
1609@x_name@ASC,hr_1,True,False
1609@x_name@DESC,hr_1,True,False
1609@y_name@ASC,hr_1,True,False
1609@y_name@DESC,hr_1,True,False
1616@x_name@ASC,hr_1,True,False
1616@x_name@DESC,hr_1,True,False
1617@x_name@ASC,hr_1,True,False
1617@x_name@DESC,hr_1,True,False
1621@x_name@ASC,hr_1,True,False
1621@x_name@DESC,hr_1,True,False
1622@y_name@ASC,hr_1,True,False
1622@y_name@DESC,hr_1,True,False
1623@y_name@ASC,hr_1,True,False
1623@y_name@DESC,hr_1,True,False
1624@x_name@ASC,hr_1,True,False
1624@x_name@DESC,hr_1,True,False
1624@y_name@ASC,hr_1,True,True
1624@y_name@DESC,hr_1,True,True
1625@x_name@ASC,hr_1,True,False
1625@x_name@DESC,hr_1,True,False
1625@y_name@ASC,hr_1,True,True
1625@y_name@DESC,hr_1,True,True
1626@x_name@ASC,hr_1,True,False
1626@x_name@DESC,hr_1,True,False
1626@y_name@ASC,hr_1,True,True
1626@y_name@DESC,hr_1,True,True
1627@x_name@ASC,hr_1,True,False
1627@x_name@DESC,hr_1,True,False
1627@y_name@ASC,hr_1,True,False
1627@y_name@DESC,hr_1,True,False
1630@x_name@ASC,hr_1,True,False
1630@x_name@DESC,hr_1,True,False
1630@y_name@ASC,hr_1,True,False
1630@y_name@DESC,hr_1,True,False
1632@x_name@ASC,hr_1,True,False
1632@x_name@DESC,hr_1,True,False
1632@y_name@ASC,hr_1,True,True
1632@y_name@DESC,hr_1,True,True
1643@y_name@ASC,hr_1,True,False
1643@y_name@DESC,hr_1,True,False
1644@y_name@ASC,hr_1,True,False
1644@y_name@DESC,hr_1,True,False
1645@y_name@ASC,hr_1,True,False
1645@y_name@DESC,hr_1,True,False
1646@y_name@ASC,hr_1,True,False
1646@y_name@DESC,hr_1,True,False
1647@y_name@ASC,hr_1,True,False
1647@y_name@DESC,hr_1,True,False
1648@y_name@ASC,hr_1,True,False
1648@y_name@DESC,hr_1,True,False
1649@y_name@ASC,hr_1,True,False
1649@y_name@DESC,hr_1,True,False
1650@y_name@ASC,hr_1,True,False
1650@y_name@DESC,hr_1,True,False
1651@y_name@ASC,hr_1,True,False
1651@y_name@DESC,hr_1,True,False
1652@y_name@ASC,hr_1,True,False
1652@y_name@DESC,hr_1,True,False
1653@x_name@ASC,hr_1,True,False
1653@x_name@DESC,hr_1,True,False
1654@x_name@ASC,hr_1,True,False
1654@x_name@DESC,hr_1,True,False
1655@y_name@ASC,hr_1,True,False
1655@y_name@DESC,hr_1,True,False
1656@y_name@ASC,hr_1,True,False
1656@y_name@DESC,hr_1,True,False
1657@y_name@ASC,hr_1,True,False
1657@y_name@DESC,hr_1,True,False
1658@y_name@ASC,hr_1,True,False
1658@y_name@DESC,hr_1,True,False
1659@y_name@ASC,hr_1,True,False
1659@y_name@DESC,hr_1,True,False
1660@y_name@ASC,hr_1,True,False
1660@y_name@DESC,hr_1,True,False
1661@y_name@ASC,hr_1,True,False
1661@y_name@DESC,hr_1,True,False
1662@y_name@ASC,hr_1,True,False
1662@y_name@DESC,hr_1,True,False
1663@x_name@ASC,hr_1,True,False
1663@x_name@DESC,hr_1,True,False
1670@x_name@ASC,hr_1,True,False
1670@x_name@DESC,hr_1,True,False
1670@y_name@ASC,hr_1,True,False
1670@y_name@DESC,hr_1,True,False
1671@x_name@ASC,hr_1,True,False
1671@x_name@DESC,hr_1,True,False
1671@y_name@ASC,hr_1,True,False
1671@y_name@DESC,hr_1,True,False
1672@x_name@ASC,hr_1,True,False
1672@x_name@DESC,hr_1,True,False
1672@y_name@ASC,hr_1,True,False
1672@y_name@DESC,hr_1,True,False
1673@x_name@ASC,hr_1,True,False
1673@x_name@DESC,hr_1,True,False
1673@y_name@ASC,hr_1,True,False
1673@y_name@DESC,hr_1,True,False
1674@x_name@ASC,hr_1,True,False
1674@x_name@DESC,hr_1,True,False
1674@y_name@ASC,hr_1,True,False
1674@y_name@DESC,hr_1,True,False
1675@x_name@ASC,hr_1,True,False
1675@x_name@DESC,hr_1,True,False
1675@y_name@ASC,hr_1,True,False
1675@y_name@DESC,hr_1,True,False
1676@x_name@ASC,hr_1,True,False
1676@x_name@DESC,hr_1,True,False
1676@y_name@ASC,hr_1,True,False
1676@y_name@DESC,hr_1,True,False
1677@x_name@ASC,hr_1,True,False
1677@x_name@DESC,hr_1,True,False
1677@y_name@ASC,hr_1,True,False
1677@y_name@DESC,hr_1,True,False
1678@x_name@ASC,hr_1,True,False
1678@x_name@DESC,hr_1,True,False
1678@y_name@ASC,hr_1,True,False
1678@y_name@DESC,hr_1,True,False
1679@x_name@ASC,hr_1,True,False
1679@x_name@DESC,hr_1,True,False
1679@y_name@ASC,hr_1,True,False
1679@y_name@DESC,hr_1,True,False
1680@x_name@ASC,hr_1,True,False
1680@x_name@DESC,hr_1,True,False
1680@y_name@ASC,hr_1,True,False
1680@y_name@DESC,hr_1,True,False
1681@x_name@ASC,hr_1,True,False
1681@x_name@DESC,hr_1,True,False
1681@y_name@ASC,hr_1,True,False
1681@y_name@DESC,hr_1,True,False
1682@x_name@ASC,hr_1,True,False
1682@x_name@DESC,hr_1,True,False
1682@y_name@ASC,hr_1,True,False
1682@y_name@DESC,hr_1,True,False
1683@x_name@ASC,hr_1,True,False
1683@x_name@DESC,hr_1,True,False
1683@y_name@ASC,hr_1,True,False
1683@y_name@DESC,hr_1,True,False
1684@x_name@ASC,hr_1,True,False
1684@x_name@DESC,hr_1,True,False
1684@y_name@ASC,hr_1,True,False
1684@y_name@DESC,hr_1,True,False
1685@x_name@ASC,hr_1,True,False
1685@x_name@DESC,hr_1,True,False
1685@y_name@ASC,hr_1,True,False
1685@y_name@DESC,hr_1,True,False
1686@x_name@ASC,hr_1,True,False
1686@x_name@DESC,hr_1,True,False
1686@y_name@ASC,hr_1,True,False
1686@y_name@DESC,hr_1,True,False
1687@x_name@ASC,hr_1,True,False
1687@x_name@DESC,hr_1,True,False
1687@y_name@ASC,hr_1,True,False
1687@y_name@DESC,hr_1,True,False
1688@x_name@ASC,hr_1,True,False
1688@x_name@DESC,hr_1,True,False
1688@y_name@ASC,hr_1,True,False
1688@y_name@DESC,hr_1,True,False
1689@x_name@ASC,hr_1,True,False
1689@x_name@DESC,hr_1,True,False
1689@y_name@ASC,hr_1,True,False
1689@y_name@DESC,hr_1,True,False
1692@x_name@ASC,hr_1,True,False
1692@x_name@DESC,hr_1,True,False
1692@y_name@ASC,hr_1,True,False
1692@y_name@DESC,hr_1,True,False
1693@x_name@ASC,hr_1,True,False
1693@x_name@DESC,hr_1,True,False
1693@y_name@ASC,hr_1,True,False
1693@y_name@DESC,hr_1,True,False
1694@x_name@ASC,hr_1,True,False
1694@x_name@DESC,hr_1,True,False
1694@y_name@ASC,hr_1,True,False
1694@y_name@DESC,hr_1,True,False
1695@x_name@ASC,hr_1,True,False
1695@x_name@DESC,hr_1,True,False
1695@y_name@ASC,hr_1,True,False
1695@y_name@DESC,hr_1,True,False
1696@x_name@ASC,hr_1,True,False
1696@x_name@DESC,hr_1,True,False
1697@x_name@ASC,hr_1,True,False
1697@x_name@DESC,hr_1,True,False
1698@x_name@ASC,hr_1,True,False
1698@x_name@DESC,hr_1,True,False
1698@y_name@ASC,hr_1,True,False
1698@y_name@DESC,hr_1,True,False
1702@x_name@ASC,hr_1,True,False
1702@x_name@DESC,hr_1,True,False
1702@y_name@ASC,hr_1,True,False
1702@y_name@DESC,hr_1,True,False
1703@x_name@ASC,hr_1,True,False
1703@x_name@DESC,hr_1,True,False
1703@y_name@ASC,hr_1,True,False
1703@y_name@DESC,hr_1,True,False
1710@y_name@ASC,hr_1,True,False
1710@y_name@DESC,hr_1,True,False
1711@y_name@ASC,hr_1,True,False
1711@y_name@DESC,hr_1,True,False
1712@y_name@ASC,hr_1,True,False
1712@y_name@DESC,hr_1,True,False
1713@y_name@ASC,hr_1,True,False
1713@y_name@DESC,hr_1,True,False
1714@y_name@ASC,hr_1,True,False
1714@y_name@DESC,hr_1,True,False
1715@y_name@ASC,hr_1,True,False
1715@y_name@DESC,hr_1,True,False
1716@y_name@ASC,hr_1,True,False
1716@y_name@DESC,hr_1,True,False
1717@y_name@ASC,hr_1,True,False
1717@y_name@DESC,hr_1,True,False
1718@y_name@ASC,hr_1,True,False
1718@y_name@DESC,hr_1,True,False
1719@y_name@ASC,hr_1,True,False
1719@y_name@DESC,hr_1,True,False
1720@y_name@ASC,hr_1,True,False
1720@y_name@DESC,hr_1,True,False
1721@y_name@ASC,hr_1,True,False
1721@y_name@DESC,hr_1,True,False
1722@y_name@ASC,hr_1,True,False
1722@y_name@DESC,hr_1,True,False
1723@y_name@ASC,hr_1,True,False
1723@y_name@DESC,hr_1,True,False
1724@y_name@ASC,hr_1,True,False
1724@y_name@DESC,hr_1,True,False
1725@y_name@ASC,hr_1,True,False
1725@y_name@DESC,hr_1,True,False
1726@y_name@ASC,hr_1,True,False
1726@y_name@DESC,hr_1,True,False
1727@y_name@ASC,hr_1,True,False
1727@y_name@DESC,hr_1,True,False
1728@x_name@ASC,hr_1,True,False
1728@x_name@DESC,hr_1,True,False
1729@x_name@ASC,hr_1,True,False
1729@x_name@DESC,hr_1,True,False
1730@x_name@ASC,hr_1,True,False
1730@x_name@DESC,hr_1,True,False
1730@y_name@ASC,hr_1,True,False
1730@y_name@DESC,hr_1,True,False
1731@x_name@ASC,hr_1,True,False
1731@x_name@DESC,hr_1,True,False
1731@y_name@ASC,hr_1,True,False
1731@y_name@DESC,hr_1,True,False
1732@x_name@ASC,hr_1,True,False
1732@x_name@DESC,hr_1,True,False
1732@y_name@ASC,hr_1,True,False
1732@y_name@DESC,hr_1,True,False
1733@x_name@ASC,hr_1,True,False
1733@x_name@DESC,hr_1,True,False
1733@y_name@ASC,hr_1,True,False
1733@y_name@DESC,hr_1,True,False
1734@x_name@ASC,hr_1,True,False
1734@x_name@DESC,hr_1,True,False
1734@y_name@ASC,hr_1,True,False
1734@y_name@DESC,hr_1,True,False
1735@x_name@ASC,hr_1,True,False
1735@x_name@DESC,hr_1,True,False
1735@y_name@ASC,hr_1,True,False
1735@y_name@DESC,hr_1,True,False
1736@x_name@ASC,hr_1,True,False
1736@x_name@DESC,hr_1,True,False
1736@y_name@ASC,hr_1,True,False
1736@y_name@DESC,hr_1,True,False
1737@x_name@ASC,hr_1,True,False
1737@x_name@DESC,hr_1,True,False
1737@y_name@ASC,hr_1,True,False
1737@y_name@DESC,hr_1,True,False
1739@x_name@ASC,hr_1,True,False
1739@x_name@DESC,hr_1,True,False
1739@y_name@ASC,hr_1,True,False
1739@y_name@DESC,hr_1,True,False
1746@x_name@ASC,hr_1,True,False
1746@x_name@DESC,hr_1,True,False
1747@x_name@ASC,hr_1,True,False
1747@x_name@DESC,hr_1,True,False
1751@x_name@ASC,hr_1,True,False
1751@x_name@DESC,hr_1,True,False
1754@y_name@ASC,hr_1,True,False
1754@y_name@DESC,hr_1,True,False
1755@y_name@ASC,hr_1,True,False
1755@y_name@DESC,hr_1,True,False
1756@y_name@ASC,hr_1,True,False
1756@y_name@DESC,hr_1,True,False
1757@y_name@ASC,hr_1,True,False
1757@y_name@DESC,hr_1,True,False
1758@y_name@ASC,hr_1,True,False
1758@y_name@DESC,hr_1,True,False
1759@y_name@ASC,hr_1,True,False
1759@y_name@DESC,hr_1,True,False
1760@y_name@ASC,hr_1,True,False
1760@y_name@DESC,hr_1,True,False
1761@y_name@ASC,hr_1,True,False
1761@y_name@DESC,hr_1,True,False
1762@y_name@ASC,hr_1,True,False
1762@y_name@DESC,hr_1,True,False
1763@y_name@ASC,hr_1,True,False
1763@y_name@DESC,hr_1,True,False
1764@y_name@ASC,hr_1,True,False
1764@y_name@DESC,hr_1,True,False
1765@y_name@ASC,hr_1,True,False
1765@y_name@DESC,hr_1,True,False
1766@y_name@ASC,hr_1,True,False
1766@y_name@DESC,hr_1,True,False
1767@y_name@ASC,hr_1,True,False
1767@y_name@DESC,hr_1,True,False
1768@y_name@ASC,hr_1,True,False
1768@y_name@DESC,hr_1,True,False
1769@y_name@ASC,hr_1,True,False
1769@y_name@DESC,hr_1,True,False
1770@y_name@ASC,hr_1,True,False
1770@y_name@DESC,hr_1,True,False
1771@y_name@ASC,hr_1,True,False
1771@y_name@DESC,hr_1,True,False
1772@x_name@ASC,hr_1,True,False
1772@x_name@DESC,hr_1,True,False
1773@x_name@ASC,hr_1,True,False
1773@x_name@DESC,hr_1,True,False
1774@x_name@ASC,hr_1,True,False
1774@x_name@DESC,hr_1,True,False
1774@y_name@ASC,hr_1,True,False
1774@y_name@DESC,hr_1,True,False
1775@x_name@ASC,hr_1,True,False
1775@x_name@DESC,hr_1,True,False
1775@y_name@ASC,hr_1,True,False
1775@y_name@DESC,hr_1,True,False
1776@x_name@ASC,hr_1,True,False
1776@x_name@DESC,hr_1,True,False
1776@y_name@ASC,hr_1,True,False
1776@y_name@DESC,hr_1,True,False
1777@x_name@ASC,hr_1,True,False
1777@x_name@DESC,hr_1,True,False
1777@y_name@ASC,hr_1,True,False
1777@y_name@DESC,hr_1,True,False
1778@x_name@ASC,hr_1,True,False
1778@x_name@DESC,hr_1,True,False
1778@y_name@ASC,hr_1,True,False
1778@y_name@DESC,hr_1,True,False
1779@x_name@ASC,hr_1,True,False
1779@x_name@DESC,hr_1,True,False
1779@y_name@ASC,hr_1,True,False
1779@y_name@DESC,hr_1,True,False
1780@x_name@ASC,hr_1,True,False
1780@x_name@DESC,hr_1,True,False
1780@y_name@ASC,hr_1,True,False
1780@y_name@DESC,hr_1,True,False
1781@x_name@ASC,hr_1,True,False
1781@x_name@DESC,hr_1,True,False
1781@y_name@ASC,hr_1,True,False
1781@y_name@DESC,hr_1,True,False
1783@x_name@ASC,hr_1,True,False
1783@x_name@DESC,hr_1,True,False
1783@y_name@ASC,hr_1,True,False
1783@y_name@DESC,hr_1,True,False
1790@x_name@ASC,hr_1,True,False
1790@x_name@DESC,hr_1,True,False
1791@x_name@ASC,hr_1,True,False
1791@x_name@DESC,hr_1,True,False
1795@x_name@ASC,hr_1,True,False
1795@x_name@DESC,hr_1,True,False
1797@x_name@ASC,hr_1,True,False
1797@x_name@DESC,hr_1,True,False
1797@y_name@ASC,hr_1,True,True
1797@y_name@DESC,hr_1,True,True
1800@x_name@ASC,hr_1,True,False
1800@x_name@DESC,hr_1,True,False
1800@y_name@ASC,hr_1,True,True
1800@y_name@DESC,hr_1,True,True
1802@x_name@ASC,hr_1,True,False
1802@x_name@DESC,hr_1,True,False
1802@y_name@ASC,hr_1,True,False
1802@y_name@DESC,hr_1,True,False
1803@x_name@ASC,hr_1,True,False
1803@x_name@DESC,hr_1,True,False
1803@y_name@ASC,hr_1,True,False
1803@y_name@DESC,hr_1,True,False
1804@x_name@ASC,hr_1,True,False
1804@x_name@DESC,hr_1,True,False
1804@y_name@ASC,hr_1,True,False
1804@y_name@DESC,hr_1,True,False
1806@x_name@ASC,hr_1,True,False
1806@x_name@DESC,hr_1,True,False
1806@y_name@ASC,hr_1,True,False
1806@y_name@DESC,hr_1,True,False
1822@x_name@ASC,hr_1,True,False
1822@x_name@DESC,hr_1,True,False
1827@y_name@ASC,hr_1,True,False
1827@y_name@DESC,hr_1,True,False
1828@y_name@ASC,hr_1,True,False
1828@y_name@DESC,hr_1,True,False
1831@y_name@ASC,hr_1,True,False
1831@y_name@DESC,hr_1,True,False
1832@y_name@ASC,hr_1,True,False
1832@y_name@DESC,hr_1,True,False
1835@x_name@ASC,hr_1,True,False
1835@x_name@DESC,hr_1,True,False
1838@y_name@ASC,hr_1,True,True
1838@y_name@DESC,hr_1,True,True
1839@y_name@ASC,hr_1,True,True
1839@y_name@DESC,hr_1,True,True
1842@y_name@ASC,hr_1,True,True
1842@y_name@DESC,hr_1,True,True
1843@y_name@ASC,hr_1,True,True
1843@y_name@DESC,hr_1,True,True
1856@y_name@ASC,hr_1,True,True
1856@y_name@DESC,hr_1,True,True
1857@y_name@ASC,hr_1,True,True
1857@y_name@DESC,hr_1,True,True
1869@x_name@ASC,hr_1,True,False
1869@x_name@DESC,hr_1,True,False
1896@x_name@ASC,hr_1,True,False
1896@x_name@DESC,hr_1,True,False
1896@y_name@ASC,hr_1,True,True
1896@y_name@DESC,hr_1,True,True
1897@x_name@ASC,hr_1,True,False
1897@x_name@DESC,hr_1,True,False
1897@y_name@ASC,hr_1,True,True
1897@y_name@DESC,hr_1,True,True
1898@x_name@ASC,hr_1,True,False
1898@x_name@DESC,hr_1,True,False
1898@y_name@ASC,hr_1,True,True
1898@y_name@DESC,hr_1,True,True
1899@x_name@ASC,hr_1,True,False
1899@x_name@DESC,hr_1,True,False
1899@y_name@ASC,hr_1,True,True
1899@y_name@DESC,hr_1,True,True
1900@x_name@ASC,hr_1,True,False
1900@x_name@DESC,hr_1,True,False
1900@y_name@ASC,hr_1,True,False
1900@y_name@DESC,hr_1,True,False
1901@x_name@ASC,hr_1,True,False
1901@x_name@DESC,hr_1,True,False
1901@y_name@ASC,hr_1,True,False
1901@y_name@DESC,hr_1,True,False
1902@x_name@ASC,hr_1,True,False
1902@x_name@DESC,hr_1,True,False
1902@y_name@ASC,hr_1,True,True
1902@y_name@DESC,hr_1,True,True
1903@x_name@ASC,hr_1,True,False
1903@x_name@DESC,hr_1,True,False
1903@y_name@ASC,hr_1,True,True
1903@y_name@DESC,hr_1,True,True
1904@x_name@ASC,hr_1,True,False
1904@x_name@DESC,hr_1,True,False
1904@y_name@ASC,hr_1,True,True
1904@y_name@DESC,hr_1,True,True
1905@x_name@ASC,hr_1,True,False
1905@x_name@DESC,hr_1,True,False
1905@y_name@ASC,hr_1,True,True
1905@y_name@DESC,hr_1,True,True
1906@x_name@ASC,hr_1,True,False
1906@x_name@DESC,hr_1,True,False
1906@y_name@ASC,hr_1,True,True
1906@y_name@DESC,hr_1,True,True
1907@x_name@ASC,hr_1,True,False
1907@x_name@DESC,hr_1,True,False
1907@y_name@ASC,hr_1,True,True
1907@y_name@DESC,hr_1,True,True
1908@x_name@ASC,hr_1,True,False
1908@x_name@DESC,hr_1,True,False
1908@y_name@ASC,hr_1,True,False
1908@y_name@DESC,hr_1,True,False
1909@x_name@ASC,hr_1,True,False
1909@x_name@DESC,hr_1,True,False
1909@y_name@ASC,hr_1,True,True
1909@y_name@DESC,hr_1,True,True
1910@x_name@ASC,hr_1,True,False
1910@x_name@DESC,hr_1,True,False
1910@y_name@ASC,hr_1,True,True
1910@y_name@DESC,hr_1,True,True
1931@x_name@ASC,hr_1,True,False
1931@x_name@DESC,hr_1,True,False
1931@y_name@ASC,hr_1,True,False
1931@y_name@DESC,hr_1,True,False
1953@y_name@ASC,hr_1,True,False
1953@y_name@DESC,hr_1,True,False
1954@y_name@ASC,hr_1,True,False
1954@y_name@DESC,hr_1,True,False
1956@x_name@ASC,hr_1,True,False
1956@x_name@DESC,hr_1,True,False
1956@y_name@ASC,hr_1,True,False
1956@y_name@DESC,hr_1,True,False
1962@x_name@ASC,hr_1,True,False
1962@x_name@DESC,hr_1,True,False
1962@y_name@ASC,hr_1,True,False
1962@y_name@DESC,hr_1,True,False
1963@x_name@ASC,hr_1,True,False
1963@x_name@DESC,hr_1,True,False
1963@y_name@ASC,hr_1,True,True
1963@y_name@DESC,hr_1,True,True
2726@x_name@ASC,scientist_1,True,False
2726@x_name@DESC,scientist_1,True,False
2726@y_name@ASC,scientist_1,True,False
2726@y_name@DESC,scientist_1,True,False
2731@x_name@ASC,scientist_1,True,False
2731@x_name@DESC,scientist_1,True,False
2731@y_name@ASC,scientist_1,True,True
2731@y_name@DESC,scientist_1,True,True
2733@x_name@ASC,scientist_1,True,False
2733@x_name@DESC,scientist_1,True,False
2733@y_name@ASC,scientist_1,True,False
2733@y_name@DESC,scientist_1,True,False
676@x_name@ASC,college_3,True,False
676@x_name@DESC,college_3,True,False
676@y_name@ASC,college_3,True,False
676@y_name@DESC,college_3,True,False
733@x_name@ASC,cre_Doc_Template_Mgt,True,False
733@x_name@DESC,cre_Doc_Template_Mgt,True,False
733@y_name@ASC,cre_Doc_Template_Mgt,True,True
733@y_name@DESC,cre_Doc_Template_Mgt,True,True
744@x_name@ASC,cre_Doc_Template_Mgt,True,False
744@x_name@DESC,cre_Doc_Template_Mgt,True,False
744@y_name@ASC,cre_Doc_Template_Mgt,True,True
744@y_name@DESC,cre_Doc_Template_Mgt,True,True
748@x_name@ASC,cre_Doc_Template_Mgt,True,False
748@x_name@DESC,cre_Doc_Template_Mgt,True,False
748@y_name@ASC,cre_Doc_Template_Mgt,True,False
748@y_name@DESC,cre_Doc_Template_Mgt,True,False
751@x_name@ASC,cre_Doc_Template_Mgt,True,False
751@x_name@DESC,cre_Doc_Template_Mgt,True,False
751@y_name@ASC,cre_Doc_Template_Mgt,True,True
751@y_name@DESC,cre_Doc_Template_Mgt,True,True
753@x_name@ASC,cre_Doc_Template_Mgt,True,False
753@x_name@DESC,cre_Doc_Template_Mgt,True,False
753@y_name@ASC,cre_Doc_Template_Mgt,True,True
753@y_name@DESC,cre_Doc_Template_Mgt,True,True
754@x_name@ASC,cre_Doc_Template_Mgt,True,False
754@x_name@DESC,cre_Doc_Template_Mgt,True,False
754@y_name@ASC,cre_Doc_Template_Mgt,True,False
754@y_name@DESC,cre_Doc_Template_Mgt,True,False
763@x_name@ASC,cre_Doc_Template_Mgt,True,False
763@x_name@DESC,cre_Doc_Template_Mgt,True,False
763@y_name@ASC,cre_Doc_Template_Mgt,True,True
763@y_name@DESC,cre_Doc_Template_Mgt,True,True
2623@x_name@ASC,program_share,True,False
2623@x_name@DESC,program_share,True,False
2623@y_name@ASC,program_share,True,True
2623@y_name@DESC,program_share,True,True
2625@x_name@ASC,program_share,True,False
2625@x_name@DESC,program_share,True,False
2625@y_name@ASC,program_share,True,True
2625@y_name@DESC,program_share,True,True
609@x_name@ASC,college_2,True,False
609@x_name@DESC,college_2,True,False
609@y_name@ASC,college_2,True,False
609@y_name@DESC,college_2,True,False
611@x_name@ASC,college_2,True,False
611@x_name@DESC,college_2,True,False
612@x_name@ASC,college_2,True,False
612@x_name@DESC,college_2,True,False
619@x_name@ASC,college_2,True,False
619@x_name@DESC,college_2,True,False
619@y_name@ASC,college_2,True,False
619@y_name@DESC,college_2,True,False
620@x_name@ASC,college_2,True,False
620@x_name@DESC,college_2,True,False
620@y_name@ASC,college_2,True,False
620@y_name@DESC,college_2,True,False
621@x_name@ASC,college_2,True,False
621@x_name@DESC,college_2,True,False
621@y_name@ASC,college_2,True,True
621@y_name@DESC,college_2,True,True
623@x_name@ASC,college_2,True,False
623@x_name@DESC,college_2,True,False
623@y_name@ASC,college_2,True,False
623@y_name@DESC,college_2,True,False
624@x_name@ASC,college_2,True,False
624@x_name@DESC,college_2,True,False
624@y_name@ASC,college_2,True,True
624@y_name@DESC,college_2,True,True
625@x_name@ASC,college_2,True,False
625@x_name@DESC,college_2,True,False
625@y_name@ASC,college_2,True,True
625@y_name@DESC,college_2,True,True
626@x_name@ASC,college_2,True,False
626@x_name@DESC,college_2,True,False
626@y_name@ASC,college_2,True,True
626@y_name@DESC,college_2,True,True
627@x_name@ASC,college_2,True,False
627@x_name@DESC,college_2,True,False
627@y_name@ASC,college_2,True,True
627@y_name@DESC,college_2,True,True
629@x_name@ASC,college_2,True,False
629@x_name@DESC,college_2,True,False
629@y_name@ASC,college_2,True,False
629@y_name@DESC,college_2,True,False
630@x_name@ASC,college_2,True,False
630@x_name@DESC,college_2,True,False
630@y_name@ASC,college_2,True,False
630@y_name@DESC,college_2,True,False
631@x_name@ASC,college_2,True,False
631@x_name@DESC,college_2,True,False
631@y_name@ASC,college_2,True,True
631@y_name@DESC,college_2,True,True
632@x_name@ASC,college_2,True,False
632@x_name@DESC,college_2,True,False
632@y_name@ASC,college_2,True,True
632@y_name@DESC,college_2,True,True
633@x_name@ASC,college_2,True,False
633@x_name@DESC,college_2,True,False
633@y_name@ASC,college_2,True,True
633@y_name@DESC,college_2,True,True
634@x_name@ASC,college_2,True,False
634@x_name@DESC,college_2,True,False
634@y_name@ASC,college_2,True,True
634@y_name@DESC,college_2,True,True
635@x_name@ASC,college_2,True,False
635@x_name@DESC,college_2,True,False
635@y_name@ASC,college_2,True,True
635@y_name@DESC,college_2,True,True
636@x_name@ASC,college_2,True,False
636@x_name@DESC,college_2,True,False
636@y_name@ASC,college_2,True,True
636@y_name@DESC,college_2,True,True
640@x_name@ASC,college_2,True,False
640@x_name@DESC,college_2,True,False
642@x_name@ASC,college_2,True,False
642@x_name@DESC,college_2,True,False
647@x_name@ASC,college_2,True,False
647@x_name@DESC,college_2,True,False
648@x_name@ASC,college_2,True,False
648@x_name@DESC,college_2,True,False
652@x_name@ASC,college_2,True,False
652@x_name@DESC,college_2,True,False
652@y_name@ASC,college_2,True,False
652@y_name@DESC,college_2,True,False
653@x_name@ASC,college_2,True,False
653@x_name@DESC,college_2,True,False
653@y_name@ASC,college_2,True,False
653@y_name@DESC,college_2,True,False
654@x_name@ASC,college_2,True,False
654@x_name@DESC,college_2,True,False
654@y_name@ASC,college_2,True,True
654@y_name@DESC,college_2,True,True
655@x_name@ASC,college_2,True,False
655@x_name@DESC,college_2,True,False
655@y_name@ASC,college_2,True,False
655@y_name@DESC,college_2,True,False
657@x_name@ASC,college_2,True,False
657@x_name@DESC,college_2,True,False
657@y_name@ASC,college_2,True,False
657@y_name@DESC,college_2,True,False
711@x_name@ASC,course_teach,True,False
711@x_name@DESC,course_teach,True,False
711@y_name@ASC,course_teach,True,True
711@y_name@DESC,course_teach,True,True
713@x_name@ASC,course_teach,True,False
713@x_name@DESC,course_teach,True,False
713@y_name@ASC,course_teach,True,True
713@y_name@DESC,course_teach,True,True
715@x_name@ASC,course_teach,True,False
715@x_name@DESC,course_teach,True,False
715@y_name@ASC,course_teach,True,True
715@y_name@DESC,course_teach,True,True
719@x_name@ASC,course_teach,True,False
719@x_name@DESC,course_teach,True,False
719@y_name@ASC,course_teach,True,True
719@y_name@DESC,course_teach,True,True
721@x_name@ASC,course_teach,True,False
721@x_name@DESC,course_teach,True,False
721@y_name@ASC,course_teach,True,True
721@y_name@DESC,course_teach,True,True
376@x_name@ASC,candidate_poll,True,False
376@x_name@DESC,candidate_poll,True,False
376@y_name@ASC,candidate_poll,True,True
376@y_name@DESC,candidate_poll,True,True
379@x_name@ASC,candidate_poll,True,False
379@x_name@DESC,candidate_poll,True,False
379@y_name@ASC,candidate_poll,True,True
379@y_name@DESC,candidate_poll,True,True
380@x_name@ASC,candidate_poll,True,False
380@x_name@DESC,candidate_poll,True,False
380@y_name@ASC,candidate_poll,True,True
380@y_name@DESC,candidate_poll,True,True
382@x_name@ASC,candidate_poll,True,False
382@x_name@DESC,candidate_poll,True,False
382@y_name@ASC,candidate_poll,True,True
382@y_name@DESC,candidate_poll,True,True
383@x_name@ASC,candidate_poll,True,False
383@x_name@DESC,candidate_poll,True,False
383@y_name@ASC,candidate_poll,True,True
383@y_name@DESC,candidate_poll,True,True
394@x_name@ASC,candidate_poll,True,False
394@x_name@DESC,candidate_poll,True,False
394@y_name@ASC,candidate_poll,True,True
394@y_name@DESC,candidate_poll,True,True
395@x_name@ASC,candidate_poll,True,False
395@x_name@DESC,candidate_poll,True,False
395@y_name@ASC,candidate_poll,True,True
395@y_name@DESC,candidate_poll,True,True
397@x_name@ASC,candidate_poll,True,False
397@x_name@DESC,candidate_poll,True,False
397@y_name@ASC,candidate_poll,True,True
397@y_name@DESC,candidate_poll,True,True
398@x_name@ASC,candidate_poll,True,False
398@x_name@DESC,candidate_poll,True,False
398@y_name@ASC,candidate_poll,True,True
398@y_name@DESC,candidate_poll,True,True
403@x_name@ASC,candidate_poll,True,False
403@x_name@DESC,candidate_poll,True,False
403@y_name@ASC,candidate_poll,True,False
403@y_name@DESC,candidate_poll,True,False
405@x_name@ASC,candidate_poll,True,False
405@x_name@DESC,candidate_poll,True,False
405@y_name@ASC,candidate_poll,True,True
405@y_name@DESC,candidate_poll,True,True
406@x_name@ASC,candidate_poll,True,False
406@x_name@DESC,candidate_poll,True,False
406@y_name@ASC,candidate_poll,True,False
406@y_name@DESC,candidate_poll,True,False
723@x_name@ASC,cre_Doc_Control_Systems,True,False
723@x_name@DESC,cre_Doc_Control_Systems,True,False
723@y_name@ASC,cre_Doc_Control_Systems,True,True
723@y_name@DESC,cre_Doc_Control_Systems,True,True
725@x_name@ASC,cre_Doc_Control_Systems,True,False
725@x_name@DESC,cre_Doc_Control_Systems,True,False
725@y_name@ASC,cre_Doc_Control_Systems,True,True
725@y_name@DESC,cre_Doc_Control_Systems,True,True
726@y_name@ASC,cre_Doc_Control_Systems,True,True
726@y_name@DESC,cre_Doc_Control_Systems,True,True
729@x_name@ASC,cre_Doc_Control_Systems,True,False
729@x_name@DESC,cre_Doc_Control_Systems,True,False
3208@x_name@ASC,wedding,True,False
3208@x_name@DESC,wedding,True,False
3208@y_name@ASC,wedding,True,False
3208@y_name@DESC,wedding,True,False
3209@y_name@ASC,wedding,True,True
3209@y_name@DESC,wedding,True,True
3210@x_name@ASC,wedding,True,False
3210@x_name@DESC,wedding,True,False
3214@x_name@ASC,wedding,True,False
3214@x_name@DESC,wedding,True,False
3214@y_name@ASC,wedding,True,False
3214@y_name@DESC,wedding,True,False
3216@x_name@ASC,wedding,True,False
3216@x_name@DESC,wedding,True,False
3216@y_name@ASC,wedding,True,True
3216@y_name@DESC,wedding,True,True
3217@y_name@ASC,wedding,True,True
3217@y_name@DESC,wedding,True,True
3218@x_name@ASC,wedding,True,False
3218@x_name@DESC,wedding,True,False
1152@x_name@ASC,document_management,True,False
1152@x_name@DESC,document_management,True,False
1152@y_name@ASC,document_management,True,True
1152@y_name@DESC,document_management,True,True
2066@x_name@ASC,loan_1,True,False
2066@x_name@DESC,loan_1,True,False
2066@y_name@ASC,loan_1,True,False
2066@y_name@DESC,loan_1,True,False
2068@x_name@ASC,loan_1,True,False
2068@x_name@DESC,loan_1,True,False
2068@y_name@ASC,loan_1,True,False
2068@y_name@DESC,loan_1,True,False
2070@x_name@ASC,loan_1,True,False
2070@x_name@DESC,loan_1,True,False
2070@y_name@ASC,loan_1,True,True
2070@y_name@DESC,loan_1,True,True
2072@x_name@ASC,loan_1,True,False
2072@x_name@DESC,loan_1,True,False
2072@y_name@ASC,loan_1,True,True
2072@y_name@DESC,loan_1,True,True
2654@x_name@ASC,railway,True,False
2654@x_name@DESC,railway,True,False
2654@y_name@ASC,railway,True,True
2654@y_name@DESC,railway,True,True
2655@x_name@ASC,railway,True,False
2655@x_name@DESC,railway,True,False
2655@y_name@ASC,railway,True,True
2655@y_name@DESC,railway,True,True
2657@x_name@ASC,railway,True,False
2657@x_name@DESC,railway,True,False
2657@y_name@ASC,railway,True,False
2657@y_name@DESC,railway,True,False
2658@x_name@ASC,railway,True,False
2658@x_name@DESC,railway,True,False
2658@y_name@ASC,railway,True,True
2658@y_name@DESC,railway,True,True
2659@x_name@ASC,railway,True,False
2659@x_name@DESC,railway,True,False
2659@y_name@ASC,railway,True,True
2659@y_name@DESC,railway,True,True
2687@y_name@ASC,sakila_1,True,False
2687@y_name@DESC,sakila_1,True,False
2688@y_name@ASC,sakila_1,True,False
2688@y_name@DESC,sakila_1,True,False
2689@x_name@ASC,sakila_1,True,False
2689@x_name@DESC,sakila_1,True,False
2690@x_name@ASC,sakila_1,True,False
2690@x_name@DESC,sakila_1,True,False
2690@y_name@ASC,sakila_1,True,True
2690@y_name@DESC,sakila_1,True,True
2691@x_name@ASC,sakila_1,True,False
2691@x_name@DESC,sakila_1,True,False
2691@y_name@ASC,sakila_1,True,True
2691@y_name@DESC,sakila_1,True,True
2360@x_name@ASC,movie_1,True,False
2360@x_name@DESC,movie_1,True,False
2360@y_name@ASC,movie_1,True,True
2360@y_name@DESC,movie_1,True,True
2368@x_name@ASC,movie_1,True,False
2368@x_name@DESC,movie_1,True,False
2368@y_name@ASC,movie_1,True,True
2368@y_name@DESC,movie_1,True,True
2369@x_name@ASC,movie_1,True,False
2369@x_name@DESC,movie_1,True,False
2369@y_name@ASC,movie_1,True,True
2369@y_name@DESC,movie_1,True,True
2370@x_name@ASC,movie_1,True,False
2370@x_name@DESC,movie_1,True,False
2370@y_name@ASC,movie_1,True,False
2370@y_name@DESC,movie_1,True,False
2371@x_name@ASC,movie_1,True,False
2371@x_name@DESC,movie_1,True,False
2371@y_name@ASC,movie_1,True,False
2371@y_name@DESC,movie_1,True,False
2381@x_name@ASC,movie_1,True,False
2381@x_name@DESC,movie_1,True,False
2381@y_name@ASC,movie_1,True,True
2381@y_name@DESC,movie_1,True,True
2383@x_name@ASC,movie_1,True,False
2383@x_name@DESC,movie_1,True,False
2383@y_name@ASC,movie_1,True,False
2383@y_name@DESC,movie_1,True,False
2385@x_name@ASC,movie_1,True,False
2385@x_name@DESC,movie_1,True,False
2385@y_name@ASC,movie_1,True,True
2385@y_name@DESC,movie_1,True,True
2387@x_name@ASC,movie_1,True,False
2387@x_name@DESC,movie_1,True,False
2387@y_name@ASC,movie_1,True,False
2387@y_name@DESC,movie_1,True,False
2392@x_name@ASC,movie_1,True,False
2392@x_name@DESC,movie_1,True,False
2392@y_name@ASC,movie_1,True,False
2392@y_name@DESC,movie_1,True,False
2394@x_name@ASC,movie_1,True,False
2394@x_name@DESC,movie_1,True,False
2394@y_name@ASC,movie_1,True,False
2394@y_name@DESC,movie_1,True,False
2396@x_name@ASC,movie_1,True,False
2396@x_name@DESC,movie_1,True,False
2396@y_name@ASC,movie_1,True,False
2396@y_name@DESC,movie_1,True,False
2398@x_name@ASC,movie_1,True,False
2398@x_name@DESC,movie_1,True,False
2398@y_name@ASC,movie_1,True,False
2398@y_name@DESC,movie_1,True,False
2402@x_name@ASC,movie_1,True,False
2402@x_name@DESC,movie_1,True,False
2402@y_name@ASC,movie_1,True,True
2402@y_name@DESC,movie_1,True,True
2405@x_name@ASC,movie_1,True,False
2405@x_name@DESC,movie_1,True,False
2405@y_name@ASC,movie_1,True,False
2405@y_name@DESC,movie_1,True,False
2408@x_name@ASC,movie_1,True,False
2408@x_name@DESC,movie_1,True,False
2409@x_name@ASC,movie_1,True,False
2409@x_name@DESC,movie_1,True,False
1421@x_name@ASC,flight_company,True,False
1421@x_name@DESC,flight_company,True,False
1421@y_name@ASC,flight_company,True,True
1421@y_name@DESC,flight_company,True,True
1424@x_name@ASC,flight_company,True,False
1424@x_name@DESC,flight_company,True,False
1424@y_name@ASC,flight_company,True,True
1424@y_name@DESC,flight_company,True,True
1432@x_name@ASC,flight_company,True,False
1432@x_name@DESC,flight_company,True,False
1432@y_name@ASC,flight_company,True,True
1432@y_name@DESC,flight_company,True,True
679@x_name@ASC,company_employee,True,False
679@x_name@DESC,company_employee,True,False
679@y_name@ASC,company_employee,True,True
679@y_name@DESC,company_employee,True,True
680@x_name@ASC,company_employee,True,False
680@x_name@DESC,company_employee,True,False
680@y_name@ASC,company_employee,True,True
680@y_name@DESC,company_employee,True,True
682@x_name@ASC,company_employee,True,False
682@x_name@DESC,company_employee,True,False
682@y_name@ASC,company_employee,True,True
682@y_name@DESC,company_employee,True,True
683@x_name@ASC,company_employee,True,False
683@x_name@DESC,company_employee,True,False
683@y_name@ASC,company_employee,True,True
683@y_name@DESC,company_employee,True,True
2494@x_name@ASC,orchestra,True,False
2494@x_name@DESC,orchestra,True,False
2494@y_name@ASC,orchestra,True,True
2494@y_name@DESC,orchestra,True,True
411@x_name@ASC,car_1,True,False
411@x_name@DESC,car_1,True,False
411@y_name@ASC,car_1,True,True
411@y_name@DESC,car_1,True,True
412@y_name@ASC,car_1,True,True
412@y_name@DESC,car_1,True,True
413@y_name@ASC,car_1,True,True
413@y_name@DESC,car_1,True,True
415@x_name@ASC,car_1,True,False
415@x_name@DESC,car_1,True,False
416@x_name@ASC,car_1,True,False
416@x_name@DESC,car_1,True,False
420@x_name@ASC,car_1,True,False
420@x_name@DESC,car_1,True,False
420@y_name@ASC,car_1,True,True
420@y_name@DESC,car_1,True,True
424@y_name@ASC,car_1,True,False
424@y_name@DESC,car_1,True,False
431@x_name@ASC,car_1,True,False
431@x_name@DESC,car_1,True,False
431@y_name@ASC,car_1,True,True
431@y_name@DESC,car_1,True,True
434@x_name@ASC,car_1,True,False
434@x_name@DESC,car_1,True,False
434@y_name@ASC,car_1,True,True
434@y_name@DESC,car_1,True,True
1030@x_name@ASC,customers_card_transactions,True,False
1030@x_name@DESC,customers_card_transactions,True,False
1030@y_name@ASC,customers_card_transactions,True,True
1030@y_name@DESC,customers_card_transactions,True,True
1032@x_name@ASC,customers_card_transactions,True,False
1032@x_name@DESC,customers_card_transactions,True,False
1032@y_name@ASC,customers_card_transactions,True,True
1032@y_name@DESC,customers_card_transactions,True,True
1037@x_name@ASC,customers_card_transactions,True,False
1037@x_name@DESC,customers_card_transactions,True,False
1037@y_name@ASC,customers_card_transactions,True,True
1037@y_name@DESC,customers_card_transactions,True,True
1043@x_name@ASC,customers_card_transactions,True,False
1043@x_name@DESC,customers_card_transactions,True,False
1043@y_name@ASC,customers_card_transactions,True,True
1043@y_name@DESC,customers_card_transactions,True,True
1048@x_name@ASC,customers_card_transactions,True,False
1048@x_name@DESC,customers_card_transactions,True,False
1048@y_name@ASC,customers_card_transactions,True,True
1048@y_name@DESC,customers_card_transactions,True,True
1060@x_name@ASC,customers_card_transactions,True,False
1060@x_name@DESC,customers_card_transactions,True,False
1060@y_name@ASC,customers_card_transactions,True,True
1060@y_name@DESC,customers_card_transactions,True,True
1062@x_name@ASC,customers_card_transactions,True,False
1062@x_name@DESC,customers_card_transactions,True,False
1062@y_name@ASC,customers_card_transactions,True,True
1062@y_name@DESC,customers_card_transactions,True,True
2162@x_name@ASC,machine_repair,True,False
2162@x_name@DESC,machine_repair,True,False
2162@y_name@ASC,machine_repair,True,False
2162@y_name@DESC,machine_repair,True,False
2164@x_name@ASC,machine_repair,True,False
2164@x_name@DESC,machine_repair,True,False
2164@y_name@ASC,machine_repair,True,True
2164@y_name@DESC,machine_repair,True,True
2165@x_name@ASC,machine_repair,True,False
2165@x_name@DESC,machine_repair,True,False
2165@y_name@ASC,machine_repair,True,False
2165@y_name@DESC,machine_repair,True,False
2167@x_name@ASC,machine_repair,True,False
2167@x_name@DESC,machine_repair,True,False
2167@y_name@ASC,machine_repair,True,True
2167@y_name@DESC,machine_repair,True,True
2169@x_name@ASC,machine_repair,True,False
2169@x_name@DESC,machine_repair,True,False
2169@y_name@ASC,machine_repair,True,True
2169@y_name@DESC,machine_repair,True,True
2766@x_name@ASC,shop_membership,True,False
2766@x_name@DESC,shop_membership,True,False
2766@y_name@ASC,shop_membership,True,False
2766@y_name@DESC,shop_membership,True,False
2769@x_name@ASC,shop_membership,True,False
2769@x_name@DESC,shop_membership,True,False
2769@y_name@ASC,shop_membership,True,True
2769@y_name@DESC,shop_membership,True,True
3279@x_name@ASC,wrestler,True,False
3279@x_name@DESC,wrestler,True,False
3279@y_name@ASC,wrestler,True,True
3279@y_name@DESC,wrestler,True,True
3281@x_name@ASC,wrestler,True,False
3281@x_name@DESC,wrestler,True,False
3281@y_name@ASC,wrestler,True,True
3281@y_name@DESC,wrestler,True,True
3283@x_name@ASC,wrestler,True,False
3283@x_name@DESC,wrestler,True,False
3283@y_name@ASC,wrestler,True,True
3283@y_name@DESC,wrestler,True,True
2529@x_name@ASC,performance_attendance,True,False
2529@x_name@DESC,performance_attendance,True,False
2529@y_name@ASC,performance_attendance,True,True
2529@y_name@DESC,performance_attendance,True,True
2537@x_name@ASC,performance_attendance,True,False
2537@x_name@DESC,performance_attendance,True,False
2537@y_name@ASC,performance_attendance,True,False
2537@y_name@DESC,performance_attendance,True,False
2539@x_name@ASC,performance_attendance,True,False
2539@x_name@DESC,performance_attendance,True,False
2539@y_name@ASC,performance_attendance,True,True
2539@y_name@DESC,performance_attendance,True,True
1069@x_name@ASC,debate,True,False
1069@x_name@DESC,debate,True,False
1069@y_name@ASC,debate,True,True
1069@y_name@DESC,debate,True,True
1077@x_name@ASC,debate,True,False
1077@x_name@DESC,debate,True,False
1077@y_name@ASC,debate,True,True
1077@y_name@DESC,debate,True,True
1078@x_name@ASC,debate,True,False
1078@x_name@DESC,debate,True,False
1078@y_name@ASC,debate,True,True
1078@y_name@DESC,debate,True,True
1080@x_name@ASC,debate,True,False
1080@x_name@DESC,debate,True,False
1080@y_name@ASC,debate,True,True
1080@y_name@DESC,debate,True,True
1083@x_name@ASC,debate,True,False
1083@x_name@DESC,debate,True,False
1083@y_name@ASC,debate,True,True
1083@y_name@DESC,debate,True,True
1248@y_name@ASC,e_learning,True,False
1248@y_name@DESC,e_learning,True,False
1249@y_name@ASC,e_learning,True,False
1249@y_name@DESC,e_learning,True,False
1250@x_name@ASC,e_learning,True,False
1250@x_name@DESC,e_learning,True,False
1250@y_name@ASC,e_learning,True,False
1250@y_name@DESC,e_learning,True,False
1251@y_name@ASC,e_learning,True,False
1251@y_name@DESC,e_learning,True,False
1252@y_name@ASC,e_learning,True,False
1252@y_name@DESC,e_learning,True,False
1253@y_name@ASC,e_learning,True,False
1253@y_name@DESC,e_learning,True,False
1254@x_name@ASC,e_learning,True,False
1254@x_name@DESC,e_learning,True,False
1273@x_name@ASC,e_learning,True,False
1273@x_name@DESC,e_learning,True,False
1273@y_name@ASC,e_learning,True,True
1273@y_name@DESC,e_learning,True,True
1278@x_name@ASC,e_learning,True,False
1278@x_name@DESC,e_learning,True,False
1278@y_name@ASC,e_learning,True,True
1278@y_name@DESC,e_learning,True,True
1283@x_name@ASC,e_learning,True,False
1283@x_name@DESC,e_learning,True,False
1283@y_name@ASC,e_learning,True,True
1283@y_name@DESC,e_learning,True,True
1284@x_name@ASC,e_learning,True,False
1284@x_name@DESC,e_learning,True,False
1284@y_name@ASC,e_learning,True,False
1284@y_name@DESC,e_learning,True,False
1285@x_name@ASC,e_learning,True,False
1285@x_name@DESC,e_learning,True,False
1286@y_name@ASC,e_learning,True,False
1286@y_name@DESC,e_learning,True,False
1289@x_name@ASC,e_learning,True,False
1289@x_name@DESC,e_learning,True,False
1289@y_name@ASC,e_learning,True,True
1289@y_name@DESC,e_learning,True,True
1293@y_name@ASC,e_learning,True,False
1293@y_name@DESC,e_learning,True,False
1294@y_name@ASC,e_learning,True,False
1294@y_name@DESC,e_learning,True,False
1295@x_name@ASC,e_learning,True,False
1295@x_name@DESC,e_learning,True,False
1295@y_name@ASC,e_learning,True,True
1295@y_name@DESC,e_learning,True,True
1296@y_name@ASC,e_learning,True,True
1296@y_name@DESC,e_learning,True,True
1297@y_name@ASC,e_learning,True,True
1297@y_name@DESC,e_learning,True,True
1298@y_name@ASC,e_learning,True,True
1298@y_name@DESC,e_learning,True,True
1299@y_name@ASC,e_learning,True,True
1299@y_name@DESC,e_learning,True,True
1300@x_name@ASC,e_learning,True,False
1300@x_name@DESC,e_learning,True,False
912@x_name@ASC,customer_deliveries,True,False
912@x_name@DESC,customer_deliveries,True,False
912@y_name@ASC,customer_deliveries,True,True
912@y_name@DESC,customer_deliveries,True,True
769@x_name@ASC,cre_Doc_Tracking_DB,True,False
769@x_name@DESC,cre_Doc_Tracking_DB,True,False
769@y_name@ASC,cre_Doc_Tracking_DB,True,True
769@y_name@DESC,cre_Doc_Tracking_DB,True,True
770@x_name@ASC,cre_Doc_Tracking_DB,True,False
770@x_name@DESC,cre_Doc_Tracking_DB,True,False
771@x_name@ASC,cre_Doc_Tracking_DB,True,False
771@x_name@DESC,cre_Doc_Tracking_DB,True,False
772@y_name@ASC,cre_Doc_Tracking_DB,True,True
772@y_name@DESC,cre_Doc_Tracking_DB,True,True
773@x_name@ASC,cre_Doc_Tracking_DB,True,False
773@x_name@DESC,cre_Doc_Tracking_DB,True,False
774@x_name@ASC,cre_Doc_Tracking_DB,True,False
774@x_name@DESC,cre_Doc_Tracking_DB,True,False
775@y_name@ASC,cre_Doc_Tracking_DB,True,True
775@y_name@DESC,cre_Doc_Tracking_DB,True,True
776@x_name@ASC,cre_Doc_Tracking_DB,True,False
776@x_name@DESC,cre_Doc_Tracking_DB,True,False
777@y_name@ASC,cre_Doc_Tracking_DB,True,True
777@y_name@DESC,cre_Doc_Tracking_DB,True,True
778@x_name@ASC,cre_Doc_Tracking_DB,True,False
778@x_name@DESC,cre_Doc_Tracking_DB,True,False
779@x_name@ASC,cre_Doc_Tracking_DB,True,False
779@x_name@DESC,cre_Doc_Tracking_DB,True,False
780@y_name@ASC,cre_Doc_Tracking_DB,True,True
780@y_name@DESC,cre_Doc_Tracking_DB,True,True
782@x_name@ASC,cre_Doc_Tracking_DB,True,False
782@x_name@DESC,cre_Doc_Tracking_DB,True,False
782@y_name@ASC,cre_Doc_Tracking_DB,True,True
782@y_name@DESC,cre_Doc_Tracking_DB,True,True
783@y_name@ASC,cre_Doc_Tracking_DB,True,True
783@y_name@DESC,cre_Doc_Tracking_DB,True,True
787@x_name@ASC,cre_Doc_Tracking_DB,True,False
787@x_name@DESC,cre_Doc_Tracking_DB,True,False
789@x_name@ASC,cre_Doc_Tracking_DB,True,False
789@x_name@DESC,cre_Doc_Tracking_DB,True,False
791@x_name@ASC,cre_Doc_Tracking_DB,True,False
791@x_name@DESC,cre_Doc_Tracking_DB,True,False
791@y_name@ASC,cre_Doc_Tracking_DB,True,True
791@y_name@DESC,cre_Doc_Tracking_DB,True,True
793@y_name@ASC,cre_Doc_Tracking_DB,True,True
793@y_name@DESC,cre_Doc_Tracking_DB,True,True
798@x_name@ASC,cre_Doc_Tracking_DB,True,False
798@x_name@DESC,cre_Doc_Tracking_DB,True,False
1367@x_name@ASC,entertainment_awards,True,False
1367@x_name@DESC,entertainment_awards,True,False
1367@y_name@ASC,entertainment_awards,True,True
1367@y_name@DESC,entertainment_awards,True,True
1369@x_name@ASC,entertainment_awards,True,False
1369@x_name@DESC,entertainment_awards,True,False
1369@y_name@ASC,entertainment_awards,True,True
1369@y_name@DESC,entertainment_awards,True,True
1116@x_name@ASC,department_store,True,False
1116@x_name@DESC,department_store,True,False
1116@y_name@ASC,department_store,True,False
1116@y_name@DESC,department_store,True,False
1122@x_name@ASC,department_store,True,False
1122@x_name@DESC,department_store,True,False
1122@y_name@ASC,department_store,True,True
1122@y_name@DESC,department_store,True,True
1124@x_name@ASC,department_store,True,False
1124@x_name@DESC,department_store,True,False
1124@y_name@ASC,department_store,True,True
1124@y_name@DESC,department_store,True,True
1126@x_name@ASC,department_store,True,False
1126@x_name@DESC,department_store,True,False
1126@y_name@ASC,department_store,True,False
1126@y_name@DESC,department_store,True,False
1129@x_name@ASC,department_store,True,False
1129@x_name@DESC,department_store,True,False
1129@y_name@ASC,department_store,True,False
1129@y_name@DESC,department_store,True,False
1130@x_name@ASC,department_store,True,False
1130@x_name@DESC,department_store,True,False
1130@y_name@ASC,department_store,True,False
1130@y_name@DESC,department_store,True,False
1137@x_name@ASC,department_store,True,False
1137@x_name@DESC,department_store,True,False
1137@y_name@ASC,department_store,True,False
1137@y_name@DESC,department_store,True,False
1138@x_name@ASC,department_store,True,False
1138@x_name@DESC,department_store,True,False
1138@y_name@ASC,department_store,True,False
1138@y_name@DESC,department_store,True,False
1139@x_name@ASC,department_store,True,False
1139@x_name@DESC,department_store,True,False
1139@y_name@ASC,department_store,True,False
1139@y_name@DESC,department_store,True,False
1142@x_name@ASC,department_store,True,False
1142@x_name@DESC,department_store,True,False
1142@y_name@ASC,department_store,True,False
1142@y_name@DESC,department_store,True,False
992@y_name@ASC,customers_and_products_contacts,True,True
992@y_name@DESC,customers_and_products_contacts,True,True
993@y_name@ASC,customers_and_products_contacts,True,True
993@y_name@DESC,customers_and_products_contacts,True,True
994@y_name@ASC,customers_and_products_contacts,True,True
994@y_name@DESC,customers_and_products_contacts,True,True
995@x_name@ASC,customers_and_products_contacts,True,False
995@x_name@DESC,customers_and_products_contacts,True,False
995@y_name@ASC,customers_and_products_contacts,True,True
995@y_name@DESC,customers_and_products_contacts,True,True
996@x_name@ASC,customers_and_products_contacts,True,False
996@x_name@DESC,customers_and_products_contacts,True,False
996@y_name@ASC,customers_and_products_contacts,True,True
996@y_name@DESC,customers_and_products_contacts,True,True
997@x_name@ASC,customers_and_products_contacts,True,False
997@x_name@DESC,customers_and_products_contacts,True,False
998@x_name@ASC,customers_and_products_contacts,True,False
998@x_name@DESC,customers_and_products_contacts,True,False
1000@x_name@ASC,customers_and_products_contacts,True,False
1000@x_name@DESC,customers_and_products_contacts,True,False
1000@y_name@ASC,customers_and_products_contacts,True,True
1000@y_name@DESC,customers_and_products_contacts,True,True
1006@x_name@ASC,customers_and_products_contacts,True,False
1006@x_name@DESC,customers_and_products_contacts,True,False
1006@y_name@ASC,customers_and_products_contacts,True,False
1006@y_name@DESC,customers_and_products_contacts,True,False
1009@x_name@ASC,customers_and_products_contacts,True,False
1009@x_name@DESC,customers_and_products_contacts,True,False
1009@y_name@ASC,customers_and_products_contacts,True,False
1009@y_name@DESC,customers_and_products_contacts,True,False
1010@x_name@ASC,customers_and_products_contacts,True,False
1010@x_name@DESC,customers_and_products_contacts,True,False
1010@y_name@ASC,customers_and_products_contacts,True,True
1010@y_name@DESC,customers_and_products_contacts,True,True
3206@y_name@ASC,voter_2,True,True
3206@y_name@DESC,voter_2,True,True
1242@y_name@ASC,driving_school,True,False
1242@y_name@DESC,driving_school,True,False
1243@x_name@ASC,driving_school,True,False
1243@x_name@DESC,driving_school,True,False
1245@x_name@ASC,driving_school,True,False
1245@x_name@DESC,driving_school,True,False
1245@y_name@ASC,driving_school,True,True
1245@y_name@DESC,driving_school,True,True
1247@x_name@ASC,driving_school,True,False
1247@x_name@DESC,driving_school,True,False
1247@y_name@ASC,driving_school,True,True
1247@y_name@DESC,driving_school,True,True
2704@x_name@ASC,school_finance,True,False
2704@x_name@DESC,school_finance,True,False
2704@y_name@ASC,school_finance,True,True
2704@y_name@DESC,school_finance,True,True
2706@x_name@ASC,school_finance,True,False
2706@x_name@DESC,school_finance,True,False
2706@y_name@ASC,school_finance,True,True
2706@y_name@DESC,school_finance,True,True
2683@x_name@ASC,roller_coaster,True,False
2683@x_name@DESC,roller_coaster,True,False
2683@y_name@ASC,roller_coaster,True,True
2683@y_name@DESC,roller_coaster,True,True
2051@x_name@ASC,journal_committee,True,False
2051@x_name@DESC,journal_committee,True,False
2051@y_name@ASC,journal_committee,True,False
2051@y_name@DESC,journal_committee,True,False
2052@x_name@ASC,journal_committee,True,False
2052@x_name@DESC,journal_committee,True,False
2052@y_name@ASC,journal_committee,True,False
2052@y_name@DESC,journal_committee,True,False
2053@x_name@ASC,journal_committee,True,False
2053@x_name@DESC,journal_committee,True,False
2053@y_name@ASC,journal_committee,True,True
2053@y_name@DESC,journal_committee,True,True
2055@x_name@ASC,journal_committee,True,False
2055@x_name@DESC,journal_committee,True,False
2055@y_name@ASC,journal_committee,True,True
2055@y_name@DESC,journal_committee,True,True
2060@x_name@ASC,journal_committee,True,False
2060@x_name@DESC,journal_committee,True,False
2060@y_name@ASC,journal_committee,True,False
2060@y_name@DESC,journal_committee,True,False
2062@x_name@ASC,journal_committee,True,False
2062@x_name@DESC,journal_committee,True,False
2062@y_name@ASC,journal_committee,True,True
2062@y_name@DESC,journal_committee,True,True
2063@x_name@ASC,journal_committee,True,False
2063@x_name@DESC,journal_committee,True,False
2063@y_name@ASC,journal_committee,True,True
2063@y_name@DESC,journal_committee,True,True
1416@x_name@ASC,flight_4,True,False
1416@x_name@DESC,flight_4,True,False
1416@y_name@ASC,flight_4,True,False
1416@y_name@DESC,flight_4,True,False
1419@x_name@ASC,flight_4,True,False
1419@x_name@DESC,flight_4,True,False
1419@y_name@ASC,flight_4,True,False
1419@y_name@DESC,flight_4,True,False
1377@x_name@ASC,epinions_1,True,False
1377@x_name@DESC,epinions_1,True,False
1377@y_name@ASC,epinions_1,True,True
1377@y_name@DESC,epinions_1,True,True
1380@x_name@ASC,epinions_1,True,False
1380@x_name@DESC,epinions_1,True,False
1380@y_name@ASC,epinions_1,True,True
1380@y_name@DESC,epinions_1,True,True
1382@x_name@ASC,epinions_1,True,False
1382@x_name@DESC,epinions_1,True,False
1382@y_name@ASC,epinions_1,True,True
1382@y_name@DESC,epinions_1,True,True
1085@x_name@ASC,decoration_competition,True,False
1085@x_name@DESC,decoration_competition,True,False
1085@y_name@ASC,decoration_competition,True,True
1085@y_name@DESC,decoration_competition,True,True
1087@x_name@ASC,decoration_competition,True,False
1087@x_name@DESC,decoration_competition,True,False
1087@y_name@ASC,decoration_competition,True,True
1087@y_name@DESC,decoration_competition,True,True
1089@x_name@ASC,decoration_competition,True,False
1089@x_name@DESC,decoration_competition,True,False
1089@y_name@ASC,decoration_competition,True,True
1089@y_name@DESC,decoration_competition,True,True
1091@x_name@ASC,decoration_competition,True,False
1091@x_name@DESC,decoration_competition,True,False
1091@y_name@ASC,decoration_competition,True,True
1091@y_name@DESC,decoration_competition,True,True
108@x_name@ASC,architecture,True,False
108@x_name@DESC,architecture,True,False
114@x_name@ASC,architecture,True,False
114@x_name@DESC,architecture,True,False
114@y_name@ASC,architecture,True,True
114@y_name@DESC,architecture,True,True
3038@x_name@ASC,train_station,True,False
3038@x_name@DESC,train_station,True,False
3038@y_name@ASC,train_station,True,True
3038@y_name@DESC,train_station,True,True
3043@x_name@ASC,train_station,True,False
3043@x_name@DESC,train_station,True,False
3043@y_name@ASC,train_station,True,True
3043@y_name@DESC,train_station,True,True
3045@x_name@ASC,train_station,True,False
3045@x_name@DESC,train_station,True,False
3045@y_name@ASC,train_station,True,True
3045@y_name@DESC,train_station,True,True
3046@x_name@ASC,train_station,True,False
3046@x_name@DESC,train_station,True,False
3046@y_name@ASC,train_station,True,True
3046@y_name@DESC,train_station,True,True
3050@x_name@ASC,train_station,True,False
3050@x_name@DESC,train_station,True,False
3050@y_name@ASC,train_station,True,False
3050@y_name@DESC,train_station,True,False
3052@x_name@ASC,train_station,True,False
3052@x_name@DESC,train_station,True,False
3052@y_name@ASC,train_station,True,True
3052@y_name@DESC,train_station,True,True
3053@x_name@ASC,train_station,True,False
3053@x_name@DESC,train_station,True,False
3053@y_name@ASC,train_station,True,True
3053@y_name@DESC,train_station,True,True
38@x_name@ASC,allergy_1,True,False
38@x_name@DESC,allergy_1,True,False
38@y_name@ASC,allergy_1,True,True
38@y_name@DESC,allergy_1,True,True
39@x_name@ASC,allergy_1,True,False
39@x_name@DESC,allergy_1,True,False
39@y_name@ASC,allergy_1,True,False
39@y_name@DESC,allergy_1,True,False
41@x_name@ASC,allergy_1,True,False
41@x_name@DESC,allergy_1,True,False
41@y_name@ASC,allergy_1,True,False
41@y_name@DESC,allergy_1,True,False
42@x_name@ASC,allergy_1,True,False
42@x_name@DESC,allergy_1,True,False
42@y_name@ASC,allergy_1,True,False
42@y_name@DESC,allergy_1,True,False
44@x_name@ASC,allergy_1,True,False
44@x_name@DESC,allergy_1,True,False
44@y_name@ASC,allergy_1,True,False
44@y_name@DESC,allergy_1,True,False
45@x_name@ASC,allergy_1,True,False
45@x_name@DESC,allergy_1,True,False
45@y_name@ASC,allergy_1,True,True
45@y_name@DESC,allergy_1,True,True
47@x_name@ASC,allergy_1,True,False
47@x_name@DESC,allergy_1,True,False
47@y_name@ASC,allergy_1,True,True
47@y_name@DESC,allergy_1,True,True
48@x_name@ASC,allergy_1,True,False
48@x_name@DESC,allergy_1,True,False
48@y_name@ASC,allergy_1,True,False
48@y_name@DESC,allergy_1,True,False
49@x_name@ASC,allergy_1,True,False
49@x_name@DESC,allergy_1,True,False
49@y_name@ASC,allergy_1,True,False
49@y_name@DESC,allergy_1,True,False
53@x_name@ASC,allergy_1,True,False
53@x_name@DESC,allergy_1,True,False
53@y_name@ASC,allergy_1,True,False
53@y_name@DESC,allergy_1,True,False
55@x_name@ASC,allergy_1,True,False
55@x_name@DESC,allergy_1,True,False
55@y_name@ASC,allergy_1,True,False
55@y_name@DESC,allergy_1,True,False
56@x_name@ASC,allergy_1,True,False
56@x_name@DESC,allergy_1,True,False
56@y_name@ASC,allergy_1,True,False
56@y_name@DESC,allergy_1,True,False
58@x_name@ASC,allergy_1,True,False
58@x_name@DESC,allergy_1,True,False
58@y_name@ASC,allergy_1,True,True
58@y_name@DESC,allergy_1,True,True
59@x_name@ASC,allergy_1,True,False
59@x_name@DESC,allergy_1,True,False
59@y_name@ASC,allergy_1,True,True
59@y_name@DESC,allergy_1,True,True
61@x_name@ASC,allergy_1,True,False
61@x_name@DESC,allergy_1,True,False
61@y_name@ASC,allergy_1,True,True
61@y_name@DESC,allergy_1,True,True
2784@x_name@ASC,soccer_1,True,False
2784@x_name@DESC,soccer_1,True,False
2784@y_name@ASC,soccer_1,True,False
2784@y_name@DESC,soccer_1,True,False
1324@x_name@ASC,election_representative,True,False
1324@x_name@DESC,election_representative,True,False
1324@y_name@ASC,election_representative,True,True
1324@y_name@DESC,election_representative,True,True
1326@x_name@ASC,election_representative,True,False
1326@x_name@DESC,election_representative,True,False
1326@y_name@ASC,election_representative,True,True
1326@y_name@DESC,election_representative,True,True
1328@x_name@ASC,election_representative,True,False
1328@x_name@DESC,election_representative,True,False
1328@y_name@ASC,election_representative,True,True
1328@y_name@DESC,election_representative,True,True
483@x_name@ASC,city_record,True,False
483@x_name@DESC,city_record,True,False
483@y_name@ASC,city_record,True,True
483@y_name@DESC,city_record,True,True
1012@x_name@ASC,customers_campaigns_ecommerce,True,False
1012@x_name@DESC,customers_campaigns_ecommerce,True,False
1012@y_name@ASC,customers_campaigns_ecommerce,True,True
1012@y_name@DESC,customers_campaigns_ecommerce,True,True
1015@x_name@ASC,customers_campaigns_ecommerce,True,False
1015@x_name@DESC,customers_campaigns_ecommerce,True,False
1015@y_name@ASC,customers_campaigns_ecommerce,True,True
1015@y_name@DESC,customers_campaigns_ecommerce,True,True
1016@x_name@ASC,customers_campaigns_ecommerce,True,False
1016@x_name@DESC,customers_campaigns_ecommerce,True,False
1016@y_name@ASC,customers_campaigns_ecommerce,True,True
1016@y_name@DESC,customers_campaigns_ecommerce,True,True
1017@x_name@ASC,customers_campaigns_ecommerce,True,False
1017@x_name@DESC,customers_campaigns_ecommerce,True,False
1017@y_name@ASC,customers_campaigns_ecommerce,True,True
1017@y_name@DESC,customers_campaigns_ecommerce,True,True
1019@x_name@ASC,customers_campaigns_ecommerce,True,False
1019@x_name@DESC,customers_campaigns_ecommerce,True,False
1019@y_name@ASC,customers_campaigns_ecommerce,True,True
1019@y_name@DESC,customers_campaigns_ecommerce,True,True
1022@x_name@ASC,customers_campaigns_ecommerce,True,False
1022@x_name@DESC,customers_campaigns_ecommerce,True,False
1022@y_name@ASC,customers_campaigns_ecommerce,True,True
1022@y_name@DESC,customers_campaigns_ecommerce,True,True
2594@x_name@ASC,poker_player,True,False
2594@x_name@DESC,poker_player,True,False
2594@y_name@ASC,poker_player,True,True
2594@y_name@DESC,poker_player,True,True
909@x_name@ASC,customer_complaints,True,False
909@x_name@DESC,customer_complaints,True,False
909@y_name@ASC,customer_complaints,True,True
909@y_name@DESC,customer_complaints,True,True
911@x_name@ASC,customer_complaints,True,False
911@x_name@DESC,customer_complaints,True,False
911@y_name@ASC,customer_complaints,True,True
911@y_name@DESC,customer_complaints,True,True
678@x_name@ASC,company_1,True,False
678@x_name@DESC,company_1,True,False
678@y_name@ASC,company_1,True,False
678@y_name@DESC,company_1,True,False
690@x_name@ASC,concert_singer,True,False
690@x_name@DESC,concert_singer,True,False
690@y_name@ASC,concert_singer,True,True
690@y_name@DESC,concert_singer,True,True
692@x_name@ASC,concert_singer,True,False
692@x_name@DESC,concert_singer,True,False
692@y_name@ASC,concert_singer,True,False
692@y_name@DESC,concert_singer,True,False
693@x_name@ASC,concert_singer,True,False
693@x_name@DESC,concert_singer,True,False
693@y_name@ASC,concert_singer,True,True
693@y_name@DESC,concert_singer,True,True
696@x_name@ASC,concert_singer,True,False
696@x_name@DESC,concert_singer,True,False
696@y_name@ASC,concert_singer,True,True
696@y_name@DESC,concert_singer,True,True
700@x_name@ASC,concert_singer,True,False
700@x_name@DESC,concert_singer,True,False
700@y_name@ASC,concert_singer,True,True
700@y_name@DESC,concert_singer,True,True
705@x_name@ASC,concert_singer,True,False
705@x_name@DESC,concert_singer,True,False
705@y_name@ASC,concert_singer,True,True
705@y_name@DESC,concert_singer,True,True
803@x_name@ASC,cre_Docs_and_Epenses,True,False
803@x_name@DESC,cre_Docs_and_Epenses,True,False
803@y_name@ASC,cre_Docs_and_Epenses,True,True
803@y_name@DESC,cre_Docs_and_Epenses,True,True
809@x_name@ASC,cre_Docs_and_Epenses,True,False
809@x_name@DESC,cre_Docs_and_Epenses,True,False
809@y_name@ASC,cre_Docs_and_Epenses,True,True
809@y_name@DESC,cre_Docs_and_Epenses,True,True
812@x_name@ASC,cre_Docs_and_Epenses,True,False
812@x_name@DESC,cre_Docs_and_Epenses,True,False
812@y_name@ASC,cre_Docs_and_Epenses,True,True
812@y_name@DESC,cre_Docs_and_Epenses,True,True
816@x_name@ASC,cre_Docs_and_Epenses,True,False
816@x_name@DESC,cre_Docs_and_Epenses,True,False
816@y_name@ASC,cre_Docs_and_Epenses,True,True
816@y_name@DESC,cre_Docs_and_Epenses,True,True
817@x_name@ASC,cre_Docs_and_Epenses,True,False
817@x_name@DESC,cre_Docs_and_Epenses,True,False
817@y_name@ASC,cre_Docs_and_Epenses,True,True
817@y_name@DESC,cre_Docs_and_Epenses,True,True
824@x_name@ASC,cre_Docs_and_Epenses,True,False
824@x_name@DESC,cre_Docs_and_Epenses,True,False
824@y_name@ASC,cre_Docs_and_Epenses,True,True
824@y_name@DESC,cre_Docs_and_Epenses,True,True
827@x_name@ASC,cre_Docs_and_Epenses,True,False
827@x_name@DESC,cre_Docs_and_Epenses,True,False
827@y_name@ASC,cre_Docs_and_Epenses,True,True
827@y_name@DESC,cre_Docs_and_Epenses,True,True
829@x_name@ASC,cre_Docs_and_Epenses,True,False
829@x_name@DESC,cre_Docs_and_Epenses,True,False
829@y_name@ASC,cre_Docs_and_Epenses,True,True
829@y_name@DESC,cre_Docs_and_Epenses,True,True
832@x_name@ASC,cre_Docs_and_Epenses,True,False
832@x_name@DESC,cre_Docs_and_Epenses,True,False
832@y_name@ASC,cre_Docs_and_Epenses,True,True
832@y_name@DESC,cre_Docs_and_Epenses,True,True
833@x_name@ASC,cre_Docs_and_Epenses,True,False
833@x_name@DESC,cre_Docs_and_Epenses,True,False
833@y_name@ASC,cre_Docs_and_Epenses,True,True
833@y_name@DESC,cre_Docs_and_Epenses,True,True
842@x_name@ASC,cre_Docs_and_Epenses,True,False
842@x_name@DESC,cre_Docs_and_Epenses,True,False
842@y_name@ASC,cre_Docs_and_Epenses,True,True
842@y_name@DESC,cre_Docs_and_Epenses,True,True
844@x_name@ASC,cre_Docs_and_Epenses,True,False
844@x_name@DESC,cre_Docs_and_Epenses,True,False
844@y_name@ASC,cre_Docs_and_Epenses,True,True
844@y_name@DESC,cre_Docs_and_Epenses,True,True
846@x_name@ASC,cre_Docs_and_Epenses,True,False
846@x_name@DESC,cre_Docs_and_Epenses,True,False
847@y_name@ASC,cre_Docs_and_Epenses,True,True
847@y_name@DESC,cre_Docs_and_Epenses,True,True
848@x_name@ASC,cre_Docs_and_Epenses,True,False
848@x_name@DESC,cre_Docs_and_Epenses,True,False
849@y_name@ASC,cre_Docs_and_Epenses,True,True
849@y_name@DESC,cre_Docs_and_Epenses,True,True
850@x_name@ASC,cre_Docs_and_Epenses,True,False
850@x_name@DESC,cre_Docs_and_Epenses,True,False
851@y_name@ASC,cre_Docs_and_Epenses,True,True
851@y_name@DESC,cre_Docs_and_Epenses,True,True
852@y_name@ASC,cre_Docs_and_Epenses,True,False
852@y_name@DESC,cre_Docs_and_Epenses,True,False
853@y_name@ASC,cre_Docs_and_Epenses,True,False
853@y_name@DESC,cre_Docs_and_Epenses,True,False
854@x_name@ASC,cre_Docs_and_Epenses,True,False
854@x_name@DESC,cre_Docs_and_Epenses,True,False
855@x_name@ASC,cre_Docs_and_Epenses,True,False
855@x_name@DESC,cre_Docs_and_Epenses,True,False
1987@x_name@ASC,insurance_and_eClaims,True,False
1987@x_name@DESC,insurance_and_eClaims,True,False
1987@y_name@ASC,insurance_and_eClaims,True,True
1987@y_name@DESC,insurance_and_eClaims,True,True
1991@y_name@ASC,insurance_policies,True,False
1991@y_name@DESC,insurance_policies,True,False
1992@y_name@ASC,insurance_policies,True,False
1992@y_name@DESC,insurance_policies,True,False
1994@x_name@ASC,insurance_policies,True,False
1994@x_name@DESC,insurance_policies,True,False
1994@y_name@ASC,insurance_policies,True,True
1994@y_name@DESC,insurance_policies,True,True
2010@x_name@ASC,insurance_policies,True,False
2010@x_name@DESC,insurance_policies,True,False
2010@y_name@ASC,insurance_policies,True,True
2010@y_name@DESC,insurance_policies,True,True
2011@x_name@ASC,insurance_policies,True,False
2011@x_name@DESC,insurance_policies,True,False
2011@y_name@ASC,insurance_policies,True,True
2011@y_name@DESC,insurance_policies,True,True
2012@x_name@ASC,insurance_policies,True,False
2012@x_name@DESC,insurance_policies,True,False
2012@y_name@ASC,insurance_policies,True,True
2012@y_name@DESC,insurance_policies,True,True
2017@y_name@ASC,insurance_policies,True,True
2017@y_name@DESC,insurance_policies,True,True
2018@y_name@ASC,insurance_policies,True,True
2018@y_name@DESC,insurance_policies,True,True
2019@y_name@ASC,insurance_policies,True,True
2019@y_name@DESC,insurance_policies,True,True
2020@y_name@ASC,insurance_policies,True,True
2020@y_name@DESC,insurance_policies,True,True
2021@x_name@ASC,insurance_policies,True,False
2021@x_name@DESC,insurance_policies,True,False
2022@y_name@ASC,insurance_policies,True,False
2022@y_name@DESC,insurance_policies,True,False
2023@y_name@ASC,insurance_policies,True,False
2023@y_name@DESC,insurance_policies,True,False
2024@y_name@ASC,insurance_policies,True,False
2024@y_name@DESC,insurance_policies,True,False
2027@y_name@ASC,insurance_policies,True,False
2027@y_name@DESC,insurance_policies,True,False
2028@y_name@ASC,insurance_policies,True,False
2028@y_name@DESC,insurance_policies,True,False
2030@x_name@ASC,insurance_policies,True,False
2030@x_name@DESC,insurance_policies,True,False
2030@y_name@ASC,insurance_policies,True,False
2030@y_name@DESC,insurance_policies,True,False
2031@y_name@ASC,insurance_policies,True,False
2031@y_name@DESC,insurance_policies,True,False
2035@y_name@ASC,insurance_policies,True,False
2035@y_name@DESC,insurance_policies,True,False
2036@y_name@ASC,insurance_policies,True,False
2036@y_name@DESC,insurance_policies,True,False
709@x_name@ASC,county_public_safety,True,False
709@x_name@DESC,county_public_safety,True,False
709@y_name@ASC,county_public_safety,True,True
709@y_name@DESC,county_public_safety,True,True
710@x_name@ASC,county_public_safety,True,False
710@x_name@DESC,county_public_safety,True,False
710@y_name@ASC,county_public_safety,True,True
710@y_name@DESC,county_public_safety,True,True
151@y_name@ASC,baseball_1,True,True
151@y_name@DESC,baseball_1,True,True
156@x_name@ASC,baseball_1,True,False
156@x_name@DESC,baseball_1,True,False
157@x_name@ASC,baseball_1,True,False
157@x_name@DESC,baseball_1,True,False
158@y_name@ASC,baseball_1,True,False
158@y_name@DESC,baseball_1,True,False
159@y_name@ASC,baseball_1,True,False
159@y_name@DESC,baseball_1,True,False
160@y_name@ASC,baseball_1,True,False
160@y_name@DESC,baseball_1,True,False
161@x_name@ASC,baseball_1,True,False
161@x_name@DESC,baseball_1,True,False
162@x_name@ASC,baseball_1,True,False
162@x_name@DESC,baseball_1,True,False
163@x_name@ASC,baseball_1,True,False
163@x_name@DESC,baseball_1,True,False
164@x_name@ASC,baseball_1,True,False
164@x_name@DESC,baseball_1,True,False
165@y_name@ASC,baseball_1,True,True
165@y_name@DESC,baseball_1,True,True
166@x_name@ASC,baseball_1,True,False
166@x_name@DESC,baseball_1,True,False
169@x_name@ASC,baseball_1,True,False
169@x_name@DESC,baseball_1,True,False
170@x_name@ASC,baseball_1,True,False
170@x_name@DESC,baseball_1,True,False
171@x_name@ASC,baseball_1,True,False
171@x_name@DESC,baseball_1,True,False
2451@x_name@ASC,network_1,True,False
2451@x_name@DESC,network_1,True,False
2451@y_name@ASC,network_1,True,True
2451@y_name@DESC,network_1,True,True
2452@x_name@ASC,network_1,True,False
2452@x_name@DESC,network_1,True,False
2452@y_name@ASC,network_1,True,True
2452@y_name@DESC,network_1,True,True
2453@x_name@ASC,network_1,True,False
2453@x_name@DESC,network_1,True,False
2453@y_name@ASC,network_1,True,True
2453@y_name@DESC,network_1,True,True
2454@x_name@ASC,network_1,True,False
2454@x_name@DESC,network_1,True,False
2454@y_name@ASC,network_1,True,True
2454@y_name@DESC,network_1,True,True
2455@x_name@ASC,network_1,True,False
2455@x_name@DESC,network_1,True,False
2455@y_name@ASC,network_1,True,True
2455@y_name@DESC,network_1,True,True
2456@x_name@ASC,network_1,True,False
2456@x_name@DESC,network_1,True,False
2456@y_name@ASC,network_1,True,True
2456@y_name@DESC,network_1,True,True
2457@x_name@ASC,network_1,True,False
2457@x_name@DESC,network_1,True,False
2457@y_name@ASC,network_1,True,True
2457@y_name@DESC,network_1,True,True
485@x_name@ASC,climbing,True,False
485@x_name@DESC,climbing,True,False
485@y_name@ASC,climbing,True,True
485@y_name@DESC,climbing,True,True
486@x_name@ASC,climbing,True,False
486@x_name@DESC,climbing,True,False
486@y_name@ASC,climbing,True,True
486@y_name@DESC,climbing,True,True
488@x_name@ASC,climbing,True,False
488@x_name@DESC,climbing,True,False
488@y_name@ASC,climbing,True,True
488@y_name@DESC,climbing,True,True
490@x_name@ASC,climbing,True,False
490@x_name@DESC,climbing,True,False
490@y_name@ASC,climbing,True,False
490@y_name@DESC,climbing,True,False
2903@x_name@ASC,swimming,True,False
2903@x_name@DESC,swimming,True,False
2903@y_name@ASC,swimming,True,False
2903@y_name@DESC,swimming,True,False
2904@x_name@ASC,swimming,True,False
2904@x_name@DESC,swimming,True,False
2904@y_name@ASC,swimming,True,True
2904@y_name@DESC,swimming,True,True
2906@x_name@ASC,swimming,True,False
2906@x_name@DESC,swimming,True,False
2906@y_name@ASC,swimming,True,True
2906@y_name@DESC,swimming,True,True
2907@x_name@ASC,swimming,True,False
2907@x_name@DESC,swimming,True,False
2907@y_name@ASC,swimming,True,True
2907@y_name@DESC,swimming,True,True
2908@x_name@ASC,swimming,True,False
2908@x_name@DESC,swimming,True,False
2908@y_name@ASC,swimming,True,True
2908@y_name@DESC,swimming,True,True
2909@x_name@ASC,swimming,True,False
2909@x_name@DESC,swimming,True,False
2909@y_name@ASC,swimming,True,True
2909@y_name@DESC,swimming,True,True
2910@x_name@ASC,swimming,True,False
2910@x_name@DESC,swimming,True,False
2910@y_name@ASC,swimming,True,True
2910@y_name@DESC,swimming,True,True
2911@x_name@ASC,swimming,True,False
2911@x_name@DESC,swimming,True,False
2911@y_name@ASC,swimming,True,True
2911@y_name@DESC,swimming,True,True
2912@x_name@ASC,swimming,True,False
2912@x_name@DESC,swimming,True,False
2912@y_name@ASC,swimming,True,True
2912@y_name@DESC,swimming,True,True
2913@x_name@ASC,swimming,True,False
2913@x_name@DESC,swimming,True,False
2913@y_name@ASC,swimming,True,True
2913@y_name@DESC,swimming,True,True
2914@x_name@ASC,swimming,True,False
2914@x_name@DESC,swimming,True,False
2914@y_name@ASC,swimming,True,True
2914@y_name@DESC,swimming,True,True
2915@x_name@ASC,swimming,True,False
2915@x_name@DESC,swimming,True,False
2915@y_name@ASC,swimming,True,True
2915@y_name@DESC,swimming,True,True
2916@x_name@ASC,swimming,True,False
2916@x_name@DESC,swimming,True,False
2916@y_name@ASC,swimming,True,True
2916@y_name@DESC,swimming,True,True
2917@x_name@ASC,swimming,True,False
2917@x_name@DESC,swimming,True,False
2917@y_name@ASC,swimming,True,True
2917@y_name@DESC,swimming,True,True
2918@x_name@ASC,swimming,True,False
2918@x_name@DESC,swimming,True,False
2918@y_name@ASC,swimming,True,True
2918@y_name@DESC,swimming,True,True
2919@x_name@ASC,swimming,True,False
2919@x_name@DESC,swimming,True,False
2919@y_name@ASC,swimming,True,True
2919@y_name@DESC,swimming,True,True
2920@x_name@ASC,swimming,True,False
2920@x_name@DESC,swimming,True,False
2920@y_name@ASC,swimming,True,True
2920@y_name@DESC,swimming,True,True
2921@x_name@ASC,swimming,True,False
2921@x_name@DESC,swimming,True,False
2921@y_name@ASC,swimming,True,True
2921@y_name@DESC,swimming,True,True
2922@x_name@ASC,swimming,True,False
2922@x_name@DESC,swimming,True,False
2922@y_name@ASC,swimming,True,True
2922@y_name@DESC,swimming,True,True
2923@x_name@ASC,swimming,True,False
2923@x_name@DESC,swimming,True,False
2923@y_name@ASC,swimming,True,True
2923@y_name@DESC,swimming,True,True
2924@x_name@ASC,swimming,True,False
2924@x_name@DESC,swimming,True,False
2924@y_name@ASC,swimming,True,True
2924@y_name@DESC,swimming,True,True
2925@x_name@ASC,swimming,True,False
2925@x_name@DESC,swimming,True,False
2925@y_name@ASC,swimming,True,True
2925@y_name@DESC,swimming,True,True
2926@x_name@ASC,swimming,True,False
2926@x_name@DESC,swimming,True,False
2926@y_name@ASC,swimming,True,True
2926@y_name@DESC,swimming,True,True
2927@x_name@ASC,swimming,True,False
2927@x_name@DESC,swimming,True,False
2927@y_name@ASC,swimming,True,True
2927@y_name@DESC,swimming,True,True
2928@x_name@ASC,swimming,True,False
2928@x_name@DESC,swimming,True,False
2928@y_name@ASC,swimming,True,True
2928@y_name@DESC,swimming,True,True
2929@x_name@ASC,swimming,True,False
2929@x_name@DESC,swimming,True,False
2929@y_name@ASC,swimming,True,True
2929@y_name@DESC,swimming,True,True
2931@x_name@ASC,swimming,True,False
2931@x_name@DESC,swimming,True,False
2931@y_name@ASC,swimming,True,False
2931@y_name@DESC,swimming,True,False
919@y_name@ASC,customers_and_addresses,True,False
919@y_name@DESC,customers_and_addresses,True,False
920@y_name@ASC,customers_and_addresses,True,False
920@y_name@DESC,customers_and_addresses,True,False
921@y_name@ASC,customers_and_addresses,True,False
921@y_name@DESC,customers_and_addresses,True,False
922@y_name@ASC,customers_and_addresses,True,False
922@y_name@DESC,customers_and_addresses,True,False
923@y_name@ASC,customers_and_addresses,True,False
923@y_name@DESC,customers_and_addresses,True,False
924@y_name@ASC,customers_and_addresses,True,False
924@y_name@DESC,customers_and_addresses,True,False
2985@y_name@ASC,tracking_share_transactions,True,False
2985@y_name@DESC,tracking_share_transactions,True,False
2987@x_name@ASC,tracking_share_transactions,True,False
2987@x_name@DESC,tracking_share_transactions,True,False
2988@x_name@ASC,tracking_share_transactions,True,False
2988@x_name@DESC,tracking_share_transactions,True,False
2989@y_name@ASC,tracking_share_transactions,True,False
2989@y_name@DESC,tracking_share_transactions,True,False
2990@x_name@ASC,tracking_share_transactions,True,False
2990@x_name@DESC,tracking_share_transactions,True,False
2993@x_name@ASC,tracking_share_transactions,True,False
2993@x_name@DESC,tracking_share_transactions,True,False
2993@y_name@ASC,tracking_share_transactions,True,True
2993@y_name@DESC,tracking_share_transactions,True,True
2997@x_name@ASC,tracking_share_transactions,True,False
2997@x_name@DESC,tracking_share_transactions,True,False
2997@y_name@ASC,tracking_share_transactions,True,False
2997@y_name@DESC,tracking_share_transactions,True,False
2998@y_name@ASC,tracking_share_transactions,True,False
2998@y_name@DESC,tracking_share_transactions,True,False
2999@x_name@ASC,tracking_share_transactions,True,False
2999@x_name@DESC,tracking_share_transactions,True,False
3001@x_name@ASC,tracking_share_transactions,True,False
3001@x_name@DESC,tracking_share_transactions,True,False
3001@y_name@ASC,tracking_share_transactions,True,False
3001@y_name@DESC,tracking_share_transactions,True,False
3002@x_name@ASC,tracking_share_transactions,True,False
3002@x_name@DESC,tracking_share_transactions,True,False
3002@y_name@ASC,tracking_share_transactions,True,True
3002@y_name@DESC,tracking_share_transactions,True,True
3005@x_name@ASC,tracking_share_transactions,True,False
3005@x_name@DESC,tracking_share_transactions,True,False
3005@y_name@ASC,tracking_share_transactions,True,True
3005@y_name@DESC,tracking_share_transactions,True,True
3006@x_name@ASC,tracking_share_transactions,True,False
3006@x_name@DESC,tracking_share_transactions,True,False
3006@y_name@ASC,tracking_share_transactions,True,False
3006@y_name@DESC,tracking_share_transactions,True,False
3007@y_name@ASC,tracking_share_transactions,True,True
3007@y_name@DESC,tracking_share_transactions,True,True
3008@x_name@ASC,tracking_share_transactions,True,False
3008@x_name@DESC,tracking_share_transactions,True,False
3009@y_name@ASC,tracking_share_transactions,True,True
3009@y_name@DESC,tracking_share_transactions,True,True
3010@y_name@ASC,tracking_share_transactions,True,True
3010@y_name@DESC,tracking_share_transactions,True,True
3011@x_name@ASC,tracking_share_transactions,True,False
3011@x_name@DESC,tracking_share_transactions,True,False
3012@x_name@ASC,tracking_share_transactions,True,False
3012@x_name@DESC,tracking_share_transactions,True,False
3014@y_name@ASC,tracking_share_transactions,True,False
3014@y_name@DESC,tracking_share_transactions,True,False
3015@x_name@ASC,tracking_share_transactions,True,False
3015@x_name@DESC,tracking_share_transactions,True,False
3015@y_name@ASC,tracking_share_transactions,True,False
3015@y_name@DESC,tracking_share_transactions,True,False
3016@x_name@ASC,tracking_share_transactions,True,False
3016@x_name@DESC,tracking_share_transactions,True,False
3017@y_name@ASC,tracking_share_transactions,True,False
3017@y_name@DESC,tracking_share_transactions,True,False
3018@x_name@ASC,tracking_share_transactions,True,False
3018@x_name@DESC,tracking_share_transactions,True,False
3022@x_name@ASC,tracking_share_transactions,True,False
3022@x_name@DESC,tracking_share_transactions,True,False
3022@y_name@ASC,tracking_share_transactions,True,False
3022@y_name@DESC,tracking_share_transactions,True,False
1462@x_name@ASC,game_1,True,False
1462@x_name@DESC,game_1,True,False
1462@y_name@ASC,game_1,True,True
1462@y_name@DESC,game_1,True,True
1470@x_name@ASC,game_1,True,False
1470@x_name@DESC,game_1,True,False
1470@y_name@ASC,game_1,True,False
1470@y_name@DESC,game_1,True,False
857@x_name@ASC,cre_Drama_Workshop_Groups,True,False
857@x_name@DESC,cre_Drama_Workshop_Groups,True,False
857@y_name@ASC,cre_Drama_Workshop_Groups,True,False
857@y_name@DESC,cre_Drama_Workshop_Groups,True,False
859@x_name@ASC,cre_Drama_Workshop_Groups,True,False
859@x_name@DESC,cre_Drama_Workshop_Groups,True,False
859@y_name@ASC,cre_Drama_Workshop_Groups,True,True
859@y_name@DESC,cre_Drama_Workshop_Groups,True,True
862@y_name@ASC,cre_Drama_Workshop_Groups,True,True
862@y_name@DESC,cre_Drama_Workshop_Groups,True,True
863@y_name@ASC,cre_Drama_Workshop_Groups,True,True
863@y_name@DESC,cre_Drama_Workshop_Groups,True,True
864@x_name@ASC,cre_Drama_Workshop_Groups,True,False
864@x_name@DESC,cre_Drama_Workshop_Groups,True,False
865@x_name@ASC,cre_Drama_Workshop_Groups,True,False
865@x_name@DESC,cre_Drama_Workshop_Groups,True,False
872@x_name@ASC,cre_Drama_Workshop_Groups,True,False
872@x_name@DESC,cre_Drama_Workshop_Groups,True,False
872@y_name@ASC,cre_Drama_Workshop_Groups,True,True
872@y_name@DESC,cre_Drama_Workshop_Groups,True,True
875@x_name@ASC,cre_Drama_Workshop_Groups,True,False
875@x_name@DESC,cre_Drama_Workshop_Groups,True,False
875@y_name@ASC,cre_Drama_Workshop_Groups,True,True
875@y_name@DESC,cre_Drama_Workshop_Groups,True,True
882@x_name@ASC,cre_Drama_Workshop_Groups,True,False
882@x_name@DESC,cre_Drama_Workshop_Groups,True,False
882@y_name@ASC,cre_Drama_Workshop_Groups,True,True
882@y_name@DESC,cre_Drama_Workshop_Groups,True,True
884@x_name@ASC,cre_Drama_Workshop_Groups,True,False
884@x_name@DESC,cre_Drama_Workshop_Groups,True,False
884@y_name@ASC,cre_Drama_Workshop_Groups,True,False
884@y_name@DESC,cre_Drama_Workshop_Groups,True,False
1302@x_name@ASC,election,True,False
1302@x_name@DESC,election,True,False
1302@y_name@ASC,election,True,True
1302@y_name@DESC,election,True,True
1304@x_name@ASC,election,True,False
1304@x_name@DESC,election,True,False
1304@y_name@ASC,election,True,True
1304@y_name@DESC,election,True,True
1306@x_name@ASC,election,True,False
1306@x_name@DESC,election,True,False
1306@y_name@ASC,election,True,True
1306@y_name@DESC,election,True,True
1307@x_name@ASC,election,True,False
1307@x_name@DESC,election,True,False
1307@y_name@ASC,election,True,True
1307@y_name@DESC,election,True,True
1308@x_name@ASC,election,True,False
1308@x_name@DESC,election,True,False
1308@y_name@ASC,election,True,True
1308@y_name@DESC,election,True,True
1311@x_name@ASC,election,True,False
1311@x_name@DESC,election,True,False
1311@y_name@ASC,election,True,True
1311@y_name@DESC,election,True,True
1315@x_name@ASC,election,True,False
1315@x_name@DESC,election,True,False
1315@y_name@ASC,election,True,True
1315@y_name@DESC,election,True,True
1317@x_name@ASC,election,True,False
1317@x_name@DESC,election,True,False
1317@y_name@ASC,election,True,False
1317@y_name@DESC,election,True,False
1319@x_name@ASC,election,True,False
1319@x_name@DESC,election,True,False
1319@y_name@ASC,election,True,False
1319@y_name@DESC,election,True,False
1320@x_name@ASC,election,True,False
1320@x_name@DESC,election,True,False
1320@y_name@ASC,election,True,True
1320@y_name@DESC,election,True,True
1322@x_name@ASC,election,True,False
1322@x_name@DESC,election,True,False
1322@y_name@ASC,election,True,False
1322@y_name@DESC,election,True,False
364@x_name@ASC,book_2,True,False
364@x_name@DESC,book_2,True,False
364@y_name@ASC,book_2,True,True
364@y_name@DESC,book_2,True,True
365@x_name@ASC,book_2,True,False
365@x_name@DESC,book_2,True,False
365@y_name@ASC,book_2,True,True
365@y_name@DESC,book_2,True,True
2436@x_name@ASC,music_4,True,False
2436@x_name@DESC,music_4,True,False
2436@y_name@ASC,music_4,True,True
2436@y_name@DESC,music_4,True,True
2439@x_name@ASC,music_4,True,False
2439@x_name@DESC,music_4,True,False
2439@y_name@ASC,music_4,True,False
2439@y_name@DESC,music_4,True,False
2441@x_name@ASC,music_4,True,False
2441@x_name@DESC,music_4,True,False
2441@y_name@ASC,music_4,True,True
2441@y_name@DESC,music_4,True,True
2127@x_name@ASC,local_govt_in_alabama,True,False
2127@x_name@DESC,local_govt_in_alabama,True,False
2127@y_name@ASC,local_govt_in_alabama,True,True
2127@y_name@DESC,local_govt_in_alabama,True,True
2130@x_name@ASC,local_govt_in_alabama,True,False
2130@x_name@DESC,local_govt_in_alabama,True,False
2130@y_name@ASC,local_govt_in_alabama,True,True
2130@y_name@DESC,local_govt_in_alabama,True,True
2133@x_name@ASC,local_govt_in_alabama,True,False
2133@x_name@DESC,local_govt_in_alabama,True,False
2133@y_name@ASC,local_govt_in_alabama,True,False
2133@y_name@DESC,local_govt_in_alabama,True,False
2135@x_name@ASC,local_govt_in_alabama,True,False
2135@x_name@DESC,local_govt_in_alabama,True,False
2135@y_name@ASC,local_govt_in_alabama,True,True
2135@y_name@DESC,local_govt_in_alabama,True,True
2143@x_name@ASC,local_govt_in_alabama,True,False
2143@x_name@DESC,local_govt_in_alabama,True,False
2143@y_name@ASC,local_govt_in_alabama,True,True
2143@y_name@DESC,local_govt_in_alabama,True,True
2144@x_name@ASC,local_govt_in_alabama,True,False
2144@x_name@DESC,local_govt_in_alabama,True,False
2144@y_name@ASC,local_govt_in_alabama,True,True
2144@y_name@DESC,local_govt_in_alabama,True,True
2149@x_name@ASC,local_govt_in_alabama,True,False
2149@x_name@DESC,local_govt_in_alabama,True,False
2149@y_name@ASC,local_govt_in_alabama,True,True
2149@y_name@DESC,local_govt_in_alabama,True,True
2152@x_name@ASC,local_govt_in_alabama,True,False
2152@x_name@DESC,local_govt_in_alabama,True,False
2152@y_name@ASC,local_govt_in_alabama,True,True
2152@y_name@DESC,local_govt_in_alabama,True,True
2153@x_name@ASC,local_govt_in_alabama,True,False
2153@x_name@DESC,local_govt_in_alabama,True,False
2153@y_name@ASC,local_govt_in_alabama,True,True
2153@y_name@DESC,local_govt_in_alabama,True,True
1146@x_name@ASC,device,True,False
1146@x_name@DESC,device,True,False
1146@y_name@ASC,device,True,True
1146@y_name@DESC,device,True,True
1147@x_name@ASC,device,True,False
1147@x_name@DESC,device,True,False
1147@y_name@ASC,device,True,True
1147@y_name@DESC,device,True,True
1149@x_name@ASC,device,True,False
1149@x_name@DESC,device,True,False
1149@y_name@ASC,device,True,True
1149@y_name@DESC,device,True,True
1150@x_name@ASC,device,True,False
1150@x_name@DESC,device,True,False
1150@y_name@ASC,device,True,True
1150@y_name@DESC,device,True,True
2814@x_name@ASC,sports_competition,True,False
2814@x_name@DESC,sports_competition,True,False
2814@y_name@ASC,sports_competition,True,True
2814@y_name@DESC,sports_competition,True,True
2815@x_name@ASC,sports_competition,True,False
2815@x_name@DESC,sports_competition,True,False
2815@y_name@ASC,sports_competition,True,True
2815@y_name@DESC,sports_competition,True,True
2816@x_name@ASC,sports_competition,True,False
2816@x_name@DESC,sports_competition,True,False
2816@y_name@ASC,sports_competition,True,True
2816@y_name@DESC,sports_competition,True,True
2818@x_name@ASC,sports_competition,True,False
2818@x_name@DESC,sports_competition,True,False
2818@y_name@ASC,sports_competition,True,False
2818@y_name@DESC,sports_competition,True,False
2820@x_name@ASC,sports_competition,True,False
2820@x_name@DESC,sports_competition,True,False
2820@y_name@ASC,sports_competition,True,True
2820@y_name@DESC,sports_competition,True,True
2821@x_name@ASC,sports_competition,True,False
2821@x_name@DESC,sports_competition,True,False
2821@y_name@ASC,sports_competition,True,False
2821@y_name@DESC,sports_competition,True,False
2823@x_name@ASC,sports_competition,True,False
2823@x_name@DESC,sports_competition,True,False
2823@y_name@ASC,sports_competition,True,True
2823@y_name@DESC,sports_competition,True,True
2827@x_name@ASC,sports_competition,True,False
2827@x_name@DESC,sports_competition,True,False
2827@y_name@ASC,sports_competition,True,True
2827@y_name@DESC,sports_competition,True,True
3260@x_name@ASC,workshop_paper,True,False
3260@x_name@DESC,workshop_paper,True,False
3260@y_name@ASC,workshop_paper,True,True
3260@y_name@DESC,workshop_paper,True,True
3261@x_name@ASC,workshop_paper,True,False
3261@x_name@DESC,workshop_paper,True,False
3261@y_name@ASC,workshop_paper,True,True
3261@y_name@DESC,workshop_paper,True,True
3263@x_name@ASC,workshop_paper,True,False
3263@x_name@DESC,workshop_paper,True,False
3263@y_name@ASC,workshop_paper,True,True
3263@y_name@DESC,workshop_paper,True,True
3266@x_name@ASC,workshop_paper,True,False
3266@x_name@DESC,workshop_paper,True,False
3266@y_name@ASC,workshop_paper,True,False
3266@y_name@DESC,workshop_paper,True,False
2694@x_name@ASC,school_bus,True,False
2694@x_name@DESC,school_bus,True,False
2694@y_name@ASC,school_bus,True,True
2694@y_name@DESC,school_bus,True,True
2696@x_name@ASC,school_bus,True,False
2696@x_name@DESC,school_bus,True,False
2696@y_name@ASC,school_bus,True,True
2696@y_name@DESC,school_bus,True,True
2698@x_name@ASC,school_bus,True,False
2698@x_name@DESC,school_bus,True,False
2698@y_name@ASC,school_bus,True,True
2698@y_name@DESC,school_bus,True,True
2699@x_name@ASC,school_bus,True,False
2699@x_name@DESC,school_bus,True,False
2699@y_name@ASC,school_bus,True,True
2699@y_name@DESC,school_bus,True,True
2702@x_name@ASC,school_bus,True,False
2702@x_name@DESC,school_bus,True,False
2702@y_name@ASC,school_bus,True,True
2702@y_name@DESC,school_bus,True,True
2626@x_name@ASC,protein_institute,True,False
2626@x_name@DESC,protein_institute,True,False
2626@y_name@ASC,protein_institute,True,True
2626@y_name@DESC,protein_institute,True,True
2629@x_name@ASC,protein_institute,True,False
2629@x_name@DESC,protein_institute,True,False
2629@y_name@ASC,protein_institute,True,True
2629@y_name@DESC,protein_institute,True,True
2631@x_name@ASC,protein_institute,True,False
2631@x_name@DESC,protein_institute,True,False
2631@y_name@ASC,protein_institute,True,True
2631@y_name@DESC,protein_institute,True,True
2636@x_name@ASC,protein_institute,True,False
2636@x_name@DESC,protein_institute,True,False
2636@y_name@ASC,protein_institute,True,False
2636@y_name@DESC,protein_institute,True,False
2640@x_name@ASC,protein_institute,True,False
2640@x_name@DESC,protein_institute,True,False
2640@y_name@ASC,protein_institute,True,True
2640@y_name@DESC,protein_institute,True,True
5@x_name@ASC,activity_1,True,False
5@x_name@DESC,activity_1,True,False
5@y_name@ASC,activity_1,True,True
5@y_name@DESC,activity_1,True,True
7@x_name@ASC,activity_1,True,False
7@x_name@DESC,activity_1,True,False
7@y_name@ASC,activity_1,True,True
7@y_name@DESC,activity_1,True,True
9@x_name@ASC,activity_1,True,False
9@x_name@DESC,activity_1,True,False
9@y_name@ASC,activity_1,True,True
9@y_name@DESC,activity_1,True,True
11@x_name@ASC,activity_1,True,False
11@x_name@DESC,activity_1,True,False
11@y_name@ASC,activity_1,True,True
11@y_name@DESC,activity_1,True,True
12@x_name@ASC,activity_1,True,False
12@x_name@DESC,activity_1,True,False
12@y_name@ASC,activity_1,True,True
12@y_name@DESC,activity_1,True,True
17@x_name@ASC,activity_1,True,False
17@x_name@DESC,activity_1,True,False
17@y_name@ASC,activity_1,True,True
17@y_name@DESC,activity_1,True,True
22@x_name@ASC,activity_1,True,False
22@x_name@DESC,activity_1,True,False
22@y_name@ASC,activity_1,True,False
22@y_name@DESC,activity_1,True,False
24@x_name@ASC,activity_1,True,False
24@x_name@DESC,activity_1,True,False
24@y_name@ASC,activity_1,True,True
24@y_name@DESC,activity_1,True,True
26@x_name@ASC,activity_1,True,False
26@x_name@DESC,activity_1,True,False
26@y_name@ASC,activity_1,True,True
26@y_name@DESC,activity_1,True,True
30@x_name@ASC,activity_1,True,False
30@x_name@DESC,activity_1,True,False
30@y_name@ASC,activity_1,True,True
30@y_name@DESC,activity_1,True,True
2568@x_name@ASC,phone_market,True,False
2568@x_name@DESC,phone_market,True,False
2568@y_name@ASC,phone_market,True,True
2568@y_name@DESC,phone_market,True,True
2569@x_name@ASC,phone_market,True,False
2569@x_name@DESC,phone_market,True,False
2569@y_name@ASC,phone_market,True,True
2569@y_name@DESC,phone_market,True,True
2572@x_name@ASC,phone_market,True,False
2572@x_name@DESC,phone_market,True,False
2572@y_name@ASC,phone_market,True,True
2572@y_name@DESC,phone_market,True,True
2573@x_name@ASC,phone_market,True,False
2573@x_name@DESC,phone_market,True,False
2573@y_name@ASC,phone_market,True,True
2573@y_name@DESC,phone_market,True,True
2575@x_name@ASC,phone_market,True,False
2575@x_name@DESC,phone_market,True,False
2575@y_name@ASC,phone_market,True,True
2575@y_name@DESC,phone_market,True,True
2577@x_name@ASC,phone_market,True,False
2577@x_name@DESC,phone_market,True,False
2577@y_name@ASC,phone_market,True,True
2577@y_name@DESC,phone_market,True,True
2581@x_name@ASC,phone_market,True,False
2581@x_name@DESC,phone_market,True,False
2581@y_name@ASC,phone_market,True,True
2581@y_name@DESC,phone_market,True,True
2582@x_name@ASC,phone_market,True,False
2582@x_name@DESC,phone_market,True,False
2582@y_name@ASC,phone_market,True,True
2582@y_name@DESC,phone_market,True,True
1371@x_name@ASC,entrepreneur,True,False
1371@x_name@DESC,entrepreneur,True,False
1371@y_name@ASC,entrepreneur,True,True
1371@y_name@DESC,entrepreneur,True,True
1373@x_name@ASC,entrepreneur,True,False
1373@x_name@DESC,entrepreneur,True,False
1373@y_name@ASC,entrepreneur,True,True
1373@y_name@DESC,entrepreneur,True,True
1374@y_name@ASC,entrepreneur,True,False
1374@y_name@DESC,entrepreneur,True,False
1375@x_name@ASC,entrepreneur,True,False
1375@x_name@DESC,entrepreneur,True,False
65@y_name@ASC,apartment_rentals,True,False
65@y_name@DESC,apartment_rentals,True,False
66@y_name@ASC,apartment_rentals,True,False
66@y_name@DESC,apartment_rentals,True,False
67@y_name@ASC,apartment_rentals,True,False
67@y_name@DESC,apartment_rentals,True,False
68@y_name@ASC,apartment_rentals,True,False
68@y_name@DESC,apartment_rentals,True,False
69@y_name@ASC,apartment_rentals,True,False
69@y_name@DESC,apartment_rentals,True,False
70@y_name@ASC,apartment_rentals,True,False
70@y_name@DESC,apartment_rentals,True,False
71@y_name@ASC,apartment_rentals,True,False
71@y_name@DESC,apartment_rentals,True,False
72@y_name@ASC,apartment_rentals,True,False
72@y_name@DESC,apartment_rentals,True,False
74@x_name@ASC,apartment_rentals,True,False
74@x_name@DESC,apartment_rentals,True,False
74@y_name@ASC,apartment_rentals,True,True
74@y_name@DESC,apartment_rentals,True,True
75@y_name@ASC,apartment_rentals,True,False
75@y_name@DESC,apartment_rentals,True,False
76@y_name@ASC,apartment_rentals,True,False
76@y_name@DESC,apartment_rentals,True,False
77@y_name@ASC,apartment_rentals,True,False
77@y_name@DESC,apartment_rentals,True,False
78@y_name@ASC,apartment_rentals,True,False
78@y_name@DESC,apartment_rentals,True,False
79@y_name@ASC,apartment_rentals,True,False
79@y_name@DESC,apartment_rentals,True,False
80@x_name@ASC,apartment_rentals,True,False
80@x_name@DESC,apartment_rentals,True,False
82@x_name@ASC,apartment_rentals,True,False
82@x_name@DESC,apartment_rentals,True,False
82@y_name@ASC,apartment_rentals,True,False
82@y_name@DESC,apartment_rentals,True,False
83@y_name@ASC,apartment_rentals,True,True
83@y_name@DESC,apartment_rentals,True,True
84@y_name@ASC,apartment_rentals,True,True
84@y_name@DESC,apartment_rentals,True,True
85@y_name@ASC,apartment_rentals,True,True
85@y_name@DESC,apartment_rentals,True,True
86@y_name@ASC,apartment_rentals,True,True
86@y_name@DESC,apartment_rentals,True,True
87@x_name@ASC,apartment_rentals,True,False
87@x_name@DESC,apartment_rentals,True,False
88@y_name@ASC,apartment_rentals,True,True
88@y_name@DESC,apartment_rentals,True,True
89@y_name@ASC,apartment_rentals,True,True
89@y_name@DESC,apartment_rentals,True,True
90@y_name@ASC,apartment_rentals,True,True
90@y_name@DESC,apartment_rentals,True,True
91@y_name@ASC,apartment_rentals,True,True
91@y_name@DESC,apartment_rentals,True,True
92@x_name@ASC,apartment_rentals,True,False
92@x_name@DESC,apartment_rentals,True,False
92@y_name@ASC,apartment_rentals,True,True
92@y_name@DESC,apartment_rentals,True,True
96@x_name@ASC,apartment_rentals,True,False
96@x_name@DESC,apartment_rentals,True,False
96@y_name@ASC,apartment_rentals,True,False
96@y_name@DESC,apartment_rentals,True,False
97@x_name@ASC,apartment_rentals,True,False
97@x_name@DESC,apartment_rentals,True,False
97@y_name@ASC,apartment_rentals,True,True
97@y_name@DESC,apartment_rentals,True,True
98@y_name@ASC,apartment_rentals,True,True
98@y_name@DESC,apartment_rentals,True,True
99@y_name@ASC,apartment_rentals,True,True
99@y_name@DESC,apartment_rentals,True,True
100@y_name@ASC,apartment_rentals,True,True
100@y_name@DESC,apartment_rentals,True,True
101@y_name@ASC,apartment_rentals,True,True
101@y_name@DESC,apartment_rentals,True,True
102@x_name@ASC,apartment_rentals,True,False
102@x_name@DESC,apartment_rentals,True,False
102@y_name@ASC,apartment_rentals,True,True
102@y_name@DESC,apartment_rentals,True,True
104@x_name@ASC,apartment_rentals,True,False
104@x_name@DESC,apartment_rentals,True,False
104@y_name@ASC,apartment_rentals,True,False
104@y_name@DESC,apartment_rentals,True,False
2327@x_name@ASC,medicine_enzyme_interaction,True,False
2327@x_name@DESC,medicine_enzyme_interaction,True,False
2327@y_name@ASC,medicine_enzyme_interaction,True,True
2327@y_name@DESC,medicine_enzyme_interaction,True,True
2329@x_name@ASC,medicine_enzyme_interaction,True,False
2329@x_name@DESC,medicine_enzyme_interaction,True,False
2329@y_name@ASC,medicine_enzyme_interaction,True,True
2329@y_name@DESC,medicine_enzyme_interaction,True,True
1521@x_name@ASC,gymnast,True,False
1521@x_name@DESC,gymnast,True,False
1521@y_name@ASC,gymnast,True,True
1521@y_name@DESC,gymnast,True,True
2855@x_name@ASC,store_1,True,False
2855@x_name@DESC,store_1,True,False
2855@y_name@ASC,store_1,True,True
2855@y_name@DESC,store_1,True,True
2856@x_name@ASC,store_1,True,False
2856@x_name@DESC,store_1,True,False
2856@y_name@ASC,store_1,True,False
2856@y_name@DESC,store_1,True,False
1329@x_name@ASC,employee_hire_evaluation,True,False
1329@x_name@DESC,employee_hire_evaluation,True,False
1329@y_name@ASC,employee_hire_evaluation,True,True
1329@y_name@DESC,employee_hire_evaluation,True,True
1330@y_name@ASC,employee_hire_evaluation,True,True
1330@y_name@DESC,employee_hire_evaluation,True,True
1331@y_name@ASC,employee_hire_evaluation,True,True
1331@y_name@DESC,employee_hire_evaluation,True,True
1332@y_name@ASC,employee_hire_evaluation,True,True
1332@y_name@DESC,employee_hire_evaluation,True,True
1333@y_name@ASC,employee_hire_evaluation,True,True
1333@y_name@DESC,employee_hire_evaluation,True,True
1334@y_name@ASC,employee_hire_evaluation,True,True
1334@y_name@DESC,employee_hire_evaluation,True,True
1335@x_name@ASC,employee_hire_evaluation,True,False
1335@x_name@DESC,employee_hire_evaluation,True,False
1335@y_name@ASC,employee_hire_evaluation,True,True
1335@y_name@DESC,employee_hire_evaluation,True,True
1337@y_name@ASC,employee_hire_evaluation,True,True
1337@y_name@DESC,employee_hire_evaluation,True,True
1338@x_name@ASC,employee_hire_evaluation,True,False
1338@x_name@DESC,employee_hire_evaluation,True,False
1339@x_name@ASC,employee_hire_evaluation,True,False
1339@x_name@DESC,employee_hire_evaluation,True,False
1340@y_name@ASC,employee_hire_evaluation,True,True
1340@y_name@DESC,employee_hire_evaluation,True,True
1341@y_name@ASC,employee_hire_evaluation,True,True
1341@y_name@DESC,employee_hire_evaluation,True,True
1342@y_name@ASC,employee_hire_evaluation,True,True
1342@y_name@DESC,employee_hire_evaluation,True,True
1343@y_name@ASC,employee_hire_evaluation,True,True
1343@y_name@DESC,employee_hire_evaluation,True,True
1345@x_name@ASC,employee_hire_evaluation,True,False
1345@x_name@DESC,employee_hire_evaluation,True,False
1345@y_name@ASC,employee_hire_evaluation,True,True
1345@y_name@DESC,employee_hire_evaluation,True,True
1346@x_name@ASC,employee_hire_evaluation,True,False
1346@x_name@DESC,employee_hire_evaluation,True,False
1346@y_name@ASC,employee_hire_evaluation,True,True
1346@y_name@DESC,employee_hire_evaluation,True,True
1347@x_name@ASC,employee_hire_evaluation,True,False
1347@x_name@DESC,employee_hire_evaluation,True,False
1347@y_name@ASC,employee_hire_evaluation,True,True
1347@y_name@DESC,employee_hire_evaluation,True,True
1348@x_name@ASC,employee_hire_evaluation,True,False
1348@x_name@DESC,employee_hire_evaluation,True,False
1348@y_name@ASC,employee_hire_evaluation,True,True
1348@y_name@DESC,employee_hire_evaluation,True,True
1349@x_name@ASC,employee_hire_evaluation,True,False
1349@x_name@DESC,employee_hire_evaluation,True,False
1350@x_name@ASC,employee_hire_evaluation,True,False
1350@x_name@DESC,employee_hire_evaluation,True,False
1351@x_name@ASC,employee_hire_evaluation,True,False
1351@x_name@DESC,employee_hire_evaluation,True,False
1352@x_name@ASC,employee_hire_evaluation,True,False
1352@x_name@DESC,employee_hire_evaluation,True,False
1353@x_name@ASC,employee_hire_evaluation,True,False
1353@x_name@DESC,employee_hire_evaluation,True,False
1356@x_name@ASC,employee_hire_evaluation,True,False
1356@x_name@DESC,employee_hire_evaluation,True,False
1358@x_name@ASC,employee_hire_evaluation,True,False
1358@x_name@DESC,employee_hire_evaluation,True,False
1359@x_name@ASC,employee_hire_evaluation,True,False
1359@x_name@DESC,employee_hire_evaluation,True,False
1360@x_name@ASC,employee_hire_evaluation,True,False
1360@x_name@DESC,employee_hire_evaluation,True,False
1361@x_name@ASC,employee_hire_evaluation,True,False
1361@x_name@DESC,employee_hire_evaluation,True,False
1363@x_name@ASC,employee_hire_evaluation,True,False
1363@x_name@DESC,employee_hire_evaluation,True,False
1363@y_name@ASC,employee_hire_evaluation,True,True
1363@y_name@DESC,employee_hire_evaluation,True,True
513@x_name@ASC,college_1,True,False
513@x_name@DESC,college_1,True,False
513@y_name@ASC,college_1,True,True
513@y_name@DESC,college_1,True,True
515@x_name@ASC,college_1,True,False
515@x_name@DESC,college_1,True,False
515@y_name@ASC,college_1,True,False
515@y_name@DESC,college_1,True,False
518@x_name@ASC,college_1,True,False
518@x_name@DESC,college_1,True,False
518@y_name@ASC,college_1,True,False
518@y_name@DESC,college_1,True,False
520@x_name@ASC,college_1,True,False
520@x_name@DESC,college_1,True,False
520@y_name@ASC,college_1,True,False
520@y_name@DESC,college_1,True,False
522@x_name@ASC,college_1,True,False
522@x_name@DESC,college_1,True,False
522@y_name@ASC,college_1,True,True
522@y_name@DESC,college_1,True,True
523@x_name@ASC,college_1,True,False
523@x_name@DESC,college_1,True,False
523@y_name@ASC,college_1,True,True
523@y_name@DESC,college_1,True,True
524@x_name@ASC,college_1,True,False
524@x_name@DESC,college_1,True,False
524@y_name@ASC,college_1,True,True
524@y_name@DESC,college_1,True,True
529@x_name@ASC,college_1,True,False
529@x_name@DESC,college_1,True,False
529@y_name@ASC,college_1,True,False
529@y_name@DESC,college_1,True,False
531@x_name@ASC,college_1,True,False
531@x_name@DESC,college_1,True,False
531@y_name@ASC,college_1,True,False
531@y_name@DESC,college_1,True,False
532@x_name@ASC,college_1,True,False
532@x_name@DESC,college_1,True,False
532@y_name@ASC,college_1,True,True
532@y_name@DESC,college_1,True,True
533@x_name@ASC,college_1,True,False
533@x_name@DESC,college_1,True,False
533@y_name@ASC,college_1,True,False
533@y_name@DESC,college_1,True,False
543@x_name@ASC,college_1,True,False
543@x_name@DESC,college_1,True,False
543@y_name@ASC,college_1,True,False
543@y_name@DESC,college_1,True,False
544@x_name@ASC,college_1,True,False
544@x_name@DESC,college_1,True,False
544@y_name@ASC,college_1,True,True
544@y_name@DESC,college_1,True,True
545@x_name@ASC,college_1,True,False
545@x_name@DESC,college_1,True,False
545@y_name@ASC,college_1,True,True
545@y_name@DESC,college_1,True,True
546@y_name@ASC,college_1,True,False
546@y_name@DESC,college_1,True,False
548@x_name@ASC,college_1,True,False
548@x_name@DESC,college_1,True,False
550@y_name@ASC,college_1,True,False
550@y_name@DESC,college_1,True,False
551@y_name@ASC,college_1,True,False
551@y_name@DESC,college_1,True,False
552@y_name@ASC,college_1,True,False
552@y_name@DESC,college_1,True,False
553@x_name@ASC,college_1,True,False
553@x_name@DESC,college_1,True,False
553@y_name@ASC,college_1,True,True
553@y_name@DESC,college_1,True,True
555@x_name@ASC,college_1,True,False
555@x_name@DESC,college_1,True,False
555@y_name@ASC,college_1,True,True
555@y_name@DESC,college_1,True,True
556@x_name@ASC,college_1,True,False
556@x_name@DESC,college_1,True,False
556@y_name@ASC,college_1,True,True
556@y_name@DESC,college_1,True,True
557@x_name@ASC,college_1,True,False
557@x_name@DESC,college_1,True,False
557@y_name@ASC,college_1,True,True
557@y_name@DESC,college_1,True,True
558@x_name@ASC,college_1,True,False
558@x_name@DESC,college_1,True,False
558@y_name@ASC,college_1,True,True
558@y_name@DESC,college_1,True,True
559@x_name@ASC,college_1,True,False
559@x_name@DESC,college_1,True,False
559@y_name@ASC,college_1,True,True
559@y_name@DESC,college_1,True,True
560@x_name@ASC,college_1,True,False
560@x_name@DESC,college_1,True,False
560@y_name@ASC,college_1,True,True
560@y_name@DESC,college_1,True,True
561@x_name@ASC,college_1,True,False
561@x_name@DESC,college_1,True,False
561@y_name@ASC,college_1,True,True
561@y_name@DESC,college_1,True,True
562@x_name@ASC,college_1,True,False
562@x_name@DESC,college_1,True,False
562@y_name@ASC,college_1,True,True
562@y_name@DESC,college_1,True,True
564@x_name@ASC,college_1,True,False
564@x_name@DESC,college_1,True,False
564@y_name@ASC,college_1,True,True
564@y_name@DESC,college_1,True,True
566@x_name@ASC,college_1,True,False
566@x_name@DESC,college_1,True,False
566@y_name@ASC,college_1,True,True
566@y_name@DESC,college_1,True,True
574@x_name@ASC,college_1,True,False
574@x_name@DESC,college_1,True,False
574@y_name@ASC,college_1,True,True
574@y_name@DESC,college_1,True,True
576@x_name@ASC,college_1,True,False
576@x_name@DESC,college_1,True,False
576@y_name@ASC,college_1,True,False
576@y_name@DESC,college_1,True,False
578@x_name@ASC,college_1,True,False
578@x_name@DESC,college_1,True,False
578@y_name@ASC,college_1,True,False
578@y_name@DESC,college_1,True,False
580@x_name@ASC,college_1,True,False
580@x_name@DESC,college_1,True,False
580@y_name@ASC,college_1,True,True
580@y_name@DESC,college_1,True,True
581@x_name@ASC,college_1,True,False
581@x_name@DESC,college_1,True,False
581@y_name@ASC,college_1,True,True
581@y_name@DESC,college_1,True,True
582@x_name@ASC,college_1,True,False
582@x_name@DESC,college_1,True,False
582@y_name@ASC,college_1,True,True
582@y_name@DESC,college_1,True,True
583@x_name@ASC,college_1,True,False
583@x_name@DESC,college_1,True,False
583@y_name@ASC,college_1,True,True
583@y_name@DESC,college_1,True,True
584@x_name@ASC,college_1,True,False
584@x_name@DESC,college_1,True,False
584@y_name@ASC,college_1,True,True
584@y_name@DESC,college_1,True,True
586@x_name@ASC,college_1,True,False
586@x_name@DESC,college_1,True,False
586@y_name@ASC,college_1,True,True
586@y_name@DESC,college_1,True,True
2156@x_name@ASC,local_govt_mdm,True,False
2156@x_name@DESC,local_govt_mdm,True,False
2156@y_name@ASC,local_govt_mdm,True,False
2156@y_name@DESC,local_govt_mdm,True,False
685@x_name@ASC,company_office,True,False
685@x_name@DESC,company_office,True,False
685@y_name@ASC,company_office,True,True
685@y_name@DESC,company_office,True,True
686@x_name@ASC,company_office,True,False
686@x_name@DESC,company_office,True,False
686@y_name@ASC,company_office,True,True
686@y_name@DESC,company_office,True,True
687@x_name@ASC,company_office,True,False
687@x_name@DESC,company_office,True,False
687@y_name@ASC,company_office,True,True
687@y_name@DESC,company_office,True,True
172@x_name@ASC,battle_death,True,False
172@x_name@DESC,battle_death,True,False
172@y_name@ASC,battle_death,True,True
172@y_name@DESC,battle_death,True,True
174@x_name@ASC,battle_death,True,False
174@x_name@DESC,battle_death,True,False
174@y_name@ASC,battle_death,True,False
174@y_name@DESC,battle_death,True,False
179@x_name@ASC,battle_death,True,False
179@x_name@DESC,battle_death,True,False
179@y_name@ASC,battle_death,True,True
179@y_name@DESC,battle_death,True,True
1210@x_name@ASC,dorm_1,True,False
1210@x_name@DESC,dorm_1,True,False
1210@y_name@ASC,dorm_1,True,True
1210@y_name@DESC,dorm_1,True,True
1211@x_name@ASC,dorm_1,True,False
1211@x_name@DESC,dorm_1,True,False
1211@y_name@ASC,dorm_1,True,True
1211@y_name@DESC,dorm_1,True,True
1215@x_name@ASC,dorm_1,True,False
1215@x_name@DESC,dorm_1,True,False
1215@y_name@ASC,dorm_1,True,False
1215@y_name@DESC,dorm_1,True,False
1217@x_name@ASC,dorm_1,True,False
1217@x_name@DESC,dorm_1,True,False
1217@y_name@ASC,dorm_1,True,False
1217@y_name@DESC,dorm_1,True,False
1219@x_name@ASC,dorm_1,True,False
1219@x_name@DESC,dorm_1,True,False
1219@y_name@ASC,dorm_1,True,False
1219@y_name@DESC,dorm_1,True,False
1220@x_name@ASC,dorm_1,True,False
1220@x_name@DESC,dorm_1,True,False
1220@y_name@ASC,dorm_1,True,False
1220@y_name@DESC,dorm_1,True,False
1222@x_name@ASC,dorm_1,True,False
1222@x_name@DESC,dorm_1,True,False
1222@y_name@ASC,dorm_1,True,True
1222@y_name@DESC,dorm_1,True,True
1224@x_name@ASC,dorm_1,True,False
1224@x_name@DESC,dorm_1,True,False
1224@y_name@ASC,dorm_1,True,False
1224@y_name@DESC,dorm_1,True,False
1225@x_name@ASC,dorm_1,True,False
1225@x_name@DESC,dorm_1,True,False
1225@y_name@ASC,dorm_1,True,False
1225@y_name@DESC,dorm_1,True,False
1226@x_name@ASC,dorm_1,True,False
1226@x_name@DESC,dorm_1,True,False
1226@y_name@ASC,dorm_1,True,False
1226@y_name@DESC,dorm_1,True,False
1227@x_name@ASC,dorm_1,True,False
1227@x_name@DESC,dorm_1,True,False
1227@y_name@ASC,dorm_1,True,False
1227@y_name@DESC,dorm_1,True,False
1229@x_name@ASC,dorm_1,True,False
1229@x_name@DESC,dorm_1,True,False
1229@y_name@ASC,dorm_1,True,True
1229@y_name@DESC,dorm_1,True,True
1231@x_name@ASC,dorm_1,True,False
1231@x_name@DESC,dorm_1,True,False
1231@y_name@ASC,dorm_1,True,True
1231@y_name@DESC,dorm_1,True,True
1232@x_name@ASC,dorm_1,True,False
1232@x_name@DESC,dorm_1,True,False
1232@y_name@ASC,dorm_1,True,True
1232@y_name@DESC,dorm_1,True,True
1233@x_name@ASC,dorm_1,True,False
1233@x_name@DESC,dorm_1,True,False
1233@y_name@ASC,dorm_1,True,True
1233@y_name@DESC,dorm_1,True,True
1235@x_name@ASC,dorm_1,True,False
1235@x_name@DESC,dorm_1,True,False
1235@y_name@ASC,dorm_1,True,False
1235@y_name@DESC,dorm_1,True,False
1237@x_name@ASC,dorm_1,True,False
1237@x_name@DESC,dorm_1,True,False
1237@y_name@ASC,dorm_1,True,True
1237@y_name@DESC,dorm_1,True,True
1238@x_name@ASC,dorm_1,True,False
1238@x_name@DESC,dorm_1,True,False
1238@y_name@ASC,dorm_1,True,False
1238@y_name@DESC,dorm_1,True,False
2610@x_name@ASC,products_for_hire,True,False
2610@x_name@DESC,products_for_hire,True,False
2610@y_name@ASC,products_for_hire,True,False
2610@y_name@DESC,products_for_hire,True,False
2613@x_name@ASC,products_for_hire,True,False
2613@x_name@DESC,products_for_hire,True,False
2613@y_name@ASC,products_for_hire,True,True
2613@y_name@DESC,products_for_hire,True,True
2614@x_name@ASC,products_for_hire,True,False
2614@x_name@DESC,products_for_hire,True,False
2614@y_name@ASC,products_for_hire,True,True
2614@y_name@DESC,products_for_hire,True,True
2615@y_name@ASC,products_for_hire,True,False
2615@y_name@DESC,products_for_hire,True,False
2616@y_name@ASC,products_for_hire,True,False
2616@y_name@DESC,products_for_hire,True,False
2617@x_name@ASC,products_for_hire,True,False
2617@x_name@DESC,products_for_hire,True,False
492@x_name@ASC,coffee_shop,True,False
492@x_name@DESC,coffee_shop,True,False
492@y_name@ASC,coffee_shop,True,False
492@y_name@DESC,coffee_shop,True,False
495@x_name@ASC,coffee_shop,True,False
495@x_name@DESC,coffee_shop,True,False
495@y_name@ASC,coffee_shop,True,True
495@y_name@DESC,coffee_shop,True,True
2771@x_name@ASC,singer,True,False
2771@x_name@DESC,singer,True,False
2771@y_name@ASC,singer,True,True
2771@y_name@DESC,singer,True,True
2772@x_name@ASC,singer,True,False
2772@x_name@DESC,singer,True,False
2772@y_name@ASC,singer,True,True
2772@y_name@DESC,singer,True,True
2774@x_name@ASC,singer,True,False
2774@x_name@DESC,singer,True,False
2774@y_name@ASC,singer,True,True
2774@y_name@DESC,singer,True,True
2776@x_name@ASC,singer,True,False
2776@x_name@DESC,singer,True,False
2776@y_name@ASC,singer,True,False
2776@y_name@DESC,singer,True,False
435@x_name@ASC,chinook_1,True,False
435@x_name@DESC,chinook_1,True,False
435@y_name@ASC,chinook_1,True,True
435@y_name@DESC,chinook_1,True,True
437@x_name@ASC,chinook_1,True,False
437@x_name@DESC,chinook_1,True,False
437@y_name@ASC,chinook_1,True,True
437@y_name@DESC,chinook_1,True,True
438@x_name@ASC,chinook_1,True,False
438@x_name@DESC,chinook_1,True,False
438@y_name@ASC,chinook_1,True,False
438@y_name@DESC,chinook_1,True,False
440@y_name@ASC,chinook_1,True,False
440@y_name@DESC,chinook_1,True,False
441@y_name@ASC,chinook_1,True,False
441@y_name@DESC,chinook_1,True,False
184@y_name@ASC,behavior_monitoring,True,False
184@y_name@DESC,behavior_monitoring,True,False
185@y_name@ASC,behavior_monitoring,True,False
185@y_name@DESC,behavior_monitoring,True,False
187@y_name@ASC,behavior_monitoring,True,True
187@y_name@DESC,behavior_monitoring,True,True
188@x_name@ASC,behavior_monitoring,True,False
188@x_name@DESC,behavior_monitoring,True,False
279@y_name@ASC,behavior_monitoring,True,False
279@y_name@DESC,behavior_monitoring,True,False
280@x_name@ASC,behavior_monitoring,True,False
280@x_name@DESC,behavior_monitoring,True,False
280@y_name@ASC,behavior_monitoring,True,False
280@y_name@DESC,behavior_monitoring,True,False
281@y_name@ASC,behavior_monitoring,True,False
281@y_name@DESC,behavior_monitoring,True,False
282@y_name@ASC,behavior_monitoring,True,False
282@y_name@DESC,behavior_monitoring,True,False
283@y_name@ASC,behavior_monitoring,True,False
283@y_name@DESC,behavior_monitoring,True,False
3267@x_name@ASC,world_1,True,False
3267@x_name@DESC,world_1,True,False
3267@y_name@ASC,world_1,True,False
3267@y_name@DESC,world_1,True,False
3269@x_name@ASC,world_1,True,False
3269@x_name@DESC,world_1,True,False
3269@y_name@ASC,world_1,True,True
3269@y_name@DESC,world_1,True,True
3274@x_name@ASC,world_1,True,False
3274@x_name@DESC,world_1,True,False
3274@y_name@ASC,world_1,True,False
3274@y_name@DESC,world_1,True,False
3275@x_name@ASC,world_1,True,False
3275@x_name@DESC,world_1,True,False
3275@y_name@ASC,world_1,True,True
3275@y_name@DESC,world_1,True,True
3071@x_name@ASC,university_basketball,True,False
3071@x_name@DESC,university_basketball,True,False
3071@y_name@ASC,university_basketball,True,True
3071@y_name@DESC,university_basketball,True,True
3086@x_name@ASC,university_basketball,True,False
3086@x_name@DESC,university_basketball,True,False
3086@y_name@ASC,university_basketball,True,True
3086@y_name@DESC,university_basketball,True,True
3087@x_name@ASC,university_basketball,True,False
3087@x_name@DESC,university_basketball,True,False
3087@y_name@ASC,university_basketball,True,True
3087@y_name@DESC,university_basketball,True,True
3088@x_name@ASC,university_basketball,True,False
3088@x_name@DESC,university_basketball,True,False
3088@y_name@ASC,university_basketball,True,True
3088@y_name@DESC,university_basketball,True,True
3089@x_name@ASC,university_basketball,True,False
3089@x_name@DESC,university_basketball,True,False
3089@y_name@ASC,university_basketball,True,True
3089@y_name@DESC,university_basketball,True,True
3090@x_name@ASC,university_basketball,True,False
3090@x_name@DESC,university_basketball,True,False
3090@y_name@ASC,university_basketball,True,True
3090@y_name@DESC,university_basketball,True,True
3091@x_name@ASC,university_basketball,True,False
3091@x_name@DESC,university_basketball,True,False
3091@y_name@ASC,university_basketball,True,True
3091@y_name@DESC,university_basketball,True,True
3092@x_name@ASC,university_basketball,True,False
3092@x_name@DESC,university_basketball,True,False
3092@y_name@ASC,university_basketball,True,True
3092@y_name@DESC,university_basketball,True,True
3093@x_name@ASC,university_basketball,True,False
3093@x_name@DESC,university_basketball,True,False
3093@y_name@ASC,university_basketball,True,True
3093@y_name@DESC,university_basketball,True,True
3098@x_name@ASC,university_basketball,True,False
3098@x_name@DESC,university_basketball,True,False
3098@y_name@ASC,university_basketball,True,True
3098@y_name@DESC,university_basketball,True,True
3099@x_name@ASC,university_basketball,True,False
3099@x_name@DESC,university_basketball,True,False
3099@y_name@ASC,university_basketball,True,True
3099@y_name@DESC,university_basketball,True,True
3100@x_name@ASC,university_basketball,True,False
3100@x_name@DESC,university_basketball,True,False
3100@y_name@ASC,university_basketball,True,True
3100@y_name@DESC,university_basketball,True,True
3101@x_name@ASC,university_basketball,True,False
3101@x_name@DESC,university_basketball,True,False
3101@y_name@ASC,university_basketball,True,True
3101@y_name@DESC,university_basketball,True,True
3102@x_name@ASC,university_basketball,True,False
3102@x_name@DESC,university_basketball,True,False
3102@y_name@ASC,university_basketball,True,True
3102@y_name@DESC,university_basketball,True,True
3103@x_name@ASC,university_basketball,True,False
3103@x_name@DESC,university_basketball,True,False
3103@y_name@ASC,university_basketball,True,True
3103@y_name@DESC,university_basketball,True,True
3104@x_name@ASC,university_basketball,True,False
3104@x_name@DESC,university_basketball,True,False
3104@y_name@ASC,university_basketball,True,True
3104@y_name@DESC,university_basketball,True,True
3105@x_name@ASC,university_basketball,True,False
3105@x_name@DESC,university_basketball,True,False
3105@y_name@ASC,university_basketball,True,True
3105@y_name@DESC,university_basketball,True,True
3110@x_name@ASC,university_basketball,True,False
3110@x_name@DESC,university_basketball,True,False
3110@y_name@ASC,university_basketball,True,True
3110@y_name@DESC,university_basketball,True,True
3111@x_name@ASC,university_basketball,True,False
3111@x_name@DESC,university_basketball,True,False
3111@y_name@ASC,university_basketball,True,True
3111@y_name@DESC,university_basketball,True,True
3112@x_name@ASC,university_basketball,True,False
3112@x_name@DESC,university_basketball,True,False
3112@y_name@ASC,university_basketball,True,True
3112@y_name@DESC,university_basketball,True,True
3113@x_name@ASC,university_basketball,True,False
3113@x_name@DESC,university_basketball,True,False
3113@y_name@ASC,university_basketball,True,True
3113@y_name@DESC,university_basketball,True,True
3114@x_name@ASC,university_basketball,True,False
3114@x_name@DESC,university_basketball,True,False
3114@y_name@ASC,university_basketball,True,True
3114@y_name@DESC,university_basketball,True,True
3115@x_name@ASC,university_basketball,True,False
3115@x_name@DESC,university_basketball,True,False
3115@y_name@ASC,university_basketball,True,True
3115@y_name@DESC,university_basketball,True,True
3116@x_name@ASC,university_basketball,True,False
3116@x_name@DESC,university_basketball,True,False
3116@y_name@ASC,university_basketball,True,True
3116@y_name@DESC,university_basketball,True,True
3117@x_name@ASC,university_basketball,True,False
3117@x_name@DESC,university_basketball,True,False
3117@y_name@ASC,university_basketball,True,True
3117@y_name@DESC,university_basketball,True,True
3118@x_name@ASC,university_basketball,True,False
3118@x_name@DESC,university_basketball,True,False
3118@y_name@ASC,university_basketball,True,True
3118@y_name@DESC,university_basketball,True,True
3119@x_name@ASC,university_basketball,True,False
3119@x_name@DESC,university_basketball,True,False
3119@y_name@ASC,university_basketball,True,True
3119@y_name@DESC,university_basketball,True,True
3123@x_name@ASC,university_basketball,True,False
3123@x_name@DESC,university_basketball,True,False
3123@y_name@ASC,university_basketball,True,True
3123@y_name@DESC,university_basketball,True,True
3124@x_name@ASC,university_basketball,True,False
3124@x_name@DESC,university_basketball,True,False
3124@y_name@ASC,university_basketball,True,True
3124@y_name@DESC,university_basketball,True,True
3132@x_name@ASC,university_basketball,True,False
3132@x_name@DESC,university_basketball,True,False
3132@y_name@ASC,university_basketball,True,True
3132@y_name@DESC,university_basketball,True,True
3134@x_name@ASC,university_basketball,True,False
3134@x_name@DESC,university_basketball,True,False
3134@y_name@ASC,university_basketball,True,True
3134@y_name@DESC,university_basketball,True,True
3135@x_name@ASC,university_basketball,True,False
3135@x_name@DESC,university_basketball,True,False
3135@y_name@ASC,university_basketball,True,True
3135@y_name@DESC,university_basketball,True,True
3137@x_name@ASC,university_basketball,True,False
3137@x_name@DESC,university_basketball,True,False
3137@y_name@ASC,university_basketball,True,True
3137@y_name@DESC,university_basketball,True,True
3138@x_name@ASC,university_basketball,True,False
3138@x_name@DESC,university_basketball,True,False
3138@y_name@ASC,university_basketball,True,True
3138@y_name@DESC,university_basketball,True,True
3140@x_name@ASC,university_basketball,True,False
3140@x_name@DESC,university_basketball,True,False
3140@y_name@ASC,university_basketball,True,True
3140@y_name@DESC,university_basketball,True,True
3141@x_name@ASC,university_basketball,True,False
3141@x_name@DESC,university_basketball,True,False
3141@y_name@ASC,university_basketball,True,True
3141@y_name@DESC,university_basketball,True,True
3143@x_name@ASC,university_basketball,True,False
3143@x_name@DESC,university_basketball,True,False
3143@y_name@ASC,university_basketball,True,True
3143@y_name@DESC,university_basketball,True,True
3144@x_name@ASC,university_basketball,True,False
3144@x_name@DESC,university_basketball,True,False
3144@y_name@ASC,university_basketball,True,True
3144@y_name@DESC,university_basketball,True,True
3146@x_name@ASC,university_basketball,True,False
3146@x_name@DESC,university_basketball,True,False
3146@y_name@ASC,university_basketball,True,True
3146@y_name@DESC,university_basketball,True,True
3191@x_name@ASC,university_basketball,True,False
3191@x_name@DESC,university_basketball,True,False
3191@y_name@ASC,university_basketball,True,False
3191@y_name@DESC,university_basketball,True,False
2337@x_name@ASC,mountain_photos,True,False
2337@x_name@DESC,mountain_photos,True,False
2337@y_name@ASC,mountain_photos,True,True
2337@y_name@DESC,mountain_photos,True,True
2347@x_name@ASC,mountain_photos,True,False
2347@x_name@DESC,mountain_photos,True,False
2347@y_name@ASC,mountain_photos,True,False
2347@y_name@DESC,mountain_photos,True,False
2349@x_name@ASC,mountain_photos,True,False
2349@x_name@DESC,mountain_photos,True,False
2349@y_name@ASC,mountain_photos,True,True
2349@y_name@DESC,mountain_photos,True,True
2351@x_name@ASC,mountain_photos,True,False
2351@x_name@DESC,mountain_photos,True,False
2351@y_name@ASC,mountain_photos,True,True
2351@y_name@DESC,mountain_photos,True,True
2596@x_name@ASC,product_catalog,True,False
2596@x_name@DESC,product_catalog,True,False
2596@y_name@ASC,product_catalog,True,False
2596@y_name@DESC,product_catalog,True,False
2600@y_name@ASC,product_catalog,True,False
2600@y_name@DESC,product_catalog,True,False
2601@y_name@ASC,product_catalog,True,False
2601@y_name@DESC,product_catalog,True,False
2602@y_name@ASC,product_catalog,True,True
2602@y_name@DESC,product_catalog,True,True
2603@x_name@ASC,product_catalog,True,False
2603@x_name@DESC,product_catalog,True,False
2605@x_name@ASC,product_catalog,True,False
2605@x_name@DESC,product_catalog,True,False
2605@y_name@ASC,product_catalog,True,False
2605@y_name@DESC,product_catalog,True,False
2607@x_name@ASC,product_catalog,True,False
2607@x_name@DESC,product_catalog,True,False
2607@y_name@ASC,product_catalog,True,False
2607@y_name@DESC,product_catalog,True,False
2609@x_name@ASC,product_catalog,True,False
2609@x_name@DESC,product_catalog,True,False
2609@y_name@ASC,product_catalog,True,False
2609@y_name@DESC,product_catalog,True,False
2887@y_name@ASC,student_transcripts_tracking,True,True
2887@y_name@DESC,student_transcripts_tracking,True,True
2888@x_name@ASC,student_transcripts_tracking,True,False
2888@x_name@DESC,student_transcripts_tracking,True,False
2888@y_name@ASC,student_transcripts_tracking,True,True
2888@y_name@DESC,student_transcripts_tracking,True,True
2891@x_name@ASC,student_transcripts_tracking,True,False
2891@x_name@DESC,student_transcripts_tracking,True,False
2901@x_name@ASC,student_transcripts_tracking,True,False
2901@x_name@DESC,student_transcripts_tracking,True,False
2901@y_name@ASC,student_transcripts_tracking,True,True
2901@y_name@DESC,student_transcripts_tracking,True,True
2902@x_name@ASC,student_transcripts_tracking,True,False
2902@x_name@DESC,student_transcripts_tracking,True,False
2902@y_name@ASC,student_transcripts_tracking,True,True
2902@y_name@DESC,student_transcripts_tracking,True,True
1391@x_name@ASC,film_rank,True,False
1391@x_name@DESC,film_rank,True,False
1391@y_name@ASC,film_rank,True,True
1391@y_name@DESC,film_rank,True,True
1392@x_name@ASC,film_rank,True,False
1392@x_name@DESC,film_rank,True,False
1392@y_name@ASC,film_rank,True,True
1392@y_name@DESC,film_rank,True,True
1394@x_name@ASC,film_rank,True,False
1394@x_name@DESC,film_rank,True,False
1394@y_name@ASC,film_rank,True,True
1394@y_name@DESC,film_rank,True,True
1399@x_name@ASC,film_rank,True,False
1399@x_name@DESC,film_rank,True,False
1399@y_name@ASC,film_rank,True,True
1399@y_name@DESC,film_rank,True,True
2933@x_name@ASC,theme_gallery,True,False
2933@x_name@DESC,theme_gallery,True,False
2933@y_name@ASC,theme_gallery,True,True
2933@y_name@DESC,theme_gallery,True,True
2935@x_name@ASC,theme_gallery,True,False
2935@x_name@DESC,theme_gallery,True,False
2935@y_name@ASC,theme_gallery,True,False
2935@y_name@DESC,theme_gallery,True,False
2936@y_name@ASC,theme_gallery,True,False
2936@y_name@DESC,theme_gallery,True,False
2937@y_name@ASC,theme_gallery,True,False
2937@y_name@DESC,theme_gallery,True,False
2941@x_name@ASC,theme_gallery,True,False
2941@x_name@DESC,theme_gallery,True,False
2941@y_name@ASC,theme_gallery,True,True
2941@y_name@DESC,theme_gallery,True,True
2943@x_name@ASC,theme_gallery,True,False
2943@x_name@DESC,theme_gallery,True,False
2943@y_name@ASC,theme_gallery,True,True
2943@y_name@DESC,theme_gallery,True,True
2944@x_name@ASC,theme_gallery,True,False
2944@x_name@DESC,theme_gallery,True,False
2944@y_name@ASC,theme_gallery,True,True
2944@y_name@DESC,theme_gallery,True,True
2946@y_name@ASC,theme_gallery,True,True
2946@y_name@DESC,theme_gallery,True,True
2948@y_name@ASC,theme_gallery,True,True
2948@y_name@DESC,theme_gallery,True,True
2949@y_name@ASC,theme_gallery,True,False
2949@y_name@DESC,theme_gallery,True,False
2950@y_name@ASC,theme_gallery,True,False
2950@y_name@DESC,theme_gallery,True,False
1989@y_name@ASC,insurance_fnol,True,False
1989@y_name@DESC,insurance_fnol,True,False
1990@y_name@ASC,insurance_fnol,True,False
1990@y_name@DESC,insurance_fnol,True,False
2662@x_name@ASC,restaurant_1,True,False
2662@x_name@DESC,restaurant_1,True,False
2662@y_name@ASC,restaurant_1,True,False
2662@y_name@DESC,restaurant_1,True,False
2663@x_name@ASC,restaurant_1,True,False
2663@x_name@DESC,restaurant_1,True,False
2663@y_name@ASC,restaurant_1,True,False
2663@y_name@DESC,restaurant_1,True,False
1967@x_name@ASC,inn_1,True,False
1967@x_name@DESC,inn_1,True,False
1967@y_name@ASC,inn_1,True,True
1967@y_name@DESC,inn_1,True,True
1969@x_name@ASC,inn_1,True,False
1969@x_name@DESC,inn_1,True,False
1969@y_name@ASC,inn_1,True,True
1969@y_name@DESC,inn_1,True,True
1970@x_name@ASC,inn_1,True,False
1970@x_name@DESC,inn_1,True,False
1970@y_name@ASC,inn_1,True,False
1970@y_name@DESC,inn_1,True,False
1975@x_name@ASC,inn_1,True,False
1975@x_name@DESC,inn_1,True,False
1975@y_name@ASC,inn_1,True,False
1975@y_name@DESC,inn_1,True,False
1977@x_name@ASC,inn_1,True,False
1977@x_name@DESC,inn_1,True,False
1977@y_name@ASC,inn_1,True,True
1977@y_name@DESC,inn_1,True,True
1979@x_name@ASC,inn_1,True,False
1979@x_name@DESC,inn_1,True,False
1979@y_name@ASC,inn_1,True,False
1979@y_name@DESC,inn_1,True,False
1981@x_name@ASC,inn_1,True,False
1981@x_name@DESC,inn_1,True,False
1981@y_name@ASC,inn_1,True,False
1981@y_name@DESC,inn_1,True,False
1983@x_name@ASC,inn_1,True,False
1983@x_name@DESC,inn_1,True,False
1983@y_name@ASC,inn_1,True,False
1983@y_name@DESC,inn_1,True,False
1984@x_name@ASC,inn_1,True,False
1984@x_name@DESC,inn_1,True,False
1984@y_name@ASC,inn_1,True,True
1984@y_name@DESC,inn_1,True,True
1985@x_name@ASC,inn_1,True,False
1985@x_name@DESC,inn_1,True,False
1985@y_name@ASC,inn_1,True,True
1985@y_name@DESC,inn_1,True,True
3025@x_name@ASC,tracking_software_problems,True,False
3025@x_name@DESC,tracking_software_problems,True,False
3025@y_name@ASC,tracking_software_problems,True,False
3025@y_name@DESC,tracking_software_problems,True,False
3026@y_name@ASC,tracking_software_problems,True,False
3026@y_name@DESC,tracking_software_problems,True,False
3033@x_name@ASC,tracking_software_problems,True,False
3033@x_name@DESC,tracking_software_problems,True,False
3033@y_name@ASC,tracking_software_problems,True,True
3033@y_name@DESC,tracking_software_problems,True,True
2671@x_name@ASC,riding_club,True,False
2671@x_name@DESC,riding_club,True,False
2671@y_name@ASC,riding_club,True,False
2671@y_name@DESC,riding_club,True,False
2677@x_name@ASC,riding_club,True,False
2677@x_name@DESC,riding_club,True,False
2677@y_name@ASC,riding_club,True,True
2677@y_name@DESC,riding_club,True,True
2678@x_name@ASC,riding_club,True,False
2678@x_name@DESC,riding_club,True,False
2678@y_name@ASC,riding_club,True,True
2678@y_name@DESC,riding_club,True,True
2681@x_name@ASC,riding_club,True,False
2681@x_name@DESC,riding_club,True,False
2681@y_name@ASC,riding_club,True,True
2681@y_name@DESC,riding_club,True,True
2755@x_name@ASC,ship_mission,True,False
2755@x_name@DESC,ship_mission,True,False
2755@y_name@ASC,ship_mission,True,True
2755@y_name@DESC,ship_mission,True,True
2756@x_name@ASC,ship_mission,True,False
2756@x_name@DESC,ship_mission,True,False
2756@y_name@ASC,ship_mission,True,True
2756@y_name@DESC,ship_mission,True,True
2758@x_name@ASC,ship_mission,True,False
2758@x_name@DESC,ship_mission,True,False
2758@y_name@ASC,ship_mission,True,True
2758@y_name@DESC,ship_mission,True,True
2760@x_name@ASC,ship_mission,True,False
2760@x_name@DESC,ship_mission,True,False
2760@y_name@ASC,ship_mission,True,True
2760@y_name@DESC,ship_mission,True,True
2762@x_name@ASC,ship_mission,True,False
2762@x_name@DESC,ship_mission,True,False
2762@y_name@ASC,ship_mission,True,True
2762@y_name@DESC,ship_mission,True,True
2763@x_name@ASC,ship_mission,True,False
2763@x_name@DESC,ship_mission,True,False
2763@y_name@ASC,ship_mission,True,True
2763@y_name@DESC,ship_mission,True,True
2765@x_name@ASC,ship_mission,True,False
2765@x_name@DESC,ship_mission,True,False
2765@y_name@ASC,ship_mission,True,True
2765@y_name@DESC,ship_mission,True,True
2879@x_name@ASC,student_assessment,True,False
2879@x_name@DESC,student_assessment,True,False
2879@y_name@ASC,student_assessment,True,True
2879@y_name@DESC,student_assessment,True,True
2880@x_name@ASC,student_assessment,True,False
2880@x_name@DESC,student_assessment,True,False
2880@y_name@ASC,student_assessment,True,True
2880@y_name@DESC,student_assessment,True,True
2886@x_name@ASC,student_assessment,True,False
2886@x_name@DESC,student_assessment,True,False
2886@y_name@ASC,student_assessment,True,True
2886@y_name@DESC,student_assessment,True,True
116@x_name@ASC,assets_maintenance,True,False
116@x_name@DESC,assets_maintenance,True,False
116@y_name@ASC,assets_maintenance,True,True
116@y_name@DESC,assets_maintenance,True,True
117@x_name@ASC,assets_maintenance,True,False
117@x_name@DESC,assets_maintenance,True,False
117@y_name@ASC,assets_maintenance,True,True
117@y_name@DESC,assets_maintenance,True,True
119@x_name@ASC,assets_maintenance,True,False
119@x_name@DESC,assets_maintenance,True,False
119@y_name@ASC,assets_maintenance,True,True
119@y_name@DESC,assets_maintenance,True,True
120@x_name@ASC,assets_maintenance,True,False
120@x_name@DESC,assets_maintenance,True,False
120@y_name@ASC,assets_maintenance,True,True
120@y_name@DESC,assets_maintenance,True,True
123@x_name@ASC,assets_maintenance,True,False
123@x_name@DESC,assets_maintenance,True,False
123@y_name@ASC,assets_maintenance,True,True
123@y_name@DESC,assets_maintenance,True,True
124@x_name@ASC,assets_maintenance,True,False
124@x_name@DESC,assets_maintenance,True,False
124@y_name@ASC,assets_maintenance,True,True
124@y_name@DESC,assets_maintenance,True,True
126@x_name@ASC,assets_maintenance,True,False
126@x_name@DESC,assets_maintenance,True,False
126@y_name@ASC,assets_maintenance,True,True
126@y_name@DESC,assets_maintenance,True,True
127@x_name@ASC,assets_maintenance,True,False
127@x_name@DESC,assets_maintenance,True,False
127@y_name@ASC,assets_maintenance,True,True
127@y_name@DESC,assets_maintenance,True,True
128@x_name@ASC,assets_maintenance,True,False
128@x_name@DESC,assets_maintenance,True,False
128@y_name@ASC,assets_maintenance,True,True
128@y_name@DESC,assets_maintenance,True,True
129@x_name@ASC,assets_maintenance,True,False
129@x_name@DESC,assets_maintenance,True,False
129@y_name@ASC,assets_maintenance,True,True
129@y_name@DESC,assets_maintenance,True,True
130@x_name@ASC,assets_maintenance,True,False
130@x_name@DESC,assets_maintenance,True,False
130@y_name@ASC,assets_maintenance,True,True
130@y_name@DESC,assets_maintenance,True,True
132@x_name@ASC,assets_maintenance,True,False
132@x_name@DESC,assets_maintenance,True,False
132@y_name@ASC,assets_maintenance,True,True
132@y_name@DESC,assets_maintenance,True,True
133@x_name@ASC,assets_maintenance,True,False
133@x_name@DESC,assets_maintenance,True,False
133@y_name@ASC,assets_maintenance,True,True
133@y_name@DESC,assets_maintenance,True,True
134@x_name@ASC,assets_maintenance,True,False
134@x_name@DESC,assets_maintenance,True,False
134@y_name@ASC,assets_maintenance,True,True
134@y_name@DESC,assets_maintenance,True,True
135@x_name@ASC,assets_maintenance,True,False
135@x_name@DESC,assets_maintenance,True,False
135@y_name@ASC,assets_maintenance,True,True
135@y_name@DESC,assets_maintenance,True,True
136@x_name@ASC,assets_maintenance,True,False
136@x_name@DESC,assets_maintenance,True,False
136@y_name@ASC,assets_maintenance,True,True
136@y_name@DESC,assets_maintenance,True,True
139@x_name@ASC,assets_maintenance,True,False
139@x_name@DESC,assets_maintenance,True,False
139@y_name@ASC,assets_maintenance,True,True
139@y_name@DESC,assets_maintenance,True,True
140@x_name@ASC,assets_maintenance,True,False
140@x_name@DESC,assets_maintenance,True,False
140@y_name@ASC,assets_maintenance,True,True
140@y_name@DESC,assets_maintenance,True,True
145@x_name@ASC,assets_maintenance,True,False
145@x_name@DESC,assets_maintenance,True,False
145@y_name@ASC,assets_maintenance,True,True
145@y_name@DESC,assets_maintenance,True,True
146@x_name@ASC,assets_maintenance,True,False
146@x_name@DESC,assets_maintenance,True,False
146@y_name@ASC,assets_maintenance,True,True
146@y_name@DESC,assets_maintenance,True,True
148@x_name@ASC,assets_maintenance,True,False
148@x_name@DESC,assets_maintenance,True,False
148@y_name@ASC,assets_maintenance,True,True
148@y_name@DESC,assets_maintenance,True,True
149@x_name@ASC,assets_maintenance,True,False
149@x_name@DESC,assets_maintenance,True,False
149@y_name@ASC,assets_maintenance,True,True
149@y_name@DESC,assets_maintenance,True,True
3066@x_name@ASC,twitter_1,True,False
3066@x_name@DESC,twitter_1,True,False
3066@y_name@ASC,twitter_1,True,True
3066@y_name@DESC,twitter_1,True,True
3069@x_name@ASC,twitter_1,True,False
3069@x_name@DESC,twitter_1,True,False
3069@y_name@ASC,twitter_1,True,True
3069@y_name@DESC,twitter_1,True,True
2724@x_name@ASC,school_player,True,False
2724@x_name@DESC,school_player,True,False
2724@y_name@ASC,school_player,True,True
2724@y_name@DESC,school_player,True,True
