record_id,step6_set_equal_gold,heuristic_mrr,heuristic_hit@1,heuristic_recall@1,heuristic_precision@1,heuristic_f1@1,heuristic_hit@3,heuristic_recall@3,heuristic_precision@3,heuristic_f1@3,heuristic_hit@5,heuristic_recall@5,heuristic_precision@5,heuristic_f1@5,learned_mrr,learned_hit@1,learned_recall@1,learned_precision@1,learned_f1@1,learned_hit@3,learned_recall@3,learned_precision@3,learned_f1@3,learned_hit@5,learned_recall@5,learned_precision@5,learned_f1@5
nvbench2:test:0,1.0,0.5,0.0,0.0,0.0,0.0,1.0,0.5,0.6666666666666666,0.5714285714285715,1.0,1.0,0.8,0.888888888888889,1.0,1.0,0.25,1.0,0.4,1.0,0.75,1.0,0.8571428571428571,1.0,1.0,0.8,0.888888888888889
nvbench2:test:1,1.0,0.0,0.0,0.0,0.0,0.0,0.0,0.0,0.0,0.0,0.0,0.0,0.0,0.0,1.0,1.0,0.2,1.0,0.33333333333333337,1.0,0.6,1.0,0.7499999999999999,1.0,1.0,1.0,1.0
nvbench2:test:2,1.0,0.5,0.0,0.0,0.0,0.0,1.0,0.6666666666666666,0.6666666666666666,0.6666666666666666,1.0,1.0,0.75,0.8571428571428571,1.0,1.0,0.3333333333333333,1.0,0.5,1.0,1.0,1.0,1.0,1.0,1.0,0.75,0.8571428571428571
nvbench2:test:3,1.0,0.5,0.0,0.0,0.0,0.0,1.0,0.5,0.6666666666666666,0.5714285714285715,1.0,1.0,0.8,0.888888888888889,1.0,1.0,0.25,1.0,0.4,1.0,0.75,1.0,0.8571428571428571,1.0,1.0,0.8,0.888888888888889
nvbench2:test:4,1.0,0.5,0.0,0.0,0.0,0.0,1.0,0.6666666666666666,0.6666666666666666,0.6666666666666666,1.0,1.0,0.75,0.8571428571428571,1.0,1.0,0.3333333333333333,1.0,0.5,1.0,1.0,1.0,1.0,1.0,1.0,0.75,0.8571428571428571
nvbench2:test:5,1.0,0.5,0.0,0.0,0.0,0.0,1.0,0.5,0.6666666666666666,0.5714285714285715,1.0,1.0,0.8,0.888888888888889,1.0,1.0,0.25,1.0,0.4,1.0,0.75,1.0,0.8571428571428571,1.0,1.0,0.8,0.888888888888889
nvbench2:test:6,1.0,0.5,0.0,0.0,0.0,0.0,1.0,1.0,0.6666666666666666,0.8,1.0,1.0,0.6666666666666666,0.8,1.0,1.0,0.5,1.0,0.6666666666666666,1.0,1.0,0.6666666666666666,0.8,1.0,1.0,0.6666666666666666,0.8
nvbench2:test:7,0.0,1.0,1.0,0.2,1.0,0.33333333333333337,1.0,0.4,0.6666666666666666,0.5,1.0,0.8,0.8,0.8000000000000002,0.2,0.0,0.0,0.0,0.0,0.0,0.0,0.0,0.0,1.0,0.2,0.2,0.20000000000000004
nvbench2:test:8,1.0,0.5,0.0,0.0,0.0,0.0,1.0,1.0,0.6666666666666666,0.8,1.0,1.0,0.6666666666666666,0.8,1.0,1.0,0.5,1.0,0.6666666666666666,1.0,1.0,0.6666666666666666,0.8,1.0,1.0,0.6666666666666666,0.8
nvbench2:test:9,1.0,0.5,0.0,0.0,0.0,0.0,1.0,0.4,0.6666666666666666,0.5,1.0,0.8,0.8,0.8000000000000002,1.0,1.0,0.2,1.0,0.33333333333333337,1.0,0.6,1.0,0.7499999999999999,1.0,1.0,1.0,1.0
nvbench2:test:10,1.0,0.5,0.0,0.0,0.0,0.0,1.0,0.6666666666666666,0.6666666666666666,0.6666666666666666,1.0,1.0,0.6,0.7499999999999999,1.0,1.0,0.3333333333333333,1.0,0.5,1.0,1.0,1.0,1.0,1.0,1.0,0.6,0.7499999999999999
nvbench2:test:11,1.0,0.5,0.0,0.0,0.0,0.0,1.0,0.4,0.6666666666666666,0.5,1.0,0.8,0.8,0.8000000000000002,1.0,1.0,0.2,1.0,0.33333333333333337,1.0,0.6,1.0,0.7499999999999999,1.0,1.0,1.0,1.0
nvbench2:test:12,1.0,0.5,0.0,0.0,0.0,0.0,1.0,0.6666666666666666,0.6666666666666666,0.6666666666666666,1.0,1.0,0.75,0.8571428571428571,1.0,1.0,0.3333333333333333,1.0,0.5,1.0,1.0,1.0,1.0,1.0,1.0,0.75,0.8571428571428571
nvbench2:test:13,1.0,0.0,0.0,0.0,0.0,0.0,0.0,0.0,0.0,0.0,0.0,0.0,0.0,0.0,1.0,1.0,0.25,1.0,0.4,1.0,0.75,1.0,0.8571428571428571,1.0,1.0,0.8,0.888888888888889
nvbench2:test:14,1.0,0.3333333333333333,0.0,0.0,0.0,0.0,1.0,0.5,0.3333333333333333,0.4,1.0,1.0,0.5,0.6666666666666666,1.0,1.0,0.5,1.0,0.6666666666666666,1.0,1.0,0.6666666666666666,0.8,1.0,1.0,0.5,0.6666666666666666
nvbench2:test:15,1.0,0.0,0.0,0.0,0.0,0.0,0.0,0.0,0.0,0.0,0.0,0.0,0.0,0.0,1.0,1.0,0.25,1.0,0.4,1.0,0.75,1.0,0.8571428571428571,1.0,1.0,0.8,0.888888888888889
nvbench2:test:16,1.0,1.0,1.0,0.5,1.0,0.6666666666666666,1.0,1.0,1.0,1.0,1.0,1.0,1.0,1.0,1.0,1.0,0.5,1.0,0.6666666666666666,1.0,1.0,1.0,1.0,1.0,1.0,1.0,1.0
nvbench2:test:17,1.0,0.5,0.0,0.0,0.0,0.0,1.0,0.5,0.6666666666666666,0.5714285714285715,1.0,1.0,0.8,0.888888888888889,1.0,1.0,0.25,1.0,0.4,1.0,0.75,1.0,0.8571428571428571,1.0,1.0,0.8,0.888888888888889
nvbench2:test:18,1.0,0.0,0.0,0.0,0.0,0.0,0.0,0.0,0.0,0.0,0.0,0.0,0.0,0.0,1.0,1.0,0.25,1.0,0.4,1.0,0.75,1.0,0.8571428571428571,1.0,1.0,0.8,0.888888888888889
nvbench2:test:19,1.0,0.3333333333333333,0.0,0.0,0.0,0.0,1.0,0.5,0.3333333333333333,0.4,1.0,1.0,0.5,0.6666666666666666,1.0,1.0,0.5,1.0,0.6666666666666666,1.0,1.0,0.6666666666666666,0.8,1.0,1.0,0.5,0.6666666666666666
nvbench2:test:20,1.0,0.5,0.0,0.0,0.0,0.0,1.0,1.0,0.6666666666666666,0.8,1.0,1.0,0.4,0.5714285714285715,1.0,1.0,0.5,1.0,0.6666666666666666,1.0,1.0,0.6666666666666666,0.8,1.0,1.0,0.4,0.5714285714285715
nvbench2:test:21,1.0,1.0,1.0,0.25,1.0,0.4,1.0,0.75,1.0,0.8571428571428571,1.0,1.0,1.0,1.0,1.0,1.0,0.25,1.0,0.4,1.0,0.75,1.0,0.8571428571428571,1.0,1.0,1.0,1.0
nvbench2:test:22,1.0,0.5,0.0,0.0,0.0,0.0,1.0,0.5,0.6666666666666666,0.5714285714285715,1.0,1.0,0.8,0.888888888888889,1.0,1.0,0.25,1.0,0.4,1.0,0.75,1.0,0.8571428571428571,1.0,1.0,0.8,0.888888888888889
nvbench2:test:23,1.0,0.0,0.0,0.0,0.0,0.0,0.0,0.0,0.0,0.0,0.0,0.0,0.0,0.0,1.0,1.0,0.25,1.0,0.4,1.0,0.75,1.0,0.8571428571428571,1.0,1.0,0.8,0.888888888888889
nvbench2:test:24,1.0,0.3333333333333333,0.0,0.0,0.0,0.0,1.0,0.3333333333333333,0.3333333333333333,0.3333333333333333,1.0,1.0,0.6,0.7499999999999999,1.0,1.0,0.3333333333333333,1.0,0.5,1.0,1.0,1.0,1.0,1.0,1.0,0.6,0.7499999999999999
nvbench2:test:25,1.0,0.3333333333333333,0.0,0.0,0.0,0.0,1.0,0.5,0.3333333333333333,0.4,1.0,1.0,0.5,0.6666666666666666,1.0,1.0,0.5,1.0,0.6666666666666666,1.0,1.0,0.6666666666666666,0.8,1.0,1.0,0.5,0.6666666666666666
nvbench2:test:26,1.0,0.0,0.0,0.0,0.0,0.0,0.0,0.0,0.0,0.0,0.0,0.0,0.0,0.0,1.0,1.0,0.25,1.0,0.4,1.0,0.75,1.0,0.8571428571428571,1.0,1.0,0.8,0.888888888888889
nvbench2:test:27,1.0,0.3333333333333333,0.0,0.0,0.0,0.0,1.0,0.2,0.3333333333333333,0.25,1.0,0.4,0.4,0.4000000000000001,1.0,1.0,0.2,1.0,0.33333333333333337,1.0,0.6,1.0,0.7499999999999999,1.0,0.8,0.8,0.8000000000000002
nvbench2:test:28,1.0,1.0,1.0,0.5,1.0,0.6666666666666666,1.0,1.0,1.0,1.0,1.0,1.0,1.0,1.0,1.0,1.0,0.5,1.0,0.6666666666666666,1.0,1.0,1.0,1.0,1.0,1.0,1.0,1.0
nvbench2:test:29,1.0,0.5,0.0,0.0,0.0,0.0,1.0,0.5,0.6666666666666666,0.5714285714285715,1.0,1.0,0.8,0.888888888888889,1.0,1.0,0.25,1.0,0.4,1.0,0.75,1.0,0.8571428571428571,1.0,1.0,0.8,0.888888888888889
nvbench2:test:30,1.0,0.5,0.0,0.0,0.0,0.0,1.0,1.0,0.6666666666666666,0.8,1.0,1.0,0.6666666666666666,0.8,1.0,1.0,0.5,1.0,0.6666666666666666,1.0,1.0,0.6666666666666666,0.8,1.0,1.0,0.6666666666666666,0.8
nvbench2:test:31,1.0,1.0,1.0,0.5,1.0,0.6666666666666666,1.0,1.0,1.0,1.0,1.0,1.0,1.0,1.0,1.0,1.0,0.5,1.0,0.6666666666666666,1.0,1.0,1.0,1.0,1.0,1.0,1.0,1.0
nvbench2:test:32,1.0,0.0,0.0,0.0,0.0,0.0,0.0,0.0,0.0,0.0,0.0,0.0,0.0,0.0,1.0,1.0,0.25,1.0,0.4,1.0,0.75,1.0,0.8571428571428571,1.0,1.0,0.8,0.888888888888889
nvbench2:test:33,1.0,0.0,0.0,0.0,0.0,0.0,0.0,0.0,0.0,0.0,0.0,0.0,0.0,0.0,1.0,1.0,0.25,1.0,0.4,1.0,0.75,1.0,0.8571428571428571,1.0,1.0,0.8,0.888888888888889
nvbench2:test:34,1.0,0.5,0.0,0.0,0.0,0.0,1.0,0.5,0.6666666666666666,0.5714285714285715,1.0,1.0,0.8,0.888888888888889,1.0,1.0,0.25,1.0,0.4,1.0,0.75,1.0,0.8571428571428571,1.0,1.0,0.8,0.888888888888889
nvbench2:test:35,1.0,0.3333333333333333,0.0,0.0,0.0,0.0,1.0,0.25,0.3333333333333333,0.28571428571428575,1.0,0.75,0.6,0.6666666666666665,1.0,1.0,0.25,1.0,0.4,1.0,0.75,1.0,0.8571428571428571,1.0,1.0,0.8,0.888888888888889
nvbench2:test:36,1.0,0.5,0.0,0.0,0.0,0.0,1.0,0.5,0.6666666666666666,0.5714285714285715,1.0,1.0,0.8,0.888888888888889,1.0,1.0,0.25,1.0,0.4,1.0,0.75,1.0,0.8571428571428571,1.0,1.0,0.8,0.888888888888889
nvbench2:test:37,0.0,0.0,0.0,0.0,0.0,0.0,0.0,0.0,0.0,0.0,0.0,0.0,0.0,0.0,0.0,0.0,0.0,0.0,0.0,0.0,0.0,0.0,0.0,0.0,0.0,0.0,0.0
nvbench2:test:38,1.0,0.0,0.0,0.0,0.0,0.0,0.0,0.0,0.0,0.0,0.0,0.0,0.0,0.0,1.0,1.0,0.25,1.0,0.4,1.0,0.75,1.0,0.8571428571428571,1.0,1.0,0.8,0.888888888888889
nvbench2:test:39,1.0,0.3333333333333333,0.0,0.0,0.0,0.0,1.0,0.5,0.3333333333333333,0.4,1.0,1.0,0.5,0.6666666666666666,1.0,1.0,0.5,1.0,0.6666666666666666,1.0,1.0,0.6666666666666666,0.8,1.0,1.0,0.5,0.6666666666666666
nvbench2:test:40,1.0,0.25,0.0,0.0,0.0,0.0,0.0,0.0,0.0,0.0,1.0,1.0,0.4,0.5714285714285715,1.0,1.0,0.5,1.0,0.6666666666666666,1.0,1.0,0.6666666666666666,0.8,1.0,1.0,0.4,0.5714285714285715
nvbench2:test:41,1.0,1.0,1.0,0.5,1.0,0.6666666666666666,1.0,1.0,1.0,1.0,1.0,1.0,1.0,1.0,1.0,1.0,0.5,1.0,0.6666666666666666,1.0,1.0,1.0,1.0,1.0,1.0,1.0,1.0
nvbench2:test:42,1.0,0.25,0.0,0.0,0.0,0.0,0.0,0.0,0.0,0.0,1.0,0.6666666666666666,0.4,0.5,1.0,1.0,0.3333333333333333,1.0,0.5,1.0,1.0,1.0,1.0,1.0,1.0,0.6,0.7499999999999999
nvbench2:test:43,0.0,0.5,0.0,0.0,0.0,0.0,1.0,0.5,0.5,0.5,1.0,0.5,0.5,0.5,1.0,1.0,0.5,1.0,0.6666666666666666,1.0,0.5,0.5,0.5,1.0,0.5,0.5,0.5
nvbench2:test:44,1.0,0.5,0.0,0.0,0.0,0.0,1.0,0.6666666666666666,0.6666666666666666,0.6666666666666666,1.0,1.0,0.75,0.8571428571428571,1.0,1.0,0.3333333333333333,1.0,0.5,1.0,1.0,1.0,1.0,1.0,1.0,0.75,0.8571428571428571
nvbench2:test:45,1.0,0.5,0.0,0.0,0.0,0.0,1.0,1.0,0.6666666666666666,0.8,1.0,1.0,0.6666666666666666,0.8,1.0,1.0,0.5,1.0,0.6666666666666666,1.0,1.0,0.6666666666666666,0.8,1.0,1.0,0.6666666666666666,0.8
nvbench2:test:46,1.0,0.3333333333333333,0.0,0.0,0.0,0.0,1.0,0.5,0.3333333333333333,0.4,1.0,1.0,0.5,0.6666666666666666,1.0,1.0,0.5,1.0,0.6666666666666666,1.0,1.0,0.6666666666666666,0.8,1.0,1.0,0.5,0.6666666666666666
nvbench2:test:47,1.0,0.5,0.0,0.0,0.0,0.0,1.0,0.6666666666666666,0.6666666666666666,0.6666666666666666,1.0,1.0,0.75,0.8571428571428571,1.0,1.0,0.3333333333333333,1.0,0.5,1.0,1.0,1.0,1.0,1.0,1.0,0.75,0.8571428571428571
nvbench2:test:48,1.0,0.5,0.0,0.0,0.0,0.0,1.0,1.0,0.6666666666666666,0.8,1.0,1.0,0.6666666666666666,0.8,1.0,1.0,0.5,1.0,0.6666666666666666,1.0,1.0,0.6666666666666666,0.8,1.0,1.0,0.6666666666666666,0.8
nvbench2:test:49,1.0,0.5,0.0,0.0,0.0,0.0,1.0,1.0,0.6666666666666666,0.8,1.0,1.0,0.6666666666666666,0.8,1.0,1.0,0.5,1.0,0.6666666666666666,1.0,1.0,0.6666666666666666,0.8,1.0,1.0,0.6666666666666666,0.8
nvbench2:test:50,1.0,0.3333333333333333,0.0,0.0,0.0,0.0,1.0,0.5,0.3333333333333333,0.4,1.0,1.0,0.5,0.6666666666666666,1.0,1.0,0.5,1.0,0.6666666666666666,1.0,1.0,0.6666666666666666,0.8,1.0,1.0,0.5,0.6666666666666666
nvbench2:test:51,1.0,0.2,0.0,0.0,0.0,0.0,0.0,0.0,0.0,0.0,1.0,0.25,0.2,0.22222222222222224,1.0,1.0,0.25,1.0,0.4,1.0,0.75,1.0,0.8571428571428571,1.0,1.0,0.8,0.888888888888889
nvbench2:test:52,1.0,0.5,0.0,0.0,0.0,0.0,1.0,1.0,0.6666666666666666,0.8,1.0,1.0,0.6666666666666666,0.8,1.0,1.0,0.5,1.0,0.6666666666666666,1.0,1.0,0.6666666666666666,0.8,1.0,1.0,0.6666666666666666,0.8
nvbench2:test:53,1.0,0.3333333333333333,0.0,0.0,0.0,0.0,1.0,0.5,0.3333333333333333,0.4,1.0,1.0,0.5,0.6666666666666666,1.0,1.0,0.5,1.0,0.6666666666666666,1.0,1.0,0.6666666666666666,0.8,1.0,1.0,0.5,0.6666666666666666
nvbench2:test:54,1.0,0.3333333333333333,0.0,0.0,0.0,0.0,1.0,0.5,0.3333333333333333,0.4,1.0,1.0,0.5,0.6666666666666666,0.3333333333333333,0.0,0.0,0.0,0.0,1.0,0.5,0.3333333333333333,0.4,1.0,1.0,0.5,0.6666666666666666
nvbench2:test:55,1.0,0.0,0.0,0.0,0.0,0.0,0.0,0.0,0.0,0.0,0.0,0.0,0.0,0.0,1.0,1.0,0.2,1.0,0.33333333333333337,1.0,0.6,1.0,0.7499999999999999,1.0,1.0,1.0,1.0
nvbench2:test:56,1.0,1.0,1.0,0.3333333333333333,1.0,0.5,1.0,1.0,1.0,1.0,1.0,1.0,1.0,1.0,1.0,1.0,0.3333333333333333,1.0,0.5,1.0,1.0,1.0,1.0,1.0,1.0,1.0,1.0
nvbench2:test:57,1.0,0.5,0.0,0.0,0.0,0.0,1.0,0.6666666666666666,0.6666666666666666,0.6666666666666666,1.0,1.0,0.75,0.8571428571428571,1.0,1.0,0.3333333333333333,1.0,0.5,1.0,1.0,1.0,1.0,1.0,1.0,0.75,0.8571428571428571
nvbench2:test:58,1.0,1.0,1.0,0.2,1.0,0.33333333333333337,1.0,0.4,0.6666666666666666,0.5,1.0,0.8,0.8,0.8000000000000002,1.0,1.0,0.2,1.0,0.33333333333333337,1.0,0.6,1.0,0.7499999999999999,1.0,1.0,1.0,1.0
nvbench2:test:59,1.0,0.3333333333333333,0.0,0.0,0.0,0.0,1.0,0.3333333333333333,0.3333333333333333,0.3333333333333333,1.0,1.0,0.6,0.7499999999999999,1.0,1.0,0.3333333333333333,1.0,0.5,1.0,1.0,1.0,1.0,1.0,1.0,0.6,0.7499999999999999
nvbench2:test:60,1.0,0.25,0.0,0.0,0.0,0.0,0.0,0.0,0.0,0.0,1.0,0.6666666666666666,0.4,0.5,1.0,1.0,0.3333333333333333,1.0,0.5,1.0,1.0,1.0,1.0,1.0,1.0,0.6,0.7499999999999999
nvbench2:test:61,1.0,0.5,0.0,0.0,0.0,0.0,1.0,1.0,0.6666666666666666,0.8,1.0,1.0,0.6666666666666666,0.8,1.0,1.0,0.5,1.0,0.6666666666666666,1.0,1.0,0.6666666666666666,0.8,1.0,1.0,0.6666666666666666,0.8
nvbench2:test:62,1.0,1.0,1.0,0.3333333333333333,1.0,0.5,1.0,1.0,1.0,1.0,1.0,1.0,0.75,0.8571428571428571,1.0,1.0,0.3333333333333333,1.0,0.5,1.0,1.0,1.0,1.0,1.0,1.0,0.75,0.8571428571428571
nvbench2:test:63,1.0,0.5,0.0,0.0,0.0,0.0,1.0,0.6666666666666666,0.6666666666666666,0.6666666666666666,1.0,1.0,0.75,0.8571428571428571,1.0,1.0,0.3333333333333333,1.0,0.5,1.0,1.0,1.0,1.0,1.0,1.0,0.75,0.8571428571428571
nvbench2:test:64,1.0,0.5,0.0,0.0,0.0,0.0,1.0,0.4,0.6666666666666666,0.5,1.0,0.8,0.8,0.8000000000000002,1.0,1.0,0.2,1.0,0.33333333333333337,1.0,0.6,1.0,0.7499999999999999,1.0,1.0,1.0,1.0
nvbench2:test:65,1.0,0.5,0.0,0.0,0.0,0.0,1.0,0.6666666666666666,0.6666666666666666,0.6666666666666666,1.0,1.0,0.75,0.8571428571428571,1.0,1.0,0.3333333333333333,1.0,0.5,1.0,1.0,1.0,1.0,1.0,1.0,0.75,0.8571428571428571
nvbench2:test:66,1.0,0.3333333333333333,0.0,0.0,0.0,0.0,1.0,0.2,0.3333333333333333,0.25,1.0,0.2,0.2,0.20000000000000004,1.0,1.0,0.2,1.0,0.33333333333333337,1.0,0.6,1.0,0.7499999999999999,1.0,1.0,1.0,1.0
nvbench2:test:67,1.0,1.0,1.0,0.5,1.0,0.6666666666666666,1.0,1.0,1.0,1.0,1.0,1.0,1.0,1.0,1.0,1.0,0.5,1.0,0.6666666666666666,1.0,1.0,1.0,1.0,1.0,1.0,1.0,1.0
nvbench2:test:68,1.0,0.25,0.0,0.0,0.0,0.0,0.0,0.0,0.0,0.0,1.0,1.0,0.4,0.5714285714285715,1.0,1.0,0.5,1.0,0.6666666666666666,1.0,1.0,0.6666666666666666,0.8,1.0,1.0,0.4,0.5714285714285715
nvbench2:test:69,1.0,0.2,0.0,0.0,0.0,0.0,0.0,0.0,0.0,0.0,1.0,0.3333333333333333,0.2,0.25,1.0,1.0,0.3333333333333333,1.0,0.5,1.0,1.0,1.0,1.0,1.0,1.0,0.6,0.7499999999999999
nvbench2:test:70,1.0,0.3333333333333333,0.0,0.0,0.0,0.0,1.0,0.5,0.3333333333333333,0.4,1.0,1.0,0.5,0.6666666666666666,1.0,1.0,0.5,1.0,0.6666666666666666,1.0,1.0,0.6666666666666666,0.8,1.0,1.0,0.5,0.6666666666666666
nvbench2:test:71,1.0,0.3333333333333333,0.0,0.0,0.0,0.0,1.0,0.2,0.3333333333333333,0.25,1.0,0.6,0.6,0.6,1.0,1.0,0.2,1.0,0.33333333333333337,1.0,0.6,1.0,0.7499999999999999,1.0,1.0,1.0,1.0
nvbench2:test:72,1.0,0.5,0.0,0.0,0.0,0.0,1.0,1.0,0.6666666666666666,0.8,1.0,1.0,0.6666666666666666,0.8,1.0,1.0,0.5,1.0,0.6666666666666666,1.0,1.0,0.6666666666666666,0.8,1.0,1.0,0.6666666666666666,0.8
nvbench2:test:73,1.0,0.3333333333333333,0.0,0.0,0.0,0.0,1.0,0.2,0.3333333333333333,0.25,1.0,0.6,0.6,0.6,1.0,1.0,0.2,1.0,0.33333333333333337,1.0,0.6,1.0,0.7499999999999999,1.0,1.0,1.0,1.0
nvbench2:test:74,1.0,0.5,0.0,0.0,0.0,0.0,1.0,0.6666666666666666,0.6666666666666666,0.6666666666666666,1.0,1.0,0.75,0.8571428571428571,1.0,1.0,0.3333333333333333,1.0,0.5,1.0,1.0,1.0,1.0,1.0,1.0,0.75,0.8571428571428571
nvbench2:test:75,1.0,0.5,0.0,0.0,0.0,0.0,1.0,0.4,0.6666666666666666,0.5,1.0,0.8,0.8,0.8000000000000002,1.0,1.0,0.2,1.0,0.33333333333333337,1.0,0.6,1.0,0.7499999999999999,1.0,1.0,1.0,1.0
nvbench2:test:76,1.0,0.5,0.0,0.0,0.0,0.0,1.0,0.6666666666666666,0.6666666666666666,0.6666666666666666,1.0,1.0,0.75,0.8571428571428571,1.0,1.0,0.3333333333333333,1.0,0.5,1.0,1.0,1.0,1.0,1.0,1.0,0.75,0.8571428571428571
nvbench2:test:77,1.0,0.3333333333333333,0.0,0.0,0.0,0.0,1.0,0.25,0.3333333333333333,0.28571428571428575,1.0,0.75,0.6,0.6666666666666665,1.0,1.0,0.25,1.0,0.4,1.0,0.75,1.0,0.8571428571428571,1.0,1.0,0.8,0.888888888888889
nvbench2:test:78,1.0,0.5,0.0,0.0,0.0,0.0,1.0,0.4,0.6666666666666666,0.5,1.0,0.8,0.8,0.8000000000000002,1.0,1.0,0.2,1.0,0.33333333333333337,1.0,0.6,1.0,0.7499999999999999,1.0,1.0,1.0,1.0
nvbench2:test:79,1.0,0.5,0.0,0.0,0.0,0.0,1.0,0.6666666666666666,0.6666666666666666,0.6666666666666666,1.0,1.0,0.75,0.8571428571428571,1.0,1.0,0.3333333333333333,1.0,0.5,1.0,1.0,1.0,1.0,1.0,1.0,0.75,0.8571428571428571
nvbench2:test:80,1.0,0.5,0.0,0.0,0.0,0.0,1.0,0.6666666666666666,0.6666666666666666,0.6666666666666666,1.0,1.0,0.6,0.7499999999999999,1.0,1.0,0.3333333333333333,1.0,0.5,1.0,1.0,1.0,1.0,1.0,1.0,0.6,0.7499999999999999
nvbench2:test:81,1.0,0.5,0.0,0.0,0.0,0.0,1.0,0.6666666666666666,0.6666666666666666,0.6666666666666666,1.0,1.0,0.75,0.8571428571428571,1.0,1.0,0.3333333333333333,1.0,0.5,1.0,1.0,1.0,1.0,1.0,1.0,0.75,0.8571428571428571
nvbench2:test:82,1.0,0.0,0.0,0.0,0.0,0.0,0.0,0.0,0.0,0.0,0.0,0.0,0.0,0.0,1.0,1.0,0.2,1.0,0.33333333333333337,1.0,0.6,1.0,0.7499999999999999,1.0,1.0,1.0,1.0
nvbench2:test:83,1.0,0.2,0.0,0.0,0.0,0.0,0.0,0.0,0.0,0.0,1.0,0.3333333333333333,0.2,0.25,1.0,1.0,0.3333333333333333,1.0,0.5,1.0,1.0,1.0,1.0,1.0,1.0,0.6,0.7499999999999999
nvbench2:test:84,1.0,0.5,0.0,0.0,0.0,0.0,1.0,0.6666666666666666,0.6666666666666666,0.6666666666666666,1.0,1.0,0.75,0.8571428571428571,1.0,1.0,0.3333333333333333,1.0,0.5,1.0,1.0,1.0,1.0,1.0,1.0,0.75,0.8571428571428571
nvbench2:test:85,1.0,0.2,0.0,0.0,0.0,0.0,0.0,0.0,0.0,0.0,1.0,0.3333333333333333,0.2,0.25,1.0,1.0,0.3333333333333333,1.0,0.5,1.0,1.0,1.0,1.0,1.0,1.0,0.6,0.7499999999999999
nvbench2:test:86,1.0,0.5,0.0,0.0,0.0,0.0,1.0,0.6666666666666666,0.6666666666666666,0.6666666666666666,1.0,1.0,0.75,0.8571428571428571,1.0,1.0,0.3333333333333333,1.0,0.5,1.0,1.0,1.0,1.0,1.0,1.0,0.75,0.8571428571428571
nvbench2:test:87,0.0,0.5,0.0,0.0,0.0,0.0,1.0,1.0,0.6666666666666666,0.8,1.0,1.0,0.6666666666666666,0.8,1.0,1.0,0.5,1.0,0.6666666666666666,1.0,1.0,0.6666666666666666,0.8,1.0,1.0,0.6666666666666666,0.8
nvbench2:test:88,1.0,0.5,0.0,0.0,0.0,0.0,1.0,0.6666666666666666,0.6666666666666666,0.6666666666666666,1.0,1.0,0.6,0.7499999999999999,1.0,1.0,0.3333333333333333,1.0,0.5,1.0,1.0,1.0,1.0,1.0,1.0,0.6,0.7499999999999999
nvbench2:test:89,1.0,0.5,0.0,0.0,0.0,0.0,1.0,0.4,0.6666666666666666,0.5,1.0,0.8,0.8,0.8000000000000002,1.0,1.0,0.2,1.0,0.33333333333333337,1.0,0.6,1.0,0.7499999999999999,1.0,1.0,1.0,1.0
nvbench2:test:90,1.0,0.5,0.0,0.0,0.0,0.0,1.0,0.6666666666666666,0.6666666666666666,0.6666666666666666,1.0,1.0,0.6,0.7499999999999999,1.0,1.0,0.3333333333333333,1.0,0.5,1.0,1.0,1.0,1.0,1.0,1.0,0.6,0.7499999999999999
nvbench2:test:91,1.0,0.2,0.0,0.0,0.0,0.0,0.0,0.0,0.0,0.0,1.0,0.25,0.2,0.22222222222222224,1.0,1.0,0.25,1.0,0.4,1.0,0.75,1.0,0.8571428571428571,1.0,1.0,0.8,0.888888888888889
nvbench2:test:92,1.0,0.5,0.0,0.0,0.0,0.0,1.0,1.0,0.6666666666666666,0.8,1.0,1.0,0.6666666666666666,0.8,1.0,1.0,0.5,1.0,0.6666666666666666,1.0,1.0,0.6666666666666666,0.8,1.0,1.0,0.6666666666666666,0.8
nvbench2:test:93,1.0,1.0,1.0,0.25,1.0,0.4,1.0,0.75,1.0,0.8571428571428571,1.0,1.0,1.0,1.0,1.0,1.0,0.25,1.0,0.4,1.0,0.75,1.0,0.8571428571428571,1.0,1.0,1.0,1.0
nvbench2:test:94,1.0,0.5,0.0,0.0,0.0,0.0,1.0,0.4,0.6666666666666666,0.5,1.0,0.8,0.8,0.8000000000000002,1.0,1.0,0.2,1.0,0.33333333333333337,1.0,0.6,1.0,0.7499999999999999,1.0,1.0,1.0,1.0
nvbench2:test:95,1.0,1.0,1.0,0.3333333333333333,1.0,0.5,1.0,1.0,1.0,1.0,1.0,1.0,1.0,1.0,1.0,1.0,0.3333333333333333,1.0,0.5,1.0,1.0,1.0,1.0,1.0,1.0,1.0,1.0
nvbench2:test:96,1.0,0.0,0.0,0.0,0.0,0.0,0.0,0.0,0.0,0.0,0.0,0.0,0.0,0.0,1.0,1.0,0.2,1.0,0.33333333333333337,1.0,0.6,1.0,0.7499999999999999,1.0,1.0,1.0,1.0
nvbench2:test:97,1.0,0.5,0.0,0.0,0.0,0.0,1.0,0.4,0.6666666666666666,0.5,1.0,0.8,0.8,0.8000000000000002,1.0,1.0,0.2,1.0,0.33333333333333337,1.0,0.6,1.0,0.7499999999999999,1.0,1.0,1.0,1.0
nvbench2:test:98,1.0,0.2,0.0,0.0,0.0,0.0,0.0,0.0,0.0,0.0,1.0,0.3333333333333333,0.2,0.25,1.0,1.0,0.3333333333333333,1.0,0.5,1.0,1.0,1.0,1.0,1.0,1.0,0.6,0.7499999999999999
nvbench2:test:99,1.0,0.5,0.0,0.0,0.0,0.0,1.0,1.0,0.6666666666666666,0.8,1.0,1.0,0.6666666666666666,0.8,1.0,1.0,0.5,1.0,0.6666666666666666,1.0,1.0,0.6666666666666666,0.8,1.0,1.0,0.6666666666666666,0.8
nvbench2:test:100,1.0,0.0,0.0,0.0,0.0,0.0,0.0,0.0,0.0,0.0,0.0,0.0,0.0,0.0,1.0,1.0,0.3333333333333333,1.0,0.5,1.0,1.0,1.0,1.0,1.0,1.0,0.6,0.7499999999999999
nvbench2:test:101,1.0,1.0,1.0,0.5,1.0,0.6666666666666666,1.0,1.0,1.0,1.0,1.0,1.0,1.0,1.0,1.0,1.0,0.5,1.0,0.6666666666666666,1.0,1.0,1.0,1.0,1.0,1.0,1.0,1.0
nvbench2:test:102,1.0,0.5,0.0,0.0,0.0,0.0,1.0,0.6666666666666666,0.6666666666666666,0.6666666666666666,1.0,1.0,0.75,0.8571428571428571,1.0,1.0,0.3333333333333333,1.0,0.5,1.0,1.0,1.0,1.0,1.0,1.0,0.75,0.8571428571428571
nvbench2:test:103,1.0,0.0,0.0,0.0,0.0,0.0,0.0,0.0,0.0,0.0,0.0,0.0,0.0,0.0,1.0,1.0,0.3333333333333333,1.0,0.5,1.0,1.0,1.0,1.0,1.0,1.0,0.6,0.7499999999999999
nvbench2:test:104,1.0,0.2,0.0,0.0,0.0,0.0,0.0,0.0,0.0,0.0,1.0,0.3333333333333333,0.2,0.25,1.0,1.0,0.3333333333333333,1.0,0.5,1.0,1.0,1.0,1.0,1.0,1.0,0.6,0.7499999999999999
nvbench2:test:105,1.0,0.3333333333333333,0.0,0.0,0.0,0.0,1.0,0.3333333333333333,0.3333333333333333,0.3333333333333333,1.0,1.0,0.6,0.7499999999999999,1.0,1.0,0.3333333333333333,1.0,0.5,1.0,1.0,1.0,1.0,1.0,1.0,0.6,0.7499999999999999
nvbench2:test:106,1.0,0.5,0.0,0.0,0.0,0.0,1.0,0.6666666666666666,0.6666666666666666,0.6666666666666666,1.0,1.0,0.75,0.8571428571428571,1.0,1.0,0.3333333333333333,1.0,0.5,1.0,1.0,1.0,1.0,1.0,1.0,0.75,0.8571428571428571
nvbench2:test:107,1.0,0.2,0.0,0.0,0.0,0.0,0.0,0.0,0.0,0.0,1.0,0.3333333333333333,0.2,0.25,1.0,1.0,0.3333333333333333,1.0,0.5,1.0,1.0,1.0,1.0,1.0,1.0,0.6,0.7499999999999999
nvbench2:test:108,1.0,1.0,1.0,0.2,1.0,0.33333333333333337,1.0,0.4,0.6666666666666666,0.5,1.0,0.8,0.8,0.8000000000000002,1.0,1.0,0.2,1.0,0.33333333333333337,1.0,0.6,1.0,0.7499999999999999,1.0,1.0,1.0,1.0
nvbench2:test:109,1.0,1.0,1.0,0.5,1.0,0.6666666666666666,1.0,1.0,1.0,1.0,1.0,1.0,1.0,1.0,1.0,1.0,0.5,1.0,0.6666666666666666,1.0,1.0,1.0,1.0,1.0,1.0,1.0,1.0
nvbench2:test:110,1.0,0.5,0.0,0.0,0.0,0.0,1.0,1.0,0.6666666666666666,0.8,1.0,1.0,0.6666666666666666,0.8,1.0,1.0,0.5,1.0,0.6666666666666666,1.0,1.0,0.6666666666666666,0.8,1.0,1.0,0.6666666666666666,0.8
nvbench2:test:111,1.0,0.0,0.0,0.0,0.0,0.0,0.0,0.0,0.0,0.0,0.0,0.0,0.0,0.0,1.0,1.0,0.3333333333333333,1.0,0.5,1.0,1.0,1.0,1.0,1.0,1.0,0.6,0.7499999999999999
nvbench2:test:112,1.0,0.5,0.0,0.0,0.0,0.0,1.0,1.0,0.6666666666666666,0.8,1.0,1.0,0.6666666666666666,0.8,1.0,1.0,0.5,1.0,0.6666666666666666,1.0,1.0,0.6666666666666666,0.8,1.0,1.0,0.6666666666666666,0.8
nvbench2:test:113,1.0,1.0,1.0,0.3333333333333333,1.0,0.5,1.0,1.0,1.0,1.0,1.0,1.0,1.0,1.0,1.0,1.0,0.3333333333333333,1.0,0.5,1.0,1.0,1.0,1.0,1.0,1.0,1.0,1.0
nvbench2:test:114,1.0,0.0,0.0,0.0,0.0,0.0,0.0,0.0,0.0,0.0,0.0,0.0,0.0,0.0,1.0,1.0,0.2,1.0,0.33333333333333337,1.0,0.6,1.0,0.7499999999999999,1.0,1.0,1.0,1.0
nvbench2:test:115,1.0,0.5,0.0,0.0,0.0,0.0,1.0,1.0,0.6666666666666666,0.8,1.0,1.0,0.6666666666666666,0.8,1.0,1.0,0.5,1.0,0.6666666666666666,1.0,1.0,0.6666666666666666,0.8,1.0,1.0,0.6666666666666666,0.8
nvbench2:test:116,1.0,0.5,0.0,0.0,0.0,0.0,1.0,1.0,0.6666666666666666,0.8,1.0,1.0,0.6666666666666666,0.8,1.0,1.0,0.5,1.0,0.6666666666666666,1.0,1.0,0.6666666666666666,0.8,1.0,1.0,0.6666666666666666,0.8
nvbench2:test:117,1.0,0.5,0.0,0.0,0.0,0.0,1.0,0.4,0.6666666666666666,0.5,1.0,0.8,0.8,0.8000000000000002,1.0,1.0,0.2,1.0,0.33333333333333337,1.0,0.6,1.0,0.7499999999999999,1.0,1.0,1.0,1.0
nvbench2:test:118,0.0,1.0,1.0,0.5,1.0,0.6666666666666666,1.0,1.0,0.6666666666666666,0.8,1.0,1.0,0.6666666666666666,0.8,0.5,0.0,0.0,0.0,0.0,1.0,1.0,0.6666666666666666,0.8,1.0,1.0,0.6666666666666666,0.8
nvbench2:test:119,1.0,0.3333333333333333,0.0,0.0,0.0,0.0,1.0,0.5,0.3333333333333333,0.4,1.0,1.0,0.5,0.6666666666666666,1.0,1.0,0.5,1.0,0.6666666666666666,1.0,1.0,0.6666666666666666,0.8,1.0,1.0,0.5,0.6666666666666666
nvbench2:test:120,1.0,0.3333333333333333,0.0,0.0,0.0,0.0,1.0,0.5,0.3333333333333333,0.4,1.0,1.0,0.5,0.6666666666666666,1.0,1.0,0.5,1.0,0.6666666666666666,1.0,1.0,0.6666666666666666,0.8,1.0,1.0,0.5,0.6666666666666666
nvbench2:test:121,1.0,0.0,0.0,0.0,0.0,0.0,0.0,0.0,0.0,0.0,0.0,0.0,0.0,0.0,1.0,1.0,0.2,1.0,0.33333333333333337,1.0,0.6,1.0,0.7499999999999999,1.0,1.0,1.0,1.0
nvbench2:test:122,1.0,0.2,0.0,0.0,0.0,0.0,0.0,0.0,0.0,0.0,1.0,0.3333333333333333,0.2,0.25,1.0,1.0,0.3333333333333333,1.0,0.5,1.0,1.0,1.0,1.0,1.0,1.0,0.6,0.7499999999999999
nvbench2:test:123,1.0,0.5,0.0,0.0,0.0,0.0,1.0,1.0,0.6666666666666666,0.8,1.0,1.0,0.6666666666666666,0.8,1.0,1.0,0.5,1.0,0.6666666666666666,1.0,1.0,0.6666666666666666,0.8,1.0,1.0,0.6666666666666666,0.8
nvbench2:test:124,1.0,1.0,1.0,0.2,1.0,0.33333333333333337,1.0,0.4,0.6666666666666666,0.5,1.0,0.8,0.8,0.8000000000000002,1.0,1.0,0.2,1.0,0.33333333333333337,1.0,0.6,1.0,0.7499999999999999,1.0,1.0,1.0,1.0
nvbench2:test:125,1.0,1.0,1.0,0.5,1.0,0.6666666666666666,1.0,1.0,1.0,1.0,1.0,1.0,1.0,1.0,1.0,1.0,0.5,1.0,0.6666666666666666,1.0,1.0,1.0,1.0,1.0,1.0,1.0,1.0
nvbench2:test:126,1.0,0.3333333333333333,0.0,0.0,0.0,0.0,1.0,0.5,0.3333333333333333,0.4,1.0,1.0,0.5,0.6666666666666666,1.0,1.0,0.5,1.0,0.6666666666666666,1.0,1.0,0.6666666666666666,0.8,1.0,1.0,0.5,0.6666666666666666
nvbench2:test:127,1.0,0.3333333333333333,0.0,0.0,0.0,0.0,1.0,0.5,0.3333333333333333,0.4,1.0,1.0,0.5,0.6666666666666666,1.0,1.0,0.5,1.0,0.6666666666666666,1.0,1.0,0.6666666666666666,0.8,1.0,1.0,0.5,0.6666666666666666
nvbench2:test:128,1.0,0.0,0.0,0.0,0.0,0.0,0.0,0.0,0.0,0.0,0.0,0.0,0.0,0.0,1.0,1.0,0.2,1.0,0.33333333333333337,1.0,0.6,1.0,0.7499999999999999,1.0,1.0,1.0,1.0
nvbench2:test:129,1.0,0.5,0.0,0.0,0.0,0.0,1.0,0.5,0.6666666666666666,0.5714285714285715,1.0,1.0,0.8,0.888888888888889,1.0,1.0,0.25,1.0,0.4,1.0,0.75,1.0,0.8571428571428571,1.0,1.0,0.8,0.888888888888889
nvbench2:test:130,1.0,0.3333333333333333,0.0,0.0,0.0,0.0,1.0,0.5,0.3333333333333333,0.4,1.0,1.0,0.5,0.6666666666666666,1.0,1.0,0.5,1.0,0.6666666666666666,1.0,1.0,0.6666666666666666,0.8,1.0,1.0,0.5,0.6666666666666666
nvbench2:test:131,1.0,0.0,0.0,0.0,0.0,0.0,0.0,0.0,0.0,0.0,0.0,0.0,0.0,0.0,1.0,1.0,0.25,1.0,0.4,1.0,0.75,1.0,0.8571428571428571,1.0,1.0,0.8,0.888888888888889
nvbench2:test:132,0.0,0.0,0.0,0.0,0.0,0.0,0.0,0.0,0.0,0.0,0.0,0.0,0.0,0.0,0.0,0.0,0.0,0.0,0.0,0.0,0.0,0.0,0.0,0.0,0.0,0.0,0.0
nvbench2:test:133,1.0,0.2,0.0,0.0,0.0,0.0,0.0,0.0,0.0,0.0,1.0,0.5,0.2,0.28571428571428575,1.0,1.0,0.5,1.0,0.6666666666666666,1.0,1.0,0.6666666666666666,0.8,1.0,1.0,0.4,0.5714285714285715
nvbench2:test:134,1.0,0.0,0.0,0.0,0.0,0.0,0.0,0.0,0.0,0.0,0.0,0.0,0.0,0.0,1.0,1.0,0.25,1.0,0.4,1.0,0.75,1.0,0.8571428571428571,1.0,1.0,0.8,0.888888888888889
nvbench2:test:135,1.0,0.0,0.0,0.0,0.0,0.0,0.0,0.0,0.0,0.0,0.0,0.0,0.0,0.0,1.0,1.0,0.2,1.0,0.33333333333333337,1.0,0.6,1.0,0.7499999999999999,1.0,1.0,1.0,1.0
nvbench2:test:136,1.0,0.3333333333333333,0.0,0.0,0.0,0.0,1.0,0.5,0.3333333333333333,0.4,1.0,1.0,0.5,0.6666666666666666,1.0,1.0,0.5,1.0,0.6666666666666666,1.0,1.0,0.6666666666666666,0.8,1.0,1.0,0.5,0.6666666666666666
nvbench2:test:137,1.0,1.0,1.0,0.25,1.0,0.4,1.0,0.75,1.0,0.8571428571428571,1.0,1.0,1.0,1.0,1.0,1.0,0.25,1.0,0.4,1.0,0.75,1.0,0.8571428571428571,1.0,1.0,1.0,1.0
nvbench2:test:138,1.0,1.0,1.0,0.5,1.0,0.6666666666666666,1.0,1.0,1.0,1.0,1.0,1.0,1.0,1.0,1.0,1.0,0.5,1.0,0.6666666666666666,1.0,1.0,1.0,1.0,1.0,1.0,1.0,1.0
nvbench2:test:139,1.0,0.3333333333333333,0.0,0.0,0.0,0.0,1.0,0.5,0.3333333333333333,0.4,1.0,1.0,0.5,0.6666666666666666,1.0,1.0,0.5,1.0,0.6666666666666666,1.0,1.0,0.6666666666666666,0.8,1.0,1.0,0.5,0.6666666666666666
nvbench2:test:140,1.0,0.3333333333333333,0.0,0.0,0.0,0.0,1.0,0.5,0.3333333333333333,0.4,1.0,1.0,0.5,0.6666666666666666,1.0,1.0,0.5,1.0,0.6666666666666666,1.0,1.0,0.6666666666666666,0.8,1.0,1.0,0.5,0.6666666666666666
nvbench2:test:141,1.0,0.3333333333333333,0.0,0.0,0.0,0.0,1.0,0.5,0.3333333333333333,0.4,1.0,1.0,0.5,0.6666666666666666,1.0,1.0,0.5,1.0,0.6666666666666666,1.0,1.0,0.6666666666666666,0.8,1.0,1.0,0.5,0.6666666666666666
nvbench2:test:142,1.0,0.3333333333333333,0.0,0.0,0.0,0.0,1.0,0.5,0.3333333333333333,0.4,1.0,1.0,0.5,0.6666666666666666,1.0,1.0,0.5,1.0,0.6666666666666666,1.0,1.0,0.6666666666666666,0.8,1.0,1.0,0.5,0.6666666666666666
nvbench2:test:143,1.0,0.0,0.0,0.0,0.0,0.0,0.0,0.0,0.0,0.0,0.0,0.0,0.0,0.0,1.0,1.0,0.2,1.0,0.33333333333333337,1.0,0.6,1.0,0.7499999999999999,1.0,1.0,1.0,1.0
nvbench2:test:144,1.0,0.3333333333333333,0.0,0.0,0.0,0.0,1.0,0.5,0.3333333333333333,0.4,1.0,1.0,0.5,0.6666666666666666,1.0,1.0,0.5,1.0,0.6666666666666666,1.0,1.0,0.6666666666666666,0.8,1.0,1.0,0.5,0.6666666666666666
nvbench2:test:145,0.0,0.0,0.0,0.0,0.0,0.0,0.0,0.0,0.0,0.0,0.0,0.0,0.0,0.0,0.0,0.0,0.0,0.0,0.0,0.0,0.0,0.0,0.0,0.0,0.0,0.0,0.0
nvbench2:test:146,1.0,0.3333333333333333,0.0,0.0,0.0,0.0,1.0,0.5,0.3333333333333333,0.4,1.0,1.0,0.5,0.6666666666666666,1.0,1.0,0.5,1.0,0.6666666666666666,1.0,1.0,0.6666666666666666,0.8,1.0,1.0,0.5,0.6666666666666666
nvbench2:test:147,1.0,1.0,1.0,0.5,1.0,0.6666666666666666,1.0,1.0,1.0,1.0,1.0,1.0,1.0,1.0,1.0,1.0,0.5,1.0,0.6666666666666666,1.0,1.0,1.0,1.0,1.0,1.0,1.0,1.0
nvbench2:test:148,0.0,0.3333333333333333,0.0,0.0,0.0,0.0,1.0,0.5,0.3333333333333333,0.4,1.0,0.5,0.3333333333333333,0.4,1.0,1.0,0.5,1.0,0.6666666666666666,1.0,0.5,0.3333333333333333,0.4,1.0,0.5,0.3333333333333333,0.4
nvbench2:test:149,1.0,0.3333333333333333,0.0,0.0,0.0,0.0,1.0,0.5,0.3333333333333333,0.4,1.0,1.0,0.5,0.6666666666666666,1.0,1.0,0.5,1.0,0.6666666666666666,1.0,1.0,0.6666666666666666,0.8,1.0,1.0,0.5,0.6666666666666666
nvbench2:test:150,1.0,1.0,1.0,0.25,1.0,0.4,1.0,0.75,1.0,0.8571428571428571,1.0,1.0,1.0,1.0,1.0,1.0,0.25,1.0,0.4,1.0,0.75,1.0,0.8571428571428571,1.0,1.0,1.0,1.0
nvbench2:test:151,1.0,0.3333333333333333,0.0,0.0,0.0,0.0,1.0,0.5,0.3333333333333333,0.4,1.0,1.0,0.5,0.6666666666666666,1.0,1.0,0.5,1.0,0.6666666666666666,1.0,1.0,0.6666666666666666,0.8,1.0,1.0,0.5,0.6666666666666666
nvbench2:test:152,1.0,0.3333333333333333,0.0,0.0,0.0,0.0,1.0,0.5,0.3333333333333333,0.4,1.0,1.0,0.5,0.6666666666666666,1.0,1.0,0.5,1.0,0.6666666666666666,1.0,1.0,0.6666666666666666,0.8,1.0,1.0,0.5,0.6666666666666666
nvbench2:test:153,1.0,0.25,0.0,0.0,0.0,0.0,0.0,0.0,0.0,0.0,1.0,1.0,0.4,0.5714285714285715,1.0,1.0,0.5,1.0,0.6666666666666666,1.0,1.0,0.6666666666666666,0.8,1.0,1.0,0.4,0.5714285714285715
nvbench2:test:154,1.0,0.5,0.0,0.0,0.0,0.0,1.0,1.0,0.5,0.6666666666666666,1.0,1.0,0.5,0.6666666666666666,1.0,1.0,1.0,1.0,1.0,1.0,1.0,0.5,0.6666666666666666,1.0,1.0,0.5,0.6666666666666666
nvbench2:test:155,1.0,0.0,0.0,0.0,0.0,0.0,0.0,0.0,0.0,0.0,0.0,0.0,0.0,0.0,1.0,1.0,0.2,1.0,0.33333333333333337,1.0,0.6,1.0,0.7499999999999999,1.0,1.0,1.0,1.0
nvbench2:test:156,1.0,1.0,1.0,0.5,1.0,0.6666666666666666,1.0,1.0,1.0,1.0,1.0,1.0,1.0,1.0,1.0,1.0,0.5,1.0,0.6666666666666666,1.0,1.0,1.0,1.0,1.0,1.0,1.0,1.0
nvbench2:test:157,1.0,1.0,1.0,0.2,1.0,0.33333333333333337,1.0,0.4,0.6666666666666666,0.5,1.0,0.8,0.8,0.8000000000000002,1.0,1.0,0.2,1.0,0.33333333333333337,1.0,0.6,1.0,0.7499999999999999,1.0,1.0,1.0,1.0
nvbench2:test:158,1.0,0.2,0.0,0.0,0.0,0.0,0.0,0.0,0.0,0.0,1.0,0.3333333333333333,0.2,0.25,1.0,1.0,0.3333333333333333,1.0,0.5,1.0,1.0,1.0,1.0,1.0,1.0,0.6,0.7499999999999999
nvbench2:test:159,1.0,1.0,1.0,0.2,1.0,0.33333333333333337,1.0,0.6,1.0,0.7499999999999999,1.0,1.0,1.0,1.0,1.0,1.0,0.2,1.0,0.33333333333333337,1.0,0.6,1.0,0.7499999999999999,1.0,1.0,1.0,1.0
nvbench2:test:160,1.0,1.0,1.0,0.5,1.0,0.6666666666666666,1.0,1.0,1.0,1.0,1.0,1.0,1.0,1.0,1.0,1.0,0.5,1.0,0.6666666666666666,1.0,1.0,1.0,1.0,1.0,1.0,1.0,1.0
nvbench2:test:161,1.0,1.0,1.0,0.2,1.0,0.33333333333333337,1.0,0.4,0.6666666666666666,0.5,1.0,0.8,0.8,0.8000000000000002,1.0,1.0,0.2,1.0,0.33333333333333337,1.0,0.6,1.0,0.7499999999999999,1.0,1.0,1.0,1.0
nvbench2:test:162,1.0,0.0,0.0,0.0,0.0,0.0,0.0,0.0,0.0,0.0,0.0,0.0,0.0,0.0,1.0,1.0,0.3333333333333333,1.0,0.5,1.0,1.0,1.0,1.0,1.0,1.0,0.6,0.7499999999999999
nvbench2:test:163,1.0,0.2,0.0,0.0,0.0,0.0,0.0,0.0,0.0,0.0,1.0,0.3333333333333333,0.2,0.25,1.0,1.0,0.3333333333333333,1.0,0.5,1.0,1.0,1.0,1.0,1.0,1.0,0.6,0.7499999999999999
nvbench2:test:164,1.0,0.0,0.0,0.0,0.0,0.0,0.0,0.0,0.0,0.0,0.0,0.0,0.0,0.0,1.0,1.0,0.2,1.0,0.33333333333333337,1.0,0.6,1.0,0.7499999999999999,1.0,1.0,1.0,1.0
nvbench2:test:165,1.0,0.3333333333333333,0.0,0.0,0.0,0.0,1.0,0.5,0.3333333333333333,0.4,1.0,1.0,0.5,0.6666666666666666,1.0,1.0,0.5,1.0,0.6666666666666666,1.0,1.0,0.6666666666666666,0.8,1.0,1.0,0.5,0.6666666666666666
nvbench2:test:166,1.0,0.5,0.0,0.0,0.0,0.0,1.0,1.0,0.5,0.6666666666666666,1.0,1.0,0.5,0.6666666666666666,1.0,1.0,1.0,1.0,1.0,1.0,1.0,0.5,0.6666666666666666,1.0,1.0,0.5,0.6666666666666666
nvbench2:test:167,1.0,0.5,0.0,0.0,0.0,0.0,1.0,1.0,0.6666666666666666,0.8,1.0,1.0,0.6666666666666666,0.8,1.0,1.0,0.5,1.0,0.6666666666666666,1.0,1.0,0.6666666666666666,0.8,1.0,1.0,0.6666666666666666,0.8
nvbench2:test:168,1.0,0.5,0.0,0.0,0.0,0.0,1.0,0.4,0.6666666666666666,0.5,1.0,0.8,0.8,0.8000000000000002,1.0,1.0,0.2,1.0,0.33333333333333337,1.0,0.6,1.0,0.7499999999999999,1.0,1.0,1.0,1.0
nvbench2:test:169,1.0,1.0,1.0,0.5,1.0,0.6666666666666666,1.0,1.0,1.0,1.0,1.0,1.0,1.0,1.0,1.0,1.0,0.5,1.0,0.6666666666666666,1.0,1.0,1.0,1.0,1.0,1.0,1.0,1.0
nvbench2:test:170,1.0,0.3333333333333333,0.0,0.0,0.0,0.0,1.0,0.5,0.3333333333333333,0.4,1.0,1.0,0.5,0.6666666666666666,1.0,1.0,0.5,1.0,0.6666666666666666,1.0,1.0,0.6666666666666666,0.8,1.0,1.0,0.5,0.6666666666666666
nvbench2:test:171,1.0,0.3333333333333333,0.0,0.0,0.0,0.0,1.0,0.5,0.3333333333333333,0.4,1.0,1.0,0.5,0.6666666666666666,1.0,1.0,0.5,1.0,0.6666666666666666,1.0,1.0,0.6666666666666666,0.8,1.0,1.0,0.5,0.6666666666666666
nvbench2:test:172,1.0,0.3333333333333333,0.0,0.0,0.0,0.0,1.0,0.2,0.3333333333333333,0.25,1.0,0.6,0.6,0.6,1.0,1.0,0.2,1.0,0.33333333333333337,1.0,0.6,1.0,0.7499999999999999,1.0,1.0,1.0,1.0
nvbench2:test:173,1.0,1.0,1.0,0.25,1.0,0.4,1.0,0.75,1.0,0.8571428571428571,1.0,1.0,1.0,1.0,1.0,1.0,0.25,1.0,0.4,1.0,0.75,1.0,0.8571428571428571,1.0,1.0,1.0,1.0
nvbench2:test:174,1.0,0.5,0.0,0.0,0.0,0.0,1.0,1.0,0.6666666666666666,0.8,1.0,1.0,0.6666666666666666,0.8,1.0,1.0,0.5,1.0,0.6666666666666666,1.0,1.0,0.6666666666666666,0.8,1.0,1.0,0.6666666666666666,0.8
nvbench2:test:175,0.0,0.5,0.0,0.0,0.0,0.0,1.0,0.5,0.5,0.5,1.0,0.5,0.5,0.5,1.0,1.0,0.5,1.0,0.6666666666666666,1.0,0.5,0.5,0.5,1.0,0.5,0.5,0.5
nvbench2:test:176,1.0,0.3333333333333333,0.0,0.0,0.0,0.0,1.0,0.3333333333333333,0.3333333333333333,0.3333333333333333,1.0,1.0,0.6,0.7499999999999999,1.0,1.0,0.3333333333333333,1.0,0.5,1.0,1.0,1.0,1.0,1.0,1.0,0.6,0.7499999999999999
nvbench2:test:177,1.0,0.3333333333333333,0.0,0.0,0.0,0.0,1.0,0.5,0.3333333333333333,0.4,1.0,1.0,0.5,0.6666666666666666,1.0,1.0,0.5,1.0,0.6666666666666666,1.0,1.0,0.6666666666666666,0.8,1.0,1.0,0.5,0.6666666666666666
nvbench2:test:178,1.0,0.5,0.0,0.0,0.0,0.0,1.0,1.0,0.6666666666666666,0.8,1.0,1.0,0.6666666666666666,0.8,1.0,1.0,0.5,1.0,0.6666666666666666,1.0,1.0,0.6666666666666666,0.8,1.0,1.0,0.6666666666666666,0.8
nvbench2:test:179,1.0,0.3333333333333333,0.0,0.0,0.0,0.0,1.0,0.3333333333333333,0.3333333333333333,0.3333333333333333,1.0,1.0,0.6,0.7499999999999999,1.0,1.0,0.3333333333333333,1.0,0.5,1.0,1.0,1.0,1.0,1.0,1.0,0.6,0.7499999999999999
nvbench2:test:180,1.0,1.0,1.0,0.3333333333333333,1.0,0.5,1.0,0.6666666666666666,0.6666666666666666,0.6666666666666666,1.0,1.0,0.75,0.8571428571428571,1.0,1.0,0.3333333333333333,1.0,0.5,1.0,1.0,1.0,1.0,1.0,1.0,0.75,0.8571428571428571
nvbench2:test:181,1.0,0.5,0.0,0.0,0.0,0.0,1.0,1.0,0.6666666666666666,0.8,1.0,1.0,0.6666666666666666,0.8,1.0,1.0,0.5,1.0,0.6666666666666666,1.0,1.0,0.6666666666666666,0.8,1.0,1.0,0.6666666666666666,0.8
nvbench2:test:182,1.0,0.25,0.0,0.0,0.0,0.0,0.0,0.0,0.0,0.0,1.0,1.0,0.4,0.5714285714285715,1.0,1.0,0.5,1.0,0.6666666666666666,1.0,1.0,0.6666666666666666,0.8,1.0,1.0,0.4,0.5714285714285715
nvbench2:test:183,1.0,0.3333333333333333,0.0,0.0,0.0,0.0,1.0,0.3333333333333333,0.3333333333333333,0.3333333333333333,1.0,0.3333333333333333,0.2,0.25,1.0,1.0,0.3333333333333333,1.0,0.5,1.0,1.0,1.0,1.0,1.0,1.0,0.6,0.7499999999999999
nvbench2:test:184,1.0,0.0,0.0,0.0,0.0,0.0,0.0,0.0,0.0,0.0,0.0,0.0,0.0,0.0,1.0,1.0,0.2,1.0,0.33333333333333337,1.0,0.6,1.0,0.7499999999999999,1.0,1.0,1.0,1.0
nvbench2:test:185,1.0,0.5,0.0,0.0,0.0,0.0,1.0,0.6666666666666666,0.6666666666666666,0.6666666666666666,1.0,1.0,0.75,0.8571428571428571,1.0,1.0,0.3333333333333333,1.0,0.5,1.0,1.0,1.0,1.0,1.0,1.0,0.75,0.8571428571428571
nvbench2:test:186,1.0,0.5,0.0,0.0,0.0,0.0,1.0,1.0,0.6666666666666666,0.8,1.0,1.0,0.6666666666666666,0.8,1.0,1.0,0.5,1.0,0.6666666666666666,1.0,1.0,0.6666666666666666,0.8,1.0,1.0,0.6666666666666666,0.8
nvbench2:test:187,1.0,0.5,0.0,0.0,0.0,0.0,1.0,0.5,0.6666666666666666,0.5714285714285715,1.0,1.0,0.8,0.888888888888889,1.0,1.0,0.25,1.0,0.4,1.0,0.75,1.0,0.8571428571428571,1.0,1.0,0.8,0.888888888888889
nvbench2:test:188,1.0,0.5,0.0,0.0,0.0,0.0,1.0,1.0,0.6666666666666666,0.8,1.0,1.0,0.6666666666666666,0.8,1.0,1.0,0.5,1.0,0.6666666666666666,1.0,1.0,0.6666666666666666,0.8,1.0,1.0,0.6666666666666666,0.8
nvbench2:test:189,1.0,1.0,1.0,0.5,1.0,0.6666666666666666,1.0,1.0,1.0,1.0,1.0,1.0,1.0,1.0,1.0,1.0,0.5,1.0,0.6666666666666666,1.0,1.0,1.0,1.0,1.0,1.0,1.0,1.0
nvbench2:test:190,1.0,0.5,0.0,0.0,0.0,0.0,1.0,1.0,0.6666666666666666,0.8,1.0,1.0,0.6666666666666666,0.8,1.0,1.0,0.5,1.0,0.6666666666666666,1.0,1.0,0.6666666666666666,0.8,1.0,1.0,0.6666666666666666,0.8
nvbench2:test:191,1.0,0.3333333333333333,0.0,0.0,0.0,0.0,1.0,0.5,0.3333333333333333,0.4,1.0,1.0,0.5,0.6666666666666666,1.0,1.0,0.5,1.0,0.6666666666666666,1.0,1.0,0.6666666666666666,0.8,1.0,1.0,0.5,0.6666666666666666
nvbench2:test:192,1.0,1.0,1.0,0.2,1.0,0.33333333333333337,1.0,0.6,1.0,0.7499999999999999,1.0,1.0,1.0,1.0,1.0,1.0,0.2,1.0,0.33333333333333337,1.0,0.6,1.0,0.7499999999999999,1.0,1.0,1.0,1.0
nvbench2:test:193,1.0,0.0,0.0,0.0,0.0,0.0,0.0,0.0,0.0,0.0,0.0,0.0,0.0,0.0,1.0,1.0,0.2,1.0,0.33333333333333337,1.0,0.6,1.0,0.7499999999999999,1.0,1.0,1.0,1.0
nvbench2:test:194,1.0,0.25,0.0,0.0,0.0,0.0,0.0,0.0,0.0,0.0,1.0,1.0,0.4,0.5714285714285715,1.0,1.0,0.5,1.0,0.6666666666666666,1.0,1.0,0.6666666666666666,0.8,1.0,1.0,0.4,0.5714285714285715
nvbench2:test:195,1.0,0.2,0.0,0.0,0.0,0.0,0.0,0.0,0.0,0.0,1.0,0.3333333333333333,0.2,0.25,1.0,1.0,0.3333333333333333,1.0,0.5,1.0,1.0,1.0,1.0,1.0,1.0,0.6,0.7499999999999999
nvbench2:test:196,0.0,0.5,0.0,0.0,0.0,0.0,1.0,0.5,0.5,0.5,1.0,0.5,0.5,0.5,1.0,1.0,0.5,1.0,0.6666666666666666,1.0,0.5,0.5,0.5,1.0,0.5,0.5,0.5
nvbench2:test:197,1.0,0.25,0.0,0.0,0.0,0.0,0.0,0.0,0.0,0.0,1.0,0.4,0.4,0.4000000000000001,1.0,1.0,0.2,1.0,0.33333333333333337,1.0,0.6,1.0,0.7499999999999999,1.0,1.0,1.0,1.0
nvbench2:test:198,1.0,0.0,0.0,0.0,0.0,0.0,0.0,0.0,0.0,0.0,0.0,0.0,0.0,0.0,1.0,1.0,0.25,1.0,0.4,1.0,0.75,1.0,0.8571428571428571,1.0,1.0,0.8,0.888888888888889
nvbench2:test:199,0.0,0.5,0.0,0.0,0.0,0.0,1.0,0.2,0.5,0.28571428571428575,1.0,0.2,0.5,0.28571428571428575,1.0,1.0,0.2,1.0,0.33333333333333337,1.0,0.2,0.5,0.28571428571428575,1.0,0.2,0.5,0.28571428571428575
nvbench2:test:200,1.0,0.0,0.0,0.0,0.0,0.0,0.0,0.0,0.0,0.0,0.0,0.0,0.0,0.0,1.0,1.0,0.2,1.0,0.33333333333333337,1.0,0.6,1.0,0.7499999999999999,1.0,1.0,1.0,1.0
nvbench2:test:201,1.0,1.0,1.0,0.5,1.0,0.6666666666666666,1.0,1.0,1.0,1.0,1.0,1.0,1.0,1.0,1.0,1.0,0.5,1.0,0.6666666666666666,1.0,1.0,1.0,1.0,1.0,1.0,1.0,1.0
nvbench2:test:202,1.0,0.2,0.0,0.0,0.0,0.0,0.0,0.0,0.0,0.0,1.0,0.5,0.2,0.28571428571428575,1.0,1.0,0.5,1.0,0.6666666666666666,1.0,1.0,0.6666666666666666,0.8,1.0,1.0,0.4,0.5714285714285715
nvbench2:test:203,1.0,0.3333333333333333,0.0,0.0,0.0,0.0,1.0,0.5,0.3333333333333333,0.4,1.0,1.0,0.5,0.6666666666666666,1.0,1.0,0.5,1.0,0.6666666666666666,1.0,1.0,0.6666666666666666,0.8,1.0,1.0,0.5,0.6666666666666666
nvbench2:test:204,1.0,0.3333333333333333,0.0,0.0,0.0,0.0,1.0,0.5,0.3333333333333333,0.4,1.0,1.0,0.5,0.6666666666666666,1.0,1.0,0.5,1.0,0.6666666666666666,1.0,1.0,0.6666666666666666,0.8,1.0,1.0,0.5,0.6666666666666666
nvbench2:test:205,1.0,0.3333333333333333,0.0,0.0,0.0,0.0,1.0,0.5,0.3333333333333333,0.4,1.0,1.0,0.5,0.6666666666666666,1.0,1.0,0.5,1.0,0.6666666666666666,1.0,1.0,0.6666666666666666,0.8,1.0,1.0,0.5,0.6666666666666666
nvbench2:test:206,1.0,1.0,1.0,0.5,1.0,0.6666666666666666,1.0,1.0,1.0,1.0,1.0,1.0,1.0,1.0,1.0,1.0,0.5,1.0,0.6666666666666666,1.0,1.0,1.0,1.0,1.0,1.0,1.0,1.0
nvbench2:test:207,1.0,0.3333333333333333,0.0,0.0,0.0,0.0,1.0,0.5,0.3333333333333333,0.4,1.0,1.0,0.5,0.6666666666666666,1.0,1.0,0.5,1.0,0.6666666666666666,1.0,1.0,0.6666666666666666,0.8,1.0,1.0,0.5,0.6666666666666666
nvbench2:test:208,1.0,0.3333333333333333,0.0,0.0,0.0,0.0,1.0,0.5,0.3333333333333333,0.4,1.0,1.0,0.5,0.6666666666666666,1.0,1.0,0.5,1.0,0.6666666666666666,1.0,1.0,0.6666666666666666,0.8,1.0,1.0,0.5,0.6666666666666666
nvbench2:test:209,1.0,0.2,0.0,0.0,0.0,0.0,0.0,0.0,0.0,0.0,1.0,0.5,0.2,0.28571428571428575,1.0,1.0,0.5,1.0,0.6666666666666666,1.0,1.0,0.6666666666666666,0.8,1.0,1.0,0.4,0.5714285714285715
nvbench2:test:210,1.0,0.3333333333333333,0.0,0.0,0.0,0.0,1.0,0.5,0.3333333333333333,0.4,1.0,1.0,0.5,0.6666666666666666,1.0,1.0,0.5,1.0,0.6666666666666666,1.0,1.0,0.6666666666666666,0.8,1.0,1.0,0.5,0.6666666666666666
nvbench2:test:211,1.0,0.0,0.0,0.0,0.0,0.0,0.0,0.0,0.0,0.0,0.0,0.0,0.0,0.0,1.0,1.0,0.2,1.0,0.33333333333333337,1.0,0.6,1.0,0.7499999999999999,1.0,1.0,1.0,1.0
nvbench2:test:212,1.0,1.0,1.0,0.25,1.0,0.4,1.0,0.75,1.0,0.8571428571428571,1.0,1.0,1.0,1.0,1.0,1.0,0.25,1.0,0.4,1.0,0.75,1.0,0.8571428571428571,1.0,1.0,1.0,1.0
nvbench2:test:213,1.0,0.3333333333333333,0.0,0.0,0.0,0.0,1.0,0.5,0.3333333333333333,0.4,1.0,1.0,0.5,0.6666666666666666,1.0,1.0,0.5,1.0,0.6666666666666666,1.0,1.0,0.6666666666666666,0.8,1.0,1.0,0.5,0.6666666666666666
nvbench2:test:214,1.0,0.25,0.0,0.0,0.0,0.0,0.0,0.0,0.0,0.0,1.0,0.6666666666666666,0.4,0.5,1.0,1.0,0.3333333333333333,1.0,0.5,1.0,1.0,1.0,1.0,1.0,1.0,0.6,0.7499999999999999
nvbench2:test:215,1.0,0.3333333333333333,0.0,0.0,0.0,0.0,1.0,0.5,0.3333333333333333,0.4,1.0,1.0,0.5,0.6666666666666666,1.0,1.0,0.5,1.0,0.6666666666666666,1.0,1.0,0.6666666666666666,0.8,1.0,1.0,0.5,0.6666666666666666
nvbench2:test:216,1.0,0.3333333333333333,0.0,0.0,0.0,0.0,1.0,0.5,0.3333333333333333,0.4,1.0,1.0,0.5,0.6666666666666666,1.0,1.0,0.5,1.0,0.6666666666666666,1.0,1.0,0.6666666666666666,0.8,1.0,1.0,0.5,0.6666666666666666
nvbench2:test:217,0.0,0.0,0.0,0.0,0.0,0.0,0.0,0.0,0.0,0.0,0.0,0.0,0.0,0.0,0.0,0.0,0.0,0.0,0.0,0.0,0.0,0.0,0.0,0.0,0.0,0.0,0.0
nvbench2:test:218,1.0,0.3333333333333333,0.0,0.0,0.0,0.0,1.0,0.5,0.3333333333333333,0.4,1.0,1.0,0.5,0.6666666666666666,1.0,1.0,0.5,1.0,0.6666666666666666,1.0,1.0,0.6666666666666666,0.8,1.0,1.0,0.5,0.6666666666666666
nvbench2:test:219,1.0,0.5,0.0,0.0,0.0,0.0,1.0,0.5,0.6666666666666666,0.5714285714285715,1.0,1.0,0.8,0.888888888888889,1.0,1.0,0.25,1.0,0.4,1.0,0.75,1.0,0.8571428571428571,1.0,1.0,0.8,0.888888888888889
nvbench2:test:220,1.0,1.0,1.0,0.25,1.0,0.4,1.0,0.75,1.0,0.8571428571428571,1.0,1.0,0.8,0.888888888888889,1.0,1.0,0.25,1.0,0.4,1.0,0.75,1.0,0.8571428571428571,1.0,1.0,0.8,0.888888888888889
nvbench2:test:221,1.0,0.25,0.0,0.0,0.0,0.0,0.0,0.0,0.0,0.0,1.0,1.0,0.4,0.5714285714285715,1.0,1.0,0.5,1.0,0.6666666666666666,1.0,1.0,0.6666666666666666,0.8,1.0,1.0,0.4,0.5714285714285715
nvbench2:test:222,1.0,0.5,0.0,0.0,0.0,0.0,1.0,0.3333333333333333,0.3333333333333333,0.3333333333333333,1.0,0.6666666666666666,0.4,0.5,1.0,1.0,0.3333333333333333,1.0,0.5,1.0,1.0,1.0,1.0,1.0,1.0,0.6,0.7499999999999999
nvbench2:test:223,1.0,0.2,0.0,0.0,0.0,0.0,0.0,0.0,0.0,0.0,1.0,0.3333333333333333,0.2,0.25,1.0,1.0,0.3333333333333333,1.0,0.5,1.0,1.0,1.0,1.0,1.0,1.0,0.6,0.7499999999999999
nvbench2:test:224,1.0,0.5,0.0,0.0,0.0,0.0,1.0,0.6666666666666666,0.6666666666666666,0.6666666666666666,1.0,1.0,0.75,0.8571428571428571,1.0,1.0,0.3333333333333333,1.0,0.5,1.0,1.0,1.0,1.0,1.0,1.0,0.75,0.8571428571428571
nvbench2:test:225,1.0,0.2,0.0,0.0,0.0,0.0,0.0,0.0,0.0,0.0,1.0,0.25,0.2,0.22222222222222224,1.0,1.0,0.25,1.0,0.4,1.0,0.75,1.0,0.8571428571428571,1.0,1.0,0.8,0.888888888888889
nvbench2:test:226,1.0,0.5,0.0,0.0,0.0,0.0,1.0,1.0,0.6666666666666666,0.8,1.0,1.0,0.6666666666666666,0.8,1.0,1.0,0.5,1.0,0.6666666666666666,1.0,1.0,0.6666666666666666,0.8,1.0,1.0,0.6666666666666666,0.8
nvbench2:test:227,1.0,0.5,0.0,0.0,0.0,0.0,1.0,0.5,0.6666666666666666,0.5714285714285715,1.0,1.0,0.8,0.888888888888889,1.0,1.0,0.25,1.0,0.4,1.0,0.75,1.0,0.8571428571428571,1.0,1.0,0.8,0.888888888888889
nvbench2:test:228,1.0,0.5,0.0,0.0,0.0,0.0,1.0,1.0,0.5,0.6666666666666666,1.0,1.0,0.5,0.6666666666666666,1.0,1.0,1.0,1.0,1.0,1.0,1.0,0.5,0.6666666666666666,1.0,1.0,0.5,0.6666666666666666
nvbench2:test:229,1.0,0.3333333333333333,0.0,0.0,0.0,0.0,1.0,0.5,0.3333333333333333,0.4,1.0,1.0,0.5,0.6666666666666666,1.0,1.0,0.5,1.0,0.6666666666666666,1.0,1.0,0.6666666666666666,0.8,1.0,1.0,0.5,0.6666666666666666
nvbench2:test:230,1.0,0.3333333333333333,0.0,0.0,0.0,0.0,1.0,0.3333333333333333,0.3333333333333333,0.3333333333333333,1.0,1.0,0.6,0.7499999999999999,1.0,1.0,0.3333333333333333,1.0,0.5,1.0,1.0,1.0,1.0,1.0,1.0,0.6,0.7499999999999999
nvbench2:test:231,1.0,0.5,0.0,0.0,0.0,0.0,1.0,1.0,0.6666666666666666,0.8,1.0,1.0,0.6666666666666666,0.8,1.0,1.0,0.5,1.0,0.6666666666666666,1.0,1.0,0.6666666666666666,0.8,1.0,1.0,0.6666666666666666,0.8
nvbench2:test:232,1.0,0.5,0.0,0.0,0.0,0.0,1.0,0.5,0.6666666666666666,0.5714285714285715,1.0,1.0,0.8,0.888888888888889,1.0,1.0,0.25,1.0,0.4,1.0,0.75,1.0,0.8571428571428571,1.0,1.0,0.8,0.888888888888889
nvbench2:test:233,1.0,0.3333333333333333,0.0,0.0,0.0,0.0,1.0,0.5,0.3333333333333333,0.4,1.0,1.0,0.5,0.6666666666666666,1.0,1.0,0.5,1.0,0.6666666666666666,1.0,1.0,0.6666666666666666,0.8,1.0,1.0,0.5,0.6666666666666666
nvbench2:test:234,1.0,0.5,0.0,0.0,0.0,0.0,1.0,0.6666666666666666,0.6666666666666666,0.6666666666666666,1.0,1.0,0.75,0.8571428571428571,1.0,1.0,0.3333333333333333,1.0,0.5,1.0,1.0,1.0,1.0,1.0,1.0,0.75,0.8571428571428571
nvbench2:test:235,1.0,0.3333333333333333,0.0,0.0,0.0,0.0,1.0,0.25,0.3333333333333333,0.28571428571428575,1.0,0.75,0.6,0.6666666666666665,1.0,1.0,0.25,1.0,0.4,1.0,0.75,1.0,0.8571428571428571,1.0,1.0,0.8,0.888888888888889
nvbench2:test:236,1.0,0.5,0.0,0.0,0.0,0.0,1.0,1.0,0.6666666666666666,0.8,1.0,1.0,0.6666666666666666,0.8,1.0,1.0,0.5,1.0,0.6666666666666666,1.0,1.0,0.6666666666666666,0.8,1.0,1.0,0.6666666666666666,0.8
nvbench2:test:237,1.0,0.5,0.0,0.0,0.0,0.0,1.0,1.0,0.6666666666666666,0.8,1.0,1.0,0.6666666666666666,0.8,1.0,1.0,0.5,1.0,0.6666666666666666,1.0,1.0,0.6666666666666666,0.8,1.0,1.0,0.6666666666666666,0.8
nvbench2:test:238,1.0,1.0,1.0,0.3333333333333333,1.0,0.5,1.0,1.0,1.0,1.0,1.0,1.0,1.0,1.0,1.0,1.0,0.3333333333333333,1.0,0.5,1.0,1.0,1.0,1.0,1.0,1.0,1.0,1.0
nvbench2:test:239,1.0,0.5,0.0,0.0,0.0,0.0,1.0,1.0,0.6666666666666666,0.8,1.0,1.0,0.6666666666666666,0.8,1.0,1.0,0.5,1.0,0.6666666666666666,1.0,1.0,0.6666666666666666,0.8,1.0,1.0,0.6666666666666666,0.8
nvbench2:test:240,1.0,0.5,0.0,0.0,0.0,0.0,1.0,1.0,0.6666666666666666,0.8,1.0,1.0,0.6666666666666666,0.8,1.0,1.0,0.5,1.0,0.6666666666666666,1.0,1.0,0.6666666666666666,0.8,1.0,1.0,0.6666666666666666,0.8
nvbench2:test:241,1.0,0.3333333333333333,0.0,0.0,0.0,0.0,1.0,0.3333333333333333,0.3333333333333333,0.3333333333333333,1.0,1.0,0.6,0.7499999999999999,1.0,1.0,0.3333333333333333,1.0,0.5,1.0,1.0,1.0,1.0,1.0,1.0,0.6,0.7499999999999999
nvbench2:test:242,1.0,0.5,0.0,0.0,0.0,0.0,1.0,0.6666666666666666,0.6666666666666666,0.6666666666666666,1.0,1.0,0.75,0.8571428571428571,1.0,1.0,0.3333333333333333,1.0,0.5,1.0,1.0,1.0,1.0,1.0,1.0,0.75,0.8571428571428571
nvbench2:test:243,1.0,0.0,0.0,0.0,0.0,0.0,0.0,0.0,0.0,0.0,0.0,0.0,0.0,0.0,1.0,1.0,0.3333333333333333,1.0,0.5,1.0,1.0,1.0,1.0,1.0,1.0,0.6,0.7499999999999999
nvbench2:test:244,1.0,1.0,1.0,0.25,1.0,0.4,1.0,0.75,1.0,0.8571428571428571,1.0,1.0,1.0,1.0,1.0,1.0,0.25,1.0,0.4,1.0,0.75,1.0,0.8571428571428571,1.0,1.0,1.0,1.0
nvbench2:test:245,1.0,0.5,0.0,0.0,0.0,0.0,1.0,0.6666666666666666,0.6666666666666666,0.6666666666666666,1.0,1.0,0.75,0.8571428571428571,1.0,1.0,0.3333333333333333,1.0,0.5,1.0,1.0,1.0,1.0,1.0,1.0,0.75,0.8571428571428571
nvbench2:test:246,1.0,0.0,0.0,0.0,0.0,0.0,0.0,0.0,0.0,0.0,0.0,0.0,0.0,0.0,1.0,1.0,0.3333333333333333,1.0,0.5,1.0,1.0,1.0,1.0,1.0,1.0,0.6,0.7499999999999999
nvbench2:test:247,1.0,0.5,0.0,0.0,0.0,0.0,1.0,1.0,0.6666666666666666,0.8,1.0,1.0,0.4,0.5714285714285715,1.0,1.0,0.5,1.0,0.6666666666666666,1.0,1.0,0.6666666666666666,0.8,1.0,1.0,0.4,0.5714285714285715
nvbench2:test:248,1.0,0.3333333333333333,0.0,0.0,0.0,0.0,1.0,0.3333333333333333,0.3333333333333333,0.3333333333333333,1.0,1.0,0.6,0.7499999999999999,1.0,1.0,0.3333333333333333,1.0,0.5,1.0,1.0,1.0,1.0,1.0,1.0,0.6,0.7499999999999999
nvbench2:test:249,1.0,0.25,0.0,0.0,0.0,0.0,0.0,0.0,0.0,0.0,1.0,0.5,0.4,0.4444444444444445,1.0,1.0,0.25,1.0,0.4,1.0,0.75,1.0,0.8571428571428571,1.0,1.0,0.8,0.888888888888889
nvbench2:test:250,1.0,0.5,0.0,0.0,0.0,0.0,1.0,1.0,0.6666666666666666,0.8,1.0,1.0,0.6666666666666666,0.8,1.0,1.0,0.5,1.0,0.6666666666666666,1.0,1.0,0.6666666666666666,0.8,1.0,1.0,0.6666666666666666,0.8
nvbench2:test:251,1.0,1.0,1.0,0.5,1.0,0.6666666666666666,1.0,1.0,1.0,1.0,1.0,1.0,1.0,1.0,1.0,1.0,0.5,1.0,0.6666666666666666,1.0,1.0,1.0,1.0,1.0,1.0,1.0,1.0
nvbench2:test:252,1.0,0.25,0.0,0.0,0.0,0.0,0.0,0.0,0.0,0.0,1.0,1.0,0.4,0.5714285714285715,1.0,1.0,0.5,1.0,0.6666666666666666,1.0,1.0,0.6666666666666666,0.8,1.0,1.0,0.4,0.5714285714285715
nvbench2:test:253,1.0,0.25,0.0,0.0,0.0,0.0,0.0,0.0,0.0,0.0,1.0,0.5,0.4,0.4444444444444445,1.0,1.0,0.25,1.0,0.4,1.0,0.75,1.0,0.8571428571428571,1.0,1.0,0.8,0.888888888888889
nvbench2:test:254,1.0,0.3333333333333333,0.0,0.0,0.0,0.0,1.0,0.5,0.3333333333333333,0.4,1.0,1.0,0.5,0.6666666666666666,1.0,1.0,0.5,1.0,0.6666666666666666,1.0,1.0,0.6666666666666666,0.8,1.0,1.0,0.5,0.6666666666666666
nvbench2:test:255,1.0,1.0,1.0,0.5,1.0,0.6666666666666666,1.0,1.0,1.0,1.0,1.0,1.0,1.0,1.0,1.0,1.0,0.5,1.0,0.6666666666666666,1.0,1.0,1.0,1.0,1.0,1.0,1.0,1.0
nvbench2:test:256,1.0,0.0,0.0,0.0,0.0,0.0,0.0,0.0,0.0,0.0,0.0,0.0,0.0,0.0,1.0,1.0,0.25,1.0,0.4,1.0,0.75,1.0,0.8571428571428571,1.0,1.0,0.8,0.888888888888889
nvbench2:test:257,1.0,0.5,0.0,0.0,0.0,0.0,1.0,1.0,0.6666666666666666,0.8,1.0,1.0,0.6666666666666666,0.8,1.0,1.0,0.5,1.0,0.6666666666666666,1.0,1.0,0.6666666666666666,0.8,1.0,1.0,0.6666666666666666,0.8
nvbench2:test:258,1.0,1.0,1.0,0.5,1.0,0.6666666666666666,1.0,1.0,1.0,1.0,1.0,1.0,1.0,1.0,1.0,1.0,0.5,1.0,0.6666666666666666,1.0,1.0,1.0,1.0,1.0,1.0,1.0,1.0
nvbench2:test:259,1.0,1.0,1.0,0.25,1.0,0.4,1.0,0.75,1.0,0.8571428571428571,1.0,1.0,1.0,1.0,1.0,1.0,0.25,1.0,0.4,1.0,0.75,1.0,0.8571428571428571,1.0,1.0,1.0,1.0
nvbench2:test:260,1.0,1.0,1.0,0.3333333333333333,1.0,0.5,1.0,1.0,1.0,1.0,1.0,1.0,1.0,1.0,1.0,1.0,0.3333333333333333,1.0,0.5,1.0,1.0,1.0,1.0,1.0,1.0,1.0,1.0
nvbench2:test:261,1.0,0.0,0.0,0.0,0.0,0.0,0.0,0.0,0.0,0.0,0.0,0.0,0.0,0.0,1.0,1.0,0.2,1.0,0.33333333333333337,1.0,0.6,1.0,0.7499999999999999,1.0,1.0,1.0,1.0
nvbench2:test:262,1.0,0.3333333333333333,0.0,0.0,0.0,0.0,1.0,0.3333333333333333,0.3333333333333333,0.3333333333333333,1.0,1.0,0.6,0.7499999999999999,1.0,1.0,0.3333333333333333,1.0,0.5,1.0,1.0,1.0,1.0,1.0,1.0,0.6,0.7499999999999999
nvbench2:test:263,1.0,0.5,0.0,0.0,0.0,0.0,1.0,0.4,0.6666666666666666,0.5,1.0,0.8,0.8,0.8000000000000002,1.0,1.0,0.2,1.0,0.33333333333333337,1.0,0.6,1.0,0.7499999999999999,1.0,1.0,1.0,1.0
nvbench2:test:264,0.0,0.3333333333333333,0.0,0.0,0.0,0.0,1.0,0.3333333333333333,0.3333333333333333,0.3333333333333333,1.0,0.3333333333333333,0.3333333333333333,0.3333333333333333,1.0,1.0,0.3333333333333333,1.0,0.5,1.0,0.3333333333333333,0.3333333333333333,0.3333333333333333,1.0,0.3333333333333333,0.3333333333333333,0.3333333333333333
nvbench2:test:265,1.0,0.5,0.0,0.0,0.0,0.0,1.0,0.3333333333333333,0.3333333333333333,0.3333333333333333,1.0,1.0,0.6,0.7499999999999999,1.0,1.0,0.3333333333333333,1.0,0.5,1.0,1.0,1.0,1.0,1.0,1.0,0.6,0.7499999999999999
nvbench2:test:266,0.0,0.0,0.0,0.0,0.0,0.0,0.0,0.0,0.0,0.0,0.0,0.0,0.0,0.0,0.0,0.0,0.0,0.0,0.0,0.0,0.0,0.0,0.0,0.0,0.0,0.0,0.0
nvbench2:test:267,1.0,0.0,0.0,0.0,0.0,0.0,0.0,0.0,0.0,0.0,0.0,0.0,0.0,0.0,1.0,1.0,0.2,1.0,0.33333333333333337,1.0,0.6,1.0,0.7499999999999999,1.0,1.0,1.0,1.0
nvbench2:test:268,1.0,0.0,0.0,0.0,0.0,0.0,0.0,0.0,0.0,0.0,0.0,0.0,0.0,0.0,1.0,1.0,0.2,1.0,0.33333333333333337,1.0,0.6,1.0,0.7499999999999999,1.0,1.0,1.0,1.0
nvbench2:test:269,1.0,0.5,0.0,0.0,0.0,0.0,1.0,0.4,0.6666666666666666,0.5,1.0,0.8,0.8,0.8000000000000002,1.0,1.0,0.2,1.0,0.33333333333333337,1.0,0.6,1.0,0.7499999999999999,1.0,1.0,1.0,1.0
nvbench2:test:270,0.0,0.3333333333333333,0.0,0.0,0.0,0.0,1.0,0.2,0.3333333333333333,0.25,1.0,0.4,0.4,0.4000000000000001,1.0,1.0,0.2,1.0,0.33333333333333337,1.0,0.4,0.6666666666666666,0.5,1.0,0.4,0.4,0.4000000000000001
nvbench2:test:271,1.0,0.2,0.0,0.0,0.0,0.0,0.0,0.0,0.0,0.0,1.0,0.25,0.2,0.22222222222222224,1.0,1.0,0.25,1.0,0.4,1.0,0.75,1.0,0.8571428571428571,1.0,1.0,0.8,0.888888888888889
nvbench2:test:272,1.0,0.25,0.0,0.0,0.0,0.0,0.0,0.0,0.0,0.0,1.0,0.3333333333333333,0.2,0.25,1.0,1.0,0.3333333333333333,1.0,0.5,1.0,1.0,1.0,1.0,1.0,1.0,0.6,0.7499999999999999
nvbench2:test:273,1.0,0.0,0.0,0.0,0.0,0.0,0.0,0.0,0.0,0.0,0.0,0.0,0.0,0.0,1.0,1.0,0.25,1.0,0.4,1.0,0.75,1.0,0.8571428571428571,1.0,1.0,0.8,0.888888888888889
nvbench2:test:274,1.0,0.3333333333333333,0.0,0.0,0.0,0.0,1.0,0.5,0.3333333333333333,0.4,1.0,1.0,0.5,0.6666666666666666,1.0,1.0,0.5,1.0,0.6666666666666666,1.0,1.0,0.6666666666666666,0.8,1.0,1.0,0.5,0.6666666666666666
nvbench2:test:275,1.0,0.2,0.0,0.0,0.0,0.0,0.0,0.0,0.0,0.0,1.0,0.5,0.2,0.28571428571428575,1.0,1.0,0.5,1.0,0.6666666666666666,1.0,1.0,0.6666666666666666,0.8,1.0,1.0,0.4,0.5714285714285715
nvbench2:test:276,1.0,0.5,0.0,0.0,0.0,0.0,1.0,0.6666666666666666,0.6666666666666666,0.6666666666666666,1.0,1.0,0.75,0.8571428571428571,1.0,1.0,0.3333333333333333,1.0,0.5,1.0,1.0,1.0,1.0,1.0,1.0,0.75,0.8571428571428571
nvbench2:test:277,1.0,0.0,0.0,0.0,0.0,0.0,0.0,0.0,0.0,0.0,0.0,0.0,0.0,0.0,1.0,1.0,0.25,1.0,0.4,1.0,0.75,1.0,0.8571428571428571,1.0,1.0,0.8,0.888888888888889
nvbench2:test:278,1.0,0.2,0.0,0.0,0.0,0.0,0.0,0.0,0.0,0.0,1.0,0.5,0.2,0.28571428571428575,1.0,1.0,0.5,1.0,0.6666666666666666,1.0,1.0,0.6666666666666666,0.8,1.0,1.0,0.4,0.5714285714285715
nvbench2:test:279,1.0,1.0,1.0,0.5,1.0,0.6666666666666666,1.0,1.0,0.6666666666666666,0.8,1.0,1.0,0.4,0.5714285714285715,1.0,1.0,0.5,1.0,0.6666666666666666,1.0,1.0,0.6666666666666666,0.8,1.0,1.0,0.4,0.5714285714285715
nvbench2:test:280,1.0,1.0,1.0,0.5,1.0,0.6666666666666666,1.0,1.0,1.0,1.0,1.0,1.0,1.0,1.0,1.0,1.0,0.5,1.0,0.6666666666666666,1.0,1.0,1.0,1.0,1.0,1.0,1.0,1.0
nvbench2:test:281,0.0,0.5,0.0,0.0,0.0,0.0,1.0,0.3333333333333333,0.5,0.4,1.0,0.3333333333333333,0.5,0.4,1.0,1.0,0.3333333333333333,1.0,0.5,1.0,0.3333333333333333,0.5,0.4,1.0,0.3333333333333333,0.5,0.4
nvbench2:test:282,1.0,0.5,0.0,0.0,0.0,0.0,1.0,0.6666666666666666,0.6666666666666666,0.6666666666666666,1.0,1.0,0.75,0.8571428571428571,1.0,1.0,0.3333333333333333,1.0,0.5,1.0,1.0,1.0,1.0,1.0,1.0,0.75,0.8571428571428571
nvbench2:test:283,1.0,0.5,0.0,0.0,0.0,0.0,1.0,1.0,0.6666666666666666,0.8,1.0,1.0,0.6666666666666666,0.8,1.0,1.0,0.5,1.0,0.6666666666666666,1.0,1.0,0.6666666666666666,0.8,1.0,1.0,0.6666666666666666,0.8
nvbench2:test:284,1.0,0.3333333333333333,0.0,0.0,0.0,0.0,1.0,0.5,0.3333333333333333,0.4,1.0,1.0,0.5,0.6666666666666666,1.0,1.0,0.5,1.0,0.6666666666666666,1.0,1.0,0.6666666666666666,0.8,1.0,1.0,0.5,0.6666666666666666
nvbench2:test:285,1.0,0.5,0.0,0.0,0.0,0.0,1.0,1.0,0.6666666666666666,0.8,1.0,1.0,0.6666666666666666,0.8,1.0,1.0,0.5,1.0,0.6666666666666666,1.0,1.0,0.6666666666666666,0.8,1.0,1.0,0.6666666666666666,0.8
nvbench2:test:286,0.0,0.5,0.0,0.0,0.0,0.0,1.0,1.0,0.6666666666666666,0.8,1.0,1.0,0.6666666666666666,0.8,1.0,1.0,0.5,1.0,0.6666666666666666,1.0,1.0,0.6666666666666666,0.8,1.0,1.0,0.6666666666666666,0.8
nvbench2:test:287,1.0,1.0,1.0,0.3333333333333333,1.0,0.5,1.0,1.0,1.0,1.0,1.0,1.0,1.0,1.0,1.0,1.0,0.3333333333333333,1.0,0.5,1.0,1.0,1.0,1.0,1.0,1.0,1.0,1.0
nvbench2:test:288,1.0,0.5,0.0,0.0,0.0,0.0,1.0,0.6666666666666666,0.6666666666666666,0.6666666666666666,1.0,1.0,0.75,0.8571428571428571,1.0,1.0,0.3333333333333333,1.0,0.5,1.0,1.0,1.0,1.0,1.0,1.0,0.75,0.8571428571428571
nvbench2:test:289,1.0,0.25,0.0,0.0,0.0,0.0,0.0,0.0,0.0,0.0,1.0,0.5,0.4,0.4444444444444445,1.0,1.0,0.25,1.0,0.4,1.0,0.75,1.0,0.8571428571428571,1.0,1.0,0.8,0.888888888888889
nvbench2:test:290,1.0,0.25,0.0,0.0,0.0,0.0,0.0,0.0,0.0,0.0,1.0,1.0,0.4,0.5714285714285715,1.0,1.0,0.5,1.0,0.6666666666666666,1.0,1.0,0.6666666666666666,0.8,1.0,1.0,0.4,0.5714285714285715
nvbench2:test:291,1.0,0.5,0.0,0.0,0.0,0.0,1.0,1.0,0.6666666666666666,0.8,1.0,1.0,0.6666666666666666,0.8,1.0,1.0,0.5,1.0,0.6666666666666666,1.0,1.0,0.6666666666666666,0.8,1.0,1.0,0.6666666666666666,0.8
nvbench2:test:292,1.0,0.25,0.0,0.0,0.0,0.0,0.0,0.0,0.0,0.0,1.0,1.0,0.4,0.5714285714285715,1.0,1.0,0.5,1.0,0.6666666666666666,1.0,1.0,0.6666666666666666,0.8,1.0,1.0,0.4,0.5714285714285715
nvbench2:test:293,1.0,0.5,0.0,0.0,0.0,0.0,1.0,1.0,0.6666666666666666,0.8,1.0,1.0,0.6666666666666666,0.8,1.0,1.0,0.5,1.0,0.6666666666666666,1.0,1.0,0.6666666666666666,0.8,1.0,1.0,0.6666666666666666,0.8
nvbench2:test:294,1.0,0.25,0.0,0.0,0.0,0.0,0.0,0.0,0.0,0.0,1.0,0.6666666666666666,0.4,0.5,1.0,1.0,0.3333333333333333,1.0,0.5,1.0,1.0,1.0,1.0,1.0,1.0,0.6,0.7499999999999999
nvbench2:test:295,1.0,0.25,0.0,0.0,0.0,0.0,0.0,0.0,0.0,0.0,1.0,0.5,0.4,0.4444444444444445,1.0,1.0,0.25,1.0,0.4,1.0,0.75,1.0,0.8571428571428571,1.0,1.0,0.8,0.888888888888889
nvbench2:test:296,1.0,0.0,0.0,0.0,0.0,0.0,0.0,0.0,0.0,0.0,0.0,0.0,0.0,0.0,1.0,1.0,0.2,1.0,0.33333333333333337,1.0,0.6,1.0,0.7499999999999999,1.0,1.0,1.0,1.0
nvbench2:test:297,1.0,0.2,0.0,0.0,0.0,0.0,0.0,0.0,0.0,0.0,1.0,0.5,0.2,0.28571428571428575,1.0,1.0,0.5,1.0,0.6666666666666666,1.0,1.0,0.6666666666666666,0.8,1.0,1.0,0.4,0.5714285714285715
nvbench2:test:298,1.0,0.2,0.0,0.0,0.0,0.0,0.0,0.0,0.0,0.0,1.0,0.3333333333333333,0.2,0.25,1.0,1.0,0.3333333333333333,1.0,0.5,1.0,1.0,1.0,1.0,1.0,1.0,0.6,0.7499999999999999
nvbench2:test:299,1.0,0.3333333333333333,0.0,0.0,0.0,0.0,1.0,0.5,0.3333333333333333,0.4,1.0,1.0,0.5,0.6666666666666666,1.0,1.0,0.5,1.0,0.6666666666666666,1.0,1.0,0.6666666666666666,0.8,1.0,1.0,0.5,0.6666666666666666
nvbench2:test:300,1.0,1.0,1.0,0.5,1.0,0.6666666666666666,1.0,1.0,1.0,1.0,1.0,1.0,1.0,1.0,1.0,1.0,0.5,1.0,0.6666666666666666,1.0,1.0,1.0,1.0,1.0,1.0,1.0,1.0
nvbench2:test:301,1.0,0.2,0.0,0.0,0.0,0.0,0.0,0.0,0.0,0.0,1.0,0.5,0.2,0.28571428571428575,1.0,1.0,0.5,1.0,0.6666666666666666,1.0,1.0,0.6666666666666666,0.8,1.0,1.0,0.4,0.5714285714285715
nvbench2:test:302,1.0,0.5,0.0,0.0,0.0,0.0,1.0,1.0,0.6666666666666666,0.8,1.0,1.0,0.6666666666666666,0.8,1.0,1.0,0.5,1.0,0.6666666666666666,1.0,1.0,0.6666666666666666,0.8,1.0,1.0,0.6666666666666666,0.8
nvbench2:test:303,1.0,0.3333333333333333,0.0,0.0,0.0,0.0,1.0,0.5,0.3333333333333333,0.4,1.0,1.0,0.5,0.6666666666666666,1.0,1.0,0.5,1.0,0.6666666666666666,1.0,1.0,0.6666666666666666,0.8,1.0,1.0,0.5,0.6666666666666666
nvbench2:test:304,1.0,0.3333333333333333,0.0,0.0,0.0,0.0,1.0,0.5,0.3333333333333333,0.4,1.0,1.0,0.5,0.6666666666666666,1.0,1.0,0.5,1.0,0.6666666666666666,1.0,1.0,0.6666666666666666,0.8,1.0,1.0,0.5,0.6666666666666666
nvbench2:test:305,1.0,0.3333333333333333,0.0,0.0,0.0,0.0,1.0,0.3333333333333333,0.3333333333333333,0.3333333333333333,1.0,0.6666666666666666,0.4,0.5,1.0,1.0,0.3333333333333333,1.0,0.5,1.0,1.0,1.0,1.0,1.0,1.0,0.6,0.7499999999999999
nvbench2:test:306,1.0,0.3333333333333333,0.0,0.0,0.0,0.0,1.0,0.3333333333333333,0.3333333333333333,0.3333333333333333,1.0,0.6666666666666666,0.4,0.5,1.0,1.0,0.3333333333333333,1.0,0.5,1.0,1.0,1.0,1.0,1.0,1.0,0.6,0.7499999999999999
nvbench2:test:307,1.0,0.5,0.0,0.0,0.0,0.0,1.0,0.5,0.6666666666666666,0.5714285714285715,1.0,1.0,0.8,0.888888888888889,1.0,1.0,0.25,1.0,0.4,1.0,0.75,1.0,0.8571428571428571,1.0,1.0,0.8,0.888888888888889
nvbench2:test:308,1.0,0.5,0.0,0.0,0.0,0.0,1.0,0.5,0.6666666666666666,0.5714285714285715,1.0,1.0,0.8,0.888888888888889,1.0,1.0,0.25,1.0,0.4,1.0,0.75,1.0,0.8571428571428571,1.0,1.0,0.8,0.888888888888889
nvbench2:test:309,1.0,0.3333333333333333,0.0,0.0,0.0,0.0,1.0,0.25,0.3333333333333333,0.28571428571428575,1.0,0.75,0.6,0.6666666666666665,1.0,1.0,0.25,1.0,0.4,1.0,0.75,1.0,0.8571428571428571,1.0,1.0,0.8,0.888888888888889
nvbench2:test:310,1.0,0.5,0.0,0.0,0.0,0.0,1.0,0.5,0.6666666666666666,0.5714285714285715,1.0,1.0,0.8,0.888888888888889,1.0,1.0,0.25,1.0,0.4,1.0,0.75,1.0,0.8571428571428571,1.0,1.0,0.8,0.888888888888889
nvbench2:test:311,0.0,0.0,0.0,0.0,0.0,0.0,0.0,0.0,0.0,0.0,0.0,0.0,0.0,0.0,0.0,0.0,0.0,0.0,0.0,0.0,0.0,0.0,0.0,0.0,0.0,0.0,0.0
nvbench2:test:312,0.0,0.0,0.0,0.0,0.0,0.0,0.0,0.0,0.0,0.0,0.0,0.0,0.0,0.0,0.0,0.0,0.0,0.0,0.0,0.0,0.0,0.0,0.0,0.0,0.0,0.0,0.0
nvbench2:test:313,1.0,0.3333333333333333,0.0,0.0,0.0,0.0,1.0,0.5,0.3333333333333333,0.4,1.0,1.0,0.5,0.6666666666666666,1.0,1.0,0.5,1.0,0.6666666666666666,1.0,1.0,0.6666666666666666,0.8,1.0,1.0,0.5,0.6666666666666666
nvbench2:test:314,0.0,0.0,0.0,0.0,0.0,0.0,0.0,0.0,0.0,0.0,0.0,0.0,0.0,0.0,0.0,0.0,0.0,0.0,0.0,0.0,0.0,0.0,0.0,0.0,0.0,0.0,0.0
nvbench2:test:315,0.0,0.3333333333333333,0.0,0.0,0.0,0.0,1.0,0.5,0.3333333333333333,0.4,1.0,1.0,0.5,0.6666666666666666,1.0,1.0,0.5,1.0,0.6666666666666666,1.0,1.0,0.6666666666666666,0.8,1.0,1.0,0.5,0.6666666666666666
nvbench2:test:316,1.0,0.5,0.0,0.0,0.0,0.0,1.0,1.0,0.6666666666666666,0.8,1.0,1.0,0.6666666666666666,0.8,1.0,1.0,0.5,1.0,0.6666666666666666,1.0,1.0,0.6666666666666666,0.8,1.0,1.0,0.6666666666666666,0.8
nvbench2:test:317,1.0,0.3333333333333333,0.0,0.0,0.0,0.0,1.0,0.5,0.3333333333333333,0.4,1.0,1.0,0.5,0.6666666666666666,1.0,1.0,0.5,1.0,0.6666666666666666,1.0,1.0,0.6666666666666666,0.8,1.0,1.0,0.5,0.6666666666666666
nvbench2:test:318,1.0,0.2,0.0,0.0,0.0,0.0,0.0,0.0,0.0,0.0,1.0,0.25,0.2,0.22222222222222224,1.0,1.0,0.25,1.0,0.4,1.0,0.75,1.0,0.8571428571428571,1.0,1.0,0.8,0.888888888888889
nvbench2:test:319,1.0,0.25,0.0,0.0,0.0,0.0,0.0,0.0,0.0,0.0,1.0,1.0,0.4,0.5714285714285715,1.0,1.0,0.5,1.0,0.6666666666666666,1.0,1.0,0.6666666666666666,0.8,1.0,1.0,0.4,0.5714285714285715
nvbench2:test:320,1.0,0.0,0.0,0.0,0.0,0.0,0.0,0.0,0.0,0.0,0.0,0.0,0.0,0.0,1.0,1.0,0.3333333333333333,1.0,0.5,1.0,1.0,1.0,1.0,1.0,1.0,0.6,0.7499999999999999
nvbench2:test:321,1.0,0.5,0.0,0.0,0.0,0.0,1.0,0.5,0.6666666666666666,0.5714285714285715,1.0,1.0,0.8,0.888888888888889,1.0,1.0,0.25,1.0,0.4,1.0,0.75,1.0,0.8571428571428571,1.0,1.0,0.8,0.888888888888889
nvbench2:test:322,1.0,0.5,0.0,0.0,0.0,0.0,1.0,0.5,0.6666666666666666,0.5714285714285715,1.0,1.0,0.8,0.888888888888889,1.0,1.0,0.25,1.0,0.4,1.0,0.75,1.0,0.8571428571428571,1.0,1.0,0.8,0.888888888888889
nvbench2:test:323,1.0,0.5,0.0,0.0,0.0,0.0,1.0,0.5,0.6666666666666666,0.5714285714285715,1.0,1.0,0.8,0.888888888888889,1.0,1.0,0.25,1.0,0.4,1.0,0.75,1.0,0.8571428571428571,1.0,1.0,0.8,0.888888888888889
nvbench2:test:324,1.0,0.0,0.0,0.0,0.0,0.0,0.0,0.0,0.0,0.0,0.0,0.0,0.0,0.0,1.0,1.0,0.25,1.0,0.4,1.0,0.75,1.0,0.8571428571428571,1.0,1.0,0.8,0.888888888888889
nvbench2:test:325,1.0,0.3333333333333333,0.0,0.0,0.0,0.0,1.0,0.5,0.3333333333333333,0.4,1.0,1.0,0.5,0.6666666666666666,1.0,1.0,0.5,1.0,0.6666666666666666,1.0,1.0,0.6666666666666666,0.8,1.0,1.0,0.5,0.6666666666666666
nvbench2:test:326,1.0,0.3333333333333333,0.0,0.0,0.0,0.0,1.0,0.5,0.3333333333333333,0.4,1.0,1.0,0.5,0.6666666666666666,1.0,1.0,0.5,1.0,0.6666666666666666,1.0,1.0,0.6666666666666666,0.8,1.0,1.0,0.5,0.6666666666666666
nvbench2:test:327,1.0,0.3333333333333333,0.0,0.0,0.0,0.0,1.0,0.5,0.3333333333333333,0.4,1.0,1.0,0.5,0.6666666666666666,1.0,1.0,0.5,1.0,0.6666666666666666,1.0,1.0,0.6666666666666666,0.8,1.0,1.0,0.5,0.6666666666666666
nvbench2:test:328,1.0,1.0,1.0,0.2,1.0,0.33333333333333337,1.0,0.4,0.6666666666666666,0.5,1.0,0.8,0.8,0.8000000000000002,1.0,1.0,0.2,1.0,0.33333333333333337,1.0,0.6,1.0,0.7499999999999999,1.0,1.0,1.0,1.0
nvbench2:test:329,1.0,1.0,1.0,0.2,1.0,0.33333333333333337,1.0,0.4,0.6666666666666666,0.5,1.0,0.8,0.8,0.8000000000000002,1.0,1.0,0.2,1.0,0.33333333333333337,1.0,0.6,1.0,0.7499999999999999,1.0,1.0,1.0,1.0
nvbench2:test:330,1.0,0.3333333333333333,0.0,0.0,0.0,0.0,1.0,0.5,0.3333333333333333,0.4,1.0,1.0,0.5,0.6666666666666666,1.0,1.0,0.5,1.0,0.6666666666666666,1.0,1.0,0.6666666666666666,0.8,1.0,1.0,0.5,0.6666666666666666
nvbench2:test:331,1.0,0.3333333333333333,0.0,0.0,0.0,0.0,1.0,0.2,0.3333333333333333,0.25,1.0,0.6,0.6,0.6,1.0,1.0,0.2,1.0,0.33333333333333337,1.0,0.6,1.0,0.7499999999999999,1.0,1.0,1.0,1.0
nvbench2:test:332,1.0,0.3333333333333333,0.0,0.0,0.0,0.0,1.0,0.5,0.3333333333333333,0.4,1.0,1.0,0.5,0.6666666666666666,1.0,1.0,0.5,1.0,0.6666666666666666,1.0,1.0,0.6666666666666666,0.8,1.0,1.0,0.5,0.6666666666666666
nvbench2:test:333,1.0,0.5,0.0,0.0,0.0,0.0,1.0,1.0,0.6666666666666666,0.8,1.0,1.0,0.6666666666666666,0.8,1.0,1.0,0.5,1.0,0.6666666666666666,1.0,1.0,0.6666666666666666,0.8,1.0,1.0,0.6666666666666666,0.8
nvbench2:test:334,1.0,0.0,0.0,0.0,0.0,0.0,0.0,0.0,0.0,0.0,0.0,0.0,0.0,0.0,1.0,1.0,0.25,1.0,0.4,1.0,0.75,1.0,0.8571428571428571,1.0,1.0,0.8,0.888888888888889
nvbench2:test:335,1.0,0.5,0.0,0.0,0.0,0.0,1.0,0.5,0.6666666666666666,0.5714285714285715,1.0,1.0,0.8,0.888888888888889,1.0,1.0,0.25,1.0,0.4,1.0,0.75,1.0,0.8571428571428571,1.0,1.0,0.8,0.888888888888889
nvbench2:test:336,1.0,1.0,1.0,0.5,1.0,0.6666666666666666,1.0,1.0,1.0,1.0,1.0,1.0,1.0,1.0,1.0,1.0,0.5,1.0,0.6666666666666666,1.0,1.0,1.0,1.0,1.0,1.0,1.0,1.0
nvbench2:test:337,1.0,0.0,0.0,0.0,0.0,0.0,0.0,0.0,0.0,0.0,0.0,0.0,0.0,0.0,1.0,1.0,0.25,1.0,0.4,1.0,0.75,1.0,0.8571428571428571,1.0,1.0,0.8,0.888888888888889
nvbench2:test:338,1.0,0.3333333333333333,0.0,0.0,0.0,0.0,1.0,0.5,0.3333333333333333,0.4,1.0,1.0,0.5,0.6666666666666666,1.0,1.0,0.5,1.0,0.6666666666666666,1.0,1.0,0.6666666666666666,0.8,1.0,1.0,0.5,0.6666666666666666
nvbench2:test:339,1.0,0.3333333333333333,0.0,0.0,0.0,0.0,1.0,0.5,0.3333333333333333,0.4,1.0,1.0,0.5,0.6666666666666666,1.0,1.0,0.5,1.0,0.6666666666666666,1.0,1.0,0.6666666666666666,0.8,1.0,1.0,0.5,0.6666666666666666
nvbench2:test:340,1.0,0.3333333333333333,0.0,0.0,0.0,0.0,1.0,0.5,0.3333333333333333,0.4,1.0,1.0,0.5,0.6666666666666666,1.0,1.0,0.5,1.0,0.6666666666666666,1.0,1.0,0.6666666666666666,0.8,1.0,1.0,0.5,0.6666666666666666
nvbench2:test:341,1.0,0.0,0.0,0.0,0.0,0.0,0.0,0.0,0.0,0.0,0.0,0.0,0.0,0.0,1.0,1.0,0.2,1.0,0.33333333333333337,1.0,0.6,1.0,0.7499999999999999,1.0,1.0,1.0,1.0
nvbench2:test:342,1.0,1.0,1.0,0.25,1.0,0.4,1.0,0.75,1.0,0.8571428571428571,1.0,1.0,1.0,1.0,1.0,1.0,0.25,1.0,0.4,1.0,0.75,1.0,0.8571428571428571,1.0,1.0,1.0,1.0
nvbench2:test:343,1.0,0.25,0.0,0.0,0.0,0.0,0.0,0.0,0.0,0.0,1.0,0.6666666666666666,0.4,0.5,1.0,1.0,0.3333333333333333,1.0,0.5,1.0,1.0,1.0,1.0,1.0,1.0,0.6,0.7499999999999999
nvbench2:test:344,1.0,0.0,0.0,0.0,0.0,0.0,0.0,0.0,0.0,0.0,0.0,0.0,0.0,0.0,1.0,1.0,0.2,1.0,0.33333333333333337,1.0,0.6,1.0,0.7499999999999999,1.0,1.0,1.0,1.0
nvbench2:test:345,0.0,0.0,0.0,0.0,0.0,0.0,0.0,0.0,0.0,0.0,0.0,0.0,0.0,0.0,0.0,0.0,0.0,0.0,0.0,0.0,0.0,0.0,0.0,0.0,0.0,0.0,0.0
nvbench2:test:346,1.0,0.5,0.0,0.0,0.0,0.0,1.0,0.5,0.6666666666666666,0.5714285714285715,1.0,1.0,0.8,0.888888888888889,1.0,1.0,0.25,1.0,0.4,1.0,0.75,1.0,0.8571428571428571,1.0,1.0,0.8,0.888888888888889
nvbench2:test:347,1.0,1.0,1.0,0.25,1.0,0.4,1.0,0.75,1.0,0.8571428571428571,1.0,1.0,1.0,1.0,1.0,1.0,0.25,1.0,0.4,1.0,0.75,1.0,0.8571428571428571,1.0,1.0,1.0,1.0
nvbench2:test:348,1.0,0.5,0.0,0.0,0.0,0.0,1.0,1.0,0.6666666666666666,0.8,1.0,1.0,0.6666666666666666,0.8,1.0,1.0,0.5,1.0,0.6666666666666666,1.0,1.0,0.6666666666666666,0.8,1.0,1.0,0.6666666666666666,0.8
nvbench2:test:349,1.0,0.5,0.0,0.0,0.0,0.0,1.0,0.5,0.6666666666666666,0.5714285714285715,1.0,1.0,0.8,0.888888888888889,1.0,1.0,0.25,1.0,0.4,1.0,0.75,1.0,0.8571428571428571,1.0,1.0,0.8,0.888888888888889
nvbench2:test:350,1.0,0.5,0.0,0.0,0.0,0.0,1.0,0.6666666666666666,0.6666666666666666,0.6666666666666666,1.0,1.0,0.75,0.8571428571428571,1.0,1.0,0.3333333333333333,1.0,0.5,1.0,1.0,1.0,1.0,1.0,1.0,0.75,0.8571428571428571
nvbench2:test:351,1.0,0.5,0.0,0.0,0.0,0.0,1.0,1.0,0.6666666666666666,0.8,1.0,1.0,0.6666666666666666,0.8,1.0,1.0,0.5,1.0,0.6666666666666666,1.0,1.0,0.6666666666666666,0.8,1.0,1.0,0.6666666666666666,0.8
nvbench2:test:352,1.0,0.3333333333333333,0.0,0.0,0.0,0.0,1.0,0.5,0.3333333333333333,0.4,1.0,1.0,0.5,0.6666666666666666,1.0,1.0,0.5,1.0,0.6666666666666666,1.0,1.0,0.6666666666666666,0.8,1.0,1.0,0.5,0.6666666666666666
nvbench2:test:353,1.0,0.5,0.0,0.0,0.0,0.0,1.0,0.5,0.6666666666666666,0.5714285714285715,1.0,1.0,0.8,0.888888888888889,1.0,1.0,0.25,1.0,0.4,1.0,0.75,1.0,0.8571428571428571,1.0,1.0,0.8,0.888888888888889
nvbench2:test:354,1.0,1.0,1.0,0.5,1.0,0.6666666666666666,1.0,1.0,1.0,1.0,1.0,1.0,1.0,1.0,1.0,1.0,0.5,1.0,0.6666666666666666,1.0,1.0,1.0,1.0,1.0,1.0,1.0,1.0
nvbench2:test:355,1.0,0.0,0.0,0.0,0.0,0.0,0.0,0.0,0.0,0.0,0.0,0.0,0.0,0.0,1.0,1.0,0.25,1.0,0.4,1.0,0.75,1.0,0.8571428571428571,1.0,1.0,0.8,0.888888888888889
nvbench2:test:356,1.0,0.3333333333333333,0.0,0.0,0.0,0.0,1.0,0.5,0.3333333333333333,0.4,1.0,1.0,0.5,0.6666666666666666,1.0,1.0,0.5,1.0,0.6666666666666666,1.0,1.0,0.6666666666666666,0.8,1.0,1.0,0.5,0.6666666666666666
nvbench2:test:357,1.0,0.0,0.0,0.0,0.0,0.0,0.0,0.0,0.0,0.0,0.0,0.0,0.0,0.0,1.0,1.0,0.25,1.0,0.4,1.0,0.75,1.0,0.8571428571428571,1.0,1.0,0.8,0.888888888888889
nvbench2:test:358,1.0,0.5,0.0,0.0,0.0,0.0,1.0,0.4,0.6666666666666666,0.5,1.0,0.6,0.6,0.6,1.0,1.0,0.2,1.0,0.33333333333333337,1.0,0.6,1.0,0.7499999999999999,1.0,0.8,0.8,0.8000000000000002
nvbench2:test:359,1.0,0.5,0.0,0.0,0.0,0.0,1.0,0.5,0.6666666666666666,0.5714285714285715,1.0,1.0,0.8,0.888888888888889,1.0,1.0,0.25,1.0,0.4,1.0,0.75,1.0,0.8571428571428571,1.0,1.0,0.8,0.888888888888889
nvbench2:test:360,1.0,0.0,0.0,0.0,0.0,0.0,0.0,0.0,0.0,0.0,0.0,0.0,0.0,0.0,1.0,1.0,0.25,1.0,0.4,1.0,0.75,1.0,0.8571428571428571,1.0,1.0,0.8,0.888888888888889
nvbench2:test:361,0.0,0.5,0.0,0.0,0.0,0.0,1.0,1.0,0.6666666666666666,0.8,1.0,1.0,0.6666666666666666,0.8,1.0,1.0,0.5,1.0,0.6666666666666666,1.0,1.0,0.6666666666666666,0.8,1.0,1.0,0.6666666666666666,0.8
nvbench2:test:362,1.0,1.0,1.0,0.5,1.0,0.6666666666666666,1.0,1.0,1.0,1.0,1.0,1.0,1.0,1.0,1.0,1.0,0.5,1.0,0.6666666666666666,1.0,1.0,1.0,1.0,1.0,1.0,1.0,1.0
nvbench2:test:363,1.0,1.0,1.0,0.5,1.0,0.6666666666666666,1.0,1.0,1.0,1.0,1.0,1.0,1.0,1.0,1.0,1.0,0.5,1.0,0.6666666666666666,1.0,1.0,1.0,1.0,1.0,1.0,1.0,1.0
nvbench2:test:364,1.0,0.5,0.0,0.0,0.0,0.0,1.0,0.4,0.6666666666666666,0.5,1.0,0.8,0.8,0.8000000000000002,1.0,1.0,0.2,1.0,0.33333333333333337,1.0,0.6,1.0,0.7499999999999999,1.0,1.0,1.0,1.0
nvbench2:test:365,1.0,0.3333333333333333,0.0,0.0,0.0,0.0,1.0,0.5,0.3333333333333333,0.4,1.0,1.0,0.5,0.6666666666666666,1.0,1.0,0.5,1.0,0.6666666666666666,1.0,1.0,0.6666666666666666,0.8,1.0,1.0,0.5,0.6666666666666666
nvbench2:test:366,1.0,0.5,0.0,0.0,0.0,0.0,1.0,0.4,0.6666666666666666,0.5,1.0,0.8,0.8,0.8000000000000002,1.0,1.0,0.2,1.0,0.33333333333333337,1.0,0.6,1.0,0.7499999999999999,1.0,1.0,1.0,1.0
nvbench2:test:367,1.0,1.0,1.0,0.5,1.0,0.6666666666666666,1.0,1.0,1.0,1.0,1.0,1.0,1.0,1.0,1.0,1.0,0.5,1.0,0.6666666666666666,1.0,1.0,1.0,1.0,1.0,1.0,1.0,1.0
nvbench2:test:368,1.0,0.3333333333333333,0.0,0.0,0.0,0.0,1.0,0.25,0.3333333333333333,0.28571428571428575,1.0,0.75,0.6,0.6666666666666665,1.0,1.0,0.25,1.0,0.4,1.0,0.75,1.0,0.8571428571428571,1.0,1.0,0.8,0.888888888888889
nvbench2:test:369,1.0,0.5,0.0,0.0,0.0,0.0,1.0,0.4,0.6666666666666666,0.5,1.0,0.8,0.8,0.8000000000000002,1.0,1.0,0.2,1.0,0.33333333333333337,1.0,0.6,1.0,0.7499999999999999,1.0,1.0,1.0,1.0
nvbench2:test:370,1.0,0.5,0.0,0.0,0.0,0.0,1.0,0.4,0.6666666666666666,0.5,1.0,0.8,0.8,0.8000000000000002,1.0,1.0,0.2,1.0,0.33333333333333337,1.0,0.6,1.0,0.7499999999999999,1.0,1.0,1.0,1.0
nvbench2:test:371,1.0,1.0,1.0,0.5,1.0,0.6666666666666666,1.0,1.0,1.0,1.0,1.0,1.0,1.0,1.0,1.0,1.0,0.5,1.0,0.6666666666666666,1.0,1.0,1.0,1.0,1.0,1.0,1.0,1.0
nvbench2:test:372,1.0,1.0,1.0,0.5,1.0,0.6666666666666666,1.0,1.0,1.0,1.0,1.0,1.0,1.0,1.0,1.0,1.0,0.5,1.0,0.6666666666666666,1.0,1.0,1.0,1.0,1.0,1.0,1.0,1.0
nvbench2:test:373,1.0,0.5,0.0,0.0,0.0,0.0,1.0,0.5,0.6666666666666666,0.5714285714285715,1.0,1.0,0.8,0.888888888888889,1.0,1.0,0.25,1.0,0.4,1.0,0.75,1.0,0.8571428571428571,1.0,1.0,0.8,0.888888888888889
nvbench2:test:374,0.0,0.5,0.0,0.0,0.0,0.0,1.0,0.3333333333333333,0.5,0.4,1.0,0.3333333333333333,0.5,0.4,1.0,1.0,0.3333333333333333,1.0,0.5,1.0,0.3333333333333333,0.5,0.4,1.0,0.3333333333333333,0.5,0.4
nvbench2:test:375,0.0,1.0,1.0,0.5,1.0,0.6666666666666666,1.0,1.0,1.0,1.0,1.0,1.0,1.0,1.0,1.0,1.0,0.5,1.0,0.6666666666666666,1.0,1.0,1.0,1.0,1.0,1.0,1.0,1.0
nvbench2:test:376,1.0,0.0,0.0,0.0,0.0,0.0,0.0,0.0,0.0,0.0,0.0,0.0,0.0,0.0,1.0,1.0,0.25,1.0,0.4,1.0,0.75,1.0,0.8571428571428571,1.0,1.0,0.8,0.888888888888889
nvbench2:test:377,1.0,0.0,0.0,0.0,0.0,0.0,0.0,0.0,0.0,0.0,0.0,0.0,0.0,0.0,1.0,1.0,0.25,1.0,0.4,1.0,0.75,1.0,0.8571428571428571,1.0,1.0,0.8,0.888888888888889
nvbench2:test:378,0.0,0.5,0.0,0.0,0.0,0.0,1.0,1.0,0.6666666666666666,0.8,1.0,1.0,0.6666666666666666,0.8,1.0,1.0,0.5,1.0,0.6666666666666666,1.0,1.0,0.6666666666666666,0.8,1.0,1.0,0.6666666666666666,0.8
nvbench2:test:379,1.0,0.3333333333333333,0.0,0.0,0.0,0.0,1.0,0.25,0.3333333333333333,0.28571428571428575,1.0,0.75,0.6,0.6666666666666665,1.0,1.0,0.25,1.0,0.4,1.0,0.75,1.0,0.8571428571428571,1.0,1.0,0.8,0.888888888888889
nvbench2:test:380,1.0,0.25,0.0,0.0,0.0,0.0,0.0,0.0,0.0,0.0,1.0,1.0,0.4,0.5714285714285715,1.0,1.0,0.5,1.0,0.6666666666666666,1.0,1.0,0.6666666666666666,0.8,1.0,1.0,0.4,0.5714285714285715
nvbench2:test:381,1.0,0.3333333333333333,0.0,0.0,0.0,0.0,1.0,0.3333333333333333,0.3333333333333333,0.3333333333333333,1.0,0.3333333333333333,0.2,0.25,1.0,1.0,0.3333333333333333,1.0,0.5,1.0,1.0,1.0,1.0,1.0,1.0,0.6,0.7499999999999999
nvbench2:test:382,1.0,0.5,0.0,0.0,0.0,0.0,1.0,0.6666666666666666,0.6666666666666666,0.6666666666666666,1.0,1.0,0.75,0.8571428571428571,1.0,1.0,0.3333333333333333,1.0,0.5,1.0,1.0,1.0,1.0,1.0,1.0,0.75,0.8571428571428571
nvbench2:test:383,1.0,0.25,0.0,0.0,0.0,0.0,0.0,0.0,0.0,0.0,1.0,1.0,0.4,0.5714285714285715,1.0,1.0,0.5,1.0,0.6666666666666666,1.0,1.0,0.6666666666666666,0.8,1.0,1.0,0.4,0.5714285714285715
nvbench2:test:384,1.0,0.5,0.0,0.0,0.0,0.0,1.0,0.6666666666666666,0.6666666666666666,0.6666666666666666,1.0,1.0,0.75,0.8571428571428571,1.0,1.0,0.3333333333333333,1.0,0.5,1.0,1.0,1.0,1.0,1.0,1.0,0.75,0.8571428571428571
nvbench2:test:385,1.0,0.5,0.0,0.0,0.0,0.0,1.0,0.6666666666666666,0.6666666666666666,0.6666666666666666,1.0,1.0,0.75,0.8571428571428571,1.0,1.0,0.3333333333333333,1.0,0.5,1.0,1.0,1.0,1.0,1.0,1.0,0.75,0.8571428571428571
nvbench2:test:386,1.0,0.2,0.0,0.0,0.0,0.0,0.0,0.0,0.0,0.0,1.0,0.3333333333333333,0.2,0.25,1.0,1.0,0.3333333333333333,1.0,0.5,1.0,1.0,1.0,1.0,1.0,1.0,0.6,0.7499999999999999
nvbench2:test:387,1.0,0.2,0.0,0.0,0.0,0.0,0.0,0.0,0.0,0.0,1.0,0.3333333333333333,0.2,0.25,1.0,1.0,0.3333333333333333,1.0,0.5,1.0,1.0,1.0,1.0,1.0,1.0,0.6,0.7499999999999999
nvbench2:test:388,1.0,0.0,0.0,0.0,0.0,0.0,0.0,0.0,0.0,0.0,0.0,0.0,0.0,0.0,1.0,1.0,0.2,1.0,0.33333333333333337,1.0,0.6,1.0,0.7499999999999999,1.0,1.0,1.0,1.0
nvbench2:test:389,1.0,0.0,0.0,0.0,0.0,0.0,0.0,0.0,0.0,0.0,0.0,0.0,0.0,0.0,1.0,1.0,0.2,1.0,0.33333333333333337,1.0,0.6,1.0,0.7499999999999999,1.0,1.0,1.0,1.0
nvbench2:test:390,1.0,0.3333333333333333,0.0,0.0,0.0,0.0,1.0,0.5,0.3333333333333333,0.4,1.0,1.0,0.5,0.6666666666666666,1.0,1.0,0.5,1.0,0.6666666666666666,1.0,1.0,0.6666666666666666,0.8,1.0,1.0,0.5,0.6666666666666666
nvbench2:test:391,1.0,0.0,0.0,0.0,0.0,0.0,0.0,0.0,0.0,0.0,0.0,0.0,0.0,0.0,1.0,1.0,0.2,1.0,0.33333333333333337,1.0,0.6,1.0,0.7499999999999999,1.0,1.0,1.0,1.0
nvbench2:test:392,1.0,0.3333333333333333,0.0,0.0,0.0,0.0,1.0,0.25,0.3333333333333333,0.28571428571428575,1.0,0.75,0.6,0.6666666666666665,1.0,1.0,0.25,1.0,0.4,1.0,0.75,1.0,0.8571428571428571,1.0,1.0,0.8,0.888888888888889
nvbench2:test:393,1.0,1.0,1.0,0.5,1.0,0.6666666666666666,1.0,1.0,1.0,1.0,1.0,1.0,1.0,1.0,1.0,1.0,0.5,1.0,0.6666666666666666,1.0,1.0,1.0,1.0,1.0,1.0,1.0,1.0
nvbench2:test:394,1.0,0.5,0.0,0.0,0.0,0.0,1.0,0.4,0.6666666666666666,0.5,1.0,0.8,0.8,0.8000000000000002,1.0,1.0,0.2,1.0,0.33333333333333337,1.0,0.6,1.0,0.7499999999999999,1.0,1.0,1.0,1.0
nvbench2:test:395,1.0,1.0,1.0,0.5,1.0,0.6666666666666666,1.0,1.0,1.0,1.0,1.0,1.0,1.0,1.0,1.0,1.0,0.5,1.0,0.6666666666666666,1.0,1.0,1.0,1.0,1.0,1.0,1.0,1.0
nvbench2:test:396,1.0,0.2,0.0,0.0,0.0,0.0,0.0,0.0,0.0,0.0,1.0,0.5,0.2,0.28571428571428575,1.0,1.0,0.5,1.0,0.6666666666666666,1.0,1.0,0.6666666666666666,0.8,1.0,1.0,0.4,0.5714285714285715
nvbench2:test:397,1.0,0.0,0.0,0.0,0.0,0.0,0.0,0.0,0.0,0.0,0.0,0.0,0.0,0.0,1.0,1.0,0.25,1.0,0.4,1.0,0.75,1.0,0.8571428571428571,1.0,1.0,0.8,0.888888888888889
nvbench2:test:398,1.0,0.0,0.0,0.0,0.0,0.0,0.0,0.0,0.0,0.0,0.0,0.0,0.0,0.0,1.0,1.0,0.25,1.0,0.4,1.0,0.75,1.0,0.8571428571428571,1.0,1.0,0.8,0.888888888888889
nvbench2:test:399,1.0,1.0,1.0,0.5,1.0,0.6666666666666666,1.0,1.0,1.0,1.0,1.0,1.0,1.0,1.0,1.0,1.0,0.5,1.0,0.6666666666666666,1.0,1.0,1.0,1.0,1.0,1.0,1.0,1.0
nvbench2:test:400,1.0,0.3333333333333333,0.0,0.0,0.0,0.0,1.0,0.5,0.3333333333333333,0.4,1.0,1.0,0.5,0.6666666666666666,1.0,1.0,0.5,1.0,0.6666666666666666,1.0,1.0,0.6666666666666666,0.8,1.0,1.0,0.5,0.6666666666666666
nvbench2:test:401,1.0,1.0,1.0,0.25,1.0,0.4,1.0,0.75,1.0,0.8571428571428571,1.0,1.0,1.0,1.0,1.0,1.0,0.25,1.0,0.4,1.0,0.75,1.0,0.8571428571428571,1.0,1.0,1.0,1.0
nvbench2:test:402,0.0,0.3333333333333333,0.0,0.0,0.0,0.0,1.0,0.5,0.3333333333333333,0.4,1.0,0.5,0.3333333333333333,0.4,1.0,1.0,0.5,1.0,0.6666666666666666,1.0,0.5,0.3333333333333333,0.4,1.0,0.5,0.3333333333333333,0.4
nvbench2:test:403,1.0,0.5,0.0,0.0,0.0,0.0,1.0,0.5,0.6666666666666666,0.5714285714285715,1.0,1.0,0.8,0.888888888888889,1.0,1.0,0.25,1.0,0.4,1.0,0.75,1.0,0.8571428571428571,1.0,1.0,0.8,0.888888888888889
nvbench2:test:404,1.0,0.0,0.0,0.0,0.0,0.0,0.0,0.0,0.0,0.0,0.0,0.0,0.0,0.0,1.0,1.0,0.25,1.0,0.4,1.0,0.75,1.0,0.8571428571428571,1.0,1.0,0.8,0.888888888888889
nvbench2:test:405,1.0,0.25,0.0,0.0,0.0,0.0,0.0,0.0,0.0,0.0,1.0,1.0,0.4,0.5714285714285715,1.0,1.0,0.5,1.0,0.6666666666666666,1.0,1.0,0.6666666666666666,0.8,1.0,1.0,0.4,0.5714285714285715
nvbench2:test:406,1.0,1.0,1.0,0.5,1.0,0.6666666666666666,1.0,1.0,1.0,1.0,1.0,1.0,1.0,1.0,1.0,1.0,0.5,1.0,0.6666666666666666,1.0,1.0,1.0,1.0,1.0,1.0,1.0,1.0
nvbench2:test:407,1.0,1.0,1.0,0.25,1.0,0.4,1.0,0.75,1.0,0.8571428571428571,1.0,1.0,0.8,0.888888888888889,1.0,1.0,0.25,1.0,0.4,1.0,0.75,1.0,0.8571428571428571,1.0,1.0,0.8,0.888888888888889
nvbench2:test:408,1.0,0.25,0.0,0.0,0.0,0.0,0.0,0.0,0.0,0.0,1.0,0.6666666666666666,0.4,0.5,1.0,1.0,0.3333333333333333,1.0,0.5,1.0,1.0,1.0,1.0,1.0,1.0,0.6,0.7499999999999999
nvbench2:test:409,1.0,0.5,0.0,0.0,0.0,0.0,1.0,0.6666666666666666,0.6666666666666666,0.6666666666666666,1.0,1.0,0.75,0.8571428571428571,1.0,1.0,0.3333333333333333,1.0,0.5,1.0,1.0,1.0,1.0,1.0,1.0,0.75,0.8571428571428571
nvbench2:test:410,1.0,0.2,0.0,0.0,0.0,0.0,0.0,0.0,0.0,0.0,1.0,0.3333333333333333,0.2,0.25,1.0,1.0,0.3333333333333333,1.0,0.5,1.0,1.0,1.0,1.0,1.0,1.0,0.6,0.7499999999999999
nvbench2:test:411,1.0,0.0,0.0,0.0,0.0,0.0,0.0,0.0,0.0,0.0,0.0,0.0,0.0,0.0,1.0,1.0,0.2,1.0,0.33333333333333337,1.0,0.6,1.0,0.7499999999999999,1.0,1.0,1.0,1.0
nvbench2:test:412,1.0,0.0,0.0,0.0,0.0,0.0,0.0,0.0,0.0,0.0,0.0,0.0,0.0,0.0,1.0,1.0,0.2,1.0,0.33333333333333337,1.0,0.6,1.0,0.7499999999999999,1.0,1.0,1.0,1.0
nvbench2:test:413,1.0,0.5,0.0,0.0,0.0,0.0,1.0,0.4,0.6666666666666666,0.5,1.0,0.8,0.8,0.8000000000000002,1.0,1.0,0.2,1.0,0.33333333333333337,1.0,0.6,1.0,0.7499999999999999,1.0,1.0,1.0,1.0
nvbench2:test:414,1.0,0.0,0.0,0.0,0.0,0.0,0.0,0.0,0.0,0.0,0.0,0.0,0.0,0.0,1.0,1.0,0.25,1.0,0.4,1.0,0.75,1.0,0.8571428571428571,1.0,1.0,0.8,0.888888888888889
nvbench2:test:415,1.0,0.5,0.0,0.0,0.0,0.0,1.0,0.4,0.6666666666666666,0.5,1.0,0.8,0.8,0.8000000000000002,1.0,1.0,0.2,1.0,0.33333333333333337,1.0,0.6,1.0,0.7499999999999999,1.0,1.0,1.0,1.0
nvbench2:test:416,1.0,0.0,0.0,0.0,0.0,0.0,0.0,0.0,0.0,0.0,0.0,0.0,0.0,0.0,1.0,1.0,0.25,1.0,0.4,1.0,0.75,1.0,0.8571428571428571,1.0,1.0,0.8,0.888888888888889
nvbench2:test:417,1.0,0.2,0.0,0.0,0.0,0.0,0.0,0.0,0.0,0.0,1.0,0.5,0.2,0.28571428571428575,1.0,1.0,0.5,1.0,0.6666666666666666,1.0,1.0,0.6666666666666666,0.8,1.0,1.0,0.4,0.5714285714285715
nvbench2:test:418,1.0,0.3333333333333333,0.0,0.0,0.0,0.0,1.0,0.5,0.3333333333333333,0.4,1.0,1.0,0.5,0.6666666666666666,1.0,1.0,0.5,1.0,0.6666666666666666,1.0,1.0,0.6666666666666666,0.8,1.0,1.0,0.5,0.6666666666666666
nvbench2:test:419,1.0,1.0,1.0,0.2,1.0,0.33333333333333337,1.0,0.6,1.0,0.7499999999999999,1.0,1.0,1.0,1.0,1.0,1.0,0.2,1.0,0.33333333333333337,1.0,0.6,1.0,0.7499999999999999,1.0,1.0,1.0,1.0
nvbench2:test:420,1.0,0.3333333333333333,0.0,0.0,0.0,0.0,1.0,0.5,0.3333333333333333,0.4,1.0,1.0,0.5,0.6666666666666666,1.0,1.0,0.5,1.0,0.6666666666666666,1.0,1.0,0.6666666666666666,0.8,1.0,1.0,0.5,0.6666666666666666
nvbench2:test:421,1.0,0.3333333333333333,0.0,0.0,0.0,0.0,1.0,0.2,0.3333333333333333,0.25,1.0,0.6,0.6,0.6,1.0,1.0,0.2,1.0,0.33333333333333337,1.0,0.6,1.0,0.7499999999999999,1.0,1.0,1.0,1.0
nvbench2:test:422,1.0,0.3333333333333333,0.0,0.0,0.0,0.0,1.0,0.2,0.3333333333333333,0.25,1.0,0.6,0.6,0.6,1.0,1.0,0.2,1.0,0.33333333333333337,1.0,0.6,1.0,0.7499999999999999,1.0,1.0,1.0,1.0
nvbench2:test:423,1.0,0.0,0.0,0.0,0.0,0.0,0.0,0.0,0.0,0.0,0.0,0.0,0.0,0.0,1.0,1.0,0.2,1.0,0.33333333333333337,1.0,0.6,1.0,0.7499999999999999,1.0,1.0,1.0,1.0
nvbench2:test:424,1.0,0.5,0.0,0.0,0.0,0.0,1.0,0.4,0.6666666666666666,0.5,1.0,0.8,0.8,0.8000000000000002,1.0,1.0,0.2,1.0,0.33333333333333337,1.0,0.6,1.0,0.7499999999999999,1.0,1.0,1.0,1.0
nvbench2:test:425,1.0,0.0,0.0,0.0,0.0,0.0,0.0,0.0,0.0,0.0,0.0,0.0,0.0,0.0,1.0,1.0,0.2,1.0,0.33333333333333337,1.0,0.6,1.0,0.7499999999999999,1.0,1.0,1.0,1.0
nvbench2:test:426,1.0,0.5,0.0,0.0,0.0,0.0,1.0,0.4,0.6666666666666666,0.5,1.0,0.8,0.8,0.8000000000000002,1.0,1.0,0.2,1.0,0.33333333333333337,1.0,0.6,1.0,0.7499999999999999,1.0,1.0,1.0,1.0
nvbench2:test:427,1.0,0.5,0.0,0.0,0.0,0.0,1.0,0.4,0.6666666666666666,0.5,1.0,0.8,0.8,0.8000000000000002,1.0,1.0,0.2,1.0,0.33333333333333337,1.0,0.6,1.0,0.7499999999999999,1.0,1.0,1.0,1.0
nvbench2:test:428,1.0,0.0,0.0,0.0,0.0,0.0,0.0,0.0,0.0,0.0,0.0,0.0,0.0,0.0,1.0,1.0,0.2,1.0,0.33333333333333337,1.0,0.6,1.0,0.7499999999999999,1.0,1.0,1.0,1.0
nvbench2:test:429,1.0,0.3333333333333333,0.0,0.0,0.0,0.0,1.0,0.5,0.3333333333333333,0.4,1.0,1.0,0.5,0.6666666666666666,1.0,1.0,0.5,1.0,0.6666666666666666,1.0,1.0,0.6666666666666666,0.8,1.0,1.0,0.5,0.6666666666666666
nvbench2:test:430,1.0,0.3333333333333333,0.0,0.0,0.0,0.0,1.0,0.5,0.3333333333333333,0.4,1.0,1.0,0.5,0.6666666666666666,1.0,1.0,0.5,1.0,0.6666666666666666,1.0,1.0,0.6666666666666666,0.8,1.0,1.0,0.5,0.6666666666666666
nvbench2:test:431,1.0,0.0,0.0,0.0,0.0,0.0,0.0,0.0,0.0,0.0,0.0,0.0,0.0,0.0,1.0,1.0,0.2,1.0,0.33333333333333337,1.0,0.6,1.0,0.7499999999999999,1.0,1.0,1.0,1.0
nvbench2:test:432,1.0,0.0,0.0,0.0,0.0,0.0,0.0,0.0,0.0,0.0,0.0,0.0,0.0,0.0,1.0,1.0,0.2,1.0,0.33333333333333337,1.0,0.6,1.0,0.7499999999999999,1.0,1.0,1.0,1.0
nvbench2:test:433,1.0,0.0,0.0,0.0,0.0,0.0,0.0,0.0,0.0,0.0,0.0,0.0,0.0,0.0,1.0,1.0,0.25,1.0,0.4,1.0,0.75,1.0,0.8571428571428571,1.0,1.0,0.8,0.888888888888889
nvbench2:test:434,1.0,0.5,0.0,0.0,0.0,0.0,1.0,0.4,0.6666666666666666,0.5,1.0,0.8,0.8,0.8000000000000002,1.0,1.0,0.2,1.0,0.33333333333333337,1.0,0.6,1.0,0.7499999999999999,1.0,1.0,1.0,1.0
nvbench2:test:435,1.0,0.5,0.0,0.0,0.0,0.0,1.0,0.5,0.6666666666666666,0.5714285714285715,1.0,1.0,0.8,0.888888888888889,1.0,1.0,0.25,1.0,0.4,1.0,0.75,1.0,0.8571428571428571,1.0,1.0,0.8,0.888888888888889
nvbench2:test:436,1.0,0.3333333333333333,0.0,0.0,0.0,0.0,1.0,0.25,0.3333333333333333,0.28571428571428575,1.0,0.75,0.6,0.6666666666666665,1.0,1.0,0.25,1.0,0.4,1.0,0.75,1.0,0.8571428571428571,1.0,1.0,0.8,0.888888888888889
nvbench2:test:437,1.0,0.3333333333333333,0.0,0.0,0.0,0.0,1.0,0.5,0.3333333333333333,0.4,1.0,1.0,0.5,0.6666666666666666,1.0,1.0,0.5,1.0,0.6666666666666666,1.0,1.0,0.6666666666666666,0.8,1.0,1.0,0.5,0.6666666666666666
nvbench2:test:438,1.0,0.0,0.0,0.0,0.0,0.0,0.0,0.0,0.0,0.0,0.0,0.0,0.0,0.0,1.0,1.0,0.25,1.0,0.4,1.0,0.75,1.0,0.8571428571428571,1.0,1.0,0.8,0.888888888888889
nvbench2:test:439,1.0,0.0,0.0,0.0,0.0,0.0,0.0,0.0,0.0,0.0,0.0,0.0,0.0,0.0,1.0,1.0,0.25,1.0,0.4,1.0,0.75,1.0,0.8571428571428571,1.0,1.0,0.8,0.888888888888889
nvbench2:test:440,1.0,0.0,0.0,0.0,0.0,0.0,0.0,0.0,0.0,0.0,0.0,0.0,0.0,0.0,1.0,1.0,0.25,1.0,0.4,1.0,0.75,1.0,0.8571428571428571,1.0,1.0,0.8,0.888888888888889
nvbench2:test:441,1.0,0.3333333333333333,0.0,0.0,0.0,0.0,1.0,0.5,0.3333333333333333,0.4,1.0,1.0,0.5,0.6666666666666666,1.0,1.0,0.5,1.0,0.6666666666666666,1.0,1.0,0.6666666666666666,0.8,1.0,1.0,0.5,0.6666666666666666
nvbench2:test:442,1.0,1.0,1.0,0.5,1.0,0.6666666666666666,1.0,1.0,0.6666666666666666,0.8,1.0,1.0,0.6666666666666666,0.8,1.0,1.0,0.5,1.0,0.6666666666666666,1.0,1.0,0.6666666666666666,0.8,1.0,1.0,0.6666666666666666,0.8
nvbench2:test:443,1.0,0.2,0.0,0.0,0.0,0.0,0.0,0.0,0.0,0.0,1.0,0.5,0.2,0.28571428571428575,1.0,1.0,0.5,1.0,0.6666666666666666,1.0,1.0,0.6666666666666666,0.8,1.0,1.0,0.4,0.5714285714285715
nvbench2:test:444,1.0,0.3333333333333333,0.0,0.0,0.0,0.0,1.0,0.5,0.3333333333333333,0.4,1.0,1.0,0.5,0.6666666666666666,1.0,1.0,0.5,1.0,0.6666666666666666,1.0,1.0,0.6666666666666666,0.8,1.0,1.0,0.5,0.6666666666666666
nvbench2:test:445,0.0,1.0,1.0,0.5,1.0,0.6666666666666666,1.0,0.5,0.3333333333333333,0.4,1.0,0.5,0.25,0.3333333333333333,0.5,0.0,0.0,0.0,0.0,1.0,0.5,0.3333333333333333,0.4,1.0,0.5,0.25,0.3333333333333333
nvbench2:test:446,1.0,0.3333333333333333,0.0,0.0,0.0,0.0,1.0,0.5,0.3333333333333333,0.4,1.0,1.0,0.5,0.6666666666666666,1.0,1.0,0.5,1.0,0.6666666666666666,1.0,1.0,0.6666666666666666,0.8,1.0,1.0,0.5,0.6666666666666666
nvbench2:test:447,0.0,0.3333333333333333,0.0,0.0,0.0,0.0,1.0,0.5,0.3333333333333333,0.4,1.0,0.5,0.3333333333333333,0.4,1.0,1.0,0.5,1.0,0.6666666666666666,1.0,0.5,0.3333333333333333,0.4,1.0,0.5,0.3333333333333333,0.4
nvbench2:test:448,1.0,1.0,1.0,0.5,1.0,0.6666666666666666,1.0,1.0,1.0,1.0,1.0,1.0,1.0,1.0,1.0,1.0,0.5,1.0,0.6666666666666666,1.0,1.0,1.0,1.0,1.0,1.0,1.0,1.0
nvbench2:test:449,0.0,0.5,0.0,0.0,0.0,0.0,1.0,1.0,0.6666666666666666,0.8,1.0,1.0,0.6666666666666666,0.8,1.0,1.0,0.5,1.0,0.6666666666666666,1.0,1.0,0.6666666666666666,0.8,1.0,1.0,0.6666666666666666,0.8
nvbench2:test:450,1.0,0.3333333333333333,0.0,0.0,0.0,0.0,1.0,0.5,0.3333333333333333,0.4,1.0,1.0,0.5,0.6666666666666666,1.0,1.0,0.5,1.0,0.6666666666666666,1.0,1.0,0.6666666666666666,0.8,1.0,1.0,0.5,0.6666666666666666
nvbench2:test:451,1.0,0.3333333333333333,0.0,0.0,0.0,0.0,1.0,0.5,0.3333333333333333,0.4,1.0,1.0,0.5,0.6666666666666666,1.0,1.0,0.5,1.0,0.6666666666666666,1.0,1.0,0.6666666666666666,0.8,1.0,1.0,0.5,0.6666666666666666
nvbench2:test:452,1.0,1.0,1.0,0.25,1.0,0.4,1.0,0.75,1.0,0.8571428571428571,1.0,1.0,1.0,1.0,1.0,1.0,0.25,1.0,0.4,1.0,0.75,1.0,0.8571428571428571,1.0,1.0,1.0,1.0
nvbench2:test:453,1.0,1.0,1.0,0.5,1.0,0.6666666666666666,1.0,1.0,1.0,1.0,1.0,1.0,1.0,1.0,1.0,1.0,0.5,1.0,0.6666666666666666,1.0,1.0,1.0,1.0,1.0,1.0,1.0,1.0
nvbench2:test:454,1.0,0.5,0.0,0.0,0.0,0.0,1.0,1.0,0.6666666666666666,0.8,1.0,1.0,0.4,0.5714285714285715,1.0,1.0,0.5,1.0,0.6666666666666666,1.0,1.0,0.6666666666666666,0.8,1.0,1.0,0.4,0.5714285714285715
nvbench2:test:455,1.0,1.0,1.0,0.25,1.0,0.4,1.0,0.75,1.0,0.8571428571428571,1.0,1.0,1.0,1.0,1.0,1.0,0.25,1.0,0.4,1.0,0.75,1.0,0.8571428571428571,1.0,1.0,1.0,1.0
nvbench2:test:456,1.0,0.5,0.0,0.0,0.0,0.0,1.0,1.0,0.6666666666666666,0.8,1.0,1.0,0.6666666666666666,0.8,1.0,1.0,0.5,1.0,0.6666666666666666,1.0,1.0,0.6666666666666666,0.8,1.0,1.0,0.6666666666666666,0.8
nvbench2:test:457,1.0,0.5,0.0,0.0,0.0,0.0,1.0,1.0,0.6666666666666666,0.8,1.0,1.0,0.6666666666666666,0.8,1.0,1.0,0.5,1.0,0.6666666666666666,1.0,1.0,0.6666666666666666,0.8,1.0,1.0,0.6666666666666666,0.8
nvbench2:test:458,1.0,0.3333333333333333,0.0,0.0,0.0,0.0,1.0,0.5,0.3333333333333333,0.4,1.0,1.0,0.5,0.6666666666666666,1.0,1.0,0.5,1.0,0.6666666666666666,1.0,1.0,0.6666666666666666,0.8,1.0,1.0,0.5,0.6666666666666666
nvbench2:test:459,0.0,1.0,1.0,0.3333333333333333,1.0,0.5,1.0,0.3333333333333333,0.5,0.4,1.0,0.3333333333333333,0.5,0.4,1.0,1.0,0.3333333333333333,1.0,0.5,1.0,0.3333333333333333,0.5,0.4,1.0,0.3333333333333333,0.5,0.4
nvbench2:test:460,1.0,0.25,0.0,0.0,0.0,0.0,0.0,0.0,0.0,0.0,1.0,1.0,0.4,0.5714285714285715,1.0,1.0,0.5,1.0,0.6666666666666666,1.0,1.0,0.6666666666666666,0.8,1.0,1.0,0.4,0.5714285714285715
nvbench2:test:461,1.0,0.2,0.0,0.0,0.0,0.0,0.0,0.0,0.0,0.0,1.0,0.3333333333333333,0.2,0.25,1.0,1.0,0.3333333333333333,1.0,0.5,1.0,1.0,1.0,1.0,1.0,1.0,0.6,0.7499999999999999
nvbench2:test:462,1.0,0.3333333333333333,0.0,0.0,0.0,0.0,1.0,0.5,0.3333333333333333,0.4,1.0,1.0,0.5,0.6666666666666666,1.0,1.0,0.5,1.0,0.6666666666666666,1.0,1.0,0.6666666666666666,0.8,1.0,1.0,0.5,0.6666666666666666
nvbench2:test:463,1.0,0.3333333333333333,0.0,0.0,0.0,0.0,1.0,0.2,0.3333333333333333,0.25,1.0,0.2,0.2,0.20000000000000004,1.0,1.0,0.2,1.0,0.33333333333333337,1.0,0.6,1.0,0.7499999999999999,1.0,1.0,1.0,1.0
nvbench2:test:464,1.0,0.3333333333333333,0.0,0.0,0.0,0.0,1.0,0.2,0.3333333333333333,0.25,1.0,0.6,0.6,0.6,1.0,1.0,0.2,1.0,0.33333333333333337,1.0,0.6,1.0,0.7499999999999999,1.0,1.0,1.0,1.0
nvbench2:test:465,1.0,0.25,0.0,0.0,0.0,0.0,0.0,0.0,0.0,0.0,1.0,1.0,0.4,0.5714285714285715,1.0,1.0,0.5,1.0,0.6666666666666666,1.0,1.0,0.6666666666666666,0.8,1.0,1.0,0.4,0.5714285714285715
nvbench2:test:466,1.0,0.3333333333333333,0.0,0.0,0.0,0.0,1.0,0.5,0.3333333333333333,0.4,1.0,1.0,0.5,0.6666666666666666,1.0,1.0,0.5,1.0,0.6666666666666666,1.0,1.0,0.6666666666666666,0.8,1.0,1.0,0.5,0.6666666666666666
nvbench2:test:467,1.0,0.3333333333333333,0.0,0.0,0.0,0.0,1.0,0.5,0.3333333333333333,0.4,1.0,1.0,0.5,0.6666666666666666,1.0,1.0,0.5,1.0,0.6666666666666666,1.0,1.0,0.6666666666666666,0.8,1.0,1.0,0.5,0.6666666666666666
nvbench2:test:468,1.0,0.5,0.0,0.0,0.0,0.0,1.0,0.6666666666666666,0.6666666666666666,0.6666666666666666,1.0,1.0,0.75,0.8571428571428571,1.0,1.0,0.3333333333333333,1.0,0.5,1.0,1.0,1.0,1.0,1.0,1.0,0.75,0.8571428571428571
nvbench2:test:469,1.0,0.3333333333333333,0.0,0.0,0.0,0.0,1.0,0.5,0.3333333333333333,0.4,1.0,1.0,0.5,0.6666666666666666,1.0,1.0,0.5,1.0,0.6666666666666666,1.0,1.0,0.6666666666666666,0.8,1.0,1.0,0.5,0.6666666666666666
nvbench2:test:470,1.0,0.2,0.0,0.0,0.0,0.0,0.0,0.0,0.0,0.0,1.0,0.25,0.2,0.22222222222222224,1.0,1.0,0.25,1.0,0.4,1.0,0.75,1.0,0.8571428571428571,1.0,1.0,0.8,0.888888888888889
nvbench2:test:471,1.0,1.0,1.0,0.2,1.0,0.33333333333333337,1.0,0.4,0.6666666666666666,0.5,1.0,0.8,0.8,0.8000000000000002,1.0,1.0,0.2,1.0,0.33333333333333337,1.0,0.6,1.0,0.7499999999999999,1.0,1.0,1.0,1.0
nvbench2:test:472,1.0,0.0,0.0,0.0,0.0,0.0,0.0,0.0,0.0,0.0,0.0,0.0,0.0,0.0,1.0,1.0,0.25,1.0,0.4,1.0,0.75,1.0,0.8571428571428571,1.0,1.0,0.8,0.888888888888889
nvbench2:test:473,1.0,0.5,0.0,0.0,0.0,0.0,1.0,0.6666666666666666,0.6666666666666666,0.6666666666666666,1.0,1.0,0.75,0.8571428571428571,1.0,1.0,0.3333333333333333,1.0,0.5,1.0,1.0,1.0,1.0,1.0,1.0,0.75,0.8571428571428571
nvbench2:test:474,1.0,0.5,0.0,0.0,0.0,0.0,1.0,0.6666666666666666,0.6666666666666666,0.6666666666666666,1.0,1.0,0.75,0.8571428571428571,1.0,1.0,0.3333333333333333,1.0,0.5,1.0,1.0,1.0,1.0,1.0,1.0,0.75,0.8571428571428571
nvbench2:test:475,1.0,1.0,1.0,0.5,1.0,0.6666666666666666,1.0,1.0,1.0,1.0,1.0,1.0,1.0,1.0,1.0,1.0,0.5,1.0,0.6666666666666666,1.0,1.0,1.0,1.0,1.0,1.0,1.0,1.0
nvbench2:test:476,1.0,0.3333333333333333,0.0,0.0,0.0,0.0,1.0,0.5,0.3333333333333333,0.4,1.0,1.0,0.5,0.6666666666666666,1.0,1.0,0.5,1.0,0.6666666666666666,1.0,1.0,0.6666666666666666,0.8,1.0,1.0,0.5,0.6666666666666666
nvbench2:test:477,0.0,0.3333333333333333,0.0,0.0,0.0,0.0,1.0,0.2,0.3333333333333333,0.25,1.0,0.4,0.5,0.4444444444444445,1.0,1.0,0.2,1.0,0.33333333333333337,1.0,0.4,0.6666666666666666,0.5,1.0,0.4,0.5,0.4444444444444445
nvbench2:test:478,1.0,0.0,0.0,0.0,0.0,0.0,0.0,0.0,0.0,0.0,0.0,0.0,0.0,0.0,1.0,1.0,0.25,1.0,0.4,1.0,0.75,1.0,0.8571428571428571,1.0,1.0,0.8,0.888888888888889
nvbench2:test:479,0.0,0.5,0.0,0.0,0.0,0.0,1.0,0.5,0.5,0.5,1.0,0.5,0.5,0.5,0.5,0.0,0.0,0.0,0.0,1.0,0.5,0.5,0.5,1.0,0.5,0.5,0.5
nvbench2:test:480,1.0,0.2,0.0,0.0,0.0,0.0,0.0,0.0,0.0,0.0,1.0,0.5,0.2,0.28571428571428575,1.0,1.0,0.5,1.0,0.6666666666666666,1.0,1.0,0.6666666666666666,0.8,1.0,1.0,0.4,0.5714285714285715
nvbench2:test:481,1.0,0.3333333333333333,0.0,0.0,0.0,0.0,1.0,0.5,0.3333333333333333,0.4,1.0,1.0,0.4,0.5714285714285715,1.0,1.0,0.5,1.0,0.6666666666666666,1.0,1.0,0.6666666666666666,0.8,1.0,1.0,0.4,0.5714285714285715
nvbench2:test:482,1.0,0.3333333333333333,0.0,0.0,0.0,0.0,1.0,0.3333333333333333,0.3333333333333333,0.3333333333333333,1.0,1.0,0.6,0.7499999999999999,1.0,1.0,0.3333333333333333,1.0,0.5,1.0,1.0,1.0,1.0,1.0,1.0,0.6,0.7499999999999999
nvbench2:test:483,0.0,1.0,1.0,0.5,1.0,0.6666666666666666,1.0,0.5,1.0,0.6666666666666666,1.0,0.5,1.0,0.6666666666666666,1.0,1.0,0.5,1.0,0.6666666666666666,1.0,0.5,1.0,0.6666666666666666,1.0,0.5,1.0,0.6666666666666666
nvbench2:test:484,1.0,0.2,0.0,0.0,0.0,0.0,0.0,0.0,0.0,0.0,1.0,0.5,0.2,0.28571428571428575,0.3333333333333333,0.0,0.0,0.0,0.0,1.0,0.5,0.3333333333333333,0.4,1.0,1.0,0.4,0.5714285714285715
nvbench2:test:485,1.0,0.3333333333333333,0.0,0.0,0.0,0.0,1.0,0.5,0.3333333333333333,0.4,1.0,1.0,0.5,0.6666666666666666,1.0,1.0,0.5,1.0,0.6666666666666666,1.0,1.0,0.6666666666666666,0.8,1.0,1.0,0.5,0.6666666666666666
nvbench2:test:486,0.0,0.0,0.0,0.0,0.0,0.0,0.0,0.0,0.0,0.0,0.0,0.0,0.0,0.0,0.0,0.0,0.0,0.0,0.0,0.0,0.0,0.0,0.0,0.0,0.0,0.0,0.0
nvbench2:test:487,1.0,1.0,1.0,0.5,1.0,0.6666666666666666,1.0,1.0,1.0,1.0,1.0,1.0,1.0,1.0,1.0,1.0,0.5,1.0,0.6666666666666666,1.0,1.0,1.0,1.0,1.0,1.0,1.0,1.0
nvbench2:test:488,1.0,0.3333333333333333,0.0,0.0,0.0,0.0,1.0,0.3333333333333333,0.3333333333333333,0.3333333333333333,1.0,0.6666666666666666,0.4,0.5,0.5,0.0,0.0,0.0,0.0,1.0,0.3333333333333333,0.3333333333333333,0.3333333333333333,1.0,1.0,0.6,0.7499999999999999
nvbench2:test:489,1.0,0.3333333333333333,0.0,0.0,0.0,0.0,1.0,0.5,0.3333333333333333,0.4,1.0,1.0,0.5,0.6666666666666666,1.0,1.0,0.5,1.0,0.6666666666666666,1.0,1.0,0.6666666666666666,0.8,1.0,1.0,0.5,0.6666666666666666
nvbench2:test:490,1.0,0.2,0.0,0.0,0.0,0.0,0.0,0.0,0.0,0.0,1.0,0.2,0.2,0.20000000000000004,1.0,1.0,0.2,1.0,0.33333333333333337,1.0,0.6,1.0,0.7499999999999999,1.0,1.0,1.0,1.0
nvbench2:test:491,0.0,0.0,0.0,0.0,0.0,0.0,0.0,0.0,0.0,0.0,0.0,0.0,0.0,0.0,0.0,0.0,0.0,0.0,0.0,0.0,0.0,0.0,0.0,0.0,0.0,0.0,0.0
nvbench2:test:492,1.0,0.3333333333333333,0.0,0.0,0.0,0.0,1.0,0.5,0.3333333333333333,0.4,1.0,1.0,0.5,0.6666666666666666,1.0,1.0,0.5,1.0,0.6666666666666666,1.0,1.0,0.6666666666666666,0.8,1.0,1.0,0.5,0.6666666666666666
nvbench2:test:493,1.0,0.5,0.0,0.0,0.0,0.0,1.0,1.0,0.6666666666666666,0.8,1.0,1.0,0.6666666666666666,0.8,1.0,1.0,0.5,1.0,0.6666666666666666,1.0,1.0,0.6666666666666666,0.8,1.0,1.0,0.6666666666666666,0.8
nvbench2:test:494,1.0,0.5,0.0,0.0,0.0,0.0,1.0,0.6666666666666666,0.6666666666666666,0.6666666666666666,1.0,1.0,0.75,0.8571428571428571,1.0,1.0,0.3333333333333333,1.0,0.5,1.0,1.0,1.0,1.0,1.0,1.0,0.75,0.8571428571428571
nvbench2:test:495,1.0,1.0,1.0,0.5,1.0,0.6666666666666666,1.0,1.0,1.0,1.0,1.0,1.0,1.0,1.0,1.0,1.0,0.5,1.0,0.6666666666666666,1.0,1.0,1.0,1.0,1.0,1.0,1.0,1.0
nvbench2:test:496,1.0,0.5,0.0,0.0,0.0,0.0,1.0,1.0,0.6666666666666666,0.8,1.0,1.0,0.6666666666666666,0.8,1.0,1.0,0.5,1.0,0.6666666666666666,1.0,1.0,0.6666666666666666,0.8,1.0,1.0,0.6666666666666666,0.8
nvbench2:test:497,1.0,1.0,1.0,0.5,1.0,0.6666666666666666,1.0,1.0,1.0,1.0,1.0,1.0,1.0,1.0,1.0,1.0,0.5,1.0,0.6666666666666666,1.0,1.0,1.0,1.0,1.0,1.0,1.0,1.0
nvbench2:test:498,1.0,0.5,0.0,0.0,0.0,0.0,1.0,0.4,0.6666666666666666,0.5,1.0,0.8,0.8,0.8000000000000002,1.0,1.0,0.2,1.0,0.33333333333333337,1.0,0.6,1.0,0.7499999999999999,1.0,1.0,1.0,1.0
nvbench2:test:499,1.0,0.3333333333333333,0.0,0.0,0.0,0.0,1.0,0.5,0.3333333333333333,0.4,1.0,1.0,0.5,0.6666666666666666,1.0,1.0,0.5,1.0,0.6666666666666666,1.0,1.0,0.6666666666666666,0.8,1.0,1.0,0.5,0.6666666666666666
nvbench2:test:500,1.0,0.3333333333333333,0.0,0.0,0.0,0.0,1.0,0.2,0.3333333333333333,0.25,1.0,0.4,0.4,0.4000000000000001,1.0,1.0,0.2,1.0,0.33333333333333337,1.0,0.6,1.0,0.7499999999999999,1.0,0.8,0.8,0.8000000000000002
nvbench2:test:501,1.0,0.0,0.0,0.0,0.0,0.0,0.0,0.0,0.0,0.0,0.0,0.0,0.0,0.0,1.0,1.0,0.2,1.0,0.33333333333333337,1.0,0.6,1.0,0.7499999999999999,1.0,1.0,1.0,1.0
nvbench2:test:502,1.0,0.5,0.0,0.0,0.0,0.0,1.0,0.6666666666666666,0.6666666666666666,0.6666666666666666,1.0,1.0,0.6,0.7499999999999999,1.0,1.0,0.3333333333333333,1.0,0.5,1.0,1.0,1.0,1.0,1.0,1.0,0.6,0.7499999999999999
nvbench2:test:503,1.0,1.0,1.0,0.2,1.0,0.33333333333333337,1.0,0.6,1.0,0.7499999999999999,1.0,1.0,1.0,1.0,1.0,1.0,0.2,1.0,0.33333333333333337,1.0,0.6,1.0,0.7499999999999999,1.0,1.0,1.0,1.0
nvbench2:test:504,1.0,1.0,1.0,0.2,1.0,0.33333333333333337,1.0,0.4,0.6666666666666666,0.5,1.0,0.4,0.4,0.4000000000000001,1.0,1.0,0.2,1.0,0.33333333333333337,1.0,0.6,1.0,0.7499999999999999,1.0,0.8,0.8,0.8000000000000002
nvbench2:test:505,1.0,0.3333333333333333,0.0,0.0,0.0,0.0,1.0,0.5,0.3333333333333333,0.4,1.0,1.0,0.5,0.6666666666666666,1.0,1.0,0.5,1.0,0.6666666666666666,1.0,1.0,0.6666666666666666,0.8,1.0,1.0,0.5,0.6666666666666666
nvbench2:test:506,1.0,0.5,0.0,0.0,0.0,0.0,1.0,1.0,0.5,0.6666666666666666,1.0,1.0,0.5,0.6666666666666666,1.0,1.0,1.0,1.0,1.0,1.0,1.0,0.5,0.6666666666666666,1.0,1.0,0.5,0.6666666666666666
nvbench2:test:507,1.0,0.0,0.0,0.0,0.0,0.0,0.0,0.0,0.0,0.0,0.0,0.0,0.0,0.0,1.0,1.0,0.2,1.0,0.33333333333333337,1.0,0.6,1.0,0.7499999999999999,1.0,1.0,1.0,1.0
nvbench2:test:508,1.0,1.0,1.0,0.5,1.0,0.6666666666666666,1.0,1.0,1.0,1.0,1.0,1.0,1.0,1.0,1.0,1.0,0.5,1.0,0.6666666666666666,1.0,1.0,1.0,1.0,1.0,1.0,1.0,1.0
nvbench2:test:509,1.0,1.0,1.0,0.3333333333333333,1.0,0.5,1.0,0.6666666666666666,0.6666666666666666,0.6666666666666666,1.0,1.0,0.75,0.8571428571428571,1.0,1.0,0.3333333333333333,1.0,0.5,1.0,1.0,1.0,1.0,1.0,1.0,0.75,0.8571428571428571
nvbench2:test:510,1.0,0.5,0.0,0.0,0.0,0.0,1.0,1.0,0.6666666666666666,0.8,1.0,1.0,0.6666666666666666,0.8,1.0,1.0,0.5,1.0,0.6666666666666666,1.0,1.0,0.6666666666666666,0.8,1.0,1.0,0.6666666666666666,0.8
nvbench2:test:511,1.0,0.5,0.0,0.0,0.0,0.0,1.0,0.6666666666666666,0.6666666666666666,0.6666666666666666,1.0,1.0,0.75,0.8571428571428571,1.0,1.0,0.3333333333333333,1.0,0.5,1.0,1.0,1.0,1.0,1.0,1.0,0.75,0.8571428571428571
nvbench2:test:512,1.0,0.5,0.0,0.0,0.0,0.0,1.0,0.6666666666666666,0.6666666666666666,0.6666666666666666,1.0,1.0,0.75,0.8571428571428571,1.0,1.0,0.3333333333333333,1.0,0.5,1.0,1.0,1.0,1.0,1.0,1.0,0.75,0.8571428571428571
nvbench2:test:513,1.0,1.0,1.0,0.5,1.0,0.6666666666666666,1.0,1.0,1.0,1.0,1.0,1.0,1.0,1.0,1.0,1.0,0.5,1.0,0.6666666666666666,1.0,1.0,1.0,1.0,1.0,1.0,1.0,1.0
nvbench2:test:514,1.0,0.5,0.0,0.0,0.0,0.0,1.0,1.0,0.6666666666666666,0.8,1.0,1.0,0.6666666666666666,0.8,1.0,1.0,0.5,1.0,0.6666666666666666,1.0,1.0,0.6666666666666666,0.8,1.0,1.0,0.6666666666666666,0.8
nvbench2:test:515,1.0,0.3333333333333333,0.0,0.0,0.0,0.0,1.0,0.5,0.3333333333333333,0.4,1.0,1.0,0.5,0.6666666666666666,1.0,1.0,0.5,1.0,0.6666666666666666,1.0,1.0,0.6666666666666666,0.8,1.0,1.0,0.5,0.6666666666666666
nvbench2:test:516,1.0,0.5,0.0,0.0,0.0,0.0,1.0,0.5,0.6666666666666666,0.5714285714285715,1.0,1.0,0.8,0.888888888888889,1.0,1.0,0.25,1.0,0.4,1.0,0.75,1.0,0.8571428571428571,1.0,1.0,0.8,0.888888888888889
nvbench2:test:517,1.0,0.3333333333333333,0.0,0.0,0.0,0.0,1.0,0.25,0.3333333333333333,0.28571428571428575,1.0,0.75,0.6,0.6666666666666665,1.0,1.0,0.25,1.0,0.4,1.0,0.75,1.0,0.8571428571428571,1.0,1.0,0.8,0.888888888888889
nvbench2:test:518,1.0,0.2,0.0,0.0,0.0,0.0,0.0,0.0,0.0,0.0,1.0,0.3333333333333333,0.2,0.25,1.0,1.0,0.3333333333333333,1.0,0.5,1.0,1.0,1.0,1.0,1.0,1.0,0.6,0.7499999999999999
nvbench2:test:519,1.0,0.5,0.0,0.0,0.0,0.0,1.0,0.6666666666666666,0.6666666666666666,0.6666666666666666,1.0,1.0,0.75,0.8571428571428571,1.0,1.0,0.3333333333333333,1.0,0.5,1.0,1.0,1.0,1.0,1.0,1.0,0.75,0.8571428571428571
nvbench2:test:520,1.0,0.5,0.0,0.0,0.0,0.0,1.0,0.6666666666666666,0.6666666666666666,0.6666666666666666,1.0,1.0,0.75,0.8571428571428571,1.0,1.0,0.3333333333333333,1.0,0.5,1.0,1.0,1.0,1.0,1.0,1.0,0.75,0.8571428571428571
nvbench2:test:521,1.0,0.5,0.0,0.0,0.0,0.0,1.0,1.0,0.6666666666666666,0.8,1.0,1.0,0.6666666666666666,0.8,1.0,1.0,0.5,1.0,0.6666666666666666,1.0,1.0,0.6666666666666666,0.8,1.0,1.0,0.6666666666666666,0.8
nvbench2:test:522,1.0,0.3333333333333333,0.0,0.0,0.0,0.0,1.0,0.2,0.3333333333333333,0.25,1.0,0.6,0.6,0.6,1.0,1.0,0.2,1.0,0.33333333333333337,1.0,0.6,1.0,0.7499999999999999,1.0,1.0,1.0,1.0
nvbench2:test:523,1.0,0.5,0.0,0.0,0.0,0.0,1.0,1.0,0.6666666666666666,0.8,1.0,1.0,0.6666666666666666,0.8,1.0,1.0,0.5,1.0,0.6666666666666666,1.0,1.0,0.6666666666666666,0.8,1.0,1.0,0.6666666666666666,0.8
nvbench2:test:524,1.0,1.0,1.0,0.2,1.0,0.33333333333333337,1.0,0.6,1.0,0.7499999999999999,1.0,1.0,1.0,1.0,1.0,1.0,0.2,1.0,0.33333333333333337,1.0,0.6,1.0,0.7499999999999999,1.0,1.0,1.0,1.0
nvbench2:test:525,0.0,0.3333333333333333,0.0,0.0,0.0,0.0,1.0,0.2,0.3333333333333333,0.25,1.0,0.4,0.5,0.4444444444444445,1.0,1.0,0.2,1.0,0.33333333333333337,1.0,0.4,0.6666666666666666,0.5,1.0,0.4,0.5,0.4444444444444445
nvbench2:test:526,1.0,0.3333333333333333,0.0,0.0,0.0,0.0,1.0,0.5,0.3333333333333333,0.4,1.0,1.0,0.5,0.6666666666666666,1.0,1.0,0.5,1.0,0.6666666666666666,1.0,1.0,0.6666666666666666,0.8,1.0,1.0,0.5,0.6666666666666666
nvbench2:test:527,1.0,0.2,0.0,0.0,0.0,0.0,0.0,0.0,0.0,0.0,1.0,0.3333333333333333,0.2,0.25,1.0,1.0,0.3333333333333333,1.0,0.5,1.0,1.0,1.0,1.0,1.0,1.0,0.6,0.7499999999999999
nvbench2:test:528,1.0,0.2,0.0,0.0,0.0,0.0,0.0,0.0,0.0,0.0,1.0,0.3333333333333333,0.2,0.25,1.0,1.0,0.3333333333333333,1.0,0.5,1.0,1.0,1.0,1.0,1.0,1.0,0.6,0.7499999999999999
nvbench2:test:529,1.0,0.2,0.0,0.0,0.0,0.0,0.0,0.0,0.0,0.0,1.0,0.3333333333333333,0.2,0.25,1.0,1.0,0.3333333333333333,1.0,0.5,1.0,1.0,1.0,1.0,1.0,1.0,0.6,0.7499999999999999
nvbench2:test:530,1.0,0.2,0.0,0.0,0.0,0.0,0.0,0.0,0.0,0.0,1.0,0.3333333333333333,0.2,0.25,1.0,1.0,0.3333333333333333,1.0,0.5,1.0,1.0,1.0,1.0,1.0,1.0,0.6,0.7499999999999999
nvbench2:test:531,1.0,0.0,0.0,0.0,0.0,0.0,0.0,0.0,0.0,0.0,0.0,0.0,0.0,0.0,1.0,1.0,0.3333333333333333,1.0,0.5,1.0,1.0,1.0,1.0,1.0,1.0,0.6,0.7499999999999999
nvbench2:test:532,1.0,1.0,1.0,0.3333333333333333,1.0,0.5,1.0,1.0,1.0,1.0,1.0,1.0,1.0,1.0,1.0,1.0,0.3333333333333333,1.0,0.5,1.0,1.0,1.0,1.0,1.0,1.0,1.0,1.0
nvbench2:test:533,1.0,0.2,0.0,0.0,0.0,0.0,0.0,0.0,0.0,0.0,1.0,0.3333333333333333,0.2,0.25,1.0,1.0,0.3333333333333333,1.0,0.5,1.0,1.0,1.0,1.0,1.0,1.0,0.6,0.7499999999999999
nvbench2:test:534,1.0,0.3333333333333333,0.0,0.0,0.0,0.0,1.0,0.5,0.3333333333333333,0.4,1.0,1.0,0.5,0.6666666666666666,1.0,1.0,0.5,1.0,0.6666666666666666,1.0,1.0,0.6666666666666666,0.8,1.0,1.0,0.5,0.6666666666666666
nvbench2:test:535,1.0,0.2,0.0,0.0,0.0,0.0,0.0,0.0,0.0,0.0,1.0,0.3333333333333333,0.2,0.25,1.0,1.0,0.3333333333333333,1.0,0.5,1.0,1.0,1.0,1.0,1.0,1.0,0.6,0.7499999999999999
nvbench2:test:536,0.0,0.3333333333333333,0.0,0.0,0.0,0.0,1.0,0.5,0.3333333333333333,0.4,1.0,0.5,0.3333333333333333,0.4,1.0,1.0,0.5,1.0,0.6666666666666666,1.0,0.5,0.3333333333333333,0.4,1.0,0.5,0.3333333333333333,0.4
nvbench2:test:537,1.0,0.5,0.0,0.0,0.0,0.0,1.0,0.6666666666666666,0.6666666666666666,0.6666666666666666,1.0,1.0,0.75,0.8571428571428571,1.0,1.0,0.3333333333333333,1.0,0.5,1.0,1.0,1.0,1.0,1.0,1.0,0.75,0.8571428571428571
nvbench2:test:538,1.0,0.2,0.0,0.0,0.0,0.0,0.0,0.0,0.0,0.0,1.0,0.3333333333333333,0.2,0.25,1.0,1.0,0.3333333333333333,1.0,0.5,1.0,1.0,1.0,1.0,1.0,1.0,0.6,0.7499999999999999
nvbench2:test:539,1.0,1.0,1.0,0.5,1.0,0.6666666666666666,1.0,1.0,1.0,1.0,1.0,1.0,1.0,1.0,1.0,1.0,0.5,1.0,0.6666666666666666,1.0,1.0,1.0,1.0,1.0,1.0,1.0,1.0
nvbench2:test:540,1.0,1.0,1.0,0.25,1.0,0.4,1.0,0.75,1.0,0.8571428571428571,1.0,1.0,1.0,1.0,1.0,1.0,0.25,1.0,0.4,1.0,0.75,1.0,0.8571428571428571,1.0,1.0,1.0,1.0
nvbench2:test:541,1.0,0.3333333333333333,0.0,0.0,0.0,0.0,1.0,0.5,0.3333333333333333,0.4,1.0,1.0,0.5,0.6666666666666666,1.0,1.0,0.5,1.0,0.6666666666666666,1.0,1.0,0.6666666666666666,0.8,1.0,1.0,0.5,0.6666666666666666
nvbench2:test:542,1.0,0.2,0.0,0.0,0.0,0.0,0.0,0.0,0.0,0.0,1.0,0.5,0.2,0.28571428571428575,1.0,1.0,0.5,1.0,0.6666666666666666,1.0,1.0,0.6666666666666666,0.8,1.0,1.0,0.4,0.5714285714285715
nvbench2:test:543,1.0,0.0,0.0,0.0,0.0,0.0,0.0,0.0,0.0,0.0,0.0,0.0,0.0,0.0,1.0,1.0,0.2,1.0,0.33333333333333337,1.0,0.6,1.0,0.7499999999999999,1.0,1.0,1.0,1.0
nvbench2:test:544,1.0,1.0,1.0,0.5,1.0,0.6666666666666666,1.0,1.0,1.0,1.0,1.0,1.0,1.0,1.0,1.0,1.0,0.5,1.0,0.6666666666666666,1.0,1.0,1.0,1.0,1.0,1.0,1.0,1.0
nvbench2:test:545,1.0,0.3333333333333333,0.0,0.0,0.0,0.0,1.0,0.5,0.3333333333333333,0.4,1.0,1.0,0.5,0.6666666666666666,1.0,1.0,0.5,1.0,0.6666666666666666,1.0,1.0,0.6666666666666666,0.8,1.0,1.0,0.5,0.6666666666666666
nvbench2:test:546,1.0,0.5,0.0,0.0,0.0,0.0,1.0,0.6666666666666666,0.6666666666666666,0.6666666666666666,1.0,1.0,0.75,0.8571428571428571,1.0,1.0,0.3333333333333333,1.0,0.5,1.0,1.0,1.0,1.0,1.0,1.0,0.75,0.8571428571428571
nvbench2:test:547,1.0,0.3333333333333333,0.0,0.0,0.0,0.0,1.0,0.3333333333333333,0.3333333333333333,0.3333333333333333,1.0,1.0,0.6,0.7499999999999999,1.0,1.0,0.3333333333333333,1.0,0.5,1.0,1.0,1.0,1.0,1.0,1.0,0.6,0.7499999999999999
nvbench2:test:548,1.0,0.3333333333333333,0.0,0.0,0.0,0.0,1.0,0.2,0.3333333333333333,0.25,1.0,0.6,0.6,0.6,1.0,1.0,0.2,1.0,0.33333333333333337,1.0,0.6,1.0,0.7499999999999999,1.0,1.0,1.0,1.0
nvbench2:test:549,1.0,0.0,0.0,0.0,0.0,0.0,0.0,0.0,0.0,0.0,0.0,0.0,0.0,0.0,1.0,1.0,0.2,1.0,0.33333333333333337,1.0,0.6,1.0,0.7499999999999999,1.0,1.0,1.0,1.0
nvbench2:test:550,1.0,0.2,0.0,0.0,0.0,0.0,0.0,0.0,0.0,0.0,1.0,0.5,0.2,0.28571428571428575,1.0,1.0,0.5,1.0,0.6666666666666666,1.0,1.0,0.6666666666666666,0.8,1.0,1.0,0.4,0.5714285714285715
nvbench2:test:551,1.0,0.2,0.0,0.0,0.0,0.0,0.0,0.0,0.0,0.0,1.0,0.3333333333333333,0.2,0.25,1.0,1.0,0.3333333333333333,1.0,0.5,1.0,1.0,1.0,1.0,1.0,1.0,0.6,0.7499999999999999
nvbench2:test:552,1.0,0.5,0.0,0.0,0.0,0.0,1.0,1.0,0.6666666666666666,0.8,1.0,1.0,0.6666666666666666,0.8,1.0,1.0,0.5,1.0,0.6666666666666666,1.0,1.0,0.6666666666666666,0.8,1.0,1.0,0.6666666666666666,0.8
nvbench2:test:553,1.0,0.5,0.0,0.0,0.0,0.0,1.0,0.6666666666666666,0.6666666666666666,0.6666666666666666,1.0,1.0,0.75,0.8571428571428571,1.0,1.0,0.3333333333333333,1.0,0.5,1.0,1.0,1.0,1.0,1.0,1.0,0.75,0.8571428571428571
nvbench2:test:554,1.0,0.5,0.0,0.0,0.0,0.0,1.0,1.0,0.6666666666666666,0.8,1.0,1.0,0.6666666666666666,0.8,1.0,1.0,0.5,1.0,0.6666666666666666,1.0,1.0,0.6666666666666666,0.8,1.0,1.0,0.6666666666666666,0.8
nvbench2:test:555,1.0,0.3333333333333333,0.0,0.0,0.0,0.0,1.0,0.5,0.3333333333333333,0.4,1.0,1.0,0.5,0.6666666666666666,1.0,1.0,0.5,1.0,0.6666666666666666,1.0,1.0,0.6666666666666666,0.8,1.0,1.0,0.5,0.6666666666666666
nvbench2:test:556,1.0,0.5,0.0,0.0,0.0,0.0,1.0,1.0,0.5,0.6666666666666666,1.0,1.0,0.5,0.6666666666666666,1.0,1.0,1.0,1.0,1.0,1.0,1.0,0.5,0.6666666666666666,1.0,1.0,0.5,0.6666666666666666
nvbench2:test:557,1.0,0.0,0.0,0.0,0.0,0.0,0.0,0.0,0.0,0.0,0.0,0.0,0.0,0.0,1.0,1.0,0.2,1.0,0.33333333333333337,1.0,0.6,1.0,0.7499999999999999,1.0,1.0,1.0,1.0
nvbench2:test:558,1.0,0.3333333333333333,0.0,0.0,0.0,0.0,1.0,0.5,0.3333333333333333,0.4,1.0,1.0,0.5,0.6666666666666666,1.0,1.0,0.5,1.0,0.6666666666666666,1.0,1.0,0.6666666666666666,0.8,1.0,1.0,0.5,0.6666666666666666
nvbench2:test:559,1.0,0.5,0.0,0.0,0.0,0.0,1.0,1.0,0.5,0.6666666666666666,1.0,1.0,0.5,0.6666666666666666,1.0,1.0,1.0,1.0,1.0,1.0,1.0,0.5,0.6666666666666666,1.0,1.0,0.5,0.6666666666666666
nvbench2:test:560,1.0,0.5,0.0,0.0,0.0,0.0,1.0,0.6666666666666666,0.6666666666666666,0.6666666666666666,1.0,1.0,0.75,0.8571428571428571,1.0,1.0,0.3333333333333333,1.0,0.5,1.0,1.0,1.0,1.0,1.0,1.0,0.75,0.8571428571428571
nvbench2:test:561,1.0,1.0,1.0,0.2,1.0,0.33333333333333337,1.0,0.4,0.6666666666666666,0.5,1.0,0.8,0.8,0.8000000000000002,1.0,1.0,0.2,1.0,0.33333333333333337,1.0,0.6,1.0,0.7499999999999999,1.0,1.0,1.0,1.0
nvbench2:test:562,1.0,0.3333333333333333,0.0,0.0,0.0,0.0,1.0,0.3333333333333333,0.3333333333333333,0.3333333333333333,1.0,1.0,0.6,0.7499999999999999,1.0,1.0,0.3333333333333333,1.0,0.5,1.0,1.0,1.0,1.0,1.0,1.0,0.6,0.7499999999999999
nvbench2:test:563,1.0,0.5,0.0,0.0,0.0,0.0,1.0,1.0,0.6666666666666666,0.8,1.0,1.0,0.6666666666666666,0.8,1.0,1.0,0.5,1.0,0.6666666666666666,1.0,1.0,0.6666666666666666,0.8,1.0,1.0,0.6666666666666666,0.8
nvbench2:test:564,1.0,0.0,0.0,0.0,0.0,0.0,0.0,0.0,0.0,0.0,0.0,0.0,0.0,0.0,1.0,1.0,0.3333333333333333,1.0,0.5,1.0,1.0,1.0,1.0,1.0,1.0,0.6,0.7499999999999999
nvbench2:test:565,1.0,0.5,0.0,0.0,0.0,0.0,1.0,0.5,0.6666666666666666,0.5714285714285715,1.0,1.0,0.8,0.888888888888889,1.0,1.0,0.25,1.0,0.4,1.0,0.75,1.0,0.8571428571428571,1.0,1.0,0.8,0.888888888888889
nvbench2:test:566,1.0,0.5,0.0,0.0,0.0,0.0,1.0,0.5,0.6666666666666666,0.5714285714285715,1.0,1.0,0.8,0.888888888888889,1.0,1.0,0.25,1.0,0.4,1.0,0.75,1.0,0.8571428571428571,1.0,1.0,0.8,0.888888888888889
nvbench2:test:567,0.0,0.5,0.0,0.0,0.0,0.0,1.0,1.0,0.6666666666666666,0.8,1.0,1.0,0.6666666666666666,0.8,1.0,1.0,0.5,1.0,0.6666666666666666,1.0,1.0,0.6666666666666666,0.8,1.0,1.0,0.6666666666666666,0.8
nvbench2:test:568,1.0,0.25,0.0,0.0,0.0,0.0,0.0,0.0,0.0,0.0,1.0,0.6666666666666666,0.4,0.5,1.0,1.0,0.3333333333333333,1.0,0.5,1.0,0.6666666666666666,0.6666666666666666,0.6666666666666666,1.0,1.0,0.6,0.7499999999999999
nvbench2:test:569,1.0,0.2,0.0,0.0,0.0,0.0,0.0,0.0,0.0,0.0,1.0,0.25,0.2,0.22222222222222224,1.0,1.0,0.25,1.0,0.4,1.0,0.75,1.0,0.8571428571428571,1.0,1.0,0.8,0.888888888888889
nvbench2:test:570,1.0,0.25,0.0,0.0,0.0,0.0,0.0,0.0,0.0,0.0,1.0,0.25,0.2,0.22222222222222224,1.0,1.0,0.25,1.0,0.4,1.0,0.75,1.0,0.8571428571428571,1.0,1.0,0.8,0.888888888888889
nvbench2:test:571,1.0,0.2,0.0,0.0,0.0,0.0,0.0,0.0,0.0,0.0,1.0,0.3333333333333333,0.2,0.25,1.0,1.0,0.3333333333333333,1.0,0.5,1.0,1.0,1.0,1.0,1.0,1.0,0.6,0.7499999999999999
nvbench2:test:572,1.0,0.0,0.0,0.0,0.0,0.0,0.0,0.0,0.0,0.0,0.0,0.0,0.0,0.0,1.0,1.0,0.2,1.0,0.33333333333333337,1.0,0.6,1.0,0.7499999999999999,1.0,1.0,1.0,1.0
nvbench2:test:573,1.0,0.0,0.0,0.0,0.0,0.0,0.0,0.0,0.0,0.0,0.0,0.0,0.0,0.0,1.0,1.0,0.2,1.0,0.33333333333333337,1.0,0.6,1.0,0.7499999999999999,1.0,1.0,1.0,1.0
nvbench2:test:574,1.0,0.3333333333333333,0.0,0.0,0.0,0.0,1.0,0.2,0.3333333333333333,0.25,1.0,0.2,0.2,0.20000000000000004,1.0,1.0,0.2,1.0,0.33333333333333337,1.0,0.6,1.0,0.7499999999999999,1.0,1.0,1.0,1.0
nvbench2:test:575,1.0,1.0,1.0,0.5,1.0,0.6666666666666666,1.0,1.0,1.0,1.0,1.0,1.0,1.0,1.0,1.0,1.0,0.5,1.0,0.6666666666666666,1.0,1.0,1.0,1.0,1.0,1.0,1.0,1.0
nvbench2:test:576,1.0,0.5,0.0,0.0,0.0,0.0,1.0,0.6666666666666666,0.6666666666666666,0.6666666666666666,1.0,1.0,0.75,0.8571428571428571,1.0,1.0,0.3333333333333333,1.0,0.5,1.0,1.0,1.0,1.0,1.0,1.0,0.75,0.8571428571428571
nvbench2:test:577,1.0,1.0,1.0,0.2,1.0,0.33333333333333337,1.0,0.4,0.6666666666666666,0.5,1.0,0.8,0.8,0.8000000000000002,1.0,1.0,0.2,1.0,0.33333333333333337,1.0,0.6,1.0,0.7499999999999999,1.0,1.0,1.0,1.0
nvbench2:test:578,1.0,0.5,0.0,0.0,0.0,0.0,1.0,0.6666666666666666,0.6666666666666666,0.6666666666666666,1.0,1.0,0.75,0.8571428571428571,1.0,1.0,0.3333333333333333,1.0,0.5,1.0,1.0,1.0,1.0,1.0,1.0,0.75,0.8571428571428571
nvbench2:test:579,1.0,0.3333333333333333,0.0,0.0,0.0,0.0,1.0,0.2,0.3333333333333333,0.25,1.0,0.6,0.6,0.6,1.0,1.0,0.2,1.0,0.33333333333333337,1.0,0.6,1.0,0.7499999999999999,1.0,1.0,1.0,1.0
nvbench2:test:580,1.0,1.0,1.0,0.5,1.0,0.6666666666666666,1.0,1.0,1.0,1.0,1.0,1.0,1.0,1.0,1.0,1.0,0.5,1.0,0.6666666666666666,1.0,1.0,1.0,1.0,1.0,1.0,1.0,1.0
nvbench2:test:581,1.0,1.0,1.0,0.3333333333333333,1.0,0.5,1.0,1.0,1.0,1.0,1.0,1.0,0.75,0.8571428571428571,1.0,1.0,0.3333333333333333,1.0,0.5,1.0,1.0,1.0,1.0,1.0,1.0,0.75,0.8571428571428571
nvbench2:test:582,0.0,0.0,0.0,0.0,0.0,0.0,0.0,0.0,0.0,0.0,0.0,0.0,0.0,0.0,0.0,0.0,0.0,0.0,0.0,0.0,0.0,0.0,0.0,0.0,0.0,0.0,0.0
nvbench2:test:583,1.0,0.0,0.0,0.0,0.0,0.0,0.0,0.0,0.0,0.0,0.0,0.0,0.0,0.0,1.0,1.0,0.25,1.0,0.4,1.0,0.75,1.0,0.8571428571428571,1.0,1.0,0.8,0.888888888888889
nvbench2:test:584,1.0,0.5,0.0,0.0,0.0,0.0,1.0,0.6666666666666666,0.6666666666666666,0.6666666666666666,1.0,1.0,0.75,0.8571428571428571,1.0,1.0,0.3333333333333333,1.0,0.5,1.0,1.0,1.0,1.0,1.0,1.0,0.75,0.8571428571428571
nvbench2:test:585,1.0,0.5,0.0,0.0,0.0,0.0,1.0,0.6666666666666666,0.6666666666666666,0.6666666666666666,1.0,1.0,0.75,0.8571428571428571,1.0,1.0,0.3333333333333333,1.0,0.5,1.0,1.0,1.0,1.0,1.0,1.0,0.75,0.8571428571428571
nvbench2:test:586,1.0,1.0,1.0,0.5,1.0,0.6666666666666666,1.0,1.0,1.0,1.0,1.0,1.0,1.0,1.0,1.0,1.0,0.5,1.0,0.6666666666666666,1.0,1.0,1.0,1.0,1.0,1.0,1.0,1.0
nvbench2:test:587,1.0,0.0,0.0,0.0,0.0,0.0,0.0,0.0,0.0,0.0,0.0,0.0,0.0,0.0,1.0,1.0,0.25,1.0,0.4,1.0,0.75,1.0,0.8571428571428571,1.0,1.0,0.8,0.888888888888889
nvbench2:test:588,1.0,0.5,0.0,0.0,0.0,0.0,1.0,0.6666666666666666,0.6666666666666666,0.6666666666666666,1.0,1.0,0.75,0.8571428571428571,1.0,1.0,0.3333333333333333,1.0,0.5,1.0,1.0,1.0,1.0,1.0,1.0,0.75,0.8571428571428571
nvbench2:test:589,0.0,0.25,0.0,0.0,0.0,0.0,0.0,0.0,0.0,0.0,1.0,0.5,0.25,0.3333333333333333,0.3333333333333333,0.0,0.0,0.0,0.0,1.0,0.5,0.3333333333333333,0.4,1.0,0.5,0.25,0.3333333333333333
nvbench2:test:590,1.0,1.0,1.0,0.25,1.0,0.4,1.0,0.75,1.0,0.8571428571428571,1.0,1.0,1.0,1.0,1.0,1.0,0.25,1.0,0.4,1.0,0.75,1.0,0.8571428571428571,1.0,1.0,1.0,1.0
nvbench2:test:591,1.0,0.3333333333333333,0.0,0.0,0.0,0.0,1.0,0.5,0.3333333333333333,0.4,1.0,1.0,0.5,0.6666666666666666,1.0,1.0,0.5,1.0,0.6666666666666666,1.0,1.0,0.6666666666666666,0.8,1.0,1.0,0.5,0.6666666666666666
nvbench2:test:592,1.0,0.5,0.0,0.0,0.0,0.0,1.0,1.0,0.6666666666666666,0.8,1.0,1.0,0.6666666666666666,0.8,1.0,1.0,0.5,1.0,0.6666666666666666,1.0,1.0,0.6666666666666666,0.8,1.0,1.0,0.6666666666666666,0.8
nvbench2:test:593,1.0,1.0,1.0,0.5,1.0,0.6666666666666666,1.0,1.0,0.6666666666666666,0.8,1.0,1.0,0.5,0.6666666666666666,1.0,1.0,0.5,1.0,0.6666666666666666,1.0,1.0,0.6666666666666666,0.8,1.0,1.0,0.5,0.6666666666666666
nvbench2:test:594,1.0,1.0,1.0,0.25,1.0,0.4,1.0,0.5,0.6666666666666666,0.5714285714285715,1.0,0.5,0.4,0.4444444444444445,1.0,1.0,0.25,1.0,0.4,1.0,0.75,1.0,0.8571428571428571,1.0,1.0,0.8,0.888888888888889
nvbench2:test:595,1.0,0.5,0.0,0.0,0.0,0.0,1.0,0.2,0.3333333333333333,0.25,1.0,0.4,0.4,0.4000000000000001,1.0,1.0,0.2,1.0,0.33333333333333337,1.0,0.6,1.0,0.7499999999999999,1.0,1.0,1.0,1.0
nvbench2:test:596,0.0,1.0,1.0,0.5,1.0,0.6666666666666666,1.0,0.5,1.0,0.6666666666666666,1.0,0.5,1.0,0.6666666666666666,1.0,1.0,0.5,1.0,0.6666666666666666,1.0,0.5,1.0,0.6666666666666666,1.0,0.5,1.0,0.6666666666666666
nvbench2:test:597,1.0,0.3333333333333333,0.0,0.0,0.0,0.0,1.0,0.5,0.3333333333333333,0.4,1.0,1.0,0.5,0.6666666666666666,1.0,1.0,0.5,1.0,0.6666666666666666,1.0,1.0,0.6666666666666666,0.8,1.0,1.0,0.5,0.6666666666666666
nvbench2:test:598,1.0,0.5,0.0,0.0,0.0,0.0,1.0,0.6666666666666666,0.6666666666666666,0.6666666666666666,1.0,1.0,0.75,0.8571428571428571,1.0,1.0,0.3333333333333333,1.0,0.5,1.0,1.0,1.0,1.0,1.0,1.0,0.75,0.8571428571428571
nvbench2:test:599,0.0,0.5,0.0,0.0,0.0,0.0,1.0,0.5,0.5,0.5,1.0,0.5,0.5,0.5,1.0,1.0,0.5,1.0,0.6666666666666666,1.0,0.5,0.5,0.5,1.0,0.5,0.5,0.5
nvbench2:test:600,1.0,0.5,0.0,0.0,0.0,0.0,1.0,0.5,0.6666666666666666,0.5714285714285715,1.0,1.0,0.8,0.888888888888889,1.0,1.0,0.25,1.0,0.4,1.0,0.75,1.0,0.8571428571428571,1.0,1.0,0.8,0.888888888888889
nvbench2:test:601,1.0,0.5,0.0,0.0,0.0,0.0,1.0,0.6666666666666666,0.6666666666666666,0.6666666666666666,1.0,1.0,0.75,0.8571428571428571,1.0,1.0,0.3333333333333333,1.0,0.5,1.0,1.0,1.0,1.0,1.0,1.0,0.75,0.8571428571428571
nvbench2:test:602,1.0,0.3333333333333333,0.0,0.0,0.0,0.0,1.0,0.25,0.3333333333333333,0.28571428571428575,1.0,0.75,0.6,0.6666666666666665,1.0,1.0,0.25,1.0,0.4,1.0,0.75,1.0,0.8571428571428571,1.0,1.0,0.8,0.888888888888889
nvbench2:test:603,1.0,0.5,0.0,0.0,0.0,0.0,1.0,1.0,0.6666666666666666,0.8,1.0,1.0,0.6666666666666666,0.8,1.0,1.0,0.5,1.0,0.6666666666666666,1.0,1.0,0.6666666666666666,0.8,1.0,1.0,0.6666666666666666,0.8
nvbench2:test:604,1.0,1.0,1.0,0.3333333333333333,1.0,0.5,1.0,1.0,1.0,1.0,1.0,1.0,1.0,1.0,1.0,1.0,0.3333333333333333,1.0,0.5,1.0,1.0,1.0,1.0,1.0,1.0,1.0,1.0
nvbench2:test:605,1.0,0.5,0.0,0.0,0.0,0.0,1.0,1.0,0.6666666666666666,0.8,1.0,1.0,0.6666666666666666,0.8,1.0,1.0,0.5,1.0,0.6666666666666666,1.0,1.0,0.6666666666666666,0.8,1.0,1.0,0.6666666666666666,0.8
nvbench2:test:606,1.0,0.5,0.0,0.0,0.0,0.0,1.0,1.0,0.6666666666666666,0.8,1.0,1.0,0.6666666666666666,0.8,1.0,1.0,0.5,1.0,0.6666666666666666,1.0,1.0,0.6666666666666666,0.8,1.0,1.0,0.6666666666666666,0.8
nvbench2:test:607,1.0,0.25,0.0,0.0,0.0,0.0,0.0,0.0,0.0,0.0,1.0,1.0,0.4,0.5714285714285715,1.0,1.0,0.5,1.0,0.6666666666666666,1.0,1.0,0.6666666666666666,0.8,1.0,1.0,0.4,0.5714285714285715
nvbench2:test:608,1.0,0.25,0.0,0.0,0.0,0.0,0.0,0.0,0.0,0.0,1.0,0.4,0.4,0.4000000000000001,1.0,1.0,0.2,1.0,0.33333333333333337,1.0,0.6,1.0,0.7499999999999999,1.0,1.0,1.0,1.0
nvbench2:test:609,1.0,1.0,1.0,0.5,1.0,0.6666666666666666,1.0,1.0,1.0,1.0,1.0,1.0,1.0,1.0,1.0,1.0,0.5,1.0,0.6666666666666666,1.0,1.0,1.0,1.0,1.0,1.0,1.0,1.0
nvbench2:test:610,0.0,0.0,0.0,0.0,0.0,0.0,0.0,0.0,0.0,0.0,0.0,0.0,0.0,0.0,0.0,0.0,0.0,0.0,0.0,0.0,0.0,0.0,0.0,0.0,0.0,0.0,0.0
nvbench2:test:611,1.0,0.3333333333333333,0.0,0.0,0.0,0.0,1.0,0.5,0.3333333333333333,0.4,1.0,1.0,0.5,0.6666666666666666,0.5,0.0,0.0,0.0,0.0,1.0,0.5,0.3333333333333333,0.4,1.0,1.0,0.5,0.6666666666666666
nvbench2:test:612,1.0,0.0,0.0,0.0,0.0,0.0,0.0,0.0,0.0,0.0,0.0,0.0,0.0,0.0,1.0,1.0,0.25,1.0,0.4,1.0,0.75,1.0,0.8571428571428571,1.0,1.0,0.8,0.888888888888889
nvbench2:test:613,1.0,0.3333333333333333,0.0,0.0,0.0,0.0,1.0,0.5,0.3333333333333333,0.4,1.0,0.5,0.2,0.28571428571428575,1.0,1.0,0.5,1.0,0.6666666666666666,1.0,1.0,0.6666666666666666,0.8,1.0,1.0,0.4,0.5714285714285715
nvbench2:test:614,1.0,0.25,0.0,0.0,0.0,0.0,0.0,0.0,0.0,0.0,1.0,0.5,0.4,0.4444444444444445,1.0,1.0,0.25,1.0,0.4,1.0,0.75,1.0,0.8571428571428571,1.0,1.0,0.8,0.888888888888889
nvbench2:test:615,1.0,0.25,0.0,0.0,0.0,0.0,0.0,0.0,0.0,0.0,1.0,1.0,0.4,0.5714285714285715,1.0,1.0,0.5,1.0,0.6666666666666666,1.0,1.0,0.6666666666666666,0.8,1.0,1.0,0.4,0.5714285714285715
nvbench2:test:616,1.0,0.0,0.0,0.0,0.0,0.0,0.0,0.0,0.0,0.0,0.0,0.0,0.0,0.0,1.0,1.0,0.25,1.0,0.4,1.0,0.75,1.0,0.8571428571428571,1.0,1.0,0.8,0.888888888888889
nvbench2:test:617,1.0,0.0,0.0,0.0,0.0,0.0,0.0,0.0,0.0,0.0,0.0,0.0,0.0,0.0,1.0,1.0,0.3333333333333333,1.0,0.5,1.0,1.0,1.0,1.0,1.0,1.0,0.6,0.7499999999999999
nvbench2:test:618,1.0,0.3333333333333333,0.0,0.0,0.0,0.0,1.0,0.5,0.3333333333333333,0.4,1.0,1.0,0.5,0.6666666666666666,1.0,1.0,0.5,1.0,0.6666666666666666,1.0,1.0,0.6666666666666666,0.8,1.0,1.0,0.5,0.6666666666666666
nvbench2:test:619,1.0,0.25,0.0,0.0,0.0,0.0,0.0,0.0,0.0,0.0,1.0,1.0,0.4,0.5714285714285715,1.0,1.0,0.5,1.0,0.6666666666666666,1.0,1.0,0.6666666666666666,0.8,1.0,1.0,0.4,0.5714285714285715
nvbench2:test:620,1.0,0.3333333333333333,0.0,0.0,0.0,0.0,1.0,0.5,0.3333333333333333,0.4,1.0,1.0,0.5,0.6666666666666666,1.0,1.0,0.5,1.0,0.6666666666666666,1.0,1.0,0.6666666666666666,0.8,1.0,1.0,0.5,0.6666666666666666
nvbench2:test:621,1.0,0.3333333333333333,0.0,0.0,0.0,0.0,1.0,0.5,0.3333333333333333,0.4,1.0,1.0,0.5,0.6666666666666666,1.0,1.0,0.5,1.0,0.6666666666666666,1.0,1.0,0.6666666666666666,0.8,1.0,1.0,0.5,0.6666666666666666
nvbench2:test:622,1.0,0.3333333333333333,0.0,0.0,0.0,0.0,1.0,0.25,0.3333333333333333,0.28571428571428575,1.0,0.75,0.6,0.6666666666666665,1.0,1.0,0.25,1.0,0.4,1.0,0.75,1.0,0.8571428571428571,1.0,1.0,0.8,0.888888888888889
nvbench2:test:623,1.0,0.5,0.0,0.0,0.0,0.0,1.0,1.0,0.6666666666666666,0.8,1.0,1.0,0.6666666666666666,0.8,1.0,1.0,0.5,1.0,0.6666666666666666,1.0,1.0,0.6666666666666666,0.8,1.0,1.0,0.6666666666666666,0.8
nvbench2:test:624,1.0,0.3333333333333333,0.0,0.0,0.0,0.0,1.0,0.3333333333333333,0.3333333333333333,0.3333333333333333,1.0,1.0,0.6,0.7499999999999999,1.0,1.0,0.3333333333333333,1.0,0.5,1.0,1.0,1.0,1.0,1.0,1.0,0.6,0.7499999999999999
nvbench2:test:625,1.0,0.5,0.0,0.0,0.0,0.0,1.0,1.0,0.6666666666666666,0.8,1.0,1.0,0.4,0.5714285714285715,1.0,1.0,0.5,1.0,0.6666666666666666,1.0,1.0,0.6666666666666666,0.8,1.0,1.0,0.4,0.5714285714285715
nvbench2:test:626,1.0,0.3333333333333333,0.0,0.0,0.0,0.0,1.0,0.5,0.3333333333333333,0.4,1.0,1.0,0.5,0.6666666666666666,1.0,1.0,0.5,1.0,0.6666666666666666,1.0,1.0,0.6666666666666666,0.8,1.0,1.0,0.5,0.6666666666666666
nvbench2:test:627,1.0,0.25,0.0,0.0,0.0,0.0,0.0,0.0,0.0,0.0,1.0,0.5,0.4,0.4444444444444445,1.0,1.0,0.25,1.0,0.4,1.0,0.75,1.0,0.8571428571428571,1.0,1.0,0.8,0.888888888888889
nvbench2:test:628,1.0,0.3333333333333333,0.0,0.0,0.0,0.0,1.0,0.5,0.3333333333333333,0.4,1.0,1.0,0.5,0.6666666666666666,1.0,1.0,0.5,1.0,0.6666666666666666,1.0,1.0,0.6666666666666666,0.8,1.0,1.0,0.5,0.6666666666666666
nvbench2:test:629,1.0,0.3333333333333333,0.0,0.0,0.0,0.0,1.0,0.5,0.3333333333333333,0.4,1.0,1.0,0.5,0.6666666666666666,1.0,1.0,0.5,1.0,0.6666666666666666,1.0,1.0,0.6666666666666666,0.8,1.0,1.0,0.5,0.6666666666666666
nvbench2:test:630,1.0,0.3333333333333333,0.0,0.0,0.0,0.0,1.0,0.5,0.3333333333333333,0.4,1.0,1.0,0.5,0.6666666666666666,1.0,1.0,0.5,1.0,0.6666666666666666,1.0,1.0,0.6666666666666666,0.8,1.0,1.0,0.5,0.6666666666666666
nvbench2:test:631,1.0,0.5,0.0,0.0,0.0,0.0,1.0,1.0,0.6666666666666666,0.8,1.0,1.0,0.4,0.5714285714285715,1.0,1.0,0.5,1.0,0.6666666666666666,1.0,1.0,0.6666666666666666,0.8,1.0,1.0,0.4,0.5714285714285715
nvbench2:test:632,1.0,0.5,0.0,0.0,0.0,0.0,1.0,1.0,0.6666666666666666,0.8,1.0,1.0,0.6666666666666666,0.8,1.0,1.0,0.5,1.0,0.6666666666666666,1.0,1.0,0.6666666666666666,0.8,1.0,1.0,0.6666666666666666,0.8
nvbench2:test:633,1.0,0.5,0.0,0.0,0.0,0.0,1.0,1.0,0.6666666666666666,0.8,1.0,1.0,0.6666666666666666,0.8,1.0,1.0,0.5,1.0,0.6666666666666666,1.0,1.0,0.6666666666666666,0.8,1.0,1.0,0.6666666666666666,0.8
nvbench2:test:634,1.0,0.3333333333333333,0.0,0.0,0.0,0.0,1.0,0.5,0.3333333333333333,0.4,1.0,1.0,0.5,0.6666666666666666,1.0,1.0,0.5,1.0,0.6666666666666666,1.0,1.0,0.6666666666666666,0.8,1.0,1.0,0.5,0.6666666666666666
nvbench2:test:635,0.0,0.5,0.0,0.0,0.0,0.0,1.0,1.0,0.6666666666666666,0.8,1.0,1.0,0.6666666666666666,0.8,1.0,1.0,0.5,1.0,0.6666666666666666,1.0,1.0,0.6666666666666666,0.8,1.0,1.0,0.6666666666666666,0.8
nvbench2:test:636,1.0,0.5,0.0,0.0,0.0,0.0,1.0,1.0,0.6666666666666666,0.8,1.0,1.0,0.4,0.5714285714285715,1.0,1.0,0.5,1.0,0.6666666666666666,1.0,1.0,0.6666666666666666,0.8,1.0,1.0,0.4,0.5714285714285715
nvbench2:test:637,1.0,0.3333333333333333,0.0,0.0,0.0,0.0,1.0,0.5,0.3333333333333333,0.4,1.0,1.0,0.5,0.6666666666666666,1.0,1.0,0.5,1.0,0.6666666666666666,1.0,1.0,0.6666666666666666,0.8,1.0,1.0,0.5,0.6666666666666666
nvbench2:test:638,1.0,0.5,0.0,0.0,0.0,0.0,1.0,1.0,0.6666666666666666,0.8,1.0,1.0,0.6666666666666666,0.8,1.0,1.0,0.5,1.0,0.6666666666666666,1.0,1.0,0.6666666666666666,0.8,1.0,1.0,0.6666666666666666,0.8
nvbench2:test:639,1.0,0.25,0.0,0.0,0.0,0.0,0.0,0.0,0.0,0.0,1.0,0.6666666666666666,0.4,0.5,1.0,1.0,0.3333333333333333,1.0,0.5,1.0,1.0,1.0,1.0,1.0,1.0,0.6,0.7499999999999999
nvbench2:test:640,1.0,0.5,0.0,0.0,0.0,0.0,1.0,1.0,0.6666666666666666,0.8,1.0,1.0,0.6666666666666666,0.8,1.0,1.0,0.5,1.0,0.6666666666666666,1.0,1.0,0.6666666666666666,0.8,1.0,1.0,0.6666666666666666,0.8
nvbench2:test:641,1.0,0.3333333333333333,0.0,0.0,0.0,0.0,1.0,0.25,0.3333333333333333,0.28571428571428575,1.0,0.75,0.6,0.6666666666666665,1.0,1.0,0.25,1.0,0.4,1.0,0.75,1.0,0.8571428571428571,1.0,1.0,0.8,0.888888888888889
nvbench2:test:642,1.0,0.25,0.0,0.0,0.0,0.0,0.0,0.0,0.0,0.0,1.0,1.0,0.4,0.5714285714285715,1.0,1.0,0.5,1.0,0.6666666666666666,1.0,1.0,0.6666666666666666,0.8,1.0,1.0,0.4,0.5714285714285715
nvbench2:test:643,1.0,0.0,0.0,0.0,0.0,0.0,0.0,0.0,0.0,0.0,0.0,0.0,0.0,0.0,1.0,1.0,0.25,1.0,0.4,1.0,0.75,1.0,0.8571428571428571,1.0,1.0,0.8,0.888888888888889
nvbench2:test:644,1.0,0.3333333333333333,0.0,0.0,0.0,0.0,1.0,0.5,0.3333333333333333,0.4,1.0,1.0,0.4,0.5714285714285715,1.0,1.0,0.5,1.0,0.6666666666666666,1.0,1.0,0.6666666666666666,0.8,1.0,1.0,0.4,0.5714285714285715
nvbench2:test:645,1.0,0.3333333333333333,0.0,0.0,0.0,0.0,1.0,0.5,0.3333333333333333,0.4,1.0,1.0,0.5,0.6666666666666666,1.0,1.0,0.5,1.0,0.6666666666666666,1.0,1.0,0.6666666666666666,0.8,1.0,1.0,0.5,0.6666666666666666
nvbench2:test:646,1.0,1.0,1.0,0.5,1.0,0.6666666666666666,1.0,1.0,1.0,1.0,1.0,1.0,1.0,1.0,1.0,1.0,0.5,1.0,0.6666666666666666,1.0,1.0,1.0,1.0,1.0,1.0,1.0,1.0
nvbench2:test:647,1.0,0.0,0.0,0.0,0.0,0.0,0.0,0.0,0.0,0.0,0.0,0.0,0.0,0.0,1.0,1.0,0.25,1.0,0.4,1.0,0.75,1.0,0.8571428571428571,1.0,1.0,0.8,0.888888888888889
nvbench2:test:648,1.0,0.3333333333333333,0.0,0.0,0.0,0.0,1.0,0.25,0.3333333333333333,0.28571428571428575,1.0,0.75,0.6,0.6666666666666665,1.0,1.0,0.25,1.0,0.4,1.0,0.75,1.0,0.8571428571428571,1.0,1.0,0.8,0.888888888888889
nvbench2:test:649,1.0,0.0,0.0,0.0,0.0,0.0,0.0,0.0,0.0,0.0,0.0,0.0,0.0,0.0,1.0,1.0,0.25,1.0,0.4,1.0,0.75,1.0,0.8571428571428571,1.0,1.0,0.8,0.888888888888889
nvbench2:test:650,1.0,0.5,0.0,0.0,0.0,0.0,1.0,1.0,0.6666666666666666,0.8,1.0,1.0,0.6666666666666666,0.8,1.0,1.0,0.5,1.0,0.6666666666666666,1.0,1.0,0.6666666666666666,0.8,1.0,1.0,0.6666666666666666,0.8
nvbench2:test:651,1.0,0.2,0.0,0.0,0.0,0.0,0.0,0.0,0.0,0.0,1.0,0.3333333333333333,0.2,0.25,1.0,1.0,0.3333333333333333,1.0,0.5,1.0,1.0,1.0,1.0,1.0,1.0,0.6,0.7499999999999999
nvbench2:test:652,1.0,0.3333333333333333,0.0,0.0,0.0,0.0,1.0,0.5,0.3333333333333333,0.4,1.0,1.0,0.5,0.6666666666666666,1.0,1.0,0.5,1.0,0.6666666666666666,1.0,1.0,0.6666666666666666,0.8,1.0,1.0,0.5,0.6666666666666666
nvbench2:test:653,1.0,0.5,0.0,0.0,0.0,0.0,1.0,1.0,0.6666666666666666,0.8,1.0,1.0,0.6666666666666666,0.8,1.0,1.0,0.5,1.0,0.6666666666666666,1.0,1.0,0.6666666666666666,0.8,1.0,1.0,0.6666666666666666,0.8
nvbench2:test:654,1.0,0.3333333333333333,0.0,0.0,0.0,0.0,1.0,0.5,0.3333333333333333,0.4,1.0,1.0,0.5,0.6666666666666666,1.0,1.0,0.5,1.0,0.6666666666666666,1.0,1.0,0.6666666666666666,0.8,1.0,1.0,0.5,0.6666666666666666
nvbench2:test:655,1.0,0.5,0.0,0.0,0.0,0.0,1.0,1.0,0.6666666666666666,0.8,1.0,1.0,0.6666666666666666,0.8,1.0,1.0,0.5,1.0,0.6666666666666666,1.0,1.0,0.6666666666666666,0.8,1.0,1.0,0.6666666666666666,0.8
nvbench2:test:656,1.0,0.3333333333333333,0.0,0.0,0.0,0.0,1.0,0.5,0.3333333333333333,0.4,1.0,1.0,0.5,0.6666666666666666,1.0,1.0,0.5,1.0,0.6666666666666666,1.0,1.0,0.6666666666666666,0.8,1.0,1.0,0.5,0.6666666666666666
nvbench2:test:657,1.0,0.5,0.0,0.0,0.0,0.0,1.0,1.0,0.6666666666666666,0.8,1.0,1.0,0.6666666666666666,0.8,1.0,1.0,0.5,1.0,0.6666666666666666,1.0,1.0,0.6666666666666666,0.8,1.0,1.0,0.6666666666666666,0.8
nvbench2:test:658,1.0,0.25,0.0,0.0,0.0,0.0,0.0,0.0,0.0,0.0,1.0,0.6666666666666666,0.4,0.5,1.0,1.0,0.3333333333333333,1.0,0.5,1.0,1.0,1.0,1.0,1.0,1.0,0.6,0.7499999999999999
nvbench2:test:659,1.0,0.5,0.0,0.0,0.0,0.0,1.0,1.0,0.6666666666666666,0.8,1.0,1.0,0.4,0.5714285714285715,1.0,1.0,0.5,1.0,0.6666666666666666,1.0,1.0,0.6666666666666666,0.8,1.0,1.0,0.4,0.5714285714285715
nvbench2:test:660,1.0,0.2,0.0,0.0,0.0,0.0,0.0,0.0,0.0,0.0,1.0,0.3333333333333333,0.2,0.25,1.0,1.0,0.3333333333333333,1.0,0.5,1.0,1.0,1.0,1.0,1.0,1.0,0.6,0.7499999999999999
nvbench2:test:661,1.0,0.5,0.0,0.0,0.0,0.0,1.0,1.0,0.6666666666666666,0.8,1.0,1.0,0.6666666666666666,0.8,1.0,1.0,0.5,1.0,0.6666666666666666,1.0,1.0,0.6666666666666666,0.8,1.0,1.0,0.6666666666666666,0.8
nvbench2:test:662,0.0,0.0,0.0,0.0,0.0,0.0,0.0,0.0,0.0,0.0,0.0,0.0,0.0,0.0,0.0,0.0,0.0,0.0,0.0,0.0,0.0,0.0,0.0,0.0,0.0,0.0,0.0
nvbench2:test:663,1.0,1.0,1.0,0.5,1.0,0.6666666666666666,1.0,1.0,1.0,1.0,1.0,1.0,1.0,1.0,1.0,1.0,0.5,1.0,0.6666666666666666,1.0,1.0,1.0,1.0,1.0,1.0,1.0,1.0
nvbench2:test:664,1.0,0.3333333333333333,0.0,0.0,0.0,0.0,1.0,0.5,0.3333333333333333,0.4,1.0,1.0,0.5,0.6666666666666666,1.0,1.0,0.5,1.0,0.6666666666666666,1.0,1.0,0.6666666666666666,0.8,1.0,1.0,0.5,0.6666666666666666
nvbench2:test:665,1.0,0.5,0.0,0.0,0.0,0.0,1.0,0.4,0.6666666666666666,0.5,1.0,0.8,0.8,0.8000000000000002,1.0,1.0,0.2,1.0,0.33333333333333337,1.0,0.6,1.0,0.7499999999999999,1.0,1.0,1.0,1.0
nvbench2:test:666,1.0,0.3333333333333333,0.0,0.0,0.0,0.0,1.0,0.5,0.3333333333333333,0.4,1.0,1.0,0.5,0.6666666666666666,1.0,1.0,0.5,1.0,0.6666666666666666,1.0,1.0,0.6666666666666666,0.8,1.0,1.0,0.5,0.6666666666666666
nvbench2:test:667,1.0,1.0,1.0,0.5,1.0,0.6666666666666666,1.0,1.0,1.0,1.0,1.0,1.0,1.0,1.0,1.0,1.0,0.5,1.0,0.6666666666666666,1.0,1.0,1.0,1.0,1.0,1.0,1.0,1.0
nvbench2:test:668,1.0,0.3333333333333333,0.0,0.0,0.0,0.0,1.0,0.5,0.3333333333333333,0.4,1.0,1.0,0.5,0.6666666666666666,1.0,1.0,0.5,1.0,0.6666666666666666,1.0,1.0,0.6666666666666666,0.8,1.0,1.0,0.5,0.6666666666666666
nvbench2:test:669,1.0,1.0,1.0,0.5,1.0,0.6666666666666666,1.0,1.0,1.0,1.0,1.0,1.0,1.0,1.0,1.0,1.0,0.5,1.0,0.6666666666666666,1.0,1.0,1.0,1.0,1.0,1.0,1.0,1.0
nvbench2:test:670,1.0,1.0,1.0,0.5,1.0,0.6666666666666666,1.0,1.0,1.0,1.0,1.0,1.0,1.0,1.0,1.0,1.0,0.5,1.0,0.6666666666666666,1.0,1.0,1.0,1.0,1.0,1.0,1.0,1.0
nvbench2:test:671,1.0,0.3333333333333333,0.0,0.0,0.0,0.0,1.0,0.5,0.3333333333333333,0.4,1.0,1.0,0.5,0.6666666666666666,1.0,1.0,0.5,1.0,0.6666666666666666,1.0,1.0,0.6666666666666666,0.8,1.0,1.0,0.5,0.6666666666666666
nvbench2:test:672,1.0,1.0,1.0,0.5,1.0,0.6666666666666666,1.0,1.0,1.0,1.0,1.0,1.0,1.0,1.0,1.0,1.0,0.5,1.0,0.6666666666666666,1.0,1.0,1.0,1.0,1.0,1.0,1.0,1.0
nvbench2:test:673,1.0,0.3333333333333333,0.0,0.0,0.0,0.0,1.0,0.5,0.3333333333333333,0.4,1.0,1.0,0.5,0.6666666666666666,1.0,1.0,0.5,1.0,0.6666666666666666,1.0,1.0,0.6666666666666666,0.8,1.0,1.0,0.5,0.6666666666666666
nvbench2:test:674,0.0,0.0,0.0,0.0,0.0,0.0,0.0,0.0,0.0,0.0,0.0,0.0,0.0,0.0,0.0,0.0,0.0,0.0,0.0,0.0,0.0,0.0,0.0,0.0,0.0,0.0,0.0
nvbench2:test:675,1.0,1.0,1.0,0.5,1.0,0.6666666666666666,1.0,1.0,1.0,1.0,1.0,1.0,1.0,1.0,1.0,1.0,0.5,1.0,0.6666666666666666,1.0,1.0,1.0,1.0,1.0,1.0,1.0,1.0
nvbench2:test:676,0.0,0.0,0.0,0.0,0.0,0.0,0.0,0.0,0.0,0.0,0.0,0.0,0.0,0.0,0.0,0.0,0.0,0.0,0.0,0.0,0.0,0.0,0.0,0.0,0.0,0.0,0.0
nvbench2:test:677,1.0,0.3333333333333333,0.0,0.0,0.0,0.0,1.0,0.5,0.3333333333333333,0.4,1.0,1.0,0.5,0.6666666666666666,1.0,1.0,0.5,1.0,0.6666666666666666,1.0,1.0,0.6666666666666666,0.8,1.0,1.0,0.5,0.6666666666666666
nvbench2:test:678,1.0,0.3333333333333333,0.0,0.0,0.0,0.0,1.0,0.5,0.3333333333333333,0.4,1.0,1.0,0.5,0.6666666666666666,1.0,1.0,0.5,1.0,0.6666666666666666,1.0,1.0,0.6666666666666666,0.8,1.0,1.0,0.5,0.6666666666666666
nvbench2:test:679,0.0,0.3333333333333333,0.0,0.0,0.0,0.0,1.0,0.5,0.3333333333333333,0.4,1.0,1.0,0.5,0.6666666666666666,1.0,1.0,0.5,1.0,0.6666666666666666,1.0,1.0,0.6666666666666666,0.8,1.0,1.0,0.5,0.6666666666666666
nvbench2:test:680,1.0,0.0,0.0,0.0,0.0,0.0,0.0,0.0,0.0,0.0,0.0,0.0,0.0,0.0,1.0,1.0,0.25,1.0,0.4,1.0,0.75,1.0,0.8571428571428571,1.0,1.0,0.8,0.888888888888889
nvbench2:test:681,1.0,0.0,0.0,0.0,0.0,0.0,0.0,0.0,0.0,0.0,0.0,0.0,0.0,0.0,1.0,1.0,0.2,1.0,0.33333333333333337,1.0,0.6,1.0,0.7499999999999999,1.0,1.0,1.0,1.0
nvbench2:test:682,1.0,0.5,0.0,0.0,0.0,0.0,1.0,0.5,0.6666666666666666,0.5714285714285715,1.0,1.0,0.8,0.888888888888889,1.0,1.0,0.25,1.0,0.4,1.0,0.75,1.0,0.8571428571428571,1.0,1.0,0.8,0.888888888888889
nvbench2:test:683,1.0,0.2,0.0,0.0,0.0,0.0,0.0,0.0,0.0,0.0,1.0,0.5,0.2,0.28571428571428575,0.3333333333333333,0.0,0.0,0.0,0.0,1.0,0.5,0.3333333333333333,0.4,1.0,1.0,0.4,0.5714285714285715
nvbench2:test:684,1.0,0.5,0.0,0.0,0.0,0.0,1.0,1.0,0.6666666666666666,0.8,1.0,1.0,0.4,0.5714285714285715,1.0,1.0,0.5,1.0,0.6666666666666666,1.0,1.0,0.6666666666666666,0.8,1.0,1.0,0.4,0.5714285714285715
nvbench2:test:685,0.0,0.0,0.0,0.0,0.0,0.0,0.0,0.0,0.0,0.0,0.0,0.0,0.0,0.0,0.0,0.0,0.0,0.0,0.0,0.0,0.0,0.0,0.0,0.0,0.0,0.0,0.0
nvbench2:test:686,1.0,0.5,0.0,0.0,0.0,0.0,1.0,0.5,0.6666666666666666,0.5714285714285715,1.0,1.0,0.8,0.888888888888889,1.0,1.0,0.25,1.0,0.4,1.0,0.75,1.0,0.8571428571428571,1.0,1.0,0.8,0.888888888888889
nvbench2:test:687,1.0,0.5,0.0,0.0,0.0,0.0,1.0,1.0,0.6666666666666666,0.8,1.0,1.0,0.6666666666666666,0.8,1.0,1.0,0.5,1.0,0.6666666666666666,1.0,1.0,0.6666666666666666,0.8,1.0,1.0,0.6666666666666666,0.8
nvbench2:test:688,1.0,0.5,0.0,0.0,0.0,0.0,1.0,1.0,0.6666666666666666,0.8,1.0,1.0,0.6666666666666666,0.8,1.0,1.0,0.5,1.0,0.6666666666666666,1.0,1.0,0.6666666666666666,0.8,1.0,1.0,0.6666666666666666,0.8
nvbench2:test:689,1.0,0.25,0.0,0.0,0.0,0.0,0.0,0.0,0.0,0.0,1.0,1.0,0.4,0.5714285714285715,1.0,1.0,0.5,1.0,0.6666666666666666,1.0,1.0,0.6666666666666666,0.8,1.0,1.0,0.4,0.5714285714285715
nvbench2:test:690,0.0,0.0,0.0,0.0,0.0,0.0,0.0,0.0,0.0,0.0,0.0,0.0,0.0,0.0,0.0,0.0,0.0,0.0,0.0,0.0,0.0,0.0,0.0,0.0,0.0,0.0,0.0
nvbench2:test:691,0.0,0.0,0.0,0.0,0.0,0.0,0.0,0.0,0.0,0.0,0.0,0.0,0.0,0.0,0.0,0.0,0.0,0.0,0.0,0.0,0.0,0.0,0.0,0.0,0.0,0.0,0.0
nvbench2:test:692,1.0,0.5,0.0,0.0,0.0,0.0,1.0,1.0,0.6666666666666666,0.8,1.0,1.0,0.6666666666666666,0.8,1.0,1.0,0.5,1.0,0.6666666666666666,1.0,1.0,0.6666666666666666,0.8,1.0,1.0,0.6666666666666666,0.8
nvbench2:test:693,1.0,0.0,0.0,0.0,0.0,0.0,0.0,0.0,0.0,0.0,0.0,0.0,0.0,0.0,1.0,1.0,0.25,1.0,0.4,1.0,0.75,1.0,0.8571428571428571,1.0,1.0,0.8,0.888888888888889
nvbench2:test:694,1.0,0.25,0.0,0.0,0.0,0.0,0.0,0.0,0.0,0.0,1.0,1.0,0.4,0.5714285714285715,1.0,1.0,0.5,1.0,0.6666666666666666,1.0,1.0,0.6666666666666666,0.8,1.0,1.0,0.4,0.5714285714285715
nvbench2:test:695,1.0,0.25,0.0,0.0,0.0,0.0,0.0,0.0,0.0,0.0,1.0,1.0,0.4,0.5714285714285715,1.0,1.0,0.5,1.0,0.6666666666666666,1.0,1.0,0.6666666666666666,0.8,1.0,1.0,0.4,0.5714285714285715
nvbench2:test:696,1.0,1.0,1.0,0.5,1.0,0.6666666666666666,1.0,1.0,1.0,1.0,1.0,1.0,1.0,1.0,1.0,1.0,0.5,1.0,0.6666666666666666,1.0,1.0,1.0,1.0,1.0,1.0,1.0,1.0
nvbench2:test:697,1.0,0.2,0.0,0.0,0.0,0.0,0.0,0.0,0.0,0.0,1.0,0.25,0.2,0.22222222222222224,1.0,1.0,0.25,1.0,0.4,1.0,0.75,1.0,0.8571428571428571,1.0,1.0,0.8,0.888888888888889
nvbench2:test:698,1.0,0.5,0.0,0.0,0.0,0.0,1.0,1.0,0.6666666666666666,0.8,1.0,1.0,0.6666666666666666,0.8,1.0,1.0,0.5,1.0,0.6666666666666666,1.0,1.0,0.6666666666666666,0.8,1.0,1.0,0.6666666666666666,0.8
nvbench2:test:699,1.0,0.5,0.0,0.0,0.0,0.0,1.0,0.5,0.6666666666666666,0.5714285714285715,1.0,1.0,0.8,0.888888888888889,1.0,1.0,0.25,1.0,0.4,1.0,0.75,1.0,0.8571428571428571,1.0,1.0,0.8,0.888888888888889
nvbench2:test:700,1.0,0.5,0.0,0.0,0.0,0.0,1.0,1.0,0.6666666666666666,0.8,1.0,1.0,0.6666666666666666,0.8,1.0,1.0,0.5,1.0,0.6666666666666666,1.0,1.0,0.6666666666666666,0.8,1.0,1.0,0.6666666666666666,0.8
nvbench2:test:701,1.0,0.5,0.0,0.0,0.0,0.0,1.0,1.0,0.6666666666666666,0.8,1.0,1.0,0.4,0.5714285714285715,1.0,1.0,0.5,1.0,0.6666666666666666,1.0,1.0,0.6666666666666666,0.8,1.0,1.0,0.4,0.5714285714285715
nvbench2:test:702,1.0,0.5,0.0,0.0,0.0,0.0,1.0,1.0,0.6666666666666666,0.8,1.0,1.0,0.6666666666666666,0.8,1.0,1.0,0.5,1.0,0.6666666666666666,1.0,1.0,0.6666666666666666,0.8,1.0,1.0,0.6666666666666666,0.8
nvbench2:test:703,1.0,0.25,0.0,0.0,0.0,0.0,0.0,0.0,0.0,0.0,1.0,0.5,0.4,0.4444444444444445,1.0,1.0,0.25,1.0,0.4,1.0,0.75,1.0,0.8571428571428571,1.0,1.0,0.8,0.888888888888889
nvbench2:test:704,1.0,0.5,0.0,0.0,0.0,0.0,1.0,0.5,0.6666666666666666,0.5714285714285715,1.0,1.0,0.8,0.888888888888889,1.0,1.0,0.25,1.0,0.4,1.0,0.75,1.0,0.8571428571428571,1.0,1.0,0.8,0.888888888888889
nvbench2:test:705,1.0,0.5,0.0,0.0,0.0,0.0,1.0,1.0,0.6666666666666666,0.8,1.0,1.0,0.4,0.5714285714285715,1.0,1.0,0.5,1.0,0.6666666666666666,1.0,1.0,0.6666666666666666,0.8,1.0,1.0,0.4,0.5714285714285715
nvbench2:test:706,1.0,0.25,0.0,0.0,0.0,0.0,0.0,0.0,0.0,0.0,1.0,0.6666666666666666,0.4,0.5,1.0,1.0,0.3333333333333333,1.0,0.5,1.0,1.0,1.0,1.0,1.0,1.0,0.6,0.7499999999999999
nvbench2:test:707,1.0,0.25,0.0,0.0,0.0,0.0,0.0,0.0,0.0,0.0,1.0,0.5,0.4,0.4444444444444445,1.0,1.0,0.25,1.0,0.4,1.0,0.75,1.0,0.8571428571428571,1.0,1.0,0.8,0.888888888888889
nvbench2:test:708,1.0,0.5,0.0,0.0,0.0,0.0,1.0,1.0,0.6666666666666666,0.8,1.0,1.0,0.4,0.5714285714285715,1.0,1.0,0.5,1.0,0.6666666666666666,1.0,1.0,0.6666666666666666,0.8,1.0,1.0,0.4,0.5714285714285715
nvbench2:test:709,1.0,0.5,0.0,0.0,0.0,0.0,1.0,1.0,0.6666666666666666,0.8,1.0,1.0,0.4,0.5714285714285715,1.0,1.0,0.5,1.0,0.6666666666666666,1.0,1.0,0.6666666666666666,0.8,1.0,1.0,0.4,0.5714285714285715
nvbench2:test:710,1.0,0.25,0.0,0.0,0.0,0.0,0.0,0.0,0.0,0.0,1.0,0.5,0.4,0.4444444444444445,1.0,1.0,0.25,1.0,0.4,1.0,0.75,1.0,0.8571428571428571,1.0,1.0,0.8,0.888888888888889
nvbench2:test:711,1.0,0.5,0.0,0.0,0.0,0.0,1.0,1.0,0.6666666666666666,0.8,1.0,1.0,0.6666666666666666,0.8,1.0,1.0,0.5,1.0,0.6666666666666666,1.0,1.0,0.6666666666666666,0.8,1.0,1.0,0.6666666666666666,0.8
nvbench2:test:712,1.0,0.5,0.0,0.0,0.0,0.0,1.0,1.0,0.6666666666666666,0.8,1.0,1.0,0.6666666666666666,0.8,1.0,1.0,0.5,1.0,0.6666666666666666,1.0,1.0,0.6666666666666666,0.8,1.0,1.0,0.6666666666666666,0.8
nvbench2:test:713,1.0,1.0,1.0,0.25,1.0,0.4,1.0,0.25,0.3333333333333333,0.28571428571428575,1.0,0.75,0.6,0.6666666666666665,1.0,1.0,0.25,1.0,0.4,1.0,0.5,0.6666666666666666,0.5714285714285715,1.0,1.0,0.8,0.888888888888889
nvbench2:test:714,1.0,0.5,0.0,0.0,0.0,0.0,1.0,0.6666666666666666,0.6666666666666666,0.6666666666666666,1.0,1.0,0.75,0.8571428571428571,1.0,1.0,0.3333333333333333,1.0,0.5,1.0,1.0,1.0,1.0,1.0,1.0,0.75,0.8571428571428571
nvbench2:test:715,1.0,0.5,0.0,0.0,0.0,0.0,1.0,1.0,0.6666666666666666,0.8,1.0,1.0,0.6666666666666666,0.8,1.0,1.0,0.5,1.0,0.6666666666666666,1.0,1.0,0.6666666666666666,0.8,1.0,1.0,0.6666666666666666,0.8
nvbench2:test:716,1.0,0.2,0.0,0.0,0.0,0.0,0.0,0.0,0.0,0.0,1.0,0.25,0.2,0.22222222222222224,1.0,1.0,0.25,1.0,0.4,1.0,0.75,1.0,0.8571428571428571,1.0,1.0,0.8,0.888888888888889
nvbench2:test:717,1.0,0.25,0.0,0.0,0.0,0.0,0.0,0.0,0.0,0.0,1.0,1.0,0.4,0.5714285714285715,1.0,1.0,0.5,1.0,0.6666666666666666,1.0,1.0,0.6666666666666666,0.8,1.0,1.0,0.4,0.5714285714285715
nvbench2:test:718,1.0,0.25,0.0,0.0,0.0,0.0,0.0,0.0,0.0,0.0,1.0,1.0,0.4,0.5714285714285715,1.0,1.0,0.5,1.0,0.6666666666666666,1.0,1.0,0.6666666666666666,0.8,1.0,1.0,0.4,0.5714285714285715
nvbench2:test:719,1.0,0.3333333333333333,0.0,0.0,0.0,0.0,1.0,0.3333333333333333,0.3333333333333333,0.3333333333333333,1.0,1.0,0.6,0.7499999999999999,1.0,1.0,0.3333333333333333,1.0,0.5,1.0,1.0,1.0,1.0,1.0,1.0,0.6,0.7499999999999999
nvbench2:test:720,1.0,0.0,0.0,0.0,0.0,0.0,0.0,0.0,0.0,0.0,0.0,0.0,0.0,0.0,1.0,1.0,0.2,1.0,0.33333333333333337,1.0,0.6,1.0,0.7499999999999999,1.0,1.0,1.0,1.0
nvbench2:test:721,1.0,1.0,1.0,0.3333333333333333,1.0,0.5,1.0,0.6666666666666666,0.6666666666666666,0.6666666666666666,1.0,1.0,0.75,0.8571428571428571,1.0,1.0,0.3333333333333333,1.0,0.5,1.0,1.0,1.0,1.0,1.0,1.0,0.75,0.8571428571428571
nvbench2:test:722,1.0,0.2,0.0,0.0,0.0,0.0,0.0,0.0,0.0,0.0,1.0,0.3333333333333333,0.2,0.25,1.0,1.0,0.3333333333333333,1.0,0.5,1.0,1.0,1.0,1.0,1.0,1.0,0.6,0.7499999999999999
nvbench2:test:723,1.0,0.5,0.0,0.0,0.0,0.0,1.0,0.6666666666666666,0.6666666666666666,0.6666666666666666,1.0,1.0,0.75,0.8571428571428571,1.0,1.0,0.3333333333333333,1.0,0.5,1.0,1.0,1.0,1.0,1.0,1.0,0.75,0.8571428571428571
nvbench2:test:724,1.0,0.3333333333333333,0.0,0.0,0.0,0.0,1.0,0.5,0.3333333333333333,0.4,1.0,1.0,0.5,0.6666666666666666,1.0,1.0,0.5,1.0,0.6666666666666666,1.0,1.0,0.6666666666666666,0.8,1.0,1.0,0.5,0.6666666666666666
nvbench2:test:725,1.0,0.5,0.0,0.0,0.0,0.0,1.0,0.5,0.6666666666666666,0.5714285714285715,1.0,1.0,0.8,0.888888888888889,1.0,1.0,0.25,1.0,0.4,1.0,0.75,1.0,0.8571428571428571,1.0,1.0,0.8,0.888888888888889
nvbench2:test:726,1.0,0.5,0.0,0.0,0.0,0.0,1.0,0.6666666666666666,0.6666666666666666,0.6666666666666666,1.0,1.0,0.75,0.8571428571428571,1.0,1.0,0.3333333333333333,1.0,0.5,1.0,1.0,1.0,1.0,1.0,1.0,0.75,0.8571428571428571
nvbench2:test:727,1.0,0.3333333333333333,0.0,0.0,0.0,0.0,1.0,0.5,0.3333333333333333,0.4,1.0,1.0,0.5,0.6666666666666666,1.0,1.0,0.5,1.0,0.6666666666666666,1.0,1.0,0.6666666666666666,0.8,1.0,1.0,0.5,0.6666666666666666
nvbench2:test:728,1.0,0.2,0.0,0.0,0.0,0.0,0.0,0.0,0.0,0.0,1.0,0.3333333333333333,0.2,0.25,1.0,1.0,0.3333333333333333,1.0,0.5,1.0,1.0,1.0,1.0,1.0,1.0,0.6,0.7499999999999999
nvbench2:test:729,1.0,0.0,0.0,0.0,0.0,0.0,0.0,0.0,0.0,0.0,0.0,0.0,0.0,0.0,1.0,1.0,0.25,1.0,0.4,1.0,0.75,1.0,0.8571428571428571,1.0,1.0,0.8,0.888888888888889
nvbench2:test:730,1.0,0.5,0.0,0.0,0.0,0.0,1.0,0.6666666666666666,0.6666666666666666,0.6666666666666666,1.0,1.0,0.75,0.8571428571428571,1.0,1.0,0.3333333333333333,1.0,0.5,1.0,1.0,1.0,1.0,1.0,1.0,0.75,0.8571428571428571
nvbench2:test:731,1.0,0.3333333333333333,0.0,0.0,0.0,0.0,1.0,0.5,0.3333333333333333,0.4,1.0,1.0,0.5,0.6666666666666666,1.0,1.0,0.5,1.0,0.6666666666666666,1.0,1.0,0.6666666666666666,0.8,1.0,1.0,0.5,0.6666666666666666
nvbench2:test:732,1.0,0.5,0.0,0.0,0.0,0.0,1.0,1.0,0.6666666666666666,0.8,1.0,1.0,0.6666666666666666,0.8,1.0,1.0,0.5,1.0,0.6666666666666666,1.0,1.0,0.6666666666666666,0.8,1.0,1.0,0.6666666666666666,0.8
nvbench2:test:733,1.0,0.5,0.0,0.0,0.0,0.0,1.0,0.5,0.6666666666666666,0.5714285714285715,1.0,1.0,0.8,0.888888888888889,1.0,1.0,0.25,1.0,0.4,1.0,0.75,1.0,0.8571428571428571,1.0,1.0,0.8,0.888888888888889
nvbench2:test:734,1.0,0.0,0.0,0.0,0.0,0.0,0.0,0.0,0.0,0.0,0.0,0.0,0.0,0.0,1.0,1.0,0.25,1.0,0.4,1.0,0.75,1.0,0.8571428571428571,1.0,1.0,0.8,0.888888888888889
nvbench2:test:735,1.0,0.25,0.0,0.0,0.0,0.0,0.0,0.0,0.0,0.0,1.0,1.0,0.4,0.5714285714285715,1.0,1.0,0.5,1.0,0.6666666666666666,1.0,1.0,0.6666666666666666,0.8,1.0,1.0,0.4,0.5714285714285715
nvbench2:test:736,1.0,0.3333333333333333,0.0,0.0,0.0,0.0,1.0,0.3333333333333333,0.3333333333333333,0.3333333333333333,1.0,1.0,0.6,0.7499999999999999,1.0,1.0,0.3333333333333333,1.0,0.5,1.0,1.0,1.0,1.0,1.0,1.0,0.6,0.7499999999999999
nvbench2:test:737,0.0,0.3333333333333333,0.0,0.0,0.0,0.0,1.0,0.2,0.3333333333333333,0.25,1.0,0.2,0.3333333333333333,0.25,1.0,1.0,0.2,1.0,0.33333333333333337,1.0,0.2,0.3333333333333333,0.25,1.0,0.2,0.3333333333333333,0.25
nvbench2:test:738,1.0,0.5,0.0,0.0,0.0,0.0,1.0,0.6666666666666666,0.6666666666666666,0.6666666666666666,1.0,1.0,0.75,0.8571428571428571,1.0,1.0,0.3333333333333333,1.0,0.5,1.0,1.0,1.0,1.0,1.0,1.0,0.75,0.8571428571428571
nvbench2:test:739,1.0,0.2,0.0,0.0,0.0,0.0,0.0,0.0,0.0,0.0,1.0,0.3333333333333333,0.2,0.25,1.0,1.0,0.3333333333333333,1.0,0.5,1.0,1.0,1.0,1.0,1.0,1.0,0.6,0.7499999999999999
nvbench2:test:740,1.0,0.5,0.0,0.0,0.0,0.0,1.0,0.6666666666666666,0.6666666666666666,0.6666666666666666,1.0,1.0,0.75,0.8571428571428571,1.0,1.0,0.3333333333333333,1.0,0.5,1.0,1.0,1.0,1.0,1.0,1.0,0.75,0.8571428571428571
nvbench2:test:741,1.0,0.5,0.0,0.0,0.0,0.0,1.0,1.0,0.6666666666666666,0.8,1.0,1.0,0.6666666666666666,0.8,1.0,1.0,0.5,1.0,0.6666666666666666,1.0,1.0,0.6666666666666666,0.8,1.0,1.0,0.6666666666666666,0.8
nvbench2:test:742,1.0,0.0,0.0,0.0,0.0,0.0,0.0,0.0,0.0,0.0,0.0,0.0,0.0,0.0,1.0,1.0,0.25,1.0,0.4,1.0,0.75,1.0,0.8571428571428571,1.0,1.0,0.8,0.888888888888889
nvbench2:test:743,1.0,0.3333333333333333,0.0,0.0,0.0,0.0,1.0,0.5,0.3333333333333333,0.4,1.0,1.0,0.5,0.6666666666666666,1.0,1.0,0.5,1.0,0.6666666666666666,1.0,1.0,0.6666666666666666,0.8,1.0,1.0,0.5,0.6666666666666666
nvbench2:test:744,1.0,0.3333333333333333,0.0,0.0,0.0,0.0,1.0,0.5,0.3333333333333333,0.4,1.0,1.0,0.5,0.6666666666666666,1.0,1.0,0.5,1.0,0.6666666666666666,1.0,1.0,0.6666666666666666,0.8,1.0,1.0,0.5,0.6666666666666666
nvbench2:test:745,1.0,0.2,0.0,0.0,0.0,0.0,0.0,0.0,0.0,0.0,1.0,0.3333333333333333,0.2,0.25,1.0,1.0,0.3333333333333333,1.0,0.5,1.0,1.0,1.0,1.0,1.0,1.0,0.6,0.7499999999999999
nvbench2:test:746,1.0,0.3333333333333333,0.0,0.0,0.0,0.0,1.0,0.3333333333333333,0.3333333333333333,0.3333333333333333,1.0,1.0,0.6,0.7499999999999999,1.0,1.0,0.3333333333333333,1.0,0.5,1.0,1.0,1.0,1.0,1.0,1.0,0.6,0.7499999999999999
nvbench2:test:747,0.0,0.3333333333333333,0.0,0.0,0.0,0.0,1.0,0.2,0.3333333333333333,0.25,1.0,0.4,0.5,0.4444444444444445,1.0,1.0,0.2,1.0,0.33333333333333337,1.0,0.4,0.6666666666666666,0.5,1.0,0.4,0.5,0.4444444444444445
nvbench2:test:748,1.0,1.0,1.0,0.25,1.0,0.4,1.0,0.75,1.0,0.8571428571428571,1.0,1.0,1.0,1.0,1.0,1.0,0.25,1.0,0.4,1.0,0.75,1.0,0.8571428571428571,1.0,1.0,1.0,1.0
nvbench2:test:749,1.0,0.5,0.0,0.0,0.0,0.0,1.0,1.0,0.6666666666666666,0.8,1.0,1.0,0.6666666666666666,0.8,1.0,1.0,0.5,1.0,0.6666666666666666,1.0,1.0,0.6666666666666666,0.8,1.0,1.0,0.6666666666666666,0.8
nvbench2:test:750,1.0,0.3333333333333333,0.0,0.0,0.0,0.0,1.0,0.5,0.3333333333333333,0.4,1.0,1.0,0.5,0.6666666666666666,1.0,1.0,0.5,1.0,0.6666666666666666,1.0,1.0,0.6666666666666666,0.8,1.0,1.0,0.5,0.6666666666666666
