record_id,gold_count,step4_count,step5_count,step6_count,raw_count,expanded_count,deduplicated_complete_count,cap15_count,step6_set_equal_gold,step6_contains_any_gold,complete_pool_contains_any_gold,heuristic_top5_contains_any_gold
nvbench2:train:0,2,1,1,2,4,6,4,4,1,1,1,1
nvbench2:train:1,2,1,1,2,4,6,4,4,1,1,1,1
nvbench2:train:2,2,1,1,2,4,6,4,4,1,1,1,1
nvbench2:train:3,2,1,2,2,5,5,2,2,1,1,1,1
nvbench2:train:4,2,1,1,1,3,4,3,3,0,1,1,1
nvbench2:train:5,2,1,1,2,4,6,4,4,1,1,1,1
nvbench2:train:6,2,1,1,2,4,6,4,4,1,1,1,1
nvbench2:train:7,2,1,2,2,5,5,4,4,1,1,1,1
nvbench2:train:8,2,1,1,2,4,6,4,4,1,1,1,1
nvbench2:train:9,2,1,1,1,3,4,4,4,0,1,1,1
nvbench2:train:10,2,1,1,2,4,6,4,4,1,1,1,1
nvbench2:train:11,2,1,1,1,3,4,3,3,0,1,1,1
nvbench2:train:12,2,1,1,1,3,4,3,3,0,1,1,1
nvbench2:train:13,2,1,2,2,5,5,2,2,1,1,1,1
nvbench2:train:14,2,1,1,1,3,4,4,4,0,1,1,1
nvbench2:train:15,2,1,2,2,5,5,4,4,1,1,1,1
nvbench2:train:16,2,1,2,2,5,5,4,4,1,1,1,1
nvbench2:train:17,2,1,2,2,5,5,4,4,1,1,1,1
nvbench2:train:18,2,1,1,2,4,6,4,4,1,1,1,1
nvbench2:train:19,2,1,1,2,4,6,4,4,1,1,1,1
nvbench2:train:20,2,1,1,1,3,4,4,4,0,1,1,1
nvbench2:train:21,2,1,2,2,5,5,4,4,1,1,1,1
nvbench2:train:22,2,1,1,2,4,4,3,3,1,1,1,1
nvbench2:train:23,2,1,2,2,5,5,2,2,1,1,1,1
nvbench2:train:24,2,1,2,2,5,5,2,2,0,0,0,0
nvbench2:train:25,2,1,1,2,4,6,4,4,1,1,1,1
nvbench2:train:26,2,1,2,2,5,5,4,4,1,1,1,1
nvbench2:train:27,2,1,1,1,3,4,4,4,0,1,1,1
nvbench2:train:28,2,1,1,1,3,4,4,4,0,1,1,1
nvbench2:train:29,2,1,2,2,5,5,2,2,1,1,1,1
nvbench2:train:30,4,1,2,4,7,7,6,6,1,1,1,1
nvbench2:train:31,4,1,2,4,7,7,6,6,1,1,1,1
nvbench2:train:32,2,1,2,2,5,5,2,2,1,1,1,1
nvbench2:train:33,2,1,2,2,5,5,2,2,1,1,1,1
nvbench2:train:34,4,1,2,4,7,7,6,6,1,1,1,1
nvbench2:train:35,2,1,2,2,5,5,4,4,1,1,1,1
nvbench2:train:36,2,1,2,2,5,5,4,4,1,1,1,1
nvbench2:train:37,2,1,2,2,5,5,2,2,1,1,1,1
nvbench2:train:38,2,1,2,2,5,5,2,2,1,1,1,1
nvbench2:train:39,2,1,2,2,5,5,4,4,1,1,1,1
nvbench2:train:40,2,1,2,2,5,5,2,2,1,1,1,1
nvbench2:train:41,2,1,1,2,4,6,3,3,1,1,1,1
nvbench2:train:42,4,1,4,4,9,9,9,9,1,1,1,0
nvbench2:train:43,4,1,4,4,9,9,9,9,1,1,1,0
nvbench2:train:44,3,1,3,3,7,7,3,3,1,1,1,1
nvbench2:train:45,2,1,2,2,5,5,3,3,1,1,1,1
nvbench2:train:46,4,2,4,4,10,10,10,10,1,1,1,0
nvbench2:train:47,3,1,2,3,6,8,6,6,1,1,1,1
nvbench2:train:48,2,1,2,2,5,5,3,3,1,1,1,1
nvbench2:train:49,3,1,2,3,6,8,5,5,1,1,1,1
nvbench2:train:50,3,1,3,3,7,7,4,4,1,1,1,1
nvbench2:train:51,2,1,2,2,5,5,5,5,1,1,1,1
nvbench2:train:52,3,1,3,3,7,7,6,6,1,1,1,1
nvbench2:train:53,3,3,3,3,10,10,5,5,1,1,1,1
nvbench2:train:54,4,2,2,4,8,8,6,6,1,1,1,1
nvbench2:train:55,3,3,3,3,10,10,8,8,1,1,1,0
nvbench2:train:56,2,2,2,2,6,6,4,4,1,1,1,1
nvbench2:train:57,5,5,5,5,15,15,9,9,0,1,1,0
nvbench2:train:58,2,2,2,2,6,6,4,4,1,1,1,1
nvbench2:train:59,3,2,3,3,8,8,5,5,1,1,1,1
nvbench2:train:60,3,1,2,3,6,8,5,5,1,1,1,1
nvbench2:train:61,3,1,3,3,7,7,3,3,1,1,1,1
nvbench2:train:62,3,1,2,2,5,7,7,7,0,1,1,0
nvbench2:train:63,3,1,3,3,7,7,3,3,1,1,1,1
nvbench2:train:64,3,1,3,3,7,7,7,7,1,1,1,1
nvbench2:train:65,5,1,5,5,11,11,6,6,1,1,1,1
nvbench2:train:66,3,1,3,3,7,7,3,3,1,1,1,1
nvbench2:train:67,3,1,3,3,7,7,4,4,1,1,1,1
nvbench2:train:68,3,1,2,2,5,5,5,5,0,1,1,1
nvbench2:train:69,3,1,3,3,7,7,4,4,1,1,1,1
nvbench2:train:70,4,2,4,4,10,10,10,10,1,1,1,0
nvbench2:train:71,2,1,1,1,3,4,4,4,0,1,1,1
nvbench2:train:72,2,1,1,1,3,4,4,4,0,1,1,1
nvbench2:train:73,2,1,2,2,5,5,4,4,1,1,1,1
nvbench2:train:74,2,1,1,1,3,4,4,4,0,1,1,1
nvbench2:train:75,4,2,2,4,8,8,6,6,1,1,1,1
nvbench2:train:76,2,1,1,2,4,6,4,4,1,1,1,1
nvbench2:train:77,2,1,2,2,5,5,2,2,1,1,1,1
nvbench2:train:78,2,1,2,2,5,5,4,4,1,1,1,1
nvbench2:train:79,2,1,1,1,3,3,3,3,0,0,0,0
nvbench2:train:80,2,1,1,2,4,6,4,4,1,1,1,1
nvbench2:train:81,4,2,4,4,10,10,10,10,1,1,1,0
nvbench2:train:82,2,1,1,2,4,6,4,4,1,1,1,1
nvbench2:train:83,2,1,1,2,4,6,3,3,1,1,1,1
nvbench2:train:84,2,1,2,2,5,5,2,2,1,1,1,1
nvbench2:train:85,2,1,2,2,5,5,4,4,1,1,1,1
nvbench2:train:86,2,1,2,2,5,5,2,2,1,1,1,1
nvbench2:train:87,2,1,1,2,4,6,4,4,1,1,1,1
nvbench2:train:88,2,1,2,2,5,5,4,4,1,1,1,1
nvbench2:train:89,2,1,1,2,4,6,4,4,1,1,1,1
nvbench2:train:90,4,1,2,2,5,5,2,2,0,1,1,1
nvbench2:train:91,2,1,2,2,5,5,3,3,1,1,1,1
nvbench2:train:92,3,3,3,3,9,9,8,8,1,1,1,0
nvbench2:train:93,2,2,2,2,6,6,4,4,1,1,1,1
nvbench2:train:94,2,1,2,2,5,5,3,3,1,1,1,1
nvbench2:train:95,3,3,3,3,10,10,8,8,1,1,1,0
nvbench2:train:96,2,1,2,2,5,5,5,5,1,1,1,1
nvbench2:train:97,4,1,4,4,9,9,5,5,1,1,1,1
nvbench2:train:98,2,2,2,2,6,6,4,4,1,1,1,1
nvbench2:train:99,4,1,4,4,9,9,5,5,1,1,1,1
nvbench2:train:100,4,2,4,4,10,10,10,10,1,1,1,0
nvbench2:train:101,5,1,1,1,3,4,3,3,0,1,1,1
nvbench2:train:102,2,1,1,1,3,4,3,3,0,1,1,1
nvbench2:train:103,2,2,2,2,6,6,2,2,1,1,1,1
nvbench2:train:104,4,1,2,4,7,11,7,7,1,1,1,1
nvbench2:train:105,4,2,4,4,10,20,20,15,1,1,1,1
nvbench2:train:106,2,2,2,2,6,6,4,4,1,1,1,1
nvbench2:train:107,4,2,4,4,10,20,12,12,1,1,1,1
nvbench2:train:108,5,1,5,5,11,11,6,6,1,1,1,1
nvbench2:train:109,5,1,5,5,11,11,6,6,1,1,1,1
nvbench2:train:110,5,1,5,5,11,11,6,6,1,1,1,1
nvbench2:train:111,5,2,5,5,12,12,12,12,1,1,1,0
nvbench2:train:112,3,1,2,3,6,8,5,5,1,1,1,1
nvbench2:train:113,2,2,2,2,6,6,4,4,1,1,1,1
nvbench2:train:114,5,1,5,5,11,11,6,6,1,1,1,1
nvbench2:train:115,5,1,5,5,11,11,6,6,1,1,1,1
nvbench2:train:116,5,2,2,2,6,6,4,4,0,1,1,1
nvbench2:train:117,2,1,2,2,5,10,10,10,1,1,1,1
nvbench2:train:118,4,4,4,4,12,12,4,4,1,1,1,1
nvbench2:train:119,5,1,5,5,11,11,6,6,1,1,1,1
nvbench2:train:120,2,2,2,2,6,6,4,4,1,1,1,1
nvbench2:train:121,2,1,2,2,5,5,3,3,1,1,1,1
nvbench2:train:122,2,2,2,2,6,6,4,4,1,1,1,1
nvbench2:train:123,4,2,4,4,10,10,5,5,1,1,1,1
nvbench2:train:124,5,1,4,5,10,12,9,9,1,1,1,1
nvbench2:train:125,4,2,4,4,10,10,9,9,1,1,1,0
nvbench2:train:126,2,2,2,2,6,6,6,6,1,1,1,1
nvbench2:train:127,2,1,2,2,5,5,5,5,1,1,1,1
nvbench2:train:128,4,1,1,1,3,3,2,2,0,1,1,1
nvbench2:train:129,5,2,5,5,12,12,12,12,1,1,1,0
nvbench2:train:130,2,2,2,2,6,6,2,2,1,1,1,1
nvbench2:train:131,5,1,5,5,11,11,10,10,1,1,1,0
nvbench2:train:132,5,2,4,4,10,10,8,8,0,1,1,1
nvbench2:train:133,3,1,2,1,4,4,3,3,0,1,1,1
nvbench2:train:134,2,1,2,2,5,10,10,10,1,1,1,1
nvbench2:train:135,4,4,4,4,12,12,4,4,1,1,1,1
nvbench2:train:136,4,1,4,4,9,9,5,5,1,1,1,1
nvbench2:train:137,4,1,2,4,7,7,4,4,1,1,1,1
nvbench2:train:138,2,1,1,2,4,4,4,4,1,1,1,1
nvbench2:train:139,2,2,2,2,6,6,4,4,1,1,1,1
nvbench2:train:140,2,1,2,2,5,5,3,3,1,1,1,1
nvbench2:train:141,4,2,2,4,8,8,6,6,1,1,1,1
nvbench2:train:142,4,1,4,4,9,9,5,5,1,1,1,1
nvbench2:train:143,2,1,1,1,3,3,2,2,0,0,0,0
nvbench2:train:144,3,3,3,3,9,9,7,7,1,1,1,1
nvbench2:train:145,3,1,3,3,7,7,4,4,1,1,1,1
nvbench2:train:146,4,1,1,1,3,3,2,2,0,0,0,0
nvbench2:train:147,3,1,3,3,7,7,7,7,1,1,1,1
nvbench2:train:148,2,1,1,2,4,4,3,3,1,1,1,1
nvbench2:train:149,2,2,2,2,6,6,4,4,1,1,1,1
nvbench2:train:150,5,2,5,5,12,12,12,12,1,1,1,0
nvbench2:train:151,2,2,2,2,6,6,4,4,1,1,1,1
nvbench2:train:152,5,2,5,5,12,12,12,12,1,1,1,0
nvbench2:train:153,2,2,2,2,6,6,6,6,1,1,1,1
nvbench2:train:154,5,1,5,5,11,11,11,11,1,1,1,0
nvbench2:train:155,2,2,2,2,6,6,4,4,1,1,1,1
nvbench2:train:156,2,2,2,2,6,6,4,4,1,1,1,1
nvbench2:train:157,2,1,1,1,3,3,2,2,0,1,1,1
nvbench2:train:158,5,5,5,5,15,15,10,10,0,1,1,0
nvbench2:train:159,2,1,1,1,3,3,1,1,0,1,1,1
nvbench2:train:160,2,2,2,2,6,6,4,4,1,1,1,1
nvbench2:train:161,2,2,2,2,6,6,4,4,1,1,1,1
nvbench2:train:162,2,2,2,2,6,6,4,4,1,1,1,1
nvbench2:train:163,5,2,5,5,12,12,12,12,1,1,1,0
nvbench2:train:164,2,2,2,2,6,6,2,2,1,1,1,1
nvbench2:train:165,2,2,2,2,6,6,4,4,1,1,1,1
nvbench2:train:166,2,2,2,2,6,6,4,4,1,1,1,1
nvbench2:train:167,5,1,5,5,11,11,11,11,1,1,1,0
nvbench2:train:168,2,2,2,2,6,6,4,4,1,1,1,1
nvbench2:train:169,2,2,2,2,6,6,4,4,1,1,1,1
nvbench2:train:170,2,2,2,2,6,6,4,4,1,1,1,1
nvbench2:train:171,5,5,5,5,15,15,10,10,0,1,1,0
nvbench2:train:172,2,2,2,2,6,6,4,4,1,1,1,1
nvbench2:train:173,3,1,2,3,6,6,5,5,1,1,1,1
nvbench2:train:174,5,1,5,5,11,11,6,6,1,1,1,1
nvbench2:train:175,2,2,2,2,6,6,4,4,1,1,1,1
nvbench2:train:176,2,2,2,2,6,6,4,4,1,1,1,1
nvbench2:train:177,2,2,2,2,6,6,4,4,1,1,1,1
nvbench2:train:178,2,2,2,2,6,6,4,4,1,1,1,1
nvbench2:train:179,5,1,5,5,11,11,6,6,1,1,1,1
nvbench2:train:180,3,1,2,3,6,8,5,5,1,1,1,1
nvbench2:train:181,4,4,4,4,12,12,4,4,1,1,1,1
nvbench2:train:182,2,1,2,2,5,10,10,10,1,1,1,1
nvbench2:train:183,5,1,5,5,11,11,6,6,1,1,1,1
nvbench2:train:184,4,2,4,4,10,10,8,8,1,1,1,1
nvbench2:train:185,2,2,2,2,6,6,4,4,1,1,1,1
nvbench2:train:186,3,2,3,3,8,8,8,8,1,1,1,0
nvbench2:train:187,2,1,2,2,5,5,3,3,1,1,1,1
nvbench2:train:188,2,2,2,2,6,6,6,6,1,1,1,1
nvbench2:train:189,2,1,2,2,5,5,5,5,1,1,1,1
nvbench2:train:190,3,1,3,3,7,7,6,6,1,1,1,1
nvbench2:train:191,2,2,2,2,6,6,4,4,1,1,1,1
nvbench2:train:192,2,2,2,2,6,6,4,4,1,1,1,1
nvbench2:train:193,3,2,3,3,8,8,8,8,1,1,1,0
nvbench2:train:194,2,2,2,2,6,6,2,2,1,1,1,1
nvbench2:train:195,5,5,5,5,15,15,9,9,0,1,1,1
nvbench2:train:196,2,2,2,2,6,6,4,4,1,1,1,1
nvbench2:train:197,2,2,2,2,6,6,4,4,1,1,1,1
nvbench2:train:198,2,2,2,2,6,6,4,4,1,1,1,1
nvbench2:train:199,5,5,5,5,15,15,9,9,0,1,1,0
nvbench2:train:200,5,5,5,5,15,15,15,15,1,1,1,0
nvbench2:train:201,5,5,5,5,15,15,10,10,1,1,1,0
nvbench2:train:202,2,2,2,2,6,6,2,2,1,1,1,1
nvbench2:train:203,2,2,2,2,6,6,6,6,1,1,1,1
nvbench2:train:204,2,2,2,2,6,6,2,2,1,1,1,1
nvbench2:train:205,2,2,2,2,6,6,4,4,1,1,1,1
nvbench2:train:206,2,2,2,2,6,6,2,2,1,1,1,1
nvbench2:train:207,2,2,2,2,6,6,2,2,1,1,1,1
nvbench2:train:208,2,2,2,2,6,6,4,4,1,1,1,1
nvbench2:train:209,2,2,2,2,6,6,2,2,1,1,1,1
nvbench2:train:210,2,2,2,2,6,6,2,2,1,1,1,1
nvbench2:train:211,5,5,5,5,15,15,10,10,1,1,1,0
nvbench2:train:212,2,1,2,2,5,5,3,3,1,1,1,1
nvbench2:train:213,2,1,2,2,5,5,3,3,1,1,1,1
nvbench2:train:214,4,1,2,4,7,7,4,4,1,1,1,1
nvbench2:train:215,2,1,1,2,4,4,4,4,1,1,1,1
nvbench2:train:216,2,2,2,2,6,6,6,6,1,1,1,1
nvbench2:train:217,2,1,2,2,5,5,3,3,1,1,1,1
nvbench2:train:218,3,1,3,3,7,7,7,7,1,1,1,1
nvbench2:train:219,4,1,4,4,9,9,9,9,1,1,1,0
nvbench2:train:220,2,2,2,2,6,6,4,4,1,1,1,1
nvbench2:train:221,4,1,4,4,9,9,4,4,1,1,1,1
nvbench2:train:222,4,2,4,4,10,10,10,10,1,1,1,0
nvbench2:train:223,3,1,3,3,7,7,4,4,1,1,1,1
nvbench2:train:224,2,2,2,2,6,6,4,4,1,1,1,1
nvbench2:train:225,3,1,3,3,7,7,7,7,1,1,1,1
nvbench2:train:226,4,2,4,4,10,10,6,6,1,1,1,1
nvbench2:train:227,3,1,3,3,7,7,4,4,1,1,1,1
nvbench2:train:228,3,1,3,3,7,7,4,4,1,1,1,1
nvbench2:train:229,3,2,1,1,4,4,4,4,0,1,1,1
nvbench2:train:230,2,1,1,1,3,3,2,2,0,1,1,1
nvbench2:train:231,3,1,3,3,7,7,7,7,1,1,1,1
nvbench2:train:232,2,1,2,2,5,5,4,4,1,1,1,1
nvbench2:train:233,3,1,3,3,7,7,7,7,1,1,1,1
nvbench2:train:234,4,1,4,4,9,9,8,8,1,1,1,1
nvbench2:train:235,4,4,4,4,12,12,8,8,1,1,1,1
nvbench2:train:236,3,1,3,3,7,7,4,4,1,1,1,1
nvbench2:train:237,5,2,5,5,12,12,12,12,1,1,1,0
nvbench2:train:238,5,2,5,5,12,12,12,12,1,1,1,0
nvbench2:train:239,2,1,2,2,5,5,3,3,1,1,1,1
nvbench2:train:240,5,1,5,5,11,11,10,10,1,1,1,0
nvbench2:train:241,2,1,2,2,5,5,5,5,1,1,1,1
nvbench2:train:242,2,1,2,2,5,5,3,3,1,1,1,1
nvbench2:train:243,5,1,2,1,4,4,3,3,0,1,1,1
nvbench2:train:244,5,1,4,4,9,9,9,9,0,1,1,0
nvbench2:train:245,5,1,4,4,9,9,5,5,0,1,1,1
nvbench2:train:246,2,1,2,2,5,5,4,4,1,1,1,1
nvbench2:train:247,2,1,2,2,5,5,3,3,1,1,1,1
nvbench2:train:248,1,1,1,1,4,4,1,1,1,1,1,1
nvbench2:train:249,5,2,5,5,12,12,12,12,1,1,1,0
nvbench2:train:250,4,2,4,4,10,10,6,6,1,1,1,1
nvbench2:train:251,2,1,2,2,5,5,5,5,1,1,1,1
nvbench2:train:252,3,1,3,3,7,7,4,4,1,1,1,1
nvbench2:train:253,3,1,3,3,7,7,6,6,1,1,1,1
nvbench2:train:254,5,1,4,4,9,9,9,9,0,1,1,0
nvbench2:train:255,2,2,2,2,6,6,4,4,1,1,1,1
nvbench2:train:256,2,2,2,2,6,12,8,8,1,1,1,1
nvbench2:train:257,2,1,1,2,4,4,3,3,1,1,1,1
nvbench2:train:258,2,2,2,2,6,6,2,2,1,1,1,1
nvbench2:train:259,3,1,3,3,7,7,4,4,1,1,1,1
nvbench2:train:260,5,2,5,5,12,12,12,12,1,1,1,0
nvbench2:train:261,2,1,2,2,5,5,3,3,1,1,1,1
nvbench2:train:262,2,1,2,2,5,5,5,5,1,1,1,1
nvbench2:train:263,2,1,2,2,5,5,3,3,1,1,1,1
nvbench2:train:264,3,1,3,3,7,7,4,4,1,1,1,1
nvbench2:train:265,2,1,1,2,4,4,3,3,1,1,1,1
nvbench2:train:266,3,1,3,3,7,7,4,4,1,1,1,1
nvbench2:train:267,3,1,3,3,7,7,6,6,1,1,1,1
nvbench2:train:268,3,1,3,3,7,7,7,7,1,1,1,1
nvbench2:train:269,3,1,3,3,7,7,4,4,1,1,1,1
nvbench2:train:270,2,1,1,2,4,4,3,3,1,1,1,1
nvbench2:train:271,5,5,5,5,15,15,10,10,1,1,1,0
nvbench2:train:272,5,1,5,5,11,11,6,6,1,1,1,1
nvbench2:train:273,5,1,5,5,11,11,6,6,1,1,1,1
nvbench2:train:274,5,1,5,5,11,11,6,6,1,1,1,1
nvbench2:train:275,2,2,2,2,6,6,4,4,1,1,1,1
nvbench2:train:276,5,1,5,5,11,11,11,11,1,1,1,0
nvbench2:train:277,5,5,5,5,15,15,10,10,1,1,1,1
nvbench2:train:278,5,1,5,5,11,11,11,11,1,1,1,0
nvbench2:train:279,2,2,2,2,6,6,4,4,1,1,1,1
nvbench2:train:280,5,1,5,5,11,11,11,11,1,1,1,0
nvbench2:train:281,2,2,2,2,6,6,4,4,1,1,1,1
nvbench2:train:282,2,1,1,2,4,4,3,3,1,1,1,1
nvbench2:train:283,2,1,1,2,4,4,3,3,1,1,1,1
nvbench2:train:284,5,1,3,5,9,13,8,8,1,1,1,1
nvbench2:train:285,2,1,1,1,3,3,1,1,0,1,1,1
nvbench2:train:286,2,1,2,2,5,5,5,5,1,1,1,1
nvbench2:train:287,4,2,4,4,10,10,6,6,1,1,1,1
nvbench2:train:288,2,1,2,2,5,5,5,5,1,1,1,1
nvbench2:train:289,2,1,2,2,5,5,3,3,1,1,1,1
nvbench2:train:290,5,1,3,5,9,13,8,8,1,1,1,1
nvbench2:train:291,3,1,3,3,7,14,14,14,1,1,1,1
nvbench2:train:292,2,1,1,1,3,3,2,2,0,1,1,1
nvbench2:train:293,5,1,1,1,3,3,2,2,0,1,1,1
nvbench2:train:294,3,1,3,3,7,7,4,4,1,1,1,1
nvbench2:train:295,3,1,3,3,7,7,4,4,1,1,1,1
nvbench2:train:296,3,1,3,3,7,14,8,8,1,1,1,1
nvbench2:train:297,2,1,2,2,5,5,3,3,1,1,1,1
nvbench2:train:298,2,2,2,2,6,6,4,4,1,1,1,1
nvbench2:train:299,2,1,2,2,5,5,3,3,1,1,1,1
nvbench2:train:300,5,1,4,5,10,12,9,9,1,1,1,1
nvbench2:train:301,4,2,4,4,10,10,5,5,1,1,1,1
nvbench2:train:302,5,1,4,5,10,12,9,9,1,1,1,1
nvbench2:train:303,4,2,4,4,10,10,9,9,1,1,1,0
nvbench2:train:304,2,2,2,2,6,6,6,6,1,1,1,1
nvbench2:train:305,2,1,2,2,5,5,5,5,1,1,1,1
nvbench2:train:306,4,1,4,4,9,9,9,9,1,1,1,0
nvbench2:train:307,3,2,3,3,8,8,8,8,1,1,1,0
nvbench2:train:308,3,1,3,3,7,7,7,7,1,1,1,1
nvbench2:train:309,2,2,2,2,6,6,4,4,0,1,1,1
nvbench2:train:310,2,2,2,2,6,6,4,4,1,1,1,1
nvbench2:train:311,3,1,3,3,7,7,4,4,1,1,1,1
nvbench2:train:312,2,1,1,1,3,3,1,1,0,0,0,0
nvbench2:train:313,4,1,4,4,9,9,9,9,1,1,1,0
nvbench2:train:314,3,2,3,3,8,8,7,7,1,1,1,1
nvbench2:train:315,1,1,1,1,4,4,2,2,1,1,1,1
nvbench2:train:316,2,2,2,2,6,6,4,4,1,1,1,1
nvbench2:train:317,2,2,2,2,6,6,4,4,1,1,1,1
nvbench2:train:318,3,3,3,3,9,9,3,3,1,1,1,1
nvbench2:train:319,3,3,3,3,9,9,3,3,1,1,1,1
nvbench2:train:320,2,1,2,2,5,5,3,3,1,1,1,1
nvbench2:train:321,4,1,4,4,9,9,5,5,1,1,1,1
nvbench2:train:322,3,1,3,3,7,7,6,6,1,1,1,1
nvbench2:train:323,4,1,2,4,7,11,7,7,1,1,1,1
nvbench2:train:324,4,1,4,4,9,9,8,8,1,1,1,1
nvbench2:train:325,2,1,2,2,5,10,10,10,1,1,1,1
nvbench2:train:326,4,1,2,4,7,11,7,7,1,1,1,1
nvbench2:train:327,2,2,2,2,6,6,2,2,1,1,1,1
nvbench2:train:328,4,1,2,4,7,11,7,7,1,1,1,1
nvbench2:train:329,2,1,1,1,3,3,2,2,0,0,0,0
nvbench2:train:330,4,2,4,4,10,20,12,12,1,1,1,1
nvbench2:train:331,2,1,1,2,4,6,3,3,1,1,1,1
nvbench2:train:332,5,2,5,5,12,12,12,12,1,1,1,0
nvbench2:train:333,2,2,2,2,6,6,4,4,1,1,1,1
nvbench2:train:334,5,5,5,5,15,15,10,10,1,1,1,0
nvbench2:train:335,5,1,5,5,11,11,6,6,1,1,1,1
nvbench2:train:336,5,2,5,5,12,12,12,12,1,1,1,0
nvbench2:train:337,2,2,2,2,6,6,4,4,1,1,1,1
nvbench2:train:338,5,1,5,5,11,11,11,11,1,1,1,0
nvbench2:train:339,5,1,5,5,11,11,11,11,1,1,1,0
nvbench2:train:340,5,5,5,5,15,15,10,10,1,1,1,0
nvbench2:train:341,5,1,5,5,11,11,6,6,1,1,1,1
nvbench2:train:342,2,2,2,2,6,6,4,4,1,1,1,1
nvbench2:train:343,3,1,3,3,7,7,4,4,1,1,1,1
nvbench2:train:344,2,1,2,2,5,5,5,5,1,1,1,1
nvbench2:train:345,3,1,3,3,7,7,4,4,1,1,1,1
nvbench2:train:346,3,1,3,3,7,7,7,7,1,1,1,1
nvbench2:train:347,5,1,5,5,11,11,5,5,0,0,0,0
nvbench2:train:348,2,2,2,2,6,6,4,4,1,1,1,1
nvbench2:train:349,3,1,3,3,7,7,4,4,1,1,1,1
nvbench2:train:350,3,1,2,3,6,8,6,6,1,1,1,1
nvbench2:train:351,2,2,2,2,6,12,8,8,1,1,1,1
nvbench2:train:352,2,2,2,2,6,6,2,2,1,1,1,1
nvbench2:train:353,5,1,3,5,9,9,8,8,1,1,1,1
nvbench2:train:354,5,3,3,5,11,11,8,8,0,1,1,1
nvbench2:train:355,2,2,2,2,6,6,5,5,1,1,1,1
nvbench2:train:356,4,2,4,4,10,10,8,8,1,1,1,1
nvbench2:train:357,4,1,1,1,3,3,1,1,0,0,0,0
nvbench2:train:358,2,1,1,1,3,3,2,2,0,1,1,1
nvbench2:train:359,2,2,2,2,6,6,4,4,1,1,1,1
nvbench2:train:360,2,2,2,2,6,6,4,4,1,1,1,1
nvbench2:train:361,2,2,2,2,6,6,4,4,1,1,1,1
nvbench2:train:362,2,1,1,1,3,3,1,1,0,0,0,0
nvbench2:train:363,2,2,2,2,6,6,4,4,1,1,1,1
nvbench2:train:364,2,2,2,2,6,6,4,4,1,1,1,1
nvbench2:train:365,5,5,5,5,15,15,14,14,1,1,1,0
nvbench2:train:366,5,5,5,5,15,15,10,10,1,1,1,0
nvbench2:train:367,2,2,2,2,6,6,2,2,1,1,1,1
nvbench2:train:368,2,2,2,1,5,5,3,3,0,1,1,1
nvbench2:train:369,2,2,2,2,6,6,2,2,1,1,1,1
nvbench2:train:370,5,5,5,5,15,15,15,15,1,1,1,0
nvbench2:train:371,2,2,2,2,6,6,6,6,1,1,1,1
nvbench2:train:372,2,1,1,1,3,3,1,1,0,0,0,0
nvbench2:train:373,4,1,4,4,9,9,5,5,1,1,1,1
nvbench2:train:374,2,1,2,2,5,5,3,3,1,1,1,1
nvbench2:train:375,3,1,3,3,7,7,6,6,1,1,1,1
nvbench2:train:376,2,1,2,2,5,5,5,5,0,0,0,0
nvbench2:train:377,4,1,4,4,9,9,9,9,1,1,1,0
nvbench2:train:378,3,1,3,3,7,7,6,6,1,1,1,1
nvbench2:train:379,2,1,2,2,5,5,5,5,1,1,1,1
nvbench2:train:380,5,1,2,1,4,5,4,4,0,0,1,1
nvbench2:train:381,5,1,1,1,3,3,3,3,0,1,1,1
nvbench2:train:382,2,1,2,2,5,5,5,5,1,1,1,1
nvbench2:train:383,2,1,2,2,5,5,5,5,1,1,1,1
nvbench2:train:384,2,1,2,2,5,5,3,3,1,1,1,1
nvbench2:train:385,4,1,4,4,9,9,5,5,1,1,1,1
nvbench2:train:386,5,1,3,5,9,13,8,8,1,1,1,1
nvbench2:train:387,5,1,5,5,11,11,6,6,0,1,1,1
nvbench2:train:388,2,1,2,2,5,5,5,5,1,1,1,1
nvbench2:train:389,5,2,5,5,12,12,11,11,1,1,1,0
nvbench2:train:390,5,1,3,5,9,13,8,8,1,1,1,1
nvbench2:train:391,2,1,2,2,5,5,3,3,1,1,1,1
nvbench2:train:392,5,1,5,5,11,11,10,10,1,1,1,0
nvbench2:train:393,2,1,2,2,5,5,5,5,1,1,1,1
nvbench2:train:394,5,1,5,5,11,11,11,11,1,1,1,0
nvbench2:train:395,4,1,4,4,9,9,5,5,1,1,1,1
nvbench2:train:396,5,1,2,1,4,4,3,3,0,1,1,1
nvbench2:train:397,5,1,3,5,9,13,8,8,1,1,1,1
nvbench2:train:398,4,1,4,4,9,18,10,10,1,1,1,1
nvbench2:train:399,5,1,1,1,3,3,3,3,0,1,1,1
nvbench2:train:400,4,1,4,4,9,9,5,5,1,1,1,1
nvbench2:train:401,2,1,2,2,5,5,5,5,1,1,1,1
nvbench2:train:402,5,1,1,1,3,3,1,1,0,0,0,0
nvbench2:train:403,5,2,5,5,12,12,6,6,1,1,1,1
nvbench2:train:404,2,1,2,2,5,5,3,3,1,1,1,1
nvbench2:train:405,5,2,5,5,12,12,7,7,1,1,1,1
nvbench2:train:406,5,5,5,5,15,15,10,10,1,1,1,0
nvbench2:train:407,5,1,5,5,11,11,5,5,1,1,1,1
nvbench2:train:408,4,1,1,1,3,3,2,2,0,1,1,1
nvbench2:train:409,3,1,3,3,7,7,4,4,1,1,1,1
nvbench2:train:410,2,2,2,2,6,6,4,4,1,1,1,1
nvbench2:train:411,3,1,3,3,7,7,7,7,1,1,1,1
nvbench2:train:412,2,2,1,1,4,4,2,2,0,1,1,1
nvbench2:train:413,3,1,3,3,7,7,4,4,1,1,1,1
nvbench2:train:414,3,1,3,3,7,7,4,4,1,1,1,1
nvbench2:train:415,3,1,3,3,7,7,7,7,1,1,1,1
nvbench2:train:416,5,1,5,5,11,11,6,6,1,1,1,1
nvbench2:train:417,3,1,3,3,7,7,4,4,1,1,1,1
nvbench2:train:418,2,1,2,2,5,10,6,6,1,1,1,1
nvbench2:train:419,5,1,5,5,11,11,5,5,1,1,1,1
nvbench2:train:420,5,1,5,5,11,11,5,5,1,1,1,1
nvbench2:train:421,2,1,1,2,4,4,3,3,1,1,1,1
nvbench2:train:422,3,1,3,3,7,7,4,4,1,1,1,1
nvbench2:train:423,4,1,4,4,9,9,5,5,1,1,1,1
nvbench2:train:424,3,1,3,3,7,7,7,7,1,1,1,1
nvbench2:train:425,2,1,2,2,5,5,5,5,1,1,1,1
nvbench2:train:426,5,2,5,5,12,12,6,6,1,1,1,1
nvbench2:train:427,2,1,2,2,5,5,3,3,1,1,1,1
nvbench2:train:428,2,1,2,2,5,5,5,5,1,1,1,1
nvbench2:train:429,5,1,5,5,11,11,6,6,1,1,1,1
nvbench2:train:430,3,1,2,1,4,4,3,3,0,1,1,1
nvbench2:train:431,2,2,2,2,6,6,4,4,1,1,1,1
nvbench2:train:432,2,2,2,2,6,6,4,4,1,1,1,1
nvbench2:train:433,5,2,5,5,12,12,12,12,1,1,1,0
nvbench2:train:434,5,2,4,5,11,13,8,8,1,1,1,1
nvbench2:train:435,5,1,5,5,11,11,6,6,1,1,1,1
nvbench2:train:436,5,1,5,5,11,11,6,6,1,1,1,1
nvbench2:train:437,3,1,2,3,6,8,5,5,1,1,1,1
nvbench2:train:438,2,2,2,2,6,6,4,4,1,1,1,1
nvbench2:train:439,4,1,4,4,9,18,18,15,1,1,1,1
nvbench2:train:440,5,1,5,5,11,11,6,6,1,1,1,1
nvbench2:train:441,3,1,3,3,7,7,4,4,1,1,1,1
nvbench2:train:442,4,1,4,4,9,9,5,5,1,1,1,1
nvbench2:train:443,4,1,4,4,9,9,9,9,1,1,1,0
nvbench2:train:444,2,1,2,2,5,5,3,3,1,1,1,1
nvbench2:train:445,2,2,2,2,6,6,2,2,1,1,1,1
nvbench2:train:446,3,1,3,3,7,7,6,6,1,1,1,1
nvbench2:train:447,5,1,1,1,3,3,2,2,0,1,1,1
nvbench2:train:448,2,2,2,2,6,6,2,2,1,1,1,1
nvbench2:train:449,2,1,2,2,5,5,5,5,1,1,1,1
nvbench2:train:450,2,2,2,2,6,6,4,4,1,1,1,1
nvbench2:train:451,2,1,2,2,5,7,7,7,0,0,0,0
nvbench2:train:452,3,1,3,3,7,7,3,3,1,1,1,1
nvbench2:train:453,2,2,2,2,6,6,2,2,1,1,1,1
nvbench2:train:454,3,1,3,3,7,7,3,3,1,1,1,1
nvbench2:train:455,5,2,5,5,12,12,12,12,1,1,1,0
nvbench2:train:456,2,2,2,2,6,6,2,2,1,1,1,1
nvbench2:train:457,5,2,5,5,12,12,12,12,1,1,1,0
nvbench2:train:458,5,1,5,5,11,11,6,6,1,1,1,1
nvbench2:train:459,5,2,5,5,12,12,12,12,1,1,1,0
nvbench2:train:460,2,2,2,2,6,6,4,4,1,1,1,1
nvbench2:train:461,5,1,5,5,11,11,11,11,1,1,1,0
nvbench2:train:462,5,1,5,5,11,11,11,11,1,1,1,0
nvbench2:train:463,5,5,5,5,15,15,10,10,1,1,1,1
nvbench2:train:464,2,2,2,2,6,6,6,6,1,1,1,1
nvbench2:train:465,5,1,5,5,11,11,11,11,1,1,1,0
nvbench2:train:466,4,1,2,4,7,11,7,7,1,1,1,1
nvbench2:train:467,4,1,2,4,7,11,7,7,1,1,1,1
nvbench2:train:468,3,1,3,3,7,7,3,3,1,1,1,1
nvbench2:train:469,3,1,3,3,7,7,4,4,1,1,1,1
nvbench2:train:470,3,1,3,3,7,7,7,7,1,1,1,1
nvbench2:train:471,3,1,3,3,7,7,4,4,1,1,1,1
nvbench2:train:472,3,1,3,3,7,7,4,4,1,1,1,1
nvbench2:train:473,4,1,2,4,7,11,7,7,1,1,1,1
nvbench2:train:474,3,1,3,3,7,7,4,4,1,1,1,1
nvbench2:train:475,2,1,2,2,5,10,6,6,1,1,1,1
nvbench2:train:476,5,3,3,3,9,9,6,6,0,1,1,0
nvbench2:train:477,2,1,2,2,5,5,4,4,1,1,1,1
nvbench2:train:478,5,3,5,5,13,13,8,8,0,1,1,1
nvbench2:train:479,3,1,3,3,7,7,6,6,1,1,1,1
nvbench2:train:480,5,3,3,3,9,9,6,6,0,1,1,1
nvbench2:train:481,4,2,2,4,8,8,6,6,1,1,1,1
nvbench2:train:482,4,2,4,4,10,10,10,10,1,1,1,0
nvbench2:train:483,5,1,5,5,11,11,10,10,1,1,1,1
nvbench2:train:484,5,2,5,5,12,12,12,12,1,1,1,0
nvbench2:train:485,4,2,2,4,8,8,6,6,1,1,1,1
nvbench2:train:486,5,1,5,5,11,11,11,11,1,1,1,0
nvbench2:train:487,4,2,2,4,8,8,6,6,1,1,1,1
nvbench2:train:488,2,1,1,2,4,6,3,3,1,1,1,1
nvbench2:train:489,5,1,5,5,11,11,10,10,1,1,1,1
nvbench2:train:490,2,1,1,2,4,4,3,3,1,1,1,1
nvbench2:train:491,4,2,2,4,8,8,6,6,1,1,1,1
nvbench2:train:492,5,1,5,5,11,11,10,10,1,1,1,1
nvbench2:train:493,4,2,4,4,10,10,6,6,1,1,1,1
nvbench2:train:494,4,1,4,4,9,9,9,9,1,1,1,0
nvbench2:train:495,4,1,2,4,7,11,7,7,1,1,1,1
nvbench2:train:496,2,1,2,2,5,10,6,6,1,1,1,1
nvbench2:train:497,2,1,2,2,5,10,6,6,1,1,1,1
nvbench2:train:498,2,1,1,2,4,6,3,3,1,1,1,1
nvbench2:train:499,4,1,2,4,7,11,7,7,1,1,1,1
nvbench2:train:500,4,1,2,4,7,11,7,7,1,1,1,1
nvbench2:train:501,2,1,2,2,5,5,3,3,1,1,1,1
nvbench2:train:502,3,1,3,3,7,7,6,6,1,1,1,1
nvbench2:train:503,3,1,3,3,7,7,3,3,1,1,1,1
nvbench2:train:504,4,1,2,2,5,7,7,7,0,1,1,1
nvbench2:train:505,2,1,2,2,5,10,10,10,1,1,1,1
nvbench2:train:506,2,1,2,2,5,10,6,6,1,1,1,1
nvbench2:train:507,4,1,2,4,7,11,7,7,1,1,1,1
nvbench2:train:508,2,1,2,2,5,5,3,3,1,1,1,1
nvbench2:train:509,3,1,3,3,7,7,3,3,1,1,1,1
nvbench2:train:510,2,1,2,2,5,10,10,10,1,1,1,1
nvbench2:train:511,3,1,3,3,7,7,6,6,1,1,1,1
nvbench2:train:512,2,1,2,2,5,5,5,5,1,1,1,1
nvbench2:train:513,2,1,2,2,5,10,10,10,1,1,1,1
nvbench2:train:514,2,1,2,2,5,5,3,3,1,1,1,1
nvbench2:train:515,4,1,2,2,5,7,7,7,0,1,1,1
nvbench2:train:516,3,1,3,3,7,7,3,3,1,1,1,1
nvbench2:train:517,2,1,2,2,5,10,6,6,1,1,1,1
nvbench2:train:518,4,1,2,4,7,11,7,7,1,1,1,1
nvbench2:train:519,3,1,3,3,7,7,6,6,1,1,1,1
nvbench2:train:520,2,1,2,2,5,5,3,3,1,1,1,1
nvbench2:train:521,2,1,2,2,5,5,3,3,1,1,1,1
nvbench2:train:522,2,1,2,2,5,10,6,6,1,1,1,1
nvbench2:train:523,2,1,2,2,5,5,3,3,1,1,1,1
nvbench2:train:524,4,1,2,4,7,11,7,7,1,1,1,1
nvbench2:train:525,2,1,1,1,3,4,3,3,0,1,1,1
nvbench2:train:526,3,1,3,3,7,7,3,3,1,1,1,1
nvbench2:train:527,2,1,2,2,5,5,5,5,1,1,1,1
nvbench2:train:528,2,1,2,2,5,10,10,10,1,1,1,1
nvbench2:train:529,3,1,3,3,7,7,3,3,1,1,1,1
nvbench2:train:530,2,1,2,2,5,10,6,6,1,1,1,1
nvbench2:train:531,2,1,2,2,5,10,10,10,1,1,1,1
nvbench2:train:532,2,1,2,2,5,5,5,5,1,1,1,1
nvbench2:train:533,2,1,1,2,4,6,3,3,1,1,1,1
nvbench2:train:534,2,1,2,2,5,10,6,6,1,1,1,1
nvbench2:train:535,4,2,2,4,8,8,6,6,1,1,1,1
nvbench2:train:536,2,1,2,2,5,5,3,3,1,1,1,1
nvbench2:train:537,2,1,2,2,5,10,6,6,1,1,1,1
nvbench2:train:538,2,1,1,2,4,6,3,3,1,1,1,1
nvbench2:train:539,4,1,4,4,9,9,5,5,1,1,1,1
nvbench2:train:540,5,2,5,5,12,12,12,12,1,1,1,0
nvbench2:train:541,2,2,2,2,6,6,2,2,1,1,1,1
nvbench2:train:542,3,1,2,3,6,8,5,5,1,1,1,1
nvbench2:train:543,2,2,2,2,6,6,4,4,1,1,1,1
nvbench2:train:544,4,1,4,4,9,9,5,5,1,1,1,1
nvbench2:train:545,5,1,5,5,11,11,10,10,1,1,1,0
nvbench2:train:546,4,1,4,4,9,9,5,5,1,1,1,1
nvbench2:train:547,3,1,2,3,6,8,5,5,1,1,1,1
nvbench2:train:548,3,1,3,3,7,14,14,14,1,1,1,1
nvbench2:train:549,5,1,5,5,11,11,11,11,1,1,1,0
nvbench2:train:550,4,4,4,4,12,12,8,8,1,1,1,1
nvbench2:train:551,5,1,5,5,11,11,10,10,1,1,1,0
nvbench2:train:552,5,2,5,5,12,12,12,12,1,1,1,0
nvbench2:train:553,4,1,4,4,9,9,9,9,1,1,1,0
nvbench2:train:554,2,2,2,2,6,6,4,4,1,1,1,1
nvbench2:train:555,2,2,2,2,6,6,4,4,1,1,1,1
nvbench2:train:556,2,1,1,1,3,3,3,3,0,1,1,1
nvbench2:train:557,4,1,4,4,9,9,9,9,1,1,1,0
nvbench2:train:558,4,2,4,4,10,10,6,6,1,1,1,1
nvbench2:train:559,2,1,2,2,5,5,3,3,1,1,1,1
nvbench2:train:560,3,3,3,3,9,9,8,8,1,1,1,0
nvbench2:train:561,2,2,2,2,6,6,4,4,1,1,1,1
nvbench2:train:562,2,1,2,2,5,5,3,3,1,1,1,1
nvbench2:train:563,3,3,3,3,10,10,8,8,1,1,1,0
nvbench2:train:564,2,1,2,2,5,5,5,5,1,1,1,1
nvbench2:train:565,5,5,5,5,15,15,10,10,1,1,1,0
nvbench2:train:566,5,2,5,5,12,12,6,6,1,1,1,1
nvbench2:train:567,2,1,2,2,5,5,3,3,1,1,1,1
nvbench2:train:568,5,2,5,5,12,12,11,11,1,1,1,1
nvbench2:train:569,5,5,5,5,15,15,10,10,1,1,1,0
nvbench2:train:570,2,2,2,2,6,6,4,4,1,1,1,1
nvbench2:train:571,2,2,2,2,6,6,4,4,1,1,1,1
nvbench2:train:572,2,1,1,1,3,3,1,1,0,0,0,0
nvbench2:train:573,5,5,5,5,15,15,9,9,0,1,1,0
nvbench2:train:574,2,2,2,2,6,6,4,4,1,1,1,1
nvbench2:train:575,3,2,3,3,8,8,5,5,1,1,1,1
nvbench2:train:576,2,1,1,2,4,6,4,4,1,1,1,1
nvbench2:train:577,2,1,1,1,3,4,4,4,0,1,1,1
nvbench2:train:578,2,1,2,2,5,5,4,4,1,1,1,1
nvbench2:train:579,2,1,1,2,4,6,4,4,1,1,1,1
nvbench2:train:580,2,1,1,2,4,6,4,4,1,1,1,1
nvbench2:train:581,2,1,1,1,3,4,4,4,0,1,1,1
nvbench2:train:582,2,1,2,2,5,5,4,4,1,1,1,1
nvbench2:train:583,2,1,1,1,3,4,4,4,0,1,1,1
nvbench2:train:584,2,1,2,2,5,5,2,2,0,0,0,0
nvbench2:train:585,2,1,1,2,4,6,4,4,1,1,1,1
nvbench2:train:586,2,1,2,2,5,5,4,4,1,1,1,1
nvbench2:train:587,2,1,1,2,4,6,4,4,1,1,1,1
nvbench2:train:588,2,1,1,1,3,4,3,3,0,1,1,1
nvbench2:train:589,4,2,2,4,8,8,6,6,1,1,1,1
nvbench2:train:590,2,1,2,2,5,5,4,4,1,1,1,1
nvbench2:train:591,2,1,1,2,4,6,4,4,1,1,1,1
nvbench2:train:592,2,1,2,2,5,5,4,4,1,1,1,1
nvbench2:train:593,2,1,2,2,5,5,4,4,1,1,1,1
nvbench2:train:594,2,1,1,2,4,6,4,4,1,1,1,1
nvbench2:train:595,2,1,1,2,4,6,4,4,1,1,1,1
nvbench2:train:596,2,1,2,2,5,5,2,2,1,1,1,1
nvbench2:train:597,2,1,1,2,4,6,4,4,1,1,1,1
nvbench2:train:598,2,1,2,2,5,5,4,4,1,1,1,1
nvbench2:train:599,2,1,2,2,5,5,2,2,1,1,1,1
nvbench2:train:600,2,1,1,1,3,3,2,2,0,1,1,1
nvbench2:train:601,2,1,2,2,5,5,2,2,1,1,1,1
nvbench2:train:602,2,1,2,2,5,5,2,2,1,1,1,1
nvbench2:train:603,2,1,1,2,4,6,4,4,1,1,1,1
nvbench2:train:604,2,1,1,2,4,6,4,4,1,1,1,1
nvbench2:train:605,2,1,1,2,4,6,4,4,1,1,1,1
nvbench2:train:606,2,1,2,2,5,5,2,2,1,1,1,1
nvbench2:train:607,4,1,2,4,7,7,6,6,1,1,1,1
nvbench2:train:608,2,1,2,2,5,5,2,2,1,1,1,1
nvbench2:train:609,2,1,2,2,5,5,4,4,1,1,1,1
nvbench2:train:610,2,1,2,2,5,5,2,2,1,1,1,1
nvbench2:train:611,2,1,2,2,5,5,2,2,1,1,1,1
nvbench2:train:612,2,1,2,2,5,5,2,2,1,1,1,1
nvbench2:train:613,2,1,2,2,5,5,4,4,1,1,1,1
nvbench2:train:614,2,1,2,2,5,5,4,4,1,1,1,1
nvbench2:train:615,2,1,1,1,3,4,4,4,0,1,1,1
nvbench2:train:616,2,1,2,2,5,5,2,2,1,1,1,1
nvbench2:train:617,4,1,2,4,7,7,6,6,1,1,1,1
nvbench2:train:618,2,1,2,2,5,5,4,4,1,1,1,1
nvbench2:train:619,2,1,1,2,4,6,4,4,1,1,1,1
nvbench2:train:620,2,1,2,2,5,5,4,4,1,1,1,1
nvbench2:train:621,2,1,1,2,4,6,4,4,1,1,1,1
nvbench2:train:622,4,1,2,4,7,7,6,6,1,1,1,1
nvbench2:train:623,2,1,1,2,4,6,4,4,1,1,1,1
nvbench2:train:624,2,1,2,2,5,5,2,2,1,1,1,1
nvbench2:train:625,2,1,2,2,5,5,4,4,1,1,1,1
nvbench2:train:626,2,1,1,2,4,6,4,4,1,1,1,1
nvbench2:train:627,4,2,2,4,8,8,6,6,1,1,1,1
nvbench2:train:628,2,1,2,2,5,5,4,4,1,1,1,1
nvbench2:train:629,2,1,1,1,3,4,3,3,0,1,1,1
nvbench2:train:630,2,1,1,2,4,6,4,4,1,1,1,1
nvbench2:train:631,2,1,2,2,5,5,4,4,1,1,1,1
nvbench2:train:632,2,1,1,2,4,6,4,4,1,1,1,1
nvbench2:train:633,2,1,2,2,5,5,4,4,1,1,1,1
nvbench2:train:634,2,1,2,2,5,5,4,4,1,1,1,1
nvbench2:train:635,2,1,1,2,4,6,4,4,1,1,1,1
nvbench2:train:636,2,2,2,2,6,6,2,2,1,1,1,1
nvbench2:train:637,2,2,2,2,6,6,6,6,1,1,1,1
nvbench2:train:638,3,1,3,3,7,7,4,4,1,1,1,1
nvbench2:train:639,3,2,3,3,8,8,8,8,1,1,1,1
nvbench2:train:640,4,1,4,4,9,9,8,8,1,1,1,1
nvbench2:train:641,2,2,2,2,6,6,4,4,1,1,1,1
nvbench2:train:642,3,1,3,3,7,7,4,4,1,1,1,1
nvbench2:train:643,2,1,2,2,5,5,3,3,1,1,1,1
nvbench2:train:644,2,1,2,2,5,5,5,5,1,1,1,1
nvbench2:train:645,2,1,2,2,5,5,5,5,1,1,1,1
nvbench2:train:646,2,2,2,2,6,6,2,2,1,1,1,1
nvbench2:train:647,4,1,3,3,7,7,7,7,0,1,1,1
nvbench2:train:648,2,2,2,2,6,12,12,12,1,1,1,1
nvbench2:train:649,2,2,2,2,6,12,8,8,1,1,1,1
nvbench2:train:650,2,2,2,2,6,6,2,2,1,1,1,1
nvbench2:train:651,5,1,3,5,9,13,8,8,1,1,1,1
nvbench2:train:652,5,1,3,5,9,13,8,8,1,1,1,1
nvbench2:train:653,3,3,3,3,9,9,6,6,1,1,1,1
nvbench2:train:654,3,3,3,3,9,9,6,6,1,1,1,1
nvbench2:train:655,4,4,4,4,12,12,4,4,1,1,1,1
nvbench2:train:656,4,1,1,1,3,3,2,2,0,1,1,1
nvbench2:train:657,4,2,4,4,10,10,6,6,1,1,1,1
nvbench2:train:658,2,2,2,2,6,6,2,2,1,1,1,1
nvbench2:train:659,5,1,5,5,11,11,10,10,1,1,1,0
nvbench2:train:660,4,1,4,4,9,9,4,4,1,1,1,1
nvbench2:train:661,5,2,2,2,6,6,2,2,0,1,1,1
nvbench2:train:662,4,1,4,4,9,9,5,5,1,1,1,1
nvbench2:train:663,2,1,2,2,5,5,4,4,1,1,1,1
nvbench2:train:664,3,1,3,3,7,7,7,7,1,1,1,1
nvbench2:train:665,4,1,4,4,9,9,9,9,1,1,1,0
nvbench2:train:666,4,2,4,4,10,10,10,10,1,1,1,0
nvbench2:train:667,3,1,3,3,7,7,4,4,1,1,1,1
nvbench2:train:668,4,1,4,4,9,9,8,8,1,1,1,1
nvbench2:train:669,2,2,2,2,6,6,4,4,1,1,1,1
nvbench2:train:670,3,1,3,3,7,7,4,4,1,1,1,1
nvbench2:train:671,2,2,2,2,6,6,2,2,1,1,1,1
nvbench2:train:672,3,1,3,3,7,7,7,7,1,1,1,1
nvbench2:train:673,4,2,4,4,10,10,6,6,1,1,1,1
nvbench2:train:674,2,1,2,2,5,5,5,5,1,1,1,1
nvbench2:train:675,5,5,5,5,15,15,10,10,1,1,1,0
nvbench2:train:676,5,2,5,5,12,12,6,6,1,1,1,1
nvbench2:train:677,2,1,2,2,5,5,3,3,1,1,1,1
nvbench2:train:678,5,2,5,5,12,12,11,11,1,1,1,1
nvbench2:train:679,5,5,5,5,15,15,15,15,1,1,1,0
nvbench2:train:680,4,1,4,4,9,9,9,9,1,1,1,1
nvbench2:train:681,2,2,2,2,6,6,4,4,1,1,1,1
nvbench2:train:682,2,2,2,2,6,6,4,4,1,1,1,1
nvbench2:train:683,2,2,2,2,6,6,4,4,1,1,1,1
nvbench2:train:684,2,2,2,2,6,6,4,4,1,1,1,1
nvbench2:train:685,4,1,4,4,9,9,5,5,1,1,1,1
nvbench2:train:686,2,1,2,2,5,5,3,3,1,1,1,1
nvbench2:train:687,2,2,2,2,6,6,4,4,1,1,1,1
nvbench2:train:688,4,2,4,4,10,10,6,6,1,1,1,1
nvbench2:train:689,5,1,5,5,11,11,11,11,1,1,1,0
nvbench2:train:690,2,1,2,2,5,5,5,5,1,1,1,1
nvbench2:train:691,2,1,2,2,5,5,3,3,1,1,1,1
nvbench2:train:692,4,1,4,4,9,9,5,5,1,1,1,1
nvbench2:train:693,5,1,3,5,9,13,8,8,1,1,1,1
nvbench2:train:694,5,1,4,4,9,9,9,9,0,1,1,0
nvbench2:train:695,5,1,4,4,9,13,13,13,0,1,1,1
nvbench2:train:696,2,1,1,2,4,4,3,3,1,1,1,1
nvbench2:train:697,4,2,4,4,10,10,6,6,1,1,1,1
nvbench2:train:698,4,1,4,4,9,9,5,5,1,1,1,1
nvbench2:train:699,3,1,3,3,7,7,4,4,1,1,1,1
nvbench2:train:700,5,1,3,5,9,9,8,8,1,1,1,1
nvbench2:train:701,2,1,2,2,5,10,6,6,1,1,1,1
nvbench2:train:702,3,2,3,3,8,8,5,5,1,1,1,1
nvbench2:train:703,5,1,5,5,11,11,6,6,1,1,1,1
nvbench2:train:704,5,1,5,5,11,11,11,11,1,1,1,0
nvbench2:train:705,5,1,5,5,11,11,10,10,1,1,1,0
nvbench2:train:706,5,1,5,5,11,11,6,6,1,1,1,1
nvbench2:train:707,5,1,5,5,11,11,11,11,1,1,1,0
nvbench2:train:708,2,1,1,2,4,6,3,3,1,1,1,1
nvbench2:train:709,2,1,1,2,4,6,3,3,1,1,1,1
nvbench2:train:710,5,1,5,5,11,11,5,5,1,1,1,1
nvbench2:train:711,4,1,4,4,9,9,5,5,1,1,1,1
nvbench2:train:712,5,1,5,5,11,11,5,5,1,1,1,1
nvbench2:train:713,2,1,2,2,5,10,10,10,1,1,1,0
nvbench2:train:714,2,2,2,2,6,6,2,2,1,1,1,1
nvbench2:train:715,2,1,2,2,5,10,6,6,1,1,1,1
nvbench2:train:716,4,4,4,4,12,12,4,4,1,1,1,1
nvbench2:train:717,2,1,2,2,5,5,3,3,1,1,1,1
nvbench2:train:718,4,1,4,4,9,9,9,9,1,1,1,0
nvbench2:train:719,4,1,1,1,3,3,1,1,0,1,1,1
nvbench2:train:720,3,1,3,3,7,7,7,7,1,1,1,1
nvbench2:train:721,2,2,2,2,6,6,4,4,1,1,1,1
nvbench2:train:722,2,2,2,2,6,6,2,2,1,1,1,1
nvbench2:train:723,2,2,2,2,6,6,4,4,1,1,1,1
nvbench2:train:724,4,1,4,4,9,9,5,5,1,1,1,1
nvbench2:train:725,2,2,2,2,6,6,6,6,1,1,1,1
nvbench2:train:726,2,2,2,2,6,6,4,4,1,1,1,1
nvbench2:train:727,2,2,2,2,6,6,2,2,1,1,1,1
nvbench2:train:728,2,2,2,2,6,6,5,5,1,1,1,1
nvbench2:train:729,2,2,2,2,6,6,2,2,1,1,1,1
nvbench2:train:730,2,1,2,2,5,5,5,5,1,1,1,1
nvbench2:train:731,5,5,5,5,15,15,10,10,1,1,1,0
nvbench2:train:732,5,2,5,5,12,12,6,6,1,1,1,1
nvbench2:train:733,2,1,2,2,5,5,3,3,1,1,1,1
nvbench2:train:734,5,2,5,5,12,12,7,7,1,1,1,1
nvbench2:train:735,5,5,5,5,15,15,15,15,1,1,1,0
nvbench2:train:736,2,2,2,2,6,6,2,2,1,1,1,1
nvbench2:train:737,4,1,4,4,9,9,9,9,1,1,1,0
nvbench2:train:738,4,1,4,4,9,9,9,9,1,1,1,0
nvbench2:train:739,2,2,2,2,6,6,4,4,1,1,1,1
nvbench2:train:740,5,1,5,5,11,11,5,5,1,1,1,1
nvbench2:train:741,4,1,4,4,9,9,5,5,1,1,1,1
nvbench2:train:742,4,1,4,4,9,9,9,9,1,1,1,0
nvbench2:train:743,4,1,4,4,9,9,9,9,1,1,1,0
nvbench2:train:744,4,1,4,4,9,9,5,5,1,1,1,1
nvbench2:train:745,2,2,2,2,6,6,6,6,1,1,1,1
nvbench2:train:746,4,1,4,4,9,9,9,9,1,1,1,0
nvbench2:train:747,4,1,4,4,9,9,9,9,1,1,1,0
nvbench2:train:748,4,1,4,4,9,9,9,9,1,1,1,0
nvbench2:train:749,2,2,2,2,6,6,4,4,1,1,1,1
nvbench2:train:750,2,2,2,2,6,6,2,2,1,1,1,1
nvbench2:train:751,2,1,2,2,5,5,3,3,1,1,1,1
nvbench2:train:752,3,3,3,3,10,10,8,8,1,1,1,0
nvbench2:train:753,2,2,2,2,6,6,4,4,1,1,1,1
nvbench2:train:754,3,3,3,3,10,10,8,8,1,1,1,0
nvbench2:train:755,2,2,2,2,6,6,4,4,1,1,1,1
nvbench2:train:756,5,5,5,5,15,15,10,10,1,1,1,0
nvbench2:train:757,2,2,2,2,6,6,4,4,1,1,1,1
nvbench2:train:758,3,2,3,3,8,8,5,5,1,1,1,1
nvbench2:train:759,2,1,2,2,5,5,3,3,1,1,1,1
nvbench2:train:760,5,1,5,5,11,11,6,6,1,1,1,1
nvbench2:train:761,5,2,4,5,11,13,8,8,1,1,1,1
nvbench2:train:762,2,2,2,2,6,6,4,4,1,1,1,1
nvbench2:train:763,2,2,2,2,6,6,4,4,1,1,1,1
nvbench2:train:764,5,1,5,5,11,11,6,6,1,1,1,1
nvbench2:train:765,3,1,2,3,6,8,5,5,1,1,1,1
nvbench2:train:766,2,2,2,2,6,6,4,4,1,1,1,1
nvbench2:train:767,2,1,2,2,5,10,10,10,1,1,1,1
nvbench2:train:768,5,1,5,5,11,11,6,6,1,1,1,1
nvbench2:train:769,2,2,2,2,6,6,6,6,1,1,1,1
nvbench2:train:770,2,2,2,2,6,6,4,4,1,1,1,1
nvbench2:train:771,2,1,2,2,5,5,3,3,1,1,1,1
nvbench2:train:772,2,2,2,2,6,6,4,4,1,1,1,1
nvbench2:train:773,2,1,2,2,5,5,3,3,1,1,1,1
nvbench2:train:774,2,1,2,2,5,10,10,10,1,1,1,1
nvbench2:train:775,3,1,3,3,7,7,4,4,1,1,1,1
nvbench2:train:776,4,1,4,4,9,9,5,5,1,1,1,1
nvbench2:train:777,3,2,3,3,8,8,5,5,1,1,1,1
nvbench2:train:778,4,1,1,1,3,3,2,2,0,1,1,1
nvbench2:train:779,4,1,4,4,9,9,4,4,1,1,1,1
nvbench2:train:780,4,1,4,4,9,9,9,9,1,1,1,0
nvbench2:train:781,2,1,1,2,4,6,3,3,1,1,1,1
nvbench2:train:782,2,1,1,2,4,6,3,3,1,1,1,1
nvbench2:train:783,2,1,2,2,5,10,6,6,1,1,1,1
nvbench2:train:784,5,1,5,5,11,11,5,5,1,1,1,1
nvbench2:train:785,4,1,4,4,9,9,5,5,1,1,1,1
nvbench2:train:786,5,1,5,5,11,11,6,6,1,1,1,1
nvbench2:train:787,5,1,5,5,11,11,5,5,1,1,1,1
nvbench2:train:788,2,2,2,2,6,6,6,6,1,1,1,1
nvbench2:train:789,2,2,2,2,6,6,3,3,1,1,1,1
nvbench2:train:790,2,1,2,2,5,5,2,2,1,1,1,1
nvbench2:train:791,4,2,3,4,9,9,8,8,1,1,1,1
nvbench2:train:792,4,2,4,4,10,10,10,10,1,1,1,0
nvbench2:train:793,2,1,2,2,5,5,4,4,1,1,1,1
nvbench2:train:794,3,2,3,3,8,8,8,8,1,1,1,0
nvbench2:train:795,3,1,2,3,6,8,5,5,1,1,1,1
nvbench2:train:796,2,2,2,2,6,6,4,4,1,1,1,1
nvbench2:train:797,2,1,2,2,5,5,4,4,1,1,1,1
nvbench2:train:798,3,1,2,3,6,8,5,5,1,1,1,1
nvbench2:train:799,3,1,2,3,6,8,5,5,1,1,1,1
nvbench2:train:800,2,1,1,1,3,4,4,4,0,1,1,1
nvbench2:train:801,3,1,2,3,6,8,6,6,1,1,1,1
nvbench2:train:802,5,1,5,5,11,11,10,10,1,1,1,1
nvbench2:train:803,3,1,2,3,6,8,5,5,1,1,1,1
nvbench2:train:804,3,1,2,3,6,8,6,6,1,1,1,1
nvbench2:train:805,3,1,3,3,7,7,4,4,1,1,1,1
nvbench2:train:806,3,1,2,3,6,6,5,5,1,1,1,1
nvbench2:train:807,5,1,5,5,11,11,11,11,1,1,1,0
nvbench2:train:808,2,2,2,2,6,6,4,4,1,1,1,1
nvbench2:train:809,4,1,4,4,9,9,8,8,1,1,1,1
nvbench2:train:810,3,1,3,3,7,7,4,4,1,1,1,1
nvbench2:train:811,3,1,2,3,6,8,5,5,1,1,1,1
nvbench2:train:812,5,2,5,5,12,12,6,6,1,1,1,1
nvbench2:train:813,2,2,2,2,6,6,4,4,1,1,1,1
nvbench2:train:814,5,1,3,5,9,9,8,8,1,1,1,1
nvbench2:train:815,5,1,3,5,9,9,8,8,1,1,1,1
nvbench2:train:816,2,2,2,2,6,6,4,4,1,1,1,1
nvbench2:train:817,3,1,3,3,7,7,7,7,0,1,1,0
nvbench2:train:818,2,1,1,2,4,4,3,3,1,1,1,1
nvbench2:train:819,2,2,2,2,6,6,4,4,1,1,1,1
nvbench2:train:820,3,1,3,3,7,7,4,4,1,1,1,1
nvbench2:train:821,4,2,2,4,8,8,6,6,1,1,1,1
nvbench2:train:822,2,2,2,2,6,6,4,4,1,1,1,1
nvbench2:train:823,2,2,2,2,6,6,4,4,1,1,1,1
nvbench2:train:824,2,2,2,2,6,6,4,4,1,1,1,1
nvbench2:train:825,5,5,5,5,15,15,10,10,1,1,1,0
nvbench2:train:826,2,2,2,2,6,6,4,4,1,1,1,1
nvbench2:train:827,3,2,3,3,8,8,5,5,1,1,1,1
nvbench2:train:828,5,1,5,5,11,11,6,6,1,1,1,1
nvbench2:train:829,5,1,2,2,5,5,3,3,0,0,0,0
nvbench2:train:830,5,1,5,5,11,11,11,11,1,1,1,0
nvbench2:train:831,2,1,1,2,4,6,4,4,1,1,1,1
nvbench2:train:832,2,1,1,2,4,6,4,4,1,1,1,1
nvbench2:train:833,2,1,2,2,5,5,4,4,1,1,1,1
nvbench2:train:834,2,1,1,2,4,6,4,4,1,1,1,1
nvbench2:train:835,2,1,1,2,4,6,4,4,1,1,1,1
nvbench2:train:836,2,1,1,2,4,6,4,4,1,1,1,1
nvbench2:train:837,2,1,1,2,4,6,4,4,1,1,1,1
nvbench2:train:838,2,1,2,2,5,5,2,2,1,1,1,1
nvbench2:train:839,2,1,1,2,4,6,4,4,1,1,1,1
nvbench2:train:840,2,1,1,2,4,6,3,3,1,1,1,1
nvbench2:train:841,3,1,3,3,7,7,4,4,1,1,1,1
nvbench2:train:842,2,2,2,2,6,6,2,2,0,0,0,0
nvbench2:train:843,3,1,3,3,7,7,4,4,1,1,1,1
nvbench2:train:844,4,2,2,2,6,6,4,4,0,0,0,0
nvbench2:train:845,5,3,5,5,13,13,8,8,1,1,1,1
nvbench2:train:846,4,1,4,4,9,9,9,9,1,1,1,0
nvbench2:train:847,3,2,3,3,8,8,8,8,1,1,1,0
nvbench2:train:848,3,1,3,3,7,7,7,7,1,1,1,1
nvbench2:train:849,2,2,2,2,6,6,4,4,1,1,1,1
nvbench2:train:850,2,2,2,2,6,6,4,4,1,1,1,1
nvbench2:train:851,3,1,3,3,7,7,4,4,1,1,1,1
nvbench2:train:852,2,2,2,2,6,6,4,4,1,1,1,1
nvbench2:train:853,4,1,4,4,9,9,9,9,1,1,1,0
nvbench2:train:854,2,2,2,2,6,6,4,4,1,1,1,1
nvbench2:train:855,2,1,2,2,5,5,3,3,1,1,1,1
nvbench2:train:856,2,2,2,2,6,6,6,6,1,1,1,1
nvbench2:train:857,3,1,2,3,6,8,5,5,1,1,1,1
nvbench2:train:858,5,2,4,5,11,13,8,8,1,1,1,1
nvbench2:train:859,2,2,2,2,6,6,4,4,1,1,1,1
nvbench2:train:860,2,2,2,2,6,6,4,4,1,1,1,1
nvbench2:train:861,2,2,2,2,6,6,2,2,1,1,1,1
nvbench2:train:862,3,1,2,1,4,4,2,2,0,1,1,1
nvbench2:train:863,3,1,2,3,6,8,5,5,1,1,1,1
nvbench2:train:864,2,2,2,2,6,6,4,4,1,1,1,1
nvbench2:train:865,4,1,4,4,9,18,18,15,1,1,1,1
nvbench2:train:866,2,2,2,2,6,6,4,4,1,1,1,1
nvbench2:train:867,3,1,2,3,6,8,5,5,1,1,1,1
nvbench2:train:868,2,2,2,2,6,6,4,4,1,1,1,1
nvbench2:train:869,5,5,5,5,15,15,10,10,1,1,1,0
nvbench2:train:870,2,2,2,2,6,6,4,4,1,1,1,1
nvbench2:train:871,3,2,3,3,8,8,7,7,1,1,1,1
nvbench2:train:872,4,1,4,4,9,9,5,5,1,1,1,1
nvbench2:train:873,4,2,4,4,10,10,10,10,1,1,1,0
nvbench2:train:874,2,2,2,2,6,6,2,2,1,1,1,1
nvbench2:train:875,3,1,2,3,6,8,5,5,1,1,1,1
nvbench2:train:876,2,2,2,2,6,6,4,4,1,1,1,1
nvbench2:train:877,5,1,5,5,11,11,10,10,1,1,1,0
nvbench2:train:878,2,1,2,2,5,10,10,10,1,1,1,1
nvbench2:train:879,4,1,4,4,9,9,5,5,1,1,1,1
nvbench2:train:880,3,1,2,3,6,8,5,5,1,1,1,1
nvbench2:train:881,4,2,4,4,10,10,6,6,1,1,1,1
nvbench2:train:882,3,1,2,3,6,8,5,5,1,1,1,1
nvbench2:train:883,4,2,4,4,10,10,6,6,1,1,1,1
nvbench2:train:884,3,1,2,3,6,8,5,5,1,1,1,1
nvbench2:train:885,2,2,2,2,6,6,2,2,1,1,1,1
nvbench2:train:886,2,1,2,2,5,5,3,3,1,1,1,1
nvbench2:train:887,3,1,1,1,3,3,2,2,0,1,1,1
nvbench2:train:888,2,1,2,2,5,5,4,4,1,1,1,1
nvbench2:train:889,2,2,2,2,6,6,4,4,1,1,1,1
nvbench2:train:890,5,2,4,5,11,11,8,8,1,1,1,1
nvbench2:train:891,2,1,2,1,4,4,2,2,0,1,1,1
nvbench2:train:892,2,1,2,2,5,5,3,3,1,1,1,1
nvbench2:train:893,2,1,2,2,5,5,4,4,1,1,1,1
nvbench2:train:894,2,1,2,2,5,5,4,4,1,1,1,1
nvbench2:train:895,2,1,1,2,4,4,3,3,1,1,1,1
nvbench2:train:896,3,1,1,1,3,3,2,2,0,1,1,1
nvbench2:train:897,4,1,4,4,9,9,5,5,1,1,1,1
nvbench2:train:898,3,2,4,4,10,10,8,8,0,1,1,1
nvbench2:train:899,5,2,5,5,12,12,6,6,1,1,1,1
nvbench2:train:900,2,1,2,2,5,5,3,3,1,1,1,1
nvbench2:train:901,2,1,2,2,5,5,5,5,1,1,1,1
nvbench2:train:902,2,1,2,2,5,5,2,2,0,0,0,0
nvbench2:train:903,2,1,2,2,5,5,4,4,1,1,1,1
nvbench2:train:904,2,2,2,2,6,6,4,4,1,1,1,1
nvbench2:train:905,2,1,2,2,5,5,4,4,1,1,1,1
nvbench2:train:906,2,2,2,2,6,6,4,4,1,1,1,1
nvbench2:train:907,2,1,2,2,5,5,4,4,1,1,1,1
nvbench2:train:908,2,1,2,1,4,4,3,3,0,1,1,1
nvbench2:train:909,2,2,2,2,6,6,4,4,1,1,1,1
nvbench2:train:910,2,2,2,2,6,6,4,4,1,1,1,1
nvbench2:train:911,4,1,4,4,9,9,5,5,1,1,1,1
nvbench2:train:912,3,1,2,1,4,4,3,3,0,1,1,1
nvbench2:train:913,4,4,4,4,12,12,8,8,1,1,1,1
nvbench2:train:914,2,2,2,2,6,6,4,4,1,1,1,1
nvbench2:train:915,4,1,4,4,9,9,5,5,1,1,1,1
nvbench2:train:916,5,1,5,5,11,11,10,10,1,1,1,0
nvbench2:train:917,4,1,4,4,9,9,4,4,1,1,1,1
nvbench2:train:918,5,2,4,5,11,11,8,8,1,1,1,1
nvbench2:train:919,4,1,4,4,9,9,5,5,1,1,1,1
nvbench2:train:920,2,1,2,2,5,5,4,4,1,1,1,1
nvbench2:train:921,4,1,4,4,9,9,5,5,1,1,1,1
nvbench2:train:922,3,1,3,3,7,7,4,4,1,1,1,1
nvbench2:train:923,3,1,3,3,7,7,7,7,1,1,1,1
nvbench2:train:924,4,4,4,4,12,12,4,4,1,1,1,1
nvbench2:train:925,3,1,3,3,7,7,7,7,1,1,1,1
nvbench2:train:926,3,1,3,3,7,7,4,4,1,1,1,1
nvbench2:train:927,4,1,4,4,9,9,5,5,1,1,1,1
nvbench2:train:928,4,1,4,4,9,9,8,8,1,1,1,1
nvbench2:train:929,2,1,2,2,5,10,10,10,1,1,1,1
nvbench2:train:930,2,2,2,2,6,6,4,4,1,1,1,1
nvbench2:train:931,2,1,2,2,5,10,6,6,1,1,1,1
nvbench2:train:932,4,1,4,4,9,9,5,5,1,1,1,1
nvbench2:train:933,2,1,2,2,5,5,5,5,1,1,1,1
nvbench2:train:934,2,2,1,1,4,4,3,3,0,0,1,1
nvbench2:train:935,2,1,2,2,5,10,6,6,1,1,1,1
nvbench2:train:936,4,4,4,4,12,12,8,8,1,1,1,1
nvbench2:train:937,3,1,3,3,7,7,4,4,1,1,1,1
nvbench2:train:938,2,2,2,2,6,6,2,2,1,1,1,1
nvbench2:train:939,2,2,2,2,6,6,4,4,1,1,1,1
nvbench2:train:940,2,1,2,2,5,5,3,3,1,1,1,1
nvbench2:train:941,2,2,2,2,6,6,4,4,1,1,1,1
nvbench2:train:942,3,2,3,3,8,8,8,8,1,1,1,0
nvbench2:train:943,3,1,3,3,7,7,4,4,1,1,1,1
nvbench2:train:944,3,2,3,3,8,8,8,8,1,1,1,0
nvbench2:train:945,2,1,2,2,5,5,4,4,1,1,1,1
nvbench2:train:946,3,2,3,3,8,8,8,8,1,1,1,0
nvbench2:train:947,3,1,2,3,6,8,5,5,1,1,1,1
nvbench2:train:948,4,1,4,4,9,9,8,8,1,1,1,1
nvbench2:train:949,3,1,3,3,7,7,3,3,1,1,1,1
nvbench2:train:950,3,2,3,3,8,8,8,8,1,1,1,0
nvbench2:train:951,3,1,3,3,7,7,7,7,1,1,1,1
nvbench2:train:952,2,2,2,2,6,6,4,4,1,1,1,1
nvbench2:train:953,2,2,2,2,6,6,4,4,1,1,1,1
nvbench2:train:954,3,1,3,3,7,7,4,4,1,1,1,1
nvbench2:train:955,2,1,1,1,3,3,1,1,0,0,0,0
nvbench2:train:956,4,1,4,4,9,9,9,9,1,1,1,0
nvbench2:train:957,3,1,3,3,7,7,4,4,1,1,1,1
nvbench2:train:958,2,2,2,2,6,6,2,2,1,1,1,1
nvbench2:train:959,3,1,3,3,7,7,4,4,1,1,1,1
nvbench2:train:960,3,1,3,3,7,7,7,7,1,1,1,1
nvbench2:train:961,2,1,1,2,4,6,3,3,1,1,1,1
nvbench2:train:962,5,1,5,5,11,11,6,6,1,1,1,1
nvbench2:train:963,5,1,5,5,11,11,6,6,1,1,1,1
nvbench2:train:964,3,1,3,3,7,7,4,4,1,1,1,1
nvbench2:train:965,4,1,4,4,9,9,5,5,1,1,1,1
nvbench2:train:966,4,1,4,4,9,9,8,8,1,1,1,1
nvbench2:train:967,2,1,2,2,5,10,6,6,1,1,1,1
nvbench2:train:968,2,1,2,2,5,5,3,3,1,1,1,1
nvbench2:train:969,5,1,5,5,11,11,5,5,1,1,1,1
nvbench2:train:970,5,1,5,5,11,11,5,5,1,1,1,1
nvbench2:train:971,4,1,4,4,9,9,9,9,1,1,1,0
nvbench2:train:972,3,2,3,3,8,8,8,8,1,1,1,0
nvbench2:train:973,3,1,3,3,7,7,7,7,1,1,1,1
nvbench2:train:974,2,2,2,2,6,6,4,4,1,1,1,1
nvbench2:train:975,2,2,2,2,6,6,4,4,1,1,1,1
nvbench2:train:976,3,1,3,3,7,7,4,4,1,1,1,1
nvbench2:train:977,2,2,2,2,6,6,4,4,1,1,1,1
nvbench2:train:978,5,1,3,5,9,9,8,8,1,1,1,1
nvbench2:train:979,2,2,2,2,6,6,4,4,1,1,1,1
nvbench2:train:980,3,1,3,3,7,7,4,4,1,1,1,1
nvbench2:train:981,3,1,3,3,7,7,7,7,1,1,1,1
nvbench2:train:982,3,1,3,3,7,7,4,4,1,1,1,1
nvbench2:train:983,3,1,3,3,7,7,4,4,1,1,1,1
nvbench2:train:984,3,1,3,3,7,7,7,7,1,1,1,1
nvbench2:train:985,5,1,5,5,11,11,6,6,1,1,1,1
nvbench2:train:986,5,1,5,5,11,11,6,6,1,1,1,1
nvbench2:train:987,2,1,1,2,4,6,3,3,1,1,1,1
nvbench2:train:988,4,1,4,4,9,18,10,10,1,1,1,1
nvbench2:train:989,2,1,1,1,3,4,3,3,0,1,1,1
nvbench2:train:990,4,1,4,4,9,9,5,5,1,1,1,1
nvbench2:train:991,5,1,5,5,11,11,5,5,1,1,1,1
nvbench2:train:992,4,1,4,4,9,18,10,10,1,1,1,1
nvbench2:train:993,3,1,3,3,7,7,4,4,1,1,1,1
nvbench2:train:994,2,1,1,2,4,6,3,3,1,1,1,1
nvbench2:train:995,4,1,4,4,9,9,9,9,1,1,1,0
nvbench2:train:996,2,1,2,2,5,5,2,2,1,1,1,1
nvbench2:train:997,3,1,3,1,5,5,4,4,0,1,1,1
nvbench2:train:998,4,1,4,4,9,9,5,5,1,1,1,1
nvbench2:train:999,3,1,3,3,7,7,7,7,1,1,1,1
nvbench2:train:1000,5,2,5,5,12,12,6,6,1,1,1,1
nvbench2:train:1001,2,1,2,2,5,5,3,3,1,1,1,1
nvbench2:train:1002,2,1,2,2,5,5,5,5,1,1,1,1
nvbench2:train:1003,5,1,5,5,11,11,6,6,1,1,1,1
nvbench2:train:1004,2,2,2,2,6,6,6,6,1,1,1,1
nvbench2:train:1005,2,2,2,2,6,6,4,4,1,1,1,1
nvbench2:train:1006,3,1,3,3,7,7,4,4,1,1,1,1
nvbench2:train:1007,4,1,4,4,9,9,9,9,1,1,1,1
nvbench2:train:1008,3,1,2,3,6,8,5,5,1,1,1,1
nvbench2:train:1009,3,1,3,3,7,7,4,4,1,1,1,1
nvbench2:train:1010,4,1,4,4,9,9,8,8,1,1,1,1
nvbench2:train:1011,2,1,2,2,5,10,10,10,1,1,1,0
nvbench2:train:1012,3,1,3,3,7,7,4,4,1,1,1,1
nvbench2:train:1013,5,2,4,5,11,13,9,9,1,1,1,1
nvbench2:train:1014,3,1,3,3,7,7,4,4,1,1,1,1
nvbench2:train:1015,2,1,2,2,5,5,2,2,1,1,1,1
nvbench2:train:1016,3,2,3,3,8,8,4,4,1,1,1,1
nvbench2:train:1017,2,1,2,2,5,5,4,4,1,1,1,1
nvbench2:train:1018,2,2,2,2,6,6,4,4,1,1,1,1
nvbench2:train:1019,2,2,2,2,6,6,4,4,1,1,1,1
nvbench2:train:1020,3,1,2,3,6,8,5,5,1,1,1,1
nvbench2:train:1021,3,1,2,2,5,7,7,7,0,0,0,0
nvbench2:train:1022,3,1,3,3,7,7,7,7,1,1,1,1
nvbench2:train:1023,5,1,5,5,11,11,6,6,1,1,1,1
nvbench2:train:1024,3,1,3,3,7,7,4,4,1,1,1,1
nvbench2:train:1025,3,1,3,3,7,7,4,4,1,1,1,1
nvbench2:train:1026,3,1,2,2,5,5,5,5,0,1,1,1
nvbench2:train:1027,3,1,1,1,3,3,2,2,0,1,1,1
nvbench2:train:1028,4,1,2,1,4,4,2,2,0,1,1,1
nvbench2:train:1029,4,1,1,1,3,3,2,2,0,1,1,1
nvbench2:train:1030,4,1,1,1,3,3,1,1,0,0,0,0
nvbench2:train:1031,4,2,4,4,10,10,5,5,1,1,1,1
nvbench2:train:1032,4,2,4,4,10,10,9,9,1,1,1,0
nvbench2:train:1033,2,2,2,2,6,6,4,4,1,1,1,1
nvbench2:train:1034,2,1,2,2,5,5,5,5,1,1,1,1
nvbench2:train:1035,2,2,2,2,6,6,4,4,1,1,1,1
nvbench2:train:1036,5,5,5,5,15,15,10,10,1,1,1,0
nvbench2:train:1037,2,2,2,2,6,6,4,4,1,1,1,1
nvbench2:train:1038,3,2,3,3,8,8,5,5,1,1,1,1
nvbench2:train:1039,2,2,2,2,6,6,6,6,1,1,1,1
nvbench2:train:1040,2,2,2,2,6,6,6,6,1,1,1,1
nvbench2:train:1041,3,1,3,3,7,7,4,4,1,1,1,1
nvbench2:train:1042,2,2,2,2,6,6,4,4,1,1,1,1
nvbench2:train:1043,2,1,2,2,5,5,4,4,1,1,1,1
nvbench2:train:1044,2,2,2,2,6,6,4,4,0,1,1,1
nvbench2:train:1045,2,2,2,2,6,6,6,6,1,1,1,1
nvbench2:train:1046,4,2,4,4,10,10,9,9,1,1,1,0
nvbench2:train:1047,4,2,4,4,10,10,6,6,1,1,1,1
nvbench2:train:1048,2,1,2,2,5,5,3,3,1,1,1,1
nvbench2:train:1049,3,3,3,3,9,9,8,8,1,1,1,0
nvbench2:train:1050,2,2,2,2,6,6,4,4,1,1,1,1
nvbench2:train:1051,2,1,1,1,3,3,1,1,0,1,1,1
nvbench2:train:1052,3,3,3,3,10,10,8,8,1,1,1,0
nvbench2:train:1053,2,1,2,2,5,5,2,2,1,1,1,1
nvbench2:train:1054,2,2,2,2,6,6,3,3,1,1,1,1
nvbench2:train:1055,2,1,2,2,5,5,4,4,1,1,1,1
nvbench2:train:1056,3,2,3,3,8,8,6,6,1,1,1,1
nvbench2:train:1057,2,2,2,2,6,6,6,6,1,1,1,1
nvbench2:train:1058,4,1,2,2,5,5,3,3,0,0,0,0
nvbench2:train:1059,4,1,4,4,9,9,9,9,1,1,1,0
nvbench2:train:1060,3,1,3,3,7,7,6,6,1,1,1,1
nvbench2:train:1061,5,1,5,5,11,11,6,6,1,1,1,1
nvbench2:train:1062,4,1,4,4,9,9,5,5,1,1,1,1
nvbench2:train:1063,4,1,4,4,9,9,9,9,1,1,1,0
nvbench2:train:1064,5,1,5,5,11,11,11,11,1,1,1,0
nvbench2:train:1065,2,1,1,1,3,3,2,2,0,0,0,0
nvbench2:train:1066,2,1,2,2,5,5,5,5,1,1,1,1
nvbench2:train:1067,2,1,1,2,4,6,3,3,1,1,1,1
nvbench2:train:1068,2,1,2,2,5,10,6,6,1,1,1,1
nvbench2:train:1069,4,1,2,4,7,11,7,7,1,1,1,1
nvbench2:train:1070,2,1,2,2,5,5,3,3,1,1,1,1
nvbench2:train:1071,3,1,3,3,7,7,3,3,1,1,1,1
nvbench2:train:1072,4,1,2,4,7,11,7,7,1,1,1,1
nvbench2:train:1073,5,1,5,5,11,11,6,6,1,1,1,1
nvbench2:train:1074,5,2,5,5,12,12,12,12,1,1,1,0
nvbench2:train:1075,4,2,4,4,10,10,6,6,1,1,1,1
nvbench2:train:1076,2,2,2,2,6,6,4,4,1,1,1,1
nvbench2:train:1077,5,1,5,5,11,11,6,6,1,1,1,1
nvbench2:train:1078,4,4,4,4,12,12,8,8,1,1,1,1
nvbench2:train:1079,5,1,5,5,11,11,6,6,1,1,1,1
nvbench2:train:1080,2,1,2,2,5,5,4,4,1,1,1,1
nvbench2:train:1081,4,4,4,4,12,12,4,4,1,1,1,1
nvbench2:train:1082,2,2,2,2,6,6,4,4,1,1,1,1
nvbench2:train:1083,5,1,5,5,11,11,6,6,1,1,1,1
nvbench2:train:1084,2,2,2,2,6,6,4,4,1,1,1,1
nvbench2:train:1085,2,1,2,2,5,5,2,2,1,1,1,1
nvbench2:train:1086,3,2,3,3,8,8,4,4,1,1,1,1
nvbench2:train:1087,3,1,2,3,6,8,6,6,1,1,1,1
nvbench2:train:1088,2,2,2,2,6,6,4,4,1,1,1,1
nvbench2:train:1089,2,1,2,2,5,5,2,2,1,1,1,1
nvbench2:train:1090,2,2,2,2,6,6,6,6,1,1,1,1
nvbench2:train:1091,2,2,2,2,6,6,2,2,1,1,1,1
nvbench2:train:1092,2,1,2,2,5,5,3,3,1,1,1,1
nvbench2:train:1093,3,3,3,3,10,10,8,8,1,1,1,0
nvbench2:train:1094,2,2,2,2,6,6,4,4,1,1,1,1
nvbench2:train:1095,3,1,3,3,7,7,4,4,1,1,1,1
nvbench2:train:1096,3,3,3,3,10,10,8,8,1,1,1,0
nvbench2:train:1097,4,1,4,4,9,9,9,9,1,1,1,1
nvbench2:train:1098,2,2,2,2,6,6,4,4,1,1,1,1
nvbench2:train:1099,2,1,2,2,5,5,3,3,1,1,1,1
nvbench2:train:1100,2,2,2,2,6,6,4,4,1,1,1,1
nvbench2:train:1101,2,2,2,2,6,6,4,4,1,1,1,1
nvbench2:train:1102,3,1,2,3,6,8,5,5,1,1,1,1
nvbench2:train:1103,5,1,5,5,11,11,6,6,1,1,1,1
nvbench2:train:1104,5,2,5,5,12,12,12,12,1,1,1,0
nvbench2:train:1105,5,2,4,6,12,16,10,10,0,1,1,1
nvbench2:train:1106,5,1,5,5,11,11,6,6,1,1,1,1
nvbench2:train:1107,2,1,2,2,5,5,4,4,1,1,1,1
nvbench2:train:1108,2,2,2,2,6,6,4,4,1,1,1,1
nvbench2:train:1109,3,1,3,3,7,14,14,14,1,1,1,1
nvbench2:train:1110,2,2,2,2,6,6,4,4,1,1,1,1
nvbench2:train:1111,5,1,5,5,11,11,6,6,1,1,1,1
nvbench2:train:1112,3,1,3,3,7,7,4,4,1,1,1,1
nvbench2:train:1113,5,2,5,5,12,12,12,12,1,1,1,0
nvbench2:train:1114,5,2,5,5,12,12,12,12,1,1,1,0
nvbench2:train:1115,2,1,2,2,5,5,3,3,1,1,1,1
nvbench2:train:1116,5,1,5,5,11,11,10,10,1,1,1,0
nvbench2:train:1117,2,1,2,2,5,5,5,5,1,1,1,1
nvbench2:train:1118,2,1,2,2,5,5,3,3,1,1,1,1
nvbench2:train:1119,4,1,4,4,9,9,5,5,1,1,1,1
nvbench2:train:1120,5,1,3,5,9,13,8,8,1,1,1,1
nvbench2:train:1121,5,1,4,4,9,9,9,9,0,1,1,0
nvbench2:train:1122,5,1,4,4,9,9,5,5,0,1,1,1
nvbench2:train:1123,2,1,1,2,4,4,3,3,1,1,1,1
nvbench2:train:1124,4,1,4,4,9,9,5,5,1,1,1,1
nvbench2:train:1125,5,1,3,5,9,13,8,8,1,1,1,1
nvbench2:train:1126,5,1,5,5,11,11,7,7,1,1,1,1
nvbench2:train:1127,2,1,2,2,5,5,5,5,1,1,1,1
nvbench2:train:1128,5,2,5,5,12,12,10,10,1,1,1,0
nvbench2:train:1129,5,1,3,5,9,13,8,8,1,1,1,1
nvbench2:train:1130,2,1,1,1,3,3,2,2,0,0,0,0
nvbench2:train:1131,5,1,5,5,11,11,10,10,1,1,1,0
nvbench2:train:1132,2,1,2,2,5,5,5,5,1,1,1,1
nvbench2:train:1133,5,1,5,5,11,11,11,11,1,1,1,0
nvbench2:train:1134,5,1,2,1,4,4,2,2,0,1,1,1
nvbench2:train:1135,5,1,3,5,9,13,8,8,1,1,1,1
nvbench2:train:1136,4,1,4,4,9,18,10,10,1,1,1,1
nvbench2:train:1137,5,1,3,5,9,13,8,8,1,1,1,1
nvbench2:train:1138,4,1,4,4,9,9,5,5,1,1,1,1
nvbench2:train:1139,4,2,3,4,9,9,7,7,1,1,1,1
nvbench2:train:1140,2,1,1,1,3,3,1,1,0,1,1,1
nvbench2:train:1141,4,3,3,4,10,10,6,6,1,1,1,1
nvbench2:train:1142,2,2,2,2,6,6,4,4,1,1,1,1
nvbench2:train:1143,4,2,2,2,6,6,4,4,0,1,1,1
nvbench2:train:1144,3,1,2,3,6,8,5,5,1,1,1,1
nvbench2:train:1145,2,2,2,2,6,6,4,4,1,1,1,1
nvbench2:train:1146,3,1,2,3,6,8,5,5,1,1,1,1
nvbench2:train:1147,2,2,2,2,6,6,2,2,1,1,1,1
nvbench2:train:1148,2,2,2,2,6,6,2,2,1,1,1,1
nvbench2:train:1149,3,1,2,3,6,8,5,5,1,1,1,1
nvbench2:train:1150,3,1,2,3,6,8,5,5,1,1,1,1
nvbench2:train:1151,4,1,4,4,9,18,18,15,1,1,1,1
nvbench2:train:1152,2,2,2,2,6,6,4,4,1,1,1,1
nvbench2:train:1153,3,1,2,3,6,8,5,5,1,1,1,1
nvbench2:train:1154,2,1,2,2,5,5,3,3,1,1,1,1
nvbench2:train:1155,2,2,2,2,6,6,2,2,1,1,1,1
nvbench2:train:1156,2,2,2,2,6,6,4,4,1,1,1,1
nvbench2:train:1157,2,2,2,2,6,6,4,4,1,1,1,1
nvbench2:train:1158,2,1,1,2,4,4,3,3,1,1,1,1
nvbench2:train:1159,3,1,3,3,7,7,4,4,1,1,1,1
nvbench2:train:1160,4,1,4,4,9,9,5,5,1,1,1,1
nvbench2:train:1161,3,1,3,3,7,7,7,7,1,1,1,1
nvbench2:train:1162,5,2,5,5,12,12,6,6,1,1,1,1
nvbench2:train:1163,2,1,2,2,5,5,3,3,1,1,1,1
nvbench2:train:1164,2,1,2,2,5,5,5,5,1,1,1,1
nvbench2:train:1165,5,1,5,5,11,11,6,6,1,1,1,1
nvbench2:train:1166,2,2,2,2,6,6,2,2,1,1,1,1
nvbench2:train:1167,3,1,3,3,7,7,4,4,1,1,1,1
nvbench2:train:1168,2,2,2,2,6,6,4,4,1,1,1,1
nvbench2:train:1169,4,4,4,4,12,12,8,8,1,1,1,1
nvbench2:train:1170,2,2,2,2,6,6,4,4,1,1,1,1
nvbench2:train:1171,2,2,2,2,6,6,4,4,1,1,1,1
nvbench2:train:1172,4,1,4,4,9,9,8,8,1,1,1,1
nvbench2:train:1173,4,2,2,4,8,8,6,6,1,1,1,1
nvbench2:train:1174,4,1,4,4,9,18,10,10,1,1,1,1
nvbench2:train:1175,2,1,1,1,3,4,3,3,0,1,1,1
nvbench2:train:1176,2,2,2,2,6,6,2,2,1,1,1,1
nvbench2:train:1177,2,1,1,2,4,6,3,3,1,1,1,1
nvbench2:train:1178,4,1,4,4,9,18,18,15,1,1,1,1
nvbench2:train:1179,2,1,1,2,4,6,3,3,1,1,1,1
nvbench2:train:1180,2,2,2,2,6,6,2,2,1,1,1,1
nvbench2:train:1181,4,1,4,4,9,18,18,15,1,1,1,1
nvbench2:train:1182,4,2,4,4,10,10,6,6,1,1,1,1
nvbench2:train:1183,2,2,2,2,6,6,4,4,1,1,1,1
nvbench2:train:1184,4,1,4,4,9,18,18,15,1,1,1,1
nvbench2:train:1185,4,2,4,4,10,10,10,10,1,1,1,0
nvbench2:train:1186,4,1,4,4,9,9,5,5,0,0,0,0
nvbench2:train:1187,2,1,1,1,3,3,2,2,0,0,0,0
nvbench2:train:1188,2,2,2,2,6,6,2,2,1,1,1,1
nvbench2:train:1189,4,1,4,4,9,18,10,10,1,1,1,1
nvbench2:train:1190,2,2,2,2,6,6,2,2,1,1,1,1
nvbench2:train:1191,3,2,2,2,6,6,4,4,0,1,1,1
nvbench2:train:1192,2,2,2,2,6,6,2,2,1,1,1,1
nvbench2:train:1193,2,2,2,2,6,6,4,4,1,1,1,1
nvbench2:train:1194,4,1,4,4,9,9,5,5,1,1,1,1
nvbench2:train:1195,4,2,4,4,10,10,6,6,1,1,1,1
nvbench2:train:1196,2,1,1,2,4,6,3,3,1,1,1,1
nvbench2:train:1197,3,1,3,3,7,7,4,4,1,1,1,1
nvbench2:train:1198,2,2,2,2,6,6,6,6,1,1,1,1
nvbench2:train:1199,3,1,3,3,7,7,7,7,1,1,1,1
nvbench2:train:1200,5,2,5,5,12,12,7,7,1,1,1,1
nvbench2:train:1201,3,1,3,3,7,7,4,4,1,1,1,1
nvbench2:train:1202,4,1,4,4,9,9,5,5,1,1,1,1
nvbench2:train:1203,5,2,5,5,12,12,12,12,1,1,1,0
nvbench2:train:1204,2,2,2,2,6,6,2,2,1,1,1,1
nvbench2:train:1205,3,1,3,3,7,7,7,7,1,1,1,1
nvbench2:train:1206,3,1,3,3,7,7,7,7,1,1,1,1
nvbench2:train:1207,3,1,3,3,7,7,4,4,1,1,1,1
nvbench2:train:1208,5,2,5,5,12,12,12,12,1,1,1,0
nvbench2:train:1209,3,2,3,3,8,8,8,8,1,1,1,0
nvbench2:train:1210,3,1,3,3,7,7,4,4,1,1,1,1
nvbench2:train:1211,3,2,3,3,8,8,8,8,1,1,1,0
nvbench2:train:1212,3,1,2,3,6,8,5,5,1,1,1,1
nvbench2:train:1213,3,2,3,3,8,8,8,8,1,1,1,0
nvbench2:train:1214,3,1,1,1,3,3,2,2,0,1,1,1
nvbench2:train:1215,5,1,3,5,9,13,9,9,1,1,1,1
nvbench2:train:1216,4,1,4,4,9,9,8,8,0,0,0,0
nvbench2:train:1217,4,2,4,4,10,10,9,9,1,1,1,0
nvbench2:train:1218,3,1,2,1,4,4,3,3,0,1,1,1
nvbench2:train:1219,2,2,2,2,6,6,5,5,1,1,1,1
nvbench2:train:1220,2,1,2,2,5,5,4,4,1,1,1,1
nvbench2:train:1221,2,2,2,2,6,6,4,4,1,1,1,1
nvbench2:train:1222,3,1,2,1,4,4,3,3,0,1,1,1
nvbench2:train:1223,2,1,1,2,4,6,4,4,1,1,1,1
nvbench2:train:1224,3,1,2,3,6,8,6,6,1,1,1,1
nvbench2:train:1225,5,1,4,5,10,10,10,10,1,1,1,0
nvbench2:train:1226,3,1,3,3,7,7,6,6,1,1,1,1
nvbench2:train:1227,3,1,2,3,6,8,5,5,1,1,1,1
nvbench2:train:1228,4,2,4,4,10,10,9,9,1,1,1,0
nvbench2:train:1229,3,3,3,3,10,10,9,9,1,1,1,0
nvbench2:train:1230,2,2,2,2,6,6,6,6,1,1,1,1
nvbench2:train:1231,2,2,2,2,6,6,4,4,1,1,1,1
nvbench2:train:1232,2,2,2,2,6,6,5,5,1,1,1,1
nvbench2:train:1233,3,3,3,3,10,10,8,8,1,1,1,0
nvbench2:train:1234,2,2,2,2,6,6,5,5,1,1,1,1
nvbench2:train:1235,2,1,2,2,5,5,5,5,1,1,1,1
nvbench2:train:1236,5,5,5,5,15,15,10,10,1,1,1,0
nvbench2:train:1237,5,2,5,5,12,12,6,6,1,1,1,1
nvbench2:train:1238,2,1,2,2,5,5,3,3,1,1,1,1
nvbench2:train:1239,5,2,5,5,12,12,7,7,1,1,1,1
nvbench2:train:1240,5,5,5,5,15,15,10,10,1,1,1,0
nvbench2:train:1241,3,1,3,3,7,7,4,4,1,1,1,1
nvbench2:train:1242,2,1,1,2,4,4,3,3,1,1,1,1
nvbench2:train:1243,4,2,4,4,10,10,10,10,1,1,1,0
nvbench2:train:1244,2,1,2,2,5,5,3,3,1,1,1,1
nvbench2:train:1245,2,1,2,2,5,5,5,5,1,1,1,1
nvbench2:train:1246,4,1,3,3,7,7,7,7,0,1,1,1
nvbench2:train:1247,2,1,2,2,5,5,3,3,1,1,1,1
nvbench2:train:1248,3,1,3,3,7,7,4,4,1,1,1,1
nvbench2:train:1249,2,1,2,2,5,5,2,2,1,1,1,1
nvbench2:train:1250,5,1,1,1,3,3,2,2,0,1,1,1
nvbench2:train:1251,4,4,4,4,12,12,4,4,1,1,1,1
nvbench2:train:1252,4,2,4,4,10,10,5,5,1,1,1,1
nvbench2:train:1253,4,1,4,4,9,9,7,7,1,1,1,1
nvbench2:train:1254,4,2,4,4,10,10,9,9,1,1,1,0
nvbench2:train:1255,2,2,2,2,6,6,6,6,1,1,1,1
nvbench2:train:1256,2,1,2,2,5,5,5,5,1,1,1,1
nvbench2:train:1257,2,2,2,2,6,6,4,4,1,1,1,1
nvbench2:train:1258,2,1,2,2,5,5,3,3,1,1,1,1
nvbench2:train:1259,2,2,2,2,6,6,4,4,1,1,1,1
nvbench2:train:1260,4,4,4,4,12,12,4,4,1,1,1,1
nvbench2:train:1261,4,2,4,4,10,10,5,5,1,1,1,1
nvbench2:train:1262,4,1,4,4,9,9,7,7,1,1,1,1
nvbench2:train:1263,4,2,4,4,10,10,9,9,1,1,1,0
nvbench2:train:1264,2,2,2,2,6,6,6,6,1,1,1,1
nvbench2:train:1265,2,1,2,2,5,5,5,5,1,1,1,1
nvbench2:train:1266,4,2,2,4,8,8,6,6,1,1,1,1
nvbench2:train:1267,4,2,4,4,10,10,10,10,1,1,1,0
nvbench2:train:1268,5,1,5,5,11,11,10,10,1,1,1,1
nvbench2:train:1269,5,2,5,5,12,12,12,12,1,1,1,0
nvbench2:train:1270,4,2,2,4,8,8,6,6,1,1,1,1
nvbench2:train:1271,5,1,5,5,11,11,11,11,1,1,1,0
nvbench2:train:1272,4,1,1,1,3,3,2,2,0,1,1,1
nvbench2:train:1273,2,1,1,2,4,6,3,3,1,1,1,1
nvbench2:train:1274,5,1,5,5,11,11,10,10,1,1,1,1
nvbench2:train:1275,2,1,1,2,4,4,3,3,1,1,1,1
nvbench2:train:1276,4,2,2,4,8,8,6,6,1,1,1,1
nvbench2:train:1277,5,1,5,5,11,11,6,6,0,1,1,1
nvbench2:train:1278,4,2,4,4,10,10,6,6,1,1,1,1
nvbench2:train:1279,4,1,4,4,9,9,9,9,1,1,1,0
nvbench2:train:1280,4,1,4,4,9,9,5,5,1,1,1,1
nvbench2:train:1281,3,1,2,3,6,8,6,6,1,1,1,1
nvbench2:train:1282,4,2,4,4,10,10,10,10,1,1,1,0
nvbench2:train:1283,3,1,3,3,7,7,4,4,1,1,1,1
nvbench2:train:1284,2,1,2,2,5,5,2,2,1,1,1,1
nvbench2:train:1285,4,4,4,4,12,12,4,4,1,1,1,1
nvbench2:train:1286,2,2,2,2,6,6,2,2,1,1,1,1
nvbench2:train:1287,2,1,2,2,5,5,4,4,1,1,1,1
nvbench2:train:1288,2,1,2,2,5,5,2,2,1,1,1,1
nvbench2:train:1289,2,1,1,1,3,3,1,1,0,0,0,0
nvbench2:train:1290,2,1,2,2,5,5,4,4,1,1,1,1
nvbench2:train:1291,2,1,2,2,5,5,2,2,1,1,1,1
nvbench2:train:1292,2,2,2,2,6,6,4,4,1,1,1,1
nvbench2:train:1293,4,1,4,4,9,9,5,5,1,1,1,1
nvbench2:train:1294,2,1,2,2,5,5,2,2,1,1,1,1
nvbench2:train:1295,2,1,2,2,5,5,4,4,1,1,1,1
nvbench2:train:1296,4,2,4,4,10,10,4,4,1,1,1,1
nvbench2:train:1297,5,2,5,5,12,12,12,12,1,1,1,0
nvbench2:train:1298,2,1,1,1,3,3,1,1,0,0,0,0
nvbench2:train:1299,2,1,2,2,5,5,2,2,1,1,1,1
nvbench2:train:1300,4,2,4,4,10,10,8,8,1,1,1,1
nvbench2:train:1301,4,1,4,4,9,9,5,5,1,1,1,1
nvbench2:train:1302,2,1,2,2,5,5,2,2,1,1,1,1
nvbench2:train:1303,5,2,5,5,12,12,7,7,1,1,1,1
nvbench2:train:1304,5,2,5,5,12,12,12,12,1,1,1,0
nvbench2:train:1305,2,2,2,2,6,6,4,4,1,1,1,1
nvbench2:train:1306,5,2,5,5,12,12,12,12,1,1,1,0
nvbench2:train:1307,2,2,2,2,6,6,4,4,1,1,1,1
nvbench2:train:1308,2,2,2,2,6,6,4,4,1,1,1,1
nvbench2:train:1309,2,2,2,2,6,6,4,4,1,1,1,1
nvbench2:train:1310,5,1,5,5,11,11,10,10,1,1,1,1
nvbench2:train:1311,5,2,5,5,12,12,11,11,1,1,1,0
nvbench2:train:1312,2,2,2,2,6,6,4,4,1,1,1,1
nvbench2:train:1313,5,5,5,5,15,15,10,10,1,1,1,0
nvbench2:train:1314,2,2,2,2,6,6,4,4,1,1,1,1
nvbench2:train:1315,4,1,1,1,3,3,1,1,0,1,1,1
nvbench2:train:1316,2,1,2,2,5,5,3,3,1,1,1,1
nvbench2:train:1317,3,3,3,3,10,10,8,8,1,1,1,0
nvbench2:train:1318,2,2,2,2,6,6,4,4,1,1,1,1
nvbench2:train:1319,2,1,2,2,5,5,3,3,1,1,1,1
nvbench2:train:1320,3,3,3,3,10,10,8,8,1,1,1,0
nvbench2:train:1321,2,2,2,2,6,6,6,6,1,1,1,1
nvbench2:train:1322,4,1,4,4,9,9,5,5,1,1,1,1
nvbench2:train:1323,4,1,4,4,9,9,9,9,1,1,1,0
nvbench2:train:1324,4,1,4,4,9,9,5,5,1,1,1,1
nvbench2:train:1325,5,1,5,5,11,11,10,10,1,1,1,0
nvbench2:train:1326,2,2,2,2,6,6,4,4,1,1,1,1
nvbench2:train:1327,2,2,2,2,6,6,4,4,1,1,1,1
nvbench2:train:1328,4,1,4,4,9,9,5,5,1,1,1,1
nvbench2:train:1329,2,2,2,2,6,6,2,2,1,1,1,1
nvbench2:train:1330,3,1,2,3,6,8,5,5,1,1,1,1
nvbench2:train:1331,5,2,5,5,12,12,7,7,1,1,1,1
nvbench2:train:1332,5,2,5,5,12,12,12,12,1,1,1,0
nvbench2:train:1333,2,2,2,2,6,6,4,4,1,1,1,1
nvbench2:train:1334,5,2,5,5,12,12,12,12,1,1,1,0
nvbench2:train:1335,2,2,2,2,6,6,4,4,1,1,1,1
nvbench2:train:1336,2,2,2,2,6,6,4,4,1,1,1,1
nvbench2:train:1337,2,2,2,2,6,6,4,4,1,1,1,1
nvbench2:train:1338,5,1,5,5,11,11,11,11,1,1,1,0
nvbench2:train:1339,5,2,5,5,12,12,12,12,1,1,1,0
nvbench2:train:1340,2,2,2,2,6,6,4,4,1,1,1,1
nvbench2:train:1341,5,5,5,5,15,15,10,10,1,1,1,1
nvbench2:train:1342,2,2,2,2,6,6,6,6,1,1,1,1
nvbench2:train:1343,5,1,5,5,11,11,6,6,1,1,1,1
nvbench2:train:1344,5,1,5,5,11,11,6,6,1,1,1,1
nvbench2:train:1345,5,1,5,5,11,11,6,6,1,1,1,1
nvbench2:train:1346,5,2,5,5,12,12,12,12,1,1,1,0
nvbench2:train:1347,3,1,2,1,4,4,3,3,0,1,1,1
nvbench2:train:1348,2,2,2,2,6,6,4,4,1,1,1,1
nvbench2:train:1349,5,1,5,5,11,11,6,6,1,1,1,1
nvbench2:train:1350,5,1,5,5,11,11,6,6,1,1,1,1
nvbench2:train:1351,5,2,4,5,11,11,8,8,1,1,1,1
nvbench2:train:1352,2,1,2,2,5,10,10,10,1,1,1,1
nvbench2:train:1353,4,4,4,4,12,12,4,4,1,1,1,1
nvbench2:train:1354,5,1,5,5,11,11,6,6,1,1,1,1
nvbench2:train:1355,3,1,2,3,6,6,5,5,1,1,1,1
nvbench2:train:1356,2,1,2,2,5,5,3,3,1,1,1,1
nvbench2:train:1357,3,1,3,3,7,7,7,7,1,1,1,1
nvbench2:train:1358,2,1,2,2,5,5,4,4,1,1,1,1
nvbench2:train:1359,3,1,3,3,7,7,7,7,1,1,1,1
nvbench2:train:1360,5,2,5,5,12,12,6,6,1,1,1,1
nvbench2:train:1361,3,1,3,3,7,7,4,4,1,1,1,1
nvbench2:train:1362,4,1,4,4,9,9,9,9,1,1,1,0
nvbench2:train:1363,2,2,2,2,6,6,4,4,1,1,1,1
nvbench2:train:1364,2,1,2,2,5,5,3,3,1,1,1,1
nvbench2:train:1365,2,2,2,2,6,6,4,4,1,1,1,1
nvbench2:train:1366,2,2,2,2,6,6,2,2,1,1,1,1
nvbench2:train:1367,2,1,2,2,5,5,3,3,1,1,1,1
nvbench2:train:1368,3,3,3,3,10,10,8,8,1,1,1,0
nvbench2:train:1369,2,2,2,2,6,6,4,4,1,1,1,1
nvbench2:train:1370,3,1,3,3,7,7,4,4,1,1,1,1
nvbench2:train:1371,3,3,3,3,10,10,8,8,1,1,1,0
nvbench2:train:1372,3,2,3,3,8,8,8,8,1,1,1,0
nvbench2:train:1373,5,1,5,5,11,11,11,11,1,1,1,0
nvbench2:train:1374,3,1,3,3,7,7,6,6,1,1,1,1
nvbench2:train:1375,4,1,2,4,7,11,7,7,1,1,1,1
nvbench2:train:1376,5,1,5,5,11,11,6,6,1,1,1,1
nvbench2:train:1377,4,1,2,4,7,11,7,7,1,1,1,1
nvbench2:train:1378,5,1,5,5,11,11,11,11,1,1,1,0
nvbench2:train:1379,4,1,2,4,7,11,7,7,1,1,1,1
nvbench2:train:1380,3,2,3,3,8,8,8,8,1,1,1,0
nvbench2:train:1381,4,1,2,4,7,11,7,7,1,1,1,1
nvbench2:train:1382,2,1,1,2,4,6,3,3,1,1,1,1
nvbench2:train:1383,2,1,2,2,5,5,3,3,1,1,1,1
nvbench2:train:1384,3,1,3,3,7,7,3,3,1,1,1,1
nvbench2:train:1385,3,1,3,3,7,7,6,6,1,1,1,1
nvbench2:train:1386,3,1,3,3,7,7,3,3,1,1,1,1
nvbench2:train:1387,3,2,3,3,8,8,8,8,1,1,1,0
nvbench2:train:1388,4,1,2,4,7,11,7,7,1,1,1,1
nvbench2:train:1389,2,1,2,2,5,10,10,10,1,1,1,1
nvbench2:train:1390,2,1,2,2,5,5,5,5,1,1,1,1
nvbench2:train:1391,2,1,1,1,3,4,3,3,0,1,1,1
nvbench2:train:1392,2,2,2,2,6,6,2,2,1,1,1,1
nvbench2:train:1393,2,1,2,2,5,5,3,3,1,1,1,1
nvbench2:train:1394,3,3,3,3,10,10,8,8,1,1,1,0
nvbench2:train:1395,2,2,2,2,6,6,4,4,1,1,1,1
nvbench2:train:1396,3,3,3,3,10,10,8,8,1,1,1,0
nvbench2:train:1397,2,1,2,2,5,5,5,5,1,1,1,1
nvbench2:train:1398,4,1,1,1,3,3,1,1,0,0,0,0
nvbench2:train:1399,3,2,3,3,8,8,5,5,1,1,1,1
nvbench2:train:1400,4,1,4,4,9,9,5,5,1,1,1,1
nvbench2:train:1401,2,1,2,2,5,5,3,3,1,1,1,1
nvbench2:train:1402,2,1,1,1,6,6,2,2,0,0,0,0
nvbench2:train:1403,3,2,3,3,8,8,5,5,1,1,1,1
nvbench2:train:1404,5,2,5,5,12,12,11,11,1,1,1,0
nvbench2:train:1405,4,1,4,4,9,9,5,5,1,1,1,1
nvbench2:train:1406,3,1,3,3,7,7,7,7,1,1,1,1
nvbench2:train:1407,2,2,2,2,6,6,4,4,1,1,1,1
nvbench2:train:1408,2,2,2,2,6,6,4,4,1,1,1,1
nvbench2:train:1409,2,2,2,2,6,6,4,4,1,1,1,1
nvbench2:train:1410,2,2,2,2,6,6,6,6,1,1,1,1
nvbench2:train:1411,4,1,4,4,9,9,5,5,1,1,1,1
nvbench2:train:1412,2,2,2,2,6,6,6,6,1,1,1,1
nvbench2:train:1413,2,1,2,2,5,5,5,5,1,1,1,1
nvbench2:train:1414,5,2,4,5,11,13,8,8,1,1,1,1
nvbench2:train:1415,3,1,3,3,7,7,6,6,1,1,1,1
nvbench2:train:1416,2,2,1,1,4,4,2,2,0,1,1,1
nvbench2:train:1417,3,3,3,3,10,10,5,5,1,1,1,1
nvbench2:train:1418,3,3,3,3,10,10,8,8,1,1,1,1
nvbench2:train:1419,2,1,2,2,5,5,3,3,1,1,1,1
nvbench2:train:1420,3,1,1,1,3,3,2,2,0,1,1,1
nvbench2:train:1421,4,2,4,4,10,10,10,10,1,1,1,0
nvbench2:train:1422,2,1,2,2,5,5,5,5,1,1,1,1
nvbench2:train:1423,2,1,1,2,6,6,2,2,1,1,1,1
nvbench2:train:1424,4,1,4,4,9,9,5,5,1,1,1,1
nvbench2:train:1425,2,1,2,2,5,5,5,5,1,1,1,1
nvbench2:train:1426,3,1,3,3,7,7,3,3,1,1,1,1
nvbench2:train:1427,2,1,2,2,5,5,4,4,1,1,1,1
nvbench2:train:1428,4,1,4,4,9,9,5,5,1,1,1,1
nvbench2:train:1429,3,1,3,3,7,7,6,6,1,1,1,1
nvbench2:train:1430,2,2,2,2,6,6,4,4,1,1,1,1
nvbench2:train:1431,5,1,3,5,9,13,8,8,1,1,1,1
nvbench2:train:1432,2,2,2,2,6,6,2,2,1,1,1,1
nvbench2:train:1433,2,2,2,2,6,6,2,2,1,1,1,1
nvbench2:train:1434,3,1,2,3,6,8,5,5,1,1,1,1
nvbench2:train:1435,4,1,4,4,9,9,5,5,1,1,1,1
nvbench2:train:1436,5,2,5,5,12,12,12,12,1,1,1,0
nvbench2:train:1437,2,2,2,2,6,6,2,2,1,1,1,1
nvbench2:train:1438,3,1,3,3,7,7,4,4,1,1,1,1
nvbench2:train:1439,4,1,4,4,9,9,8,8,1,1,1,1
nvbench2:train:1440,3,1,3,3,7,7,4,4,1,1,1,1
nvbench2:train:1441,5,2,4,5,11,13,9,9,1,1,1,1
nvbench2:train:1442,2,2,2,2,6,6,4,4,1,1,1,1
nvbench2:train:1443,4,4,4,4,12,12,4,4,1,1,1,1
nvbench2:train:1444,2,1,1,2,4,6,3,3,1,1,1,1
nvbench2:train:1445,3,1,3,3,7,7,4,4,1,1,1,1
nvbench2:train:1446,3,1,2,3,6,6,5,5,1,1,1,1
nvbench2:train:1447,2,1,2,2,5,5,4,4,1,1,1,1
nvbench2:train:1448,2,1,2,2,5,5,5,5,1,1,1,1
nvbench2:train:1449,2,1,1,1,3,3,1,1,0,1,1,1
nvbench2:train:1450,4,3,4,4,11,11,9,9,1,1,1,0
nvbench2:train:1451,5,1,5,5,11,11,10,10,1,1,1,1
nvbench2:train:1452,3,1,3,3,7,7,3,3,1,1,1,1
nvbench2:train:1453,4,2,4,4,10,10,10,10,1,1,1,0
nvbench2:train:1454,2,1,2,2,5,5,3,3,1,1,1,1
nvbench2:train:1455,2,1,2,2,5,5,3,3,1,1,1,1
nvbench2:train:1456,2,1,2,2,5,5,5,5,1,1,1,1
nvbench2:train:1457,4,2,4,4,10,10,10,10,1,1,1,0
nvbench2:train:1458,4,2,2,4,8,8,6,6,0,0,0,0
nvbench2:train:1459,4,4,4,4,12,12,6,6,0,1,1,1
nvbench2:train:1460,4,1,4,4,9,9,4,4,1,1,1,1
nvbench2:train:1461,3,1,3,3,7,14,14,14,1,1,1,0
nvbench2:train:1462,2,2,2,2,6,6,4,4,1,1,1,1
nvbench2:train:1463,3,1,3,3,7,7,7,7,1,1,1,1
nvbench2:train:1464,5,2,5,5,12,12,12,12,1,1,1,0
nvbench2:train:1465,3,1,3,3,7,7,4,4,1,1,1,1
nvbench2:train:1466,3,1,3,3,7,7,3,3,1,1,1,1
nvbench2:train:1467,3,1,3,3,7,7,7,7,1,1,1,1
nvbench2:train:1468,4,1,4,4,9,9,5,5,1,1,1,1
nvbench2:train:1469,3,1,3,3,7,7,4,4,1,1,1,1
nvbench2:train:1470,2,1,1,2,4,6,3,3,1,1,1,1
nvbench2:train:1471,3,1,3,3,7,14,8,8,1,1,1,1
nvbench2:train:1472,4,1,4,4,9,9,9,9,1,1,1,1
nvbench2:train:1473,2,2,2,2,6,6,4,4,1,1,1,1
nvbench2:train:1474,2,1,2,2,5,5,3,3,1,1,1,1
nvbench2:train:1475,2,2,2,2,6,6,4,4,1,1,1,1
nvbench2:train:1476,2,2,2,2,6,6,4,4,1,1,1,1
nvbench2:train:1477,4,1,4,4,9,9,5,5,1,1,1,1
nvbench2:train:1478,5,1,5,5,11,11,6,6,1,1,1,1
nvbench2:train:1479,4,1,4,4,9,9,8,8,1,1,1,1
nvbench2:train:1480,2,2,2,2,6,6,2,2,1,1,1,1
nvbench2:train:1481,3,1,3,3,7,14,14,14,1,1,1,1
nvbench2:train:1482,2,1,2,2,5,5,5,5,1,1,1,1
nvbench2:train:1483,2,2,2,2,6,6,4,4,1,1,1,1
nvbench2:train:1484,3,1,3,3,7,14,8,8,1,1,1,1
nvbench2:train:1485,3,1,1,1,3,3,2,2,0,0,0,0
nvbench2:train:1486,5,1,5,5,11,11,6,6,1,1,1,1
nvbench2:train:1487,5,1,5,5,11,11,6,6,1,1,1,1
nvbench2:train:1488,2,2,2,2,6,6,2,2,1,1,1,1
nvbench2:train:1489,3,1,3,3,7,14,8,8,1,1,1,1
nvbench2:train:1490,5,1,5,5,11,11,11,11,1,1,1,0
nvbench2:train:1491,2,2,2,2,6,6,4,4,1,1,1,1
nvbench2:train:1492,4,1,4,4,9,9,5,5,1,1,1,1
nvbench2:train:1493,2,2,2,2,6,6,2,2,1,1,1,1
nvbench2:train:1494,2,2,2,2,6,6,6,6,1,1,1,1
nvbench2:train:1495,2,1,2,2,5,5,3,3,1,1,1,1
nvbench2:train:1496,5,1,5,5,11,11,6,6,1,1,1,1
nvbench2:train:1497,4,2,4,4,10,10,6,6,1,1,1,1
nvbench2:train:1498,2,2,2,2,6,6,4,4,1,1,1,1
nvbench2:train:1499,2,2,2,2,6,6,4,4,1,1,1,1
nvbench2:train:1500,2,2,2,2,6,6,2,2,1,1,1,1
nvbench2:train:1501,3,1,3,3,7,14,8,8,1,1,1,1
nvbench2:train:1502,3,1,3,3,7,7,7,7,1,1,1,1
nvbench2:train:1503,4,1,4,4,9,9,9,9,1,1,1,0
nvbench2:train:1504,2,2,2,2,6,6,4,4,1,1,1,1
nvbench2:train:1505,4,1,4,4,9,9,4,4,1,1,1,1
nvbench2:train:1506,4,2,4,4,10,10,10,10,1,1,1,0
nvbench2:train:1507,3,1,3,3,7,7,4,4,1,1,1,1
nvbench2:train:1508,2,2,2,2,6,6,4,4,1,1,1,1
nvbench2:train:1509,3,1,3,3,7,7,7,7,1,1,1,1
nvbench2:train:1510,4,2,4,4,10,10,6,6,1,1,1,1
nvbench2:train:1511,2,1,2,2,5,5,3,3,1,1,1,1
nvbench2:train:1512,2,1,2,2,5,5,3,3,1,1,1,1
nvbench2:train:1513,3,2,3,3,8,8,8,8,1,1,1,0
nvbench2:train:1514,2,1,2,1,4,5,4,4,0,0,0,0
nvbench2:train:1515,3,3,2,2,9,9,6,6,0,1,1,0
nvbench2:train:1516,2,1,2,2,5,5,5,5,1,1,1,1
nvbench2:train:1517,5,2,5,5,12,12,6,6,1,1,1,1
nvbench2:train:1518,2,1,2,2,5,5,3,3,1,1,1,1
nvbench2:train:1519,5,2,5,5,12,12,7,7,1,1,1,1
nvbench2:train:1520,3,1,3,3,7,7,7,7,1,1,1,1
nvbench2:train:1521,4,1,4,4,9,9,5,5,1,1,1,1
nvbench2:train:1522,3,1,3,3,7,7,4,4,1,1,1,1
nvbench2:train:1523,2,2,2,2,6,6,2,2,1,1,1,1
nvbench2:train:1524,2,1,2,2,5,5,3,3,1,1,1,1
nvbench2:train:1525,2,1,2,2,5,5,3,3,1,1,1,1
nvbench2:train:1526,3,1,2,3,6,8,6,6,1,1,1,1
nvbench2:train:1527,2,2,2,2,6,6,4,4,1,1,1,1
nvbench2:train:1528,3,1,2,3,6,8,5,5,1,1,1,1
nvbench2:train:1529,2,1,1,2,4,4,3,3,1,1,1,1
nvbench2:train:1530,4,4,4,4,12,12,4,4,1,1,1,1
nvbench2:train:1531,4,2,4,4,10,10,5,5,1,1,1,1
nvbench2:train:1532,4,2,4,4,10,10,9,9,1,1,1,0
nvbench2:train:1533,2,1,2,2,5,5,5,5,1,1,1,1
nvbench2:train:1534,2,1,2,2,5,5,5,5,1,1,1,1
nvbench2:train:1535,2,1,2,2,5,5,5,5,1,1,1,1
nvbench2:train:1536,5,5,5,5,15,15,10,10,1,1,1,0
nvbench2:train:1537,5,2,5,5,12,12,6,6,1,1,1,1
nvbench2:train:1538,2,1,2,2,5,5,3,3,1,1,1,1
nvbench2:train:1539,5,2,5,5,12,12,7,7,1,1,1,1
nvbench2:train:1540,5,5,5,5,15,15,15,15,1,1,1,0
nvbench2:train:1541,4,1,4,4,9,9,8,8,1,1,1,1
nvbench2:train:1542,5,2,5,5,12,12,12,12,1,1,1,0
nvbench2:train:1543,3,1,3,3,7,7,4,4,1,1,1,1
nvbench2:train:1544,5,2,5,5,12,12,12,12,1,1,1,0
nvbench2:train:1545,2,2,2,2,6,6,4,4,1,1,1,1
nvbench2:train:1546,3,1,3,3,7,7,7,7,1,1,1,1
nvbench2:train:1547,2,2,2,2,6,6,2,2,1,1,1,1
nvbench2:train:1548,2,2,2,2,6,6,2,2,1,1,1,1
nvbench2:train:1549,3,1,3,3,7,7,7,7,1,1,1,1
nvbench2:train:1550,2,2,2,2,6,6,4,4,1,1,1,1
nvbench2:train:1551,3,1,3,3,7,7,4,4,1,1,1,1
nvbench2:train:1552,3,1,3,3,7,7,7,7,1,1,1,1
nvbench2:train:1553,5,2,5,5,12,12,12,12,1,1,1,0
nvbench2:train:1554,2,2,2,2,6,6,4,4,1,1,1,1
nvbench2:train:1555,5,2,5,5,12,12,12,12,1,1,1,0
nvbench2:train:1556,5,1,5,5,11,11,6,6,1,1,1,1
nvbench2:train:1557,5,2,5,5,12,12,12,12,1,1,1,0
nvbench2:train:1558,2,2,2,2,6,6,4,4,1,1,1,1
nvbench2:train:1559,5,1,5,5,11,11,11,11,1,1,1,0
nvbench2:train:1560,5,5,5,5,15,15,10,10,1,1,1,0
nvbench2:train:1561,5,1,5,5,11,11,6,6,1,1,1,1
nvbench2:train:1562,2,2,2,2,6,6,4,4,1,1,1,1
nvbench2:train:1563,5,1,5,5,11,11,11,11,1,1,1,0
nvbench2:train:1564,3,1,3,3,7,7,4,4,1,1,1,1
nvbench2:train:1565,4,2,4,4,10,10,10,10,1,1,1,0
nvbench2:train:1566,3,1,3,3,7,7,7,7,1,1,1,1
nvbench2:train:1567,2,2,2,2,6,6,2,2,1,1,1,1
nvbench2:train:1568,5,5,5,5,15,15,10,10,1,1,1,0
nvbench2:train:1569,2,2,2,2,6,6,2,2,1,1,1,1
nvbench2:train:1570,2,2,2,2,6,6,4,4,1,1,1,1
nvbench2:train:1571,3,1,3,3,7,7,4,4,1,1,1,1
nvbench2:train:1572,3,1,3,3,7,7,7,7,1,1,1,1
nvbench2:train:1573,5,2,5,5,12,12,11,11,1,1,1,1
nvbench2:train:1574,3,1,3,3,7,7,7,7,1,1,1,1
nvbench2:train:1575,2,1,2,2,5,5,3,3,1,1,1,1
nvbench2:train:1576,5,2,5,5,12,12,7,7,1,1,1,1
nvbench2:train:1577,2,2,2,2,6,6,6,6,1,1,1,1
nvbench2:train:1578,2,2,2,2,6,6,4,4,1,1,1,1
nvbench2:train:1579,4,1,4,4,9,9,9,9,1,1,1,0
nvbench2:train:1580,4,1,4,4,9,9,5,5,1,1,1,1
nvbench2:train:1581,4,1,4,4,9,9,9,9,1,1,1,0
nvbench2:train:1582,2,2,2,2,6,6,4,4,1,1,1,1
nvbench2:train:1583,2,2,2,2,6,6,4,4,1,1,1,1
nvbench2:train:1584,4,2,4,4,10,10,10,10,1,1,1,0
nvbench2:train:1585,4,4,4,4,12,12,12,12,1,1,1,0
nvbench2:train:1586,4,2,4,4,10,10,10,10,1,1,1,0
nvbench2:train:1587,4,1,4,4,9,9,9,9,1,1,1,0
nvbench2:train:1588,2,2,2,2,6,6,4,4,1,1,1,1
nvbench2:train:1589,4,1,4,4,9,9,5,5,1,1,1,1
nvbench2:train:1590,4,1,4,4,9,9,9,9,1,1,1,0
nvbench2:train:1591,5,5,5,5,15,15,10,10,1,1,1,0
nvbench2:train:1592,3,1,3,3,7,7,7,7,1,1,1,1
nvbench2:train:1593,2,2,2,2,6,6,6,6,1,1,1,1
nvbench2:train:1594,4,1,4,4,9,9,9,9,1,1,1,0
nvbench2:train:1595,4,1,4,4,9,9,8,8,1,1,1,1
nvbench2:train:1596,2,2,2,2,6,6,3,3,1,1,1,1
nvbench2:train:1597,2,1,2,2,5,5,2,2,1,1,1,1
nvbench2:train:1598,3,2,3,3,8,8,5,5,1,1,1,1
nvbench2:train:1599,2,2,2,2,6,6,2,2,1,1,1,1
nvbench2:train:1600,3,2,3,3,8,8,7,7,1,1,1,1
nvbench2:train:1601,2,2,2,2,6,6,2,2,1,1,1,1
nvbench2:train:1602,5,5,5,5,15,15,10,10,0,1,1,0
nvbench2:train:1603,2,2,2,2,6,6,4,4,1,1,1,1
nvbench2:train:1604,2,2,2,2,6,6,4,4,1,1,1,1
nvbench2:train:1605,2,2,2,2,6,6,4,4,1,1,1,1
nvbench2:train:1606,2,2,2,2,6,6,4,4,1,1,1,1
nvbench2:train:1607,2,2,2,2,6,6,2,2,1,1,1,1
nvbench2:train:1608,2,2,2,2,6,6,4,4,1,1,1,1
nvbench2:train:1609,2,2,2,2,6,6,2,2,1,1,1,1
nvbench2:train:1610,2,2,2,2,6,6,4,4,1,1,1,1
nvbench2:train:1611,2,2,2,2,6,6,2,2,1,1,1,1
nvbench2:train:1612,2,2,2,2,6,6,2,2,1,1,1,1
nvbench2:train:1613,2,2,2,2,6,6,2,2,1,1,1,1
nvbench2:train:1614,5,5,5,5,15,15,9,9,0,1,1,1
nvbench2:train:1615,3,1,3,3,7,7,4,4,1,1,1,1
nvbench2:train:1616,4,2,4,4,10,10,10,10,1,1,1,0
nvbench2:train:1617,3,1,2,3,6,8,5,5,1,1,1,1
nvbench2:train:1618,3,1,3,3,7,7,4,4,1,1,1,1
nvbench2:train:1619,4,1,4,4,9,9,8,8,1,1,1,1
nvbench2:train:1620,3,1,3,3,7,7,4,4,1,1,1,1
nvbench2:train:1621,2,2,2,2,6,6,2,2,1,1,1,1
nvbench2:train:1622,2,2,2,2,6,6,2,2,1,1,1,1
nvbench2:train:1623,2,2,2,2,6,6,4,4,1,1,1,1
nvbench2:train:1624,2,2,2,2,6,6,4,4,1,1,1,1
nvbench2:train:1625,5,2,5,5,12,12,7,7,1,1,1,1
nvbench2:train:1626,2,2,2,2,6,6,6,6,1,1,1,1
nvbench2:train:1627,2,2,2,2,6,6,4,4,1,1,1,1
nvbench2:train:1628,4,4,4,4,12,12,8,8,1,1,1,1
nvbench2:train:1629,3,1,3,3,7,7,4,4,1,1,1,1
nvbench2:train:1630,3,1,3,3,7,7,7,7,1,1,1,1
nvbench2:train:1631,4,1,4,4,9,9,4,4,1,1,1,1
nvbench2:train:1632,4,1,4,4,9,9,5,5,1,1,1,1
nvbench2:train:1633,3,1,3,3,7,7,4,4,1,1,1,1
nvbench2:train:1634,4,1,4,4,9,9,5,5,1,1,1,1
nvbench2:train:1635,4,1,4,4,9,9,8,8,1,1,1,1
nvbench2:train:1636,3,1,3,3,7,7,4,4,1,1,1,1
nvbench2:train:1637,4,1,4,4,9,9,4,4,1,1,1,1
nvbench2:train:1638,4,1,5,4,10,10,5,5,1,1,1,1
nvbench2:train:1639,2,1,2,2,5,5,5,5,1,1,1,1
nvbench2:train:1640,4,1,4,4,9,9,4,4,1,1,1,1
nvbench2:train:1641,4,1,4,4,9,9,5,5,1,1,1,1
nvbench2:train:1642,4,1,4,4,9,9,5,5,1,1,1,1
nvbench2:train:1643,4,1,4,4,9,9,9,9,1,1,1,0
nvbench2:train:1644,2,1,2,2,5,5,4,4,1,1,1,1
nvbench2:train:1645,2,1,1,2,4,6,3,3,1,1,1,1
nvbench2:train:1646,2,1,1,2,4,6,3,3,1,1,1,1
nvbench2:train:1647,2,1,1,1,3,4,3,3,0,1,1,1
nvbench2:train:1648,2,1,2,2,5,5,2,2,1,1,1,1
nvbench2:train:1649,2,2,2,2,6,6,4,4,1,1,1,1
nvbench2:train:1650,5,1,5,5,11,11,6,6,1,1,1,1
nvbench2:train:1651,2,2,2,2,6,6,4,4,1,1,1,1
nvbench2:train:1652,4,4,4,4,12,12,8,8,1,1,1,1
nvbench2:train:1653,2,2,2,2,6,6,2,2,1,1,1,1
nvbench2:train:1654,2,1,2,2,5,5,4,4,1,1,1,1
nvbench2:train:1655,5,1,5,5,11,11,6,6,1,1,1,1
nvbench2:train:1656,5,1,5,5,11,11,5,5,1,1,1,1
nvbench2:train:1657,2,1,2,2,5,5,3,3,1,1,1,1
nvbench2:train:1658,2,2,2,2,6,6,2,2,1,1,1,1
nvbench2:train:1659,2,2,2,2,6,6,4,4,1,1,1,1
nvbench2:train:1660,4,1,4,4,9,9,5,5,1,1,1,1
nvbench2:train:1661,3,2,3,3,8,8,7,7,1,1,1,1
nvbench2:train:1662,2,2,2,2,6,6,4,4,1,1,1,1
nvbench2:train:1663,5,1,5,5,11,11,10,10,1,1,1,0
nvbench2:train:1664,4,1,4,4,9,9,5,5,1,1,1,1
nvbench2:train:1665,2,2,2,2,6,6,2,2,1,1,1,1
nvbench2:train:1666,2,2,2,2,6,6,2,2,1,1,1,1
nvbench2:train:1667,4,1,4,4,9,9,5,5,1,1,1,1
nvbench2:train:1668,2,2,2,2,6,6,4,4,1,1,1,1
nvbench2:train:1669,2,1,2,1,4,4,2,2,0,1,1,1
nvbench2:train:1670,2,2,2,2,6,6,4,4,1,1,1,1
nvbench2:train:1671,2,2,2,2,6,6,4,4,1,1,1,1
nvbench2:train:1672,2,2,2,2,6,6,2,2,1,1,1,1
nvbench2:train:1673,5,2,4,5,11,11,8,8,1,1,1,1
nvbench2:train:1674,2,2,2,2,6,6,4,4,1,1,1,1
nvbench2:train:1675,2,1,1,2,4,6,3,3,1,1,1,1
nvbench2:train:1676,4,1,4,4,9,9,5,5,1,1,1,1
nvbench2:train:1677,2,1,1,2,4,6,4,4,1,1,1,1
nvbench2:train:1678,2,1,1,1,3,3,3,3,0,0,0,0
nvbench2:train:1679,2,1,2,2,5,5,3,3,1,1,1,1
nvbench2:train:1680,2,1,1,2,4,4,3,3,1,1,1,1
nvbench2:train:1681,5,1,3,5,9,13,9,9,1,1,1,1
nvbench2:train:1682,5,1,3,5,9,13,9,9,1,1,1,1
nvbench2:train:1683,4,1,4,4,9,9,9,9,1,1,1,0
nvbench2:train:1684,3,2,3,3,8,8,5,5,1,1,1,1
nvbench2:train:1685,2,2,2,2,6,6,2,2,1,1,1,1
nvbench2:train:1686,3,2,3,3,8,8,7,7,1,1,1,1
nvbench2:train:1687,2,2,2,2,6,6,2,2,1,1,1,1
nvbench2:train:1688,2,2,2,2,6,6,2,2,1,1,1,1
nvbench2:train:1689,5,2,3,5,10,10,9,9,1,1,1,1
nvbench2:train:1690,5,2,3,5,10,10,9,9,1,1,1,1
nvbench2:train:1691,3,1,3,3,7,7,7,7,1,1,1,1
nvbench2:train:1692,3,1,3,3,7,7,4,4,1,1,1,1
nvbench2:train:1693,3,1,3,3,7,7,4,4,1,1,1,1
nvbench2:train:1694,3,1,3,3,7,7,4,4,1,1,1,1
nvbench2:train:1695,2,1,2,2,5,5,5,5,1,1,1,1
nvbench2:train:1696,2,1,2,2,5,5,3,3,1,1,1,1
nvbench2:train:1697,2,1,2,2,5,5,3,3,1,1,1,1
nvbench2:train:1698,3,1,3,3,7,7,3,3,1,1,1,1
nvbench2:train:1699,3,1,3,3,7,7,3,3,1,1,1,1
nvbench2:train:1700,4,1,2,1,4,4,3,3,0,1,1,1
nvbench2:train:1701,4,2,4,4,10,10,10,10,1,1,1,0
nvbench2:train:1702,3,1,3,3,7,7,3,3,1,1,1,1
nvbench2:train:1703,2,1,2,2,5,5,5,5,1,1,1,1
nvbench2:train:1704,2,1,2,2,5,5,3,3,1,1,1,1
nvbench2:train:1705,2,1,2,2,5,5,3,3,1,1,1,1
nvbench2:train:1706,2,1,2,2,5,5,5,5,1,1,1,1
nvbench2:train:1707,4,1,4,4,9,9,9,9,1,1,1,1
nvbench2:train:1708,3,1,3,3,7,7,4,4,1,1,1,1
nvbench2:train:1709,3,1,3,3,7,7,6,6,1,1,1,1
nvbench2:train:1710,3,2,3,3,8,8,7,7,1,1,1,1
nvbench2:train:1711,2,2,2,2,6,6,2,2,1,1,1,1
nvbench2:train:1712,3,2,3,3,8,8,7,7,1,1,1,1
nvbench2:train:1713,2,1,2,2,5,5,5,5,1,1,1,1
nvbench2:train:1714,3,1,2,1,4,4,2,2,0,1,1,1
nvbench2:train:1715,4,4,4,4,12,12,4,4,1,1,1,1
nvbench2:train:1716,2,1,2,2,5,5,3,3,1,1,1,1
nvbench2:train:1717,2,1,2,2,5,5,5,5,1,1,1,1
nvbench2:train:1718,2,1,2,2,5,5,3,3,1,1,1,1
nvbench2:train:1719,2,1,1,2,4,4,3,3,1,1,1,1
nvbench2:train:1720,3,1,3,3,7,7,4,4,1,1,1,1
nvbench2:train:1721,3,1,3,3,7,7,6,6,1,1,1,1
nvbench2:train:1722,3,1,3,3,7,7,6,6,1,1,1,1
nvbench2:train:1723,3,1,3,1,5,5,4,4,0,1,1,1
nvbench2:train:1724,2,1,1,2,4,4,2,2,1,1,1,1
nvbench2:train:1725,3,1,3,3,7,7,4,4,1,1,1,1
nvbench2:train:1726,2,1,2,2,5,5,3,3,1,1,1,1
nvbench2:train:1727,2,1,1,2,4,4,3,3,1,1,1,1
nvbench2:train:1728,2,1,2,2,5,5,3,3,1,1,1,1
nvbench2:train:1729,4,4,4,4,12,12,4,4,1,1,1,1
nvbench2:train:1730,2,1,2,2,5,5,3,3,1,1,1,1
nvbench2:train:1731,5,2,2,2,6,6,4,4,0,1,1,1
nvbench2:train:1732,5,2,5,5,12,12,12,12,1,1,1,0
nvbench2:train:1733,2,1,2,2,5,5,3,3,1,1,1,1
nvbench2:train:1734,2,1,2,2,5,5,5,5,1,1,1,1
nvbench2:train:1735,2,1,2,2,5,5,3,3,1,1,1,1
nvbench2:train:1736,4,1,4,4,9,9,5,5,1,1,1,1
nvbench2:train:1737,5,1,2,1,4,4,3,3,0,1,1,1
nvbench2:train:1738,2,1,1,2,4,4,3,3,1,1,1,1
nvbench2:train:1739,5,1,1,1,3,3,2,2,0,1,1,1
nvbench2:train:1740,4,1,4,4,9,9,5,5,1,1,1,1
nvbench2:train:1741,3,1,3,3,7,7,4,4,1,1,1,1
nvbench2:train:1742,5,1,5,5,11,11,5,5,1,1,1,1
nvbench2:train:1743,2,2,2,2,6,6,4,4,1,1,1,1
nvbench2:train:1744,2,2,2,2,6,6,4,4,1,1,1,1
nvbench2:train:1745,3,1,3,3,7,7,4,4,1,1,1,1
nvbench2:train:1746,2,2,2,2,6,6,4,4,1,1,1,1
nvbench2:train:1747,3,1,3,3,7,7,7,7,1,1,1,1
nvbench2:train:1748,5,2,5,5,12,12,7,7,1,1,1,1
nvbench2:train:1749,2,2,2,2,6,6,4,4,1,1,1,1
nvbench2:train:1750,5,5,5,5,15,15,10,10,1,1,1,0
nvbench2:train:1751,2,2,2,2,6,6,4,4,1,1,1,1
nvbench2:train:1752,2,2,2,2,6,6,4,4,1,1,1,1
nvbench2:train:1753,2,2,2,2,6,6,2,2,1,1,1,1
nvbench2:train:1754,2,2,2,2,6,6,2,2,1,1,1,1
nvbench2:train:1755,2,2,2,2,6,6,4,4,1,1,1,1
nvbench2:train:1756,2,2,2,2,6,6,4,4,1,1,1,1
nvbench2:train:1757,5,5,5,5,15,15,10,10,1,1,1,0
nvbench2:train:1758,2,2,2,2,6,6,4,4,1,1,1,1
nvbench2:train:1759,2,2,2,2,6,6,3,3,0,1,1,1
nvbench2:train:1760,2,2,2,2,6,6,4,4,1,1,1,1
nvbench2:train:1761,2,2,2,2,6,6,2,2,1,1,1,1
nvbench2:train:1762,2,2,2,2,6,6,6,6,1,1,1,1
nvbench2:train:1763,2,2,2,2,6,6,2,2,1,1,1,1
nvbench2:train:1764,2,2,2,2,6,6,4,4,1,1,1,1
nvbench2:train:1765,2,2,2,2,6,6,2,2,1,1,1,1
nvbench2:train:1766,2,2,2,2,6,6,4,4,1,1,1,1
nvbench2:train:1767,3,1,3,3,7,7,4,4,1,1,1,1
nvbench2:train:1768,3,1,3,3,7,7,4,4,1,1,1,1
nvbench2:train:1769,5,1,5,5,11,11,6,6,1,1,1,1
nvbench2:train:1770,5,1,5,5,11,11,6,6,1,1,1,1
nvbench2:train:1771,3,1,3,3,7,7,4,4,1,1,1,1
nvbench2:train:1772,4,1,4,4,9,9,5,5,1,1,1,1
nvbench2:train:1773,2,1,2,2,5,5,5,5,1,1,1,1
nvbench2:train:1774,2,1,2,2,5,10,10,10,1,1,1,1
nvbench2:train:1775,2,2,2,2,6,6,2,2,1,1,1,1
nvbench2:train:1776,5,1,5,5,11,11,5,5,1,1,1,1
nvbench2:train:1777,3,1,3,3,7,7,4,4,1,1,1,1
nvbench2:train:1778,4,1,4,4,9,9,9,9,1,1,1,0
nvbench2:train:1779,2,1,2,2,5,10,10,10,1,1,1,0
nvbench2:train:1780,2,1,1,2,4,6,3,3,1,1,1,1
nvbench2:train:1781,2,1,2,2,5,5,3,3,1,1,1,1
nvbench2:train:1782,2,1,2,2,5,5,5,5,1,1,1,1
nvbench2:train:1783,2,1,2,2,5,5,5,5,1,1,1,1
nvbench2:train:1784,3,1,3,3,7,7,7,7,1,1,1,1
nvbench2:train:1785,2,1,2,2,5,5,5,5,1,1,1,1
nvbench2:train:1786,2,2,2,2,6,6,4,4,1,1,1,1
nvbench2:train:1787,5,2,5,5,12,12,12,12,1,1,1,0
nvbench2:train:1788,2,1,2,2,5,5,3,3,1,1,1,1
nvbench2:train:1789,2,1,1,2,4,4,3,3,1,1,1,1
nvbench2:train:1790,2,1,1,2,4,4,3,3,1,1,1,1
nvbench2:train:1791,4,2,2,4,8,8,6,6,1,1,1,1
nvbench2:train:1792,4,1,4,4,9,9,5,5,1,1,1,1
nvbench2:train:1793,4,4,4,4,12,12,8,8,1,1,1,1
nvbench2:train:1794,4,1,4,4,9,9,5,5,1,1,1,1
nvbench2:train:1795,3,1,2,3,6,8,5,5,1,1,1,1
nvbench2:train:1796,4,4,4,4,12,12,4,4,1,1,1,1
nvbench2:train:1797,4,1,4,4,9,9,5,5,1,1,1,1
nvbench2:train:1798,2,1,2,2,5,5,4,4,1,1,1,1
nvbench2:train:1799,4,1,4,4,9,9,5,5,1,1,1,1
nvbench2:train:1800,2,1,2,2,5,5,3,3,1,1,1,1
nvbench2:train:1801,5,1,1,1,3,3,2,2,0,1,1,1
nvbench2:train:1802,4,2,4,4,10,10,10,10,1,1,1,0
nvbench2:train:1803,4,1,4,4,9,9,9,9,1,1,1,1
nvbench2:train:1804,4,2,4,4,10,10,10,10,1,1,1,0
nvbench2:train:1805,4,2,4,4,10,10,10,10,1,1,1,0
nvbench2:train:1806,4,1,4,4,9,9,8,8,1,1,1,1
nvbench2:train:1807,3,1,3,3,7,7,7,7,1,1,1,1
nvbench2:train:1808,2,2,2,2,6,6,6,6,1,1,1,1
nvbench2:train:1809,3,1,3,3,7,7,7,7,1,1,1,1
nvbench2:train:1810,2,2,2,2,6,6,4,4,1,1,1,1
nvbench2:train:1811,4,1,4,4,9,9,5,5,1,1,1,1
nvbench2:train:1812,4,1,4,4,9,9,5,5,1,1,1,1
nvbench2:train:1813,4,1,4,4,9,9,9,9,1,1,1,1
nvbench2:train:1814,3,2,3,3,8,8,8,8,1,1,1,0
nvbench2:train:1815,4,1,4,4,9,9,9,9,1,1,1,0
nvbench2:train:1816,2,2,2,2,6,6,4,4,1,1,1,1
nvbench2:train:1817,2,2,2,2,6,6,2,2,1,1,1,1
nvbench2:train:1818,4,2,4,4,10,10,10,10,1,1,1,0
nvbench2:train:1819,2,2,2,2,6,6,2,2,1,1,1,1
nvbench2:train:1820,4,4,4,4,12,12,8,8,1,1,1,1
nvbench2:train:1821,2,2,2,2,6,6,4,4,0,0,0,0
nvbench2:train:1822,4,1,4,4,9,9,5,5,1,1,1,1
nvbench2:train:1823,2,2,2,2,6,6,4,4,1,1,1,1
nvbench2:train:1824,2,2,2,2,6,6,4,4,1,1,1,1
nvbench2:train:1825,4,2,4,4,10,10,10,10,1,1,1,0
nvbench2:train:1826,2,2,2,2,6,6,4,4,0,1,1,1
nvbench2:train:1827,2,2,2,2,6,6,6,6,1,1,1,1
nvbench2:train:1828,2,2,2,2,6,6,4,4,1,1,1,1
nvbench2:train:1829,2,2,2,2,6,6,4,4,1,1,1,1
nvbench2:train:1830,2,2,2,2,6,6,2,2,1,1,1,1
nvbench2:train:1831,2,2,2,2,6,6,4,4,1,1,1,1
nvbench2:train:1832,4,1,4,4,9,9,5,5,1,1,1,1
nvbench2:train:1833,2,1,2,2,5,5,5,5,1,1,1,1
nvbench2:train:1834,2,2,2,2,6,6,6,6,1,1,1,1
nvbench2:train:1835,3,1,3,3,7,7,4,4,1,1,1,1
nvbench2:train:1836,2,2,2,2,6,6,4,4,1,1,1,1
nvbench2:train:1837,3,1,3,3,7,7,7,7,1,1,1,1
nvbench2:train:1838,5,2,5,5,12,12,7,7,1,1,1,1
nvbench2:train:1839,4,1,4,4,9,9,5,5,1,1,1,1
nvbench2:train:1840,4,1,4,4,9,9,9,9,1,1,1,0
nvbench2:train:1841,4,2,2,4,8,8,6,6,1,1,1,1
nvbench2:train:1842,2,1,1,1,3,3,3,3,0,0,0,0
nvbench2:train:1843,2,2,2,2,6,6,6,6,1,1,1,1
nvbench2:train:1844,2,2,2,2,6,6,6,6,1,1,1,1
nvbench2:train:1845,2,1,1,2,4,6,3,3,1,1,1,1
nvbench2:train:1846,4,2,2,4,8,12,6,6,1,1,1,1
nvbench2:train:1847,4,2,4,4,10,10,4,4,1,1,1,1
nvbench2:train:1848,2,2,2,2,6,6,6,6,1,1,1,1
nvbench2:train:1849,4,2,2,4,8,12,8,8,1,1,1,1
nvbench2:train:1850,5,2,5,5,12,12,12,12,1,1,1,0
nvbench2:train:1851,2,2,2,2,6,6,6,6,1,1,1,1
nvbench2:train:1852,2,2,2,2,6,6,4,4,1,1,1,1
nvbench2:train:1853,2,1,1,2,4,6,4,4,1,1,1,1
nvbench2:train:1854,5,2,4,5,11,11,8,8,1,1,1,1
nvbench2:train:1855,3,3,3,3,10,10,5,5,1,1,1,1
nvbench2:train:1856,2,1,2,2,5,5,3,3,1,1,1,1
nvbench2:train:1857,2,1,2,2,5,5,3,3,1,1,1,1
nvbench2:train:1858,5,3,4,5,12,12,8,8,1,1,1,1
nvbench2:train:1859,4,2,4,4,10,10,5,5,1,1,1,1
nvbench2:train:1860,2,1,2,2,5,5,3,3,1,1,1,1
nvbench2:train:1861,5,5,5,5,15,15,15,15,1,1,1,0
nvbench2:train:1862,3,3,3,3,10,10,5,5,1,1,1,1
nvbench2:train:1863,4,2,4,4,10,10,9,9,1,1,1,0
nvbench2:train:1864,3,3,3,3,10,10,8,8,1,1,1,0
nvbench2:train:1865,2,2,2,2,6,6,2,2,1,1,1,1
nvbench2:train:1866,2,1,2,2,5,5,3,3,1,1,1,1
nvbench2:train:1867,3,1,3,3,7,7,4,4,1,1,1,1
nvbench2:train:1868,2,1,1,1,3,3,1,1,0,1,1,1
nvbench2:train:1869,4,1,3,4,8,10,8,8,1,1,1,1
nvbench2:train:1870,2,2,2,2,6,6,4,4,1,1,1,1
nvbench2:train:1871,2,2,2,2,6,6,4,4,1,1,1,1
nvbench2:train:1872,2,1,1,2,4,4,3,3,1,1,1,1
nvbench2:train:1873,3,1,3,3,7,7,3,3,1,1,1,1
nvbench2:train:1874,3,1,3,3,7,7,4,4,1,1,1,1
nvbench2:train:1875,3,1,3,3,7,7,4,4,1,1,1,1
nvbench2:train:1876,2,2,2,2,6,6,4,4,1,1,1,1
nvbench2:train:1877,2,1,2,2,5,5,4,4,1,1,1,1
nvbench2:train:1878,2,1,1,1,3,3,1,1,0,0,0,0
nvbench2:train:1879,3,2,3,3,8,8,7,7,1,1,1,1
nvbench2:train:1880,2,2,2,2,6,6,4,4,1,1,1,1
nvbench2:train:1881,3,2,3,3,8,8,8,8,1,1,1,0
nvbench2:train:1882,3,1,3,3,7,7,4,4,1,1,1,1
nvbench2:train:1883,3,2,3,3,8,8,8,8,1,1,1,0
nvbench2:train:1884,3,1,3,3,7,7,7,7,1,1,1,1
nvbench2:train:1885,2,2,2,2,6,6,4,4,1,1,1,1
nvbench2:train:1886,3,2,3,3,8,8,8,8,1,1,1,0
nvbench2:train:1887,4,1,4,4,9,9,5,5,1,1,1,1
nvbench2:train:1888,4,1,4,4,9,9,9,9,1,1,1,0
nvbench2:train:1889,2,1,2,2,5,10,6,6,1,1,1,1
nvbench2:train:1890,5,1,5,5,11,11,5,5,1,1,1,1
nvbench2:train:1891,4,1,4,4,9,9,5,5,1,1,1,1
nvbench2:train:1892,5,1,5,5,11,11,6,6,1,1,1,1
nvbench2:train:1893,5,1,5,5,11,11,5,5,1,1,1,1
nvbench2:train:1894,2,1,2,2,5,10,10,10,1,1,1,0
nvbench2:train:1895,2,2,2,2,6,6,2,2,1,1,1,1
nvbench2:train:1896,2,1,2,2,5,10,6,6,1,1,1,1
nvbench2:train:1897,2,2,2,2,6,6,4,4,1,1,1,1
nvbench2:train:1898,4,1,4,4,9,9,5,5,1,1,1,1
nvbench2:train:1899,4,1,4,4,9,9,9,9,1,1,1,0
nvbench2:train:1900,2,1,2,2,5,10,10,10,1,1,1,1
nvbench2:train:1901,3,1,3,3,7,7,4,4,1,1,1,1
nvbench2:train:1902,4,1,4,4,9,9,5,5,1,1,1,1
nvbench2:train:1903,4,1,4,4,9,9,5,5,1,1,1,1
nvbench2:train:1904,2,2,2,2,6,6,2,2,1,1,1,1
nvbench2:train:1905,2,1,2,2,5,5,3,3,1,1,1,1
nvbench2:train:1906,3,3,3,3,10,10,5,5,1,1,1,1
nvbench2:train:1907,4,2,4,4,10,10,5,5,1,1,1,1
nvbench2:train:1908,2,1,2,2,5,5,3,3,1,1,1,1
nvbench2:train:1909,4,1,4,4,9,9,5,5,1,1,1,1
nvbench2:train:1910,2,2,2,2,6,6,4,4,1,1,1,1
nvbench2:train:1911,5,5,5,5,15,15,10,10,1,1,1,0
nvbench2:train:1912,5,5,5,5,15,15,10,10,1,1,1,0
nvbench2:train:1913,2,2,2,2,6,6,2,2,1,1,1,1
nvbench2:train:1914,2,2,2,2,6,6,2,2,1,1,1,1
nvbench2:train:1915,2,2,2,2,6,6,6,6,1,1,1,1
nvbench2:train:1916,5,5,5,5,15,15,10,10,1,1,1,0
nvbench2:train:1917,2,2,1,1,4,4,3,3,0,0,1,1
nvbench2:train:1918,2,2,2,2,6,6,2,2,1,1,1,1
nvbench2:train:1919,5,5,5,5,15,15,10,10,1,1,1,0
nvbench2:train:1920,2,2,2,2,6,6,4,4,1,1,1,1
nvbench2:train:1921,5,5,5,5,15,15,10,10,1,1,1,0
nvbench2:train:1922,2,2,2,2,6,6,4,4,1,1,1,1
nvbench2:train:1923,3,1,1,1,3,3,2,2,0,1,1,1
nvbench2:train:1924,2,2,2,2,6,6,4,4,1,1,1,1
nvbench2:train:1925,2,2,2,2,6,6,2,2,1,1,1,1
nvbench2:train:1926,2,2,2,2,6,6,4,4,1,1,1,1
nvbench2:train:1927,2,2,2,2,6,6,2,2,1,1,1,1
nvbench2:train:1928,3,1,3,3,7,7,4,4,1,1,1,1
nvbench2:train:1929,4,1,4,4,9,9,6,6,1,1,1,1
nvbench2:train:1930,3,2,3,3,8,8,8,8,1,1,1,0
nvbench2:train:1931,4,1,4,4,9,9,5,5,1,1,1,1
nvbench2:train:1932,4,1,4,4,9,9,5,5,1,1,1,1
nvbench2:train:1933,2,1,2,2,5,5,3,3,1,1,1,1
nvbench2:train:1934,4,1,4,4,9,9,6,6,1,1,1,1
nvbench2:train:1935,2,1,2,2,5,5,5,5,1,1,1,1
nvbench2:train:1936,2,1,2,2,5,5,5,5,1,1,1,1
nvbench2:train:1937,4,2,4,4,10,10,9,9,1,1,1,1
nvbench2:train:1938,3,3,3,3,10,10,8,8,1,1,1,0
nvbench2:train:1939,2,1,2,2,5,5,5,5,1,1,1,1
nvbench2:train:1940,2,2,2,2,6,6,4,4,1,1,1,1
nvbench2:train:1941,3,1,3,3,7,7,4,4,1,1,1,1
nvbench2:train:1942,3,1,3,3,7,7,4,4,1,1,1,1
nvbench2:train:1943,3,2,2,3,7,7,5,5,1,1,1,1
nvbench2:train:1944,3,1,2,3,6,8,5,5,1,1,1,1
nvbench2:train:1945,3,1,3,3,7,7,4,4,1,1,1,1
nvbench2:train:1946,2,2,2,2,6,6,4,4,1,1,1,1
nvbench2:train:1947,2,1,2,2,5,5,3,3,1,1,1,1
nvbench2:train:1948,4,1,4,4,9,9,8,8,1,1,1,1
nvbench2:train:1949,2,2,2,2,6,6,2,2,1,1,1,1
nvbench2:train:1950,3,1,2,3,6,8,6,6,1,1,1,1
nvbench2:train:1951,2,2,2,2,6,6,6,6,1,1,1,1
nvbench2:train:1952,3,1,3,3,7,7,3,3,1,1,1,1
nvbench2:train:1953,2,1,2,2,5,5,2,2,1,1,1,1
nvbench2:train:1954,3,1,3,3,7,7,3,3,1,1,1,1
nvbench2:train:1955,2,2,2,2,6,6,6,6,1,1,1,1
nvbench2:train:1956,2,1,2,2,5,5,5,5,1,1,1,1
nvbench2:train:1957,2,2,2,2,6,12,12,12,1,1,1,0
nvbench2:train:1958,5,2,5,5,12,12,12,12,1,1,1,0
nvbench2:train:1959,2,1,2,2,5,5,3,3,1,1,1,1
nvbench2:train:1960,4,2,4,4,10,10,10,10,1,1,1,0
nvbench2:train:1961,4,1,4,4,9,9,5,5,1,1,1,1
nvbench2:train:1962,2,2,2,2,6,6,4,4,1,1,1,1
nvbench2:train:1963,2,2,2,2,6,6,4,4,1,1,1,1
nvbench2:train:1964,4,1,4,4,9,9,5,5,1,1,1,1
nvbench2:train:1965,2,1,2,2,5,5,5,5,1,1,1,1
nvbench2:train:1966,2,2,2,2,6,6,4,4,1,1,1,1
nvbench2:train:1967,2,2,2,2,6,6,4,4,1,1,1,1
nvbench2:train:1968,3,2,3,3,8,8,8,8,1,1,1,0
nvbench2:train:1969,3,1,3,3,7,7,4,4,1,1,1,1
nvbench2:train:1970,3,2,3,3,8,8,8,8,1,1,1,0
nvbench2:train:1971,3,1,3,3,7,7,7,7,1,1,1,1
nvbench2:train:1972,2,2,2,2,6,6,4,4,1,1,1,1
nvbench2:train:1973,3,2,3,3,8,8,8,8,1,1,1,0
nvbench2:train:1974,4,1,4,4,9,9,8,8,1,1,1,1
nvbench2:train:1975,3,1,3,3,7,7,7,7,1,1,1,1
nvbench2:train:1976,2,1,2,2,5,5,5,5,1,1,1,1
nvbench2:train:1977,2,1,2,2,5,5,3,3,1,1,1,1
nvbench2:train:1978,2,1,2,2,5,5,3,3,1,1,1,1
nvbench2:train:1979,5,2,5,5,12,12,6,6,1,1,1,1
nvbench2:train:1980,3,2,3,3,8,8,8,8,1,1,1,0
nvbench2:train:1981,3,1,3,3,7,7,3,3,1,1,1,1
nvbench2:train:1982,3,1,3,3,7,7,3,3,1,1,1,1
nvbench2:train:1983,3,1,3,3,7,7,6,6,1,1,1,1
nvbench2:train:1984,3,2,3,3,8,8,4,4,1,1,1,1
nvbench2:train:1985,2,1,2,2,5,5,3,3,1,1,1,1
nvbench2:train:1986,3,2,3,3,8,8,4,4,1,1,1,1
nvbench2:train:1987,2,2,2,2,6,6,6,6,1,1,1,1
nvbench2:train:1988,3,1,3,3,7,7,7,7,1,1,1,1
nvbench2:train:1989,2,2,2,2,6,6,4,4,1,1,1,1
nvbench2:train:1990,2,2,2,2,6,6,2,2,1,1,1,1
nvbench2:train:1991,2,2,2,2,6,6,4,4,1,1,1,1
nvbench2:train:1992,4,1,4,4,9,9,8,8,1,1,1,1
nvbench2:train:1993,3,2,3,3,8,8,5,5,1,1,1,1
nvbench2:train:1994,2,2,2,2,6,6,4,4,1,1,1,1
nvbench2:train:1995,2,2,2,2,6,6,4,4,1,1,1,1
nvbench2:train:1996,4,2,4,4,10,10,10,10,1,1,1,0
nvbench2:train:1997,2,2,2,2,6,6,6,6,1,1,1,1
nvbench2:train:1998,5,1,5,5,11,11,11,11,1,1,1,0
nvbench2:train:1999,2,2,2,2,6,6,2,2,1,1,1,1
nvbench2:train:2000,2,2,2,2,6,6,4,4,1,1,1,1
nvbench2:train:2001,2,2,2,2,6,6,4,4,1,1,1,1
nvbench2:train:2002,5,1,5,5,11,11,11,11,1,1,1,0
nvbench2:train:2003,2,2,2,2,6,6,4,4,1,1,1,1
nvbench2:train:2004,4,4,4,4,12,12,8,8,1,1,1,1
nvbench2:train:2005,2,2,2,2,6,6,4,4,1,1,1,1
nvbench2:train:2006,2,2,2,2,6,6,4,4,1,1,1,1
nvbench2:train:2007,2,2,2,2,6,6,2,2,1,1,1,1
nvbench2:train:2008,2,2,2,2,6,6,4,4,1,1,1,1
nvbench2:train:2009,2,2,2,2,6,6,2,2,1,1,1,1
nvbench2:train:2010,2,1,2,2,5,5,3,3,1,1,1,1
nvbench2:train:2011,3,3,3,3,10,10,5,5,1,1,1,1
nvbench2:train:2012,4,2,4,4,10,10,5,5,1,1,1,1
nvbench2:train:2013,2,1,2,2,5,5,3,3,1,1,1,1
nvbench2:train:2014,4,1,4,4,9,9,5,5,1,1,1,1
nvbench2:train:2015,2,2,2,2,6,6,4,4,1,1,1,1
nvbench2:train:2016,2,2,2,2,6,6,4,4,1,1,1,1
nvbench2:train:2017,3,1,3,3,7,7,4,4,1,1,1,1
nvbench2:train:2018,3,1,3,3,7,7,7,7,1,1,1,1
nvbench2:train:2019,5,2,5,5,12,12,7,7,1,1,1,1
nvbench2:train:2020,2,2,2,2,6,6,4,4,1,1,1,1
nvbench2:train:2021,2,1,2,2,5,5,5,5,1,1,1,1
nvbench2:train:2022,4,1,2,2,5,5,5,5,0,0,0,0
nvbench2:train:2023,3,1,3,3,7,7,3,3,1,1,1,1
nvbench2:train:2024,2,1,2,2,5,5,3,3,1,1,1,1
nvbench2:train:2025,3,1,3,3,7,7,3,3,1,1,1,1
nvbench2:train:2026,4,1,2,4,7,11,7,7,1,1,1,1
nvbench2:train:2027,2,1,2,2,5,10,10,10,1,1,1,1
nvbench2:train:2028,5,1,5,5,11,11,11,11,1,1,1,0
nvbench2:train:2029,2,1,2,2,5,10,6,6,1,1,1,1
nvbench2:train:2030,2,2,2,2,6,6,4,4,1,1,1,1
nvbench2:train:2031,4,1,4,4,9,9,5,5,1,1,1,1
nvbench2:train:2032,2,1,2,2,5,5,5,5,1,1,1,1
nvbench2:train:2033,2,1,2,2,5,5,3,3,1,1,1,1
nvbench2:train:2034,4,1,2,4,7,11,7,7,1,1,1,1
nvbench2:train:2035,2,1,2,2,5,5,3,3,1,1,1,1
nvbench2:train:2036,5,5,5,5,15,15,10,10,1,1,1,0
nvbench2:train:2037,5,5,5,5,15,15,10,10,1,1,1,1
nvbench2:train:2038,5,5,5,5,15,15,10,10,1,1,1,0
nvbench2:train:2039,2,2,2,2,6,6,2,2,1,1,1,1
nvbench2:train:2040,2,2,2,2,6,6,2,2,1,1,1,1
nvbench2:train:2041,2,2,2,2,6,6,4,4,1,1,1,1
nvbench2:train:2042,5,5,5,5,15,15,15,15,1,1,1,0
nvbench2:train:2043,2,2,2,2,6,6,4,4,1,1,1,1
nvbench2:train:2044,2,2,2,2,6,6,2,2,1,1,1,1
nvbench2:train:2045,5,5,5,5,15,15,10,10,1,1,1,0
nvbench2:train:2046,2,2,2,2,6,6,4,4,1,1,1,1
nvbench2:train:2047,2,2,2,2,6,6,2,2,1,1,1,1
nvbench2:train:2048,5,5,5,5,15,15,9,9,0,1,1,0
nvbench2:train:2049,2,2,2,2,6,6,2,2,1,1,1,1
nvbench2:train:2050,2,2,2,2,6,6,2,2,1,1,1,1
nvbench2:train:2051,2,2,2,2,6,6,2,2,1,1,1,1
nvbench2:train:2052,2,1,2,2,5,5,5,5,0,0,0,0
nvbench2:train:2053,2,2,2,2,6,6,6,6,1,1,1,1
nvbench2:train:2054,4,2,4,4,10,10,5,5,1,1,1,1
nvbench2:train:2055,2,1,2,2,5,5,5,5,1,1,1,1
nvbench2:train:2056,4,1,4,4,9,9,7,7,1,1,1,1
nvbench2:train:2057,2,1,2,2,5,5,5,5,1,1,1,1
nvbench2:train:2058,2,2,2,2,6,6,4,4,1,1,1,1
nvbench2:train:2059,2,2,2,2,6,6,4,4,1,1,1,1
nvbench2:train:2060,3,1,3,3,7,7,7,7,1,1,1,1
nvbench2:train:2061,3,2,3,3,8,8,6,6,1,1,1,1
nvbench2:train:2062,4,1,4,4,9,9,8,8,1,1,1,1
nvbench2:train:2063,3,2,3,3,8,8,5,5,1,1,1,1
nvbench2:train:2064,2,2,2,2,6,6,4,4,1,1,1,1
nvbench2:train:2065,2,1,1,1,3,3,1,1,0,0,0,0
nvbench2:train:2066,3,1,3,3,7,7,7,7,1,1,1,1
nvbench2:train:2067,4,2,4,4,10,10,6,6,1,1,1,1
nvbench2:train:2068,2,2,2,2,6,6,2,2,1,1,1,1
nvbench2:train:2069,2,2,2,2,6,6,4,4,1,1,1,1
nvbench2:train:2070,2,2,2,2,6,6,4,4,1,1,1,1
nvbench2:train:2071,2,2,2,2,6,6,4,4,1,1,1,1
nvbench2:train:2072,2,2,2,2,6,6,4,4,1,1,1,1
nvbench2:train:2073,3,1,1,1,3,3,1,1,0,1,1,1
nvbench2:train:2074,3,2,3,3,8,8,6,6,1,1,1,1
nvbench2:train:2075,2,1,2,2,5,5,4,4,1,1,1,1
nvbench2:train:2076,2,2,2,2,6,6,3,3,1,1,1,1
nvbench2:train:2077,4,4,4,4,12,12,4,4,1,1,1,1
nvbench2:train:2078,5,1,5,5,11,11,6,6,1,1,1,1
nvbench2:train:2079,2,2,2,2,6,6,6,6,1,1,1,1
nvbench2:train:2080,2,1,2,1,4,4,3,3,0,1,1,1
nvbench2:train:2081,3,1,2,3,6,8,5,5,1,1,1,1
nvbench2:train:2082,2,2,2,2,6,6,4,4,1,1,1,1
nvbench2:train:2083,5,2,4,6,12,12,10,10,0,1,1,1
nvbench2:train:2084,5,1,5,5,11,11,11,11,1,1,1,0
nvbench2:train:2085,5,2,4,5,11,11,8,8,1,1,1,1
nvbench2:train:2086,2,2,2,2,6,6,2,2,1,1,1,1
nvbench2:train:2087,5,1,5,5,11,11,11,11,1,1,1,0
nvbench2:train:2088,2,2,2,2,6,6,2,2,1,1,1,1
nvbench2:train:2089,2,2,2,2,6,6,4,4,1,1,1,1
nvbench2:train:2090,5,2,5,5,12,12,12,12,1,1,1,0
nvbench2:train:2091,2,2,2,2,6,6,6,6,1,1,1,1
nvbench2:train:2092,5,2,5,5,12,12,6,6,1,1,1,1
nvbench2:train:2093,3,1,3,3,7,7,7,7,1,1,1,1
nvbench2:train:2094,5,2,5,5,12,12,11,11,1,1,1,0
nvbench2:train:2095,3,1,3,3,7,7,7,7,1,1,1,1
nvbench2:train:2096,5,2,5,5,12,12,12,12,1,1,1,0
nvbench2:train:2097,5,1,5,5,11,11,6,6,1,1,1,1
nvbench2:train:2098,5,1,5,5,11,11,6,6,1,1,1,1
nvbench2:train:2099,3,1,2,3,6,8,5,5,1,1,1,1
nvbench2:train:2100,5,1,5,5,11,11,11,11,1,1,1,0
nvbench2:train:2101,2,2,2,2,6,6,3,3,0,1,1,1
nvbench2:train:2102,2,2,2,2,6,6,4,4,1,1,1,1
nvbench2:train:2103,5,2,4,5,11,11,8,8,1,1,1,1
nvbench2:train:2104,5,2,5,5,12,12,12,12,1,1,1,0
nvbench2:train:2105,5,2,5,5,12,12,12,12,1,1,1,0
nvbench2:train:2106,3,1,2,1,4,4,2,2,0,1,1,1
nvbench2:train:2107,5,1,5,5,11,11,11,11,1,1,1,0
nvbench2:train:2108,2,1,1,1,3,3,2,2,0,1,1,1
nvbench2:train:2109,2,1,2,2,5,5,3,3,1,1,1,1
nvbench2:train:2110,3,1,3,3,7,7,7,7,1,1,1,1
nvbench2:train:2111,3,1,3,3,7,7,6,6,1,1,1,1
nvbench2:train:2112,2,1,2,2,5,5,3,3,1,1,1,1
nvbench2:train:2113,3,1,3,3,7,7,4,4,1,1,1,1
nvbench2:train:2114,3,1,3,3,7,7,3,3,1,1,1,1
nvbench2:train:2115,3,1,3,3,7,7,7,7,1,1,1,1
nvbench2:train:2116,2,1,2,2,5,5,3,3,1,1,1,1
nvbench2:train:2117,3,2,3,3,8,8,5,5,1,1,1,1
nvbench2:train:2118,2,1,2,2,5,5,5,5,1,1,1,1
nvbench2:train:2119,2,1,2,2,5,5,5,5,1,1,1,1
nvbench2:train:2120,4,2,4,4,10,10,6,6,1,1,1,1
nvbench2:train:2121,3,3,3,3,10,10,8,8,1,1,1,0
nvbench2:train:2122,2,2,2,2,6,6,4,4,1,1,1,1
nvbench2:train:2123,3,1,3,3,7,7,4,4,1,1,1,1
nvbench2:train:2124,4,1,2,2,5,5,4,4,0,1,1,1
nvbench2:train:2125,2,2,2,2,6,6,4,4,1,1,1,1
nvbench2:train:2126,2,1,2,2,5,5,2,2,0,0,0,0
nvbench2:train:2127,4,1,4,4,9,18,18,15,1,1,1,1
nvbench2:train:2128,2,1,1,1,3,3,3,3,0,0,0,0
nvbench2:train:2129,2,1,2,2,5,5,3,3,1,1,1,1
nvbench2:train:2130,3,1,2,1,4,4,2,2,0,1,1,1
nvbench2:train:2131,2,2,2,2,6,6,2,2,1,1,1,1
nvbench2:train:2132,4,1,4,4,9,18,10,10,1,1,1,1
nvbench2:train:2133,5,1,1,1,3,3,1,1,0,1,1,1
nvbench2:train:2134,2,2,2,2,6,6,4,4,1,1,1,1
nvbench2:train:2135,2,1,2,2,5,5,3,3,1,1,1,1
nvbench2:train:2136,5,1,1,1,3,3,2,2,0,0,0,0
nvbench2:train:2137,2,2,2,2,6,6,2,2,1,1,1,1
nvbench2:train:2138,2,2,2,2,6,6,4,4,1,1,1,1
nvbench2:train:2139,5,2,4,5,11,11,9,9,1,1,1,1
nvbench2:train:2140,5,2,4,5,11,11,9,9,1,1,1,1
nvbench2:train:2141,2,1,2,2,5,5,3,3,1,1,1,1
nvbench2:train:2142,3,1,2,3,6,8,5,5,1,1,1,1
nvbench2:train:2143,2,1,2,2,5,10,6,6,1,1,1,1
nvbench2:train:2144,5,2,4,5,11,11,11,11,1,1,1,0
nvbench2:train:2145,4,2,4,4,10,10,8,8,1,1,1,1
nvbench2:train:2146,2,2,2,2,6,6,2,2,1,1,1,1
nvbench2:train:2147,2,2,2,2,6,6,4,4,1,1,1,1
nvbench2:train:2148,4,2,4,4,10,10,8,8,1,1,1,1
nvbench2:train:2149,2,1,2,2,5,10,6,6,1,1,1,1
nvbench2:train:2150,5,2,2,6,10,10,8,8,0,1,1,0
nvbench2:train:2151,2,1,2,2,5,5,3,3,1,1,1,1
nvbench2:train:2152,2,1,2,1,4,4,3,3,0,1,1,1
nvbench2:train:2153,2,1,2,2,5,5,3,3,1,1,1,1
nvbench2:train:2154,4,2,2,2,6,6,4,4,0,1,1,1
nvbench2:train:2155,2,1,2,2,5,5,3,3,1,1,1,1
nvbench2:train:2156,2,2,2,2,6,6,2,2,1,1,1,1
nvbench2:train:2157,4,2,4,4,10,10,10,10,1,1,1,0
nvbench2:train:2158,2,1,2,2,5,5,3,3,1,1,1,1
nvbench2:train:2159,2,1,2,2,5,5,3,3,1,1,1,1
nvbench2:train:2160,2,1,2,2,5,5,3,3,1,1,1,1
nvbench2:train:2161,4,4,4,4,12,12,4,4,1,1,1,1
nvbench2:train:2162,2,1,2,2,5,5,3,3,1,1,1,1
nvbench2:train:2163,4,1,4,4,9,9,9,9,1,1,1,0
nvbench2:train:2164,2,2,2,2,6,6,2,2,1,1,1,1
nvbench2:train:2165,3,2,3,3,8,8,8,8,1,1,1,1
nvbench2:train:2166,4,1,4,4,9,9,9,9,1,1,1,0
nvbench2:train:2167,3,2,3,3,8,8,8,8,1,1,1,0
nvbench2:train:2168,2,2,2,2,6,6,2,2,1,1,1,1
nvbench2:train:2169,3,1,3,3,7,7,4,4,1,1,1,1
nvbench2:train:2170,2,1,2,2,5,5,3,3,1,1,1,1
nvbench2:train:2171,5,1,4,5,10,12,9,9,1,1,1,1
nvbench2:train:2172,5,3,4,5,12,12,8,8,1,1,1,1
nvbench2:train:2173,2,1,2,2,5,5,2,2,1,1,1,1
nvbench2:train:2174,5,1,4,5,10,12,9,9,1,1,1,1
nvbench2:train:2175,2,2,2,2,6,6,4,4,1,1,1,1
nvbench2:train:2176,2,1,2,1,4,4,2,2,0,1,1,1
nvbench2:train:2177,4,4,4,4,12,12,4,4,1,1,1,1
nvbench2:train:2178,5,1,5,5,11,11,6,6,1,1,1,1
nvbench2:train:2179,3,1,2,3,6,8,5,5,1,1,1,1
nvbench2:train:2180,2,2,2,2,6,6,2,2,1,1,1,1
nvbench2:train:2181,5,2,2,2,6,6,4,4,0,1,1,1
nvbench2:train:2182,5,2,5,5,12,12,12,12,1,1,1,0
nvbench2:train:2183,3,1,2,3,6,8,5,5,1,1,1,1
nvbench2:train:2184,5,1,5,5,11,11,11,11,1,1,1,0
nvbench2:train:2185,5,1,5,5,11,11,11,11,1,1,1,0
nvbench2:train:2186,5,2,5,5,12,12,12,12,1,1,1,0
nvbench2:train:2187,5,1,5,5,11,11,6,6,1,1,1,1
nvbench2:train:2188,3,3,3,3,9,9,6,6,1,1,1,1
nvbench2:train:2189,2,2,2,2,6,6,4,4,1,1,1,1
nvbench2:train:2190,3,3,3,3,9,9,6,6,1,1,1,1
nvbench2:train:2191,3,1,3,3,7,7,6,6,1,1,1,1
nvbench2:train:2192,2,1,2,2,5,5,3,3,1,1,1,1
nvbench2:train:2193,4,4,4,4,12,12,4,4,1,1,1,1
nvbench2:train:2194,2,1,2,2,5,5,4,4,1,1,1,1
nvbench2:train:2195,4,2,4,4,10,10,9,9,1,1,1,0
nvbench2:train:2196,4,1,4,4,9,9,7,7,1,1,1,1
nvbench2:train:2197,2,1,2,2,5,5,5,5,1,1,1,1
nvbench2:train:2198,4,1,1,1,3,3,1,1,0,0,0,0
nvbench2:train:2199,3,3,3,3,9,9,8,8,1,1,1,0
nvbench2:train:2200,2,2,2,2,6,6,4,4,1,1,1,1
nvbench2:train:2201,4,2,4,4,10,10,9,9,1,1,1,0
nvbench2:train:2202,3,1,3,3,7,7,6,6,1,1,1,1
nvbench2:train:2203,2,2,2,2,6,6,4,4,1,1,1,1
nvbench2:train:2204,2,2,2,2,6,6,4,4,1,1,1,1
nvbench2:train:2205,3,1,3,3,7,7,4,4,1,1,1,1
nvbench2:train:2206,4,4,4,4,12,12,8,8,1,1,1,1
nvbench2:train:2207,2,2,2,2,6,6,2,2,1,1,1,1
nvbench2:train:2208,4,2,4,4,10,10,4,4,1,1,1,1
nvbench2:train:2209,2,2,2,2,6,6,2,2,1,1,1,1
nvbench2:train:2210,2,1,2,2,5,5,3,3,1,1,1,1
nvbench2:train:2211,4,4,4,4,12,12,4,4,1,1,1,1
nvbench2:train:2212,3,1,3,3,7,7,4,4,1,1,1,1
nvbench2:train:2213,2,1,2,2,5,5,5,5,1,1,1,1
nvbench2:train:2214,2,2,2,2,6,6,4,4,1,1,1,1
nvbench2:train:2215,4,2,4,4,10,10,6,6,1,1,1,1
nvbench2:train:2216,2,2,2,2,6,6,2,2,1,1,1,1
nvbench2:train:2217,2,1,2,2,5,5,3,3,1,1,1,1
nvbench2:train:2218,2,2,2,2,6,6,2,2,1,1,1,1
nvbench2:train:2219,4,2,4,4,10,10,6,6,1,1,1,1
nvbench2:train:2220,2,1,2,2,5,5,3,3,1,1,1,1
nvbench2:train:2221,4,2,2,2,6,6,6,6,0,1,1,1
nvbench2:train:2222,2,2,2,2,6,12,4,4,1,1,1,1
nvbench2:train:2223,2,2,2,2,6,6,4,4,1,1,1,1
nvbench2:train:2224,2,2,2,2,6,6,2,2,1,1,1,1
nvbench2:train:2225,2,1,2,2,5,5,2,2,1,1,1,1
nvbench2:train:2226,2,2,2,2,6,6,2,2,1,1,1,1
nvbench2:train:2227,2,2,2,2,6,6,4,4,1,1,1,1
nvbench2:train:2228,2,2,2,2,6,6,2,2,1,1,1,1
nvbench2:train:2229,4,1,4,4,9,9,5,5,1,1,1,1
nvbench2:train:2230,2,2,2,2,6,6,4,4,1,1,1,1
nvbench2:train:2231,2,2,2,2,6,6,2,2,1,1,1,1
nvbench2:train:2232,2,2,2,2,6,6,4,4,1,1,1,1
nvbench2:train:2233,2,2,2,2,6,6,6,6,1,1,1,1
nvbench2:train:2234,5,1,3,5,9,13,8,8,1,1,1,1
nvbench2:train:2235,2,1,1,1,3,3,1,1,0,1,1,1
nvbench2:train:2236,4,2,4,4,10,10,10,10,1,1,1,0
nvbench2:train:2237,2,1,1,2,4,4,2,2,1,1,1,1
nvbench2:train:2238,3,1,2,3,6,6,5,5,1,1,1,1
nvbench2:train:2239,2,1,2,2,5,5,4,4,1,1,1,1
nvbench2:train:2240,3,2,3,3,8,8,8,8,1,1,1,0
nvbench2:train:2241,2,1,1,1,3,3,2,2,0,0,0,0
nvbench2:train:2242,3,1,1,1,3,3,3,3,0,1,1,1
nvbench2:train:2243,5,1,5,5,11,11,5,5,1,1,1,1
nvbench2:train:2244,5,1,5,5,11,11,6,6,1,1,1,1
nvbench2:train:2245,3,1,3,3,7,7,4,4,1,1,1,1
nvbench2:train:2246,4,1,4,4,9,9,5,5,1,1,1,1
nvbench2:train:2247,2,1,2,2,5,5,5,5,1,1,1,1
nvbench2:train:2248,4,1,4,4,9,18,18,15,1,1,1,1
nvbench2:train:2249,2,2,2,2,6,6,2,2,1,1,1,1
nvbench2:train:2250,4,1,4,4,9,18,10,10,1,1,1,1
nvbench2:train:2251,3,1,3,3,7,7,4,4,1,1,1,1
nvbench2:train:2252,4,1,4,4,9,9,9,9,1,1,1,0
nvbench2:train:2253,4,1,4,4,9,18,18,15,1,1,1,1
nvbench2:train:2254,4,2,2,4,8,8,6,6,1,1,1,1
nvbench2:train:2255,3,1,3,3,7,7,4,4,1,1,1,1
nvbench2:train:2256,2,1,1,2,4,6,3,3,1,1,1,1
nvbench2:train:2257,4,2,4,4,10,10,8,8,1,1,1,1
nvbench2:train:2258,4,1,4,4,9,9,5,5,1,1,1,1
nvbench2:train:2259,2,1,2,2,5,5,2,2,1,1,1,1
nvbench2:train:2260,2,2,2,2,6,6,6,6,1,1,1,1
nvbench2:train:2261,2,1,2,2,5,5,2,2,1,1,1,1
nvbench2:train:2262,4,2,4,4,10,10,4,4,1,1,1,1
nvbench2:train:2263,2,1,2,2,5,5,3,3,1,1,1,1
nvbench2:train:2264,2,2,2,2,6,6,4,4,1,1,1,1
nvbench2:train:2265,2,1,2,2,5,5,2,2,1,1,1,1
nvbench2:train:2266,2,1,2,2,5,5,2,2,0,0,0,0
nvbench2:train:2267,2,1,2,2,5,5,2,2,1,1,1,1
nvbench2:train:2268,2,1,2,2,5,5,2,2,1,1,1,1
nvbench2:train:2269,2,2,2,2,6,6,2,2,0,0,0,0
nvbench2:train:2270,4,1,4,4,9,9,5,5,1,1,1,1
nvbench2:train:2271,4,1,4,4,9,9,5,5,1,1,1,1
nvbench2:train:2272,1,1,1,1,3,3,3,3,1,1,1,1
nvbench2:train:2273,2,1,2,2,5,5,5,5,1,1,1,1
nvbench2:train:2274,3,2,3,3,8,8,5,5,1,1,1,1
nvbench2:train:2275,5,1,5,5,11,11,11,11,1,1,1,0
nvbench2:train:2276,2,2,2,2,6,6,2,2,1,1,1,1
nvbench2:train:2277,2,2,2,2,6,6,4,4,1,1,1,1
nvbench2:train:2278,4,4,4,4,12,12,12,12,1,1,1,0
nvbench2:train:2279,5,5,5,5,15,15,10,10,0,1,1,0
nvbench2:train:2280,5,1,5,5,11,11,6,6,1,1,1,1
nvbench2:train:2281,2,2,2,2,6,6,2,2,1,1,1,1
nvbench2:train:2282,5,2,5,5,12,12,12,12,1,1,1,0
nvbench2:train:2283,5,1,5,5,11,11,11,11,1,1,1,0
nvbench2:train:2284,3,1,3,3,7,7,7,7,1,1,1,1
nvbench2:train:2285,4,2,4,4,10,10,10,10,1,1,1,0
nvbench2:train:2286,3,1,3,3,7,7,7,7,1,1,1,1
nvbench2:train:2287,4,2,4,4,10,10,10,10,1,1,1,0
nvbench2:train:2288,3,1,3,3,7,7,7,7,1,1,1,1
nvbench2:train:2289,5,5,5,5,15,15,10,10,1,1,1,0
nvbench2:train:2290,3,1,3,3,7,7,4,4,1,1,1,1
nvbench2:train:2291,4,1,4,4,9,9,5,5,1,1,1,1
nvbench2:train:2292,5,5,5,5,15,15,10,10,1,1,1,0
nvbench2:train:2293,3,1,3,3,7,7,4,4,1,1,1,1
nvbench2:train:2294,3,1,3,3,7,7,4,4,1,1,1,1
nvbench2:train:2295,3,2,2,3,7,7,5,5,1,1,1,1
nvbench2:train:2296,3,1,2,1,4,4,3,3,0,1,1,1
nvbench2:train:2297,3,1,3,3,7,7,4,4,1,1,1,1
nvbench2:train:2298,2,2,2,2,6,6,4,4,1,1,1,1
nvbench2:train:2299,2,1,2,1,4,4,3,3,0,1,1,1
nvbench2:train:2300,4,1,4,4,9,9,8,8,1,1,1,1
nvbench2:train:2301,2,1,1,2,4,6,3,3,1,1,1,1
nvbench2:train:2302,4,1,4,4,9,9,5,5,1,1,1,1
nvbench2:train:2303,5,1,5,5,11,11,5,5,1,1,1,1
nvbench2:train:2304,3,2,3,3,8,8,8,8,1,1,1,0
nvbench2:train:2305,2,1,2,2,5,10,10,10,1,1,1,1
nvbench2:train:2306,2,2,2,2,6,6,2,2,1,1,1,1
nvbench2:train:2307,2,1,2,2,5,10,6,6,1,1,1,1
nvbench2:train:2308,4,4,4,4,12,12,4,4,1,1,1,1
nvbench2:train:2309,4,1,4,4,9,9,9,9,1,1,1,0
nvbench2:train:2310,2,1,2,2,5,10,10,10,1,1,1,1
nvbench2:train:2311,5,1,1,1,3,3,2,2,0,1,1,1
nvbench2:train:2312,4,1,4,4,9,9,5,5,1,1,1,1
nvbench2:train:2313,3,1,3,3,7,7,4,4,1,1,1,1
nvbench2:train:2314,4,1,4,4,9,9,5,5,1,1,1,1
nvbench2:train:2315,2,1,2,2,5,10,10,10,1,1,1,1
nvbench2:train:2316,2,1,2,2,5,10,6,6,1,1,1,1
nvbench2:train:2317,5,1,5,5,11,11,6,6,1,1,1,1
nvbench2:train:2318,5,1,5,5,11,11,10,10,1,1,1,0
nvbench2:train:2319,2,1,2,2,5,5,3,3,1,1,1,1
nvbench2:train:2320,4,1,4,4,9,9,5,5,1,1,1,1
nvbench2:train:2321,3,2,3,3,8,8,5,5,1,1,1,1
nvbench2:train:2322,3,1,2,3,6,8,5,5,1,1,1,1
nvbench2:train:2323,3,1,2,3,6,8,5,5,1,1,1,1
nvbench2:train:2324,3,1,2,3,6,8,5,5,1,1,1,1
nvbench2:train:2325,4,1,4,4,9,18,18,15,1,1,1,1
nvbench2:train:2326,3,1,2,3,6,8,5,5,1,1,1,1
nvbench2:train:2327,2,1,2,2,5,5,3,3,1,1,1,1
nvbench2:train:2328,2,1,2,1,4,4,2,2,0,1,1,1
nvbench2:train:2329,2,2,2,1,5,5,2,2,0,1,1,1
nvbench2:train:2330,4,1,4,4,9,18,10,10,1,1,1,1
nvbench2:train:2331,5,2,4,5,11,11,10,10,1,1,1,1
nvbench2:train:2332,2,2,2,2,6,6,4,4,1,1,1,1
nvbench2:train:2333,3,1,2,3,6,8,5,5,1,1,1,1
nvbench2:train:2334,5,2,4,5,11,11,11,11,1,1,1,0
nvbench2:train:2335,2,2,2,2,6,6,2,2,1,1,1,1
nvbench2:train:2336,5,1,3,5,9,13,8,8,1,1,1,1
nvbench2:train:2337,2,2,2,2,6,6,4,4,1,1,1,1
nvbench2:train:2338,5,5,5,5,15,18,14,14,1,1,1,0
nvbench2:train:2339,4,2,2,4,8,8,6,6,1,1,1,1
nvbench2:train:2340,2,1,1,2,4,4,2,2,1,1,1,1
nvbench2:train:2341,5,1,3,5,9,13,8,8,1,1,1,1
nvbench2:train:2342,2,2,2,2,6,6,2,2,1,1,1,1
nvbench2:train:2343,2,1,2,2,5,5,5,5,1,1,1,1
nvbench2:train:2344,2,1,1,2,4,4,3,3,1,1,1,1
nvbench2:train:2345,5,2,3,5,10,10,9,9,1,1,1,1
nvbench2:train:2346,2,1,1,2,4,4,3,3,1,1,1,1
nvbench2:train:2347,2,1,1,1,3,3,2,2,0,0,0,0
nvbench2:train:2348,2,2,2,2,6,6,4,4,1,1,1,1
nvbench2:train:2349,2,1,1,2,4,6,3,3,1,1,1,1
nvbench2:train:2350,4,2,2,4,8,8,6,6,1,1,1,1
nvbench2:train:2351,4,2,2,4,8,8,6,6,1,1,1,1
nvbench2:train:2352,4,2,2,4,8,8,6,6,1,1,1,1
nvbench2:train:2353,2,1,1,2,4,4,3,3,1,1,1,1
nvbench2:train:2354,2,1,1,2,4,4,3,3,1,1,1,1
nvbench2:train:2355,2,1,1,2,4,6,3,3,1,1,1,1
nvbench2:train:2356,2,1,1,1,3,3,2,2,0,0,0,0
nvbench2:train:2357,4,2,2,4,8,8,6,6,1,1,1,1
nvbench2:train:2358,2,1,1,1,3,3,2,2,0,0,0,0
nvbench2:train:2359,4,2,2,4,8,8,6,6,1,1,1,1
nvbench2:train:2360,2,1,1,1,3,3,1,1,0,0,0,0
nvbench2:train:2361,2,1,1,2,4,4,3,3,1,1,1,1
nvbench2:train:2362,4,2,2,4,8,8,6,6,1,1,1,1
nvbench2:train:2363,4,2,2,4,8,8,6,6,1,1,1,1
nvbench2:train:2364,2,1,1,2,4,4,3,3,1,1,1,1
nvbench2:train:2365,3,2,3,3,8,8,6,6,1,1,1,1
nvbench2:train:2366,2,2,2,2,6,6,4,4,0,1,1,1
nvbench2:train:2367,2,2,2,2,6,6,4,4,1,1,1,1
nvbench2:train:2368,2,1,2,2,5,5,4,4,1,1,1,1
nvbench2:train:2369,4,1,1,1,3,3,1,1,0,1,1,1
nvbench2:train:2370,3,1,2,3,6,8,5,5,1,1,1,1
nvbench2:train:2371,2,2,2,1,5,5,3,3,0,0,0,0
nvbench2:train:2372,4,2,4,4,10,10,10,10,1,1,1,0
nvbench2:train:2373,3,1,2,3,6,8,5,5,1,1,1,1
nvbench2:train:2374,5,1,5,5,11,11,5,5,1,1,1,1
nvbench2:train:2375,4,1,4,4,9,9,9,9,1,1,1,0
nvbench2:train:2376,5,2,4,5,11,11,9,9,1,1,1,1
nvbench2:train:2377,4,1,4,4,9,9,9,9,1,1,1,0
nvbench2:train:2378,2,2,2,2,6,6,2,2,1,1,1,1
nvbench2:train:2379,4,1,4,4,9,9,9,9,1,1,1,0
nvbench2:train:2380,4,1,4,4,9,9,6,6,1,1,1,1
nvbench2:train:2381,5,1,5,5,11,11,6,6,1,1,1,1
nvbench2:train:2382,5,5,5,5,15,15,10,10,1,1,1,0
nvbench2:train:2383,5,2,5,5,12,12,12,12,1,1,1,0
nvbench2:train:2384,5,1,5,5,11,11,6,6,1,1,1,1
nvbench2:train:2385,5,2,5,5,12,12,12,12,1,1,1,0
nvbench2:train:2386,5,2,5,5,12,12,12,12,1,1,1,0
nvbench2:train:2387,5,1,5,5,11,11,11,11,1,1,1,0
nvbench2:train:2388,5,1,5,5,11,11,11,11,1,1,1,0
nvbench2:train:2389,2,2,2,2,6,6,4,4,1,1,1,1
nvbench2:train:2390,5,1,5,5,11,11,6,6,1,1,1,1
nvbench2:train:2391,5,2,5,5,12,12,12,12,1,1,1,0
nvbench2:train:2392,5,2,5,5,12,12,12,12,1,1,1,0
nvbench2:train:2393,5,1,3,5,9,13,8,8,1,1,1,1
nvbench2:train:2394,2,2,2,2,6,6,2,2,1,1,1,1
nvbench2:train:2395,2,1,2,2,5,5,3,3,0,0,0,0
nvbench2:train:2396,2,1,2,2,5,5,3,3,1,1,1,1
nvbench2:train:2397,4,1,4,4,9,9,9,9,1,1,1,0
nvbench2:train:2398,4,2,4,4,10,10,6,6,1,1,1,1
nvbench2:train:2399,3,1,3,3,7,7,7,7,1,1,1,1
nvbench2:train:2400,4,2,4,4,10,10,5,5,1,1,1,1
nvbench2:train:2401,2,2,2,2,6,6,4,4,1,1,1,1
nvbench2:train:2402,2,2,2,2,6,6,2,2,1,1,1,1
nvbench2:train:2403,2,2,2,2,6,6,6,6,1,1,1,1
nvbench2:train:2404,2,1,1,2,4,4,3,3,1,1,1,1
nvbench2:train:2405,3,1,3,3,7,7,4,4,1,1,1,1
nvbench2:train:2406,3,1,3,3,7,7,4,4,1,1,1,1
nvbench2:train:2407,2,1,2,2,5,5,3,3,1,1,1,1
nvbench2:train:2408,5,1,5,5,11,11,10,10,1,1,1,0
nvbench2:train:2409,4,2,4,4,10,10,6,6,1,1,1,1
nvbench2:train:2410,4,1,4,4,9,9,9,9,1,1,1,0
nvbench2:train:2411,4,4,4,4,12,12,4,4,1,1,1,1
nvbench2:train:2412,3,2,2,2,6,8,6,6,0,1,1,1
nvbench2:train:2413,2,1,2,2,5,5,3,3,1,1,1,1
nvbench2:train:2414,5,1,4,5,10,12,7,7,1,1,1,1
nvbench2:train:2415,2,1,1,1,3,3,2,2,0,1,1,1
nvbench2:train:2416,2,1,1,1,3,3,2,2,0,1,1,1
nvbench2:train:2417,4,2,1,2,5,5,4,4,0,1,1,1
nvbench2:train:2418,2,2,2,2,6,6,5,5,1,1,1,1
nvbench2:train:2419,2,2,2,2,6,6,6,6,1,1,1,1
nvbench2:train:2420,2,2,2,2,6,6,5,5,1,1,1,1
nvbench2:train:2421,2,2,2,2,6,6,5,5,1,1,1,1
nvbench2:train:2422,3,3,3,3,10,10,8,8,1,1,1,0
nvbench2:train:2423,2,2,2,2,6,6,4,4,1,1,1,1
nvbench2:train:2424,3,1,3,3,7,7,4,4,1,1,1,1
nvbench2:train:2425,3,1,3,3,7,7,4,4,1,1,1,1
nvbench2:train:2426,2,1,2,2,5,5,3,3,1,1,1,1
nvbench2:train:2427,4,1,4,4,9,9,9,9,1,1,1,0
nvbench2:train:2428,4,2,4,4,10,10,6,6,1,1,1,1
nvbench2:train:2429,2,1,1,2,4,4,3,3,1,1,1,1
nvbench2:train:2430,4,1,3,4,8,10,6,6,1,1,1,1
nvbench2:train:2431,5,1,3,5,9,9,8,8,1,1,1,1
nvbench2:train:2432,2,1,2,2,5,5,3,3,1,1,1,1
nvbench2:train:2433,5,2,5,5,12,12,12,12,1,1,1,0
nvbench2:train:2434,5,2,5,5,12,12,7,7,1,1,1,1
nvbench2:train:2435,4,1,3,4,8,10,6,6,1,1,1,1
nvbench2:train:2436,5,5,5,5,15,15,10,10,1,1,1,1
nvbench2:train:2437,2,2,2,2,6,6,2,2,1,1,1,1
nvbench2:train:2438,2,2,2,2,6,6,4,4,1,1,1,1
nvbench2:train:2439,5,5,5,5,15,15,10,10,1,1,1,0
nvbench2:train:2440,2,2,2,2,6,6,4,4,1,1,1,1
nvbench2:train:2441,2,2,2,2,6,6,6,6,1,1,1,1
nvbench2:train:2442,5,5,5,5,15,15,10,10,0,1,1,0
nvbench2:train:2443,2,2,2,2,6,6,4,4,1,1,1,1
nvbench2:train:2444,3,3,3,3,9,9,6,6,0,1,1,1
nvbench2:train:2445,5,5,5,5,15,15,10,10,1,1,1,0
nvbench2:train:2446,2,2,2,2,6,6,2,2,1,1,1,1
nvbench2:train:2447,2,2,2,2,6,6,4,4,1,1,1,1
nvbench2:train:2448,2,2,2,2,6,6,2,2,1,1,1,1
nvbench2:train:2449,2,2,2,2,6,6,2,2,1,1,1,1
nvbench2:train:2450,2,2,2,2,6,6,2,2,1,1,1,1
nvbench2:train:2451,2,2,2,2,6,6,4,4,1,1,1,1
nvbench2:train:2452,3,1,2,1,4,4,3,3,0,1,1,1
nvbench2:train:2453,3,1,3,3,7,7,4,4,1,1,1,1
nvbench2:train:2454,2,2,2,2,6,6,2,2,0,0,0,0
nvbench2:train:2455,2,1,2,2,5,5,3,3,1,1,1,1
nvbench2:train:2456,3,1,3,3,7,7,4,4,1,1,1,1
nvbench2:train:2457,5,2,4,5,11,11,10,10,1,1,1,0
nvbench2:train:2458,3,1,3,3,7,7,4,4,1,1,1,1
nvbench2:train:2459,4,1,4,4,9,9,4,4,1,1,1,1
nvbench2:train:2460,5,1,5,5,11,11,11,11,1,1,1,0
nvbench2:train:2461,4,2,4,4,10,10,10,10,1,1,1,0
nvbench2:train:2462,2,2,2,2,6,6,2,2,1,1,1,1
nvbench2:train:2463,4,2,4,4,10,10,10,10,1,1,1,0
nvbench2:train:2464,2,2,2,2,6,6,4,4,1,1,1,1
nvbench2:train:2465,4,2,4,4,10,10,10,10,1,1,1,0
nvbench2:train:2466,5,1,1,1,3,3,1,1,0,1,1,1
nvbench2:train:2467,2,2,2,2,6,6,6,6,1,1,1,1
nvbench2:train:2468,1,1,1,1,4,4,2,2,1,1,1,1
nvbench2:train:2469,2,1,2,2,5,5,5,5,1,1,1,1
nvbench2:train:2470,2,2,2,2,6,6,4,4,1,1,1,1
nvbench2:train:2471,3,2,3,3,8,8,7,7,1,1,1,1
nvbench2:train:2472,2,1,1,1,3,4,3,3,0,1,1,1
nvbench2:train:2473,4,1,1,1,3,3,2,2,0,0,0,0
nvbench2:train:2474,1,1,1,1,3,3,1,1,1,1,1,1
nvbench2:train:2475,5,1,2,2,5,7,6,6,0,1,1,1
nvbench2:train:2476,2,1,2,2,5,5,5,5,0,1,1,1
nvbench2:train:2477,5,2,3,5,10,10,9,9,1,1,1,1
nvbench2:train:2478,1,1,1,1,4,4,2,2,1,1,1,1
nvbench2:train:2479,1,1,1,1,5,5,2,2,1,1,1,1
nvbench2:train:2480,5,2,5,5,12,12,12,12,1,1,1,0
nvbench2:train:2481,5,2,5,5,12,12,12,12,1,1,1,0
nvbench2:train:2482,2,2,2,2,6,6,2,2,1,1,1,1
nvbench2:train:2483,2,2,2,2,6,6,2,2,1,1,1,1
nvbench2:train:2484,5,5,5,5,15,15,10,10,1,1,1,0
nvbench2:train:2485,5,2,5,5,12,12,12,12,1,1,1,0
nvbench2:train:2486,2,2,2,2,6,6,2,2,1,1,1,1
nvbench2:train:2487,5,2,5,5,12,12,12,12,1,1,1,0
nvbench2:train:2488,2,2,1,1,4,4,4,4,0,0,0,0
nvbench2:train:2489,5,2,5,5,12,12,12,12,1,1,1,0
nvbench2:train:2490,5,2,5,5,12,12,12,12,1,1,1,0
nvbench2:train:2491,2,2,2,2,6,6,2,2,1,1,1,1
nvbench2:train:2492,2,1,2,2,5,5,3,3,1,1,1,1
nvbench2:train:2493,2,2,2,2,6,6,2,2,1,1,1,1
nvbench2:train:2494,3,1,3,3,7,7,6,6,1,1,1,1
nvbench2:train:2495,4,2,4,4,10,10,9,9,1,1,1,0
nvbench2:train:2496,2,2,2,2,6,6,4,4,1,1,1,1
nvbench2:train:2497,4,1,4,4,9,9,7,7,1,1,1,1
nvbench2:train:2498,2,2,2,2,6,6,2,2,1,1,1,1
nvbench2:train:2499,5,5,5,5,15,15,10,10,1,1,1,1
nvbench2:train:2500,2,2,2,2,6,6,2,2,1,1,1,1
nvbench2:train:2501,2,2,2,2,6,6,4,4,1,1,1,1
nvbench2:train:2502,5,5,5,5,15,15,10,10,1,1,1,0
nvbench2:train:2503,2,2,2,2,6,6,4,4,1,1,1,1
nvbench2:train:2504,2,2,2,2,6,6,2,2,1,1,1,1
nvbench2:train:2505,2,2,2,2,6,6,2,2,1,1,1,1
nvbench2:train:2506,2,2,2,2,6,6,2,2,1,1,1,1
nvbench2:train:2507,2,2,2,2,6,6,2,2,1,1,1,1
nvbench2:train:2508,2,2,2,2,6,6,2,2,1,1,1,1
nvbench2:train:2509,2,2,2,2,6,6,4,4,1,1,1,1
nvbench2:train:2510,2,2,2,2,6,6,4,4,1,1,1,1
nvbench2:train:2511,2,2,2,2,6,6,4,4,1,1,1,1
nvbench2:train:2512,2,2,2,2,6,6,4,4,1,1,1,1
nvbench2:train:2513,2,2,2,2,6,6,4,4,1,1,1,1
nvbench2:train:2514,3,2,3,3,8,8,7,7,1,1,1,1
nvbench2:train:2515,1,1,1,1,4,4,2,2,1,1,1,1
nvbench2:train:2516,4,1,4,4,9,9,5,5,1,1,1,1
nvbench2:train:2517,3,2,3,3,8,8,7,7,1,1,1,1
nvbench2:train:2518,3,3,3,3,9,9,9,9,1,1,1,0
nvbench2:train:2519,1,1,1,1,4,4,2,2,1,1,1,1
nvbench2:train:2520,2,2,2,2,6,6,4,4,1,1,1,1
nvbench2:train:2521,2,2,2,2,6,6,4,4,1,1,1,1
nvbench2:train:2522,2,2,2,2,6,6,2,2,1,1,1,1
nvbench2:train:2523,4,1,4,4,9,9,5,5,1,1,1,1
nvbench2:train:2524,2,2,2,2,6,6,4,4,1,1,1,1
nvbench2:train:2525,2,2,2,2,6,6,2,2,1,1,1,1
nvbench2:train:2526,2,2,2,2,6,6,4,4,1,1,1,1
nvbench2:train:2527,5,5,5,5,15,15,10,10,1,1,1,0
nvbench2:train:2528,2,2,2,2,6,6,4,4,1,1,1,1
nvbench2:train:2529,3,2,2,3,7,7,5,5,1,1,1,1
nvbench2:train:2530,3,1,2,3,6,8,5,5,1,1,1,1
nvbench2:train:2531,2,2,2,2,6,6,5,5,1,1,1,1
nvbench2:train:2532,3,2,3,3,8,8,7,7,1,1,1,1
nvbench2:train:2533,3,2,3,3,8,8,7,7,1,1,1,1
nvbench2:train:2534,2,2,2,2,6,6,5,5,1,1,1,1
nvbench2:train:2535,4,2,3,4,9,9,8,8,1,1,1,1
nvbench2:train:2536,2,2,2,2,6,6,5,5,1,1,1,1
nvbench2:train:2537,2,2,2,2,6,6,2,2,1,1,1,1
nvbench2:train:2538,4,2,3,4,9,9,8,8,1,1,1,1
nvbench2:train:2539,2,1,1,2,4,4,3,3,1,1,1,1
nvbench2:train:2540,3,1,3,3,7,7,4,4,1,1,1,1
nvbench2:train:2541,2,1,1,2,4,4,2,2,1,1,1,1
nvbench2:train:2542,3,1,3,3,7,7,4,4,1,1,1,1
nvbench2:train:2543,2,1,2,2,5,5,3,3,1,1,1,1
nvbench2:train:2544,2,1,2,2,5,5,3,3,1,1,1,1
nvbench2:train:2545,4,2,2,2,6,6,2,2,0,0,0,0
nvbench2:train:2546,4,4,4,4,12,12,4,4,1,1,1,1
nvbench2:train:2547,4,4,4,4,12,12,8,8,1,1,1,1
nvbench2:train:2548,2,1,2,2,5,5,3,3,1,1,1,1
nvbench2:train:2549,3,1,3,3,7,7,4,4,1,1,1,1
nvbench2:train:2550,2,1,2,2,5,5,5,5,1,1,1,1
nvbench2:train:2551,2,1,1,2,4,4,4,4,1,1,1,1
nvbench2:train:2552,2,1,2,2,5,5,3,3,1,1,1,1
nvbench2:train:2553,2,1,1,2,4,4,3,3,1,1,1,1
nvbench2:train:2554,3,1,3,3,7,7,6,6,1,1,1,1
nvbench2:train:2555,3,1,1,1,3,3,1,1,0,0,0,0
nvbench2:train:2556,4,2,4,4,10,10,10,10,1,1,1,0
nvbench2:train:2557,3,1,3,3,7,7,4,4,1,1,1,1
nvbench2:train:2558,2,1,2,2,5,5,5,5,1,1,1,1
nvbench2:train:2559,2,1,2,2,5,5,3,3,1,1,1,1
nvbench2:train:2560,3,1,3,3,7,7,4,4,1,1,1,1
nvbench2:train:2561,3,1,3,3,7,7,3,3,1,1,1,1
nvbench2:train:2562,4,1,4,4,9,9,8,8,1,1,1,1
nvbench2:train:2563,4,4,4,4,12,12,8,8,1,1,1,1
nvbench2:train:2564,2,1,2,2,5,5,3,3,1,1,1,1
nvbench2:train:2565,3,1,3,3,7,7,4,4,1,1,1,1
nvbench2:train:2566,3,1,3,3,7,7,7,7,1,1,1,1
nvbench2:train:2567,3,1,3,3,7,7,4,4,1,1,1,1
nvbench2:train:2568,3,1,3,3,7,7,4,4,1,1,1,1
nvbench2:train:2569,3,1,3,3,7,7,4,4,1,1,1,1
nvbench2:train:2570,2,2,2,2,6,6,4,4,1,1,1,1
nvbench2:train:2571,2,2,2,2,6,6,2,2,1,1,1,1
nvbench2:train:2572,2,2,2,2,6,6,2,2,1,1,1,1
nvbench2:train:2573,4,1,4,4,9,9,9,9,1,1,1,1
nvbench2:train:2574,2,1,2,2,5,5,5,5,1,1,1,1
nvbench2:train:2575,3,2,3,3,8,8,7,7,1,1,1,1
nvbench2:train:2576,2,1,2,2,5,5,5,5,1,1,1,1
nvbench2:train:2577,3,1,3,3,7,14,14,14,1,1,1,1
nvbench2:train:2578,3,1,3,3,7,14,8,8,1,1,1,1
nvbench2:train:2579,2,1,2,2,5,5,3,3,1,1,1,1
nvbench2:train:2580,4,1,4,4,9,9,5,5,1,1,1,1
nvbench2:train:2581,3,1,3,3,7,7,4,4,1,1,1,1
nvbench2:train:2582,3,1,3,3,7,14,8,8,1,1,1,1
nvbench2:train:2583,2,2,2,2,6,6,4,4,1,1,1,1
nvbench2:train:2584,3,1,3,3,7,7,4,4,1,1,1,1
nvbench2:train:2585,3,1,3,3,7,7,7,7,1,1,1,1
nvbench2:train:2586,2,2,2,2,6,6,4,4,1,1,1,1
nvbench2:train:2587,4,1,4,4,9,9,9,9,1,1,1,0
nvbench2:train:2588,3,1,1,1,3,3,2,2,0,1,1,1
nvbench2:train:2589,2,1,2,2,5,5,3,3,1,1,1,1
nvbench2:train:2590,3,1,3,3,7,14,8,8,1,1,1,1
nvbench2:train:2591,2,2,2,2,6,6,4,4,1,1,1,1
nvbench2:train:2592,3,1,3,3,7,7,4,4,1,1,1,1
nvbench2:train:2593,2,1,1,1,3,4,3,3,0,1,1,1
nvbench2:train:2594,4,1,4,4,9,9,8,8,1,1,1,1
nvbench2:train:2595,4,1,4,4,9,9,5,5,1,1,1,1
nvbench2:train:2596,3,2,3,3,8,8,5,5,1,1,1,1
nvbench2:train:2597,3,2,3,3,8,8,4,4,1,1,1,1
nvbench2:train:2598,3,2,3,3,8,8,4,4,1,1,1,1
nvbench2:train:2599,2,1,2,2,5,5,5,5,1,1,1,1
nvbench2:train:2600,2,1,2,2,5,5,3,3,1,1,1,1
nvbench2:train:2601,3,2,3,3,8,8,8,8,1,1,1,0
nvbench2:train:2602,4,2,4,4,10,10,6,6,1,1,1,1
nvbench2:train:2603,2,2,2,2,6,6,6,6,1,1,1,1
nvbench2:train:2604,2,1,2,2,5,5,5,5,1,1,1,1
nvbench2:train:2605,3,1,3,3,7,7,7,7,1,1,1,1
nvbench2:train:2606,4,1,2,2,5,5,4,4,0,0,0,0
nvbench2:train:2607,2,1,1,2,4,6,4,4,1,1,1,1
nvbench2:train:2608,2,1,1,2,4,6,4,4,1,1,1,1
nvbench2:train:2609,5,2,5,5,12,12,12,12,1,1,1,0
nvbench2:train:2610,4,1,4,4,9,9,9,9,1,1,1,0
nvbench2:train:2611,2,1,2,2,5,5,3,3,1,1,1,1
nvbench2:train:2612,4,2,4,4,10,10,8,8,1,1,1,1
nvbench2:train:2613,5,1,3,5,9,9,8,8,1,1,1,1
nvbench2:train:2614,2,1,1,1,3,4,4,4,0,1,1,1
nvbench2:train:2615,2,1,2,2,5,5,2,2,1,1,1,1
nvbench2:train:2616,4,1,4,4,9,9,9,9,1,1,1,0
nvbench2:train:2617,2,1,1,2,4,4,3,3,1,1,1,1
nvbench2:train:2618,3,1,3,3,7,7,7,7,1,1,1,1
nvbench2:train:2619,2,1,1,2,4,6,4,4,1,1,1,1
nvbench2:train:2620,2,1,2,2,5,5,2,2,1,1,1,1
nvbench2:train:2621,2,1,2,2,5,5,4,4,1,1,1,1
nvbench2:train:2622,5,2,5,5,12,12,10,10,1,1,1,1
nvbench2:train:2623,2,2,2,2,6,6,4,4,1,1,1,1
nvbench2:train:2624,2,1,1,2,4,6,3,3,1,1,1,1
nvbench2:train:2625,3,1,3,3,7,7,4,4,1,1,1,1
nvbench2:train:2626,3,1,3,3,7,7,4,4,1,1,1,1
nvbench2:train:2627,3,2,3,3,8,8,8,8,1,1,1,0
nvbench2:train:2628,3,2,3,3,8,8,8,8,1,1,1,0
nvbench2:train:2629,4,1,4,4,9,9,8,8,1,1,1,1
nvbench2:train:2630,3,1,3,3,7,7,5,5,1,1,1,1
nvbench2:train:2631,2,2,2,2,6,6,4,4,1,1,1,1
nvbench2:train:2632,3,1,3,3,7,7,4,4,1,1,1,1
nvbench2:train:2633,4,2,4,4,10,10,10,10,1,1,1,0
nvbench2:train:2634,3,2,3,3,8,8,8,8,1,1,1,0
nvbench2:train:2635,3,1,3,3,7,7,7,7,1,1,1,1
nvbench2:train:2636,3,1,3,3,7,7,4,4,1,1,1,1
nvbench2:train:2637,3,1,3,3,7,7,4,4,1,1,1,1
nvbench2:train:2638,4,1,4,4,9,9,4,4,1,1,1,1
nvbench2:train:2639,5,5,5,5,15,15,10,10,1,1,1,0
nvbench2:train:2640,3,2,3,3,8,8,8,8,1,1,1,0
nvbench2:train:2641,2,2,2,2,6,6,6,6,1,1,1,1
nvbench2:train:2642,3,1,3,3,7,7,4,4,1,1,1,1
nvbench2:train:2643,3,3,3,3,9,9,3,3,1,1,1,1
nvbench2:train:2644,3,3,3,3,9,9,6,6,1,1,1,1
nvbench2:train:2645,2,1,2,2,5,5,2,2,1,1,1,1
nvbench2:train:2646,2,1,1,2,4,6,4,4,1,1,1,1
nvbench2:train:2647,5,2,5,5,12,12,12,12,1,1,1,0
nvbench2:train:2648,4,1,4,4,9,9,9,9,1,1,1,0
nvbench2:train:2649,2,2,2,2,6,6,6,6,1,1,1,1
nvbench2:train:2650,2,1,1,2,4,6,4,4,1,1,1,1
nvbench2:train:2651,4,2,4,4,10,10,6,6,1,1,1,1
nvbench2:train:2652,4,1,4,4,9,9,9,9,1,1,1,0
nvbench2:train:2653,4,1,4,4,9,9,9,9,1,1,1,0
nvbench2:train:2654,2,1,1,2,4,6,4,4,1,1,1,1
nvbench2:train:2655,2,1,2,2,5,5,2,2,1,1,1,1
nvbench2:train:2656,4,2,4,4,10,10,7,7,1,1,1,1
nvbench2:train:2657,5,2,5,5,12,12,8,8,1,1,1,1
nvbench2:train:2658,2,1,1,2,4,6,3,3,1,1,1,1
nvbench2:train:2659,4,1,4,4,9,9,5,5,1,1,1,1
nvbench2:train:2660,2,1,1,1,3,4,3,3,0,1,1,1
nvbench2:train:2661,3,2,3,3,8,8,8,8,1,1,1,0
nvbench2:train:2662,4,1,4,4,9,9,8,8,1,1,1,1
nvbench2:train:2663,3,1,2,3,6,8,5,5,1,1,1,1
nvbench2:train:2664,2,2,2,2,6,6,2,2,1,1,1,1
nvbench2:train:2665,2,2,2,2,6,6,4,4,1,1,1,1
nvbench2:train:2666,3,2,3,3,8,8,6,6,1,1,1,1
nvbench2:train:2667,5,2,4,5,11,13,8,8,1,1,1,1
nvbench2:train:2668,3,1,3,3,7,7,7,7,1,1,1,1
nvbench2:train:2669,2,2,2,2,6,6,4,4,1,1,1,1
nvbench2:train:2670,5,1,5,5,11,11,11,11,1,1,1,0
nvbench2:train:2671,3,1,3,3,7,7,4,4,1,1,1,1
nvbench2:train:2672,3,1,3,3,7,7,4,4,1,1,1,1
nvbench2:train:2673,3,1,3,3,7,7,4,4,1,1,1,1
nvbench2:train:2674,3,1,3,3,7,7,4,4,1,1,1,1
nvbench2:train:2675,3,3,3,3,9,9,3,3,0,0,0,0
nvbench2:train:2676,5,3,5,5,13,13,6,6,1,1,1,1
nvbench2:train:2677,3,2,3,3,8,8,8,8,1,1,1,0
nvbench2:train:2678,5,4,5,5,14,14,7,7,1,1,1,1
nvbench2:train:2679,3,2,3,3,8,8,5,5,1,1,1,1
nvbench2:train:2680,4,1,4,4,9,9,5,5,1,1,1,1
nvbench2:train:2681,3,2,2,3,7,7,5,5,1,1,1,1
nvbench2:train:2682,4,1,4,4,9,9,5,5,1,1,1,1
nvbench2:train:2683,3,2,3,3,8,8,5,5,1,1,1,1
nvbench2:train:2684,3,2,3,3,8,8,4,4,1,1,1,1
nvbench2:train:2685,3,2,3,3,8,8,5,5,1,1,1,1
nvbench2:train:2686,2,1,2,2,5,5,3,3,1,1,1,1
nvbench2:train:2687,2,2,2,2,6,6,4,4,1,1,1,1
nvbench2:train:2688,2,1,2,2,5,5,3,3,1,1,1,1
nvbench2:train:2689,2,1,2,2,5,10,10,10,1,1,1,1
nvbench2:train:2690,2,2,2,2,6,6,4,4,1,1,1,1
nvbench2:train:2691,5,2,5,5,12,12,6,6,1,1,1,1
nvbench2:train:2692,2,2,2,2,6,6,4,4,1,1,1,1
nvbench2:train:2693,3,1,2,3,6,6,5,5,1,1,1,1
nvbench2:train:2694,4,1,4,4,9,9,5,5,1,1,1,1
nvbench2:train:2695,2,2,2,2,6,6,4,4,1,1,1,1
nvbench2:train:2696,4,2,4,4,10,10,10,10,1,1,1,0
nvbench2:train:2697,4,1,4,4,9,9,5,5,1,1,1,1
nvbench2:train:2698,4,2,4,4,10,10,10,10,1,1,1,0
nvbench2:train:2699,4,4,4,4,12,12,8,8,1,1,1,1
nvbench2:train:2700,4,1,4,4,9,9,9,9,1,1,1,0
nvbench2:train:2701,2,2,2,2,6,6,2,2,1,1,1,1
nvbench2:train:2702,4,2,4,4,10,10,10,10,1,1,1,0
nvbench2:train:2703,2,1,2,2,5,5,3,3,1,1,1,1
nvbench2:train:2704,2,1,1,2,4,4,3,3,1,1,1,1
nvbench2:train:2705,2,1,2,2,5,5,3,3,1,1,1,1
nvbench2:train:2706,4,2,4,4,10,10,10,10,1,1,1,1
nvbench2:train:2707,2,2,2,2,6,6,4,4,1,1,1,1
nvbench2:train:2708,5,1,3,5,9,14,10,10,0,1,1,1
nvbench2:train:2709,2,2,2,2,6,6,4,4,1,1,1,1
nvbench2:train:2710,2,2,2,2,6,6,2,2,1,1,1,1
nvbench2:train:2711,4,1,4,4,9,9,9,9,1,1,1,1
nvbench2:train:2712,5,2,5,5,12,12,11,11,1,1,1,0
nvbench2:train:2713,4,2,4,4,10,10,9,9,1,1,1,0
nvbench2:train:2714,2,1,2,2,5,5,3,3,1,1,1,1
nvbench2:train:2715,4,1,4,4,9,9,5,5,1,1,1,1
nvbench2:train:2716,4,2,4,4,10,10,5,5,1,1,1,1
nvbench2:train:2717,2,2,2,2,6,6,4,4,1,1,1,1
nvbench2:train:2718,2,2,2,2,6,6,4,4,1,1,1,1
nvbench2:train:2719,5,2,5,5,12,12,6,6,1,1,1,1
nvbench2:train:2720,2,2,2,2,6,6,4,4,1,1,1,1
nvbench2:train:2721,2,1,2,2,5,5,5,5,1,1,1,1
nvbench2:train:2722,2,2,2,2,6,6,6,6,1,1,1,1
nvbench2:train:2723,5,2,5,5,12,12,7,7,1,1,1,1
nvbench2:train:2724,5,2,5,5,12,12,6,6,1,1,1,1
nvbench2:train:2725,4,1,4,4,9,9,9,9,1,1,1,0
nvbench2:train:2726,3,2,3,3,8,8,5,5,1,1,1,1
nvbench2:train:2727,2,2,2,2,6,6,2,2,1,1,1,1
nvbench2:train:2728,2,2,2,2,6,6,2,2,1,1,1,1
nvbench2:train:2729,4,1,4,4,9,9,4,4,1,1,1,1
nvbench2:train:2730,4,1,4,4,9,9,9,9,1,1,1,0
nvbench2:train:2731,2,2,2,2,6,6,4,4,1,1,1,1
nvbench2:train:2732,4,1,4,4,9,9,5,5,1,1,1,1
nvbench2:train:2733,3,2,3,3,8,8,5,5,1,1,1,1
nvbench2:train:2734,3,2,3,3,8,8,4,4,1,1,1,1
nvbench2:train:2735,3,2,2,2,6,6,2,2,0,1,1,1
nvbench2:train:2736,4,1,4,4,9,9,5,5,1,1,1,1
nvbench2:train:2737,3,2,3,3,8,8,7,7,1,1,1,1
nvbench2:train:2738,3,2,3,3,8,8,4,4,1,1,1,1
nvbench2:train:2739,3,2,3,3,8,8,5,5,1,1,1,1
nvbench2:train:2740,4,1,4,4,9,9,9,9,1,1,1,0
nvbench2:train:2741,2,2,2,2,6,6,2,2,1,1,1,1
nvbench2:train:2742,3,2,3,3,8,8,8,8,1,1,1,0
nvbench2:train:2743,4,1,4,4,9,9,9,9,1,1,1,0
nvbench2:train:2744,2,2,2,2,6,6,2,2,1,1,1,1
nvbench2:train:2745,2,2,2,2,6,6,4,4,1,1,1,1
nvbench2:train:2746,5,5,5,5,15,15,10,10,1,1,1,0
nvbench2:train:2747,3,1,3,3,7,7,7,7,1,1,1,1
nvbench2:train:2748,2,2,2,2,6,6,2,2,1,1,1,1
nvbench2:train:2749,5,1,5,5,11,11,11,11,1,1,1,0
nvbench2:train:2750,2,2,2,2,6,6,4,4,1,1,1,1
nvbench2:train:2751,3,1,3,3,7,7,4,4,1,1,1,1
nvbench2:train:2752,2,2,2,2,6,6,4,4,1,1,1,1
nvbench2:train:2753,5,1,5,5,11,11,6,6,1,1,1,1
nvbench2:train:2754,4,1,4,4,9,9,5,5,1,1,1,1
nvbench2:train:2755,2,1,2,2,5,5,3,3,1,1,1,1
nvbench2:train:2756,3,1,3,3,7,7,7,7,1,1,1,1
nvbench2:train:2757,2,2,2,2,6,6,4,4,1,1,1,1
nvbench2:train:2758,2,2,2,2,6,6,2,2,1,1,1,1
nvbench2:train:2759,5,1,5,5,11,11,10,10,1,1,1,0
nvbench2:train:2760,3,1,3,3,7,7,4,4,1,1,1,1
nvbench2:train:2761,3,1,3,3,7,7,4,4,1,1,1,1
nvbench2:train:2762,5,1,5,5,11,11,6,6,1,1,1,1
nvbench2:train:2763,4,2,4,4,10,10,6,6,1,1,1,1
nvbench2:train:2764,3,1,3,3,7,7,7,7,1,1,1,1
nvbench2:train:2765,4,1,4,4,9,9,9,9,1,1,1,0
nvbench2:train:2766,2,2,2,2,6,6,4,4,1,1,1,1
nvbench2:train:2767,3,2,3,3,8,8,8,8,1,1,1,0
nvbench2:train:2768,4,4,4,4,12,12,8,8,1,1,1,1
nvbench2:train:2769,4,1,4,4,9,9,5,5,1,1,1,1
nvbench2:train:2770,2,2,2,2,6,6,2,2,1,1,1,1
nvbench2:train:2771,2,2,2,2,6,6,4,4,1,1,1,1
nvbench2:train:2772,2,1,2,2,5,5,3,3,1,1,1,1
nvbench2:train:2773,3,1,2,3,6,8,5,5,1,1,1,1
nvbench2:train:2774,4,4,4,4,12,12,4,4,1,1,1,1
nvbench2:train:2775,4,4,4,4,12,12,8,8,1,1,1,1
nvbench2:train:2776,4,2,4,4,10,10,6,6,1,1,1,1
nvbench2:train:2777,5,2,3,3,8,8,6,6,0,0,0,0
nvbench2:train:2778,2,1,2,2,5,5,3,3,1,1,1,1
nvbench2:train:2779,4,2,4,4,10,10,8,8,1,1,1,1
nvbench2:train:2780,4,2,4,4,10,10,6,6,1,1,1,1
nvbench2:train:2781,2,2,2,2,6,6,4,4,1,1,1,1
nvbench2:train:2782,2,2,2,2,6,6,4,4,1,1,1,1
nvbench2:train:2783,4,2,2,2,6,6,6,6,0,1,1,1
nvbench2:train:2784,2,1,2,2,5,5,4,4,1,1,1,1
nvbench2:train:2785,2,1,1,2,4,6,3,3,1,1,1,1
nvbench2:train:2786,3,2,3,3,8,8,7,7,1,1,1,1
nvbench2:train:2787,4,1,4,4,9,9,5,5,1,1,1,1
nvbench2:train:2788,3,2,3,3,8,8,5,5,1,1,1,1
nvbench2:train:2789,3,2,3,3,8,8,4,4,1,1,1,1
nvbench2:train:2790,3,2,3,3,8,8,7,7,1,1,1,1
nvbench2:train:2791,4,1,4,4,9,9,5,5,1,1,1,1
nvbench2:train:2792,3,2,3,3,8,8,3,3,1,1,1,1
nvbench2:train:2793,3,2,3,3,8,8,4,4,1,1,1,1
nvbench2:train:2794,2,2,2,2,6,6,4,4,1,1,1,1
nvbench2:train:2795,5,5,5,5,15,15,10,10,1,1,1,1
nvbench2:train:2796,5,2,5,5,12,12,6,6,1,1,1,1
nvbench2:train:2797,3,1,3,3,7,7,4,4,1,1,1,1
nvbench2:train:2798,3,1,3,3,7,7,4,4,1,1,1,1
nvbench2:train:2799,5,2,5,5,12,12,6,6,1,1,1,1
nvbench2:train:2800,2,1,1,2,4,6,3,3,1,1,1,1
nvbench2:train:2801,4,4,4,4,12,12,8,8,1,1,1,1
nvbench2:train:2802,2,1,1,2,4,6,3,3,1,1,1,1
nvbench2:train:2803,2,1,1,2,4,6,3,3,1,1,1,1
nvbench2:train:2804,2,1,1,2,4,6,3,3,1,1,1,1
nvbench2:train:2805,4,2,2,4,8,8,6,6,1,1,1,1
nvbench2:train:2806,2,1,1,2,4,6,3,3,1,1,1,1
nvbench2:train:2807,4,2,2,4,8,8,6,6,1,1,1,1
nvbench2:train:2808,2,1,1,2,4,6,3,3,1,1,1,1
nvbench2:train:2809,4,2,2,4,8,8,6,6,1,1,1,1
nvbench2:train:2810,2,1,1,2,4,6,3,3,1,1,1,1
nvbench2:train:2811,4,2,2,4,8,8,6,6,1,1,1,1
nvbench2:train:2812,4,2,2,4,8,8,6,6,1,1,1,1
nvbench2:train:2813,4,2,2,4,8,8,6,6,1,1,1,1
nvbench2:train:2814,4,2,2,4,8,8,6,6,1,1,1,1
nvbench2:train:2815,2,1,1,2,4,4,3,3,1,1,1,1
nvbench2:train:2816,4,2,2,4,8,8,6,6,1,1,1,1
nvbench2:train:2817,2,2,2,2,6,6,2,2,1,1,1,1
nvbench2:train:2818,2,2,2,2,6,6,4,4,1,1,1,1
nvbench2:train:2819,4,2,2,4,8,8,6,6,1,1,1,1
nvbench2:train:2820,2,2,2,2,6,6,4,4,1,1,1,1
nvbench2:train:2821,2,1,1,2,4,6,3,3,1,1,1,1
nvbench2:train:2822,2,1,1,2,4,6,3,3,1,1,1,1
nvbench2:train:2823,4,2,2,4,8,8,6,6,1,1,1,1
nvbench2:train:2824,2,1,1,2,4,6,3,3,1,1,1,1
nvbench2:train:2825,2,2,2,2,6,6,4,4,1,1,1,1
nvbench2:train:2826,4,2,2,4,8,8,6,6,1,1,1,1
nvbench2:train:2827,4,2,2,4,8,8,6,6,1,1,1,1
nvbench2:train:2828,4,2,2,4,8,8,6,6,1,1,1,1
nvbench2:train:2829,2,1,1,2,4,6,3,3,1,1,1,1
nvbench2:train:2830,2,1,1,2,4,6,3,3,1,1,1,1
nvbench2:train:2831,2,2,2,2,6,6,4,4,1,1,1,1
nvbench2:train:2832,2,1,1,2,4,6,3,3,1,1,1,1
nvbench2:train:2833,2,1,1,2,4,6,3,3,1,1,1,1
nvbench2:train:2834,2,1,1,2,4,6,3,3,1,1,1,1
nvbench2:train:2835,2,2,2,2,6,6,2,2,1,1,1,1
nvbench2:train:2836,2,1,1,2,4,6,3,3,1,1,1,1
nvbench2:train:2837,2,1,1,2,4,4,3,3,1,1,1,1
nvbench2:train:2838,2,1,1,2,4,6,3,3,1,1,1,1
nvbench2:train:2839,2,2,2,2,6,6,2,2,1,1,1,1
nvbench2:train:2840,2,2,2,2,6,6,4,4,1,1,1,1
nvbench2:train:2841,2,1,1,2,4,6,3,3,1,1,1,1
nvbench2:train:2842,2,1,1,2,4,6,3,3,1,1,1,1
nvbench2:train:2843,2,1,1,2,4,6,3,3,1,1,1,1
nvbench2:train:2844,2,1,1,2,4,6,3,3,1,1,1,1
nvbench2:train:2845,4,2,2,4,8,8,6,6,1,1,1,1
nvbench2:train:2846,2,2,2,2,6,6,2,2,1,1,1,1
nvbench2:train:2847,2,1,1,2,4,6,3,3,1,1,1,1
nvbench2:train:2848,2,2,2,2,6,6,2,2,1,1,1,1
nvbench2:train:2849,2,1,1,2,4,6,3,3,1,1,1,1
nvbench2:train:2850,3,2,3,3,8,8,8,8,1,1,1,0
nvbench2:train:2851,3,2,3,3,8,8,4,4,1,1,1,1
nvbench2:train:2852,2,2,2,2,6,6,4,4,1,1,1,1
nvbench2:train:2853,5,1,1,1,3,3,2,2,0,1,1,1
nvbench2:train:2854,2,2,2,2,6,6,6,6,1,1,1,1
nvbench2:train:2855,4,1,4,4,9,9,5,5,1,1,1,1
nvbench2:train:2856,3,1,3,3,7,7,4,4,1,1,1,1
nvbench2:train:2857,4,1,4,4,9,9,5,5,1,1,1,1
nvbench2:train:2858,3,2,2,2,6,6,2,2,0,1,1,1
nvbench2:train:2859,4,1,4,4,9,9,9,9,1,1,1,0
nvbench2:train:2860,3,1,3,3,7,14,14,14,1,1,1,0
nvbench2:train:2861,3,1,3,3,7,14,8,8,1,1,1,1
nvbench2:train:2862,4,1,4,4,9,9,5,5,1,1,1,1
nvbench2:train:2863,2,1,1,2,4,6,3,3,1,1,1,1
nvbench2:train:2864,5,1,5,5,11,11,6,6,1,1,1,1
nvbench2:train:2865,3,2,3,3,8,8,5,5,1,1,1,1
nvbench2:train:2866,2,1,1,2,4,6,3,3,1,1,1,1
nvbench2:train:2867,2,1,1,2,4,6,3,3,1,1,1,1
nvbench2:train:2868,4,1,4,4,9,9,5,5,1,1,1,1
nvbench2:train:2869,4,4,4,4,12,12,10,10,1,1,1,0
nvbench2:train:2870,3,1,3,3,7,7,4,4,1,1,1,1
nvbench2:train:2871,2,1,2,2,5,5,5,5,0,0,0,0
nvbench2:train:2872,2,1,2,2,5,5,3,3,1,1,1,1
nvbench2:train:2873,5,1,5,5,11,11,6,6,1,1,1,1
nvbench2:train:2874,2,2,2,2,6,6,2,2,1,1,1,1
nvbench2:train:2875,4,1,4,4,9,9,9,9,1,1,1,0
nvbench2:train:2876,4,1,4,4,9,9,9,9,1,1,1,0
nvbench2:train:2877,2,2,2,2,6,6,6,6,1,1,1,1
nvbench2:train:2878,2,2,1,1,4,4,3,3,0,1,1,1
nvbench2:train:2879,2,1,2,2,5,5,3,3,1,1,1,1
nvbench2:train:2880,4,1,4,4,9,9,5,5,1,1,1,1
nvbench2:train:2881,3,2,3,3,8,8,4,4,1,1,1,1
nvbench2:train:2882,3,2,3,3,8,8,4,4,1,1,1,1
nvbench2:train:2883,3,2,3,3,8,8,4,4,1,1,1,1
nvbench2:train:2884,2,2,2,2,6,6,4,4,1,1,1,1
nvbench2:train:2885,2,1,2,1,4,4,3,3,0,1,1,1
nvbench2:train:2886,5,2,4,5,11,11,8,8,1,1,1,1
nvbench2:train:2887,4,1,4,4,9,9,9,9,1,1,1,0
nvbench2:train:2888,2,2,2,2,6,6,4,4,1,1,1,1
nvbench2:train:2889,4,1,4,4,9,9,9,9,1,1,1,0
nvbench2:train:2890,4,1,4,4,9,9,9,9,1,1,1,0
nvbench2:train:2891,4,2,4,4,10,10,6,6,1,1,1,1
nvbench2:train:2892,5,1,4,5,10,12,7,7,1,1,1,1
nvbench2:train:2893,3,1,3,3,7,7,3,3,1,1,1,1
nvbench2:train:2894,2,1,2,2,5,5,5,5,1,1,1,1
nvbench2:train:2895,2,2,2,2,6,6,2,2,1,1,1,1
nvbench2:train:2896,4,4,4,4,12,12,8,8,1,1,1,1
nvbench2:train:2897,2,2,2,2,6,6,6,6,1,1,1,1
nvbench2:train:2898,4,4,4,4,12,12,4,4,1,1,1,1
nvbench2:train:2899,3,1,3,3,7,7,4,4,1,1,1,1
nvbench2:train:2900,3,1,3,3,7,7,7,7,1,1,1,1
nvbench2:train:2901,2,1,2,2,5,5,3,3,1,1,1,1
nvbench2:train:2902,4,1,4,4,9,9,5,5,1,1,1,1
nvbench2:train:2903,4,1,4,4,9,9,5,5,1,1,1,1
nvbench2:train:2904,3,2,3,3,8,8,5,5,1,1,1,1
nvbench2:train:2905,3,2,3,3,8,8,4,4,1,1,1,1
nvbench2:train:2906,3,2,3,3,8,8,5,5,1,1,1,1
nvbench2:train:2907,2,2,2,2,6,6,2,2,1,1,1,1
nvbench2:train:2908,4,4,4,4,12,12,4,4,1,1,1,1
nvbench2:train:2909,2,2,2,2,6,6,4,4,1,1,1,1
nvbench2:train:2910,2,1,2,2,5,5,3,3,1,1,1,1
nvbench2:train:2911,2,2,2,2,6,6,4,4,1,1,1,1
nvbench2:train:2912,2,1,2,2,5,5,3,3,1,1,1,1
nvbench2:train:2913,2,2,2,2,7,7,4,4,1,1,1,1
nvbench2:train:2914,2,1,2,2,5,5,3,3,1,1,1,1
nvbench2:train:2915,3,1,3,3,7,7,4,4,1,1,1,1
nvbench2:train:2916,3,1,3,3,7,7,3,3,1,1,1,1
nvbench2:train:2917,3,1,1,1,3,3,2,2,0,1,1,1
nvbench2:train:2918,2,1,2,2,5,5,5,5,1,1,1,1
nvbench2:train:2919,3,1,3,3,7,7,4,4,1,1,1,1
nvbench2:train:2920,4,1,4,4,9,9,9,9,1,1,1,0
nvbench2:train:2921,3,1,3,3,7,7,4,4,1,1,1,1
nvbench2:train:2922,3,1,3,3,7,7,7,7,1,1,1,1
nvbench2:train:2923,5,2,5,5,12,12,11,11,1,1,1,0
nvbench2:train:2924,2,1,2,2,5,5,3,3,1,1,1,1
nvbench2:train:2925,2,1,1,1,3,3,1,1,0,0,0,0
nvbench2:train:2926,2,1,2,2,5,5,3,3,1,1,1,1
nvbench2:train:2927,5,2,3,5,10,10,8,8,1,1,1,1
nvbench2:train:2928,5,1,3,5,9,9,7,7,1,1,1,1
nvbench2:train:2929,5,2,3,5,10,10,9,9,1,1,1,1
nvbench2:train:2930,2,2,2,2,6,6,2,2,1,1,1,1
nvbench2:train:2931,4,1,4,4,9,9,8,8,1,1,1,1
nvbench2:train:2932,2,2,2,2,6,6,4,4,1,1,1,1
nvbench2:train:2933,5,3,5,5,13,13,6,6,1,1,1,1
nvbench2:train:2934,3,1,3,3,7,7,7,7,1,1,1,1
nvbench2:train:2935,4,4,4,4,12,12,4,4,1,1,1,1
nvbench2:train:2936,3,1,3,3,7,7,3,3,1,1,1,1
nvbench2:train:2937,2,1,2,2,5,5,3,3,1,1,1,1
nvbench2:train:2938,2,1,2,2,5,5,3,3,1,1,1,1
nvbench2:train:2939,3,1,3,3,7,7,3,3,1,1,1,1
nvbench2:train:2940,4,2,4,4,10,10,10,10,1,1,1,1
nvbench2:train:2941,4,2,4,4,10,10,6,6,1,1,1,1
nvbench2:train:2942,2,1,2,2,5,5,3,3,1,1,1,1
nvbench2:train:2943,3,1,3,3,7,7,4,4,1,1,1,1
nvbench2:train:2944,5,1,5,5,11,11,10,10,1,1,1,0
nvbench2:train:2945,4,1,4,4,9,9,5,5,1,1,1,1
nvbench2:train:2946,4,1,4,4,9,9,5,5,1,1,1,1
nvbench2:train:2947,2,1,2,2,5,5,3,3,1,1,1,1
nvbench2:train:2948,4,1,4,4,9,9,9,9,1,1,1,0
nvbench2:train:2949,4,1,4,4,9,18,18,15,1,1,1,1
nvbench2:train:2950,4,1,4,4,9,18,10,10,1,1,1,1
nvbench2:train:2951,4,1,4,4,9,9,5,5,1,1,1,1
nvbench2:train:2952,2,1,1,2,4,6,3,3,1,1,1,1
nvbench2:train:2953,4,1,4,4,9,9,5,5,1,1,1,1
nvbench2:train:2954,3,1,3,3,7,7,4,4,1,1,1,1
nvbench2:train:2955,2,1,2,2,5,5,5,5,1,1,1,1
nvbench2:train:2956,5,1,5,5,11,11,5,5,1,1,1,1
nvbench2:train:2957,4,1,4,4,9,9,9,9,1,1,1,0
nvbench2:train:2958,4,1,4,4,9,9,9,9,1,1,1,0
nvbench2:train:2959,4,1,4,4,9,9,9,9,1,1,1,0
nvbench2:train:2960,2,2,2,2,6,6,4,4,1,1,1,1
nvbench2:train:2961,4,1,4,4,9,18,10,10,1,1,1,1
nvbench2:train:2962,4,1,4,4,9,18,10,10,1,1,1,1
nvbench2:train:2963,4,1,4,4,9,9,5,5,1,1,1,1
nvbench2:train:2964,4,1,4,4,9,18,18,15,1,1,1,1
nvbench2:train:2965,4,1,4,4,9,9,9,9,1,1,1,0
nvbench2:train:2966,4,1,4,4,9,18,10,10,1,1,1,1
nvbench2:train:2967,2,1,1,2,4,4,3,3,1,1,1,1
nvbench2:train:2968,3,1,3,3,7,7,4,4,1,1,1,1
nvbench2:train:2969,4,1,4,4,9,9,5,5,1,1,1,1
nvbench2:train:2970,2,1,2,2,5,5,3,3,1,1,1,1
nvbench2:train:2971,2,1,1,2,4,6,4,4,1,1,1,1
nvbench2:train:2972,3,1,2,3,6,8,6,6,1,1,1,1
nvbench2:train:2973,2,1,2,2,5,5,3,3,1,1,1,1
nvbench2:train:2974,3,3,3,3,9,12,4,4,1,1,1,1
nvbench2:train:2975,3,1,3,3,7,7,4,4,1,1,1,1
nvbench2:train:2976,4,1,4,4,9,9,9,9,1,1,1,0
nvbench2:train:2977,2,2,2,2,6,6,4,4,1,1,1,1
nvbench2:train:2978,2,1,2,2,5,5,3,3,1,1,1,1
nvbench2:train:2979,2,2,2,2,6,6,6,6,1,1,1,1
nvbench2:train:2980,3,1,3,3,7,7,6,6,1,1,1,1
nvbench2:train:2981,5,1,3,5,9,13,8,8,1,1,1,1
nvbench2:train:2982,2,2,2,2,6,6,4,4,1,1,1,1
nvbench2:train:2983,4,2,4,4,10,10,10,10,1,1,1,0
nvbench2:train:2984,5,1,5,5,11,11,6,6,1,1,1,1
nvbench2:train:2985,2,1,1,2,4,4,3,3,1,1,1,1
nvbench2:train:2986,4,2,4,4,10,10,6,6,1,1,1,1
nvbench2:train:2987,2,2,2,2,6,6,2,2,1,1,1,1
nvbench2:train:2988,2,1,2,2,5,5,3,3,1,1,1,1
nvbench2:train:2989,4,2,4,4,10,10,6,6,1,1,1,1
nvbench2:train:2990,4,2,4,4,10,10,9,9,1,1,1,0
nvbench2:train:2991,2,1,2,2,5,5,3,3,1,1,1,1
nvbench2:train:2992,4,1,4,4,9,9,5,5,1,1,1,1
nvbench2:train:2993,4,2,4,4,10,10,5,5,1,1,1,1
nvbench2:train:2994,2,2,2,2,6,6,4,4,1,1,1,1
nvbench2:train:2995,2,2,2,2,6,6,4,4,1,1,1,1
nvbench2:train:2996,1,1,1,1,4,4,2,2,1,1,1,1
nvbench2:train:2997,4,1,4,4,9,9,5,5,1,1,1,1
nvbench2:train:2998,3,2,3,3,8,8,7,7,1,1,1,1
nvbench2:train:2999,2,2,2,2,6,6,2,2,1,1,1,1
nvbench2:train:3000,2,1,2,1,4,4,3,3,0,1,1,1
nvbench2:train:3001,2,1,2,2,5,5,3,3,1,1,1,1
nvbench2:train:3002,2,2,2,2,6,6,4,4,1,1,1,1
nvbench2:train:3003,2,2,2,2,6,6,2,2,1,1,1,1
nvbench2:train:3004,2,2,2,2,6,6,4,4,1,1,1,1
nvbench2:train:3005,4,4,4,4,12,12,4,4,1,1,1,1
nvbench2:train:3006,2,1,2,2,5,6,5,5,0,1,1,1
nvbench2:train:3007,2,2,2,2,6,6,2,2,1,1,1,1
nvbench2:train:3008,2,2,2,2,6,6,4,4,1,1,1,1
nvbench2:train:3009,2,2,2,2,6,6,4,4,1,1,1,1
nvbench2:train:3010,5,2,4,5,11,11,9,9,1,1,1,1
nvbench2:train:3011,3,1,2,3,6,8,5,5,1,1,1,1
nvbench2:train:3012,2,1,2,2,5,5,3,3,1,1,1,1
nvbench2:train:3013,2,2,2,2,6,6,2,2,1,1,1,1
nvbench2:train:3014,2,2,2,2,6,6,2,2,1,1,1,1
nvbench2:train:3015,2,2,2,2,6,6,2,2,1,1,1,1
nvbench2:train:3016,2,1,2,2,5,5,3,3,1,1,1,1
nvbench2:train:3017,4,2,4,4,10,10,6,6,1,1,1,1
nvbench2:train:3018,2,2,2,2,6,6,4,4,1,1,1,1
nvbench2:train:3019,2,1,2,2,5,5,3,3,1,1,1,1
nvbench2:train:3020,2,2,2,2,6,6,6,6,1,1,1,1
nvbench2:train:3021,4,2,2,4,8,8,4,4,1,1,1,1
nvbench2:train:3022,4,1,4,4,9,9,5,5,1,1,1,1
nvbench2:train:3023,3,2,3,3,8,8,5,5,1,1,1,1
nvbench2:train:3024,3,2,3,3,8,8,4,4,1,1,1,1
nvbench2:train:3025,3,2,3,3,8,8,7,7,1,1,1,1
nvbench2:train:3026,4,1,4,4,9,9,5,5,1,1,1,1
nvbench2:train:3027,3,2,3,3,8,8,5,5,1,1,1,1
nvbench2:train:3028,3,2,3,3,8,8,4,4,1,1,1,1
nvbench2:train:3029,3,2,3,3,8,8,4,4,1,1,1,1
nvbench2:train:3030,2,2,2,2,6,6,6,6,1,1,1,1
nvbench2:train:3031,2,1,2,2,5,5,4,4,1,1,1,1
nvbench2:train:3032,2,2,2,2,6,6,5,5,1,1,1,1
nvbench2:train:3033,2,2,2,2,6,6,4,4,1,1,1,1
nvbench2:train:3034,3,1,3,3,7,7,7,7,1,1,1,1
nvbench2:train:3035,3,1,3,3,7,7,4,4,1,1,1,1
nvbench2:train:3036,3,1,3,3,7,7,4,4,1,1,1,1
nvbench2:train:3037,4,1,4,4,9,9,4,4,1,1,1,1
nvbench2:train:3038,5,5,5,5,15,15,10,10,1,1,1,0
nvbench2:train:3039,3,2,3,3,8,8,8,8,1,1,1,0
nvbench2:train:3040,2,2,2,2,6,6,6,6,1,1,1,1
nvbench2:train:3041,3,1,3,3,7,7,4,4,1,1,1,1
nvbench2:train:3042,2,1,1,1,3,3,1,1,0,1,1,1
nvbench2:train:3043,5,3,5,5,13,16,6,6,1,1,1,1
nvbench2:train:3044,3,1,3,3,7,7,3,3,1,1,1,1
nvbench2:train:3045,5,1,4,5,10,12,9,9,1,1,1,1
nvbench2:train:3046,2,1,2,2,5,5,5,5,1,1,1,1
nvbench2:train:3047,4,2,4,4,10,10,9,9,1,1,1,0
nvbench2:train:3048,4,1,4,4,9,9,8,8,1,1,1,1
nvbench2:train:3049,2,2,2,2,6,6,4,4,1,1,1,1
nvbench2:train:3050,2,1,2,2,5,5,4,4,1,1,1,1
nvbench2:train:3051,5,3,5,5,13,13,6,6,1,1,1,1
nvbench2:train:3052,2,2,2,2,6,6,4,4,1,1,1,1
nvbench2:train:3053,4,2,3,4,9,9,8,8,1,1,1,1
nvbench2:train:3054,2,2,2,2,6,6,5,5,1,1,1,1
nvbench2:train:3055,4,2,3,4,9,9,8,8,1,1,1,1
nvbench2:train:3056,4,2,3,4,9,9,8,8,1,1,1,1
nvbench2:train:3057,3,1,2,3,6,8,5,5,1,1,1,1
nvbench2:train:3058,2,1,2,2,5,5,3,3,1,1,1,1
nvbench2:train:3059,4,1,4,4,9,9,9,9,1,1,1,0
nvbench2:train:3060,2,1,1,1,3,3,1,1,0,1,1,1
nvbench2:train:3061,4,1,3,4,8,10,6,6,1,1,1,1
nvbench2:train:3062,2,1,2,2,5,5,3,3,1,1,1,1
nvbench2:train:3063,2,1,1,2,4,6,3,3,1,1,1,1
nvbench2:train:3064,4,2,4,4,10,10,10,10,1,1,1,0
nvbench2:train:3065,4,2,4,4,10,10,6,6,1,1,1,1
nvbench2:train:3066,4,1,3,4,8,10,6,6,1,1,1,1
nvbench2:train:3067,2,1,2,2,5,5,5,5,1,1,1,1
nvbench2:train:3068,2,2,2,2,6,6,2,2,1,1,1,1
nvbench2:train:3069,5,5,5,5,15,15,10,10,1,1,1,1
nvbench2:train:3070,4,2,4,4,10,10,10,10,1,1,1,0
nvbench2:train:3071,2,2,2,2,6,6,4,4,1,1,1,1
nvbench2:train:3072,5,1,5,5,11,11,6,6,1,1,1,1
nvbench2:train:3073,4,2,4,4,10,10,10,10,1,1,1,0
nvbench2:train:3074,4,2,4,4,10,10,10,10,1,1,1,0
nvbench2:train:3075,2,2,2,2,6,6,4,4,1,1,1,1
nvbench2:train:3076,5,1,5,5,11,11,6,6,1,1,1,1
nvbench2:train:3077,5,1,5,5,11,11,6,6,1,1,1,1
nvbench2:train:3078,2,1,2,2,5,5,3,3,1,1,1,1
nvbench2:train:3079,2,1,2,2,5,5,3,3,1,1,1,1
nvbench2:train:3080,5,1,5,5,11,11,11,11,1,1,1,0
nvbench2:train:3081,3,1,1,1,3,3,2,2,0,1,1,1
nvbench2:train:3082,2,1,2,2,5,5,3,3,1,1,1,1
nvbench2:train:3083,5,1,5,5,11,11,6,6,1,1,1,1
nvbench2:train:3084,3,1,3,3,7,7,4,4,1,1,1,1
nvbench2:train:3085,2,1,2,2,5,5,5,5,1,1,1,1
nvbench2:train:3086,3,1,3,3,7,14,14,14,1,1,1,1
nvbench2:train:3087,2,1,2,2,5,5,3,3,1,1,1,1
nvbench2:train:3088,5,1,1,1,3,3,2,2,0,1,1,1
nvbench2:train:3089,2,1,2,2,5,5,3,3,1,1,1,1
nvbench2:train:3090,5,1,5,5,11,11,6,6,1,1,1,1
nvbench2:train:3091,2,1,1,2,4,4,2,2,1,1,1,1
nvbench2:train:3092,2,1,1,2,4,4,2,2,1,1,1,1
nvbench2:train:3093,2,1,1,1,3,3,3,3,0,1,1,1
nvbench2:train:3094,3,1,3,3,7,7,4,4,1,1,1,1
nvbench2:train:3095,3,1,3,3,7,7,4,4,1,1,1,1
nvbench2:train:3096,4,1,4,4,9,9,4,4,1,1,1,1
nvbench2:train:3097,5,2,5,5,12,12,7,7,1,1,1,1
nvbench2:train:3098,4,2,4,4,10,10,10,10,1,1,1,0
nvbench2:train:3099,2,2,2,2,6,6,4,4,1,1,1,1
nvbench2:train:3100,3,1,3,3,7,7,7,7,1,1,1,1
nvbench2:train:3101,2,2,2,2,6,6,2,2,1,1,1,1
nvbench2:train:3102,4,2,4,4,10,10,10,10,1,1,1,0
nvbench2:train:3103,4,1,4,4,9,9,5,5,1,1,1,1
nvbench2:train:3104,2,1,1,2,4,6,3,3,1,1,1,1
nvbench2:train:3105,2,1,1,2,4,4,3,3,1,1,1,1
nvbench2:train:3106,4,2,2,2,6,6,4,4,0,0,0,0
nvbench2:train:3107,5,2,5,5,12,12,7,7,1,1,1,1
nvbench2:train:3108,2,1,1,2,4,6,3,3,1,1,1,1
nvbench2:train:3109,5,2,5,5,12,12,12,12,1,1,1,0
nvbench2:train:3110,5,1,5,5,11,11,6,6,1,1,1,1
nvbench2:train:3111,4,2,2,2,6,6,4,4,0,0,0,0
nvbench2:train:3112,4,1,1,1,3,3,2,2,0,0,0,0
nvbench2:train:3113,4,2,2,4,8,8,6,6,1,1,1,1
nvbench2:train:3114,5,2,5,5,12,12,7,7,1,1,1,1
nvbench2:train:3115,4,2,2,4,8,8,6,6,1,1,1,1
nvbench2:train:3116,2,1,1,2,4,4,3,3,1,1,1,1
nvbench2:train:3117,2,1,1,2,4,4,3,3,1,1,1,1
nvbench2:train:3118,5,1,5,5,11,11,11,11,1,1,1,0
nvbench2:train:3119,5,2,5,5,12,12,12,12,1,1,1,0
nvbench2:train:3120,2,1,1,2,4,4,3,3,1,1,1,1
nvbench2:train:3121,2,1,2,1,4,4,2,2,0,1,1,1
nvbench2:train:3122,4,2,4,4,10,10,6,6,1,1,1,1
nvbench2:train:3123,4,2,4,4,10,10,10,10,1,1,1,0
nvbench2:train:3124,5,1,5,5,11,11,11,11,1,1,1,0
nvbench2:train:3125,2,2,2,2,6,6,2,2,1,1,1,1
nvbench2:train:3126,2,2,2,2,6,6,4,4,1,1,1,1
nvbench2:train:3127,5,1,5,5,11,11,6,6,0,0,0,0
nvbench2:train:3128,2,2,2,2,6,6,4,4,1,1,1,1
nvbench2:train:3129,2,2,2,2,6,6,2,2,1,1,1,1
nvbench2:train:3130,2,1,2,2,5,6,5,5,0,0,0,0
nvbench2:train:3131,2,2,2,2,6,6,4,4,0,0,0,0
nvbench2:train:3132,2,2,2,2,6,6,2,2,1,1,1,1
nvbench2:train:3133,4,2,4,4,10,10,8,8,0,1,1,1
nvbench2:train:3134,2,1,2,1,4,4,2,2,0,1,1,1
nvbench2:train:3135,2,1,2,2,5,5,5,5,1,1,1,1
nvbench2:train:3136,2,1,2,2,5,5,3,3,1,1,1,1
nvbench2:train:3137,4,2,4,4,10,10,10,10,1,1,1,0
nvbench2:train:3138,3,1,3,3,7,7,3,3,1,1,1,1
nvbench2:train:3139,4,2,4,4,10,10,5,5,1,1,1,1
nvbench2:train:3140,2,2,2,2,6,6,4,4,1,1,1,1
nvbench2:train:3141,2,1,2,2,5,5,3,3,1,1,1,1
nvbench2:train:3142,5,2,5,5,12,12,12,12,1,1,1,0
nvbench2:train:3143,3,1,2,3,6,8,5,5,1,1,1,1
nvbench2:train:3144,5,2,4,5,11,11,8,8,1,1,1,1
nvbench2:train:3145,5,1,5,5,11,11,11,11,1,1,1,0
nvbench2:train:3146,5,2,5,5,12,12,7,7,1,1,1,1
nvbench2:train:3147,5,1,5,5,11,11,11,11,1,1,1,0
nvbench2:train:3148,5,1,5,5,11,11,11,11,1,1,1,0
nvbench2:train:3149,5,2,5,5,12,12,12,12,1,1,1,0
nvbench2:train:3150,5,1,5,5,11,11,6,6,1,1,1,1
nvbench2:train:3151,5,2,5,5,12,12,7,7,1,1,1,1
nvbench2:train:3152,2,1,2,2,5,10,10,10,1,1,1,1
nvbench2:train:3153,4,1,4,4,9,9,5,5,1,1,1,1
nvbench2:train:3154,3,2,3,3,8,8,7,7,1,1,1,1
nvbench2:train:3155,3,2,3,3,8,8,4,4,1,1,1,1
nvbench2:train:3156,3,2,3,3,8,8,7,7,1,1,1,1
nvbench2:train:3157,3,2,3,2,8,8,6,6,0,1,1,1
nvbench2:train:3158,2,1,2,2,5,5,4,4,1,1,1,1
nvbench2:train:3159,2,2,2,2,6,6,3,3,1,1,1,1
nvbench2:train:3160,3,2,3,3,8,8,6,6,1,1,1,1
nvbench2:train:3161,2,1,2,1,4,4,2,2,0,1,1,1
nvbench2:train:3162,5,2,5,5,12,12,12,12,1,1,1,0
nvbench2:train:3163,3,1,2,3,6,8,5,5,1,1,1,1
nvbench2:train:3164,5,2,4,5,11,11,8,8,1,1,1,1
nvbench2:train:3165,5,2,5,5,12,12,12,12,1,1,1,0
nvbench2:train:3166,5,1,5,5,11,11,6,6,1,1,1,1
nvbench2:train:3167,5,1,5,5,11,11,11,11,1,1,1,0
nvbench2:train:3168,5,1,5,5,11,11,11,11,1,1,1,0
nvbench2:train:3169,5,2,5,5,12,12,12,12,1,1,1,0
nvbench2:train:3170,5,1,5,5,11,11,6,6,1,1,1,1
nvbench2:train:3171,5,2,5,5,12,12,7,7,1,1,1,1
nvbench2:train:3172,2,1,2,2,5,10,10,10,1,1,1,1
nvbench2:train:3173,2,2,2,2,6,6,4,4,1,1,1,1
nvbench2:train:3174,2,2,2,2,6,6,4,4,0,1,1,1
nvbench2:train:3175,2,2,2,2,6,6,5,5,1,1,1,1
nvbench2:train:3176,2,2,2,2,6,6,5,5,1,1,1,1
nvbench2:train:3177,2,2,2,2,6,6,4,4,1,1,1,1
nvbench2:train:3178,2,2,2,2,6,6,6,6,1,1,1,1
nvbench2:train:3179,2,2,2,2,6,6,5,5,1,1,1,1
nvbench2:train:3180,2,2,2,2,6,6,5,5,1,1,1,1
nvbench2:train:3181,3,1,2,3,6,8,5,5,1,1,1,1
nvbench2:train:3182,2,2,2,2,6,6,2,2,1,1,1,1
nvbench2:train:3183,5,1,5,5,11,11,6,6,1,1,1,1
nvbench2:train:3184,5,2,5,5,12,12,12,12,1,1,1,0
nvbench2:train:3185,5,2,5,5,12,12,12,12,1,1,1,0
nvbench2:train:3186,5,1,5,5,11,11,11,11,1,1,1,0
nvbench2:train:3187,5,2,5,5,12,12,12,12,1,1,1,0
nvbench2:train:3188,4,1,4,4,9,9,5,5,1,1,1,1
nvbench2:train:3189,4,1,4,4,9,9,5,5,1,1,1,1
nvbench2:train:3190,5,2,5,5,12,12,7,7,1,1,1,1
nvbench2:train:3191,2,2,2,2,6,6,2,2,1,1,1,1
nvbench2:train:3192,5,1,5,5,11,11,5,5,1,1,1,1
nvbench2:train:3193,4,1,4,4,9,9,5,5,1,1,1,1
nvbench2:train:3194,3,1,1,1,3,3,1,1,0,1,1,1
nvbench2:train:3195,3,2,3,3,8,8,4,4,1,1,1,1
nvbench2:train:3196,3,1,1,1,3,3,1,1,0,1,1,1
nvbench2:train:3197,2,1,2,2,5,5,5,5,1,1,1,1
nvbench2:train:3198,2,1,1,2,4,4,2,2,1,1,1,1
nvbench2:train:3199,5,1,5,5,11,11,6,6,1,1,1,1
nvbench2:train:3200,2,1,2,2,5,5,5,5,1,1,1,1
nvbench2:train:3201,3,1,3,3,7,7,4,4,1,1,1,1
nvbench2:train:3202,3,1,2,3,6,8,5,5,1,1,1,1
nvbench2:train:3203,5,1,5,5,11,11,6,6,0,0,0,0
nvbench2:train:3204,2,1,2,2,5,5,3,3,1,1,1,1
nvbench2:train:3205,2,2,2,2,6,6,4,4,1,1,1,1
nvbench2:train:3206,2,2,2,2,6,6,4,4,1,1,1,1
nvbench2:train:3207,3,1,2,3,6,8,5,5,1,1,1,1
nvbench2:train:3208,2,2,2,2,6,6,2,2,1,1,1,1
nvbench2:train:3209,2,2,2,2,6,6,6,6,1,1,1,1
nvbench2:train:3210,5,2,4,3,9,9,7,7,0,1,1,1
nvbench2:train:3211,3,1,1,1,3,3,2,2,0,1,1,1
nvbench2:train:3212,2,2,2,2,6,6,2,2,1,1,1,1
nvbench2:train:3213,2,2,2,2,6,6,4,4,0,0,0,0
nvbench2:train:3214,3,1,2,1,4,4,3,3,0,1,1,1
nvbench2:train:3215,2,2,2,2,6,6,2,2,1,1,1,1
nvbench2:train:3216,5,2,4,5,11,13,8,8,1,1,1,1
nvbench2:train:3217,3,1,2,3,6,8,5,5,1,1,1,1
nvbench2:train:3218,2,2,2,2,6,6,4,4,1,1,1,1
nvbench2:train:3219,3,2,3,3,8,8,7,7,1,1,1,1
nvbench2:train:3220,2,1,2,2,5,5,4,4,1,1,1,1
nvbench2:train:3221,2,1,2,2,5,5,4,4,1,1,1,1
nvbench2:train:3222,4,1,4,4,9,9,5,5,1,1,1,1
nvbench2:train:3223,2,2,2,2,6,6,2,2,1,1,1,1
nvbench2:train:3224,5,1,5,5,11,11,5,5,1,1,1,1
nvbench2:train:3225,3,1,2,2,5,5,3,3,0,1,1,1
nvbench2:train:3226,4,1,4,4,9,9,5,5,1,1,1,1
nvbench2:train:3227,2,2,2,2,6,6,6,6,1,1,1,1
nvbench2:train:3228,5,1,5,5,11,11,6,6,1,1,1,1
nvbench2:train:3229,4,1,4,4,9,9,9,9,1,1,1,0
nvbench2:train:3230,5,1,5,5,11,11,11,11,1,1,1,0
nvbench2:train:3231,4,1,4,4,9,9,5,5,1,1,1,1
nvbench2:train:3232,4,1,4,4,9,9,5,5,1,1,1,1
nvbench2:train:3233,2,2,2,2,6,6,4,4,1,1,1,1
nvbench2:train:3234,2,2,2,2,6,12,4,4,1,1,1,1
nvbench2:train:3235,4,2,4,4,10,20,12,12,1,1,1,1
nvbench2:train:3236,4,2,4,4,10,10,10,10,1,1,1,0
nvbench2:train:3237,4,2,4,4,10,10,10,10,1,1,1,0
nvbench2:train:3238,4,2,4,4,10,10,10,10,1,1,1,0
nvbench2:train:3239,2,1,2,2,5,5,3,3,1,1,1,1
nvbench2:train:3240,2,1,2,2,5,5,4,4,1,1,1,1
nvbench2:train:3241,3,1,3,3,7,7,6,6,1,1,1,1
nvbench2:train:3242,4,2,4,4,10,10,10,10,1,1,1,0
nvbench2:train:3243,4,2,4,4,10,10,10,10,1,1,1,0
nvbench2:train:3244,2,1,2,2,5,5,4,4,1,1,1,1
nvbench2:train:3245,2,1,2,2,5,5,4,4,1,1,1,1
nvbench2:train:3246,2,2,2,2,6,6,4,4,1,1,1,1
nvbench2:train:3247,4,2,4,4,10,10,10,10,1,1,1,0
nvbench2:train:3248,3,1,3,3,7,7,7,7,1,1,1,1
nvbench2:train:3249,2,2,2,2,6,6,4,4,1,1,1,1
nvbench2:train:3250,2,1,2,2,5,5,3,3,1,1,1,1
nvbench2:train:3251,3,2,3,3,8,8,4,4,1,1,1,1
nvbench2:train:3252,3,2,3,3,8,8,5,5,1,1,1,1
nvbench2:train:3253,3,2,3,3,8,8,4,4,1,1,1,1
nvbench2:train:3254,2,1,2,2,5,5,3,3,1,1,1,1
nvbench2:train:3255,2,1,2,2,5,5,2,2,1,1,1,1
nvbench2:train:3256,2,1,2,2,5,5,3,3,1,1,1,1
nvbench2:train:3257,4,1,4,4,9,9,9,9,1,1,1,0
nvbench2:train:3258,3,1,3,3,7,7,7,7,1,1,1,1
nvbench2:train:3259,2,1,2,2,5,5,5,5,1,1,1,1
nvbench2:train:3260,2,1,1,1,3,3,3,3,0,1,1,1
nvbench2:train:3261,2,1,2,2,5,10,10,10,1,1,1,1
nvbench2:train:3262,3,1,3,3,7,7,4,4,1,1,1,1
nvbench2:train:3263,4,1,4,4,9,9,5,5,1,1,1,1
nvbench2:train:3264,3,2,3,3,8,8,8,8,1,1,1,0
nvbench2:train:3265,3,1,3,3,7,7,3,3,1,1,1,1
nvbench2:train:3266,3,2,3,3,8,8,8,8,1,1,1,0
nvbench2:train:3267,3,1,3,3,7,7,7,7,1,1,1,1
nvbench2:train:3268,3,2,3,3,8,8,8,8,1,1,1,0
nvbench2:train:3269,5,2,2,2,6,6,6,6,0,1,1,0
nvbench2:train:3270,2,1,2,2,5,5,3,3,1,1,1,1
nvbench2:train:3271,2,1,2,2,5,5,3,3,1,1,1,1
nvbench2:train:3272,2,1,2,2,5,5,5,5,1,1,1,1
nvbench2:train:3273,2,1,1,2,4,4,3,3,1,1,1,1
nvbench2:train:3274,2,2,2,2,6,6,4,4,1,1,1,1
nvbench2:train:3275,4,2,2,4,8,8,6,6,1,1,1,1
nvbench2:train:3276,2,1,1,2,4,4,3,3,1,1,1,1
nvbench2:train:3277,4,2,2,4,8,8,6,6,1,1,1,1
nvbench2:train:3278,3,1,2,3,6,6,5,5,1,1,1,1
nvbench2:train:3279,2,1,2,2,5,5,4,4,1,1,1,1
nvbench2:train:3280,2,1,1,2,4,4,3,3,1,1,1,1
nvbench2:train:3281,2,2,2,2,6,6,4,4,1,1,1,1
nvbench2:train:3282,3,1,3,3,7,7,6,6,1,1,1,1
nvbench2:train:3283,2,1,1,2,4,6,3,3,1,1,1,1
nvbench2:train:3284,2,1,2,2,5,5,3,3,1,1,1,1
nvbench2:train:3285,3,1,3,3,7,7,3,3,0,0,0,0
nvbench2:train:3286,4,2,4,4,10,10,6,6,1,1,1,1
nvbench2:train:3287,4,1,4,4,9,9,7,7,1,1,1,1
nvbench2:train:3288,2,1,2,2,5,5,5,5,1,1,1,1
nvbench2:train:3289,4,2,4,4,10,10,9,9,1,1,1,0
nvbench2:train:3290,2,1,2,2,5,5,5,5,1,1,1,1
nvbench2:train:3291,2,1,2,2,5,5,5,5,1,1,1,1
nvbench2:train:3292,4,2,4,4,10,10,5,5,1,1,1,1
nvbench2:train:3293,3,1,3,3,7,7,4,4,1,1,1,1
nvbench2:train:3294,4,4,4,4,12,12,8,8,1,1,1,1
nvbench2:train:3295,3,2,3,3,8,8,8,8,1,1,1,0
nvbench2:train:3296,2,1,2,2,5,5,5,5,1,1,1,1
nvbench2:train:3297,2,2,2,2,6,6,6,6,1,1,1,1
nvbench2:train:3298,5,2,5,5,12,12,11,11,1,1,1,0
nvbench2:train:3299,3,1,2,3,6,8,5,5,1,1,1,1
nvbench2:train:3300,2,1,2,2,5,5,4,4,1,1,1,1
nvbench2:train:3301,3,2,3,3,8,8,7,7,1,1,1,1
nvbench2:train:3302,2,1,2,2,5,5,5,5,1,1,1,1
nvbench2:train:3303,2,2,2,2,6,6,6,6,1,1,1,1
nvbench2:train:3304,3,2,3,3,8,8,8,8,1,1,1,0
nvbench2:train:3305,2,2,2,2,6,6,4,4,1,1,1,1
nvbench2:train:3306,1,1,1,1,4,4,2,2,1,1,1,1
nvbench2:train:3307,3,2,3,3,8,8,7,7,1,1,1,1
nvbench2:train:3308,4,1,4,4,9,9,5,5,1,1,1,1
nvbench2:train:3309,4,2,4,4,10,10,10,10,1,1,1,0
nvbench2:train:3310,4,2,4,4,10,10,10,10,1,1,1,0
nvbench2:train:3311,5,1,5,5,11,11,11,11,1,1,1,0
nvbench2:train:3312,4,2,4,4,10,10,6,6,1,1,1,1
nvbench2:train:3313,2,2,1,1,4,4,3,3,0,0,1,1
nvbench2:train:3314,5,1,5,5,11,11,6,6,1,1,1,1
nvbench2:train:3315,2,2,2,2,6,6,4,4,1,1,1,1
nvbench2:train:3316,5,1,5,5,11,11,6,6,1,1,1,1
nvbench2:train:3317,2,1,2,2,5,5,5,5,1,1,1,1
nvbench2:train:3318,2,1,2,2,5,5,5,5,1,1,1,1
nvbench2:train:3319,5,5,5,5,15,15,10,10,1,1,1,0
nvbench2:train:3320,5,2,5,5,12,12,11,11,1,1,1,0
nvbench2:train:3321,5,2,5,5,12,12,6,6,1,1,1,1
nvbench2:train:3322,2,1,2,2,5,5,3,3,1,1,1,1
nvbench2:train:3323,3,1,3,3,7,7,4,4,1,1,1,1
nvbench2:train:3324,3,1,3,3,7,7,4,4,1,1,1,1
nvbench2:train:3325,2,1,2,2,5,5,5,5,1,1,1,1
nvbench2:train:3326,3,1,3,3,7,7,4,4,1,1,1,1
nvbench2:train:3327,4,1,4,4,9,9,5,5,1,1,1,1
nvbench2:train:3328,2,1,2,2,5,5,3,3,1,1,1,1
nvbench2:train:3329,4,1,4,4,9,9,4,4,1,1,1,1
nvbench2:train:3330,4,1,4,4,9,9,4,4,1,1,1,1
nvbench2:train:3331,3,1,3,3,7,7,6,6,1,1,1,1
nvbench2:train:3332,4,1,3,4,8,10,8,8,1,1,1,1
nvbench2:train:3333,3,1,3,3,7,7,4,4,1,1,1,1
nvbench2:train:3334,4,1,3,4,8,10,6,6,1,1,1,1
nvbench2:train:3335,2,1,1,1,3,3,3,3,0,1,1,1
nvbench2:train:3336,3,2,3,3,8,8,5,5,1,1,1,1
nvbench2:train:3337,2,2,2,2,6,6,2,2,1,1,1,1
nvbench2:train:3338,3,1,3,3,7,7,7,7,1,1,1,1
nvbench2:train:3339,4,1,4,4,9,9,4,4,1,1,1,1
nvbench2:train:3340,2,2,2,2,6,6,4,4,1,1,1,1
nvbench2:train:3341,3,2,3,3,8,8,8,8,1,1,1,0
nvbench2:train:3342,2,2,2,2,6,6,2,2,1,1,1,1
nvbench2:train:3343,3,1,1,1,3,3,2,2,0,1,1,1
nvbench2:train:3344,5,2,5,5,12,12,11,11,1,1,1,0
nvbench2:train:3345,4,1,4,4,9,9,5,5,1,1,1,1
nvbench2:train:3346,2,2,2,2,6,6,4,4,1,1,1,1
nvbench2:train:3347,5,2,5,5,12,12,11,11,1,1,1,0
nvbench2:train:3348,4,1,4,4,9,9,5,5,1,1,1,1
nvbench2:train:3349,3,2,3,3,8,8,4,4,1,1,1,1
nvbench2:train:3350,3,2,3,3,8,8,4,4,1,1,1,1
nvbench2:train:3351,5,2,5,5,12,12,12,12,1,1,1,0
nvbench2:train:3352,2,2,2,2,6,6,4,4,1,1,1,1
nvbench2:train:3353,2,2,2,2,6,6,6,6,1,1,1,1
nvbench2:train:3354,2,2,2,2,6,6,4,4,0,1,1,1
nvbench2:train:3355,2,2,2,2,6,6,5,5,0,1,1,1
nvbench2:train:3356,2,2,2,2,6,6,5,5,1,1,1,1
nvbench2:train:3357,2,2,2,2,6,6,5,5,1,1,1,1
nvbench2:train:3358,2,2,2,2,6,6,6,6,1,1,1,1
nvbench2:train:3359,2,1,2,2,5,5,3,3,1,1,1,1
nvbench2:train:3360,2,2,2,2,6,6,2,2,1,1,1,1
nvbench2:train:3361,3,1,3,3,7,7,3,3,1,1,1,1
nvbench2:train:3362,2,2,2,2,6,6,2,2,1,1,1,1
nvbench2:train:3363,5,2,5,5,12,12,6,6,1,1,1,1
nvbench2:train:3364,4,1,4,4,9,9,5,5,1,1,1,1
nvbench2:train:3365,4,2,4,4,10,10,6,6,1,1,1,1
nvbench2:train:3366,2,1,2,2,5,10,6,6,1,1,1,1
nvbench2:train:3367,2,2,2,2,6,6,2,2,1,1,1,1
nvbench2:train:3368,2,1,2,2,5,5,3,3,1,1,1,1
nvbench2:train:3369,2,2,2,2,6,12,4,4,1,1,1,1
nvbench2:train:3370,2,1,1,2,4,4,3,3,1,1,1,1
nvbench2:train:3371,3,1,3,3,7,7,4,4,1,1,1,1
nvbench2:train:3372,2,1,2,2,5,5,3,3,1,1,1,1
nvbench2:train:3373,4,4,4,4,12,12,8,8,1,1,1,1
nvbench2:train:3374,2,1,1,1,3,3,2,2,0,1,1,1
nvbench2:train:3375,2,2,2,2,6,6,4,4,1,1,1,1
nvbench2:train:3376,3,1,3,3,7,7,6,6,1,1,1,1
nvbench2:train:3377,4,4,4,4,12,12,4,4,1,1,1,1
nvbench2:train:3378,3,1,3,1,5,5,4,4,0,1,1,1
nvbench2:train:3379,2,1,2,2,5,5,5,5,1,1,1,1
nvbench2:train:3380,2,1,2,2,5,10,10,10,1,1,1,1
nvbench2:train:3381,2,2,2,2,6,6,2,2,1,1,1,1
nvbench2:train:3382,4,2,4,4,10,10,6,6,1,1,1,1
nvbench2:train:3383,2,2,2,2,6,6,2,2,1,1,1,1
nvbench2:train:3384,2,1,1,2,4,6,3,3,1,1,1,1
nvbench2:train:3385,5,1,3,5,9,13,8,8,1,1,1,1
nvbench2:train:3386,2,1,2,2,5,5,3,3,1,1,1,1
nvbench2:train:3387,4,2,4,4,10,10,6,6,1,1,1,1
nvbench2:train:3388,2,1,2,1,4,4,3,3,0,1,1,1
nvbench2:train:3389,3,1,2,3,6,8,5,5,1,1,1,1
nvbench2:train:3390,3,1,3,3,7,7,7,7,1,1,1,1
nvbench2:train:3391,3,1,3,3,7,7,7,7,1,1,1,1
nvbench2:train:3392,3,2,3,3,8,8,8,8,1,1,1,0
nvbench2:train:3393,3,1,3,3,7,7,4,4,1,1,1,1
nvbench2:train:3394,4,4,4,4,12,12,8,8,1,1,1,1
nvbench2:train:3395,3,2,3,3,8,8,7,7,1,1,1,1
nvbench2:train:3396,2,2,2,2,6,6,4,4,1,1,1,1
nvbench2:train:3397,1,1,1,1,3,3,3,3,1,1,1,1
nvbench2:train:3398,3,2,3,3,8,8,7,7,1,1,1,1
nvbench2:train:3399,3,2,3,3,8,8,7,7,1,1,1,1
nvbench2:train:3400,2,2,2,2,6,6,4,4,1,1,1,1
nvbench2:train:3401,1,1,1,1,3,3,2,2,1,1,1,1
nvbench2:train:3402,3,1,1,1,3,3,2,2,0,0,0,0
nvbench2:train:3403,3,2,3,3,8,8,8,8,1,1,1,0
nvbench2:train:3404,3,2,3,3,8,8,8,8,1,1,1,0
nvbench2:train:3405,3,1,3,3,7,7,4,4,1,1,1,1
nvbench2:train:3406,3,1,3,3,7,7,4,4,1,1,1,1
nvbench2:train:3407,3,3,3,3,9,9,6,6,1,1,1,1
nvbench2:train:3408,3,1,3,3,7,7,7,7,1,1,1,1
nvbench2:train:3409,3,1,3,3,7,7,7,7,1,1,1,1
nvbench2:train:3410,4,2,4,4,10,10,10,10,1,1,1,0
nvbench2:train:3411,4,1,4,4,9,9,9,9,1,1,1,0
nvbench2:train:3412,2,2,2,2,6,6,4,4,1,1,1,1
nvbench2:train:3413,2,2,2,2,6,6,6,6,1,1,1,1
nvbench2:train:3414,2,2,2,2,6,6,4,4,1,1,1,1
nvbench2:train:3415,4,2,4,4,10,10,10,10,1,1,1,0
nvbench2:train:3416,5,1,5,5,11,11,5,5,1,1,1,1
nvbench2:train:3417,4,1,4,4,9,9,9,9,1,1,1,0
nvbench2:train:3418,4,2,4,4,10,10,10,10,1,1,1,0
nvbench2:train:3419,3,1,2,3,6,8,5,5,1,1,1,1
nvbench2:train:3420,4,2,4,4,10,10,6,6,1,1,1,1
nvbench2:train:3421,4,1,4,4,9,9,9,9,1,1,1,0
nvbench2:train:3422,4,1,4,4,9,9,9,9,1,1,1,0
nvbench2:train:3423,4,1,1,1,3,3,3,3,0,1,1,1
nvbench2:train:3424,4,1,4,4,9,9,5,5,1,1,1,1
nvbench2:train:3425,4,2,4,4,10,10,6,6,1,1,1,1
nvbench2:train:3426,2,2,2,2,6,6,2,2,1,1,1,1
nvbench2:train:3427,2,1,2,2,5,10,10,10,1,1,1,1
nvbench2:train:3428,5,1,5,5,11,11,5,5,1,1,1,1
nvbench2:train:3429,2,2,2,2,6,6,2,2,1,1,1,1
nvbench2:train:3430,2,2,2,2,6,6,2,2,1,1,1,1
nvbench2:train:3431,2,2,2,2,6,6,4,4,1,1,1,1
nvbench2:train:3432,2,1,2,2,5,5,4,4,1,1,1,1
nvbench2:train:3433,2,2,2,2,6,6,2,2,1,1,1,1
nvbench2:train:3434,2,2,2,2,6,6,4,4,1,1,1,1
nvbench2:train:3435,2,2,2,2,6,6,2,2,1,1,1,1
nvbench2:train:3436,3,1,2,3,6,8,5,5,1,1,1,1
nvbench2:train:3437,2,1,2,2,5,5,3,3,1,1,1,1
nvbench2:train:3438,2,1,2,2,5,5,3,3,1,1,1,1
nvbench2:train:3439,2,2,2,2,6,6,4,4,1,1,1,1
nvbench2:train:3440,2,2,2,2,6,6,2,2,1,1,1,1
nvbench2:train:3441,2,2,2,2,6,6,4,4,1,1,1,1
nvbench2:train:3442,3,1,3,3,7,7,7,7,1,1,1,1
nvbench2:train:3443,3,1,2,3,6,8,5,5,1,1,1,1
nvbench2:train:3444,3,1,2,3,6,8,5,5,1,1,1,1
nvbench2:train:3445,5,5,5,5,15,15,10,10,1,1,1,1
nvbench2:train:3446,5,2,5,5,12,12,6,6,1,1,1,1
nvbench2:train:3447,3,1,3,3,7,7,4,4,1,1,1,1
nvbench2:train:3448,3,1,3,3,7,7,4,4,1,1,1,1
nvbench2:train:3449,5,2,5,5,12,12,6,6,1,1,1,1
nvbench2:train:3450,5,2,5,5,12,12,6,6,1,1,1,1
nvbench2:train:3451,2,1,1,1,3,3,2,2,0,1,1,1
nvbench2:train:3452,2,2,2,2,6,6,5,5,1,1,1,1
nvbench2:train:3453,2,2,2,2,6,6,6,6,1,1,1,1
nvbench2:train:3454,2,2,2,2,6,6,5,5,1,1,1,1
nvbench2:train:3455,2,2,2,2,6,6,5,5,1,1,1,1
nvbench2:train:3456,2,2,2,2,6,6,5,5,1,1,1,1
nvbench2:train:3457,3,2,3,3,8,8,4,4,1,1,1,1
nvbench2:train:3458,3,1,1,1,3,3,1,1,0,1,1,1
nvbench2:train:3459,3,2,3,3,8,8,4,4,1,1,1,1
nvbench2:train:3460,2,2,2,2,6,6,4,4,1,1,1,1
nvbench2:train:3461,2,2,2,2,6,6,4,4,1,1,1,1
nvbench2:train:3462,3,1,3,3,7,7,7,7,1,1,1,1
nvbench2:train:3463,3,1,3,3,7,7,7,7,1,1,1,1
nvbench2:train:3464,2,2,2,2,6,6,4,4,1,1,1,1
nvbench2:train:3465,3,1,3,3,7,7,7,7,1,1,1,1
nvbench2:train:3466,2,2,2,2,6,6,2,2,1,1,1,1
nvbench2:train:3467,3,1,3,3,7,7,4,4,1,1,1,1
nvbench2:train:3468,2,2,2,2,6,6,4,4,1,1,1,1
nvbench2:train:3469,5,2,5,5,12,12,6,6,1,1,1,1
nvbench2:train:3470,3,3,3,3,10,10,8,8,1,1,1,0
nvbench2:train:3471,5,2,5,5,12,12,6,6,1,1,1,1
nvbench2:train:3472,2,2,2,2,6,6,2,2,1,1,1,1
nvbench2:train:3473,5,2,5,5,12,12,7,7,1,1,1,1
nvbench2:train:3474,2,1,2,2,5,5,3,3,1,1,1,1
nvbench2:train:3475,3,2,3,3,8,8,5,5,1,1,1,1
nvbench2:train:3476,2,1,1,2,4,4,2,2,1,1,1,1
nvbench2:train:3477,2,1,2,2,5,5,3,3,1,1,1,1
nvbench2:train:3478,3,2,3,3,8,8,4,4,1,1,1,1
nvbench2:train:3479,3,2,3,3,8,8,5,5,1,1,1,1
nvbench2:train:3480,3,2,3,3,8,8,4,4,1,1,1,1
nvbench2:train:3481,4,1,1,1,3,3,3,3,0,1,1,1
nvbench2:train:3482,5,1,5,5,11,11,10,10,1,1,1,0
nvbench2:train:3483,2,1,2,2,5,5,5,5,1,1,1,1
nvbench2:train:3484,2,2,2,2,6,6,4,4,1,1,1,1
nvbench2:train:3485,4,2,4,4,10,10,10,10,1,1,1,0
nvbench2:train:3486,4,2,2,4,8,8,6,6,1,1,1,1
nvbench2:train:3487,4,3,4,4,11,11,7,7,1,1,1,1
nvbench2:train:3488,2,2,2,2,6,6,4,4,1,1,1,1
nvbench2:train:3489,4,2,4,4,10,10,10,10,1,1,1,0
nvbench2:train:3490,2,1,1,2,4,4,3,3,1,1,1,1
nvbench2:train:3491,5,1,5,5,11,11,10,10,1,1,1,0
nvbench2:train:3492,2,1,2,2,5,5,5,5,1,1,1,1
nvbench2:train:3493,2,1,1,1,3,3,2,2,0,1,1,1
nvbench2:train:3494,5,1,1,1,3,3,1,1,0,1,1,1
nvbench2:train:3495,5,2,3,5,10,10,9,9,1,1,1,1
nvbench2:train:3496,2,1,1,1,3,3,1,1,0,1,1,1
nvbench2:train:3497,5,1,3,5,9,13,8,8,1,1,1,1
nvbench2:train:3498,2,1,2,2,5,5,3,3,1,1,1,1
nvbench2:train:3499,2,1,2,2,5,5,3,3,1,1,1,1
nvbench2:train:3500,5,1,5,5,11,11,11,11,1,1,1,0
nvbench2:train:3501,3,1,3,3,7,7,4,4,1,1,1,1
nvbench2:train:3502,2,1,2,2,5,5,3,3,1,1,1,1
nvbench2:train:3503,2,2,2,2,6,6,2,2,1,1,1,1
nvbench2:train:3504,5,1,5,5,11,11,6,6,1,1,1,1
nvbench2:train:3505,3,1,3,3,7,7,4,4,1,1,1,1
nvbench2:train:3506,2,1,2,2,5,5,5,5,1,1,1,1
nvbench2:train:3507,2,1,1,2,4,4,4,4,1,1,1,1
nvbench2:train:3508,4,1,4,4,9,18,18,15,1,1,1,1
nvbench2:train:3509,2,1,2,2,5,5,3,3,1,1,1,1
nvbench2:train:3510,5,1,3,5,9,13,8,8,1,1,1,1
nvbench2:train:3511,2,1,2,2,5,5,3,3,1,1,1,1
nvbench2:train:3512,5,1,5,5,11,11,6,6,1,1,1,1
nvbench2:train:3513,3,1,3,3,7,14,14,14,1,1,1,1
nvbench2:train:3514,2,1,2,2,5,5,3,3,1,1,1,1
nvbench2:train:3515,4,1,4,4,9,9,5,5,1,1,1,1
nvbench2:train:3516,4,1,4,4,9,9,5,5,1,1,1,1
nvbench2:train:3517,3,1,3,3,7,7,4,4,1,1,1,1
nvbench2:train:3518,2,1,2,2,5,5,5,5,1,1,1,1
nvbench2:train:3519,5,1,5,5,11,11,5,5,1,1,1,1
nvbench2:train:3520,2,1,2,2,5,5,3,3,1,1,1,1
nvbench2:train:3521,2,2,2,2,6,6,4,4,1,1,1,1
nvbench2:train:3522,5,1,3,5,9,13,8,8,1,1,1,1
nvbench2:train:3523,2,1,2,2,5,5,3,3,1,1,1,1
nvbench2:train:3524,3,1,3,3,7,14,8,8,1,1,1,1
nvbench2:train:3525,2,2,2,2,6,6,4,4,1,1,1,1
nvbench2:train:3526,2,2,2,2,6,12,4,4,1,1,1,1
nvbench2:train:3527,4,1,4,4,9,9,9,9,1,1,1,1
nvbench2:train:3528,1,1,1,1,4,4,2,2,1,1,1,1
nvbench2:train:3529,3,2,3,3,8,8,4,4,1,1,1,1
nvbench2:train:3530,2,2,2,2,6,6,4,4,1,1,1,1
nvbench2:train:3531,2,2,2,2,6,6,4,4,1,1,1,1
nvbench2:train:3532,2,2,2,2,6,6,4,4,1,1,1,1
nvbench2:train:3533,2,2,2,2,6,6,2,2,1,1,1,1
nvbench2:train:3534,2,2,2,2,6,6,4,4,1,1,1,1
nvbench2:train:3535,5,5,5,5,15,15,10,10,1,1,1,0
nvbench2:train:3536,5,5,5,5,15,15,10,10,1,1,1,1
nvbench2:train:3537,2,2,2,2,6,6,4,4,1,1,1,1
nvbench2:train:3538,2,2,2,2,6,6,2,2,1,1,1,1
nvbench2:train:3539,2,2,2,2,6,6,4,4,1,1,1,1
nvbench2:train:3540,2,2,2,2,6,6,4,4,1,1,1,1
nvbench2:train:3541,2,2,2,2,6,6,2,2,1,1,1,1
nvbench2:train:3542,2,2,2,2,6,6,2,2,1,1,1,1
nvbench2:train:3543,2,2,2,2,6,6,4,4,1,1,1,1
nvbench2:train:3544,2,2,2,2,6,6,4,4,1,1,1,1
nvbench2:train:3545,2,2,2,2,6,6,6,6,1,1,1,1
nvbench2:train:3546,2,1,2,2,5,5,2,2,1,1,1,1
nvbench2:train:3547,2,2,2,2,6,6,6,6,1,1,1,1
nvbench2:train:3548,2,2,2,2,6,6,4,4,1,1,1,1
nvbench2:train:3549,4,1,2,4,7,7,6,6,1,1,1,1
nvbench2:train:3550,3,2,3,3,8,8,7,7,1,1,1,1
nvbench2:train:3551,2,2,2,2,6,6,3,3,1,1,1,1
nvbench2:train:3552,3,2,3,3,8,8,6,6,1,1,1,1
nvbench2:train:3553,2,2,2,2,6,6,6,6,1,1,1,1
nvbench2:train:3554,2,1,2,2,5,5,5,5,1,1,1,1
nvbench2:train:3555,5,2,5,5,12,12,6,6,1,1,1,1
nvbench2:train:3556,5,2,5,5,12,12,7,7,1,1,1,1
nvbench2:train:3557,5,2,5,5,12,12,6,6,1,1,1,1
nvbench2:train:3558,3,1,3,3,7,7,7,7,1,1,1,1
nvbench2:train:3559,3,1,3,3,7,7,6,6,1,1,1,1
nvbench2:train:3560,3,1,3,3,7,7,4,4,1,1,1,1
nvbench2:train:3561,5,2,5,5,12,12,12,12,1,1,1,0
nvbench2:train:3562,4,1,2,2,5,7,7,7,0,1,1,1
nvbench2:train:3563,3,1,3,3,7,7,4,4,1,1,1,1
nvbench2:train:3564,2,1,2,2,5,5,3,3,1,1,1,1
nvbench2:train:3565,2,1,2,2,5,5,3,3,1,1,1,1
nvbench2:train:3566,2,1,2,2,5,10,6,6,1,1,1,1
nvbench2:train:3567,3,1,3,3,7,7,6,6,1,1,1,1
nvbench2:train:3568,4,1,2,4,7,11,7,7,1,1,1,1
nvbench2:train:3569,3,1,3,3,7,7,3,3,1,1,1,1
nvbench2:train:3570,2,2,2,2,6,6,4,4,1,1,1,1
nvbench2:train:3571,4,1,2,4,7,11,7,7,1,1,1,1
nvbench2:train:3572,4,2,2,4,8,8,6,6,1,1,1,1
nvbench2:train:3573,2,2,2,2,6,6,2,2,1,1,1,1
nvbench2:train:3574,2,1,2,2,5,5,5,5,1,1,1,1
nvbench2:train:3575,4,1,4,4,9,9,5,5,1,1,1,1
nvbench2:train:3576,2,1,2,2,5,5,3,3,1,1,1,1
nvbench2:train:3577,2,1,2,2,5,5,3,3,1,1,1,1
nvbench2:train:3578,5,1,5,5,11,11,6,6,1,1,1,1
nvbench2:train:3579,2,2,2,2,6,6,4,4,1,1,1,1
nvbench2:train:3580,2,2,2,2,6,6,4,4,1,1,1,1
nvbench2:train:3581,2,1,2,2,5,5,5,5,1,1,1,1
nvbench2:train:3582,2,2,2,2,6,6,4,4,1,1,1,1
nvbench2:train:3583,2,2,2,2,6,6,2,2,1,1,1,1
nvbench2:train:3584,3,1,3,3,7,7,6,6,1,1,1,1
nvbench2:train:3585,2,2,2,2,6,6,4,4,1,1,1,1
nvbench2:train:3586,2,2,2,2,6,6,4,4,1,1,1,1
nvbench2:train:3587,2,2,2,2,6,6,2,2,1,1,1,1
nvbench2:train:3588,2,2,2,2,6,6,4,4,1,1,1,1
nvbench2:train:3589,2,2,2,2,6,6,2,2,1,1,1,1
nvbench2:train:3590,2,2,2,2,6,6,2,2,1,1,1,1
nvbench2:train:3591,2,2,2,2,6,6,4,4,1,1,1,1
nvbench2:train:3592,5,5,5,5,15,15,10,10,1,1,1,0
nvbench2:train:3593,2,2,2,2,6,6,2,2,1,1,1,1
nvbench2:train:3594,2,2,2,2,6,6,6,6,1,1,1,1
nvbench2:train:3595,2,2,2,2,6,6,4,4,1,1,1,1
nvbench2:train:3596,2,2,2,2,6,6,4,4,1,1,1,1
nvbench2:train:3597,2,2,2,2,6,6,4,4,1,1,1,1
nvbench2:train:3598,2,2,2,2,6,6,6,6,1,1,1,1
nvbench2:train:3599,2,2,2,2,6,6,4,4,1,1,1,1
nvbench2:train:3600,2,2,2,2,6,6,4,4,1,1,1,1
nvbench2:train:3601,2,2,2,2,6,6,2,2,1,1,1,1
nvbench2:train:3602,2,2,2,2,6,6,2,2,1,1,1,1
nvbench2:train:3603,3,1,3,3,7,7,4,4,1,1,1,1
nvbench2:train:3604,3,1,3,3,7,7,7,7,1,1,1,1
nvbench2:train:3605,3,1,3,3,7,7,4,4,1,1,1,1
nvbench2:train:3606,3,1,3,3,7,7,4,4,1,1,1,1
nvbench2:train:3607,3,2,3,3,8,8,5,5,1,1,1,1
nvbench2:train:3608,3,1,3,3,7,7,4,4,1,1,1,1
nvbench2:train:3609,3,2,3,3,8,8,8,8,1,1,1,0
nvbench2:train:3610,3,2,3,3,8,8,8,8,1,1,1,0
nvbench2:train:3611,5,5,5,5,15,15,9,9,0,1,1,0
nvbench2:train:3612,5,2,5,5,12,12,6,6,1,1,1,1
nvbench2:train:3613,3,1,1,1,3,3,1,1,0,1,1,1
nvbench2:train:3614,5,2,5,5,12,12,6,6,1,1,1,1
nvbench2:train:3615,5,2,5,5,12,12,6,6,1,1,1,1
nvbench2:train:3616,2,2,2,2,6,6,4,4,1,1,1,1
nvbench2:train:3617,4,2,4,4,10,10,6,6,1,1,1,1
nvbench2:train:3618,3,1,2,3,6,8,5,5,1,1,1,1
nvbench2:train:3619,2,1,2,2,5,5,3,3,1,1,1,1
nvbench2:train:3620,2,1,2,2,5,5,3,3,1,1,1,1
nvbench2:train:3621,4,2,4,4,10,10,6,6,1,1,1,1
nvbench2:train:3622,2,1,2,2,5,5,3,3,1,1,1,1
nvbench2:train:3623,2,2,2,2,6,6,2,2,1,1,1,1
nvbench2:train:3624,2,2,2,2,6,6,2,2,1,1,1,1
nvbench2:train:3625,2,2,2,2,6,6,2,2,1,1,1,1
nvbench2:train:3626,3,1,2,3,6,8,5,5,1,1,1,1
nvbench2:train:3627,2,1,2,2,5,5,3,3,1,1,1,1
nvbench2:train:3628,2,2,2,2,6,6,2,2,1,1,1,1
nvbench2:train:3629,2,1,2,2,5,5,3,3,1,1,1,1
nvbench2:train:3630,4,4,4,4,12,12,8,8,0,0,0,0
nvbench2:train:3631,3,1,3,3,7,7,4,4,1,1,1,1
nvbench2:train:3632,2,1,2,2,5,5,3,3,1,1,1,1
nvbench2:train:3633,5,1,5,5,11,11,6,6,1,1,1,1
nvbench2:train:3634,3,1,3,3,7,7,4,4,1,1,1,1
nvbench2:train:3635,2,1,2,2,5,5,5,5,1,1,1,1
nvbench2:train:3636,2,1,2,2,5,10,10,10,1,1,1,1
nvbench2:train:3637,2,1,2,2,5,5,3,3,1,1,1,1
nvbench2:train:3638,5,1,3,5,9,13,8,8,1,1,1,1
nvbench2:train:3639,2,1,2,2,5,5,3,3,1,1,1,1
nvbench2:train:3640,5,1,5,5,11,11,6,6,1,1,1,1
nvbench2:train:3641,2,1,1,1,3,3,3,3,0,1,1,1
nvbench2:train:3642,3,1,3,3,7,7,4,4,1,1,1,1
nvbench2:train:3643,2,1,2,2,5,5,3,3,1,1,1,1
nvbench2:train:3644,2,1,1,2,4,4,3,3,1,1,1,1
nvbench2:train:3645,2,1,1,1,3,3,2,2,0,1,1,1
nvbench2:train:3646,2,1,2,2,5,5,4,4,1,1,1,1
nvbench2:train:3647,2,1,2,2,5,5,2,2,1,1,1,1
nvbench2:train:3648,2,1,1,2,4,6,4,4,1,1,1,1
nvbench2:train:3649,2,1,2,2,5,5,4,4,1,1,1,1
nvbench2:train:3650,2,1,2,2,5,5,4,4,1,1,1,1
nvbench2:train:3651,4,2,2,4,8,8,6,6,1,1,1,1
nvbench2:train:3652,2,1,1,1,3,4,4,4,0,1,1,1
nvbench2:train:3653,2,1,1,2,4,6,4,4,1,1,1,1
nvbench2:train:3654,2,1,2,2,5,5,4,4,1,1,1,1
nvbench2:train:3655,2,1,1,2,4,6,4,4,1,1,1,1
nvbench2:train:3656,2,1,2,2,5,5,2,2,1,1,1,1
nvbench2:train:3657,2,1,2,2,5,5,2,2,1,1,1,1
nvbench2:train:3658,2,1,1,2,4,6,4,4,1,1,1,1
nvbench2:train:3659,2,1,2,2,5,5,2,2,1,1,1,1
nvbench2:train:3660,2,1,1,2,4,6,3,3,1,1,1,1
nvbench2:train:3661,2,1,1,2,4,6,4,4,1,1,1,1
nvbench2:train:3662,4,1,2,4,7,7,6,6,1,1,1,1
nvbench2:train:3663,2,1,2,2,5,5,2,2,1,1,1,1
nvbench2:train:3664,4,1,2,4,7,7,6,6,1,1,1,1
nvbench2:train:3665,2,1,2,2,5,5,2,2,1,1,1,1
nvbench2:train:3666,2,1,2,2,5,5,2,2,1,1,1,1
nvbench2:train:3667,2,1,2,2,5,5,2,2,1,1,1,1
nvbench2:train:3668,2,1,2,2,5,5,4,4,1,1,1,1
nvbench2:train:3669,4,2,2,4,8,8,6,6,1,1,1,1
nvbench2:train:3670,4,1,2,4,7,7,6,6,1,1,1,1
nvbench2:train:3671,2,1,2,2,5,5,2,2,1,1,1,1
nvbench2:train:3672,2,1,2,2,5,5,2,2,1,1,1,1
nvbench2:train:3673,2,1,1,2,4,6,4,4,1,1,1,1
nvbench2:train:3674,2,1,1,1,3,4,3,3,0,1,1,1
nvbench2:train:3675,2,1,2,2,5,5,2,2,1,1,1,1
nvbench2:train:3676,2,1,2,2,5,5,4,4,1,1,1,1
nvbench2:train:3677,2,1,1,1,3,4,4,4,0,1,1,1
nvbench2:train:3678,2,1,1,2,4,6,4,4,1,1,1,1
nvbench2:train:3679,2,1,2,2,5,5,2,2,1,1,1,1
nvbench2:train:3680,4,1,2,4,7,7,6,6,1,1,1,1
nvbench2:train:3681,2,1,1,1,3,4,4,4,0,1,1,1
nvbench2:train:3682,2,1,1,1,3,4,4,4,0,1,1,1
nvbench2:train:3683,4,2,2,4,8,8,6,6,1,1,1,1
nvbench2:train:3684,2,1,1,2,4,6,3,3,1,1,1,1
nvbench2:train:3685,2,1,1,2,4,6,4,4,1,1,1,1
nvbench2:train:3686,2,1,1,2,4,6,4,4,1,1,1,1
nvbench2:train:3687,2,1,2,2,5,5,4,4,1,1,1,1
nvbench2:train:3688,2,1,2,2,5,5,4,4,1,1,1,1
nvbench2:train:3689,4,2,2,4,8,8,6,6,1,1,1,1
nvbench2:train:3690,3,1,3,3,7,7,4,4,1,1,1,1
nvbench2:train:3691,2,1,2,2,5,5,5,5,1,1,1,1
nvbench2:train:3692,2,2,2,2,6,6,6,6,1,1,1,1
nvbench2:train:3693,2,1,2,2,5,5,5,5,1,1,1,1
nvbench2:train:3694,3,2,3,3,8,8,7,7,1,1,1,1
nvbench2:train:3695,2,1,1,2,4,6,4,4,1,1,1,1
nvbench2:train:3696,4,2,4,4,10,10,10,10,1,1,1,0
nvbench2:train:3697,3,1,3,3,7,7,4,4,1,1,1,1
nvbench2:train:3698,2,2,2,2,6,6,2,2,1,1,1,1
nvbench2:train:3699,3,1,3,3,7,7,4,4,1,1,1,1
nvbench2:train:3700,3,1,2,3,6,6,5,5,1,1,1,1
nvbench2:train:3701,3,1,3,3,7,7,4,4,1,1,1,1
nvbench2:train:3702,3,1,3,3,7,7,4,4,1,1,1,1
nvbench2:train:3703,2,1,2,2,5,5,4,4,1,1,1,1
nvbench2:train:3704,4,2,4,4,10,10,10,10,1,1,1,0
nvbench2:train:3705,4,2,4,4,10,10,10,10,1,1,1,0
nvbench2:train:3706,5,2,5,5,12,12,11,11,1,1,1,0
nvbench2:train:3707,3,2,3,3,8,8,4,4,1,1,1,1
nvbench2:train:3708,2,1,2,2,5,5,5,5,1,1,1,1
nvbench2:train:3709,4,1,4,4,9,9,9,9,1,1,1,1
nvbench2:train:3710,2,1,2,2,5,5,5,5,1,1,1,1
nvbench2:train:3711,2,2,2,2,6,6,4,4,1,1,1,1
nvbench2:train:3712,3,1,3,3,7,7,4,4,1,1,1,1
nvbench2:train:3713,4,2,3,4,9,9,8,8,1,1,1,1
nvbench2:train:3714,2,1,2,2,5,5,2,2,0,0,0,0
nvbench2:train:3715,3,2,2,3,7,7,5,5,1,1,1,1
nvbench2:train:3716,4,1,4,4,9,9,4,4,1,1,1,1
nvbench2:train:3717,3,1,3,3,7,7,7,7,1,1,1,1
nvbench2:train:3718,3,1,3,3,7,7,7,7,1,1,1,1
nvbench2:train:3719,4,2,4,4,10,10,10,10,1,1,1,0
nvbench2:train:3720,4,4,4,4,12,12,8,8,1,1,1,1
nvbench2:train:3721,2,2,2,2,6,6,4,4,1,1,1,1
nvbench2:train:3722,2,2,2,2,6,6,2,2,1,1,1,1
nvbench2:train:3723,3,1,3,3,7,7,4,4,1,1,1,1
nvbench2:train:3724,4,4,4,4,12,12,8,8,1,1,1,1
nvbench2:train:3725,2,2,2,2,6,6,2,2,1,1,1,1
nvbench2:train:3726,2,2,2,2,6,6,4,4,1,1,1,1
nvbench2:train:3727,2,2,2,2,6,6,5,5,1,1,1,1
nvbench2:train:3728,2,2,2,2,6,6,4,4,1,1,1,1
nvbench2:train:3729,3,2,2,3,7,7,5,5,1,1,1,1
nvbench2:train:3730,4,2,3,4,9,9,8,8,1,1,1,1
nvbench2:train:3731,5,2,3,2,7,7,7,7,0,1,1,0
nvbench2:train:3732,4,2,3,4,9,9,8,8,1,1,1,1
nvbench2:train:3733,2,2,2,2,6,6,5,5,1,1,1,1
nvbench2:train:3734,2,2,2,2,6,6,4,4,1,1,1,1
nvbench2:train:3735,3,2,2,3,7,7,5,5,1,1,1,1
nvbench2:train:3736,5,1,1,1,3,3,1,1,0,0,0,0
nvbench2:train:3737,3,2,3,3,8,8,8,8,1,1,1,0
nvbench2:train:3738,2,2,2,2,6,6,2,2,1,1,1,1
nvbench2:train:3739,3,1,3,3,7,7,7,7,1,1,1,1
nvbench2:train:3740,2,2,2,2,6,6,4,4,1,1,1,1
nvbench2:train:3741,5,2,3,3,8,8,5,5,0,1,1,1
nvbench2:train:3742,5,1,4,5,10,12,9,9,1,1,1,1
nvbench2:train:3743,3,1,3,3,7,7,6,6,1,1,1,1
nvbench2:train:3744,4,1,4,4,9,9,5,5,1,1,1,1
nvbench2:train:3745,4,1,4,4,9,9,5,5,1,1,1,1
nvbench2:train:3746,4,1,4,4,9,9,5,5,1,1,1,1
nvbench2:train:3747,2,1,1,2,4,6,4,4,1,1,1,1
nvbench2:train:3748,2,1,1,2,4,6,4,4,1,1,1,1
nvbench2:train:3749,4,1,4,4,9,9,5,5,1,1,1,1
nvbench2:train:3750,2,1,2,2,5,5,4,4,1,1,1,1
nvbench2:train:3751,4,2,4,4,10,10,8,8,1,1,1,1
nvbench2:train:3752,2,1,2,2,5,5,4,4,1,1,1,1
nvbench2:train:3753,2,2,2,2,6,6,2,2,1,1,1,1
nvbench2:train:3754,3,1,3,3,7,7,4,4,1,1,1,1
nvbench2:train:3755,5,2,4,5,11,11,7,7,1,1,1,1
nvbench2:train:3756,3,1,3,3,7,7,4,4,1,1,1,1
nvbench2:train:3757,3,1,3,3,7,7,4,4,1,1,1,1
nvbench2:train:3758,3,1,2,3,6,8,5,5,1,1,1,1
nvbench2:train:3759,3,1,3,3,7,7,7,7,1,1,1,1
nvbench2:train:3760,3,2,3,3,8,8,8,8,1,1,1,0
nvbench2:train:3761,2,2,2,2,6,6,6,6,1,1,1,1
nvbench2:train:3762,2,1,2,2,5,5,5,5,1,1,1,1
nvbench2:train:3763,5,2,5,5,12,12,6,6,1,1,1,1
nvbench2:train:3764,5,2,5,5,12,12,11,11,1,1,1,0
nvbench2:train:3765,5,2,5,5,12,12,6,6,1,1,1,1
nvbench2:train:3766,3,1,3,3,7,7,7,7,1,1,1,1
nvbench2:train:3767,3,2,3,3,8,8,8,8,1,1,1,0
nvbench2:train:3768,3,2,3,3,8,8,8,8,1,1,1,0
nvbench2:train:3769,3,1,1,1,3,3,2,2,0,1,1,1
nvbench2:train:3770,3,1,3,3,7,7,4,4,1,1,1,1
nvbench2:train:3771,3,2,3,3,8,8,8,8,1,1,1,0
nvbench2:train:3772,3,1,3,3,7,7,7,7,1,1,1,1
nvbench2:train:3773,3,1,3,3,7,7,7,7,1,1,1,1
nvbench2:train:3774,3,2,3,3,8,8,7,7,1,1,1,1
nvbench2:train:3775,3,2,3,3,8,8,4,4,1,1,1,1
nvbench2:train:3776,4,1,4,4,9,9,9,9,1,1,1,1
nvbench2:train:3777,2,1,2,2,5,5,3,3,1,1,1,1
nvbench2:train:3778,2,2,2,2,6,6,4,4,1,1,1,1
nvbench2:train:3779,2,1,2,2,5,5,5,5,1,1,1,1
nvbench2:train:3780,2,2,2,2,6,6,4,4,1,1,1,1
nvbench2:train:3781,2,2,2,2,6,6,4,4,1,1,1,1
nvbench2:train:3782,5,2,3,3,8,8,7,7,0,1,1,1
nvbench2:train:3783,5,2,5,5,12,12,12,12,1,1,1,0
nvbench2:train:3784,4,1,4,4,9,9,5,5,1,1,1,1
nvbench2:train:3785,4,2,4,4,10,10,10,10,1,1,1,0
nvbench2:train:3786,4,2,4,4,10,10,10,10,1,1,1,0
nvbench2:train:3787,4,2,4,4,10,10,6,6,1,1,1,1
nvbench2:train:3788,3,1,2,1,4,4,3,3,0,1,1,1
nvbench2:train:3789,2,1,2,2,5,5,3,3,1,1,1,1
nvbench2:train:3790,2,1,2,2,5,5,3,3,1,1,1,1
nvbench2:train:3791,2,2,2,2,6,6,2,2,1,1,1,1
nvbench2:train:3792,3,1,3,3,7,7,4,4,1,1,1,1
nvbench2:train:3793,2,2,2,2,6,6,4,4,1,1,1,1
nvbench2:train:3794,4,1,1,1,3,3,2,2,0,1,1,1
nvbench2:train:3795,2,1,2,2,5,10,10,10,1,1,1,1
nvbench2:train:3796,2,1,2,2,5,5,5,5,1,1,1,1
nvbench2:train:3797,3,1,3,3,7,7,4,4,1,1,1,1
nvbench2:train:3798,3,1,3,3,7,7,4,4,1,1,1,1
nvbench2:train:3799,4,1,4,4,9,9,5,5,1,1,1,1
nvbench2:train:3800,2,2,2,2,6,6,4,4,1,1,1,1
nvbench2:train:3801,4,1,4,4,9,9,5,5,1,1,1,1
nvbench2:train:3802,2,2,2,2,6,6,4,4,1,1,1,1
nvbench2:train:3803,5,1,5,5,11,11,6,6,1,1,1,1
nvbench2:train:3804,2,2,2,2,6,6,2,2,1,1,1,1
nvbench2:train:3805,2,2,2,2,6,6,2,2,1,1,1,1
nvbench2:train:3806,2,2,2,2,6,6,6,6,1,1,1,1
nvbench2:train:3807,3,3,3,3,9,9,6,6,1,1,1,1
nvbench2:train:3808,2,2,2,2,6,6,4,4,1,1,1,1
nvbench2:train:3809,1,1,1,1,4,4,2,2,1,1,1,1
nvbench2:train:3810,2,2,2,2,6,6,2,2,1,1,1,1
nvbench2:train:3811,2,2,2,2,6,6,4,4,1,1,1,1
nvbench2:train:3812,3,1,3,3,7,7,4,4,1,1,1,1
nvbench2:train:3813,4,1,4,4,9,9,4,4,1,1,1,1
nvbench2:train:3814,2,2,2,2,6,6,2,2,1,1,1,1
nvbench2:train:3815,2,2,2,2,6,6,4,4,1,1,1,1
nvbench2:train:3816,2,2,2,2,6,6,4,4,1,1,1,1
nvbench2:train:3817,5,1,5,5,11,11,6,6,1,1,1,1
nvbench2:train:3818,3,1,3,3,7,7,7,7,1,1,1,1
nvbench2:train:3819,3,1,3,3,7,7,4,4,1,1,1,1
nvbench2:train:3820,2,1,1,1,3,4,3,3,0,1,1,1
nvbench2:train:3821,4,1,4,4,9,9,4,4,1,1,1,1
nvbench2:train:3822,2,2,2,2,6,6,2,2,1,1,1,1
nvbench2:train:3823,3,1,3,3,7,7,7,7,1,1,1,1
nvbench2:train:3824,2,1,1,2,4,6,3,3,1,1,1,1
nvbench2:train:3825,2,2,2,2,6,6,4,4,1,1,1,1
nvbench2:train:3826,2,1,2,2,5,5,2,2,1,1,1,1
nvbench2:train:3827,2,1,2,2,5,5,2,2,1,1,1,1
nvbench2:train:3828,2,1,2,2,5,5,2,2,1,1,1,1
nvbench2:train:3829,2,1,2,2,5,5,2,2,1,1,1,1
nvbench2:train:3830,2,1,2,2,5,5,4,4,1,1,1,1
nvbench2:train:3831,2,1,2,2,5,5,2,2,1,1,1,1
nvbench2:train:3832,2,1,2,2,5,5,4,4,0,0,1,1
nvbench2:train:3833,2,1,2,2,5,5,2,2,1,1,1,1
nvbench2:train:3834,2,1,2,2,5,5,2,2,1,1,1,1
nvbench2:train:3835,2,1,2,2,5,5,4,4,1,1,1,1
nvbench2:train:3836,2,1,2,2,5,5,2,2,1,1,1,1
nvbench2:train:3837,2,1,2,2,5,5,4,4,1,1,1,1
nvbench2:train:3838,2,1,2,2,5,5,2,2,1,1,1,1
nvbench2:train:3839,2,1,2,2,5,5,2,2,1,1,1,1
nvbench2:train:3840,4,2,2,4,8,8,6,6,1,1,1,1
nvbench2:train:3841,2,1,2,2,5,5,2,2,1,1,1,1
nvbench2:train:3842,2,1,2,2,5,5,2,2,1,1,1,1
nvbench2:train:3843,2,1,2,2,5,5,4,4,1,1,1,1
nvbench2:train:3844,2,1,2,2,5,5,2,2,1,1,1,1
nvbench2:train:3845,3,2,2,3,7,7,4,4,1,1,1,1
nvbench2:train:3846,2,1,2,2,5,5,2,2,1,1,1,1
nvbench2:train:3847,2,1,2,2,5,5,4,4,1,1,1,1
nvbench2:train:3848,2,1,2,2,5,5,2,2,0,0,0,0
nvbench2:train:3849,2,1,2,2,5,5,2,2,1,1,1,1
nvbench2:train:3850,4,2,4,4,10,10,10,10,1,1,1,0
nvbench2:train:3851,4,2,4,4,10,10,10,10,1,1,1,0
nvbench2:train:3852,2,1,2,2,5,5,3,3,1,1,1,1
nvbench2:train:3853,2,1,2,2,5,5,3,3,1,1,1,1
nvbench2:train:3854,4,4,4,4,12,12,4,4,1,1,1,1
nvbench2:train:3855,3,1,2,3,6,8,5,5,1,1,1,1
nvbench2:train:3856,2,2,2,2,6,6,2,2,1,1,1,1
nvbench2:train:3857,2,1,2,1,4,4,2,2,0,1,1,1
nvbench2:train:3858,4,4,4,4,12,12,4,4,1,1,1,1
nvbench2:train:3859,3,1,2,3,6,8,5,5,1,1,1,1
nvbench2:train:3860,2,1,2,2,5,5,3,3,1,1,1,1
nvbench2:train:3861,2,2,2,2,6,6,4,4,1,1,1,1
nvbench2:train:3862,2,2,2,2,6,6,6,6,1,1,1,1
nvbench2:train:3863,2,2,2,2,6,6,6,6,1,1,1,1
nvbench2:train:3864,2,1,2,1,4,4,2,2,0,1,1,1
nvbench2:train:3865,4,2,4,2,8,8,6,6,0,1,1,1
nvbench2:train:3866,2,2,2,2,6,6,6,6,1,1,1,1
nvbench2:train:3867,2,1,2,2,5,5,3,3,1,1,1,1
nvbench2:train:3868,4,2,4,4,10,10,6,6,1,1,1,1
nvbench2:train:3869,2,1,1,1,3,3,3,3,0,1,1,1
nvbench2:train:3870,2,1,2,2,5,5,5,5,1,1,1,1
nvbench2:train:3871,3,1,1,1,3,3,2,2,0,1,1,1
nvbench2:train:3872,2,1,1,2,4,4,3,3,1,1,1,1
nvbench2:train:3873,2,2,2,2,6,6,2,2,0,0,0,0
nvbench2:train:3874,3,1,3,3,7,7,7,7,1,1,1,1
nvbench2:train:3875,5,2,3,5,10,10,9,9,1,1,1,1
nvbench2:train:3876,4,2,4,4,10,10,10,10,1,1,1,0
nvbench2:train:3877,2,2,1,1,4,4,2,2,0,1,1,1
nvbench2:train:3878,5,1,5,5,11,11,5,5,1,1,1,1
nvbench2:train:3879,4,1,4,4,9,9,9,9,1,1,1,0
nvbench2:train:3880,4,1,1,1,3,3,1,1,0,1,1,1
nvbench2:train:3881,2,1,2,2,5,5,4,4,1,1,1,1
nvbench2:train:3882,4,2,4,4,10,10,10,10,1,1,1,0
nvbench2:train:3883,4,2,4,4,10,10,10,10,1,1,1,0
nvbench2:train:3884,4,2,4,4,10,10,10,10,1,1,1,0
nvbench2:train:3885,4,1,4,4,9,9,5,5,1,1,1,1
nvbench2:train:3886,4,2,4,4,10,10,10,10,1,1,1,0
nvbench2:train:3887,5,1,5,5,11,11,6,6,1,1,1,1
nvbench2:train:3888,4,2,4,4,10,10,10,10,1,1,1,0
nvbench2:train:3889,4,1,4,4,9,9,5,5,1,1,1,1
nvbench2:train:3890,2,2,2,2,6,6,4,4,1,1,1,1
nvbench2:train:3891,2,2,2,2,6,6,2,2,1,1,1,1
nvbench2:train:3892,2,2,2,2,6,6,2,2,1,1,1,1
nvbench2:train:3893,5,1,5,5,11,11,6,6,1,1,1,1
nvbench2:train:3894,5,2,3,5,10,10,7,7,0,1,1,1
nvbench2:train:3895,2,2,2,2,6,6,4,4,1,1,1,1
nvbench2:train:3896,5,1,1,1,3,3,2,2,0,1,1,1
nvbench2:train:3897,5,5,5,5,15,18,14,14,1,1,1,0
nvbench2:train:3898,2,1,1,2,4,4,3,3,1,1,1,1
nvbench2:train:3899,2,1,1,2,4,4,2,2,1,1,1,1
nvbench2:train:3900,2,1,2,2,5,5,5,5,1,1,1,1
nvbench2:train:3901,2,1,1,2,4,4,2,2,1,1,1,1
nvbench2:train:3902,5,1,3,5,9,13,8,8,1,1,1,1
nvbench2:train:3903,2,1,2,2,5,5,3,3,1,1,1,1
nvbench2:train:3904,2,2,2,2,6,6,2,2,1,1,1,1
nvbench2:train:3905,2,1,2,2,5,5,5,5,1,1,1,1
nvbench2:train:3906,2,1,2,2,5,5,5,5,1,1,1,1
nvbench2:train:3907,4,1,4,4,9,18,18,15,1,1,1,1
nvbench2:train:3908,4,1,4,4,9,18,10,10,1,1,1,1
nvbench2:train:3909,5,1,1,1,3,3,2,2,0,1,1,1
nvbench2:train:3910,2,1,2,2,5,5,3,3,1,1,1,1
nvbench2:train:3911,2,1,1,2,4,4,2,2,1,1,1,1
nvbench2:train:3912,2,1,2,2,5,5,5,5,1,1,1,1
nvbench2:train:3913,4,1,4,4,9,18,10,10,1,1,1,1
nvbench2:train:3914,5,1,3,5,9,13,8,8,1,1,1,1
nvbench2:train:3915,2,1,1,2,4,4,3,3,1,1,1,1
nvbench2:train:3916,5,1,3,5,9,13,8,8,1,1,1,1
nvbench2:train:3917,4,2,2,2,6,6,4,4,0,1,1,1
nvbench2:train:3918,2,1,2,2,5,5,3,3,1,1,1,1
nvbench2:train:3919,2,1,2,2,5,5,3,3,1,1,1,1
nvbench2:train:3920,2,1,1,1,3,3,3,3,0,1,1,1
nvbench2:train:3921,5,1,5,5,11,11,11,11,1,1,1,0
nvbench2:train:3922,5,1,5,5,11,11,6,6,1,1,1,1
nvbench2:train:3923,5,1,5,5,11,11,11,11,1,1,1,0
nvbench2:train:3924,5,2,5,5,12,12,12,12,1,1,1,0
nvbench2:train:3925,5,1,5,5,11,11,6,6,1,1,1,1
nvbench2:train:3926,2,2,2,2,6,6,4,4,1,1,1,1
nvbench2:train:3927,2,1,1,1,3,3,1,1,0,0,0,0
nvbench2:train:3928,5,2,5,5,12,12,12,12,1,1,1,1
nvbench2:train:3929,5,2,5,5,12,12,7,7,1,1,1,1
nvbench2:train:3930,2,2,2,2,6,6,4,4,1,1,1,1
nvbench2:train:3931,2,2,2,2,6,6,2,2,1,1,1,1
nvbench2:train:3932,5,1,5,5,11,11,6,6,1,1,1,1
nvbench2:train:3933,3,2,3,3,8,8,8,8,1,1,1,0
nvbench2:train:3934,5,4,5,5,14,14,7,7,1,1,1,1
nvbench2:train:3935,4,1,4,4,9,9,7,7,1,1,1,1
nvbench2:train:3936,5,1,5,5,11,11,9,9,1,1,1,1
nvbench2:train:3937,4,2,2,4,8,8,6,6,1,1,1,1
nvbench2:train:3938,5,4,5,5,14,14,7,7,1,1,1,1
nvbench2:train:3939,4,1,4,4,9,9,9,9,1,1,1,0
nvbench2:train:3940,5,3,3,5,11,11,8,8,1,1,1,1
nvbench2:train:3941,4,1,4,4,9,9,5,5,1,1,1,1
nvbench2:train:3942,4,2,4,4,10,10,10,10,1,1,1,0
nvbench2:train:3943,3,1,2,2,5,5,2,2,0,0,0,0
nvbench2:train:3944,3,2,3,3,8,8,5,5,1,1,1,1
nvbench2:train:3945,3,2,3,3,8,8,4,4,1,1,1,1
nvbench2:train:3946,4,1,4,4,9,9,5,5,1,1,1,1
nvbench2:train:3947,2,1,1,2,4,4,2,2,1,1,1,1
nvbench2:train:3948,4,1,4,4,9,9,5,5,1,1,1,1
nvbench2:train:3949,3,2,3,3,8,8,5,5,1,1,1,1
nvbench2:train:3950,4,4,4,4,12,12,8,8,1,1,1,1
nvbench2:train:3951,2,1,2,2,5,5,3,3,1,1,1,1
nvbench2:train:3952,2,1,2,2,5,5,5,5,1,1,1,1
nvbench2:train:3953,3,1,3,3,7,7,4,4,1,1,1,1
nvbench2:train:3954,4,1,4,4,9,9,4,4,1,1,1,1
nvbench2:train:3955,4,2,4,4,10,10,10,10,1,1,1,0
nvbench2:train:3956,4,2,4,4,10,10,10,10,1,1,1,0
nvbench2:train:3957,2,2,2,2,6,6,4,4,1,1,1,1
nvbench2:train:3958,2,2,2,2,6,6,2,2,1,1,1,1
nvbench2:train:3959,3,1,3,3,7,7,4,4,1,1,1,1
nvbench2:train:3960,4,4,4,4,12,12,8,8,1,1,1,1
nvbench2:train:3961,2,2,2,2,6,6,2,2,1,1,1,1
nvbench2:train:3962,4,2,4,4,10,10,10,10,1,1,1,0
nvbench2:train:3963,2,1,1,2,4,6,4,4,1,1,1,1
nvbench2:train:3964,2,1,2,2,5,5,3,3,1,1,1,1
nvbench2:train:3965,2,1,2,2,5,5,5,5,1,1,1,1
nvbench2:train:3966,3,1,3,3,7,7,7,7,1,1,1,1
nvbench2:train:3967,2,1,1,2,4,6,4,4,1,1,1,1
nvbench2:train:3968,3,1,3,3,7,7,4,4,1,1,1,1
nvbench2:train:3969,4,2,2,4,8,8,6,6,1,1,1,1
nvbench2:train:3970,2,1,1,1,3,4,3,3,0,1,1,1
nvbench2:train:3971,2,1,2,2,5,5,3,3,1,1,1,1
nvbench2:train:3972,2,1,1,2,4,6,4,4,1,1,1,1
nvbench2:train:3973,2,2,2,2,6,6,6,6,1,1,1,1
nvbench2:train:3974,2,1,2,2,5,5,2,2,1,1,1,1
nvbench2:train:3975,4,1,4,4,9,9,6,6,1,1,1,1
nvbench2:train:3976,2,1,2,2,5,5,2,2,1,1,1,1
nvbench2:train:3977,2,1,2,2,5,5,3,3,1,1,1,1
nvbench2:train:3978,4,2,4,4,10,10,6,6,1,1,1,1
nvbench2:train:3979,5,2,5,5,12,12,11,11,1,1,1,0
nvbench2:train:3980,3,1,3,3,7,7,7,7,1,1,1,1
nvbench2:train:3981,3,2,3,3,8,8,8,8,1,1,1,0
nvbench2:train:3982,2,2,2,2,6,6,4,4,1,1,1,1
nvbench2:train:3983,5,2,3,5,10,10,9,9,1,1,1,1
nvbench2:train:3984,2,1,1,2,4,4,3,3,1,1,1,1
nvbench2:train:3985,5,2,3,5,10,10,9,9,1,1,1,1
nvbench2:train:3986,4,1,4,4,9,9,9,9,1,1,1,0
nvbench2:train:3987,4,2,4,4,10,10,10,10,1,1,1,0
nvbench2:train:3988,4,2,4,4,10,10,10,10,1,1,1,0
nvbench2:train:3989,4,1,4,4,9,9,5,5,1,1,1,1
nvbench2:train:3990,4,2,4,4,10,10,10,10,1,1,1,0
nvbench2:train:3991,5,1,5,5,11,11,10,10,1,1,1,1
nvbench2:train:3992,4,1,4,4,9,9,5,5,1,1,1,1
nvbench2:train:3993,2,2,2,2,6,6,4,4,1,1,1,1
nvbench2:train:3994,4,1,4,4,9,9,9,9,1,1,1,0
nvbench2:train:3995,2,2,2,1,5,5,3,3,0,0,1,1
nvbench2:train:3996,2,1,2,2,5,5,3,3,1,1,1,1
nvbench2:train:3997,2,1,2,2,5,5,3,3,1,1,1,1
nvbench2:train:3998,3,2,3,3,8,8,8,8,1,1,1,0
nvbench2:train:3999,5,2,5,5,12,12,6,6,1,1,1,1
nvbench2:train:4000,2,1,2,2,5,5,3,3,1,1,1,1
nvbench2:train:4001,2,2,2,2,6,6,2,2,1,1,1,1
nvbench2:train:4002,5,2,5,5,12,12,6,6,1,1,1,1
nvbench2:train:4003,3,1,2,3,6,8,6,6,1,1,1,1
nvbench2:train:4004,3,2,3,3,8,8,8,8,1,1,1,0
nvbench2:train:4005,2,1,1,2,4,6,4,4,1,1,1,1
nvbench2:train:4006,5,2,4,2,8,8,6,6,0,1,1,1
nvbench2:train:4007,2,1,1,1,3,3,2,2,0,1,1,1
nvbench2:train:4008,3,1,2,3,6,8,6,6,1,1,1,1
nvbench2:train:4009,3,1,2,3,6,8,6,6,1,1,1,1
nvbench2:train:4010,2,1,2,2,5,5,4,4,1,1,1,1
nvbench2:train:4011,2,1,2,2,5,5,4,4,1,1,1,1
nvbench2:train:4012,3,2,3,3,8,8,7,7,1,1,1,1
nvbench2:train:4013,3,1,2,3,6,8,5,5,1,1,1,1
nvbench2:train:4014,3,2,3,3,8,8,5,5,1,1,1,1
nvbench2:train:4015,5,1,5,5,11,11,6,6,1,1,1,1
nvbench2:train:4016,2,2,2,2,6,6,6,6,1,1,1,1
nvbench2:train:4017,2,2,2,2,6,6,4,4,1,1,1,1
nvbench2:train:4018,3,1,1,1,3,3,2,2,0,1,1,1
nvbench2:train:4019,2,1,2,1,4,4,3,3,0,1,1,1
nvbench2:train:4020,2,2,2,2,6,6,4,4,1,1,1,1
nvbench2:train:4021,2,2,2,2,6,6,6,6,1,1,1,1
nvbench2:train:4022,2,2,2,2,6,6,2,2,1,1,1,1
nvbench2:train:4023,2,2,2,2,6,6,4,4,1,1,1,1
nvbench2:train:4024,3,1,3,3,7,7,7,7,1,1,1,1
nvbench2:train:4025,2,2,2,2,6,6,4,4,1,1,1,1
nvbench2:train:4026,4,1,4,4,9,9,9,9,1,1,1,0
nvbench2:train:4027,3,2,3,3,8,8,8,8,1,1,1,0
nvbench2:train:4028,2,2,2,2,6,6,4,4,1,1,1,1
nvbench2:train:4029,3,1,3,3,7,7,7,7,1,1,1,1
nvbench2:train:4030,4,1,4,4,9,9,5,5,1,1,1,1
nvbench2:train:4031,3,1,3,3,7,7,4,4,1,1,1,1
nvbench2:train:4032,2,1,2,2,5,5,3,3,1,1,1,1
nvbench2:train:4033,4,1,4,4,9,9,9,9,1,1,1,0
nvbench2:train:4034,3,1,3,3,7,7,7,7,0,0,0,0
nvbench2:train:4035,3,1,1,1,3,3,1,1,0,0,0,0
nvbench2:train:4036,4,1,4,4,9,9,5,5,1,1,1,1
nvbench2:train:4037,3,2,3,3,8,8,5,5,1,1,1,1
nvbench2:train:4038,2,1,1,1,3,3,2,2,0,0,0,0
nvbench2:train:4039,3,1,3,3,7,14,8,8,1,1,1,1
nvbench2:train:4040,3,1,3,3,7,7,4,4,1,1,1,1
nvbench2:train:4041,3,1,3,3,7,14,8,8,1,1,1,1
nvbench2:train:4042,4,2,2,2,6,6,6,6,0,1,1,1
nvbench2:train:4043,3,1,3,3,7,7,4,4,1,1,1,1
nvbench2:train:4044,3,1,3,3,7,7,4,4,1,1,1,1
nvbench2:train:4045,3,1,2,3,6,6,5,5,1,1,1,1
nvbench2:train:4046,3,1,3,3,7,7,4,4,1,1,1,1
nvbench2:train:4047,3,1,3,3,7,7,4,4,1,1,1,1
nvbench2:train:4048,2,1,2,2,5,5,4,4,1,1,1,1
nvbench2:train:4049,4,1,4,4,9,9,9,9,1,1,1,0
nvbench2:train:4050,4,2,4,4,10,10,10,10,1,1,1,0
nvbench2:train:4051,4,2,4,4,10,10,6,6,1,1,1,1
nvbench2:train:4052,3,1,3,3,7,7,4,4,1,1,1,1
nvbench2:train:4053,3,2,3,3,8,8,5,5,1,1,1,1
nvbench2:train:4054,3,1,3,3,7,7,4,4,1,1,1,1
nvbench2:train:4055,3,2,3,3,8,8,8,8,1,1,1,0
nvbench2:train:4056,3,2,3,3,8,8,8,8,1,1,1,0
nvbench2:train:4057,4,1,4,4,9,9,9,9,1,1,1,0
nvbench2:train:4058,4,1,4,4,9,9,9,9,1,1,1,0
nvbench2:train:4059,3,2,3,3,8,8,5,5,1,1,1,1
nvbench2:train:4060,2,2,2,2,6,6,2,2,1,1,1,1
nvbench2:train:4061,2,2,2,2,6,6,2,2,1,1,1,1
nvbench2:train:4062,4,1,4,4,9,9,9,9,1,1,1,0
nvbench2:train:4063,2,2,2,2,6,6,4,4,1,1,1,1
nvbench2:train:4064,2,2,2,2,6,6,2,2,1,1,1,1
nvbench2:train:4065,3,1,3,3,7,7,3,3,1,1,1,1
nvbench2:train:4066,2,2,2,2,6,6,4,4,1,1,1,1
nvbench2:train:4067,2,2,2,2,6,6,2,2,1,1,1,1
nvbench2:train:4068,2,1,2,2,5,5,3,3,1,1,1,1
nvbench2:train:4069,3,1,2,3,6,8,5,5,1,1,1,1
nvbench2:train:4070,3,2,2,3,7,7,4,4,1,1,1,1
nvbench2:train:4071,2,1,1,2,4,6,3,3,1,1,1,1
nvbench2:train:4072,3,2,2,3,7,7,5,5,1,1,1,1
nvbench2:train:4073,3,1,3,3,7,14,14,14,1,1,1,1
nvbench2:train:4074,3,1,3,3,7,14,8,8,1,1,1,1
nvbench2:train:4075,2,1,1,2,4,6,3,3,1,1,1,1
nvbench2:train:4076,4,2,2,4,8,8,6,6,1,1,1,1
nvbench2:train:4077,3,2,2,3,7,7,5,5,1,1,1,1
nvbench2:train:4078,2,1,1,2,4,6,3,3,1,1,1,1
nvbench2:train:4079,4,4,4,4,12,12,4,4,1,1,1,1
nvbench2:train:4080,3,2,2,3,7,7,4,4,1,1,1,1
nvbench2:train:4081,3,1,3,3,7,14,8,8,1,1,1,1
nvbench2:train:4082,3,1,3,3,7,14,14,14,1,1,1,1
nvbench2:train:4083,3,1,3,3,7,14,8,8,1,1,1,1
nvbench2:train:4084,3,1,1,1,3,6,4,4,0,0,0,0
nvbench2:train:4085,3,1,3,3,7,14,8,8,1,1,1,1
nvbench2:train:4086,3,2,2,3,7,7,5,5,1,1,1,1
nvbench2:train:4087,4,2,2,4,8,8,6,6,1,1,1,1
nvbench2:train:4088,2,1,1,2,4,6,3,3,1,1,1,1
nvbench2:train:4089,2,1,1,2,4,6,3,3,1,1,1,1
nvbench2:train:4090,3,2,2,3,7,7,4,4,1,1,1,1
nvbench2:train:4091,3,1,3,3,7,14,8,8,1,1,1,1
nvbench2:train:4092,4,2,2,4,8,8,6,6,1,1,1,1
nvbench2:train:4093,3,1,1,3,7,7,3,3,0,1,1,1
nvbench2:train:4094,3,2,2,3,7,7,4,4,1,1,1,1
nvbench2:train:4095,2,2,2,2,6,6,4,4,1,1,1,1
nvbench2:train:4096,3,1,3,3,7,14,14,14,1,1,1,1
nvbench2:train:4097,3,2,2,3,7,7,5,5,1,1,1,1
nvbench2:train:4098,5,5,5,5,15,15,10,10,1,1,1,0
nvbench2:train:4099,2,2,2,2,6,6,2,2,1,1,1,1
nvbench2:train:4100,2,2,2,2,6,6,4,4,1,1,1,1
nvbench2:train:4101,2,2,2,2,6,6,2,2,1,1,1,1
nvbench2:train:4102,2,2,2,2,6,6,4,4,1,1,1,1
nvbench2:train:4103,2,2,2,2,6,6,2,2,1,1,1,1
nvbench2:train:4104,2,2,2,2,6,6,4,4,1,1,1,1
nvbench2:train:4105,2,2,2,2,6,6,2,2,1,1,1,1
nvbench2:train:4106,2,2,2,2,6,6,4,4,1,1,1,1
nvbench2:train:4107,2,2,2,2,6,6,4,4,1,1,1,1
nvbench2:train:4108,2,2,2,2,6,6,4,4,1,1,1,1
nvbench2:train:4109,4,4,4,4,12,12,12,12,1,1,1,0
nvbench2:train:4110,2,2,2,2,6,6,4,4,1,1,1,1
nvbench2:train:4111,2,2,2,2,6,6,4,4,1,1,1,1
nvbench2:train:4112,2,2,2,2,6,6,2,2,1,1,1,1
nvbench2:train:4113,2,2,2,2,6,6,4,4,1,1,1,1
nvbench2:train:4114,5,2,5,5,12,12,12,12,1,1,1,0
nvbench2:train:4115,5,5,5,5,15,15,14,14,1,1,1,0
nvbench2:train:4116,5,2,5,5,12,12,12,12,1,1,1,0
nvbench2:train:4117,2,2,2,2,6,6,2,2,1,1,1,1
nvbench2:train:4118,2,2,2,2,6,6,4,4,1,1,1,1
nvbench2:train:4119,2,2,2,2,6,6,6,6,1,1,1,1
nvbench2:train:4120,2,2,2,2,6,6,4,4,1,1,1,1
nvbench2:train:4121,5,1,5,5,11,11,11,11,1,1,1,0
nvbench2:train:4122,2,2,2,2,6,6,4,4,1,1,1,1
nvbench2:train:4123,5,2,5,5,12,12,12,12,1,1,1,0
nvbench2:train:4124,3,1,1,1,3,3,1,1,0,1,1,1
nvbench2:train:4125,2,1,1,2,4,4,3,3,1,1,1,1
nvbench2:train:4126,3,2,3,3,8,8,8,8,1,1,1,0
nvbench2:train:4127,3,2,2,3,7,7,5,5,1,1,1,1
nvbench2:train:4128,3,1,1,3,5,5,3,3,1,1,1,1
nvbench2:train:4129,4,1,1,1,3,3,2,2,0,1,1,1
nvbench2:train:4130,2,1,1,2,4,4,3,3,1,1,1,1
nvbench2:train:4131,4,1,4,4,9,9,9,9,1,1,1,0
nvbench2:train:4132,3,1,3,3,7,7,4,4,1,1,1,1
nvbench2:train:4133,3,1,1,1,3,3,1,1,0,1,1,1
nvbench2:train:4134,2,1,2,2,5,5,3,3,1,1,1,1
nvbench2:train:4135,2,2,2,2,6,6,4,4,1,1,1,1
nvbench2:train:4136,2,2,2,2,6,6,4,4,1,1,1,1
nvbench2:train:4137,4,1,4,4,9,9,9,9,1,1,1,0
nvbench2:train:4138,4,2,2,4,8,8,6,6,1,1,1,1
nvbench2:train:4139,3,1,1,1,3,3,2,2,0,1,1,1
nvbench2:train:4140,5,3,5,5,13,13,10,10,0,1,1,0
nvbench2:train:4141,5,2,5,5,12,12,7,7,1,1,1,1
nvbench2:train:4142,3,1,2,3,6,8,5,5,1,1,1,1
nvbench2:train:4143,2,2,2,2,6,6,2,2,1,1,1,1
nvbench2:train:4144,5,1,5,5,11,11,6,6,1,1,1,1
nvbench2:train:4145,2,2,2,2,6,6,2,2,1,1,1,1
nvbench2:train:4146,2,2,2,2,6,6,2,2,1,1,1,1
nvbench2:train:4147,5,2,4,5,11,13,8,8,1,1,1,1
nvbench2:train:4148,3,1,3,3,7,7,7,7,1,1,1,1
nvbench2:train:4149,3,1,2,1,4,4,3,3,0,1,1,1
nvbench2:train:4150,3,1,3,3,7,7,4,4,1,1,1,1
nvbench2:train:4151,3,2,3,3,8,8,4,4,1,1,1,1
nvbench2:train:4152,2,1,2,2,5,5,2,2,1,1,1,1
nvbench2:train:4153,2,2,2,2,6,6,3,3,1,1,1,1
nvbench2:train:4154,2,1,2,2,5,5,3,3,1,1,1,1
nvbench2:train:4155,3,2,3,3,8,8,5,5,1,1,1,1
nvbench2:train:4156,3,2,3,3,8,8,4,4,1,1,1,1
nvbench2:train:4157,2,1,2,2,5,5,5,5,1,1,1,1
nvbench2:train:4158,3,2,3,3,8,8,8,8,1,1,1,0
nvbench2:train:4159,3,2,3,3,8,8,5,5,1,1,1,1
nvbench2:train:4160,2,1,2,2,5,5,3,3,1,1,1,1
nvbench2:train:4161,5,2,4,5,11,13,8,8,1,1,1,1
nvbench2:train:4162,3,1,3,3,7,7,4,4,1,1,1,1
nvbench2:train:4163,3,1,3,3,7,7,4,4,1,1,1,1
nvbench2:train:4164,2,2,2,2,6,6,4,4,1,1,1,1
nvbench2:train:4165,2,2,2,2,6,6,3,3,0,1,1,1
nvbench2:train:4166,2,1,2,2,5,5,5,5,1,1,1,1
nvbench2:train:4167,3,2,3,3,8,8,4,4,1,1,1,1
nvbench2:train:4168,3,2,3,3,8,8,5,5,1,1,1,1
nvbench2:train:4169,2,2,2,2,6,6,6,6,1,1,1,1
nvbench2:train:4170,2,2,2,2,6,6,2,2,1,1,1,1
nvbench2:train:4171,3,2,2,2,6,6,2,2,0,1,1,1
nvbench2:train:4172,3,2,3,3,8,8,8,8,1,1,1,0
nvbench2:train:4173,5,2,5,5,12,12,11,11,1,1,1,0
nvbench2:train:4174,5,1,5,5,11,11,11,11,1,1,1,0
nvbench2:train:4175,2,2,2,2,6,6,6,6,1,1,1,1
nvbench2:train:4176,2,2,2,2,6,6,4,4,1,1,1,1
nvbench2:train:4177,4,1,4,4,9,9,5,5,1,1,1,1
nvbench2:train:4178,4,1,4,4,9,9,9,9,1,1,1,1
nvbench2:train:4179,3,2,3,3,8,8,7,7,1,1,1,1
nvbench2:train:4180,2,2,2,2,6,6,4,4,1,1,1,1
nvbench2:train:4181,3,1,2,3,6,8,5,5,1,1,1,1
nvbench2:train:4182,3,1,2,3,6,8,5,5,1,1,1,1
nvbench2:train:4183,2,1,2,2,5,5,3,3,1,1,1,1
nvbench2:train:4184,2,2,2,2,6,6,4,4,1,1,1,1
nvbench2:train:4185,5,2,5,5,12,12,11,11,1,1,1,0
nvbench2:train:4186,3,2,3,3,8,8,8,8,1,1,1,0
nvbench2:train:4187,3,1,2,3,6,8,6,6,1,1,1,1
nvbench2:train:4188,3,1,2,3,6,8,5,5,1,1,1,1
nvbench2:train:4189,3,2,3,3,8,8,4,4,1,1,1,1
nvbench2:train:4190,3,1,1,1,3,3,1,1,0,1,1,1
nvbench2:train:4191,2,1,2,2,5,5,2,2,1,1,1,1
nvbench2:train:4192,5,1,5,5,11,11,6,6,1,1,1,1
nvbench2:train:4193,5,1,5,5,11,11,6,6,1,1,1,1
nvbench2:train:4194,3,1,3,3,7,7,4,4,1,1,1,1
nvbench2:train:4195,2,2,2,2,6,6,6,6,1,1,1,1
nvbench2:train:4196,5,1,5,5,11,11,6,6,1,1,1,1
nvbench2:train:4197,5,1,3,5,9,13,8,8,1,1,1,1
nvbench2:train:4198,2,1,2,2,5,5,3,3,1,1,1,1
nvbench2:train:4199,3,1,3,3,7,7,7,7,1,1,1,1
nvbench2:train:4200,2,1,2,2,5,5,3,3,1,1,1,1
nvbench2:train:4201,5,1,5,5,11,11,11,11,1,1,1,1
nvbench2:train:4202,3,1,3,3,7,7,4,4,1,1,1,1
nvbench2:train:4203,2,1,2,2,5,10,10,10,1,1,1,0
nvbench2:train:4204,2,2,2,2,6,6,2,2,1,1,1,1
nvbench2:train:4205,4,1,4,4,9,9,5,5,1,1,1,1
nvbench2:train:4206,4,2,4,4,10,10,6,6,1,1,1,1
nvbench2:train:4207,2,2,2,2,6,6,2,2,1,1,1,1
nvbench2:train:4208,5,1,5,5,11,11,11,11,1,1,1,0
nvbench2:train:4209,4,1,4,4,9,9,9,9,1,1,1,0
nvbench2:train:4210,2,2,2,2,6,6,4,4,1,1,1,1
nvbench2:train:4211,5,1,5,5,11,11,6,6,1,1,1,1
nvbench2:train:4212,2,2,2,2,6,6,4,4,1,1,1,1
nvbench2:train:4213,2,2,1,1,4,4,2,2,0,1,1,1
nvbench2:train:4214,2,2,2,2,6,6,2,2,1,1,1,1
nvbench2:train:4215,2,2,2,2,6,6,2,2,1,1,1,1
nvbench2:train:4216,2,2,2,2,6,6,2,2,1,1,1,1
nvbench2:train:4217,5,5,5,5,15,15,10,10,1,1,1,0
nvbench2:train:4218,2,2,2,2,6,6,4,4,1,1,1,1
nvbench2:train:4219,2,2,2,2,6,6,4,4,1,1,1,1
nvbench2:train:4220,2,2,2,2,6,6,2,2,1,1,1,1
nvbench2:train:4221,2,2,2,2,6,6,4,4,1,1,1,1
nvbench2:train:4222,2,2,2,2,6,6,2,2,1,1,1,1
nvbench2:train:4223,2,2,2,2,6,6,4,4,1,1,1,1
nvbench2:train:4224,2,2,2,2,6,6,4,4,1,1,1,1
nvbench2:train:4225,2,2,2,2,6,6,6,6,1,1,1,1
nvbench2:train:4226,2,2,2,2,6,6,6,6,1,1,1,1
nvbench2:train:4227,2,2,2,2,6,6,4,4,1,1,1,1
nvbench2:train:4228,5,5,5,5,15,15,10,10,1,1,1,0
nvbench2:train:4229,2,2,2,2,6,6,4,4,1,1,1,1
nvbench2:train:4230,2,2,2,2,6,6,4,4,1,1,1,1
nvbench2:train:4231,5,5,5,5,15,15,10,10,0,1,1,0
nvbench2:train:4232,5,5,5,5,15,15,10,10,1,1,1,0
nvbench2:train:4233,2,1,1,2,4,6,4,4,1,1,1,1
nvbench2:train:4234,2,1,1,1,3,3,3,3,0,0,0,0
nvbench2:train:4235,2,1,2,2,5,5,4,4,1,1,1,1
nvbench2:train:4236,2,1,1,2,4,6,4,4,1,1,1,1
nvbench2:train:4237,2,1,2,2,5,5,2,2,1,1,1,1
nvbench2:train:4238,2,1,2,2,5,5,2,2,0,0,0,0
nvbench2:train:4239,2,1,1,1,3,4,3,3,0,1,1,1
nvbench2:train:4240,2,1,2,2,5,5,2,2,1,1,1,1
nvbench2:train:4241,2,1,2,2,5,5,2,2,1,1,1,1
nvbench2:train:4242,2,1,1,2,4,6,4,4,1,1,1,1
nvbench2:train:4243,2,1,1,1,3,4,4,4,0,1,1,1
nvbench2:train:4244,4,1,2,4,7,7,6,6,1,1,1,1
nvbench2:train:4245,2,1,2,2,5,5,4,4,1,1,1,1
nvbench2:train:4246,2,1,2,2,5,5,2,2,1,1,1,1
nvbench2:train:4247,4,1,2,4,7,7,6,6,1,1,1,1
nvbench2:train:4248,2,1,2,2,5,5,2,2,1,1,1,1
nvbench2:train:4249,2,1,2,2,5,5,4,4,1,1,1,1
nvbench2:train:4250,2,1,2,2,5,5,2,2,1,1,1,1
nvbench2:train:4251,2,1,2,2,5,5,2,2,1,1,1,1
nvbench2:train:4252,2,1,1,2,4,6,3,3,1,1,1,1
nvbench2:train:4253,2,1,2,2,5,5,4,4,1,1,1,1
nvbench2:train:4254,2,1,1,2,4,6,4,4,1,1,1,1
nvbench2:train:4255,2,1,1,2,4,6,4,4,1,1,1,1
nvbench2:train:4256,2,1,1,2,4,6,4,4,1,1,1,1
nvbench2:train:4257,4,1,2,4,7,7,6,6,1,1,1,1
nvbench2:train:4258,2,1,1,2,4,6,4,4,1,1,1,1
nvbench2:train:4259,2,1,2,2,5,5,4,4,0,0,0,0
nvbench2:train:4260,2,1,1,2,4,6,4,4,1,1,1,1
nvbench2:train:4261,2,1,2,2,5,5,4,4,1,1,1,1
nvbench2:train:4262,2,1,1,2,4,6,4,4,1,1,1,1
nvbench2:train:4263,2,1,1,2,4,6,4,4,1,1,1,1
nvbench2:train:4264,4,1,2,4,7,7,6,6,1,1,1,1
nvbench2:train:4265,2,1,2,2,5,5,2,2,1,1,1,1
nvbench2:train:4266,4,1,2,4,7,7,6,6,1,1,1,1
nvbench2:train:4267,2,1,1,2,4,6,3,3,1,1,1,1
nvbench2:train:4268,2,1,1,1,3,4,4,4,0,1,1,1
nvbench2:train:4269,2,1,2,2,5,5,4,4,1,1,1,1
nvbench2:train:4270,2,1,1,2,4,6,3,3,1,1,1,1
nvbench2:train:4271,2,1,1,2,4,6,4,4,1,1,1,1
nvbench2:train:4272,2,1,1,1,3,3,3,3,0,0,0,0
nvbench2:train:4273,2,1,2,2,5,5,4,4,1,1,1,1
nvbench2:train:4274,2,1,2,2,5,5,4,4,1,1,1,1
nvbench2:train:4275,2,1,1,2,4,6,4,4,1,1,1,1
nvbench2:train:4276,2,1,1,2,4,6,4,4,1,1,1,1
nvbench2:train:4277,2,1,2,2,5,5,2,2,1,1,1,1
nvbench2:train:4278,2,1,2,2,5,5,4,4,0,0,0,0
nvbench2:train:4279,4,1,2,4,7,7,6,6,1,1,1,1
nvbench2:train:4280,2,1,1,2,4,6,4,4,1,1,1,1
nvbench2:train:4281,2,2,2,2,6,6,2,2,1,1,1,1
nvbench2:train:4282,2,2,2,2,6,6,2,2,1,1,1,1
nvbench2:train:4283,2,2,2,2,6,6,4,4,1,1,1,1
nvbench2:train:4284,5,5,5,5,15,15,10,10,1,1,1,0
nvbench2:train:4285,2,2,2,2,6,6,2,2,1,1,1,1
nvbench2:train:4286,2,2,2,2,6,6,4,4,1,1,1,1
nvbench2:train:4287,2,2,2,2,6,6,4,4,1,1,1,1
nvbench2:train:4288,2,2,2,2,6,6,4,4,1,1,1,1
nvbench2:train:4289,2,2,2,2,6,6,4,4,1,1,1,1
nvbench2:train:4290,5,5,5,5,15,15,10,10,1,1,1,0
nvbench2:train:4291,2,2,2,2,6,6,4,4,1,1,1,1
nvbench2:train:4292,4,4,4,4,12,12,4,4,1,1,1,1
nvbench2:train:4293,2,2,2,2,6,6,4,4,1,1,1,1
nvbench2:train:4294,2,2,2,2,6,6,4,4,1,1,1,1
nvbench2:train:4295,2,2,2,2,6,6,2,2,1,1,1,1
nvbench2:train:4296,2,2,2,2,6,6,4,4,1,1,1,1
nvbench2:train:4297,2,2,2,2,6,6,4,4,1,1,1,1
nvbench2:train:4298,2,2,2,2,6,6,2,2,1,1,1,1
nvbench2:train:4299,2,1,2,2,5,5,5,5,1,1,1,1
nvbench2:train:4300,2,1,2,2,5,5,3,3,1,1,1,1
nvbench2:train:4301,3,2,3,3,8,8,4,4,1,1,1,1
nvbench2:train:4302,3,2,3,3,8,8,4,4,1,1,1,1
nvbench2:train:4303,4,1,4,4,9,9,5,5,1,1,1,1
nvbench2:train:4304,4,2,4,4,10,10,10,10,1,1,1,0
nvbench2:train:4305,5,1,5,5,11,11,6,6,1,1,1,1
nvbench2:train:4306,4,1,4,4,9,9,5,5,1,1,1,1
nvbench2:train:4307,2,2,2,2,6,6,4,4,1,1,1,1
nvbench2:train:4308,5,5,5,5,15,15,10,10,1,1,1,0
nvbench2:train:4309,4,1,4,4,9,9,5,5,1,1,1,1
nvbench2:train:4310,2,2,2,2,6,6,4,4,1,1,1,1
nvbench2:train:4311,2,2,2,2,6,6,4,4,1,1,1,1
nvbench2:train:4312,2,2,2,2,6,6,2,2,1,1,1,1
nvbench2:train:4313,3,2,3,3,8,8,4,4,1,1,1,1
nvbench2:train:4314,3,1,3,3,7,7,7,7,0,0,1,1
nvbench2:train:4315,2,1,2,2,5,5,3,3,1,1,1,1
nvbench2:train:4316,3,1,2,3,6,8,5,5,1,1,1,1
nvbench2:train:4317,3,1,1,1,3,3,2,2,0,1,1,1
nvbench2:train:4318,2,1,1,1,3,3,2,2,0,1,1,1
nvbench2:train:4319,2,2,2,2,6,6,4,4,1,1,1,1
nvbench2:train:4320,5,2,4,4,10,10,6,6,0,1,1,1
nvbench2:train:4321,2,2,2,2,6,6,6,6,1,1,1,1
nvbench2:train:4322,2,2,2,2,6,6,6,6,1,1,1,1
nvbench2:train:4323,3,1,2,1,4,4,3,3,0,1,1,1
nvbench2:train:4324,2,2,2,2,6,6,4,4,1,1,1,1
nvbench2:train:4325,5,2,2,1,5,5,5,5,0,1,1,1
nvbench2:train:4326,5,2,4,5,11,13,8,8,1,1,1,1
nvbench2:train:4327,2,2,2,2,6,6,4,4,1,1,1,1
nvbench2:train:4328,2,1,2,2,5,5,3,3,1,1,1,1
nvbench2:train:4329,4,2,4,4,10,10,6,6,1,1,1,1
nvbench2:train:4330,4,4,4,4,12,12,4,4,1,1,1,1
nvbench2:train:4331,3,1,1,1,3,3,2,2,0,1,1,1
nvbench2:train:4332,3,1,3,3,7,7,4,4,1,1,1,1
nvbench2:train:4333,2,1,2,2,5,10,6,6,1,1,1,1
nvbench2:train:4334,3,1,3,3,7,7,4,4,1,1,1,1
nvbench2:train:4335,3,1,3,3,7,7,4,4,1,1,1,1
nvbench2:train:4336,3,1,3,3,7,7,4,4,1,1,1,1
nvbench2:train:4337,5,2,5,5,12,12,12,12,1,1,1,0
nvbench2:train:4338,5,1,3,5,9,13,8,8,1,1,1,1
nvbench2:train:4339,4,1,4,4,9,9,4,4,1,1,1,1
nvbench2:train:4340,4,1,4,4,9,9,9,9,1,1,1,0
nvbench2:train:4341,4,1,4,4,9,9,4,4,1,1,1,1
nvbench2:train:4342,3,1,3,3,7,7,7,7,1,1,1,1
nvbench2:train:4343,2,1,1,1,3,4,3,3,0,1,1,1
nvbench2:train:4344,2,2,2,2,6,6,4,4,1,1,1,1
nvbench2:train:4345,2,2,2,2,6,6,4,4,1,1,1,1
nvbench2:train:4346,4,2,4,4,10,10,6,6,1,1,1,1
nvbench2:train:4347,2,1,2,2,5,10,6,6,1,1,1,1
nvbench2:train:4348,2,2,2,2,6,6,2,2,1,1,1,1
nvbench2:train:4349,4,4,4,4,12,12,8,8,1,1,1,1
nvbench2:train:4350,2,2,2,2,6,6,2,2,1,1,1,1
nvbench2:train:4351,3,1,3,3,7,7,4,4,1,1,1,1
nvbench2:train:4352,2,1,2,2,5,10,6,6,1,1,1,1
nvbench2:train:4353,4,1,4,4,9,9,4,4,1,1,1,1
nvbench2:train:4354,2,2,2,2,6,6,4,4,1,1,1,1
nvbench2:train:4355,5,1,5,5,11,11,11,11,1,1,1,0
nvbench2:train:4356,2,2,2,2,6,6,4,4,1,1,1,1
nvbench2:train:4357,2,2,2,2,6,6,2,2,1,1,1,1
nvbench2:train:4358,2,2,2,2,6,6,2,2,1,1,1,1
nvbench2:train:4359,2,2,2,2,6,6,4,4,1,1,1,1
nvbench2:train:4360,5,2,5,5,12,12,12,12,1,1,1,0
nvbench2:train:4361,5,2,5,5,12,12,7,7,1,1,1,1
nvbench2:train:4362,2,2,2,2,6,6,4,4,1,1,1,1
nvbench2:train:4363,2,2,2,2,6,6,2,2,1,1,1,1
nvbench2:train:4364,2,2,2,2,6,6,4,4,1,1,1,1
nvbench2:train:4365,4,4,4,4,12,12,8,8,1,1,1,1
nvbench2:train:4366,4,4,4,4,12,12,4,4,1,1,1,1
nvbench2:train:4367,2,2,2,2,6,6,2,2,1,1,1,1
nvbench2:train:4368,2,1,2,2,5,5,3,3,1,1,1,1
nvbench2:train:4369,2,1,2,2,5,5,3,3,1,1,1,1
nvbench2:train:4370,2,1,2,2,5,5,3,3,1,1,1,1
nvbench2:train:4371,4,2,4,4,10,10,6,6,1,1,1,1
nvbench2:train:4372,2,1,2,2,5,5,3,3,1,1,1,1
nvbench2:train:4373,2,2,2,2,6,6,2,2,1,1,1,1
nvbench2:train:4374,2,2,2,2,6,6,2,2,1,1,1,1
nvbench2:train:4375,2,1,2,2,5,5,3,3,1,1,1,1
nvbench2:train:4376,2,1,2,2,5,5,3,3,1,1,1,1
nvbench2:train:4377,4,4,4,4,12,12,4,4,1,1,1,1
nvbench2:train:4378,2,2,2,2,6,6,2,2,1,1,1,1
nvbench2:train:4379,2,1,2,2,5,5,3,3,1,1,1,1
nvbench2:train:4380,2,2,2,2,6,6,4,4,1,1,1,1
nvbench2:train:4381,5,1,5,5,11,11,11,11,1,1,1,0
nvbench2:train:4382,2,2,2,2,6,6,4,4,1,1,1,1
nvbench2:train:4383,2,2,2,2,6,6,2,2,1,1,1,1
nvbench2:train:4384,2,2,2,2,6,6,4,4,1,1,1,1
nvbench2:train:4385,5,2,5,5,12,12,12,12,1,1,1,0
nvbench2:train:4386,5,2,5,5,12,12,7,7,1,1,1,1
nvbench2:train:4387,2,2,2,2,6,6,4,4,1,1,1,1
nvbench2:train:4388,5,5,5,5,15,15,10,10,1,1,1,0
nvbench2:train:4389,5,1,5,5,11,11,6,6,1,1,1,1
nvbench2:train:4390,2,2,2,2,6,6,4,4,1,1,1,1
nvbench2:train:4391,2,2,2,2,6,6,6,6,1,1,1,1
nvbench2:train:4392,2,1,2,2,5,5,5,5,1,1,1,1
nvbench2:train:4393,2,1,2,2,5,5,3,3,1,1,1,1
nvbench2:train:4394,3,2,3,3,8,8,4,4,1,1,1,1
nvbench2:train:4395,3,2,3,3,8,8,7,7,1,1,1,1
nvbench2:train:4396,3,1,3,3,7,7,4,4,1,1,1,1
nvbench2:train:4397,3,2,3,3,8,8,5,5,1,1,1,1
nvbench2:train:4398,3,1,1,1,3,3,2,2,0,1,1,1
nvbench2:train:4399,2,1,2,2,5,5,3,3,1,1,1,1
nvbench2:train:4400,4,1,4,4,9,9,9,9,1,1,1,0
nvbench2:train:4401,2,1,2,2,5,5,4,4,1,1,1,1
nvbench2:train:4402,4,1,4,4,9,9,5,5,1,1,1,1
nvbench2:train:4403,2,2,2,2,6,6,4,4,1,1,1,1
nvbench2:train:4404,2,2,2,2,6,6,4,4,1,1,1,1
nvbench2:train:4405,2,2,2,2,6,6,6,6,1,1,1,1
nvbench2:train:4406,2,2,2,2,6,6,6,6,0,0,0,0
nvbench2:train:4407,5,3,3,3,9,9,6,6,0,0,0,0
nvbench2:train:4408,2,1,2,2,5,5,3,3,1,1,1,1
nvbench2:train:4409,4,1,4,4,9,9,7,7,1,1,1,1
nvbench2:train:4410,4,2,4,4,10,10,9,9,1,1,1,0
nvbench2:train:4411,2,1,2,2,5,5,5,5,1,1,1,1
nvbench2:train:4412,2,2,2,2,6,6,6,6,1,1,1,1
nvbench2:train:4413,3,1,3,3,7,7,7,7,1,1,1,1
nvbench2:train:4414,4,1,4,4,9,9,4,4,1,1,1,1
nvbench2:train:4415,3,1,3,3,7,7,4,4,1,1,1,1
nvbench2:train:4416,4,1,4,4,9,9,8,8,1,1,1,1
nvbench2:train:4417,3,1,3,3,7,14,8,8,1,1,1,1
nvbench2:train:4418,4,2,2,4,8,8,6,6,1,1,1,1
nvbench2:train:4419,4,1,4,4,9,9,4,4,1,1,1,1
nvbench2:train:4420,4,1,4,4,9,9,4,4,1,1,1,1
nvbench2:train:4421,3,1,3,3,7,7,7,7,1,1,1,1
nvbench2:train:4422,3,1,3,3,7,14,8,8,1,1,1,1
nvbench2:train:4423,3,1,3,3,7,14,14,14,1,1,1,1
nvbench2:train:4424,3,1,3,3,7,14,8,8,1,1,1,1
nvbench2:train:4425,4,2,2,4,8,8,6,6,1,1,1,1
nvbench2:train:4426,3,1,3,3,7,7,4,4,1,1,1,1
nvbench2:train:4427,4,1,4,4,9,9,4,4,1,1,1,1
nvbench2:train:4428,4,2,2,4,8,8,6,6,1,1,1,1
nvbench2:train:4429,3,1,3,3,7,7,4,4,1,1,1,1
nvbench2:train:4430,3,1,3,3,7,14,14,14,1,1,1,0
nvbench2:train:4431,2,1,1,1,3,4,3,3,0,1,1,1
nvbench2:train:4432,2,1,1,2,4,6,3,3,1,1,1,1
nvbench2:train:4433,4,2,2,4,8,8,6,6,1,1,1,1
nvbench2:train:4434,4,1,4,4,9,9,4,4,1,1,1,1
nvbench2:train:4435,2,1,1,2,4,6,3,3,1,1,1,1
nvbench2:train:4436,4,1,4,4,9,9,8,8,1,1,1,1
nvbench2:train:4437,3,1,3,3,7,7,7,7,1,1,1,1
nvbench2:train:4438,3,1,3,3,7,7,4,4,1,1,1,1
nvbench2:train:4439,4,1,4,4,9,9,4,4,1,1,1,1
nvbench2:train:4440,2,1,1,1,3,4,3,3,0,1,1,1
nvbench2:train:4441,3,1,3,3,7,14,8,8,1,1,1,1
nvbench2:train:4442,4,1,4,4,9,9,4,4,1,1,1,1
nvbench2:train:4443,3,1,3,3,7,14,8,8,1,1,1,1
nvbench2:train:4444,4,1,4,4,9,9,8,8,1,1,1,1
nvbench2:train:4445,3,1,3,3,7,14,8,8,1,1,1,1
nvbench2:train:4446,3,1,3,3,7,7,4,4,1,1,1,1
nvbench2:train:4447,2,1,2,2,5,5,5,5,1,1,1,1
nvbench2:train:4448,2,1,2,2,5,5,3,3,1,1,1,1
nvbench2:train:4449,3,2,3,3,8,8,4,4,1,1,1,1
nvbench2:train:4450,3,2,3,3,8,8,4,4,1,1,1,1
nvbench2:train:4451,2,1,2,2,5,5,3,3,1,1,1,1
nvbench2:train:4452,2,1,2,1,5,5,2,2,0,1,1,1
nvbench2:train:4453,4,2,4,4,10,10,6,6,1,1,1,1
nvbench2:train:4454,2,2,2,2,6,6,4,4,1,1,1,1
nvbench2:train:4455,2,1,2,2,5,5,3,3,1,1,1,1
nvbench2:train:4456,3,1,2,1,4,4,3,3,0,1,1,1
nvbench2:train:4457,2,2,2,2,6,6,4,4,1,1,1,1
nvbench2:train:4458,2,1,2,2,5,5,3,3,1,1,1,1
nvbench2:train:4459,2,2,2,2,6,6,6,6,1,1,1,1
nvbench2:train:4460,4,4,4,4,12,12,4,4,1,1,1,1
nvbench2:train:4461,2,1,2,2,5,5,3,3,1,1,1,1
nvbench2:train:4462,2,2,2,2,6,6,2,2,1,1,1,1
nvbench2:train:4463,2,1,2,2,5,5,3,3,1,1,1,1
nvbench2:train:4464,4,4,4,4,12,12,4,4,1,1,1,1
nvbench2:train:4465,2,1,2,2,5,5,4,4,1,1,1,1
nvbench2:train:4466,4,2,4,4,10,10,6,6,1,1,1,1
nvbench2:train:4467,2,1,2,1,4,4,2,2,0,1,1,1
nvbench2:train:4468,4,2,4,4,10,10,6,6,1,1,1,1
nvbench2:train:4469,2,2,2,2,6,6,6,6,1,1,1,1
nvbench2:train:4470,2,1,2,2,5,10,10,10,1,1,1,1
nvbench2:train:4471,2,1,1,1,3,3,1,1,0,0,0,0
nvbench2:train:4472,4,2,4,4,10,10,8,8,1,1,1,1
nvbench2:train:4473,4,1,4,4,9,9,5,5,1,1,1,1
nvbench2:train:4474,3,1,3,3,7,7,7,7,1,1,1,1
nvbench2:train:4475,2,2,2,2,6,6,2,2,1,1,1,1
nvbench2:train:4476,3,2,3,3,8,8,8,8,1,1,1,0
nvbench2:train:4477,3,1,3,3,7,7,4,4,1,1,1,1
nvbench2:train:4478,2,2,2,2,6,6,4,4,1,1,1,1
nvbench2:train:4479,4,1,4,4,9,9,5,5,1,1,1,1
nvbench2:train:4480,2,2,2,2,6,6,4,4,1,1,1,1
nvbench2:train:4481,5,1,3,5,9,13,8,8,1,1,1,1
nvbench2:train:4482,4,1,4,4,9,9,5,5,1,1,1,1
nvbench2:train:4483,2,1,2,2,5,5,3,3,1,1,1,1
nvbench2:train:4484,3,1,3,3,7,7,3,3,1,1,1,1
nvbench2:train:4485,2,1,2,2,5,5,5,5,1,1,1,1
nvbench2:train:4486,2,1,2,2,5,5,5,5,1,1,1,1
nvbench2:train:4487,2,1,2,2,5,5,5,5,1,1,1,1
nvbench2:train:4488,2,1,2,2,5,5,5,5,1,1,1,1
nvbench2:train:4489,2,2,2,2,6,6,4,4,1,1,1,1
nvbench2:train:4490,5,1,3,5,9,13,8,8,1,1,1,1
nvbench2:train:4491,3,1,2,3,6,6,5,5,1,1,1,1
nvbench2:train:4492,2,1,2,2,5,5,5,5,1,1,1,1
nvbench2:train:4493,3,1,3,3,7,7,4,4,1,1,1,1
nvbench2:train:4494,2,1,2,2,5,5,5,5,1,1,1,1
nvbench2:train:4495,2,1,2,2,5,10,10,10,1,1,1,1
nvbench2:train:4496,2,1,1,2,4,4,4,4,1,1,1,1
nvbench2:train:4497,2,1,1,2,4,4,4,4,1,1,1,1
nvbench2:train:4498,2,1,2,2,5,5,5,5,1,1,1,1
nvbench2:train:4499,2,1,2,2,5,10,10,10,1,1,1,1
nvbench2:train:4500,4,1,2,4,7,11,7,7,1,1,1,1
nvbench2:train:4501,5,1,3,5,9,13,8,8,1,1,1,1
nvbench2:train:4502,5,1,1,1,3,3,2,2,0,1,1,1
nvbench2:train:4503,3,1,3,3,7,7,7,7,1,1,1,1
nvbench2:train:4504,3,1,3,3,7,7,4,4,1,1,1,1
nvbench2:train:4505,3,1,3,3,7,7,7,7,1,1,1,1
nvbench2:train:4506,2,2,2,2,6,6,4,4,1,1,1,1
nvbench2:train:4507,4,1,4,4,9,9,9,9,1,1,1,1
nvbench2:train:4508,3,2,3,3,8,8,5,5,1,1,1,1
nvbench2:train:4509,5,2,5,5,12,12,11,11,1,1,1,0
nvbench2:train:4510,2,2,2,2,6,6,6,6,1,1,1,1
nvbench2:train:4511,2,1,2,2,5,5,5,5,1,1,1,1
nvbench2:train:4512,5,2,5,5,12,12,6,6,1,1,1,1
nvbench2:train:4513,5,2,5,5,12,12,11,11,1,1,1,1
nvbench2:train:4514,5,2,5,5,12,12,6,6,1,1,1,1
nvbench2:train:4515,3,3,3,3,9,9,4,4,1,1,1,1
nvbench2:train:4516,2,2,2,2,6,6,6,6,1,1,1,1
nvbench2:train:4517,2,1,2,2,5,5,3,3,1,1,1,1
nvbench2:train:4518,2,1,2,2,5,5,3,3,1,1,1,1
nvbench2:train:4519,2,1,2,2,5,5,3,3,1,1,1,1
nvbench2:train:4520,2,1,2,2,5,5,5,5,1,1,1,1
nvbench2:train:4521,3,1,3,3,7,7,7,7,1,1,1,1
nvbench2:train:4522,2,2,2,2,6,6,2,2,1,1,1,1
nvbench2:train:4523,3,3,3,3,9,9,6,6,1,1,1,1
nvbench2:train:4524,3,1,3,3,7,7,4,4,1,1,1,1
nvbench2:train:4525,2,2,2,2,6,6,4,4,1,1,1,1
nvbench2:train:4526,4,1,4,4,9,9,5,5,1,1,1,1
nvbench2:train:4527,5,1,1,1,3,3,2,2,0,0,0,0
nvbench2:train:4528,5,2,5,5,12,12,12,12,1,1,1,0
nvbench2:train:4529,2,2,2,2,6,6,2,2,1,1,1,1
nvbench2:train:4530,5,1,5,5,11,11,11,11,1,1,1,0
nvbench2:train:4531,2,2,2,2,6,6,4,4,1,1,1,1
nvbench2:train:4532,5,3,5,5,13,13,12,12,1,1,1,0
nvbench2:train:4533,5,1,5,5,11,11,6,6,1,1,1,1
nvbench2:train:4534,2,2,2,2,6,6,4,4,1,1,1,1
nvbench2:train:4535,5,2,5,5,12,12,7,7,1,1,1,1
nvbench2:train:4536,2,2,2,2,6,6,4,4,1,1,1,1
nvbench2:train:4537,5,5,5,5,15,15,10,10,1,1,1,0
nvbench2:train:4538,5,1,5,5,11,11,6,6,1,1,1,1
nvbench2:train:4539,2,2,2,2,6,6,4,4,1,1,1,1
nvbench2:train:4540,3,1,2,3,6,6,5,5,1,1,1,1
nvbench2:train:4541,2,1,1,2,4,4,3,3,1,1,1,1
nvbench2:train:4542,5,2,3,5,10,10,9,9,1,1,1,1
nvbench2:train:4543,2,1,1,1,3,3,1,1,0,1,1,1
nvbench2:train:4544,2,2,2,2,6,6,4,4,1,1,1,1
nvbench2:train:4545,5,2,5,5,12,12,7,7,1,1,1,1
nvbench2:train:4546,5,1,5,5,11,11,6,6,1,1,1,1
nvbench2:train:4547,5,1,5,5,11,11,6,6,1,1,1,1
nvbench2:train:4548,5,2,5,5,12,12,7,7,1,1,1,1
nvbench2:train:4549,2,1,2,2,5,5,3,3,1,1,1,1
nvbench2:train:4550,3,1,2,3,6,8,5,5,1,1,1,1
nvbench2:train:4551,2,2,2,2,6,6,4,4,1,1,1,1
nvbench2:train:4552,2,1,2,2,5,5,3,3,1,1,1,1
nvbench2:train:4553,2,2,2,2,6,6,6,6,1,1,1,1
nvbench2:train:4554,4,4,4,4,12,12,4,4,1,1,1,1
nvbench2:train:4555,5,2,4,5,11,13,8,8,1,1,1,1
nvbench2:train:4556,4,1,4,4,9,9,5,5,1,1,1,1
nvbench2:train:4557,3,1,3,3,7,7,6,6,1,1,1,1
nvbench2:train:4558,3,1,3,1,5,5,4,4,0,1,1,1
nvbench2:train:4559,4,1,3,4,8,10,6,6,1,1,1,1
nvbench2:train:4560,2,1,2,2,5,5,3,3,1,1,1,1
nvbench2:train:4561,2,1,1,1,3,3,3,3,0,1,1,1
nvbench2:train:4562,2,1,2,2,5,5,5,5,1,1,1,1
nvbench2:train:4563,3,1,3,3,7,7,4,4,1,1,1,1
nvbench2:train:4564,4,1,4,4,9,9,4,4,1,1,1,1
nvbench2:train:4565,2,1,2,2,5,5,2,2,1,1,1,1
nvbench2:train:4566,5,1,5,5,11,11,11,11,1,1,1,0
nvbench2:train:4567,2,2,2,2,6,6,2,2,1,1,1,1
nvbench2:train:4568,2,1,2,2,5,5,5,5,1,1,1,1
nvbench2:train:4569,5,2,5,5,12,12,7,7,1,1,1,1
nvbench2:train:4570,2,1,2,2,5,5,5,5,1,1,1,1
nvbench2:train:4571,3,3,3,3,10,10,5,5,1,1,1,1
nvbench2:train:4572,5,2,5,5,12,12,7,7,1,1,1,1
nvbench2:train:4573,2,1,2,2,5,5,3,3,1,1,1,1
nvbench2:train:4574,3,1,3,3,7,7,7,7,1,1,1,1
nvbench2:train:4575,3,1,3,3,7,7,4,4,1,1,1,1
nvbench2:train:4576,3,1,1,1,3,3,1,1,0,0,0,0
nvbench2:train:4577,3,1,2,2,5,5,2,2,0,0,0,0
nvbench2:train:4578,3,2,3,3,8,8,5,5,1,1,1,1
nvbench2:train:4579,3,1,3,3,7,7,4,4,1,1,1,1
nvbench2:train:4580,4,1,4,4,9,9,5,5,1,1,1,1
nvbench2:train:4581,4,1,4,4,9,9,5,5,1,1,1,1
nvbench2:train:4582,2,2,2,2,6,6,6,6,1,1,1,1
nvbench2:train:4583,2,1,1,1,3,3,1,1,0,0,0,0
nvbench2:train:4584,5,1,1,1,3,3,2,2,0,1,1,1
nvbench2:train:4585,5,5,5,5,15,15,14,14,1,1,1,0
nvbench2:train:4586,5,5,5,5,15,15,10,10,1,1,1,1
nvbench2:train:4587,2,2,2,2,6,6,4,4,1,1,1,1
nvbench2:train:4588,2,2,2,2,6,6,2,2,1,1,1,1
nvbench2:train:4589,2,2,2,2,6,6,4,4,1,1,1,1
nvbench2:train:4590,2,2,2,2,6,6,2,2,1,1,1,1
nvbench2:train:4591,2,2,2,2,6,6,4,4,1,1,1,1
nvbench2:train:4592,2,2,2,2,6,6,4,4,1,1,1,1
nvbench2:train:4593,2,2,2,2,6,6,4,4,1,1,1,1
nvbench2:train:4594,2,2,2,2,6,6,2,2,1,1,1,1
nvbench2:train:4595,2,2,2,2,6,6,2,2,1,1,1,1
nvbench2:train:4596,2,2,2,2,6,6,4,4,1,1,1,1
nvbench2:train:4597,5,1,1,1,3,3,2,2,0,1,1,1
nvbench2:train:4598,2,1,2,2,5,5,3,3,1,1,1,1
nvbench2:train:4599,2,2,2,2,6,6,4,4,1,1,1,1
nvbench2:train:4600,2,2,2,2,6,6,4,4,1,1,1,1
nvbench2:train:4601,2,1,1,2,4,4,3,3,1,1,1,1
nvbench2:train:4602,4,1,4,4,9,9,9,9,1,1,1,0
nvbench2:train:4603,2,1,2,2,5,5,5,5,1,1,1,1
nvbench2:train:4604,2,1,2,2,5,5,5,5,1,1,1,1
nvbench2:train:4605,2,2,2,2,6,6,4,4,1,1,1,1
nvbench2:train:4606,3,1,3,3,7,14,14,14,1,1,1,1
nvbench2:train:4607,5,1,2,1,4,4,3,3,0,1,1,1
nvbench2:train:4608,2,1,1,2,4,4,2,2,1,1,1,1
nvbench2:train:4609,3,1,3,3,7,14,8,8,1,1,1,1
nvbench2:train:4610,5,1,3,5,9,13,8,8,1,1,1,1
nvbench2:train:4611,4,2,4,4,10,10,9,9,1,1,1,0
nvbench2:train:4612,2,1,2,2,5,5,5,5,1,1,1,1
nvbench2:train:4613,3,1,2,1,4,4,2,2,0,1,1,1
nvbench2:train:4614,3,1,2,3,6,8,6,6,1,1,1,1
nvbench2:train:4615,4,2,3,1,6,6,4,4,0,1,1,1
nvbench2:train:4616,2,1,2,2,5,5,5,5,1,1,1,1
nvbench2:train:4617,2,1,2,2,5,5,5,5,1,1,1,1
nvbench2:train:4618,3,1,3,3,7,7,4,4,1,1,1,1
nvbench2:train:4619,3,1,3,3,7,7,6,6,1,1,1,1
nvbench2:train:4620,4,1,4,4,9,9,5,5,1,1,1,1
nvbench2:train:4621,3,1,3,3,7,7,4,4,1,1,1,1
nvbench2:train:4622,4,1,3,4,8,10,6,6,1,1,1,1
nvbench2:train:4623,2,1,1,1,3,3,3,3,0,1,1,1
nvbench2:train:4624,4,1,4,4,9,9,5,5,1,1,1,1
nvbench2:train:4625,2,1,2,2,5,5,3,3,1,1,1,1
nvbench2:train:4626,4,1,4,4,9,9,5,5,1,1,1,1
nvbench2:train:4627,4,1,4,4,9,9,9,9,1,1,1,0
nvbench2:train:4628,3,2,3,3,8,8,8,8,1,1,1,0
nvbench2:train:4629,4,1,4,4,9,9,9,9,1,1,1,0
nvbench2:train:4630,2,2,2,2,6,6,2,2,1,1,1,1
nvbench2:train:4631,2,2,2,2,6,6,4,4,1,1,1,1
nvbench2:train:4632,4,4,4,4,12,12,8,8,1,1,1,1
nvbench2:train:4633,3,1,3,3,7,7,7,7,1,1,1,1
nvbench2:train:4634,3,1,3,3,7,7,7,7,1,1,1,1
nvbench2:train:4635,4,1,4,4,9,9,5,5,1,1,1,1
nvbench2:train:4636,3,1,3,3,7,7,7,7,1,1,1,1
nvbench2:train:4637,2,2,2,2,6,6,2,2,1,1,1,1
nvbench2:train:4638,3,2,3,3,8,8,8,8,1,1,1,0
nvbench2:train:4639,3,1,3,3,7,7,4,4,1,1,1,1
nvbench2:train:4640,2,2,2,2,6,6,4,4,1,1,1,1
nvbench2:train:4641,4,1,4,4,9,9,5,5,1,1,1,1
nvbench2:train:4642,4,1,4,4,9,9,5,5,1,1,1,1
nvbench2:train:4643,2,2,2,2,6,6,2,2,1,1,1,1
nvbench2:train:4644,5,2,5,5,12,12,7,7,1,1,1,1
nvbench2:train:4645,5,1,5,5,11,11,6,6,1,1,1,1
nvbench2:train:4646,2,2,2,2,6,6,4,4,1,1,1,1
nvbench2:train:4647,2,2,2,2,6,6,2,2,1,1,1,1
nvbench2:train:4648,2,2,2,2,6,6,4,4,1,1,1,1
nvbench2:train:4649,2,2,2,2,6,6,2,2,1,1,1,1
nvbench2:train:4650,2,2,2,2,6,6,4,4,1,1,1,1
nvbench2:train:4651,2,2,2,2,6,6,2,2,1,1,1,1
nvbench2:train:4652,2,2,2,2,6,6,4,4,1,1,1,1
nvbench2:train:4653,2,2,2,2,6,6,4,4,1,1,1,1
nvbench2:train:4654,5,2,5,5,12,12,12,12,1,1,1,0
nvbench2:train:4655,3,1,3,3,7,7,7,7,1,1,1,1
nvbench2:train:4656,2,1,2,2,5,5,3,3,1,1,1,1
nvbench2:train:4657,2,1,2,2,5,5,3,3,1,1,1,1
nvbench2:train:4658,3,1,2,3,6,8,5,5,1,1,1,1
nvbench2:train:4659,2,1,2,2,5,5,3,3,1,1,1,1
nvbench2:train:4660,5,1,1,1,3,3,2,2,0,1,1,1
nvbench2:train:4661,3,1,2,3,6,8,5,5,1,1,1,1
nvbench2:train:4662,2,1,2,2,5,5,3,3,1,1,1,1
nvbench2:train:4663,3,1,3,3,7,7,3,3,1,1,1,1
nvbench2:train:4664,2,1,2,2,5,10,10,10,1,1,1,1
nvbench2:train:4665,4,2,2,2,6,6,6,6,0,0,0,0
nvbench2:train:4666,3,1,2,1,4,4,2,2,0,1,1,1
nvbench2:train:4667,2,1,2,2,5,10,6,6,1,1,1,1
nvbench2:train:4668,3,1,2,3,6,8,5,5,1,1,1,1
nvbench2:train:4669,4,1,4,4,9,9,4,4,1,1,1,1
nvbench2:train:4670,3,1,3,3,7,7,7,7,1,1,1,1
nvbench2:train:4671,4,1,4,4,9,9,9,9,1,1,1,0
nvbench2:train:4672,4,4,4,4,12,12,4,4,1,1,1,1
nvbench2:train:4673,4,2,4,4,10,10,10,10,1,1,1,0
nvbench2:train:4674,2,2,2,2,6,6,2,2,1,1,1,1
nvbench2:train:4675,2,2,2,2,6,6,4,4,1,1,1,1
nvbench2:train:4676,2,2,2,2,6,6,4,4,1,1,1,1
nvbench2:train:4677,2,2,2,2,6,6,4,4,1,1,1,1
nvbench2:train:4678,2,1,2,2,5,5,5,5,1,1,1,1
nvbench2:train:4679,2,1,2,2,5,5,3,3,1,1,1,1
nvbench2:train:4680,3,2,3,3,8,8,4,4,1,1,1,1
nvbench2:train:4681,3,2,3,3,8,8,5,5,1,1,1,1
nvbench2:train:4682,4,1,4,4,9,9,5,5,1,1,1,1
nvbench2:train:4683,5,1,3,5,9,13,8,8,1,1,1,1
nvbench2:train:4684,5,1,3,5,9,13,8,8,1,1,1,1
nvbench2:train:4685,2,1,2,2,5,5,3,3,1,1,1,1
nvbench2:train:4686,4,1,4,4,9,9,5,5,1,1,1,1
nvbench2:train:4687,2,1,2,2,5,10,10,10,1,1,1,1
nvbench2:train:4688,3,1,3,3,7,7,3,3,1,1,1,1
nvbench2:train:4689,2,1,2,2,5,5,5,5,1,1,1,1
nvbench2:train:4690,3,1,3,3,7,7,7,7,1,1,1,1
nvbench2:train:4691,2,1,2,2,5,10,6,6,1,1,1,1
nvbench2:train:4692,5,1,3,5,9,13,8,8,1,1,1,1
nvbench2:train:4693,2,2,2,2,6,6,4,4,0,1,1,1
nvbench2:train:4694,2,2,2,2,6,6,2,2,1,1,1,1
nvbench2:train:4695,2,2,2,2,6,6,2,2,1,1,1,1
nvbench2:train:4696,2,2,2,2,6,6,2,2,1,1,1,1
nvbench2:train:4697,2,2,2,2,6,6,4,4,1,1,1,1
nvbench2:train:4698,5,5,5,5,15,15,10,10,1,1,1,0
nvbench2:train:4699,2,2,2,2,6,6,4,4,1,1,1,1
nvbench2:train:4700,2,2,2,2,6,6,4,4,1,1,1,1
nvbench2:train:4701,2,2,2,2,6,6,2,2,1,1,1,1
nvbench2:train:4702,2,2,2,2,6,6,2,2,1,1,1,1
nvbench2:train:4703,2,2,2,2,6,6,4,4,1,1,1,1
nvbench2:train:4704,2,2,2,2,6,6,4,4,1,1,1,1
nvbench2:train:4705,5,5,5,5,15,15,10,10,1,1,1,0
nvbench2:train:4706,5,5,5,5,15,15,10,10,1,1,1,0
nvbench2:train:4707,4,1,4,4,9,9,9,9,1,1,1,0
nvbench2:train:4708,4,1,4,4,9,9,5,5,1,1,1,1
nvbench2:train:4709,2,1,2,2,5,10,6,6,1,1,1,1
nvbench2:train:4710,2,2,2,2,6,6,2,2,1,1,1,1
nvbench2:train:4711,3,1,3,3,7,7,4,4,1,1,1,1
nvbench2:train:4712,5,1,5,5,11,11,5,5,1,1,1,1
nvbench2:train:4713,4,1,4,4,9,9,9,9,1,1,1,0
nvbench2:train:4714,4,1,4,4,9,9,9,9,1,1,1,0
nvbench2:train:4715,4,1,4,4,9,9,9,9,1,1,1,0
nvbench2:train:4716,2,1,2,2,5,10,10,10,1,1,1,1
nvbench2:train:4717,4,1,4,4,9,9,5,5,1,1,1,1
nvbench2:train:4718,2,1,2,2,5,10,10,10,1,1,1,1
nvbench2:train:4719,2,1,2,2,5,10,6,6,1,1,1,1
nvbench2:train:4720,2,1,2,2,5,5,3,3,1,1,1,1
nvbench2:train:4721,2,1,1,2,4,6,3,3,1,1,1,1
nvbench2:train:4722,2,1,1,1,3,3,2,2,0,0,0,0
nvbench2:train:4723,5,1,5,5,11,11,11,11,1,1,1,0
nvbench2:train:4724,5,1,5,5,11,11,6,6,1,1,1,1
nvbench2:train:4725,5,1,5,5,11,11,6,6,1,1,1,1
nvbench2:train:4726,2,2,2,2,6,6,2,2,1,1,1,1
nvbench2:train:4727,5,1,5,5,11,11,6,6,1,1,1,1
nvbench2:train:4728,5,1,5,5,11,11,6,6,1,1,1,1
nvbench2:train:4729,5,5,5,5,15,15,10,10,1,1,1,0
nvbench2:train:4730,5,5,5,5,15,15,10,10,1,1,1,0
nvbench2:train:4731,5,1,5,5,11,11,6,6,1,1,1,1
nvbench2:train:4732,5,5,5,5,15,15,9,9,0,1,1,0
nvbench2:train:4733,5,1,5,5,11,11,6,6,1,1,1,1
nvbench2:train:4734,4,1,4,4,9,9,8,8,1,1,1,1
nvbench2:train:4735,3,1,2,2,5,5,2,2,0,1,1,1
nvbench2:train:4736,2,2,2,2,6,6,3,3,1,1,1,1
nvbench2:train:4737,2,2,2,2,6,6,3,3,1,1,1,1
nvbench2:train:4738,3,1,3,3,7,7,7,7,1,1,1,1
nvbench2:train:4739,3,1,3,3,7,7,4,4,1,1,1,1
nvbench2:train:4740,2,2,2,2,6,6,2,2,1,1,1,1
nvbench2:train:4741,2,2,2,2,6,6,4,4,1,1,1,1
nvbench2:train:4742,2,2,2,2,6,6,4,4,1,1,1,1
nvbench2:train:4743,5,2,5,5,12,12,6,6,1,1,1,1
nvbench2:train:4744,3,1,3,3,7,7,4,4,1,1,1,1
nvbench2:train:4745,5,1,2,1,4,4,2,2,0,1,1,1
nvbench2:train:4746,4,1,4,4,9,9,5,5,1,1,1,1
nvbench2:train:4747,4,1,4,4,9,9,4,4,1,1,1,1
nvbench2:train:4748,5,1,5,5,11,11,10,10,1,1,1,0
nvbench2:train:4749,3,1,3,3,7,7,7,7,1,1,1,1
nvbench2:train:4750,3,1,3,3,7,7,4,4,1,1,1,1
nvbench2:train:4751,4,1,4,4,9,9,4,4,1,1,1,1
nvbench2:train:4752,4,1,4,4,9,9,4,4,1,1,1,1
nvbench2:train:4753,5,1,2,1,4,4,2,2,0,1,1,1
nvbench2:train:4754,3,1,3,3,7,7,4,4,1,1,1,1
nvbench2:train:4755,2,1,1,1,3,3,1,1,0,0,0,0
nvbench2:train:4756,3,1,3,3,7,7,7,7,1,1,1,1
nvbench2:train:4757,4,1,4,4,9,9,9,9,1,1,1,0
nvbench2:train:4758,4,1,4,4,9,9,5,5,1,1,1,1
nvbench2:train:4759,4,1,4,4,9,9,9,9,1,1,1,0
nvbench2:train:4760,2,2,2,2,6,6,4,4,1,1,1,1
nvbench2:train:4761,3,1,3,3,7,7,3,3,1,1,1,1
nvbench2:train:4762,3,1,3,3,7,7,7,7,1,1,1,1
nvbench2:train:4763,5,5,5,5,15,15,10,10,1,1,1,0
nvbench2:train:4764,3,2,3,3,8,8,8,8,1,1,1,0
nvbench2:train:4765,3,1,3,3,7,7,3,3,1,1,1,1
nvbench2:train:4766,2,1,2,2,5,5,3,3,1,1,1,1
nvbench2:train:4767,2,1,2,2,5,5,5,5,1,1,1,1
nvbench2:train:4768,5,2,5,5,12,12,7,7,1,1,1,1
nvbench2:train:4769,5,2,5,5,12,12,7,7,1,1,1,1
nvbench2:train:4770,2,2,2,2,6,6,6,6,1,1,1,1
nvbench2:train:4771,3,1,3,3,7,7,4,4,1,1,1,1
nvbench2:train:4772,4,4,4,4,12,12,4,4,1,1,1,1
nvbench2:train:4773,5,2,5,5,12,12,12,12,1,1,1,1
nvbench2:train:4774,2,1,1,2,4,4,3,3,1,1,1,1
nvbench2:train:4775,2,1,2,2,5,5,3,3,1,1,1,1
nvbench2:train:4776,2,1,2,2,5,10,6,6,1,1,1,1
nvbench2:train:4777,5,1,4,5,10,14,8,8,1,1,1,1
nvbench2:train:4778,5,1,3,5,9,13,8,8,1,1,1,1
nvbench2:train:4779,2,1,2,2,5,5,3,3,1,1,1,1
nvbench2:train:4780,5,1,5,5,11,11,5,5,1,1,1,1
nvbench2:train:4781,2,1,2,2,5,5,3,3,1,1,1,1
nvbench2:train:4782,4,1,4,4,9,9,5,5,1,1,1,1
nvbench2:train:4783,3,2,3,3,8,8,8,8,1,1,1,0
nvbench2:train:4784,3,1,3,3,7,7,4,4,1,1,1,1
nvbench2:train:4785,3,4,6,6,16,16,12,12,0,1,1,0
nvbench2:train:4786,3,2,3,3,8,8,8,8,1,1,1,1
nvbench2:train:4787,4,1,4,4,9,9,5,5,1,1,1,1
nvbench2:train:4788,3,1,3,3,7,7,7,7,1,1,1,1
nvbench2:train:4789,2,2,2,2,6,6,2,2,1,1,1,1
nvbench2:train:4790,2,2,2,2,6,6,2,2,1,1,1,1
nvbench2:train:4791,4,1,4,4,9,9,9,9,1,1,1,0
nvbench2:train:4792,3,1,3,3,7,7,7,7,1,1,1,1
nvbench2:train:4793,5,5,5,5,15,15,9,9,0,1,1,1
nvbench2:train:4794,2,2,2,2,6,6,4,4,1,1,1,1
nvbench2:train:4795,3,1,3,3,7,7,4,4,1,1,1,1
nvbench2:train:4796,4,1,4,4,9,9,8,8,1,1,1,1
nvbench2:train:4797,4,1,4,4,9,9,8,8,1,1,1,1
nvbench2:train:4798,2,2,2,2,6,6,2,2,1,1,1,1
nvbench2:train:4799,4,4,4,4,12,12,4,4,1,1,1,1
nvbench2:train:4800,5,2,5,5,12,12,11,11,1,1,1,0
nvbench2:train:4801,3,2,3,3,8,8,7,7,1,1,1,1
nvbench2:train:4802,3,2,3,3,8,8,4,4,1,1,1,1
nvbench2:train:4803,2,1,1,1,3,3,2,2,0,1,1,1
nvbench2:train:4804,3,2,3,3,8,8,8,8,1,1,1,0
nvbench2:train:4805,2,1,2,2,5,5,5,5,1,1,1,1
nvbench2:train:4806,2,1,2,2,5,5,5,5,1,1,1,1
nvbench2:train:4807,5,5,5,5,15,15,10,10,1,1,1,0
nvbench2:train:4808,5,5,5,5,15,15,15,15,1,1,1,0
nvbench2:train:4809,3,2,3,3,8,8,4,4,1,1,1,1
nvbench2:train:4810,3,1,3,3,7,7,7,7,1,1,1,1
nvbench2:train:4811,3,1,3,3,7,7,4,4,1,1,1,1
nvbench2:train:4812,2,2,2,2,6,6,4,4,1,1,1,1
nvbench2:train:4813,3,1,3,3,7,7,7,7,1,1,1,1
nvbench2:train:4814,2,2,2,2,6,6,2,2,1,1,1,1
nvbench2:train:4815,2,2,2,2,6,6,4,4,1,1,1,1
nvbench2:train:4816,3,1,3,3,7,7,7,7,1,1,1,1
nvbench2:train:4817,3,1,3,3,7,7,4,4,1,1,1,1
nvbench2:train:4818,4,1,4,4,9,9,4,4,1,1,1,1
nvbench2:train:4819,4,2,4,4,10,10,10,10,1,1,1,0
nvbench2:train:4820,3,1,3,3,7,7,7,7,1,1,1,1
nvbench2:train:4821,5,5,5,5,15,15,10,10,1,1,1,0
nvbench2:train:4822,2,2,2,2,6,6,2,2,1,1,1,1
nvbench2:train:4823,4,1,4,4,9,9,5,5,1,1,1,1
nvbench2:train:4824,4,4,4,4,12,12,4,4,1,1,1,1
nvbench2:train:4825,5,1,5,5,11,11,10,10,0,1,1,0
nvbench2:train:4826,3,1,1,3,5,7,4,4,1,1,1,1
nvbench2:train:4827,3,1,2,3,6,6,5,5,1,1,1,1
nvbench2:train:4828,2,1,2,2,5,5,4,4,1,1,1,1
nvbench2:train:4829,5,2,5,5,12,12,12,12,1,1,1,0
nvbench2:train:4830,4,2,4,4,10,10,6,6,1,1,1,1
nvbench2:train:4831,4,1,4,4,9,9,5,5,1,1,1,1
nvbench2:train:4832,2,1,2,2,5,5,3,3,1,1,1,1
nvbench2:train:4833,2,2,2,2,6,6,6,6,1,1,1,1
nvbench2:train:4834,4,4,4,4,12,12,4,4,1,1,1,1
nvbench2:train:4835,4,2,4,4,10,10,6,6,1,1,1,1
nvbench2:train:4836,4,2,4,4,10,10,10,10,1,1,1,0
nvbench2:train:4837,2,1,2,2,5,5,3,3,1,1,1,1
nvbench2:train:4838,2,1,2,2,5,5,3,3,1,1,1,1
nvbench2:train:4839,4,1,4,4,9,9,4,4,1,1,1,1
nvbench2:train:4840,3,1,3,3,7,7,4,4,1,1,1,1
nvbench2:train:4841,3,1,3,3,7,7,4,4,1,1,1,1
nvbench2:train:4842,3,1,3,3,7,7,7,7,1,1,1,1
nvbench2:train:4843,4,1,4,4,9,9,9,9,1,1,1,0
nvbench2:train:4844,5,2,5,5,12,12,11,11,1,1,1,0
nvbench2:train:4845,2,2,2,2,6,6,2,2,1,1,1,1
nvbench2:train:4846,2,1,2,2,5,5,5,5,1,1,1,1
nvbench2:train:4847,5,2,5,5,12,12,7,7,1,1,1,1
nvbench2:train:4848,2,1,2,2,5,5,5,5,1,1,1,1
nvbench2:train:4849,3,3,3,3,10,10,5,5,1,1,1,1
nvbench2:train:4850,4,2,2,2,6,6,2,2,0,1,1,1
nvbench2:train:4851,3,1,1,1,3,4,3,3,0,0,0,0
nvbench2:train:4852,3,1,3,3,7,7,4,4,1,1,1,1
nvbench2:train:4853,3,1,3,3,7,7,4,4,1,1,1,1
nvbench2:train:4854,2,1,1,1,3,3,2,2,0,1,1,1
nvbench2:train:4855,2,1,2,2,5,5,3,3,1,1,1,1
nvbench2:train:4856,4,1,4,4,9,9,5,5,1,1,1,1
nvbench2:train:4857,2,1,2,2,5,5,5,5,1,1,1,1
nvbench2:train:4858,3,1,3,3,7,7,4,4,1,1,1,1
nvbench2:train:4859,2,1,2,2,5,5,3,3,1,1,1,1
nvbench2:train:4860,2,2,2,2,6,6,4,4,1,1,1,1
nvbench2:train:4861,2,1,2,2,5,5,3,3,1,1,1,1
nvbench2:train:4862,2,1,2,2,5,5,4,4,1,1,1,1
nvbench2:train:4863,2,1,2,1,4,4,3,3,0,1,1,1
nvbench2:train:4864,2,2,2,2,6,6,2,2,1,1,1,1
nvbench2:train:4865,3,1,2,1,4,4,3,3,0,1,1,1
nvbench2:train:4866,2,1,2,2,5,5,3,3,1,1,1,1
nvbench2:train:4867,4,4,4,4,12,12,4,4,1,1,1,1
nvbench2:train:4868,3,1,2,1,4,4,3,3,0,1,1,1
nvbench2:train:4869,3,1,3,3,7,14,14,14,1,1,1,0
nvbench2:train:4870,3,1,3,3,7,14,8,8,1,1,1,1
nvbench2:train:4871,5,2,4,5,11,11,8,8,0,1,1,1
nvbench2:train:4872,4,2,4,4,10,10,8,8,1,1,1,1
nvbench2:train:4873,3,1,2,3,6,8,5,5,1,1,1,1
nvbench2:train:4874,2,2,2,2,6,6,2,2,1,1,1,1
nvbench2:train:4875,2,1,2,2,5,5,3,3,1,1,1,1
nvbench2:train:4876,3,1,2,3,6,8,5,5,1,1,1,1
nvbench2:train:4877,2,1,2,2,5,5,4,4,1,1,1,1
nvbench2:train:4878,4,2,4,4,10,10,6,6,1,1,1,1
nvbench2:train:4879,2,1,2,2,5,5,3,3,1,1,1,1
nvbench2:train:4880,2,1,2,2,5,5,3,3,1,1,1,1
nvbench2:train:4881,2,1,2,2,5,5,3,3,1,1,1,1
nvbench2:train:4882,2,1,2,2,5,5,3,3,1,1,1,1
nvbench2:train:4883,3,1,2,3,6,8,5,5,1,1,1,1
nvbench2:train:4884,2,2,2,2,6,6,4,4,1,1,1,1
nvbench2:train:4885,3,3,3,3,9,9,7,7,1,1,1,1
nvbench2:train:4886,2,1,2,2,5,5,3,3,1,1,1,1
nvbench2:train:4887,2,2,2,2,6,6,6,6,1,1,1,1
nvbench2:train:4888,2,1,2,2,5,5,3,3,1,1,1,1
nvbench2:train:4889,3,1,2,2,5,5,2,2,0,1,1,1
nvbench2:train:4890,3,2,3,3,8,8,4,4,1,1,1,1
nvbench2:train:4891,2,1,2,2,5,5,5,5,1,1,1,1
nvbench2:train:4892,2,1,1,2,4,6,4,4,1,1,1,1
nvbench2:train:4893,2,1,2,2,5,5,2,2,1,1,1,1
nvbench2:train:4894,2,1,1,1,3,4,3,3,0,1,1,1
nvbench2:train:4895,4,2,2,4,8,8,6,6,1,1,1,1
nvbench2:train:4896,2,1,1,2,4,4,3,3,1,1,1,1
nvbench2:train:4897,2,1,1,1,3,4,4,4,0,1,1,1
nvbench2:train:4898,2,1,2,2,5,5,2,2,1,1,1,1
nvbench2:train:4899,2,1,2,2,5,5,2,2,1,1,1,1
nvbench2:train:4900,4,2,2,4,8,8,6,6,1,1,1,1
nvbench2:train:4901,2,1,1,2,4,4,3,3,1,1,1,1
nvbench2:train:4902,2,1,2,2,5,5,4,4,1,1,1,1
nvbench2:train:4903,2,2,2,2,6,6,4,4,1,1,1,1
nvbench2:train:4904,4,2,2,4,8,8,6,6,0,0,0,0
nvbench2:train:4905,4,2,4,4,10,10,10,10,1,1,1,0
nvbench2:train:4906,2,1,2,2,5,5,2,2,1,1,1,1
nvbench2:train:4907,2,1,1,2,4,4,3,3,1,1,1,1
nvbench2:train:4908,2,1,2,2,5,5,2,2,1,1,1,1
nvbench2:train:4909,2,1,1,2,4,6,4,4,1,1,1,1
nvbench2:train:4910,4,1,4,4,9,9,5,5,1,1,1,1
nvbench2:train:4911,2,1,1,1,3,4,4,4,0,1,1,1
nvbench2:train:4912,2,1,2,2,5,5,4,4,1,1,1,1
nvbench2:train:4913,4,1,4,4,9,9,9,9,1,1,1,0
nvbench2:train:4914,2,1,1,2,4,6,3,3,1,1,1,1
nvbench2:train:4915,4,1,4,4,9,9,9,9,1,1,1,0
nvbench2:train:4916,4,1,2,4,7,7,6,6,1,1,1,1
nvbench2:train:4917,2,1,2,2,5,5,4,4,1,1,1,1
nvbench2:train:4918,4,1,4,4,9,9,9,9,1,1,1,0
nvbench2:train:4919,2,1,1,2,4,4,3,3,1,1,1,1
nvbench2:train:4920,2,1,2,2,5,5,2,2,1,1,1,1
nvbench2:train:4921,4,2,2,4,8,8,6,6,1,1,1,1
nvbench2:train:4922,4,4,4,4,12,12,8,8,1,1,1,1
nvbench2:train:4923,3,1,3,3,7,7,4,4,1,1,1,1
nvbench2:train:4924,3,1,3,3,7,7,7,7,1,1,1,1
nvbench2:train:4925,5,5,5,5,15,15,10,10,1,1,1,0
nvbench2:train:4926,3,3,3,3,9,9,3,3,1,1,1,1
nvbench2:train:4927,4,1,1,1,3,3,3,3,0,1,1,1
nvbench2:train:4928,2,2,2,2,6,6,4,4,1,1,1,1
nvbench2:train:4929,2,2,2,2,6,6,4,4,1,1,1,1
nvbench2:train:4930,5,1,5,5,11,11,11,11,1,1,1,0
nvbench2:train:4931,4,2,4,4,10,10,10,10,1,1,1,0
nvbench2:train:4932,4,2,4,4,10,10,6,6,1,1,1,1
nvbench2:train:4933,3,1,3,3,7,7,7,7,1,1,1,1
nvbench2:train:4934,3,2,3,3,8,8,5,5,1,1,1,1
nvbench2:train:4935,5,2,5,5,12,12,7,7,1,1,1,1
nvbench2:train:4936,3,2,3,3,8,8,5,5,1,1,1,1
nvbench2:train:4937,3,2,3,3,8,8,5,5,1,1,1,1
nvbench2:train:4938,3,1,3,3,7,7,4,4,1,1,1,1
nvbench2:train:4939,5,2,2,2,6,6,4,4,0,1,1,1
nvbench2:train:4940,4,2,2,4,8,8,6,6,1,1,1,1
nvbench2:train:4941,4,1,4,4,9,9,9,9,1,1,1,0
nvbench2:train:4942,2,2,2,2,6,6,4,4,1,1,1,1
nvbench2:train:4943,5,1,5,5,11,11,11,11,1,1,1,0
nvbench2:train:4944,2,2,2,2,6,6,4,4,1,1,1,1
nvbench2:train:4945,2,2,2,2,6,6,2,2,1,1,1,1
nvbench2:train:4946,2,2,2,2,6,6,4,4,1,1,1,1
nvbench2:train:4947,5,2,5,5,12,12,12,12,1,1,1,0
nvbench2:train:4948,5,2,5,5,12,12,7,7,1,1,1,1
nvbench2:train:4949,2,2,2,2,6,6,4,4,1,1,1,1
nvbench2:train:4950,5,5,5,5,15,15,10,10,1,1,1,0
nvbench2:train:4951,5,1,5,5,11,11,6,6,1,1,1,1
nvbench2:train:4952,2,2,2,2,6,6,4,4,1,1,1,1
nvbench2:train:4953,2,2,2,2,6,6,6,6,1,1,1,1
nvbench2:train:4954,3,2,3,3,8,8,7,7,1,1,1,1
nvbench2:train:4955,3,2,3,3,8,8,4,4,1,1,1,1
nvbench2:train:4956,2,2,2,2,6,6,2,2,1,1,1,1
nvbench2:train:4957,3,1,2,3,6,8,5,5,1,1,1,1
nvbench2:train:4958,4,2,3,4,9,9,8,8,1,1,1,1
nvbench2:train:4959,3,1,2,3,6,8,6,6,1,1,1,1
nvbench2:train:4960,4,2,3,4,9,9,8,8,1,1,1,1
nvbench2:train:4961,4,2,4,4,10,10,9,9,1,1,1,0
nvbench2:train:4962,2,2,2,2,6,6,4,4,1,1,1,1
nvbench2:train:4963,2,1,2,2,5,5,3,3,1,1,1,1
nvbench2:train:4964,5,1,5,5,11,11,6,6,1,1,1,1
nvbench2:train:4965,2,2,2,2,6,6,2,2,1,1,1,1
nvbench2:train:4966,2,1,2,2,5,10,10,10,1,1,1,1
nvbench2:train:4967,2,1,1,2,4,6,3,3,1,1,1,1
nvbench2:train:4968,4,2,4,4,10,10,10,10,1,1,1,0
nvbench2:train:4969,2,2,2,2,6,6,2,2,1,1,1,1
nvbench2:train:4970,5,1,5,5,11,11,11,11,1,1,1,0
nvbench2:train:4971,2,1,2,2,5,10,10,10,1,1,1,1
nvbench2:train:4972,2,1,1,2,4,4,2,2,1,1,1,1
nvbench2:train:4973,2,1,2,2,5,10,6,6,1,1,1,1
nvbench2:train:4974,5,1,3,5,9,13,8,8,1,1,1,1
nvbench2:train:4975,4,1,4,4,9,9,5,5,1,1,1,1
nvbench2:train:4976,4,1,4,4,9,9,5,5,1,1,1,1
nvbench2:train:4977,4,1,4,4,9,9,5,5,1,1,1,1
nvbench2:train:4978,4,2,4,4,10,10,6,6,1,1,1,1
nvbench2:train:4979,2,1,2,2,5,5,3,3,1,1,1,1
nvbench2:train:4980,3,1,2,3,6,8,5,5,1,1,1,1
nvbench2:train:4981,2,1,2,2,5,5,3,3,1,1,1,1
nvbench2:train:4982,2,2,2,2,6,6,6,6,1,1,1,1
nvbench2:train:4983,4,2,4,4,10,10,6,6,1,1,1,1
nvbench2:train:4984,2,2,2,2,6,6,4,4,1,1,1,1
nvbench2:train:4985,3,1,3,3,7,7,7,7,1,1,1,1
nvbench2:train:4986,3,2,3,3,8,8,8,8,1,1,1,0
nvbench2:train:4987,3,2,3,3,8,8,8,8,1,1,1,0
nvbench2:train:4988,2,2,2,2,6,6,6,6,1,1,1,1
nvbench2:train:4989,3,1,3,3,7,7,4,4,1,1,1,1
nvbench2:train:4990,4,4,4,4,12,12,8,8,1,1,1,1
nvbench2:train:4991,2,2,2,2,6,6,2,2,1,1,1,1
nvbench2:train:4992,2,2,2,2,6,6,4,4,1,1,1,1
nvbench2:train:4993,2,1,2,2,5,5,3,3,1,1,1,1
nvbench2:train:4994,3,2,3,3,8,8,5,5,1,1,1,1
nvbench2:train:4995,3,2,3,3,8,8,5,5,1,1,1,1
nvbench2:train:4996,5,1,4,5,10,12,9,9,1,1,1,1
nvbench2:train:4997,3,2,3,3,8,8,6,6,1,1,1,1
nvbench2:train:4998,2,1,2,2,5,5,3,3,1,1,1,1
nvbench2:train:4999,3,1,2,3,6,8,5,5,1,1,1,1
nvbench2:train:5000,3,1,3,3,7,7,4,4,1,1,1,1
nvbench2:train:5001,4,4,4,4,12,12,8,8,1,1,1,1
nvbench2:train:5002,3,1,3,3,7,7,7,7,1,1,1,1
nvbench2:train:5003,5,5,5,5,15,15,10,10,1,1,1,0
nvbench2:train:5004,3,2,3,3,8,8,5,5,1,1,1,1
nvbench2:train:5005,2,2,2,2,6,6,2,2,1,1,1,1
nvbench2:train:5006,4,1,4,4,9,9,9,9,1,1,1,0
nvbench2:train:5007,4,4,4,4,12,12,8,8,1,1,1,1
nvbench2:train:5008,2,1,2,2,5,5,3,3,1,1,1,1
nvbench2:train:5009,3,1,3,3,7,7,7,7,1,1,1,1
nvbench2:train:5010,3,1,3,3,7,7,4,4,1,1,1,1
nvbench2:train:5011,3,1,3,3,7,7,4,4,1,1,1,1
nvbench2:train:5012,3,1,3,3,7,7,3,3,1,1,1,1
nvbench2:train:5013,3,2,3,3,8,8,5,5,1,1,1,1
nvbench2:train:5014,3,1,3,3,7,7,4,4,1,1,1,1
nvbench2:train:5015,3,1,3,3,7,7,4,4,1,1,1,1
nvbench2:train:5016,4,1,4,4,9,9,5,5,1,1,1,1
nvbench2:train:5017,4,2,4,4,10,10,10,10,1,1,1,0
nvbench2:train:5018,4,2,4,4,10,10,10,10,1,1,1,0
nvbench2:train:5019,2,1,2,2,5,5,4,4,1,1,1,1
nvbench2:train:5020,4,1,4,4,9,9,5,5,1,1,1,1
nvbench2:train:5021,4,2,4,4,10,10,10,10,1,1,1,0
nvbench2:train:5022,4,1,4,4,9,9,5,5,1,1,1,1
nvbench2:train:5023,4,2,4,4,10,10,10,10,1,1,1,0
nvbench2:train:5024,4,1,4,4,9,9,5,5,1,1,1,1
nvbench2:train:5025,3,1,3,3,7,7,3,3,1,1,1,1
nvbench2:train:5026,3,2,3,3,8,8,8,8,1,1,1,0
nvbench2:train:5027,2,1,2,2,5,10,6,6,1,1,1,1
nvbench2:train:5028,2,1,2,2,5,5,3,3,1,1,1,1
nvbench2:train:5029,2,1,2,2,5,5,3,3,1,1,1,1
nvbench2:train:5030,2,1,2,2,5,10,6,6,1,1,1,1
nvbench2:train:5031,5,1,3,5,9,13,8,8,1,1,1,1
nvbench2:train:5032,2,1,1,2,4,4,3,3,1,1,1,1
nvbench2:train:5033,5,1,3,5,9,13,8,8,1,1,1,1
nvbench2:train:5034,2,1,2,2,5,5,3,3,1,1,1,1
nvbench2:train:5035,5,1,5,5,11,11,11,11,1,1,1,0
nvbench2:train:5036,2,1,1,1,3,3,1,1,0,0,0,0
nvbench2:train:5037,5,2,5,5,12,12,12,12,1,1,1,0
nvbench2:train:5038,5,5,5,5,15,15,10,10,1,1,1,0
nvbench2:train:5039,5,1,5,5,11,11,11,11,1,1,1,0
nvbench2:train:5040,2,2,2,2,6,6,2,2,1,1,1,1
nvbench2:train:5041,5,1,5,5,11,11,6,6,1,1,1,1
nvbench2:train:5042,5,5,5,5,15,15,10,10,1,1,1,0
nvbench2:train:5043,5,2,5,5,12,12,12,12,1,1,1,0
nvbench2:train:5044,5,5,5,5,15,15,10,10,1,1,1,0
nvbench2:train:5045,5,1,5,5,11,11,11,11,1,1,1,0
nvbench2:train:5046,2,2,2,2,6,6,4,4,1,1,1,1
nvbench2:train:5047,3,2,3,3,8,8,5,5,1,1,1,1
nvbench2:train:5048,3,1,3,3,7,7,7,7,1,1,1,1
nvbench2:train:5049,3,1,3,3,7,7,7,7,1,1,1,1
nvbench2:train:5050,2,1,1,1,3,3,1,1,0,0,0,0
nvbench2:train:5051,4,4,4,4,12,12,8,8,1,1,1,1
nvbench2:train:5052,5,5,5,5,15,15,9,9,0,1,1,0
nvbench2:train:5053,3,1,3,3,7,7,4,4,1,1,1,1
nvbench2:train:5054,2,2,2,2,6,6,4,4,1,1,1,1
nvbench2:train:5055,3,1,3,3,7,7,5,5,1,1,1,1
nvbench2:train:5056,2,2,2,2,6,6,4,4,1,1,1,1
nvbench2:train:5057,5,3,4,5,12,12,8,8,1,1,1,1
nvbench2:train:5058,2,2,2,2,6,6,4,4,1,1,1,1
nvbench2:train:5059,2,2,2,2,6,6,4,4,1,1,1,1
nvbench2:train:5060,2,1,1,2,4,4,3,3,1,1,1,1
nvbench2:train:5061,3,1,3,3,7,7,4,4,1,1,1,1
nvbench2:train:5062,4,1,3,3,7,7,4,4,0,1,1,1
nvbench2:train:5063,2,1,2,2,5,5,3,3,1,1,1,1
nvbench2:train:5064,4,1,4,4,9,9,5,5,1,1,1,1
nvbench2:train:5065,2,1,2,2,5,5,5,5,1,1,1,1
nvbench2:train:5066,3,1,3,3,7,7,4,4,1,1,1,1
nvbench2:train:5067,2,2,2,2,6,6,2,2,1,1,1,1
nvbench2:train:5068,3,1,3,3,7,7,6,6,1,1,1,1
nvbench2:train:5069,2,1,2,2,5,5,3,3,1,1,1,1
nvbench2:train:5070,2,1,2,2,5,5,2,2,1,1,1,1
nvbench2:train:5071,5,1,3,5,9,13,8,8,1,1,1,1
nvbench2:train:5072,4,1,3,4,8,10,6,6,1,1,1,1
nvbench2:train:5073,2,2,2,2,6,6,2,2,1,1,1,1
nvbench2:train:5074,3,1,3,3,7,7,7,7,1,1,1,1
nvbench2:train:5075,2,2,2,2,6,6,4,4,1,1,1,1
nvbench2:train:5076,2,2,2,2,6,6,4,4,1,1,1,1
nvbench2:train:5077,2,2,2,2,6,6,2,2,1,1,1,1
nvbench2:train:5078,4,2,4,4,10,10,6,6,1,1,1,1
nvbench2:train:5079,2,1,1,2,4,6,3,3,1,1,1,1
nvbench2:train:5080,2,2,2,2,6,6,2,2,1,1,1,1
nvbench2:train:5081,3,1,3,3,7,7,3,3,1,1,1,1
nvbench2:train:5082,4,1,4,4,9,9,4,4,1,1,1,1
nvbench2:train:5083,5,1,5,5,11,11,11,11,1,1,1,0
nvbench2:train:5084,2,2,2,2,6,6,4,4,1,1,1,1
nvbench2:train:5085,3,1,3,3,7,7,4,4,1,1,1,1
nvbench2:train:5086,4,1,3,4,8,10,6,6,1,1,1,1
nvbench2:train:5087,4,1,4,4,9,9,5,5,1,1,1,1
nvbench2:train:5088,4,1,3,4,8,10,6,6,1,1,1,1
nvbench2:train:5089,4,1,1,1,3,3,1,1,0,0,0,0
nvbench2:train:5090,5,2,5,5,12,12,8,8,1,1,1,1
nvbench2:train:5091,2,1,2,2,5,5,5,5,1,1,1,1
nvbench2:train:5092,4,2,2,4,8,8,6,6,1,1,1,1
nvbench2:train:5093,5,2,5,5,12,12,8,8,1,1,1,1
nvbench2:train:5094,2,1,2,2,5,5,5,5,1,1,1,1
nvbench2:train:5095,4,1,4,4,9,9,9,9,1,1,1,0
nvbench2:train:5096,4,1,4,4,9,9,9,9,1,1,1,0
nvbench2:train:5097,5,2,5,5,12,12,12,12,1,1,1,0
nvbench2:train:5098,4,1,4,4,9,9,5,5,1,1,1,1
nvbench2:train:5099,2,1,2,2,5,10,10,10,1,1,1,1
nvbench2:train:5100,2,1,2,2,5,10,6,6,1,1,1,1
nvbench2:train:5101,3,1,1,1,3,3,1,1,0,0,0,0
nvbench2:train:5102,4,1,4,4,9,9,5,5,1,1,1,1
nvbench2:train:5103,3,1,3,3,7,7,3,3,1,1,1,1
nvbench2:train:5104,2,1,1,2,4,6,3,3,1,1,1,1
nvbench2:train:5105,2,1,2,2,5,5,3,3,1,1,1,1
nvbench2:train:5106,4,4,4,4,12,12,8,8,1,1,1,1
nvbench2:train:5107,3,1,3,3,7,7,4,4,1,1,1,1
nvbench2:train:5108,3,1,3,3,7,7,4,4,1,1,1,1
nvbench2:train:5109,4,2,4,4,10,10,10,10,1,1,1,0
nvbench2:train:5110,3,1,2,3,6,8,5,5,1,1,1,1
nvbench2:train:5111,4,4,4,4,12,12,4,4,1,1,1,1
nvbench2:train:5112,4,1,4,4,9,9,9,9,1,1,1,1
nvbench2:train:5113,3,1,3,3,7,7,4,4,1,1,1,1
nvbench2:train:5114,2,2,2,2,6,6,2,2,1,1,1,1
nvbench2:train:5115,5,1,5,5,11,11,11,11,1,1,1,0
nvbench2:train:5116,2,2,2,2,6,6,4,4,1,1,1,1
nvbench2:train:5117,4,2,4,4,10,10,6,6,1,1,1,1
nvbench2:train:5118,2,1,2,2,5,5,3,3,1,1,1,1
nvbench2:train:5119,2,1,2,2,5,5,4,4,1,1,1,1
nvbench2:train:5120,5,1,1,1,3,3,2,2,0,1,1,1
nvbench2:train:5121,5,1,5,5,11,11,6,6,1,1,1,1
nvbench2:train:5122,2,1,2,2,5,5,3,3,1,1,1,1
nvbench2:train:5123,2,2,2,2,6,6,6,6,1,1,1,1
nvbench2:train:5124,4,4,4,4,12,12,4,4,1,1,1,1
nvbench2:train:5125,3,3,3,3,10,10,8,8,1,1,1,0
nvbench2:train:5126,5,2,5,5,12,12,11,11,1,1,1,0
nvbench2:train:5127,5,2,5,5,12,12,6,6,1,1,1,1
nvbench2:train:5128,5,5,5,5,15,15,10,10,1,1,1,1
nvbench2:train:5129,2,1,2,2,5,5,3,3,1,1,1,1
nvbench2:train:5130,2,2,2,2,6,6,4,4,1,1,1,1
nvbench2:train:5131,2,2,1,1,4,4,2,2,0,1,1,1
nvbench2:train:5132,3,1,3,3,7,7,4,4,1,1,1,1
nvbench2:train:5133,3,1,3,3,7,7,4,4,1,1,1,1
nvbench2:train:5134,3,1,2,3,6,8,5,5,1,1,1,1
nvbench2:train:5135,3,1,3,3,7,7,7,7,1,1,1,1
nvbench2:train:5136,3,2,3,3,8,8,8,8,1,1,1,0
nvbench2:train:5137,3,1,3,3,7,7,4,4,1,1,1,1
nvbench2:train:5138,3,3,3,3,9,9,6,6,1,1,1,1
nvbench2:train:5139,2,2,2,2,6,6,2,2,1,1,1,1
nvbench2:train:5140,5,5,5,5,15,15,10,10,1,1,1,0
nvbench2:train:5141,2,2,2,2,6,6,4,4,1,1,1,1
nvbench2:train:5142,2,2,2,2,6,6,4,4,1,1,1,1
nvbench2:train:5143,5,5,5,5,15,15,10,10,0,1,1,0
nvbench2:train:5144,2,2,2,2,6,6,6,6,1,1,1,1
nvbench2:train:5145,2,2,1,1,4,4,2,2,0,1,1,1
nvbench2:train:5146,2,2,2,2,6,6,4,4,1,1,1,1
nvbench2:train:5147,5,5,5,5,15,15,9,9,0,1,1,0
nvbench2:train:5148,2,2,2,2,6,6,4,4,1,1,1,1
nvbench2:train:5149,2,2,2,2,6,6,4,4,1,1,1,1
nvbench2:train:5150,5,5,5,5,15,15,10,10,1,1,1,1
nvbench2:train:5151,2,1,1,1,3,3,2,2,0,1,1,1
nvbench2:train:5152,3,1,3,3,7,7,7,7,1,1,1,1
nvbench2:train:5153,4,4,4,4,12,12,4,4,1,1,1,1
nvbench2:train:5154,4,2,4,4,10,10,10,10,1,1,1,0
nvbench2:train:5155,4,2,4,4,10,10,10,10,1,1,1,0
nvbench2:train:5156,3,1,3,3,7,7,4,4,1,1,1,1
nvbench2:train:5157,2,2,2,2,6,6,4,4,1,1,1,1
nvbench2:train:5158,2,2,2,2,6,6,4,4,1,1,1,1
nvbench2:train:5159,4,1,2,4,7,11,7,7,1,1,1,1
nvbench2:train:5160,4,1,2,4,7,11,7,7,1,1,1,1
nvbench2:train:5161,3,1,3,3,7,7,3,3,1,1,1,1
nvbench2:train:5162,3,1,3,3,7,7,3,3,1,1,1,1
nvbench2:train:5163,2,1,2,2,5,10,10,10,1,1,1,0
nvbench2:train:5164,3,1,3,3,7,7,6,6,1,1,1,1
nvbench2:train:5165,3,1,3,3,7,7,3,3,1,1,1,1
nvbench2:train:5166,2,1,2,2,5,10,10,10,1,1,1,1
nvbench2:train:5167,3,1,3,3,7,7,6,6,1,1,1,1
nvbench2:train:5168,2,1,2,2,5,5,3,3,1,1,1,1
nvbench2:train:5169,2,1,2,2,5,10,6,6,1,1,1,1
nvbench2:train:5170,2,1,1,2,4,6,3,3,1,1,1,1
nvbench2:train:5171,2,1,2,2,5,5,3,3,1,1,1,1
nvbench2:train:5172,2,1,2,2,5,10,10,10,1,1,1,1
nvbench2:train:5173,4,1,2,4,7,11,7,7,1,1,1,1
nvbench2:train:5174,2,1,2,2,5,5,3,3,1,1,1,1
nvbench2:train:5175,3,1,3,3,7,7,6,6,1,1,1,1
nvbench2:train:5176,4,1,2,4,7,11,7,7,1,1,1,1
nvbench2:train:5177,2,1,2,2,5,5,5,5,1,1,1,1
nvbench2:train:5178,2,1,2,2,5,5,3,3,1,1,1,1
nvbench2:train:5179,2,1,1,1,3,4,3,3,0,1,1,1
nvbench2:train:5180,2,1,2,2,5,10,6,6,1,1,1,1
nvbench2:train:5181,4,1,2,4,7,11,7,7,1,1,1,1
nvbench2:train:5182,2,1,2,2,5,10,6,6,1,1,1,1
nvbench2:train:5183,4,1,2,4,7,11,7,7,1,1,1,1
nvbench2:train:5184,3,1,3,3,7,7,6,6,1,1,1,1
nvbench2:train:5185,3,1,3,3,7,7,3,3,1,1,1,1
nvbench2:train:5186,2,1,2,2,5,10,6,6,1,1,1,1
nvbench2:train:5187,4,1,2,4,7,11,7,7,1,1,1,1
nvbench2:train:5188,2,1,2,2,5,10,10,10,1,1,1,1
nvbench2:train:5189,3,1,3,3,7,7,6,6,1,1,1,1
nvbench2:train:5190,2,1,2,2,5,10,10,10,1,1,1,0
nvbench2:train:5191,2,1,2,2,5,10,6,6,1,1,1,1
nvbench2:train:5192,4,2,2,4,8,8,6,6,1,1,1,1
nvbench2:train:5193,4,1,2,4,7,11,7,7,1,1,1,1
nvbench2:train:5194,4,2,4,4,10,10,6,6,1,1,1,1
nvbench2:train:5195,4,2,4,4,10,10,6,6,1,1,1,1
nvbench2:train:5196,4,4,4,4,12,12,8,8,0,1,1,0
nvbench2:train:5197,2,1,2,1,4,4,2,2,0,1,1,1
nvbench2:train:5198,3,1,2,3,6,8,5,5,1,1,1,1
nvbench2:train:5199,4,1,4,4,9,9,4,4,1,1,1,1
nvbench2:train:5200,3,1,3,3,7,7,4,4,1,1,1,1
nvbench2:train:5201,3,1,3,3,7,7,7,7,1,1,1,1
nvbench2:train:5202,4,1,4,4,9,9,9,9,1,1,1,0
nvbench2:train:5203,3,1,3,3,7,7,7,7,1,1,1,1
nvbench2:train:5204,5,2,5,5,12,12,6,6,1,1,1,1
nvbench2:train:5205,3,1,3,3,7,7,4,4,1,1,1,1
nvbench2:train:5206,5,2,5,5,12,12,6,6,1,1,1,1
nvbench2:train:5207,5,5,5,5,15,15,10,10,1,1,1,0
nvbench2:train:5208,5,5,5,5,15,15,9,9,0,1,1,0
nvbench2:train:5209,2,2,2,2,6,6,4,4,1,1,1,1
nvbench2:train:5210,2,1,1,2,4,6,4,4,1,1,1,1
nvbench2:train:5211,4,2,4,4,10,10,8,8,1,1,1,1
nvbench2:train:5212,4,2,4,4,10,10,10,10,1,1,1,0
nvbench2:train:5213,2,1,2,2,5,5,4,4,1,1,1,1
nvbench2:train:5214,2,2,2,2,6,6,6,6,1,1,1,1
nvbench2:train:5215,2,2,2,2,6,6,4,4,1,1,1,1
nvbench2:train:5216,3,1,3,3,7,11,6,6,1,1,1,1
nvbench2:train:5217,2,2,2,2,6,6,4,4,1,1,1,1
nvbench2:train:5218,3,1,2,3,6,8,5,5,1,1,1,1
nvbench2:train:5219,3,1,2,3,6,8,5,5,1,1,1,1
nvbench2:train:5220,3,1,2,3,6,8,5,5,1,1,1,1
nvbench2:train:5221,2,2,2,2,6,6,4,4,1,1,1,1
nvbench2:train:5222,3,1,2,3,6,8,5,5,1,1,1,1
nvbench2:train:5223,2,2,2,2,6,6,6,6,1,1,1,1
nvbench2:train:5224,3,1,2,3,6,8,5,5,1,1,1,1
nvbench2:train:5225,4,2,4,4,10,10,10,10,1,1,1,0
nvbench2:train:5226,2,1,1,2,4,4,3,3,1,1,1,1
nvbench2:train:5227,4,2,2,2,6,6,4,4,0,1,1,1
nvbench2:train:5228,3,1,2,3,6,8,5,5,1,1,1,1
nvbench2:train:5229,3,1,2,3,6,8,5,5,1,1,1,1
nvbench2:train:5230,3,1,2,3,6,8,5,5,1,1,1,1
nvbench2:train:5231,3,2,3,3,8,8,7,7,1,1,1,1
nvbench2:train:5232,5,5,5,5,15,15,10,10,1,1,1,0
nvbench2:train:5233,2,1,2,2,5,5,3,3,1,1,1,1
nvbench2:train:5234,2,1,2,2,5,5,5,5,1,1,1,1
nvbench2:train:5235,4,2,4,4,10,10,5,5,1,1,1,1
nvbench2:train:5236,4,2,4,4,10,10,5,5,1,1,1,1
nvbench2:train:5237,4,2,2,2,6,6,2,2,0,1,1,1
nvbench2:train:5238,2,1,2,2,5,5,5,5,1,1,1,1
nvbench2:train:5239,2,1,2,2,5,5,5,5,1,1,1,1
nvbench2:train:5240,5,2,5,5,12,12,6,6,1,1,1,1
nvbench2:train:5241,5,2,3,3,8,8,4,4,0,1,1,1
nvbench2:train:5242,5,2,5,5,12,12,6,6,1,1,1,1
nvbench2:train:5243,5,2,3,3,8,8,7,7,0,1,1,1
nvbench2:train:5244,3,1,3,3,7,7,4,4,1,1,1,1
nvbench2:train:5245,5,1,5,5,11,11,11,11,1,1,1,0
nvbench2:train:5246,5,1,5,5,11,11,6,6,1,1,1,1
nvbench2:train:5247,5,1,5,5,11,11,11,11,1,1,1,0
nvbench2:train:5248,5,2,5,5,12,12,12,12,1,1,1,0
nvbench2:train:5249,5,2,5,5,12,12,12,12,1,1,1,0
nvbench2:train:5250,5,2,5,5,12,12,12,12,1,1,1,0
nvbench2:train:5251,5,1,5,5,11,11,6,6,1,1,1,1
nvbench2:train:5252,2,2,2,2,6,6,4,4,1,1,1,1
nvbench2:train:5253,5,1,5,5,11,11,11,11,1,1,1,1
nvbench2:train:5254,2,2,1,1,4,4,2,2,0,1,1,1
nvbench2:train:5255,2,2,2,2,6,6,4,4,1,1,1,1
nvbench2:train:5256,4,1,4,4,9,9,5,5,1,1,1,1
nvbench2:train:5257,3,1,3,3,7,7,7,7,1,1,1,1
nvbench2:train:5258,2,2,2,2,6,6,2,2,1,1,1,1
nvbench2:train:5259,3,2,3,3,8,8,8,8,1,1,1,0
nvbench2:train:5260,3,1,3,3,7,7,4,4,1,1,1,1
nvbench2:train:5261,2,2,2,2,6,6,4,4,1,1,1,1
nvbench2:train:5262,4,1,4,4,9,9,5,5,1,1,1,1
nvbench2:train:5263,4,1,4,4,9,9,5,5,1,1,1,1
nvbench2:train:5264,5,1,1,1,3,3,1,1,0,1,1,1
nvbench2:train:5265,4,2,4,4,10,10,10,10,0,1,1,0
nvbench2:train:5266,2,1,1,2,4,4,3,3,1,1,1,1
nvbench2:train:5267,2,1,2,2,5,5,3,3,0,1,1,1
nvbench2:train:5268,2,1,1,2,4,4,3,3,1,1,1,1
nvbench2:train:5269,2,1,2,2,5,5,3,3,1,1,1,1
nvbench2:train:5270,5,1,5,5,11,11,6,6,1,1,1,1
nvbench2:train:5271,2,1,2,2,5,5,5,5,1,1,1,1
nvbench2:train:5272,2,1,2,2,5,10,6,6,1,1,1,1
nvbench2:train:5273,5,1,3,5,9,13,8,8,1,1,1,1
nvbench2:train:5274,2,1,1,2,4,4,3,3,1,1,1,1
nvbench2:train:5275,5,1,3,5,9,13,8,8,1,1,1,1
nvbench2:train:5276,2,1,2,2,5,5,3,3,1,1,1,1
nvbench2:train:5277,2,1,2,2,5,10,10,10,1,1,1,1
nvbench2:train:5278,2,1,2,2,5,5,3,3,1,1,1,1
nvbench2:train:5279,4,4,4,4,12,12,4,4,1,1,1,1
nvbench2:train:5280,5,1,5,5,11,11,6,6,1,1,1,1
nvbench2:train:5281,2,1,1,2,4,6,3,3,1,1,1,1
nvbench2:train:5282,2,1,2,2,5,5,3,3,1,1,1,1
nvbench2:train:5283,3,1,3,3,7,7,4,4,1,1,1,1
nvbench2:train:5284,3,2,3,3,8,8,8,8,1,1,1,1
nvbench2:train:5285,3,1,3,3,7,7,7,7,1,1,1,1
nvbench2:train:5286,3,1,3,3,7,7,4,4,1,1,1,1
nvbench2:train:5287,2,2,2,2,6,6,2,2,1,1,1,1
nvbench2:train:5288,3,1,3,3,7,7,4,4,1,1,1,1
nvbench2:train:5289,2,1,1,1,3,3,1,1,0,1,1,1
nvbench2:train:5290,2,1,1,1,3,3,2,2,0,1,1,1
nvbench2:train:5291,4,1,4,4,9,9,5,5,1,1,1,1
nvbench2:train:5292,3,2,3,3,8,8,7,7,1,1,1,1
nvbench2:train:5293,5,5,5,5,15,15,10,10,1,1,1,0
nvbench2:train:5294,2,2,2,2,6,6,4,4,1,1,1,1
nvbench2:train:5295,4,4,4,4,12,12,8,8,0,0,1,1
nvbench2:train:5296,3,1,2,1,4,4,3,3,0,1,1,1
nvbench2:train:5297,4,4,4,4,12,12,4,4,1,1,1,1
nvbench2:train:5298,2,1,2,2,5,5,4,4,1,1,1,1
nvbench2:train:5299,4,4,4,4,12,12,4,4,1,1,1,1
nvbench2:train:5300,2,1,2,2,5,5,3,3,1,1,1,1
nvbench2:train:5301,2,2,2,2,6,6,2,2,1,1,1,1
nvbench2:train:5302,5,2,2,2,6,6,6,6,0,1,1,1
nvbench2:train:5303,3,1,2,1,4,4,3,3,0,1,1,1
nvbench2:train:5304,4,1,1,1,3,3,1,1,0,0,0,0
nvbench2:train:5305,3,1,3,3,7,7,4,4,0,0,0,0
nvbench2:train:5306,3,1,3,3,7,14,8,8,1,1,1,1
nvbench2:train:5307,5,2,4,5,11,11,8,8,1,1,1,1
nvbench2:train:5308,3,1,2,2,5,6,5,5,0,1,1,1
nvbench2:train:5309,2,1,2,2,5,5,4,4,1,1,1,1
nvbench2:train:5310,2,1,2,2,5,5,4,4,1,1,1,1
nvbench2:train:5311,2,1,2,2,5,5,3,3,1,1,1,1
nvbench2:train:5312,2,1,2,2,5,5,3,3,1,1,1,1
nvbench2:train:5313,2,1,2,2,5,5,3,3,1,1,1,1
nvbench2:train:5314,2,2,2,2,6,6,2,2,1,1,1,1
nvbench2:train:5315,2,1,2,2,5,5,3,3,1,1,1,1
nvbench2:train:5316,4,2,4,4,10,10,8,8,1,1,1,1
nvbench2:train:5317,2,1,2,2,5,5,3,3,1,1,1,1
nvbench2:train:5318,5,2,4,5,11,11,8,8,1,1,1,1
nvbench2:train:5319,2,2,2,2,6,6,4,4,1,1,1,1
nvbench2:train:5320,2,1,2,2,5,5,3,3,1,1,1,1
nvbench2:train:5321,4,2,4,4,10,10,5,5,1,1,1,1
nvbench2:train:5322,3,1,3,3,7,7,3,3,1,1,1,1
nvbench2:train:5323,3,2,3,3,8,8,8,8,1,1,1,0
nvbench2:train:5324,2,1,2,2,5,5,5,5,1,1,1,1
nvbench2:train:5325,3,1,3,3,7,7,4,4,1,1,1,1
nvbench2:train:5326,4,2,4,4,10,10,6,6,1,1,1,1
nvbench2:train:5327,4,2,4,4,10,10,9,9,1,1,1,0
nvbench2:train:5328,2,2,2,2,6,6,6,6,1,1,1,1
nvbench2:train:5329,4,2,4,4,10,10,5,5,1,1,1,1
nvbench2:train:5330,2,1,2,2,5,5,3,3,1,1,1,1
nvbench2:train:5331,2,1,2,2,5,5,3,3,1,1,1,1
nvbench2:train:5332,2,2,2,2,6,6,2,2,1,1,1,1
nvbench2:train:5333,4,2,4,4,10,10,5,5,1,1,1,1
nvbench2:train:5334,5,2,5,5,12,12,7,7,1,1,1,1
nvbench2:train:5335,5,1,5,5,11,11,11,11,1,1,1,0
nvbench2:train:5336,2,2,2,2,6,6,2,2,1,1,1,1
nvbench2:train:5337,2,2,2,2,6,6,2,2,1,1,1,1
nvbench2:train:5338,5,2,5,5,12,12,12,12,1,1,1,0
nvbench2:train:5339,2,2,2,2,6,6,2,2,1,1,1,1
nvbench2:train:5340,2,2,2,2,6,6,2,2,1,1,1,1
nvbench2:train:5341,2,2,2,2,6,6,4,4,1,1,1,1
nvbench2:train:5342,5,1,5,5,11,11,6,6,1,1,1,1
nvbench2:train:5343,5,5,5,5,15,15,10,10,1,1,1,0
nvbench2:train:5344,2,2,2,2,6,6,4,4,1,1,1,1
nvbench2:train:5345,4,4,4,4,12,12,8,8,1,1,1,1
nvbench2:train:5346,5,2,5,5,12,12,11,11,1,1,1,0
nvbench2:train:5347,5,2,5,5,12,12,6,6,1,1,1,1
nvbench2:train:5348,5,5,5,5,15,15,10,10,1,1,1,0
nvbench2:train:5349,2,1,2,2,5,5,3,3,1,1,1,1
nvbench2:train:5350,2,2,2,2,6,6,4,4,1,1,1,1
nvbench2:train:5351,3,3,3,3,10,10,8,8,1,1,1,0
nvbench2:train:5352,3,1,3,3,7,7,7,7,1,1,1,1
nvbench2:train:5353,3,1,3,3,7,7,4,4,1,1,1,1
nvbench2:train:5354,2,1,2,2,5,5,3,3,1,1,1,1
nvbench2:train:5355,5,2,5,5,12,12,12,12,1,1,1,0
nvbench2:train:5356,2,1,2,2,5,5,4,4,1,1,1,1
nvbench2:train:5357,2,1,2,2,5,5,2,2,1,1,1,1
nvbench2:train:5358,5,1,3,5,9,9,8,8,1,1,1,1
nvbench2:train:5359,3,1,3,3,7,7,4,4,1,1,1,1
nvbench2:train:5360,3,1,3,3,7,7,4,4,1,1,1,1
nvbench2:train:5361,5,2,5,5,12,12,11,11,1,1,1,0
nvbench2:train:5362,4,1,4,4,9,9,5,5,1,1,1,1
nvbench2:train:5363,2,1,1,1,3,3,3,3,0,0,0,0
nvbench2:train:5364,4,2,4,4,10,10,10,10,1,1,1,0
nvbench2:train:5365,5,1,5,5,11,11,11,11,1,1,1,0
nvbench2:train:5366,2,1,1,2,4,6,4,4,1,1,1,1
nvbench2:train:5367,3,2,3,3,8,8,7,7,1,1,1,1
nvbench2:train:5368,2,1,2,2,5,5,3,3,1,1,1,1
nvbench2:train:5369,3,2,3,3,8,8,4,4,1,1,1,1
nvbench2:train:5370,2,2,2,2,6,6,4,4,1,1,1,1
nvbench2:train:5371,2,1,2,2,5,5,3,3,1,1,1,1
nvbench2:train:5372,2,2,2,2,6,6,6,6,1,1,1,1
nvbench2:train:5373,3,1,3,3,7,7,4,4,1,1,1,1
nvbench2:train:5374,2,1,2,2,5,5,3,3,1,1,1,1
nvbench2:train:5375,2,1,2,2,5,5,3,3,1,1,1,1
nvbench2:train:5376,2,1,2,2,5,5,5,5,1,1,1,1
nvbench2:train:5377,5,1,5,5,11,11,11,11,1,1,1,0
nvbench2:train:5378,2,1,2,2,5,5,2,2,1,1,1,1
nvbench2:train:5379,2,1,2,2,5,5,3,3,1,1,1,1
nvbench2:train:5380,3,1,3,3,7,7,4,4,1,1,1,1
nvbench2:train:5381,2,1,2,2,5,10,6,6,1,1,1,1
nvbench2:train:5382,2,1,1,2,4,4,3,3,1,1,1,1
nvbench2:train:5383,2,2,2,2,6,6,4,4,0,0,1,1
nvbench2:train:5384,4,2,4,4,10,10,6,6,1,1,1,1
nvbench2:train:5385,2,2,2,2,6,6,2,2,1,1,1,1
nvbench2:train:5386,2,1,2,2,5,5,3,3,1,1,1,1
nvbench2:train:5387,3,1,3,3,7,7,4,4,1,1,1,1
nvbench2:train:5388,3,1,3,3,7,7,3,3,1,1,1,1
nvbench2:train:5389,3,1,3,3,7,7,3,3,1,1,1,1
nvbench2:train:5390,2,1,2,2,5,5,3,3,1,1,1,1
nvbench2:train:5391,4,1,4,4,9,9,5,5,1,1,1,1
nvbench2:train:5392,2,1,2,2,5,5,3,3,1,1,1,1
nvbench2:train:5393,4,1,4,4,9,9,5,5,1,1,1,1
nvbench2:train:5394,2,1,2,2,5,5,3,3,1,1,1,1
nvbench2:train:5395,3,2,3,3,8,8,8,8,1,1,1,0
nvbench2:train:5396,5,2,5,5,12,12,8,8,1,1,1,1
nvbench2:train:5397,2,1,2,2,5,5,5,5,1,1,1,1
nvbench2:train:5398,4,2,2,4,8,8,6,6,1,1,1,1
nvbench2:train:5399,5,2,5,5,12,12,8,8,1,1,1,1
nvbench2:train:5400,2,1,2,2,5,5,5,5,1,1,1,1
nvbench2:train:5401,4,1,4,4,9,9,9,9,1,1,1,0
nvbench2:train:5402,4,1,4,4,9,9,9,9,1,1,1,0
nvbench2:train:5403,5,2,5,5,12,12,12,12,1,1,1,0
nvbench2:train:5404,4,1,4,4,9,9,5,5,1,1,1,1
nvbench2:train:5405,2,1,2,2,5,10,10,10,1,1,1,1
nvbench2:train:5406,2,1,2,2,5,10,6,6,1,1,1,1
nvbench2:train:5407,3,1,3,3,7,7,4,4,1,1,1,1
nvbench2:train:5408,4,1,4,4,9,9,5,5,1,1,1,1
nvbench2:train:5409,3,1,3,3,7,7,3,3,1,1,1,1
nvbench2:train:5410,2,1,1,1,3,3,2,2,0,0,0,0
nvbench2:train:5411,2,1,2,2,5,5,3,3,1,1,1,1
nvbench2:train:5412,3,1,3,3,7,7,4,4,1,1,1,1
nvbench2:train:5413,5,2,5,5,12,12,7,7,1,1,1,1
nvbench2:train:5414,3,1,3,3,7,7,7,7,1,1,1,1
nvbench2:train:5415,3,1,3,3,7,7,7,7,1,1,1,1
nvbench2:train:5416,4,1,4,4,9,9,4,4,1,1,1,1
nvbench2:train:5417,5,1,5,5,11,11,11,11,1,1,1,0
nvbench2:train:5418,4,1,4,4,9,9,8,8,1,1,1,1
nvbench2:train:5419,4,1,4,4,9,9,4,4,1,1,1,1
nvbench2:train:5420,3,1,3,3,7,7,4,4,1,1,1,1
nvbench2:train:5421,3,1,3,3,7,7,4,4,1,1,1,1
nvbench2:train:5422,2,1,1,2,4,6,3,3,1,1,1,1
nvbench2:train:5423,3,1,3,3,7,7,4,4,1,1,1,1
nvbench2:train:5424,4,1,4,4,9,9,8,8,1,1,1,1
nvbench2:train:5425,4,4,4,4,12,12,4,4,1,1,1,1
nvbench2:train:5426,4,2,4,4,10,10,10,10,1,1,1,0
nvbench2:train:5427,2,2,2,2,6,6,4,4,1,1,1,1
nvbench2:train:5428,3,1,3,3,7,7,4,4,1,1,1,1
nvbench2:train:5429,2,2,2,2,6,6,4,4,1,1,1,1
nvbench2:train:5430,2,2,2,2,6,6,4,4,1,1,1,1
nvbench2:train:5431,4,1,4,4,9,9,9,9,1,1,1,1
nvbench2:train:5432,3,2,3,3,8,8,5,5,1,1,1,1
nvbench2:train:5433,3,2,3,3,8,8,4,4,1,1,1,1
nvbench2:train:5434,2,1,2,2,5,5,5,5,1,1,1,1
nvbench2:train:5435,3,1,3,3,7,7,4,4,1,1,1,1
nvbench2:train:5436,5,5,5,5,15,15,10,10,1,1,1,0
nvbench2:train:5437,4,1,4,4,9,9,5,5,1,1,1,1
nvbench2:train:5438,2,2,2,2,6,6,4,4,1,1,1,1
nvbench2:train:5439,2,2,2,2,6,6,4,4,1,1,1,1
nvbench2:train:5440,3,1,3,3,7,7,4,4,1,1,1,1
nvbench2:train:5441,3,1,3,3,7,7,7,7,1,1,1,1
nvbench2:train:5442,3,1,3,3,7,7,4,4,1,1,1,1
nvbench2:train:5443,4,2,4,4,10,10,10,10,1,1,1,0
nvbench2:train:5444,2,2,2,2,6,6,3,3,1,1,1,1
nvbench2:train:5445,4,2,3,4,9,9,8,8,1,1,1,1
nvbench2:train:5446,3,2,2,3,7,7,5,5,1,1,1,1
nvbench2:train:5447,3,1,1,1,3,3,1,1,0,0,0,0
nvbench2:train:5448,4,1,4,4,9,9,5,5,1,1,1,1
nvbench2:train:5449,5,5,5,5,15,15,10,10,1,1,1,0
nvbench2:train:5450,4,1,4,4,9,9,9,9,1,1,1,0
nvbench2:train:5451,2,2,2,2,6,6,4,4,1,1,1,1
nvbench2:train:5452,3,2,3,3,8,8,5,5,1,1,1,1
nvbench2:train:5453,2,2,2,2,6,6,4,4,1,1,1,1
nvbench2:train:5454,2,2,2,2,6,6,4,4,1,1,1,1
nvbench2:train:5455,2,2,2,2,6,6,4,4,1,1,1,1
nvbench2:train:5456,2,1,1,1,3,3,2,2,0,0,0,0
nvbench2:train:5457,4,2,2,4,8,8,6,6,1,1,1,1
nvbench2:train:5458,2,1,1,2,4,4,3,3,1,1,1,1
nvbench2:train:5459,5,3,3,5,11,11,8,8,1,1,1,1
nvbench2:train:5460,4,1,4,4,9,9,5,5,1,1,1,1
nvbench2:train:5461,2,2,2,2,6,6,4,4,1,1,1,1
nvbench2:train:5462,4,2,2,4,8,8,6,6,1,1,1,1
nvbench2:train:5463,4,2,4,4,10,10,10,10,1,1,1,0
nvbench2:train:5464,2,1,1,1,3,3,2,2,0,1,1,1
nvbench2:train:5465,4,2,2,4,8,8,6,6,1,1,1,1
nvbench2:train:5466,5,2,5,5,12,12,7,7,1,1,1,1
nvbench2:train:5467,5,2,5,5,12,12,12,12,1,1,1,0
nvbench2:train:5468,3,1,3,3,7,7,7,7,1,1,1,1
nvbench2:train:5469,4,3,3,3,9,9,6,6,0,0,0,0
nvbench2:train:5470,4,1,4,4,9,9,9,9,1,1,1,0
nvbench2:train:5471,2,1,2,2,5,5,5,5,1,1,1,1
nvbench2:train:5472,4,1,4,4,9,9,4,4,1,1,1,1
nvbench2:train:5473,2,1,2,2,5,5,5,5,1,1,1,1
nvbench2:train:5474,4,1,4,4,9,9,4,4,1,1,1,1
nvbench2:train:5475,3,1,3,3,7,7,7,7,1,1,1,1
nvbench2:train:5476,4,1,4,4,9,9,9,9,1,1,1,0
nvbench2:train:5477,4,1,4,4,9,9,9,9,1,1,1,0
nvbench2:train:5478,4,1,4,4,9,9,5,5,1,1,1,1
nvbench2:train:5479,3,1,3,3,7,14,14,14,1,1,1,0
nvbench2:train:5480,4,1,4,4,9,9,9,9,1,1,1,0
nvbench2:train:5481,2,1,1,2,4,6,3,3,1,1,1,1
nvbench2:train:5482,3,1,3,3,7,14,8,8,1,1,1,1
nvbench2:train:5483,2,2,2,2,6,6,4,4,1,1,1,1
nvbench2:train:5484,2,1,2,2,5,5,3,3,1,1,1,1
nvbench2:train:5485,4,1,4,4,9,9,5,5,1,1,1,1
nvbench2:train:5486,2,1,1,2,4,4,3,3,1,1,1,1
nvbench2:train:5487,2,1,1,2,4,6,3,3,1,1,1,1
nvbench2:train:5488,3,1,3,3,7,7,4,4,1,1,1,1
nvbench2:train:5489,3,1,3,3,7,14,14,14,1,1,1,0
nvbench2:train:5490,4,4,4,4,12,12,4,4,1,1,1,1
nvbench2:train:5491,2,1,2,2,5,5,3,3,1,1,1,1
nvbench2:train:5492,4,1,4,4,9,9,5,5,1,1,1,1
nvbench2:train:5493,4,1,4,4,9,9,5,5,1,1,1,1
nvbench2:train:5494,4,1,4,4,9,9,9,9,1,1,1,0
nvbench2:train:5495,5,2,2,2,6,6,4,4,0,1,1,1
nvbench2:train:5496,4,2,4,4,10,10,6,6,1,1,1,1
nvbench2:train:5497,4,1,4,4,9,9,5,5,1,1,1,1
nvbench2:train:5498,2,1,2,2,5,5,3,3,1,1,1,1
nvbench2:train:5499,4,1,4,4,9,9,5,5,1,1,1,1
nvbench2:train:5500,2,1,2,2,5,5,3,3,1,1,1,1
nvbench2:train:5501,3,1,2,3,6,8,5,5,1,1,1,1
nvbench2:train:5502,2,1,2,2,5,5,3,3,1,1,1,1
nvbench2:train:5503,3,2,3,3,8,8,8,8,1,1,1,0
nvbench2:train:5504,3,1,3,3,7,7,7,7,1,1,1,1
nvbench2:train:5505,3,1,3,3,7,7,4,4,1,1,1,1
nvbench2:train:5506,2,2,2,2,6,6,3,3,0,1,1,1
nvbench2:train:5507,3,1,3,3,7,7,4,4,1,1,1,1
nvbench2:train:5508,3,1,3,3,7,7,4,4,1,1,1,1
nvbench2:train:5509,4,1,4,4,9,9,5,5,1,1,1,1
nvbench2:train:5510,4,1,4,4,9,9,5,5,1,1,1,1
nvbench2:train:5511,5,5,5,5,15,15,10,10,1,1,1,0
nvbench2:train:5512,2,2,2,2,6,6,4,4,1,1,1,1
nvbench2:train:5513,2,2,2,2,6,6,2,2,1,1,1,1
nvbench2:train:5514,3,2,3,3,8,8,5,5,1,1,1,1
nvbench2:train:5515,3,1,3,3,7,7,4,4,1,1,1,1
nvbench2:train:5516,2,2,2,2,6,6,4,4,1,1,1,1
nvbench2:train:5517,2,2,2,2,6,6,2,2,1,1,1,1
nvbench2:train:5518,4,2,4,4,10,10,6,6,1,1,1,1
nvbench2:train:5519,2,2,2,2,6,6,4,4,1,1,1,1
nvbench2:train:5520,4,1,4,4,9,9,5,5,1,1,1,1
nvbench2:train:5521,5,1,5,5,11,11,5,5,1,1,1,1
nvbench2:train:5522,4,2,4,4,10,10,10,10,1,1,1,0
nvbench2:train:5523,4,1,4,4,9,9,9,9,1,1,1,0
nvbench2:train:5524,5,5,5,5,15,15,9,9,0,1,1,0
nvbench2:train:5525,4,1,4,4,9,9,5,5,1,1,1,1
nvbench2:train:5526,2,1,1,2,4,4,3,3,1,1,1,1
nvbench2:train:5527,2,1,2,2,5,5,5,5,1,1,1,1
nvbench2:train:5528,3,1,3,3,7,7,4,4,1,1,1,1
nvbench2:train:5529,4,1,4,4,9,9,9,9,1,1,1,0
nvbench2:train:5530,2,1,2,2,5,5,3,3,1,1,1,1
nvbench2:train:5531,2,1,1,2,4,4,3,3,1,1,1,1
nvbench2:train:5532,2,2,2,2,6,6,4,4,1,1,1,1
nvbench2:train:5533,3,1,3,3,7,7,4,4,1,1,1,1
nvbench2:train:5534,3,1,3,3,7,7,4,4,1,1,1,1
nvbench2:train:5535,3,1,3,3,7,7,4,4,1,1,1,1
nvbench2:train:5536,2,2,2,2,6,6,2,2,1,1,1,1
nvbench2:train:5537,4,2,4,4,10,10,9,9,1,1,1,0
nvbench2:train:5538,4,2,4,4,10,10,6,6,1,1,1,1
nvbench2:train:5539,2,2,2,2,6,6,4,4,1,1,1,1
nvbench2:train:5540,4,2,4,4,10,10,5,5,1,1,1,1
nvbench2:train:5541,5,1,3,5,9,13,9,9,1,1,1,1
nvbench2:train:5542,2,2,2,2,6,6,5,5,1,1,1,1
nvbench2:train:5543,2,1,2,2,5,5,3,3,1,1,1,1
nvbench2:train:5544,3,2,3,3,8,8,6,6,1,1,1,1
nvbench2:train:5545,2,1,1,2,4,4,3,3,1,1,1,1
nvbench2:train:5546,3,1,3,3,7,7,7,7,1,1,1,1
nvbench2:train:5547,5,1,5,5,11,11,6,6,1,1,1,1
nvbench2:train:5548,2,1,2,2,5,5,2,2,1,1,1,1
nvbench2:train:5549,3,3,3,3,9,9,4,4,0,1,1,1
nvbench2:train:5550,2,1,2,2,5,5,5,5,1,1,1,1
nvbench2:train:5551,5,1,5,5,11,11,6,6,1,1,1,1
nvbench2:train:5552,5,1,5,5,11,11,6,6,1,1,1,1
nvbench2:train:5553,2,2,2,2,6,6,4,4,1,1,1,1
nvbench2:train:5554,5,1,5,5,11,11,11,11,1,1,1,0
nvbench2:train:5555,5,2,5,5,12,12,12,12,1,1,1,0
nvbench2:train:5556,5,1,5,5,11,11,6,6,1,1,1,1
nvbench2:train:5557,5,1,5,5,11,11,6,6,1,1,1,1
nvbench2:train:5558,2,2,2,2,6,6,4,4,1,1,1,1
nvbench2:train:5559,5,2,5,5,12,12,7,7,1,1,1,1
nvbench2:train:5560,2,2,2,2,6,6,6,6,1,1,1,1
nvbench2:train:5561,5,5,5,5,15,15,10,10,1,1,1,0
nvbench2:train:5562,4,4,4,4,12,12,8,8,1,1,1,1
nvbench2:train:5563,2,2,2,2,6,6,4,4,1,1,1,1
nvbench2:train:5564,3,1,3,3,7,7,4,4,1,1,1,1
nvbench2:train:5565,3,1,3,3,7,7,7,7,1,1,1,1
nvbench2:train:5566,2,1,2,2,5,5,3,3,1,1,1,1
nvbench2:train:5567,2,1,2,2,5,5,3,3,1,1,1,1
nvbench2:train:5568,2,1,2,2,5,5,5,5,1,1,1,1
nvbench2:train:5569,3,1,3,3,7,7,4,4,1,1,1,1
nvbench2:train:5570,2,1,1,1,3,3,1,1,0,0,0,0
nvbench2:train:5571,3,2,3,3,8,8,7,7,1,1,1,1
nvbench2:train:5572,5,5,5,5,15,15,10,10,1,1,1,0
nvbench2:train:5573,2,2,2,2,6,6,4,4,1,1,1,1
nvbench2:train:5574,1,1,1,1,3,3,3,3,1,1,1,1
nvbench2:train:5575,4,1,4,4,9,9,5,5,1,1,1,1
nvbench2:train:5576,5,5,5,5,15,15,10,10,1,1,1,0
nvbench2:train:5577,4,1,4,4,9,9,9,9,1,1,1,0
nvbench2:train:5578,2,2,2,2,6,6,4,4,1,1,1,1
nvbench2:train:5579,2,2,2,2,6,6,4,4,1,1,1,1
nvbench2:train:5580,3,2,3,3,8,8,5,5,1,1,1,1
nvbench2:train:5581,2,2,2,2,6,6,2,2,1,1,1,1
nvbench2:train:5582,2,2,2,2,6,6,6,6,1,1,1,1
nvbench2:train:5583,2,2,2,2,6,6,3,3,1,1,1,1
nvbench2:train:5584,3,1,2,2,5,5,2,2,0,1,1,1
nvbench2:train:5585,2,2,2,2,6,6,3,3,1,1,1,1
nvbench2:train:5586,3,1,3,3,7,7,4,4,1,1,1,1
nvbench2:train:5587,3,1,3,3,7,7,3,3,1,1,1,1
nvbench2:train:5588,2,1,2,2,5,5,3,3,1,1,1,1
nvbench2:train:5589,4,1,4,4,9,9,5,5,1,1,1,1
nvbench2:train:5590,2,1,2,2,5,5,3,3,1,1,1,1
nvbench2:train:5591,2,1,2,2,5,5,3,3,1,1,1,1
nvbench2:train:5592,4,1,4,4,9,9,9,9,1,1,1,0
nvbench2:train:5593,2,1,1,1,3,3,2,2,0,1,1,1
nvbench2:train:5594,3,1,1,1,3,3,2,2,0,1,1,1
nvbench2:train:5595,3,1,3,3,7,7,4,4,1,1,1,1
nvbench2:train:5596,3,1,3,3,7,7,7,7,1,1,1,1
nvbench2:train:5597,2,2,2,2,6,6,4,4,1,1,1,1
nvbench2:train:5598,2,1,2,2,5,5,3,3,1,1,1,1
nvbench2:train:5599,3,1,3,3,7,7,7,7,1,1,1,1
nvbench2:train:5600,3,2,3,3,8,8,8,8,1,1,1,0
nvbench2:train:5601,4,1,4,4,9,9,5,5,1,1,1,1
nvbench2:train:5602,4,1,4,4,9,9,5,5,1,1,1,1
nvbench2:train:5603,4,1,4,4,9,9,5,5,1,1,1,1
nvbench2:train:5604,2,2,2,2,6,6,4,4,1,1,1,1
nvbench2:train:5605,2,1,2,2,5,5,5,5,1,1,1,1
nvbench2:train:5606,2,1,2,2,5,5,5,5,1,1,1,1
nvbench2:train:5607,4,2,2,2,6,6,4,4,0,0,0,0
nvbench2:train:5608,5,2,5,5,12,12,8,8,1,1,1,1
nvbench2:train:5609,3,1,3,3,7,7,3,3,1,1,1,1
nvbench2:train:5610,2,1,2,2,5,5,5,5,1,1,1,1
nvbench2:train:5611,4,1,4,4,9,9,9,9,1,1,1,0
nvbench2:train:5612,5,2,5,5,12,12,12,12,1,1,1,0
nvbench2:train:5613,4,1,4,4,9,9,5,5,1,1,1,1
nvbench2:train:5614,2,1,2,2,5,10,10,10,1,1,1,1
nvbench2:train:5615,2,1,2,2,5,10,6,6,1,1,1,1
nvbench2:train:5616,3,1,3,3,7,7,4,4,1,1,1,1
nvbench2:train:5617,4,1,4,4,9,9,5,5,1,1,1,1
nvbench2:train:5618,2,1,2,2,5,5,3,3,1,1,1,1
nvbench2:train:5619,2,2,2,2,6,6,4,4,1,1,1,1
nvbench2:train:5620,4,1,2,4,7,11,7,7,1,1,1,1
nvbench2:train:5621,3,1,3,3,7,7,4,4,1,1,1,1
nvbench2:train:5622,3,1,3,3,7,7,7,7,1,1,1,1
nvbench2:train:5623,5,5,5,5,15,15,10,10,1,1,1,0
nvbench2:train:5624,4,1,4,4,9,9,9,9,1,1,1,0
nvbench2:train:5625,3,1,3,3,7,7,4,4,1,1,1,1
nvbench2:train:5626,4,1,4,4,9,9,5,5,1,1,1,1
nvbench2:train:5627,2,2,2,2,6,6,2,2,1,1,1,1
nvbench2:train:5628,3,1,3,3,7,7,7,7,1,1,1,1
nvbench2:train:5629,2,2,2,2,6,6,4,4,1,1,1,1
nvbench2:train:5630,3,1,3,3,7,7,7,7,1,1,1,1
nvbench2:train:5631,4,1,4,4,9,9,9,9,1,1,1,0
nvbench2:train:5632,2,1,2,2,5,5,4,4,1,1,1,1
nvbench2:train:5633,4,2,4,4,10,10,10,10,1,1,1,0
nvbench2:train:5634,3,1,3,3,7,7,4,4,1,1,1,1
nvbench2:train:5635,4,4,4,4,12,12,4,4,1,1,1,1
nvbench2:train:5636,2,1,1,1,3,3,1,1,0,0,0,0
nvbench2:train:5637,3,1,2,1,4,4,2,2,0,1,1,1
nvbench2:train:5638,4,2,4,4,10,10,10,10,1,1,1,0
nvbench2:train:5639,2,2,2,2,6,6,4,4,1,1,1,1
nvbench2:train:5640,3,1,3,3,7,7,6,6,1,1,1,1
nvbench2:train:5641,2,1,2,2,5,5,3,3,1,1,1,1
nvbench2:train:5642,2,1,2,2,5,5,5,5,1,1,1,1
nvbench2:train:5643,5,1,2,1,4,4,2,2,0,1,1,1
nvbench2:train:5644,5,1,3,5,9,13,8,8,1,1,1,1
nvbench2:train:5645,2,1,2,2,5,5,3,3,1,1,1,1
nvbench2:train:5646,4,1,4,4,9,9,5,5,1,1,1,1
nvbench2:train:5647,2,1,2,2,5,5,5,5,1,1,1,1
nvbench2:train:5648,2,1,1,2,4,4,4,4,1,1,1,1
nvbench2:train:5649,5,1,5,5,11,11,8,8,1,1,1,1
nvbench2:train:5650,2,1,1,2,4,6,3,3,1,1,1,1
nvbench2:train:5651,4,2,4,4,10,10,10,10,1,1,1,0
nvbench2:train:5652,4,1,4,4,9,9,5,5,1,1,1,1
nvbench2:train:5653,3,1,3,3,7,14,14,14,1,1,1,1
nvbench2:train:5654,5,1,3,5,9,13,8,8,1,1,1,1
nvbench2:train:5655,2,1,1,2,4,4,2,2,1,1,1,1
nvbench2:train:5656,2,1,1,2,4,6,3,3,1,1,1,1
nvbench2:train:5657,2,2,2,2,6,6,4,4,1,1,1,1
nvbench2:train:5658,3,1,3,3,7,14,8,8,1,1,1,1
nvbench2:train:5659,2,1,1,2,4,4,3,3,1,1,1,1
nvbench2:train:5660,2,2,2,2,6,6,4,4,1,1,1,1
nvbench2:train:5661,5,2,3,5,10,10,9,9,1,1,1,1
nvbench2:train:5662,5,2,3,5,10,10,9,9,1,1,1,1
nvbench2:train:5663,3,1,3,3,7,7,4,4,1,1,1,1
nvbench2:train:5664,2,2,2,2,6,6,2,2,1,1,1,1
nvbench2:train:5665,4,2,4,4,10,10,9,9,1,1,1,0
nvbench2:train:5666,4,2,4,4,10,10,6,6,1,1,1,1
nvbench2:train:5667,2,2,2,2,6,6,4,4,1,1,1,1
nvbench2:train:5668,4,2,4,4,10,10,5,5,1,1,1,1
nvbench2:train:5669,4,1,4,4,9,9,5,5,1,1,1,1
nvbench2:train:5670,2,1,2,2,5,5,3,3,1,1,1,1
nvbench2:train:5671,4,4,4,4,12,12,4,4,1,1,1,1
nvbench2:train:5672,3,1,2,1,4,4,2,2,0,1,1,1
nvbench2:train:5673,4,1,4,4,9,9,5,5,1,1,1,1
nvbench2:train:5674,2,2,2,2,6,6,4,4,1,1,1,1
nvbench2:train:5675,2,1,2,2,5,5,3,3,1,1,1,1
nvbench2:train:5676,4,1,4,4,9,9,5,5,1,1,1,1
nvbench2:train:5677,4,1,4,4,9,9,5,5,1,1,1,1
nvbench2:train:5678,4,1,4,4,9,9,9,9,1,1,1,0
nvbench2:train:5679,2,1,2,2,5,5,5,5,1,1,1,1
nvbench2:train:5680,2,2,2,2,6,6,6,6,1,1,1,1
nvbench2:train:5681,4,2,4,4,10,10,5,5,1,1,1,1
nvbench2:train:5682,3,1,3,3,7,7,4,4,1,1,1,1
nvbench2:train:5683,4,2,4,4,10,10,6,6,1,1,1,1
nvbench2:train:5684,2,1,2,2,5,5,3,3,1,1,1,1
nvbench2:train:5685,3,2,3,3,8,8,7,7,1,1,1,1
nvbench2:train:5686,3,2,3,3,8,8,4,4,1,1,1,1
nvbench2:train:5687,2,1,2,1,4,4,3,3,0,1,1,1
nvbench2:train:5688,3,1,3,3,7,7,4,4,1,1,1,1
nvbench2:train:5689,3,1,3,3,7,7,4,4,1,1,1,1
nvbench2:train:5690,3,1,3,3,7,7,7,7,1,1,1,1
nvbench2:train:5691,3,2,3,3,8,8,8,8,1,1,1,0
nvbench2:train:5692,3,1,3,3,7,7,4,4,1,1,1,1
nvbench2:train:5693,2,2,2,2,6,6,2,2,1,1,1,1
nvbench2:train:5694,3,1,3,3,7,7,4,4,1,1,1,1
nvbench2:train:5695,3,2,3,3,8,8,8,8,1,1,1,0
nvbench2:train:5696,3,2,3,3,8,8,8,8,1,1,1,0
nvbench2:train:5697,3,2,3,3,8,8,5,5,1,1,1,1
nvbench2:train:5698,3,1,3,3,7,7,5,5,1,1,1,1
nvbench2:train:5699,3,1,4,3,8,8,7,7,1,1,1,1
nvbench2:train:5700,4,1,2,4,7,7,7,7,1,1,1,1
nvbench2:train:5701,2,1,2,2,5,5,3,3,1,1,1,1
nvbench2:train:5702,2,1,2,2,5,5,2,2,1,1,1,1
nvbench2:train:5703,2,1,2,2,5,5,3,3,1,1,1,1
nvbench2:train:5704,5,1,5,5,11,11,6,6,1,1,1,1
nvbench2:train:5705,2,1,2,1,4,4,2,2,0,1,1,1
nvbench2:train:5706,5,1,5,5,11,11,6,6,1,1,1,1
nvbench2:train:5707,5,1,5,5,11,11,11,11,1,1,1,0
nvbench2:train:5708,5,2,5,5,12,12,11,11,1,1,1,0
nvbench2:train:5709,2,1,1,1,3,3,2,2,0,1,1,1
nvbench2:train:5710,5,1,5,5,11,11,6,6,1,1,1,1
nvbench2:train:5711,5,2,5,5,12,12,12,12,1,1,1,0
nvbench2:train:5712,3,1,2,1,4,4,2,2,0,1,1,1
nvbench2:train:5713,3,2,2,3,7,7,4,4,1,1,1,1
nvbench2:train:5714,2,1,2,2,5,5,4,4,1,1,1,1
nvbench2:train:5715,2,1,1,1,3,3,2,2,0,1,1,1
nvbench2:train:5716,3,2,3,3,8,8,4,4,1,1,1,1
nvbench2:train:5717,3,2,3,3,8,8,8,8,1,1,1,0
nvbench2:train:5718,3,1,3,3,7,7,7,7,1,1,1,1
nvbench2:train:5719,2,2,2,2,6,6,6,6,1,1,1,1
nvbench2:train:5720,2,2,2,2,6,6,4,4,1,1,1,1
nvbench2:train:5721,3,1,3,3,7,7,4,4,1,1,1,1
nvbench2:train:5722,2,2,2,2,6,6,4,4,1,1,1,1
nvbench2:train:5723,2,1,1,1,3,3,2,2,0,1,1,1
nvbench2:train:5724,2,2,2,2,6,6,4,4,1,1,1,1
nvbench2:train:5725,5,3,4,5,12,12,10,10,1,1,1,1
nvbench2:train:5726,3,3,3,3,10,10,8,8,1,1,1,0
nvbench2:train:5727,5,1,4,5,10,12,9,9,1,1,1,1
nvbench2:train:5728,2,2,2,2,6,6,2,2,1,1,1,1
nvbench2:train:5729,2,1,2,2,5,5,3,3,1,1,1,1
nvbench2:train:5730,3,1,2,3,6,8,5,5,1,1,1,1
nvbench2:train:5731,2,1,2,2,5,5,3,3,1,1,1,1
nvbench2:train:5732,3,1,1,1,3,3,3,3,0,1,1,1
nvbench2:train:5733,2,1,2,2,5,5,3,3,1,1,1,1
nvbench2:train:5734,2,2,2,2,6,6,2,2,1,1,1,1
nvbench2:train:5735,3,1,2,3,6,8,5,5,1,1,1,1
nvbench2:train:5736,2,1,2,1,4,4,2,2,0,1,1,1
nvbench2:train:5737,3,1,2,3,6,8,5,5,1,1,1,1
nvbench2:train:5738,2,1,2,2,5,5,3,3,1,1,1,1
nvbench2:train:5739,2,2,2,2,6,6,2,2,1,1,1,1
nvbench2:train:5740,2,2,2,2,6,6,4,4,1,1,1,1
nvbench2:train:5741,4,2,4,4,10,10,6,6,1,1,1,1
nvbench2:train:5742,4,2,4,4,10,10,6,6,1,1,1,1
nvbench2:train:5743,2,2,2,2,6,6,2,2,1,1,1,1
nvbench2:train:5744,3,1,2,3,6,8,5,5,1,1,1,1
nvbench2:train:5745,3,1,2,3,6,8,5,5,1,1,1,1
nvbench2:train:5746,2,1,2,2,5,5,4,4,1,1,1,1
nvbench2:train:5747,3,1,2,1,4,4,2,2,0,1,1,1
nvbench2:train:5748,2,1,2,2,5,5,3,3,1,1,1,1
nvbench2:train:5749,2,1,1,1,3,3,2,2,0,1,1,1
nvbench2:train:5750,2,2,2,2,6,6,4,4,1,1,1,1
nvbench2:train:5751,3,1,2,3,6,8,5,5,1,1,1,1
nvbench2:train:5752,2,1,2,2,5,5,3,3,1,1,1,1
nvbench2:train:5753,2,2,2,2,6,6,4,4,1,1,1,1
nvbench2:train:5754,5,2,2,2,6,6,6,6,0,1,1,1
nvbench2:train:5755,2,1,2,2,5,5,3,3,1,1,1,1
nvbench2:train:5756,2,2,2,2,6,6,2,2,1,1,1,1
nvbench2:train:5757,2,2,2,2,6,6,4,4,1,1,1,1
nvbench2:train:5758,2,1,2,2,5,5,4,4,1,1,1,1
nvbench2:train:5759,5,1,5,5,11,11,6,6,0,0,0,0
nvbench2:train:5760,4,1,2,3,6,6,4,4,0,1,1,1
nvbench2:train:5761,4,2,3,4,9,9,6,6,1,1,1,1
nvbench2:train:5762,2,1,2,2,5,5,3,3,1,1,1,1
nvbench2:train:5763,2,1,1,2,4,6,3,3,1,1,1,1
nvbench2:train:5764,4,2,2,4,8,8,6,6,1,1,1,1
nvbench2:train:5765,2,1,1,2,4,4,3,3,1,1,1,1
nvbench2:train:5766,2,1,1,2,4,4,3,3,1,1,1,1
nvbench2:train:5767,4,2,2,4,8,8,6,6,1,1,1,1
nvbench2:train:5768,2,1,1,2,4,6,3,3,1,1,1,1
nvbench2:train:5769,2,1,1,2,4,6,3,3,1,1,1,1
nvbench2:train:5770,2,1,1,1,3,4,3,3,0,1,1,1
nvbench2:train:5771,2,1,1,2,4,6,3,3,1,1,1,1
nvbench2:train:5772,2,1,1,1,3,4,3,3,0,1,1,1
nvbench2:train:5773,2,1,1,2,4,6,3,3,1,1,1,1
nvbench2:train:5774,4,2,2,4,8,8,6,6,1,1,1,1
nvbench2:train:5775,2,1,1,2,4,4,3,3,1,1,1,1
nvbench2:train:5776,4,2,2,4,8,8,6,6,1,1,1,1
nvbench2:train:5777,2,1,1,2,4,6,3,3,1,1,1,1
nvbench2:train:5778,2,1,1,2,4,6,3,3,1,1,1,1
nvbench2:train:5779,2,1,1,1,3,3,2,2,0,1,1,1
nvbench2:train:5780,2,1,1,2,4,6,3,3,1,1,1,1
nvbench2:train:5781,4,2,2,4,8,8,6,6,1,1,1,1
nvbench2:train:5782,2,1,1,2,4,6,3,3,1,1,1,1
nvbench2:train:5783,2,1,1,2,4,6,3,3,1,1,1,1
nvbench2:train:5784,2,2,2,2,6,6,4,4,1,1,1,1
nvbench2:train:5785,2,1,1,1,3,3,2,2,0,0,0,0
nvbench2:train:5786,2,1,1,2,4,4,3,3,1,1,1,1
nvbench2:train:5787,2,1,1,1,3,3,2,2,0,1,1,1
nvbench2:train:5788,2,1,1,1,3,4,3,3,0,1,1,1
nvbench2:train:5789,2,1,1,1,3,4,3,3,0,1,1,1
nvbench2:train:5790,2,1,1,1,3,4,3,3,0,1,1,1
nvbench2:train:5791,4,2,2,4,8,8,6,6,1,1,1,1
nvbench2:train:5792,2,1,1,2,4,6,3,3,1,1,1,1
nvbench2:train:5793,2,1,1,2,4,6,3,3,1,1,1,1
nvbench2:train:5794,2,1,1,1,3,4,3,3,0,1,1,1
nvbench2:train:5795,2,1,1,2,4,4,3,3,1,1,1,1
nvbench2:train:5796,2,1,1,2,4,6,3,3,1,1,1,1
nvbench2:train:5797,4,2,2,4,8,8,6,6,1,1,1,1
nvbench2:train:5798,2,2,2,2,6,6,4,4,1,1,1,1
nvbench2:train:5799,2,1,1,2,4,6,3,3,1,1,1,1
nvbench2:train:5800,2,1,1,2,4,4,3,3,1,1,1,1
nvbench2:train:5801,2,1,1,1,3,4,3,3,0,1,1,1
nvbench2:train:5802,4,2,2,4,8,8,6,6,1,1,1,1
nvbench2:train:5803,2,1,1,2,4,6,3,3,1,1,1,1
nvbench2:train:5804,2,1,1,2,4,6,3,3,1,1,1,1
nvbench2:train:5805,2,1,1,1,3,4,3,3,0,1,1,1
nvbench2:train:5806,4,2,2,4,8,8,6,6,1,1,1,1
nvbench2:train:5807,4,2,2,4,8,8,6,6,1,1,1,1
nvbench2:train:5808,2,1,1,2,4,6,3,3,1,1,1,1
nvbench2:train:5809,2,1,1,2,4,6,3,3,1,1,1,1
nvbench2:train:5810,2,1,1,1,3,4,3,3,0,1,1,1
nvbench2:train:5811,4,2,2,4,8,8,6,6,1,1,1,1
nvbench2:train:5812,2,1,1,1,3,3,2,2,0,1,1,1
nvbench2:train:5813,2,1,1,1,3,3,2,2,0,1,1,1
nvbench2:train:5814,2,1,1,2,4,4,3,3,1,1,1,1
nvbench2:train:5815,2,2,1,1,4,4,3,3,0,1,1,1
nvbench2:train:5816,2,1,1,1,3,3,2,2,0,1,1,1
nvbench2:train:5817,2,1,1,2,4,6,3,3,1,1,1,1
nvbench2:train:5818,2,2,2,2,6,6,4,4,1,1,1,1
nvbench2:train:5819,2,1,1,1,3,4,3,3,0,1,1,1
nvbench2:train:5820,2,2,2,2,6,6,4,4,1,1,1,1
nvbench2:train:5821,4,2,2,4,8,8,6,6,1,1,1,1
nvbench2:train:5822,2,1,1,2,4,4,3,3,1,1,1,1
nvbench2:train:5823,2,2,2,2,6,6,4,4,1,1,1,1
nvbench2:train:5824,2,1,1,1,3,4,3,3,0,1,1,1
nvbench2:train:5825,2,1,1,2,4,6,3,3,1,1,1,1
nvbench2:train:5826,4,2,2,4,8,8,6,6,1,1,1,1
nvbench2:train:5827,2,1,1,2,4,4,3,3,1,1,1,1
nvbench2:train:5828,4,2,2,4,8,8,6,6,1,1,1,1
nvbench2:train:5829,2,1,1,2,4,4,3,3,1,1,1,1
nvbench2:train:5830,2,1,1,2,4,4,3,3,1,1,1,1
nvbench2:train:5831,2,1,1,2,4,6,3,3,1,1,1,1
nvbench2:train:5832,4,2,2,4,8,8,6,6,1,1,1,1
nvbench2:train:5833,2,1,1,2,4,6,3,3,1,1,1,1
nvbench2:train:5834,4,2,2,4,8,8,6,6,1,1,1,1
nvbench2:train:5835,2,1,1,1,3,3,2,2,0,1,1,1
nvbench2:train:5836,4,2,2,4,8,8,6,6,1,1,1,1
nvbench2:train:5837,2,1,1,2,4,6,3,3,1,1,1,1
nvbench2:train:5838,4,2,2,4,8,8,6,6,1,1,1,1
nvbench2:train:5839,2,1,1,2,4,4,3,3,1,1,1,1
nvbench2:train:5840,2,1,1,2,4,6,3,3,1,1,1,1
nvbench2:train:5841,4,2,2,4,8,8,6,6,0,0,0,0
nvbench2:train:5842,2,2,2,2,6,6,4,4,1,1,1,1
nvbench2:train:5843,2,2,2,2,6,6,4,4,1,1,1,1
nvbench2:train:5844,4,2,2,4,8,8,6,6,1,1,1,1
nvbench2:train:5845,4,2,2,4,8,8,6,6,1,1,1,1
nvbench2:train:5846,2,1,1,2,4,4,3,3,1,1,1,1
nvbench2:train:5847,4,2,2,4,8,8,6,6,1,1,1,1
nvbench2:train:5848,4,2,2,4,8,8,6,6,1,1,1,1
nvbench2:train:5849,2,1,1,2,4,4,3,3,1,1,1,1
nvbench2:train:5850,2,1,1,1,3,4,3,3,0,1,1,1
nvbench2:train:5851,2,1,1,1,3,4,3,3,0,1,1,1
nvbench2:train:5852,2,1,1,2,4,4,3,3,1,1,1,1
nvbench2:train:5853,2,1,1,2,4,6,3,3,1,1,1,1
nvbench2:train:5854,4,2,2,4,8,8,6,6,1,1,1,1
nvbench2:train:5855,2,1,1,2,4,6,3,3,1,1,1,1
nvbench2:train:5856,2,1,1,2,4,6,3,3,1,1,1,1
nvbench2:train:5857,4,2,2,4,8,8,6,6,1,1,1,1
nvbench2:train:5858,2,1,1,2,4,4,3,3,1,1,1,1
nvbench2:train:5859,3,2,3,3,8,8,7,7,1,1,1,1
nvbench2:train:5860,4,1,4,4,9,9,9,9,1,1,1,1
nvbench2:train:5861,3,2,3,3,8,8,7,7,1,1,1,1
nvbench2:train:5862,3,2,3,3,8,8,7,7,1,1,1,1
nvbench2:train:5863,2,1,2,1,5,5,3,3,0,1,1,1
nvbench2:train:5864,2,2,2,2,6,6,2,2,1,1,1,1
nvbench2:train:5865,5,1,5,5,11,11,6,6,1,1,1,1
nvbench2:train:5866,4,2,4,4,10,10,8,8,1,1,1,1
nvbench2:train:5867,2,2,2,2,6,6,2,2,1,1,1,1
nvbench2:train:5868,2,2,2,2,6,6,6,6,1,1,1,1
nvbench2:train:5869,2,1,2,2,5,5,3,3,1,1,1,1
nvbench2:train:5870,2,2,2,2,6,6,4,4,1,1,1,1
nvbench2:train:5871,3,1,2,3,6,8,5,5,1,1,1,1
nvbench2:train:5872,2,1,2,1,4,4,3,3,0,1,1,1
nvbench2:train:5873,2,1,2,2,5,5,3,3,1,1,1,1
nvbench2:train:5874,2,2,2,2,6,6,4,4,1,1,1,1
nvbench2:train:5875,2,1,2,2,5,5,3,3,1,1,1,1
nvbench2:train:5876,2,2,2,2,6,6,2,2,1,1,1,1
nvbench2:train:5877,2,2,2,2,6,6,4,4,1,1,1,1
nvbench2:train:5878,2,1,2,2,5,5,5,5,1,1,1,1
nvbench2:train:5879,2,2,2,2,6,6,6,6,1,1,1,1
nvbench2:train:5880,4,2,4,4,10,10,5,5,1,1,1,1
nvbench2:train:5881,3,1,3,3,7,7,4,4,1,1,1,1
nvbench2:train:5882,4,2,4,4,10,10,6,6,1,1,1,1
nvbench2:train:5883,2,2,2,2,6,6,2,2,1,1,1,1
nvbench2:train:5884,4,2,4,4,10,10,9,9,1,1,1,0
nvbench2:train:5885,4,2,4,4,10,10,6,6,1,1,1,1
nvbench2:train:5886,2,2,2,2,6,6,6,6,1,1,1,1
nvbench2:train:5887,4,2,4,4,10,10,9,9,1,1,1,1
nvbench2:train:5888,3,3,3,3,10,10,8,8,1,1,1,0
nvbench2:train:5889,2,2,2,2,6,6,2,2,1,1,1,1
nvbench2:train:5890,5,1,5,5,11,11,11,11,1,1,1,0
nvbench2:train:5891,2,1,2,2,5,5,3,3,1,1,1,1
nvbench2:train:5892,5,2,5,5,12,12,11,11,1,1,1,0
nvbench2:train:5893,2,1,2,2,5,5,5,5,1,1,1,1
nvbench2:train:5894,3,1,3,3,7,7,3,3,1,1,1,1
nvbench2:train:5895,3,1,3,3,7,7,6,6,1,1,1,1
nvbench2:train:5896,2,2,2,2,6,6,2,2,1,1,1,1
nvbench2:train:5897,2,1,2,2,5,5,5,5,1,1,1,1
nvbench2:train:5898,2,1,2,2,5,5,3,3,1,1,1,1
nvbench2:train:5899,2,1,2,2,5,5,5,5,1,1,1,1
nvbench2:train:5900,5,1,3,1,5,5,4,4,0,1,1,1
nvbench2:train:5901,2,2,2,2,6,6,2,2,1,1,1,1
nvbench2:train:5902,2,1,2,2,5,5,3,3,1,1,1,1
nvbench2:train:5903,2,1,2,2,5,5,3,3,1,1,1,1
nvbench2:train:5904,2,1,2,2,5,5,5,5,1,1,1,1
nvbench2:train:5905,2,1,1,1,3,3,3,3,0,1,1,1
nvbench2:train:5906,5,1,3,5,9,9,8,8,1,1,1,1
nvbench2:train:5907,5,1,3,1,5,5,4,4,0,1,1,1
nvbench2:train:5908,3,1,3,1,5,5,4,4,0,1,1,1
nvbench2:train:5909,2,1,2,2,5,5,5,5,1,1,1,1
nvbench2:train:5910,2,2,2,2,6,6,2,2,1,1,1,1
nvbench2:train:5911,2,2,2,2,6,6,2,2,1,1,1,1
nvbench2:train:5912,2,1,2,2,5,5,3,3,1,1,1,1
nvbench2:train:5913,5,1,5,5,11,22,22,15,1,1,1,1
nvbench2:train:5914,3,1,3,3,7,7,4,4,1,1,1,1
nvbench2:train:5915,2,1,1,1,3,3,2,2,0,1,1,1
nvbench2:train:5916,3,1,3,3,7,7,6,6,1,1,1,1
nvbench2:train:5917,3,1,3,3,7,7,4,4,1,1,1,1
nvbench2:train:5918,5,1,2,1,4,4,2,2,0,1,1,1
nvbench2:train:5919,2,1,2,2,5,5,3,3,1,1,1,1
nvbench2:train:5920,3,1,3,3,7,7,4,4,1,1,1,1
nvbench2:train:5921,2,1,2,2,5,5,3,3,1,1,1,1
nvbench2:train:5922,2,1,1,2,4,4,3,3,1,1,1,1
nvbench2:train:5923,5,1,5,5,11,11,6,6,0,0,0,0
nvbench2:train:5924,5,1,5,5,11,22,12,12,1,1,1,1
nvbench2:train:5925,2,1,2,2,5,5,3,3,1,1,1,1
nvbench2:train:5926,2,1,2,2,5,5,3,3,1,1,1,1
nvbench2:train:5927,3,2,3,3,8,8,7,7,1,1,1,1
nvbench2:train:5928,2,2,2,2,6,6,4,4,1,1,1,1
nvbench2:train:5929,3,2,3,3,8,8,7,7,1,1,1,1
nvbench2:train:5930,3,2,3,3,8,8,7,7,1,1,1,1
nvbench2:train:5931,3,2,3,3,8,8,7,7,1,1,1,1
nvbench2:train:5932,5,5,5,5,15,15,15,15,1,1,1,0
nvbench2:train:5933,3,2,3,3,8,8,7,7,1,1,1,1
nvbench2:train:5934,3,2,3,3,8,8,7,7,1,1,1,1
nvbench2:train:5935,3,2,3,3,8,8,7,7,1,1,1,1
nvbench2:train:5936,3,2,3,3,8,8,7,7,1,1,1,1
nvbench2:train:5937,3,2,3,3,8,8,7,7,1,1,1,1
nvbench2:train:5938,3,2,3,3,8,8,7,7,1,1,1,1
nvbench2:train:5939,2,1,2,2,5,5,4,4,1,1,1,1
nvbench2:train:5940,5,1,5,5,11,11,6,6,1,1,1,1
nvbench2:train:5941,2,2,2,2,6,6,4,4,0,0,1,1
nvbench2:train:5942,3,1,2,1,4,4,3,3,0,1,1,1
nvbench2:train:5943,4,2,4,4,10,10,6,6,1,1,1,1
nvbench2:train:5944,2,2,2,2,6,6,2,2,1,1,1,1
nvbench2:train:5945,5,2,4,5,11,13,8,8,1,1,1,1
nvbench2:train:5946,2,2,2,2,6,6,4,4,1,1,1,1
nvbench2:train:5947,2,1,2,1,4,4,3,3,0,1,1,1
nvbench2:train:5948,2,1,2,2,5,5,3,3,1,1,1,1
nvbench2:train:5949,2,1,2,1,4,4,2,2,0,1,1,1
nvbench2:train:5950,2,1,2,2,5,5,3,3,1,1,1,1
nvbench2:train:5951,2,2,2,2,6,6,2,2,1,1,1,1
nvbench2:train:5952,3,1,2,3,6,8,5,5,1,1,1,1
nvbench2:train:5953,2,2,2,2,6,6,2,2,1,1,1,1
nvbench2:train:5954,2,2,2,2,6,6,4,4,1,1,1,1
nvbench2:train:5955,2,1,2,2,5,5,5,5,1,1,1,1
nvbench2:train:5956,2,1,2,2,5,5,5,5,1,1,1,1
nvbench2:train:5957,4,2,2,2,6,6,4,4,0,0,0,0
nvbench2:train:5958,5,2,5,5,12,12,8,8,1,1,1,1
nvbench2:train:5959,3,1,3,3,7,7,3,3,1,1,1,1
nvbench2:train:5960,2,1,2,2,5,5,5,5,1,1,1,1
nvbench2:train:5961,4,1,4,4,9,9,9,9,1,1,1,0
nvbench2:train:5962,5,2,5,5,12,12,12,12,1,1,1,0
nvbench2:train:5963,4,1,4,4,9,9,5,5,1,1,1,1
nvbench2:train:5964,2,1,2,2,5,10,10,10,1,1,1,1
nvbench2:train:5965,2,1,2,2,5,10,6,6,1,1,1,1
nvbench2:train:5966,3,1,3,3,7,7,4,4,1,1,1,1
nvbench2:train:5967,4,1,1,1,3,3,2,2,0,1,1,1
nvbench2:train:5968,2,1,2,2,5,5,3,3,1,1,1,1
nvbench2:train:5969,2,2,2,2,6,6,4,4,1,1,1,1
nvbench2:train:5970,4,1,2,4,7,11,7,7,1,1,1,1
nvbench2:train:5971,2,2,2,2,6,6,4,4,1,1,1,1
nvbench2:train:5972,3,2,3,3,8,8,7,7,1,1,1,1
nvbench2:train:5973,3,2,3,3,8,8,6,6,1,1,1,1
nvbench2:train:5974,3,1,3,3,7,7,4,4,1,1,1,1
nvbench2:train:5975,4,1,4,4,9,9,9,9,1,1,1,0
nvbench2:train:5976,3,1,1,1,3,3,1,1,0,1,1,1
nvbench2:train:5977,2,1,2,2,5,10,6,6,1,1,1,1
nvbench2:train:5978,2,2,2,2,6,6,2,2,1,1,1,1
nvbench2:train:5979,3,1,2,3,6,8,5,5,1,1,1,1
nvbench2:train:5980,4,2,2,4,8,8,6,6,1,1,1,1
nvbench2:train:5981,5,2,5,5,12,12,12,12,1,1,1,0
nvbench2:train:5982,4,2,4,4,10,10,10,10,1,1,1,0
nvbench2:train:5983,3,1,3,3,7,7,6,6,1,1,1,1
nvbench2:train:5984,2,1,2,2,5,5,5,5,1,1,1,1
nvbench2:train:5985,2,1,1,2,4,4,2,2,1,1,1,1
nvbench2:train:5986,2,1,1,2,4,4,3,3,1,1,1,1
nvbench2:train:5987,5,1,2,1,4,4,3,3,0,1,1,1
nvbench2:train:5988,3,1,2,3,6,6,5,5,1,1,1,1
nvbench2:train:5989,2,1,2,2,5,5,5,5,1,1,1,1
nvbench2:train:5990,5,2,3,5,10,10,9,9,1,1,1,1
nvbench2:train:5991,2,1,1,1,3,3,1,1,0,0,0,0
nvbench2:train:5992,2,1,1,2,4,4,4,4,1,1,1,1
nvbench2:train:5993,2,1,1,2,4,4,2,2,1,1,1,1
nvbench2:train:5994,2,1,1,1,3,3,2,2,0,1,1,1
nvbench2:train:5995,3,2,3,3,8,8,7,7,1,1,1,1
nvbench2:train:5996,2,1,1,2,4,4,2,2,1,1,1,1
nvbench2:train:5997,2,1,2,2,5,5,5,5,1,1,1,1
nvbench2:train:5998,5,2,3,5,10,10,9,9,1,1,1,1
nvbench2:train:5999,3,1,3,3,7,7,6,6,1,1,1,1
nvbench2:train:6000,3,1,3,3,7,7,6,6,1,1,1,1
nvbench2:train:6001,3,2,3,3,8,8,8,8,1,1,1,0
nvbench2:train:6002,2,2,2,2,6,6,3,3,1,1,1,1
nvbench2:train:6003,2,1,2,2,5,5,5,5,1,1,1,1
nvbench2:dev:0,3,1,3,3,7,7,7,7,1,1,1,1
nvbench2:dev:1,3,2,3,3,8,8,5,5,1,1,1,1
nvbench2:dev:2,4,4,4,4,12,12,6,6,1,1,1,1
nvbench2:dev:3,3,1,3,3,7,7,4,4,1,1,1,1
nvbench2:dev:4,3,2,3,3,8,8,8,8,1,1,1,0
nvbench2:dev:5,3,1,3,3,7,7,7,7,1,1,1,1
nvbench2:dev:6,3,1,3,3,7,7,7,7,1,1,1,1
nvbench2:dev:7,4,1,4,4,9,9,5,5,1,1,1,1
nvbench2:dev:8,4,2,4,4,10,10,10,10,1,1,1,0
nvbench2:dev:9,4,1,4,4,9,9,5,5,1,1,1,1
nvbench2:dev:10,4,1,1,1,3,3,1,1,0,0,0,0
nvbench2:dev:11,4,1,4,4,9,9,9,9,1,1,1,0
nvbench2:dev:12,2,2,2,2,6,6,2,2,1,1,1,1
nvbench2:dev:13,2,1,1,1,3,3,2,2,0,1,1,1
nvbench2:dev:14,4,2,4,4,10,10,10,10,1,1,1,0
nvbench2:dev:15,2,1,2,2,5,5,3,3,1,1,1,1
nvbench2:dev:16,2,1,2,2,5,5,3,3,1,1,1,1
nvbench2:dev:17,5,2,5,5,12,12,11,11,1,1,1,0
nvbench2:dev:18,5,2,2,2,6,6,2,2,0,1,1,1
nvbench2:dev:19,2,2,2,2,6,6,2,2,1,1,1,1
nvbench2:dev:20,4,4,4,4,12,12,4,4,1,1,1,1
nvbench2:dev:21,2,2,2,2,6,6,2,2,1,1,1,1
nvbench2:dev:22,3,1,3,3,7,7,4,4,1,1,1,1
nvbench2:dev:23,4,1,4,4,9,9,5,5,1,1,1,1
nvbench2:dev:24,3,1,3,3,7,7,4,4,1,1,1,1
nvbench2:dev:25,5,2,5,5,12,12,7,7,1,1,1,1
nvbench2:dev:26,2,1,1,1,3,3,1,1,0,1,1,1
nvbench2:dev:27,3,1,3,3,7,7,7,7,1,1,1,1
nvbench2:dev:28,3,1,3,3,7,7,7,7,1,1,1,1
nvbench2:dev:29,4,1,4,4,9,9,4,4,1,1,1,1
nvbench2:dev:30,5,1,5,5,11,11,11,11,1,1,1,0
nvbench2:dev:31,4,1,4,4,9,9,4,4,1,1,1,1
nvbench2:dev:32,4,1,4,4,9,9,4,4,1,1,1,1
nvbench2:dev:33,4,1,4,4,9,9,8,8,1,1,1,1
nvbench2:dev:34,2,1,1,2,4,4,2,2,1,1,1,1
nvbench2:dev:35,4,4,4,4,12,12,10,10,1,1,1,0
nvbench2:dev:36,2,1,1,2,4,4,3,3,1,1,1,1
nvbench2:dev:37,4,2,3,4,9,9,7,7,1,1,1,1
nvbench2:dev:38,4,2,4,4,10,10,6,6,1,1,1,1
nvbench2:dev:39,3,1,2,3,6,8,5,5,1,1,1,1
nvbench2:dev:40,4,2,4,4,10,10,10,10,1,1,1,0
nvbench2:dev:41,3,1,3,3,7,7,4,4,1,1,1,1
nvbench2:dev:42,2,1,2,1,4,4,3,3,0,1,1,1
nvbench2:dev:43,2,2,2,2,6,6,2,2,1,1,1,1
nvbench2:dev:44,4,2,4,4,10,10,6,6,1,1,1,1
nvbench2:dev:45,2,2,2,2,6,6,4,4,1,1,1,1
nvbench2:dev:46,2,2,2,2,6,6,4,4,1,1,1,1
nvbench2:dev:47,2,1,1,1,3,3,2,2,0,1,1,1
nvbench2:dev:48,2,1,2,2,5,5,3,3,1,1,1,1
nvbench2:dev:49,2,1,2,2,5,5,3,3,1,1,1,1
nvbench2:dev:50,2,1,2,2,5,5,3,3,1,1,1,1
nvbench2:dev:51,5,2,4,5,11,11,9,9,1,1,1,1
nvbench2:dev:52,2,1,2,2,5,5,5,5,1,1,1,1
nvbench2:dev:53,3,1,3,3,7,7,7,7,1,1,1,1
nvbench2:dev:54,2,2,1,1,4,4,2,2,0,1,1,1
nvbench2:dev:55,3,2,3,3,8,8,5,5,1,1,1,1
nvbench2:dev:56,2,2,2,2,6,6,4,4,1,1,1,1
nvbench2:dev:57,3,1,3,3,7,7,7,7,1,1,1,1
nvbench2:dev:58,2,2,2,2,6,6,4,4,1,1,1,1
nvbench2:dev:59,3,2,3,3,8,8,5,5,1,1,1,1
nvbench2:dev:60,4,2,4,4,10,10,6,6,1,1,1,1
nvbench2:dev:61,2,1,2,2,5,5,3,3,1,1,1,1
nvbench2:dev:62,2,2,2,2,6,6,6,6,1,1,1,1
nvbench2:dev:63,5,2,4,5,11,13,8,8,1,1,1,1
nvbench2:dev:64,2,2,2,2,6,6,6,6,1,1,1,1
nvbench2:dev:65,4,2,4,4,10,10,6,6,1,1,1,1
nvbench2:dev:66,3,1,2,3,6,8,5,5,1,1,1,1
nvbench2:dev:67,5,1,5,5,11,11,5,5,1,1,1,1
nvbench2:dev:68,2,1,2,2,5,5,4,4,1,1,1,1
nvbench2:dev:69,2,2,2,2,6,6,4,4,1,1,1,1
nvbench2:dev:70,2,1,2,2,5,5,3,3,1,1,1,1
nvbench2:dev:71,2,1,2,2,5,5,3,3,1,1,1,1
nvbench2:dev:72,2,1,2,2,5,5,4,4,1,1,1,1
nvbench2:dev:73,2,1,2,2,5,5,3,3,1,1,1,1
nvbench2:dev:74,2,1,2,2,5,5,3,3,1,1,1,1
nvbench2:dev:75,4,4,4,4,12,12,4,4,1,1,1,1
nvbench2:dev:76,5,2,4,5,11,11,9,9,1,1,1,1
nvbench2:dev:77,3,1,2,3,6,8,5,5,1,1,1,1
nvbench2:dev:78,2,1,2,2,5,5,2,2,1,1,1,1
nvbench2:dev:79,4,2,4,4,10,10,6,6,1,1,1,1
nvbench2:dev:80,2,2,2,2,6,6,4,4,1,1,1,1
nvbench2:dev:81,2,1,2,2,5,5,4,4,1,1,1,1
nvbench2:dev:82,4,2,2,2,6,6,6,6,0,1,1,1
nvbench2:dev:83,4,1,4,4,9,9,5,5,1,1,1,1
nvbench2:dev:84,5,1,5,5,11,11,7,7,1,1,1,1
nvbench2:dev:85,4,1,4,4,9,9,5,5,1,1,1,1
nvbench2:dev:86,5,2,5,5,12,12,12,12,1,1,1,0
nvbench2:dev:87,5,2,5,5,12,12,12,12,0,1,1,0
nvbench2:dev:88,5,1,5,5,11,11,7,7,1,1,1,1
nvbench2:dev:89,3,1,2,3,6,8,5,5,1,1,1,1
nvbench2:dev:90,3,1,2,3,6,8,5,5,1,1,1,1
nvbench2:dev:91,5,2,5,5,12,12,12,12,1,1,1,0
nvbench2:dev:92,3,1,2,3,6,8,5,5,1,1,1,1
nvbench2:dev:93,4,1,4,4,9,9,9,9,1,1,1,0
nvbench2:dev:94,3,1,2,3,6,8,5,5,1,1,1,1
nvbench2:dev:95,2,1,2,2,5,5,2,2,1,1,1,1
nvbench2:dev:96,4,2,4,4,10,10,9,9,1,1,1,0
nvbench2:dev:97,2,1,2,2,5,5,4,4,1,1,1,1
nvbench2:dev:98,2,1,2,2,5,5,3,3,1,1,1,1
nvbench2:dev:99,3,1,3,3,7,7,7,7,1,1,1,1
nvbench2:dev:100,2,1,2,2,5,5,3,3,1,1,1,1
nvbench2:dev:101,3,1,3,3,7,7,7,7,1,1,1,1
nvbench2:dev:102,2,1,2,2,5,5,3,3,1,1,1,1
nvbench2:dev:103,4,1,4,4,9,9,5,5,1,1,1,1
nvbench2:dev:104,4,2,4,4,10,10,6,6,1,1,1,1
nvbench2:dev:105,2,1,1,2,4,6,3,3,1,1,1,1
nvbench2:dev:106,2,1,2,2,5,5,3,3,1,1,1,1
nvbench2:dev:107,4,2,2,2,6,6,6,6,0,1,1,1
nvbench2:dev:108,2,1,2,2,5,5,3,3,1,1,1,1
nvbench2:dev:109,3,1,3,3,7,7,4,4,1,1,1,1
nvbench2:dev:110,3,1,3,3,7,7,7,7,1,1,1,1
nvbench2:dev:111,3,1,3,3,7,7,3,3,1,1,1,1
nvbench2:dev:112,2,2,2,2,6,6,6,6,1,1,1,1
nvbench2:dev:113,4,2,4,4,10,10,5,5,1,1,1,1
nvbench2:dev:114,2,1,2,2,5,5,5,5,1,1,1,1
nvbench2:dev:115,3,1,2,1,4,4,2,2,0,1,1,1
nvbench2:dev:116,3,1,1,1,3,3,2,2,0,1,1,1
nvbench2:dev:117,3,1,2,3,6,8,5,5,1,1,1,1
nvbench2:dev:118,2,1,2,2,5,5,3,3,1,1,1,1
nvbench2:dev:119,2,1,2,2,5,5,3,3,1,1,1,1
nvbench2:dev:120,3,1,3,3,7,7,7,7,1,1,1,1
nvbench2:dev:121,4,1,4,4,9,9,8,8,1,1,1,1
nvbench2:dev:122,4,2,4,4,10,10,10,10,1,1,1,0
nvbench2:dev:123,3,1,3,3,7,7,4,4,1,1,1,1
nvbench2:dev:124,4,1,4,4,9,9,5,5,1,1,1,1
nvbench2:dev:125,4,4,4,4,12,12,8,8,1,1,1,1
nvbench2:dev:126,2,2,2,2,6,6,4,4,1,1,1,1
nvbench2:dev:127,2,2,2,2,6,6,4,4,1,1,1,1
nvbench2:dev:128,2,2,2,2,6,6,4,4,1,1,1,1
nvbench2:dev:129,3,2,3,3,8,8,7,7,1,1,1,1
nvbench2:dev:130,3,2,3,3,8,8,4,4,1,1,1,1
nvbench2:dev:131,3,2,2,2,6,6,3,3,0,1,1,1
nvbench2:dev:132,3,1,3,3,7,7,4,4,1,1,1,1
nvbench2:dev:133,4,1,4,4,9,9,7,7,1,1,1,1
nvbench2:dev:134,3,1,3,3,7,7,4,4,1,1,1,1
nvbench2:dev:135,4,4,4,4,12,12,4,4,1,1,1,1
nvbench2:dev:136,2,1,2,2,5,5,3,3,1,1,1,1
nvbench2:dev:137,2,1,2,2,5,5,3,3,1,1,1,1
nvbench2:dev:138,3,2,3,3,8,8,8,8,1,1,1,0
nvbench2:dev:139,4,1,4,4,9,9,9,9,1,1,1,1
nvbench2:dev:140,3,2,3,3,8,8,7,7,1,1,1,1
nvbench2:dev:141,3,2,3,3,8,8,5,5,1,1,1,1
nvbench2:dev:142,2,1,2,2,5,5,5,5,1,1,1,1
nvbench2:dev:143,3,1,3,3,7,7,7,7,1,1,1,1
nvbench2:dev:144,2,2,2,2,6,6,4,4,1,1,1,1
nvbench2:dev:145,5,2,5,5,12,12,7,7,1,1,1,1
nvbench2:dev:146,2,1,2,2,5,5,3,3,1,1,1,1
nvbench2:dev:147,5,2,5,5,12,12,7,7,1,1,1,1
nvbench2:dev:148,5,1,1,1,3,3,2,2,0,1,1,1
nvbench2:dev:149,2,1,1,1,3,3,1,1,0,1,1,1
nvbench2:dev:150,2,1,2,2,5,5,3,3,1,1,1,1
nvbench2:dev:151,4,1,4,4,9,9,5,5,1,1,1,1
nvbench2:dev:152,2,1,1,2,4,4,3,3,1,1,1,1
nvbench2:dev:153,5,1,3,5,9,13,8,8,1,1,1,1
nvbench2:dev:154,2,1,2,2,5,5,3,3,1,1,1,1
nvbench2:dev:155,4,1,4,4,9,9,5,5,1,1,1,1
nvbench2:dev:156,2,1,1,2,4,4,4,4,1,1,1,1
nvbench2:dev:157,5,1,5,5,11,11,6,6,1,1,1,1
nvbench2:dev:158,5,1,5,5,11,11,10,10,1,1,1,0
nvbench2:dev:159,5,1,5,5,11,11,6,6,1,1,1,1
nvbench2:dev:160,3,2,3,3,8,8,5,5,1,1,1,1
nvbench2:dev:161,3,2,3,3,8,8,5,5,1,1,1,1
nvbench2:dev:162,3,1,3,3,7,7,7,7,1,1,1,1
nvbench2:dev:163,3,1,2,3,6,8,5,5,1,1,1,1
nvbench2:dev:164,3,1,3,3,7,7,7,7,1,1,1,1
nvbench2:dev:165,5,2,5,5,12,12,11,11,1,1,1,0
nvbench2:dev:166,3,1,3,3,7,7,4,4,1,1,1,1
nvbench2:dev:167,5,2,5,5,12,12,12,12,1,1,1,0
nvbench2:dev:168,5,2,2,2,6,6,4,4,0,1,1,1
nvbench2:dev:169,5,1,3,3,7,7,3,3,0,1,1,1
nvbench2:dev:170,5,2,5,5,12,12,11,11,1,1,1,0
nvbench2:dev:171,5,2,5,5,12,12,7,7,1,1,1,1
nvbench2:dev:172,2,2,2,2,6,6,6,6,1,1,1,1
nvbench2:dev:173,3,1,3,3,7,7,4,4,1,1,1,1
nvbench2:dev:174,3,1,3,3,7,7,4,4,1,1,1,1
nvbench2:dev:175,5,2,5,5,12,12,11,11,1,1,1,0
nvbench2:dev:176,5,2,5,5,12,12,7,7,1,1,1,1
nvbench2:dev:177,2,2,2,2,6,6,2,2,1,1,1,1
nvbench2:dev:178,3,2,3,3,8,8,7,7,1,1,1,1
nvbench2:dev:179,3,2,3,3,8,8,7,7,1,1,1,1
nvbench2:dev:180,1,1,1,1,4,4,1,1,1,1,1,1
nvbench2:dev:181,3,2,3,3,8,8,7,7,1,1,1,1
nvbench2:dev:182,2,1,2,2,5,5,5,5,1,1,1,1
nvbench2:dev:183,2,2,1,1,4,4,3,3,0,1,1,1
nvbench2:dev:184,5,2,5,5,12,12,7,7,1,1,1,1
nvbench2:dev:185,2,1,2,2,5,5,3,3,1,1,1,1
nvbench2:dev:186,5,2,5,5,12,12,7,7,1,1,1,1
nvbench2:dev:187,2,1,2,2,5,5,5,5,1,1,1,1
nvbench2:dev:188,3,1,3,3,7,7,7,7,1,1,1,1
nvbench2:dev:189,2,2,2,2,6,6,4,4,1,1,1,1
nvbench2:dev:190,5,2,5,5,12,12,7,7,1,1,1,1
nvbench2:dev:191,2,1,2,2,5,5,3,3,1,1,1,1
nvbench2:dev:192,5,2,5,5,12,12,7,7,1,1,1,1
nvbench2:dev:193,3,1,3,3,7,7,7,7,1,1,1,1
nvbench2:dev:194,2,2,2,2,6,6,4,4,1,1,1,1
nvbench2:dev:195,3,1,3,3,7,14,14,14,1,1,1,0
nvbench2:dev:196,3,1,3,3,7,7,4,4,1,1,1,1
nvbench2:dev:197,5,1,5,5,11,11,6,6,1,1,1,1
nvbench2:dev:198,2,1,1,2,4,6,3,3,1,1,1,1
nvbench2:dev:199,2,2,2,2,6,6,4,4,1,1,1,1
nvbench2:dev:200,2,1,1,2,4,6,3,3,1,1,1,1
nvbench2:dev:201,2,2,2,2,6,6,4,4,1,1,1,1
nvbench2:dev:202,3,1,3,3,7,7,4,4,1,1,1,1
nvbench2:dev:203,4,4,4,4,12,12,4,4,1,1,1,1
nvbench2:dev:204,2,2,2,2,6,6,2,2,1,1,1,1
nvbench2:dev:205,2,2,2,2,6,6,2,2,1,1,1,1
nvbench2:dev:206,3,1,3,3,7,14,14,14,1,1,1,0
nvbench2:dev:207,5,1,5,5,11,11,11,11,1,1,1,0
nvbench2:dev:208,2,2,2,2,6,6,2,2,1,1,1,1
nvbench2:dev:209,2,2,2,2,6,6,5,5,0,1,1,1
nvbench2:dev:210,2,2,2,2,6,6,6,6,1,1,1,1
nvbench2:dev:211,2,2,2,2,6,6,4,4,1,1,1,1
nvbench2:dev:212,2,2,2,2,6,6,5,5,1,1,1,1
nvbench2:dev:213,3,1,2,3,6,8,5,5,1,1,1,1
nvbench2:dev:214,5,2,5,5,12,12,12,12,1,1,1,0
nvbench2:dev:215,2,1,2,2,5,5,3,3,1,1,1,1
nvbench2:dev:216,2,2,2,2,6,6,4,4,1,1,1,1
nvbench2:dev:217,3,1,2,3,6,8,4,4,1,1,1,1
nvbench2:dev:218,2,2,2,2,6,6,4,4,1,1,1,1
nvbench2:dev:219,2,2,2,2,6,6,4,4,1,1,1,1
nvbench2:dev:220,3,1,2,3,6,8,5,5,1,1,1,1
nvbench2:dev:221,2,2,2,2,6,6,4,4,1,1,1,1
nvbench2:dev:222,5,2,4,5,11,13,8,8,1,1,1,1
nvbench2:dev:223,5,1,5,5,11,11,6,6,1,1,1,1
nvbench2:dev:224,4,1,4,4,9,9,4,4,1,1,1,1
nvbench2:dev:225,4,1,4,4,9,9,9,9,1,1,1,0
nvbench2:dev:226,3,1,3,3,7,7,4,4,1,1,1,1
nvbench2:dev:227,2,2,2,2,6,6,4,4,1,1,1,1
nvbench2:dev:228,4,2,4,4,10,10,10,10,1,1,1,0
nvbench2:dev:229,3,1,3,3,7,7,4,4,1,1,1,1
nvbench2:dev:230,3,1,3,3,7,7,7,7,1,1,1,1
nvbench2:dev:231,2,2,2,2,6,6,4,4,1,1,1,1
nvbench2:dev:232,2,2,2,2,6,6,4,4,1,1,1,1
nvbench2:dev:233,4,4,4,4,12,12,4,4,1,1,1,1
nvbench2:dev:234,3,1,3,3,7,7,7,7,1,1,1,1
nvbench2:dev:235,2,1,1,2,4,4,3,3,1,1,1,1
nvbench2:dev:236,4,2,4,4,10,10,9,9,1,1,1,0
nvbench2:dev:237,4,2,4,4,10,10,9,9,1,1,1,0
nvbench2:dev:238,2,1,2,2,5,5,3,3,1,1,1,1
nvbench2:dev:239,2,2,2,2,6,6,6,6,1,1,1,1
nvbench2:dev:240,3,1,3,3,7,7,7,7,1,1,1,1
nvbench2:dev:241,3,2,3,3,8,8,8,8,1,1,1,0
nvbench2:dev:242,2,1,1,2,4,4,3,3,1,1,1,1
nvbench2:dev:243,4,2,2,4,8,8,6,6,1,1,1,1
nvbench2:dev:244,4,2,2,4,8,8,6,6,1,1,1,1
nvbench2:dev:245,3,1,3,3,7,7,7,7,1,1,1,1
nvbench2:dev:246,2,1,1,2,4,5,4,4,0,1,1,1
nvbench2:dev:247,5,2,5,5,12,12,11,11,1,1,1,0
nvbench2:dev:248,2,2,2,2,6,6,4,4,1,1,1,1
nvbench2:dev:249,3,2,3,3,8,8,4,4,1,1,1,1
nvbench2:dev:250,2,2,2,2,6,6,2,2,1,1,1,1
nvbench2:dev:251,3,2,3,3,8,8,4,4,1,1,1,1
nvbench2:dev:252,1,1,1,1,4,4,2,2,1,1,1,1
nvbench2:dev:253,3,3,3,3,9,9,5,5,0,1,1,1
nvbench2:dev:254,3,2,3,3,8,8,7,7,1,1,1,1
nvbench2:dev:255,3,2,3,3,8,8,8,8,1,1,1,0
nvbench2:dev:256,2,2,2,2,6,6,4,4,1,1,1,1
nvbench2:dev:257,1,1,1,1,4,4,2,2,1,1,1,1
nvbench2:dev:258,3,2,3,3,8,8,7,7,1,1,1,1
nvbench2:dev:259,2,1,1,2,4,4,3,3,1,1,1,1
nvbench2:dev:260,2,1,1,1,3,3,3,3,0,1,1,1
nvbench2:dev:261,5,1,5,5,11,11,5,5,1,1,1,1
nvbench2:dev:262,5,1,5,5,11,11,11,11,1,1,1,0
nvbench2:dev:263,4,2,4,4,10,10,10,10,1,1,1,0
nvbench2:dev:264,5,1,5,5,11,11,6,6,1,1,1,1
nvbench2:dev:265,2,2,2,2,6,6,2,2,1,1,1,1
nvbench2:dev:266,2,1,2,2,5,10,10,10,1,1,1,1
nvbench2:dev:267,2,2,2,2,6,6,2,2,1,1,1,1
nvbench2:dev:268,5,1,2,1,4,4,2,2,0,1,1,1
nvbench2:dev:269,2,2,2,2,6,6,4,4,1,1,1,1
nvbench2:dev:270,2,1,2,2,5,5,3,3,1,1,1,1
nvbench2:dev:271,3,1,3,3,7,7,4,4,1,1,1,1
nvbench2:dev:272,2,1,2,2,5,5,3,3,1,1,1,1
nvbench2:dev:273,3,1,3,3,7,7,4,4,1,1,1,1
nvbench2:dev:274,3,1,3,3,7,7,4,4,1,1,1,1
nvbench2:dev:275,4,2,4,4,10,10,10,10,1,1,1,0
nvbench2:dev:276,3,1,2,1,4,4,3,3,0,1,1,1
nvbench2:dev:277,4,2,4,4,10,10,10,10,1,1,1,0
nvbench2:dev:278,3,1,2,1,4,4,3,3,0,1,1,1
nvbench2:dev:279,3,1,3,3,7,7,4,4,1,1,1,1
nvbench2:dev:280,3,1,3,3,7,14,8,8,1,1,1,1
nvbench2:dev:281,3,1,2,3,6,8,5,5,1,1,1,1
nvbench2:dev:282,5,5,5,5,15,15,10,10,1,1,1,0
nvbench2:dev:283,2,2,2,2,6,6,4,4,1,1,1,1
nvbench2:dev:284,2,2,2,2,6,6,4,4,1,1,1,1
nvbench2:dev:285,5,5,5,5,15,15,10,10,1,1,1,0
nvbench2:dev:286,2,2,1,1,4,4,2,2,0,1,1,1
nvbench2:dev:287,2,2,2,2,6,6,2,2,1,1,1,1
nvbench2:dev:288,2,2,2,2,6,6,6,6,1,1,1,1
nvbench2:dev:289,2,2,2,2,6,6,6,6,1,1,1,1
nvbench2:dev:290,2,2,2,2,6,6,4,4,1,1,1,1
nvbench2:dev:291,2,2,2,2,6,6,2,2,1,1,1,1
nvbench2:dev:292,2,2,2,2,6,6,4,4,1,1,1,1
nvbench2:dev:293,2,2,2,2,6,6,2,2,1,1,1,1
nvbench2:dev:294,2,2,2,2,6,6,4,4,1,1,1,1
nvbench2:dev:295,2,2,2,2,6,6,4,4,1,1,1,1
nvbench2:dev:296,2,2,2,2,6,6,4,4,1,1,1,1
nvbench2:dev:297,2,2,2,2,6,6,2,2,1,1,1,1
nvbench2:dev:298,2,2,2,2,6,6,4,4,1,1,1,1
nvbench2:dev:299,2,2,2,2,6,6,2,2,1,1,1,1
nvbench2:dev:300,2,2,2,2,6,6,2,2,1,1,1,1
nvbench2:dev:301,2,2,2,2,6,6,4,4,1,1,1,1
nvbench2:dev:302,3,1,3,3,7,7,4,4,1,1,1,1
nvbench2:dev:303,3,2,3,3,8,8,8,8,1,1,1,0
nvbench2:dev:304,4,1,4,4,9,9,4,4,1,1,1,1
nvbench2:dev:305,3,1,3,3,7,7,4,4,1,1,1,1
nvbench2:dev:306,2,2,2,2,6,6,2,2,1,1,1,1
nvbench2:dev:307,3,2,3,3,8,8,8,8,1,1,1,0
nvbench2:dev:308,3,1,3,3,7,7,4,4,1,1,1,1
nvbench2:dev:309,2,2,2,2,6,6,5,5,1,1,1,1
nvbench2:dev:310,3,2,2,2,6,6,4,4,0,1,1,1
nvbench2:dev:311,3,2,3,3,8,8,6,6,1,1,1,1
nvbench2:dev:312,3,1,2,3,6,8,5,5,1,1,1,1
nvbench2:dev:313,5,1,5,5,11,11,6,6,1,1,1,1
nvbench2:dev:314,2,1,2,2,5,5,3,3,1,1,1,1
nvbench2:dev:315,2,2,2,2,6,6,2,2,1,1,1,1
nvbench2:dev:316,2,2,2,2,6,6,2,2,1,1,1,1
nvbench2:dev:317,2,2,2,2,6,6,4,4,1,1,1,1
nvbench2:dev:318,3,1,2,3,6,8,5,5,1,1,1,1
nvbench2:dev:319,5,1,5,5,11,11,6,6,1,1,1,1
nvbench2:dev:320,2,2,2,2,6,6,2,2,1,1,1,1
nvbench2:dev:321,4,1,4,4,9,18,18,15,1,1,1,1
nvbench2:dev:322,2,2,2,2,6,6,4,4,1,1,1,1
nvbench2:dev:323,4,1,4,4,9,18,10,10,1,1,1,1
nvbench2:dev:324,3,1,2,3,6,8,5,5,1,1,1,1
nvbench2:dev:325,2,2,2,2,6,6,2,2,1,1,1,1
nvbench2:dev:326,2,2,2,2,6,6,6,6,1,1,1,1
nvbench2:dev:327,2,1,2,2,5,5,3,3,1,1,1,1
nvbench2:dev:328,2,1,2,2,5,5,5,5,1,1,1,1
nvbench2:dev:329,2,1,2,2,5,5,3,3,1,1,1,1
nvbench2:dev:330,2,1,2,2,5,5,3,3,1,1,1,1
nvbench2:dev:331,4,2,4,4,10,10,9,9,1,1,1,0
nvbench2:dev:332,3,1,3,3,7,7,4,4,1,1,1,1
nvbench2:dev:333,3,2,3,3,8,8,8,8,1,1,1,0
nvbench2:dev:334,2,2,2,2,6,6,4,4,1,1,1,1
nvbench2:dev:335,2,1,2,2,5,5,4,4,1,1,1,1
nvbench2:dev:336,5,2,4,5,11,13,9,9,1,1,1,1
nvbench2:dev:337,2,2,2,2,6,6,2,2,1,1,1,1
nvbench2:dev:338,3,1,3,3,7,7,7,7,1,1,1,1
nvbench2:dev:339,4,1,4,4,9,9,5,5,1,1,1,1
nvbench2:dev:340,3,2,3,3,8,8,5,5,1,1,1,1
nvbench2:dev:341,2,2,2,2,6,6,4,4,1,1,1,1
nvbench2:dev:342,5,5,5,5,15,15,10,10,1,1,1,0
nvbench2:dev:343,2,2,2,2,6,6,2,2,1,1,1,1
nvbench2:dev:344,4,4,4,4,12,12,8,8,1,1,1,1
nvbench2:dev:345,2,2,2,2,6,6,6,6,1,1,1,1
nvbench2:dev:346,5,5,5,5,15,15,10,10,0,1,1,0
nvbench2:dev:347,2,2,2,2,6,6,4,4,1,1,1,1
nvbench2:dev:348,2,2,2,2,6,6,4,4,1,1,1,1
nvbench2:dev:349,2,2,2,2,6,6,2,2,1,1,1,1
nvbench2:dev:350,2,2,1,1,4,4,3,3,0,1,1,1
nvbench2:dev:351,2,2,2,2,6,6,4,4,1,1,1,1
nvbench2:dev:352,5,5,5,5,15,15,10,10,1,1,1,0
nvbench2:dev:353,2,2,2,2,6,6,4,4,1,1,1,1
nvbench2:dev:354,2,2,2,2,6,6,2,2,1,1,1,1
nvbench2:dev:355,2,2,1,1,4,4,2,2,0,1,1,1
nvbench2:dev:356,2,2,2,2,6,6,2,2,1,1,1,1
nvbench2:dev:357,2,2,2,2,6,6,4,4,1,1,1,1
nvbench2:dev:358,2,2,2,2,6,6,4,4,1,1,1,1
nvbench2:dev:359,2,1,1,1,3,3,2,2,0,1,1,1
nvbench2:dev:360,4,1,4,4,9,9,5,5,1,1,1,1
nvbench2:dev:361,4,1,4,4,9,9,9,9,1,1,1,0
nvbench2:dev:362,3,1,3,3,7,7,7,7,1,1,1,1
nvbench2:dev:363,2,2,2,2,6,6,2,2,1,1,1,1
nvbench2:dev:364,3,1,3,3,7,7,7,7,1,1,1,1
nvbench2:dev:365,2,2,2,2,6,6,4,4,1,1,1,1
nvbench2:dev:366,3,2,3,3,8,8,5,5,1,1,1,1
nvbench2:dev:367,2,2,2,2,6,6,4,4,1,1,1,1
nvbench2:dev:368,2,1,2,2,5,5,3,3,1,1,1,1
nvbench2:dev:369,4,1,2,4,7,7,4,4,1,1,1,1
nvbench2:dev:370,3,2,3,3,8,8,8,8,1,1,1,0
nvbench2:dev:371,4,1,2,4,7,7,6,6,1,1,1,1
nvbench2:dev:372,5,1,3,5,9,13,8,8,1,1,1,1
nvbench2:dev:373,4,1,2,2,5,5,5,5,0,1,1,1
nvbench2:dev:374,3,1,3,3,7,7,4,4,1,1,1,1
nvbench2:dev:375,3,2,3,3,8,8,8,8,1,1,1,0
nvbench2:dev:376,4,1,4,4,9,9,4,4,1,1,1,1
nvbench2:dev:377,3,1,3,3,7,7,4,4,1,1,1,1
nvbench2:dev:378,2,2,2,2,6,6,2,2,1,1,1,1
nvbench2:dev:379,3,2,3,3,8,8,8,8,1,1,1,0
nvbench2:dev:380,3,1,3,3,7,7,4,4,1,1,1,1
nvbench2:dev:381,3,1,3,3,7,7,4,4,1,1,1,1
nvbench2:dev:382,2,1,2,2,5,5,5,5,1,1,1,1
nvbench2:dev:383,3,3,3,3,10,10,7,7,1,1,1,1
nvbench2:dev:384,3,1,3,3,7,7,6,6,1,1,1,1
nvbench2:dev:385,4,2,4,4,10,10,9,9,1,1,1,0
nvbench2:dev:386,3,3,3,3,10,10,8,8,1,1,1,0
nvbench2:dev:387,2,2,2,2,6,6,2,2,1,1,1,1
nvbench2:dev:388,1,1,1,1,3,3,3,3,1,1,1,1
nvbench2:dev:389,2,1,1,1,3,3,2,2,0,1,1,1
nvbench2:dev:390,3,2,3,3,8,8,7,7,1,1,1,1
nvbench2:dev:391,3,3,3,3,9,9,3,3,1,1,1,1
nvbench2:dev:392,3,1,2,1,4,4,3,3,0,1,1,1
nvbench2:dev:393,2,1,2,2,5,5,3,3,1,1,1,1
nvbench2:dev:394,2,1,2,2,5,5,3,3,1,1,1,1
nvbench2:dev:395,3,2,3,3,8,8,4,4,1,1,1,1
nvbench2:dev:396,3,1,2,3,6,8,5,5,1,1,1,1
nvbench2:dev:397,2,1,2,2,5,5,5,5,1,1,1,1
nvbench2:dev:398,4,1,4,4,9,9,5,5,1,1,1,1
nvbench2:dev:399,1,1,1,1,4,4,2,2,1,1,1,1
nvbench2:dev:400,3,2,3,3,8,8,7,7,1,1,1,1
nvbench2:dev:401,2,2,2,2,6,6,4,4,1,1,1,1
nvbench2:dev:402,2,1,1,2,4,4,2,2,1,1,1,1
nvbench2:dev:403,2,1,1,1,3,3,2,2,0,1,1,1
nvbench2:dev:404,5,1,3,5,9,13,8,8,1,1,1,1
nvbench2:dev:405,5,2,3,5,10,10,9,9,1,1,1,1
nvbench2:dev:406,2,2,2,2,6,6,2,2,1,1,1,1
nvbench2:dev:407,5,2,3,5,10,10,9,9,1,1,1,1
nvbench2:dev:408,2,1,1,2,4,4,4,4,1,1,1,1
nvbench2:dev:409,2,1,2,2,5,5,5,5,1,1,1,1
nvbench2:dev:410,3,3,3,3,9,12,8,8,1,1,1,1
nvbench2:dev:411,5,1,4,5,10,10,10,10,1,1,1,1
nvbench2:dev:412,4,1,2,2,5,5,4,4,0,1,1,1
nvbench2:dev:413,2,2,2,2,6,6,3,3,1,1,1,1
nvbench2:dev:414,5,1,1,2,4,4,3,3,0,1,1,1
nvbench2:dev:415,2,1,2,2,5,5,5,5,1,1,1,1
nvbench2:dev:416,3,1,2,3,6,6,5,5,1,1,1,1
nvbench2:dev:417,2,1,1,2,4,4,4,4,1,1,1,1
nvbench2:dev:418,3,2,3,3,8,8,7,7,1,1,1,1
nvbench2:dev:419,2,1,1,2,4,4,2,2,1,1,1,1
nvbench2:dev:420,2,1,2,2,5,5,5,5,1,1,1,1
nvbench2:dev:421,3,1,3,3,7,7,6,6,1,1,1,1
nvbench2:dev:422,5,1,3,5,9,13,8,8,1,1,1,1
nvbench2:dev:423,2,2,2,2,6,6,6,6,1,1,1,1
nvbench2:dev:424,2,1,1,1,3,3,2,2,0,1,1,1
nvbench2:dev:425,2,1,1,2,4,4,2,2,1,1,1,1
nvbench2:dev:426,2,1,1,1,3,3,2,2,0,1,1,1
nvbench2:dev:427,2,1,1,1,3,3,2,2,0,1,1,1
nvbench2:dev:428,2,1,1,2,4,6,3,3,1,1,1,1
nvbench2:dev:429,3,2,3,3,8,8,7,7,1,1,1,1
nvbench2:dev:430,2,2,2,2,6,6,4,4,1,1,1,1
nvbench2:dev:431,2,1,2,2,5,5,5,5,1,1,1,1
nvbench2:dev:432,5,1,1,1,3,3,2,2,0,1,1,1
nvbench2:dev:433,4,1,4,4,9,9,5,5,1,1,1,1
nvbench2:dev:434,2,1,2,2,5,10,10,10,1,1,1,1
nvbench2:dev:435,4,1,4,4,9,9,5,5,1,1,1,1
nvbench2:dev:436,3,2,3,3,8,8,5,5,1,1,1,1
nvbench2:dev:437,4,1,4,4,9,9,5,5,1,1,1,1
nvbench2:dev:438,4,1,4,4,9,9,5,5,1,1,1,1
nvbench2:dev:439,4,1,4,4,9,9,5,5,1,1,1,1
nvbench2:dev:440,2,1,2,2,5,10,10,10,1,1,1,1
nvbench2:dev:441,2,1,2,2,5,5,3,3,1,1,1,1
nvbench2:dev:442,4,1,4,4,9,9,9,9,1,1,1,0
nvbench2:dev:443,4,1,4,4,9,9,9,9,1,1,1,0
nvbench2:dev:444,2,1,2,2,5,5,5,5,1,1,1,1
nvbench2:dev:445,4,1,4,4,9,9,5,5,1,1,1,1
nvbench2:dev:446,5,1,5,5,11,11,10,10,1,1,1,0
nvbench2:dev:447,4,1,4,4,9,9,5,5,1,1,1,1
nvbench2:dev:448,4,2,4,4,10,10,6,6,1,1,1,1
nvbench2:dev:449,4,2,4,4,10,10,10,10,1,1,1,0
nvbench2:dev:450,5,1,5,5,11,11,6,6,1,1,1,1
nvbench2:dev:451,2,2,2,2,6,6,2,2,1,1,1,1
nvbench2:dev:452,4,2,4,4,10,10,10,10,1,1,1,0
nvbench2:dev:453,4,1,4,4,9,9,5,5,1,1,1,1
nvbench2:dev:454,5,1,5,5,11,11,6,6,1,1,1,1
nvbench2:dev:455,2,2,2,2,6,6,2,2,1,1,1,1
nvbench2:dev:456,2,1,2,2,5,5,5,5,1,1,1,1
nvbench2:dev:457,2,1,2,2,5,5,3,3,1,1,1,1
nvbench2:dev:458,3,3,3,3,10,10,5,5,1,1,1,1
nvbench2:dev:459,4,2,4,4,10,10,8,8,1,1,1,1
nvbench2:dev:460,2,1,2,2,5,5,3,3,1,1,1,1
nvbench2:dev:461,2,1,2,2,5,5,2,2,1,1,1,1
nvbench2:dev:462,3,2,2,2,6,6,4,4,0,1,1,1
nvbench2:dev:463,4,3,4,4,11,11,9,9,1,1,1,0
nvbench2:dev:464,5,1,5,5,11,11,11,11,1,1,1,0
nvbench2:dev:465,5,1,5,5,11,11,6,6,1,1,1,1
nvbench2:dev:466,4,1,4,4,9,9,5,5,1,1,1,1
nvbench2:dev:467,4,1,4,4,9,9,5,5,1,1,1,1
nvbench2:dev:468,5,1,5,5,11,11,6,6,1,1,1,1
nvbench2:dev:469,2,2,2,2,6,6,4,4,1,1,1,1
nvbench2:dev:470,5,1,5,5,11,11,6,6,1,1,1,1
nvbench2:dev:471,4,1,4,4,9,9,9,9,1,1,1,0
nvbench2:dev:472,5,1,1,1,3,3,2,2,0,1,1,1
nvbench2:dev:473,4,4,4,4,12,12,4,4,1,1,1,1
nvbench2:dev:474,4,1,4,4,9,9,5,5,1,1,1,1
nvbench2:dev:475,4,4,4,4,12,12,4,4,1,1,1,1
nvbench2:dev:476,3,2,2,2,6,6,4,4,0,1,1,1
nvbench2:dev:477,5,1,5,5,11,11,6,6,1,1,1,1
nvbench2:dev:478,4,1,4,4,9,9,5,5,1,1,1,1
nvbench2:dev:479,2,1,1,2,4,6,3,3,1,1,1,1
nvbench2:dev:480,5,1,5,5,11,11,10,10,1,1,1,0
nvbench2:dev:481,2,1,2,2,5,5,3,3,1,1,1,1
nvbench2:dev:482,2,1,1,1,3,3,1,1,0,0,0,0
nvbench2:dev:483,4,2,4,4,10,10,9,9,1,1,1,0
nvbench2:dev:484,4,2,4,4,10,10,5,5,1,1,1,1
nvbench2:dev:485,3,2,3,3,8,8,7,7,1,1,1,1
nvbench2:dev:486,3,3,3,3,10,10,8,8,1,1,1,0
nvbench2:dev:487,2,2,2,2,6,6,4,4,0,0,1,1
nvbench2:dev:488,2,2,2,2,6,6,6,6,1,1,1,1
nvbench2:dev:489,3,1,3,3,7,7,7,7,1,1,1,1
nvbench2:dev:490,2,2,2,2,6,6,2,2,1,1,1,1
nvbench2:dev:491,3,1,3,3,7,7,7,7,1,1,1,1
nvbench2:dev:492,5,1,3,5,9,13,8,8,1,1,1,1
nvbench2:dev:493,3,1,3,3,7,7,4,4,1,1,1,1
nvbench2:dev:494,5,2,4,5,11,11,11,11,1,1,1,0
nvbench2:dev:495,3,1,3,3,7,7,4,4,1,1,1,1
nvbench2:dev:496,3,1,3,3,7,7,4,4,1,1,1,1
nvbench2:dev:497,1,1,1,1,4,4,2,2,1,1,1,1
nvbench2:dev:498,2,2,2,2,6,6,4,4,1,1,1,1
nvbench2:dev:499,3,2,3,3,8,8,5,5,1,1,1,1
nvbench2:dev:500,4,2,4,4,10,10,10,10,1,1,1,0
nvbench2:dev:501,3,1,3,3,7,7,4,4,1,1,1,1
nvbench2:dev:502,4,1,4,4,9,9,5,5,1,1,1,1
nvbench2:dev:503,4,4,4,4,12,12,8,8,1,1,1,1
nvbench2:dev:504,2,2,2,2,6,6,4,4,1,1,1,1
nvbench2:dev:505,3,1,3,3,7,7,7,7,1,1,1,1
nvbench2:dev:506,4,1,4,4,9,9,4,4,1,1,1,1
nvbench2:dev:507,2,2,2,2,6,6,4,4,1,1,1,1
nvbench2:dev:508,2,2,2,2,6,6,4,4,1,1,1,1
nvbench2:dev:509,2,2,2,2,6,6,4,4,1,1,1,1
nvbench2:dev:510,2,2,2,2,6,6,4,4,1,1,1,1
nvbench2:dev:511,2,2,2,2,6,6,4,4,1,1,1,1
nvbench2:dev:512,1,1,1,1,4,4,2,2,1,1,1,1
nvbench2:dev:513,2,2,2,2,6,6,4,4,1,1,1,1
nvbench2:dev:514,4,4,4,4,12,12,8,8,1,1,1,1
nvbench2:dev:515,4,2,4,4,10,10,9,9,1,1,1,0
nvbench2:dev:516,4,2,4,4,10,10,5,5,1,1,1,1
nvbench2:dev:517,3,1,3,3,7,7,4,4,1,1,1,1
nvbench2:dev:518,2,1,2,2,5,5,5,5,1,1,1,1
nvbench2:dev:519,2,1,2,2,5,5,3,3,1,1,1,1
nvbench2:dev:520,4,1,4,4,9,9,5,5,1,1,1,1
nvbench2:dev:521,2,1,2,2,5,5,3,3,1,1,1,1
nvbench2:dev:522,3,2,3,3,8,8,5,5,1,1,1,1
nvbench2:dev:523,5,5,5,5,15,15,9,9,0,1,1,0
nvbench2:dev:524,3,3,3,3,10,10,8,8,1,1,1,0
nvbench2:dev:525,2,1,2,2,5,5,2,2,1,1,1,1
nvbench2:dev:526,2,2,2,2,6,6,4,4,1,1,1,1
nvbench2:dev:527,3,1,3,3,7,7,5,5,1,1,1,1
nvbench2:dev:528,4,2,4,4,10,10,4,4,1,1,1,1
nvbench2:dev:529,3,1,3,3,7,7,6,6,1,1,1,1
nvbench2:dev:530,4,2,4,4,10,10,10,10,1,1,1,0
nvbench2:dev:531,2,2,2,2,6,6,2,2,1,1,1,1
nvbench2:dev:532,4,2,4,4,10,10,10,10,1,1,1,0
nvbench2:dev:533,4,1,4,4,9,9,5,5,1,1,1,1
nvbench2:dev:534,2,2,2,2,6,6,4,4,1,1,1,1
nvbench2:dev:535,2,2,2,2,6,6,4,4,1,1,1,1
nvbench2:dev:536,2,2,2,2,6,6,4,4,1,1,1,1
nvbench2:dev:537,1,1,1,1,4,4,2,2,1,1,1,1
nvbench2:dev:538,2,2,2,2,6,6,4,4,1,1,1,1
nvbench2:dev:539,3,2,3,3,8,8,5,5,1,1,1,1
nvbench2:dev:540,2,2,1,1,4,4,2,2,0,1,1,1
nvbench2:dev:541,3,2,3,3,8,8,8,8,1,1,1,0
nvbench2:dev:542,4,1,4,4,9,9,5,5,1,1,1,1
nvbench2:dev:543,2,2,2,2,6,6,2,2,1,1,1,1
nvbench2:dev:544,3,2,3,3,8,8,8,8,1,1,1,0
nvbench2:dev:545,4,1,4,4,9,9,5,5,1,1,1,1
nvbench2:dev:546,4,1,4,4,9,9,5,5,1,1,1,1
nvbench2:dev:547,2,2,2,2,6,6,2,2,1,1,1,1
nvbench2:dev:548,4,1,4,4,9,9,9,9,1,1,1,1
nvbench2:dev:549,3,2,3,3,8,8,7,7,1,1,1,1
nvbench2:dev:550,3,2,3,3,8,8,5,5,1,1,1,1
nvbench2:dev:551,4,1,4,4,9,9,5,5,1,1,1,1
nvbench2:dev:552,2,1,1,1,3,3,2,2,0,1,1,1
nvbench2:dev:553,4,4,4,4,12,12,10,10,1,1,1,0
nvbench2:dev:554,2,1,1,1,3,3,1,1,0,1,1,1
nvbench2:dev:555,5,1,1,2,4,4,3,3,0,1,1,1
nvbench2:dev:556,4,1,1,1,3,3,1,1,0,0,0,0
nvbench2:dev:557,5,2,5,5,12,12,11,11,1,1,1,0
nvbench2:dev:558,5,2,5,5,12,12,11,11,1,1,1,0
nvbench2:dev:559,5,1,1,1,3,3,2,2,0,0,0,0
nvbench2:dev:560,3,2,3,3,8,8,7,7,1,1,1,1
nvbench2:dev:561,5,2,5,5,12,12,11,11,1,1,1,0
nvbench2:dev:562,3,2,3,3,8,8,5,5,1,1,1,1
nvbench2:dev:563,5,2,5,5,12,12,6,6,1,1,1,1
nvbench2:dev:564,3,3,3,3,10,10,5,5,1,1,1,1
nvbench2:dev:565,5,2,5,5,12,12,11,11,1,1,1,0
nvbench2:dev:566,2,2,2,2,6,6,4,4,1,1,1,1
nvbench2:dev:567,5,5,5,5,15,15,10,10,1,1,1,0
nvbench2:dev:568,5,2,5,5,12,12,6,6,1,1,1,1
nvbench2:dev:569,2,1,1,2,4,4,3,3,1,1,1,1
nvbench2:dev:570,4,2,4,4,10,10,5,5,1,1,1,1
nvbench2:dev:571,3,1,3,3,7,7,7,7,1,1,1,1
nvbench2:dev:572,2,1,2,2,5,5,2,2,1,1,1,1
nvbench2:dev:573,2,1,2,2,5,5,3,3,1,1,1,1
nvbench2:dev:574,4,1,2,4,7,7,5,5,1,1,1,1
nvbench2:dev:575,2,2,2,2,6,6,4,4,1,1,1,1
nvbench2:dev:576,2,2,2,2,6,6,2,2,1,1,1,1
nvbench2:dev:577,4,1,4,4,9,9,5,5,1,1,1,1
nvbench2:dev:578,2,2,2,2,6,6,2,2,1,1,1,1
nvbench2:dev:579,4,1,4,4,9,9,4,4,1,1,1,1
nvbench2:dev:580,2,2,2,2,6,6,2,2,1,1,1,1
nvbench2:dev:581,2,2,2,2,6,6,4,4,1,1,1,1
nvbench2:dev:582,2,1,2,2,5,5,4,4,1,1,1,1
nvbench2:dev:583,3,1,2,3,6,8,5,5,1,1,1,1
nvbench2:dev:584,4,2,4,4,10,10,10,10,1,1,1,0
nvbench2:dev:585,4,1,3,3,7,10,10,10,0,1,1,1
nvbench2:dev:586,4,2,4,4,10,10,8,8,1,1,1,1
nvbench2:dev:587,3,1,3,3,7,7,4,4,1,1,1,1
nvbench2:dev:588,4,2,4,4,10,10,6,6,1,1,1,1
nvbench2:dev:589,2,2,2,2,6,6,4,4,1,1,1,1
nvbench2:dev:590,4,1,4,4,9,9,9,9,1,1,1,0
nvbench2:dev:591,2,2,2,2,6,6,4,4,1,1,1,1
nvbench2:dev:592,4,1,4,4,9,9,5,5,1,1,1,1
nvbench2:dev:593,4,2,4,4,10,10,6,6,1,1,1,1
nvbench2:dev:594,2,2,2,2,6,6,2,2,1,1,1,1
nvbench2:dev:595,3,2,3,3,8,8,5,5,1,1,1,1
nvbench2:dev:596,4,1,4,4,9,9,5,5,1,1,1,1
nvbench2:dev:597,3,1,3,3,7,7,4,4,1,1,1,1
nvbench2:dev:598,3,1,3,3,7,7,4,4,1,1,1,1
nvbench2:dev:599,4,1,3,4,8,10,6,6,1,1,1,1
nvbench2:dev:600,2,1,2,2,5,5,3,3,1,1,1,1
nvbench2:dev:601,4,1,3,4,8,10,6,6,1,1,1,1
nvbench2:dev:602,2,1,2,2,5,5,3,3,1,1,1,1
nvbench2:dev:603,3,1,3,3,7,7,4,4,1,1,1,1
nvbench2:dev:604,3,2,3,3,8,8,8,8,1,1,1,0
nvbench2:dev:605,4,1,4,4,9,9,4,4,1,1,1,1
nvbench2:dev:606,2,2,2,2,6,6,2,2,1,1,1,1
nvbench2:dev:607,3,2,3,3,8,8,8,8,1,1,1,0
nvbench2:dev:608,3,1,3,3,7,7,4,4,1,1,1,1
nvbench2:dev:609,2,2,2,2,6,6,2,2,1,1,1,1
nvbench2:dev:610,5,1,5,5,11,11,6,6,1,1,1,1
nvbench2:dev:611,5,1,5,5,11,11,6,6,1,1,1,1
nvbench2:dev:612,3,1,2,3,6,8,5,5,1,1,1,1
nvbench2:dev:613,5,1,5,5,11,11,6,6,1,1,1,1
nvbench2:dev:614,2,2,2,2,6,6,2,2,1,1,1,1
nvbench2:dev:615,5,1,5,5,11,11,6,6,1,1,1,1
nvbench2:dev:616,5,1,5,5,11,11,6,6,1,1,1,1
nvbench2:dev:617,3,1,3,3,7,14,14,14,1,1,1,1
nvbench2:dev:618,5,1,5,5,11,11,6,6,1,1,1,1
nvbench2:dev:619,2,1,2,2,5,5,4,4,1,1,1,1
nvbench2:dev:620,5,2,4,5,11,11,8,8,1,1,1,1
nvbench2:dev:621,2,2,1,1,6,6,3,3,0,1,1,1
nvbench2:dev:622,4,4,4,4,12,12,4,4,1,1,1,1
nvbench2:dev:623,3,1,3,3,7,14,8,8,1,1,1,1
nvbench2:dev:624,2,2,2,2,6,6,6,6,1,1,1,1
nvbench2:dev:625,5,2,5,5,12,12,11,11,1,1,1,0
nvbench2:dev:626,3,2,3,3,8,8,8,8,0,1,1,0
nvbench2:dev:627,2,2,2,2,6,6,6,6,1,1,1,1
nvbench2:dev:628,2,1,2,2,5,5,5,5,1,1,1,1
nvbench2:dev:629,2,1,2,2,5,5,5,5,1,1,1,1
nvbench2:dev:630,3,1,2,3,6,8,5,5,1,1,1,1
nvbench2:dev:631,3,1,2,3,6,8,5,5,1,1,1,1
nvbench2:dev:632,2,1,1,1,3,4,3,3,0,0,1,1
nvbench2:dev:633,3,2,3,3,8,8,8,8,0,1,1,0
nvbench2:dev:634,3,1,2,3,6,8,5,5,1,1,1,1
nvbench2:dev:635,2,2,2,2,6,6,4,4,1,1,1,1
nvbench2:dev:636,5,2,5,5,12,12,11,11,1,1,1,0
nvbench2:dev:637,5,1,5,5,11,11,10,10,1,1,1,1
nvbench2:dev:638,5,2,5,5,12,12,6,6,1,1,1,1
nvbench2:dev:639,5,2,5,5,12,12,7,7,1,1,1,1
nvbench2:dev:640,2,2,2,2,6,6,4,4,1,1,1,1
nvbench2:dev:641,2,1,2,2,5,5,3,3,1,1,1,1
nvbench2:dev:642,5,2,5,5,12,12,11,11,1,1,1,0
nvbench2:dev:643,5,1,1,1,3,3,1,1,0,1,1,1
nvbench2:dev:644,2,2,2,2,6,6,2,2,1,1,1,1
nvbench2:dev:645,3,1,2,3,6,8,5,5,1,1,1,1
nvbench2:dev:646,2,2,2,2,6,6,2,2,1,1,1,1
nvbench2:dev:647,2,2,2,2,6,6,2,2,1,1,1,1
nvbench2:dev:648,5,1,5,5,11,11,6,6,1,1,1,1
nvbench2:dev:649,4,1,4,4,9,18,18,15,1,1,1,0
nvbench2:dev:650,4,1,4,4,9,18,10,10,1,1,1,1
nvbench2:dev:651,5,2,4,5,11,11,8,8,1,1,1,1
nvbench2:dev:652,5,2,4,5,11,11,9,9,1,1,1,1
nvbench2:dev:653,3,1,2,3,6,8,5,5,1,1,1,1
nvbench2:dev:654,3,1,2,3,6,8,5,5,1,1,1,1
nvbench2:dev:655,2,1,1,2,4,4,3,3,1,1,1,1
nvbench2:dev:656,2,2,2,2,6,6,2,2,1,1,1,1
nvbench2:dev:657,5,3,3,5,11,11,8,8,1,1,1,1
nvbench2:dev:658,4,1,4,4,9,9,5,5,1,1,1,1
nvbench2:dev:659,4,2,2,4,8,8,6,6,1,1,1,1
nvbench2:dev:660,4,2,4,4,10,10,10,10,1,1,1,0
nvbench2:dev:661,4,1,4,4,9,9,5,5,1,1,1,1
nvbench2:dev:662,4,2,2,4,8,8,6,6,1,1,1,1
nvbench2:dev:663,2,1,1,2,4,4,3,3,1,1,1,1
nvbench2:dev:664,4,2,4,4,10,10,6,6,1,1,1,1
nvbench2:dev:665,2,1,1,2,4,4,3,3,1,1,1,1
nvbench2:dev:666,2,1,1,2,4,4,3,3,1,1,1,1
nvbench2:dev:667,5,2,5,5,12,12,7,7,1,1,1,1
nvbench2:dev:668,5,2,5,5,12,12,12,12,1,1,1,0
nvbench2:dev:669,2,1,1,1,3,3,2,2,0,1,1,1
nvbench2:dev:670,2,1,1,2,4,4,3,3,1,1,1,1
nvbench2:dev:671,2,1,2,2,5,5,5,5,1,1,1,1
nvbench2:dev:672,4,2,4,4,10,10,5,5,1,1,1,1
nvbench2:dev:673,2,2,2,2,6,6,4,4,1,1,1,1
nvbench2:dev:674,2,1,2,2,5,5,3,3,1,1,1,1
nvbench2:dev:675,4,2,4,4,10,10,5,5,1,1,1,1
nvbench2:dev:676,4,3,4,4,11,11,6,6,1,1,1,1
nvbench2:dev:677,5,1,5,5,11,11,6,6,1,1,1,1
nvbench2:dev:678,5,5,5,5,15,15,10,10,1,1,1,1
nvbench2:dev:679,4,1,4,4,9,9,9,9,1,1,1,0
nvbench2:dev:680,2,2,2,2,6,6,4,4,1,1,1,1
nvbench2:dev:681,2,2,2,2,6,6,4,4,1,1,1,1
nvbench2:dev:682,4,2,4,4,10,10,6,6,1,1,1,1
nvbench2:dev:683,2,2,2,2,6,6,4,4,1,1,1,1
nvbench2:dev:684,2,2,2,2,6,6,4,4,1,1,1,1
nvbench2:dev:685,2,1,2,2,5,5,3,3,1,1,1,1
nvbench2:dev:686,2,1,2,2,5,5,3,3,1,1,1,1
nvbench2:dev:687,2,2,2,2,6,6,4,4,1,1,1,1
nvbench2:dev:688,2,1,2,2,5,5,3,3,1,1,1,1
nvbench2:dev:689,4,1,2,4,7,11,7,7,1,1,1,1
nvbench2:dev:690,4,1,4,4,9,9,9,9,1,1,1,0
nvbench2:dev:691,2,1,2,2,5,5,3,3,1,1,1,1
nvbench2:dev:692,4,1,2,4,7,11,7,7,1,1,1,1
nvbench2:dev:693,2,1,2,2,5,5,3,3,1,1,1,1
nvbench2:dev:694,3,1,3,3,7,7,6,6,0,0,0,0
nvbench2:dev:695,2,1,2,2,5,10,6,6,1,1,1,1
nvbench2:dev:696,2,1,2,2,5,5,5,5,1,1,1,1
nvbench2:dev:697,4,1,2,4,7,11,7,7,1,1,1,1
nvbench2:dev:698,2,1,2,2,5,10,6,6,1,1,1,1
nvbench2:dev:699,3,1,3,3,7,7,6,6,1,1,1,1
nvbench2:dev:700,2,1,1,2,4,6,3,3,1,1,1,1
nvbench2:dev:701,4,2,4,4,10,10,9,9,1,1,1,0
nvbench2:dev:702,4,2,4,4,10,10,5,5,1,1,1,1
nvbench2:dev:703,3,2,3,3,8,8,7,7,1,1,1,1
nvbench2:dev:704,3,3,3,3,10,10,8,8,1,1,1,0
nvbench2:dev:705,2,2,2,2,6,6,2,2,1,1,1,1
nvbench2:dev:706,2,2,2,2,6,6,3,3,1,1,1,1
nvbench2:dev:707,2,1,2,2,5,5,4,4,0,0,1,1
nvbench2:dev:708,4,2,3,4,9,9,8,8,1,1,1,1
nvbench2:dev:709,3,1,3,3,7,7,4,4,1,1,1,1
nvbench2:dev:710,5,2,5,5,12,12,12,12,1,1,1,0
nvbench2:dev:711,5,2,5,5,12,12,11,11,1,1,1,0
nvbench2:dev:712,5,2,5,5,12,12,7,7,1,1,1,1
nvbench2:dev:713,5,2,5,5,12,12,12,12,1,1,1,0
nvbench2:dev:714,5,2,5,5,12,12,7,7,1,1,1,1
nvbench2:dev:715,3,1,3,3,7,7,3,3,1,1,1,1
nvbench2:dev:716,4,1,4,4,9,9,5,5,1,1,1,1
nvbench2:dev:717,2,1,2,2,5,5,3,3,1,1,1,1
nvbench2:dev:718,2,1,2,2,5,5,3,3,1,1,1,1
nvbench2:dev:719,2,1,2,2,5,10,10,10,1,1,1,1
nvbench2:dev:720,4,1,2,4,7,11,7,7,1,1,1,1
nvbench2:dev:721,4,1,4,4,9,9,9,9,1,1,1,0
nvbench2:dev:722,2,1,2,2,5,5,5,5,1,1,1,1
nvbench2:dev:723,2,1,2,2,5,5,3,3,1,1,1,1
nvbench2:dev:724,4,1,2,2,5,7,7,7,0,1,1,1
nvbench2:dev:725,2,1,2,2,5,5,3,3,1,1,1,1
nvbench2:dev:726,3,1,3,3,7,7,3,3,0,0,0,0
nvbench2:dev:727,2,1,2,2,5,10,6,6,1,1,1,1
nvbench2:dev:728,2,1,2,2,5,5,5,5,1,1,1,1
nvbench2:dev:729,4,1,2,4,7,11,7,7,1,1,1,1
nvbench2:dev:730,2,2,2,2,6,6,4,4,1,1,1,1
nvbench2:dev:731,5,5,5,5,15,15,10,10,1,1,1,0
nvbench2:dev:732,5,5,5,5,15,15,10,10,1,1,1,0
nvbench2:dev:733,5,5,5,5,15,15,10,10,1,1,1,0
nvbench2:dev:734,2,2,2,2,6,6,4,4,1,1,1,1
nvbench2:dev:735,2,2,2,2,6,6,2,2,1,1,1,1
nvbench2:dev:736,2,2,2,2,6,6,2,2,1,1,1,1
nvbench2:dev:737,2,2,2,2,6,6,4,4,1,1,1,1
nvbench2:dev:738,2,2,2,2,6,6,4,4,1,1,1,1
nvbench2:dev:739,2,2,2,2,6,6,4,4,1,1,1,1
nvbench2:dev:740,2,2,2,2,6,6,2,2,1,1,1,1
nvbench2:dev:741,2,2,2,2,6,6,4,4,1,1,1,1
nvbench2:dev:742,5,5,5,5,15,15,10,10,1,1,1,0
nvbench2:dev:743,5,5,5,5,15,15,10,10,1,1,1,0
nvbench2:dev:744,2,2,2,2,6,6,4,4,1,1,1,1
nvbench2:dev:745,2,1,1,1,3,3,1,1,0,0,0,0
nvbench2:dev:746,2,2,2,2,6,6,4,4,1,1,1,1
nvbench2:dev:747,3,1,3,3,7,7,7,7,1,1,1,1
nvbench2:dev:748,2,2,2,2,6,6,2,2,1,1,1,1
nvbench2:dev:749,2,2,2,2,6,6,2,2,1,1,1,1
nvbench2:test:0,4,1,4,4,9,9,5,5,1,1,1,1
nvbench2:test:1,5,1,5,5,11,11,10,10,1,1,1,0
nvbench2:test:2,3,1,3,3,7,7,4,4,1,1,1,1
nvbench2:test:3,4,1,4,4,9,9,5,5,1,1,1,1
nvbench2:test:4,3,1,3,3,7,7,4,4,1,1,1,1
nvbench2:test:5,4,1,4,4,9,9,5,5,1,1,1,1
nvbench2:test:6,2,1,2,2,5,5,3,3,1,1,1,1
nvbench2:test:7,5,1,5,5,11,11,10,10,0,0,1,1
nvbench2:test:8,2,1,1,2,4,6,3,3,1,1,1,1
nvbench2:test:9,5,1,5,5,11,11,6,6,1,1,1,1
nvbench2:test:10,3,1,3,3,7,14,8,8,1,1,1,1
nvbench2:test:11,5,1,5,5,11,11,6,6,1,1,1,1
nvbench2:test:12,3,1,3,3,7,7,4,4,1,1,1,1
nvbench2:test:13,4,2,4,4,10,10,10,10,1,1,1,0
nvbench2:test:14,2,1,2,2,5,5,4,4,1,1,1,1
nvbench2:test:15,4,2,4,4,10,10,10,10,1,1,1,0
nvbench2:test:16,2,2,2,2,6,6,2,2,1,1,1,1
nvbench2:test:17,4,1,4,4,9,9,5,5,1,1,1,1
nvbench2:test:18,4,2,4,4,10,10,10,10,1,1,1,0
nvbench2:test:19,2,2,2,2,6,6,4,4,1,1,1,1
nvbench2:test:20,2,1,2,2,5,10,6,6,1,1,1,1
nvbench2:test:21,4,4,4,4,12,12,4,4,1,1,1,1
nvbench2:test:22,4,1,4,4,9,9,5,5,1,1,1,1
nvbench2:test:23,4,2,4,4,10,10,10,10,1,1,1,0
nvbench2:test:24,3,1,2,3,6,8,5,5,1,1,1,1
nvbench2:test:25,2,2,2,2,6,6,4,4,1,1,1,1
nvbench2:test:26,4,1,4,4,9,9,9,9,1,1,1,0
nvbench2:test:27,5,2,4,5,11,13,8,8,1,1,1,1
nvbench2:test:28,2,2,2,2,6,6,2,2,1,1,1,1
nvbench2:test:29,4,1,4,4,9,9,5,5,1,1,1,1
nvbench2:test:30,2,1,2,2,5,5,3,3,1,1,1,1
nvbench2:test:31,2,2,2,2,6,6,2,2,1,1,1,1
nvbench2:test:32,4,1,4,4,9,9,9,9,1,1,1,0
nvbench2:test:33,4,1,4,4,9,9,9,9,1,1,1,0
nvbench2:test:34,4,1,4,4,9,9,5,5,1,1,1,1
nvbench2:test:35,4,2,4,4,10,10,6,6,1,1,1,1
nvbench2:test:36,4,1,4,4,9,9,5,5,1,1,1,1
nvbench2:test:37,2,1,1,1,3,4,3,3,0,0,0,0
nvbench2:test:38,4,2,4,4,10,10,10,10,1,1,1,0
nvbench2:test:39,2,2,2,2,6,6,4,4,1,1,1,1
nvbench2:test:40,2,1,2,2,5,5,5,5,1,1,1,1
nvbench2:test:41,2,2,2,2,6,6,2,2,1,1,1,1
nvbench2:test:42,3,1,3,3,7,7,6,6,1,1,1,1
nvbench2:test:43,2,1,1,1,3,3,2,2,0,1,1,1
nvbench2:test:44,3,1,3,3,7,7,4,4,1,1,1,1
nvbench2:test:45,2,1,2,2,5,5,3,3,1,1,1,1
nvbench2:test:46,2,2,2,2,6,6,4,4,1,1,1,1
nvbench2:test:47,3,1,3,3,7,7,4,4,1,1,1,1
nvbench2:test:48,2,1,2,2,5,5,3,3,1,1,1,1
nvbench2:test:49,2,1,1,2,4,4,3,3,1,1,1,1
nvbench2:test:50,2,2,2,2,6,6,4,4,1,1,1,1
nvbench2:test:51,4,4,4,4,12,12,8,8,1,1,1,1
nvbench2:test:52,2,1,2,2,5,5,3,3,1,1,1,1
nvbench2:test:53,2,1,1,2,4,4,4,4,1,1,1,1
nvbench2:test:54,2,2,2,2,6,6,4,4,1,1,1,1
nvbench2:test:55,5,2,5,5,12,12,11,11,1,1,1,0
nvbench2:test:56,3,1,3,3,7,7,3,3,1,1,1,1
nvbench2:test:57,3,1,3,3,7,7,4,4,1,1,1,1
nvbench2:test:58,5,2,5,5,12,12,6,6,1,1,1,1
nvbench2:test:59,3,2,3,3,8,8,5,5,1,1,1,1
nvbench2:test:60,3,1,2,3,6,8,6,6,1,1,1,1
nvbench2:test:61,2,1,2,2,5,5,3,3,1,1,1,1
nvbench2:test:62,3,1,3,3,7,7,4,4,1,1,1,1
nvbench2:test:63,3,1,3,3,7,7,4,4,1,1,1,1
nvbench2:test:64,5,2,5,5,12,12,6,6,1,1,1,1
nvbench2:test:65,3,1,3,3,7,7,4,4,1,1,1,1
nvbench2:test:66,5,2,5,5,12,12,11,11,1,1,1,1
nvbench2:test:67,2,2,2,2,6,6,2,2,1,1,1,1
nvbench2:test:68,2,1,2,2,5,5,5,5,1,1,1,1
nvbench2:test:69,3,1,3,3,7,7,7,7,1,1,1,1
nvbench2:test:70,2,2,2,2,6,6,4,4,1,1,1,1
nvbench2:test:71,5,2,5,5,12,12,7,7,1,1,1,1
nvbench2:test:72,2,1,2,2,5,5,3,3,1,1,1,1
nvbench2:test:73,5,2,5,5,12,12,7,7,1,1,1,1
nvbench2:test:74,3,1,3,3,7,7,4,4,1,1,1,1
nvbench2:test:75,5,1,5,5,11,11,6,6,1,1,1,1
nvbench2:test:76,3,1,3,3,7,7,4,4,1,1,1,1
nvbench2:test:77,4,2,4,4,10,10,6,6,1,1,1,1
nvbench2:test:78,5,1,5,5,11,11,6,6,1,1,1,1
nvbench2:test:79,3,1,3,3,7,7,4,4,1,1,1,1
nvbench2:test:80,3,1,3,3,7,14,8,8,1,1,1,1
nvbench2:test:81,3,1,3,3,7,7,4,4,1,1,1,1
nvbench2:test:82,5,1,5,5,11,11,11,11,1,1,1,0
nvbench2:test:83,3,1,3,3,7,7,7,7,1,1,1,1
nvbench2:test:84,3,1,3,3,7,7,4,4,1,1,1,1
nvbench2:test:85,3,1,3,3,7,7,7,7,1,1,1,1
nvbench2:test:86,3,1,3,3,7,7,4,4,1,1,1,1
nvbench2:test:87,2,1,1,1,3,4,3,3,0,1,1,1
nvbench2:test:88,3,1,3,3,7,14,8,8,1,1,1,1
nvbench2:test:89,5,1,5,5,11,11,6,6,1,1,1,1
nvbench2:test:90,3,1,3,3,7,14,8,8,1,1,1,1
nvbench2:test:91,4,1,4,4,9,9,8,8,1,1,1,1
nvbench2:test:92,2,1,1,2,4,6,3,3,1,1,1,1
nvbench2:test:93,4,1,4,4,9,9,4,4,1,1,1,1
nvbench2:test:94,5,2,5,5,12,12,6,6,1,1,1,1
nvbench2:test:95,3,1,3,3,7,7,3,3,1,1,1,1
nvbench2:test:96,5,2,5,5,12,12,11,11,1,1,1,0
nvbench2:test:97,5,2,5,5,12,12,6,6,1,1,1,1
nvbench2:test:98,3,1,3,3,7,7,7,7,1,1,1,1
nvbench2:test:99,2,1,2,2,5,5,3,3,1,1,1,1
nvbench2:test:100,3,2,3,3,8,8,8,8,1,1,1,0
nvbench2:test:101,2,2,2,2,6,6,2,2,1,1,1,1
nvbench2:test:102,3,1,3,3,7,7,4,4,1,1,1,1
nvbench2:test:103,3,2,3,3,8,8,8,8,1,1,1,0
nvbench2:test:104,3,1,3,3,7,7,7,7,1,1,1,1
nvbench2:test:105,3,1,2,3,6,8,5,5,1,1,1,1
nvbench2:test:106,3,1,3,3,7,7,4,4,1,1,1,1
nvbench2:test:107,3,1,3,3,7,7,7,7,1,1,1,1
nvbench2:test:108,5,2,5,5,12,12,6,6,1,1,1,1
nvbench2:test:109,2,2,2,2,6,6,2,2,1,1,1,1
nvbench2:test:110,2,1,2,2,5,5,3,3,1,1,1,1
nvbench2:test:111,3,2,3,3,8,8,8,8,1,1,1,0
nvbench2:test:112,2,1,2,2,5,5,3,3,1,1,1,1
nvbench2:test:113,3,1,3,3,7,7,3,3,1,1,1,1
nvbench2:test:114,5,2,5,5,12,12,12,12,1,1,1,0
nvbench2:test:115,2,1,2,2,5,5,3,3,1,1,1,1
nvbench2:test:116,2,1,2,2,5,5,3,3,1,1,1,1
nvbench2:test:117,5,2,5,5,12,12,6,6,1,1,1,1
nvbench2:test:118,2,2,1,1,4,4,3,3,0,0,1,1
nvbench2:test:119,2,2,2,2,6,6,4,4,1,1,1,1
nvbench2:test:120,2,2,2,2,6,6,4,4,1,1,1,1
nvbench2:test:121,5,2,5,5,12,12,11,11,1,1,1,0
nvbench2:test:122,3,1,3,3,7,7,7,7,1,1,1,1
nvbench2:test:123,2,1,2,2,5,5,3,3,1,1,1,1
nvbench2:test:124,5,2,5,5,12,12,6,6,1,1,1,1
nvbench2:test:125,2,2,2,2,6,6,2,2,1,1,1,1
nvbench2:test:126,2,2,2,2,6,6,4,4,1,1,1,1
nvbench2:test:127,2,2,2,2,6,6,4,4,1,1,1,1
nvbench2:test:128,5,2,5,5,12,12,12,12,1,1,1,0
nvbench2:test:129,4,1,4,4,9,9,5,5,1,1,1,1
nvbench2:test:130,2,2,2,2,6,6,4,4,1,1,1,1
nvbench2:test:131,4,1,4,4,9,9,9,9,1,1,1,0
nvbench2:test:132,2,1,1,1,3,3,2,2,0,0,0,0
nvbench2:test:133,2,2,2,2,6,6,6,6,1,1,1,1
nvbench2:test:134,4,1,4,4,9,9,9,9,1,1,1,0
nvbench2:test:135,5,2,5,5,12,12,12,12,1,1,1,0
nvbench2:test:136,2,2,2,2,6,6,4,4,1,1,1,1
nvbench2:test:137,4,4,4,4,12,12,4,4,1,1,1,1
nvbench2:test:138,2,2,2,2,6,6,2,2,1,1,1,1
nvbench2:test:139,2,2,2,2,6,6,4,4,1,1,1,1
nvbench2:test:140,2,2,2,2,6,6,4,4,1,1,1,1
nvbench2:test:141,2,2,2,2,6,6,4,4,1,1,1,1
nvbench2:test:142,2,2,2,2,6,6,4,4,1,1,1,1
nvbench2:test:143,5,5,5,5,15,15,10,10,1,1,1,0
nvbench2:test:144,2,2,2,2,6,6,4,4,1,1,1,1
nvbench2:test:145,2,1,1,1,3,3,1,1,0,0,0,0
nvbench2:test:146,2,2,2,2,6,6,4,4,1,1,1,1
nvbench2:test:147,2,2,2,2,6,6,2,2,1,1,1,1
nvbench2:test:148,2,2,1,1,4,4,3,3,0,1,1,1
nvbench2:test:149,2,2,2,2,6,6,4,4,1,1,1,1
nvbench2:test:150,4,4,4,4,12,12,4,4,1,1,1,1
nvbench2:test:151,2,2,2,2,6,6,4,4,1,1,1,1
nvbench2:test:152,2,2,2,2,6,6,4,4,1,1,1,1
nvbench2:test:153,2,1,2,2,5,5,5,5,1,1,1,1
nvbench2:test:154,1,1,1,1,4,4,2,2,1,1,1,1
nvbench2:test:155,5,5,5,5,15,15,10,10,1,1,1,0
nvbench2:test:156,2,2,2,2,6,6,2,2,1,1,1,1
nvbench2:test:157,5,2,5,5,12,12,6,6,1,1,1,1
nvbench2:test:158,3,1,3,3,7,7,7,7,1,1,1,1
nvbench2:test:159,5,5,5,5,15,15,10,10,1,1,1,1
nvbench2:test:160,2,2,2,2,6,6,2,2,1,1,1,1
nvbench2:test:161,5,2,5,5,12,12,6,6,1,1,1,1
nvbench2:test:162,3,3,3,3,10,10,8,8,1,1,1,0
nvbench2:test:163,3,2,3,3,8,8,7,7,1,1,1,1
nvbench2:test:164,5,5,5,5,15,15,10,10,1,1,1,0
nvbench2:test:165,2,2,2,2,6,6,4,4,1,1,1,1
nvbench2:test:166,1,1,1,1,4,4,2,2,1,1,1,1
nvbench2:test:167,2,1,2,2,5,5,3,3,1,1,1,1
nvbench2:test:168,5,2,5,5,12,12,6,6,1,1,1,1
nvbench2:test:169,2,2,2,2,6,6,2,2,1,1,1,1
nvbench2:test:170,2,2,2,2,6,6,4,4,1,1,1,1
nvbench2:test:171,2,2,2,2,6,6,4,4,1,1,1,1
nvbench2:test:172,5,2,5,5,12,12,7,7,1,1,1,1
nvbench2:test:173,4,1,2,4,7,7,4,4,1,1,1,1
nvbench2:test:174,2,1,2,2,5,5,3,3,1,1,1,1
nvbench2:test:175,2,1,1,1,3,3,2,2,0,1,1,1
nvbench2:test:176,3,3,3,3,10,10,5,5,1,1,1,1
nvbench2:test:177,2,2,2,2,6,6,4,4,1,1,1,1
nvbench2:test:178,2,1,2,2,5,5,3,3,1,1,1,1
nvbench2:test:179,3,2,3,3,8,8,5,5,1,1,1,1
nvbench2:test:180,3,2,3,3,8,8,4,4,1,1,1,1
nvbench2:test:181,2,1,2,2,5,5,3,3,1,1,1,1
nvbench2:test:182,2,1,2,2,5,5,5,5,1,1,1,1
nvbench2:test:183,3,2,3,3,8,8,7,7,1,1,1,1
nvbench2:test:184,5,5,5,5,15,15,10,10,1,1,1,0
nvbench2:test:185,3,2,3,3,8,8,4,4,1,1,1,1
nvbench2:test:186,2,1,2,2,5,5,3,3,1,1,1,1
nvbench2:test:187,4,1,4,4,9,9,5,5,1,1,1,1
nvbench2:test:188,2,1,1,2,4,4,3,3,1,1,1,1
nvbench2:test:189,2,2,2,2,6,6,2,2,1,1,1,1
nvbench2:test:190,2,1,2,2,5,5,3,3,1,1,1,1
nvbench2:test:191,2,1,1,2,4,4,4,4,1,1,1,1
nvbench2:test:192,5,1,5,5,11,11,5,5,1,1,1,1
nvbench2:test:193,5,1,5,5,11,11,11,11,1,1,1,0
nvbench2:test:194,2,1,2,2,5,5,5,5,1,1,1,1
nvbench2:test:195,3,1,3,3,7,14,14,14,1,1,1,1
nvbench2:test:196,2,1,1,1,3,3,2,2,0,1,1,1
nvbench2:test:197,5,1,3,5,9,13,8,8,1,1,1,1
nvbench2:test:198,4,1,4,4,9,9,9,9,1,1,1,0
nvbench2:test:199,5,1,2,1,4,4,2,2,0,1,1,1
nvbench2:test:200,5,5,5,5,15,15,10,10,1,1,1,0
nvbench2:test:201,2,2,2,2,6,6,2,2,1,1,1,1
nvbench2:test:202,2,2,2,2,6,6,6,6,1,1,1,1
nvbench2:test:203,2,2,2,2,6,6,4,4,1,1,1,1
nvbench2:test:204,2,2,2,2,6,6,4,4,1,1,1,1
nvbench2:test:205,2,2,2,2,6,6,4,4,1,1,1,1
nvbench2:test:206,2,2,2,2,6,6,2,2,1,1,1,1
nvbench2:test:207,2,2,2,2,6,6,4,4,1,1,1,1
nvbench2:test:208,2,2,2,2,6,6,4,4,1,1,1,1
nvbench2:test:209,2,2,2,2,6,6,6,6,1,1,1,1
nvbench2:test:210,2,2,2,2,6,6,4,4,1,1,1,1
nvbench2:test:211,5,5,5,5,15,15,14,14,1,1,1,0
nvbench2:test:212,4,4,4,4,12,12,4,4,1,1,1,1
nvbench2:test:213,2,2,2,2,6,6,4,4,1,1,1,1
nvbench2:test:214,3,3,3,3,9,9,6,6,1,1,1,1
nvbench2:test:215,2,2,2,2,6,6,4,4,1,1,1,1
nvbench2:test:216,2,2,2,2,6,6,4,4,1,1,1,1
nvbench2:test:217,4,2,2,2,6,6,2,2,0,0,0,0
nvbench2:test:218,2,1,1,2,4,4,4,4,1,1,1,1
nvbench2:test:219,4,1,4,4,9,9,5,5,1,1,1,1
nvbench2:test:220,4,1,4,4,9,9,9,9,1,1,1,1
nvbench2:test:221,2,1,2,2,5,5,5,5,1,1,1,1
nvbench2:test:222,3,1,3,3,7,7,6,6,1,1,1,1
nvbench2:test:223,3,1,3,3,7,7,7,7,1,1,1,1
nvbench2:test:224,3,1,3,3,7,7,4,4,1,1,1,1
nvbench2:test:225,4,1,4,4,9,9,8,8,1,1,1,1
nvbench2:test:226,2,1,2,2,5,5,3,3,1,1,1,1
nvbench2:test:227,4,1,4,4,9,9,5,5,1,1,1,1
nvbench2:test:228,1,1,1,1,3,3,2,2,1,1,1,1
nvbench2:test:229,2,2,2,2,6,6,4,4,1,1,1,1
nvbench2:test:230,3,2,3,3,8,8,5,5,1,1,1,1
nvbench2:test:231,2,1,2,2,5,5,3,3,1,1,1,1
nvbench2:test:232,4,1,4,4,9,9,5,5,1,1,1,1
nvbench2:test:233,2,2,2,2,6,6,4,4,1,1,1,1
nvbench2:test:234,3,1,3,3,7,7,4,4,1,1,1,1
nvbench2:test:235,4,2,4,4,10,10,6,6,1,1,1,1
nvbench2:test:236,2,1,2,2,5,5,3,3,1,1,1,1
nvbench2:test:237,2,1,2,2,5,5,3,3,1,1,1,1
nvbench2:test:238,3,1,3,3,7,7,3,3,1,1,1,1
nvbench2:test:239,2,1,2,2,5,5,3,3,1,1,1,1
nvbench2:test:240,2,1,2,2,5,5,3,3,1,1,1,1
nvbench2:test:241,3,2,3,3,8,8,5,5,1,1,1,1
nvbench2:test:242,3,1,3,3,7,7,4,4,1,1,1,1
nvbench2:test:243,3,2,3,3,8,8,8,8,1,1,1,0
nvbench2:test:244,4,1,4,4,9,9,4,4,1,1,1,1
nvbench2:test:245,3,1,3,3,7,7,4,4,1,1,1,1
nvbench2:test:246,3,2,3,3,8,8,8,8,1,1,1,0
nvbench2:test:247,2,1,2,2,5,10,6,6,1,1,1,1
nvbench2:test:248,3,2,3,3,8,8,5,5,1,1,1,1
nvbench2:test:249,4,1,2,4,7,11,7,7,1,1,1,1
nvbench2:test:250,2,1,2,2,5,5,3,3,1,1,1,1
nvbench2:test:251,2,2,2,2,6,6,2,2,1,1,1,1
nvbench2:test:252,2,1,2,2,5,10,10,10,1,1,1,1
nvbench2:test:253,4,1,2,4,7,11,7,7,1,1,1,1
nvbench2:test:254,2,2,2,2,6,6,4,4,1,1,1,1
nvbench2:test:255,2,2,2,2,6,6,2,2,1,1,1,1
nvbench2:test:256,4,2,4,4,10,10,10,10,1,1,1,0
nvbench2:test:257,2,1,2,2,5,5,3,3,1,1,1,1
nvbench2:test:258,2,2,2,2,6,6,2,2,1,1,1,1
nvbench2:test:259,4,4,4,4,12,12,4,4,1,1,1,1
nvbench2:test:260,3,1,3,3,7,7,3,3,1,1,1,1
nvbench2:test:261,5,2,5,5,12,12,12,12,1,1,1,0
nvbench2:test:262,3,1,2,3,6,8,5,5,1,1,1,1
nvbench2:test:263,5,1,5,5,11,11,6,6,1,1,1,1
nvbench2:test:264,3,1,1,1,3,3,3,3,0,1,1,1
nvbench2:test:265,3,1,2,3,6,8,5,5,1,1,1,1
nvbench2:test:266,2,1,1,1,3,3,1,1,0,0,0,0
nvbench2:test:267,5,1,5,5,11,11,11,11,1,1,1,0
nvbench2:test:268,5,1,5,5,11,11,11,11,1,1,1,0
nvbench2:test:269,5,1,5,5,11,11,6,6,1,1,1,1
nvbench2:test:270,5,2,2,2,6,6,5,5,0,1,1,1
nvbench2:test:271,4,1,4,4,9,18,18,15,1,1,1,1
nvbench2:test:272,3,1,3,3,7,7,7,7,1,1,1,1
nvbench2:test:273,4,2,4,4,10,10,9,9,1,1,1,0
nvbench2:test:274,2,2,2,2,6,6,4,4,1,1,1,1
nvbench2:test:275,2,2,2,2,6,6,6,6,1,1,1,1
nvbench2:test:276,3,1,3,3,7,7,4,4,1,1,1,1
nvbench2:test:277,4,2,4,4,10,10,10,10,1,1,1,0
nvbench2:test:278,2,2,2,2,6,6,6,6,1,1,1,1
nvbench2:test:279,2,2,2,2,6,6,5,5,1,1,1,1
nvbench2:test:280,2,1,2,2,5,5,2,2,1,1,1,1
nvbench2:test:281,3,1,1,1,3,3,2,2,0,1,1,1
nvbench2:test:282,3,1,3,3,7,7,4,4,1,1,1,1
nvbench2:test:283,2,1,2,2,5,5,3,3,1,1,1,1
nvbench2:test:284,2,2,2,2,6,6,4,4,1,1,1,1
nvbench2:test:285,2,1,2,2,5,5,3,3,1,1,1,1
nvbench2:test:286,2,1,1,1,3,4,3,3,0,1,1,1
nvbench2:test:287,3,1,3,3,7,7,3,3,1,1,1,1
nvbench2:test:288,3,1,3,3,7,7,4,4,1,1,1,1
nvbench2:test:289,4,1,2,4,7,11,7,7,1,1,1,1
nvbench2:test:290,2,1,2,2,5,10,10,10,1,1,1,1
nvbench2:test:291,2,1,2,2,5,5,3,3,1,1,1,1
nvbench2:test:292,2,1,2,2,5,10,10,10,1,1,1,1
nvbench2:test:293,2,1,2,2,5,5,3,3,1,1,1,1
nvbench2:test:294,3,1,3,3,7,7,6,6,1,1,1,1
nvbench2:test:295,4,1,4,4,9,9,9,9,1,1,1,1
nvbench2:test:296,5,5,5,5,15,15,10,10,1,1,1,0
nvbench2:test:297,2,2,2,2,6,6,6,6,1,1,1,1
nvbench2:test:298,3,2,3,3,8,8,7,7,1,1,1,1
nvbench2:test:299,2,2,2,2,6,6,4,4,1,1,1,1
nvbench2:test:300,2,2,2,2,6,6,2,2,1,1,1,1
nvbench2:test:301,2,2,2,2,6,6,6,6,1,1,1,1
nvbench2:test:302,2,1,2,2,5,5,3,3,1,1,1,1
nvbench2:test:303,2,2,2,2,6,6,4,4,1,1,1,1
nvbench2:test:304,2,1,2,2,5,5,4,4,1,1,1,1
nvbench2:test:305,3,2,3,3,8,8,6,6,1,1,1,1
nvbench2:test:306,3,2,3,3,8,8,6,6,1,1,1,1
nvbench2:test:307,4,1,4,4,9,9,5,5,1,1,1,1
nvbench2:test:308,4,1,4,4,9,9,5,5,1,1,1,1
nvbench2:test:309,4,1,2,4,7,7,6,6,1,1,1,1
nvbench2:test:310,4,1,4,4,9,9,5,5,1,1,1,1
nvbench2:test:311,2,1,1,1,3,3,3,3,0,0,0,0
nvbench2:test:312,2,1,2,2,5,5,2,2,0,0,0,0
nvbench2:test:313,2,1,1,2,4,6,4,4,1,1,1,1
nvbench2:test:314,2,1,2,2,5,5,2,2,0,0,0,0
nvbench2:test:315,2,1,1,1,3,4,4,4,0,1,1,1
nvbench2:test:316,2,1,2,2,5,5,3,3,1,1,1,1
nvbench2:test:317,2,1,1,2,4,6,4,4,1,1,1,1
nvbench2:test:318,4,1,4,4,9,9,8,8,1,1,1,1
nvbench2:test:319,2,1,2,2,5,5,5,5,1,1,1,1
nvbench2:test:320,3,2,3,3,8,8,8,8,1,1,1,0
nvbench2:test:321,4,1,4,4,9,9,5,5,1,1,1,1
nvbench2:test:322,4,1,4,4,9,9,5,5,1,1,1,1
nvbench2:test:323,4,1,4,4,9,9,5,5,1,1,1,1
nvbench2:test:324,4,1,4,4,9,9,9,9,1,1,1,0
nvbench2:test:325,2,2,2,2,6,6,4,4,1,1,1,1
nvbench2:test:326,2,2,2,2,6,6,4,4,1,1,1,1
nvbench2:test:327,2,2,2,2,6,6,4,4,1,1,1,1
nvbench2:test:328,5,2,5,5,12,12,6,6,1,1,1,1
nvbench2:test:329,5,2,5,5,12,12,6,6,1,1,1,1
nvbench2:test:330,2,2,2,2,6,6,4,4,1,1,1,1
nvbench2:test:331,5,2,5,5,12,12,7,7,1,1,1,1
nvbench2:test:332,2,2,2,2,6,6,4,4,1,1,1,1
nvbench2:test:333,2,1,2,2,5,5,3,3,1,1,1,1
nvbench2:test:334,4,2,4,4,10,10,10,10,1,1,1,0
nvbench2:test:335,4,1,4,4,9,9,5,5,1,1,1,1
nvbench2:test:336,2,2,2,2,6,6,2,2,1,1,1,1
nvbench2:test:337,4,2,4,4,10,10,10,10,1,1,1,0
nvbench2:test:338,2,2,2,2,6,6,4,4,1,1,1,1
nvbench2:test:339,2,2,2,2,6,6,4,4,1,1,1,1
nvbench2:test:340,2,2,2,2,6,6,4,4,1,1,1,1
nvbench2:test:341,5,1,5,5,11,11,11,11,1,1,1,0
nvbench2:test:342,4,4,4,4,12,12,4,4,1,1,1,1
nvbench2:test:343,3,1,3,3,7,7,6,6,1,1,1,1
nvbench2:test:344,5,2,5,5,12,12,12,12,1,1,1,0
nvbench2:test:345,3,1,3,3,7,7,6,6,0,0,0,0
nvbench2:test:346,4,1,4,4,9,9,5,5,1,1,1,1
nvbench2:test:347,4,4,4,4,12,12,4,4,1,1,1,1
nvbench2:test:348,2,1,2,2,5,5,3,3,1,1,1,1
nvbench2:test:349,4,1,4,4,9,9,5,5,1,1,1,1
nvbench2:test:350,3,1,3,3,7,7,4,4,1,1,1,1
nvbench2:test:351,2,1,2,2,5,5,3,3,1,1,1,1
nvbench2:test:352,2,1,1,2,4,4,4,4,1,1,1,1
nvbench2:test:353,4,1,4,4,9,9,5,5,1,1,1,1
nvbench2:test:354,2,2,2,2,6,6,2,2,1,1,1,1
nvbench2:test:355,4,1,4,4,9,9,9,9,1,1,1,0
nvbench2:test:356,2,2,2,2,6,6,4,4,1,1,1,1
nvbench2:test:357,4,1,4,4,9,9,9,9,1,1,1,0
nvbench2:test:358,5,1,4,5,10,12,7,7,1,1,1,1
nvbench2:test:359,4,1,4,4,9,9,5,5,1,1,1,1
nvbench2:test:360,4,2,4,4,10,10,10,10,1,1,1,0
nvbench2:test:361,2,1,2,1,4,4,3,3,0,1,1,1
nvbench2:test:362,2,1,2,2,5,5,2,2,1,1,1,1
nvbench2:test:363,2,1,2,2,5,5,2,2,1,1,1,1
nvbench2:test:364,5,1,5,5,11,11,6,6,1,1,1,1
nvbench2:test:365,2,1,2,2,5,5,4,4,1,1,1,1
nvbench2:test:366,5,1,5,5,11,11,6,6,1,1,1,1
nvbench2:test:367,2,1,2,2,5,5,2,2,1,1,1,1
nvbench2:test:368,4,2,4,4,10,10,6,6,1,1,1,1
nvbench2:test:369,5,1,5,5,11,11,6,6,1,1,1,1
nvbench2:test:370,5,1,5,5,11,11,6,6,1,1,1,1
nvbench2:test:371,2,1,2,2,5,5,2,2,1,1,1,1
nvbench2:test:372,2,1,2,2,5,5,2,2,1,1,1,1
nvbench2:test:373,4,1,4,4,9,9,5,5,1,1,1,1
nvbench2:test:374,3,1,2,1,4,4,2,2,0,1,1,1
nvbench2:test:375,2,2,1,1,4,4,2,2,0,1,1,1
nvbench2:test:376,4,2,4,4,10,10,10,10,1,1,1,0
nvbench2:test:377,4,1,4,4,9,9,9,9,1,1,1,0
nvbench2:test:378,2,1,2,1,4,4,3,3,0,1,1,1
nvbench2:test:379,4,2,4,4,10,10,6,6,1,1,1,1
nvbench2:test:380,2,1,2,2,5,10,10,10,1,1,1,1
nvbench2:test:381,3,2,3,3,8,8,7,7,1,1,1,1
nvbench2:test:382,3,2,3,3,8,8,4,4,1,1,1,1
nvbench2:test:383,2,1,2,2,5,5,5,5,1,1,1,1
nvbench2:test:384,3,1,3,3,7,7,4,4,1,1,1,1
nvbench2:test:385,3,1,3,3,7,7,4,4,1,1,1,1
nvbench2:test:386,3,1,3,3,7,7,7,7,1,1,1,1
nvbench2:test:387,3,1,3,3,7,7,7,7,1,1,1,1
nvbench2:test:388,5,5,5,5,15,15,10,10,1,1,1,0
nvbench2:test:389,5,5,5,5,15,15,10,10,1,1,1,0
nvbench2:test:390,2,2,2,2,6,6,4,4,1,1,1,1
nvbench2:test:391,5,1,5,5,11,11,11,11,1,1,1,0
nvbench2:test:392,4,2,4,4,10,10,6,6,1,1,1,1
nvbench2:test:393,2,2,2,2,6,6,2,2,1,1,1,1
nvbench2:test:394,5,1,5,5,11,11,6,6,1,1,1,1
nvbench2:test:395,2,2,2,2,6,6,2,2,1,1,1,1
nvbench2:test:396,2,2,2,2,6,6,6,6,1,1,1,1
nvbench2:test:397,4,2,4,4,10,10,10,10,1,1,1,0
nvbench2:test:398,4,2,4,4,10,10,10,10,1,1,1,0
nvbench2:test:399,2,2,2,2,6,6,2,2,1,1,1,1
nvbench2:test:400,2,2,2,2,6,6,4,4,1,1,1,1
nvbench2:test:401,4,4,4,4,12,12,4,4,1,1,1,1
nvbench2:test:402,2,1,1,1,3,3,3,3,0,1,1,1
nvbench2:test:403,4,1,4,4,9,9,5,5,1,1,1,1
nvbench2:test:404,4,1,4,4,9,9,9,9,1,1,1,0
nvbench2:test:405,2,1,2,2,5,5,5,5,1,1,1,1
nvbench2:test:406,2,2,2,2,6,6,2,2,1,1,1,1
nvbench2:test:407,4,1,4,4,9,9,5,5,1,1,1,1
nvbench2:test:408,3,1,3,3,7,7,6,6,1,1,1,1
nvbench2:test:409,3,1,3,3,7,7,4,4,1,1,1,1
nvbench2:test:410,3,1,3,3,7,7,7,7,1,1,1,1
nvbench2:test:411,5,5,5,5,15,15,10,10,1,1,1,0
nvbench2:test:412,5,1,5,5,11,11,11,11,1,1,1,0
nvbench2:test:413,5,1,5,5,11,11,6,6,1,1,1,1
nvbench2:test:414,4,2,4,4,10,10,10,10,1,1,1,0
nvbench2:test:415,5,1,5,5,11,11,6,6,1,1,1,1
nvbench2:test:416,4,1,4,4,9,9,9,9,1,1,1,0
nvbench2:test:417,2,2,2,2,6,6,6,6,1,1,1,1
nvbench2:test:418,2,2,2,2,6,6,4,4,1,1,1,1
nvbench2:test:419,5,1,5,5,11,11,6,6,1,1,1,1
nvbench2:test:420,2,2,2,2,6,6,4,4,1,1,1,1
nvbench2:test:421,5,2,5,5,12,12,7,7,1,1,1,1
nvbench2:test:422,5,2,5,5,12,12,7,7,1,1,1,1
nvbench2:test:423,5,2,5,5,12,12,12,12,1,1,1,0
nvbench2:test:424,5,1,5,5,11,11,6,6,1,1,1,1
nvbench2:test:425,5,2,5,5,12,12,12,12,1,1,1,0
nvbench2:test:426,5,1,5,5,11,11,6,6,1,1,1,1
nvbench2:test:427,5,1,5,5,11,11,6,6,1,1,1,1
nvbench2:test:428,5,2,5,5,12,12,12,12,1,1,1,0
nvbench2:test:429,2,2,2,2,6,6,4,4,1,1,1,1
nvbench2:test:430,2,2,2,2,6,6,4,4,1,1,1,1
nvbench2:test:431,5,1,5,5,11,11,11,11,1,1,1,0
nvbench2:test:432,5,5,5,5,15,15,14,14,1,1,1,0
nvbench2:test:433,4,2,4,4,10,10,10,10,1,1,1,0
nvbench2:test:434,5,1,5,5,11,11,6,6,1,1,1,1
nvbench2:test:435,4,1,4,4,9,9,5,5,1,1,1,1
nvbench2:test:436,4,2,4,4,10,10,6,6,1,1,1,1
nvbench2:test:437,2,2,2,2,6,6,4,4,1,1,1,1
nvbench2:test:438,4,1,4,4,9,9,9,9,1,1,1,0
nvbench2:test:439,4,2,4,4,10,10,10,10,1,1,1,0
nvbench2:test:440,4,2,4,4,10,10,9,9,1,1,1,0
nvbench2:test:441,2,1,2,2,5,5,4,4,1,1,1,1
nvbench2:test:442,2,2,2,2,6,6,3,3,1,1,1,1
nvbench2:test:443,2,2,2,2,6,6,6,6,1,1,1,1
nvbench2:test:444,2,2,2,2,6,6,4,4,1,1,1,1
nvbench2:test:445,2,2,2,2,6,6,4,4,0,1,1,1
nvbench2:test:446,2,1,2,2,5,5,4,4,1,1,1,1
nvbench2:test:447,2,1,2,1,5,5,3,3,0,1,1,1
nvbench2:test:448,2,2,2,2,6,6,2,2,1,1,1,1
nvbench2:test:449,2,1,2,1,4,4,3,3,0,1,1,1
nvbench2:test:450,2,1,2,2,5,5,4,4,1,1,1,1
nvbench2:test:451,2,2,2,2,6,6,4,4,1,1,1,1
nvbench2:test:452,4,4,4,4,12,12,4,4,1,1,1,1
nvbench2:test:453,2,2,2,2,6,6,2,2,1,1,1,1
nvbench2:test:454,2,1,2,2,5,10,6,6,1,1,1,1
nvbench2:test:455,4,4,4,4,12,12,4,4,1,1,1,1
nvbench2:test:456,2,1,1,2,4,6,3,3,1,1,1,1
nvbench2:test:457,2,1,2,2,5,5,3,3,1,1,1,1
nvbench2:test:458,2,2,2,2,6,6,4,4,1,1,1,1
nvbench2:test:459,3,1,2,1,4,4,2,2,0,1,1,1
nvbench2:test:460,2,1,2,2,5,5,5,5,1,1,1,1
nvbench2:test:461,3,1,3,3,7,7,7,7,1,1,1,1
nvbench2:test:462,2,2,2,2,6,6,4,4,1,1,1,1
nvbench2:test:463,5,2,5,5,12,12,11,11,1,1,1,1
nvbench2:test:464,5,2,5,5,12,12,7,7,1,1,1,1
nvbench2:test:465,2,1,2,2,5,5,5,5,1,1,1,1
nvbench2:test:466,2,2,2,2,6,6,4,4,1,1,1,1
nvbench2:test:467,2,2,2,2,6,6,4,4,1,1,1,1
nvbench2:test:468,3,1,3,3,7,7,4,4,1,1,1,1
nvbench2:test:469,2,2,2,2,6,6,4,4,1,1,1,1
nvbench2:test:470,4,4,4,4,12,12,8,8,1,1,1,1
nvbench2:test:471,5,2,5,5,12,12,6,6,1,1,1,1
nvbench2:test:472,4,2,4,4,10,10,10,10,1,1,1,0
nvbench2:test:473,3,1,3,3,7,7,4,4,1,1,1,1
nvbench2:test:474,3,1,3,3,7,7,4,4,1,1,1,1
nvbench2:test:475,2,2,2,2,6,6,2,2,1,1,1,1
nvbench2:test:476,2,1,2,2,5,5,4,4,1,1,1,1
nvbench2:test:477,5,2,3,4,10,10,4,4,0,1,1,1
nvbench2:test:478,4,1,4,4,9,9,9,9,1,1,1,0
nvbench2:test:479,2,2,2,2,6,6,2,2,0,1,1,1
nvbench2:test:480,2,2,2,2,6,6,6,6,1,1,1,1
nvbench2:test:481,2,2,2,2,6,6,5,5,1,1,1,1
nvbench2:test:482,3,1,2,3,6,8,5,5,1,1,1,1
nvbench2:test:483,2,1,1,1,3,3,1,1,0,1,1,1
nvbench2:test:484,2,2,2,2,6,6,6,6,1,1,1,1
nvbench2:test:485,2,2,2,2,6,6,4,4,1,1,1,1
nvbench2:test:486,2,1,2,2,5,5,5,5,0,0,0,0
nvbench2:test:487,2,1,2,2,5,5,2,2,1,1,1,1
nvbench2:test:488,3,1,3,3,7,7,6,6,1,1,1,1
nvbench2:test:489,2,1,1,2,4,6,4,4,1,1,1,1
nvbench2:test:490,5,1,3,5,9,13,9,9,1,1,1,1
nvbench2:test:491,2,1,1,1,3,3,3,3,0,0,0,0
nvbench2:test:492,2,2,2,2,6,6,4,4,1,1,1,1
nvbench2:test:493,2,1,2,2,5,5,3,3,1,1,1,1
nvbench2:test:494,3,1,3,3,7,7,4,4,1,1,1,1
nvbench2:test:495,2,2,2,2,6,6,2,2,1,1,1,1
nvbench2:test:496,2,1,2,2,5,5,3,3,1,1,1,1
nvbench2:test:497,2,2,2,2,6,6,2,2,1,1,1,1
nvbench2:test:498,5,1,5,5,11,11,6,6,1,1,1,1
nvbench2:test:499,2,1,2,2,5,5,4,4,1,1,1,1
nvbench2:test:500,5,2,4,5,11,11,8,8,1,1,1,1
nvbench2:test:501,5,1,5,5,11,11,11,11,1,1,1,0
nvbench2:test:502,3,1,3,3,7,14,8,8,1,1,1,1
nvbench2:test:503,5,1,5,5,11,11,6,6,1,1,1,1
nvbench2:test:504,5,2,4,5,11,11,8,8,1,1,1,1
nvbench2:test:505,2,2,2,2,6,6,4,4,1,1,1,1
nvbench2:test:506,1,1,1,1,4,4,2,2,1,1,1,1
nvbench2:test:507,5,5,5,5,15,15,10,10,1,1,1,0
nvbench2:test:508,2,2,2,2,6,6,2,2,1,1,1,1
nvbench2:test:509,3,2,3,3,8,8,4,4,1,1,1,1
nvbench2:test:510,2,1,2,2,5,5,3,3,1,1,1,1
nvbench2:test:511,3,1,3,3,7,7,4,4,1,1,1,1
nvbench2:test:512,3,1,3,3,7,7,4,4,1,1,1,1
nvbench2:test:513,2,1,1,2,4,4,2,2,1,1,1,1
nvbench2:test:514,2,1,2,2,5,5,3,3,1,1,1,1
nvbench2:test:515,2,1,1,2,4,4,4,4,1,1,1,1
nvbench2:test:516,4,1,4,4,9,9,5,5,1,1,1,1
nvbench2:test:517,4,2,4,4,10,10,6,6,1,1,1,1
nvbench2:test:518,3,1,3,3,7,7,7,7,1,1,1,1
nvbench2:test:519,3,1,3,3,7,7,4,4,1,1,1,1
nvbench2:test:520,3,1,3,3,7,7,4,4,1,1,1,1
nvbench2:test:521,2,1,2,2,5,5,3,3,1,1,1,1
nvbench2:test:522,5,2,5,5,12,12,7,7,1,1,1,1
nvbench2:test:523,2,1,2,2,5,5,3,3,1,1,1,1
nvbench2:test:524,5,5,5,5,15,15,10,10,1,1,1,1
nvbench2:test:525,5,1,2,2,5,5,4,4,0,1,1,1
nvbench2:test:526,2,2,2,2,6,6,4,4,1,1,1,1
nvbench2:test:527,3,2,3,3,8,8,7,7,1,1,1,1
nvbench2:test:528,3,2,3,3,8,8,7,7,1,1,1,1
nvbench2:test:529,3,2,3,3,8,8,7,7,1,1,1,1
nvbench2:test:530,3,2,3,3,8,8,7,7,1,1,1,1
nvbench2:test:531,3,2,3,3,8,8,8,8,1,1,1,0
nvbench2:test:532,3,3,3,3,9,9,3,3,1,1,1,1
nvbench2:test:533,3,2,3,3,8,8,7,7,1,1,1,1
nvbench2:test:534,2,2,2,2,6,6,4,4,1,1,1,1
nvbench2:test:535,3,2,3,3,8,8,7,7,1,1,1,1
nvbench2:test:536,2,2,2,1,5,5,3,3,0,1,1,1
nvbench2:test:537,3,1,3,3,7,7,4,4,1,1,1,1
nvbench2:test:538,3,1,3,3,7,7,7,7,1,1,1,1
nvbench2:test:539,2,2,2,2,6,6,2,2,1,1,1,1
nvbench2:test:540,4,1,4,4,9,9,4,4,1,1,1,1
nvbench2:test:541,2,2,2,2,6,6,4,4,1,1,1,1
nvbench2:test:542,2,2,2,2,6,6,6,6,1,1,1,1
nvbench2:test:543,5,5,5,5,15,15,10,10,1,1,1,0
nvbench2:test:544,2,2,2,2,6,6,2,2,1,1,1,1
nvbench2:test:545,2,2,2,2,6,6,4,4,1,1,1,1
nvbench2:test:546,3,1,3,3,7,7,4,4,1,1,1,1
nvbench2:test:547,3,3,3,3,10,10,5,5,1,1,1,1
nvbench2:test:548,5,2,5,5,12,12,7,7,1,1,1,1
nvbench2:test:549,5,5,5,5,15,15,10,10,1,1,1,0
nvbench2:test:550,2,2,2,2,6,6,6,6,1,1,1,1
nvbench2:test:551,3,2,3,3,8,8,7,7,1,1,1,1
nvbench2:test:552,2,1,2,2,5,5,3,3,1,1,1,1
nvbench2:test:553,3,2,3,3,8,8,4,4,1,1,1,1
nvbench2:test:554,2,1,2,2,5,5,3,3,1,1,1,1
nvbench2:test:555,2,2,2,2,6,6,4,4,1,1,1,1
nvbench2:test:556,1,1,1,1,3,3,2,2,1,1,1,1
nvbench2:test:557,5,5,5,5,15,15,15,15,1,1,1,0
nvbench2:test:558,2,2,2,2,6,6,4,4,1,1,1,1
nvbench2:test:559,1,1,1,1,4,4,2,2,1,1,1,1
nvbench2:test:560,3,1,3,3,7,7,4,4,1,1,1,1
nvbench2:test:561,5,2,5,5,12,12,6,6,1,1,1,1
nvbench2:test:562,3,2,3,3,8,8,5,5,1,1,1,1
nvbench2:test:563,2,1,2,2,5,5,3,3,1,1,1,1
nvbench2:test:564,3,2,3,3,8,8,8,8,1,1,1,0
nvbench2:test:565,4,1,4,4,9,9,5,5,1,1,1,1
nvbench2:test:566,4,1,4,4,9,9,5,5,1,1,1,1
nvbench2:test:567,2,1,1,1,3,4,3,3,0,1,1,1
nvbench2:test:568,3,3,3,3,9,12,8,8,1,1,1,1
nvbench2:test:569,4,2,3,4,9,9,8,8,1,1,1,1
nvbench2:test:570,4,2,3,4,9,9,8,8,1,1,1,1
nvbench2:test:571,3,1,3,3,7,7,7,7,1,1,1,1
nvbench2:test:572,5,2,5,5,12,12,12,12,1,1,1,0
nvbench2:test:573,5,2,5,5,12,12,11,11,1,1,1,0
nvbench2:test:574,5,2,5,5,12,12,11,11,1,1,1,1
nvbench2:test:575,2,2,2,2,6,6,2,2,1,1,1,1
nvbench2:test:576,3,1,3,3,7,7,4,4,1,1,1,1
nvbench2:test:577,5,2,5,5,12,12,6,6,1,1,1,1
nvbench2:test:578,3,1,3,3,7,7,4,4,1,1,1,1
nvbench2:test:579,5,2,5,5,12,12,7,7,1,1,1,1
nvbench2:test:580,2,2,2,2,6,6,2,2,1,1,1,1
nvbench2:test:581,3,1,3,3,7,7,4,4,1,1,1,1
nvbench2:test:582,2,1,1,1,3,4,4,4,0,0,0,0
nvbench2:test:583,4,2,4,4,10,10,10,10,1,1,1,0
nvbench2:test:584,3,1,3,3,7,7,4,4,1,1,1,1
nvbench2:test:585,3,1,3,3,7,7,4,4,1,1,1,1
nvbench2:test:586,2,2,2,2,6,6,2,2,1,1,1,1
nvbench2:test:587,4,2,4,4,10,10,10,10,1,1,1,0
nvbench2:test:588,3,1,3,3,7,7,4,4,1,1,1,1
nvbench2:test:589,2,1,2,2,5,6,4,4,0,1,1,1
nvbench2:test:590,4,4,4,4,12,12,4,4,1,1,1,1
nvbench2:test:591,2,2,2,2,6,6,4,4,1,1,1,1
nvbench2:test:592,2,1,2,2,5,5,3,3,1,1,1,1
nvbench2:test:593,2,2,2,2,6,6,4,4,1,1,1,1
nvbench2:test:594,4,1,2,4,7,11,7,7,1,1,1,1
nvbench2:test:595,5,1,3,5,9,13,8,8,1,1,1,1
nvbench2:test:596,2,1,1,1,3,3,1,1,0,1,1,1
nvbench2:test:597,2,2,2,2,6,6,4,4,1,1,1,1
nvbench2:test:598,3,1,3,3,7,7,4,4,1,1,1,1
nvbench2:test:599,2,1,1,1,3,3,2,2,0,1,1,1
nvbench2:test:600,4,1,4,4,9,9,5,5,1,1,1,1
nvbench2:test:601,3,1,3,3,7,7,4,4,1,1,1,1
nvbench2:test:602,4,2,4,4,10,10,6,6,1,1,1,1
nvbench2:test:603,2,1,2,2,5,5,3,3,1,1,1,1
nvbench2:test:604,3,1,3,3,7,7,3,3,1,1,1,1
nvbench2:test:605,2,1,2,2,5,5,3,3,1,1,1,1
nvbench2:test:606,2,1,2,2,5,5,3,3,1,1,1,1
nvbench2:test:607,2,1,2,2,5,5,5,5,1,1,1,1
nvbench2:test:608,5,1,3,5,9,9,8,8,1,1,1,1
nvbench2:test:609,2,1,1,2,4,4,2,2,1,1,1,1
nvbench2:test:610,2,1,1,1,3,3,1,1,0,0,0,0
nvbench2:test:611,2,2,2,2,6,6,4,4,1,1,1,1
nvbench2:test:612,4,2,4,4,10,10,10,10,1,1,1,0
nvbench2:test:613,2,2,2,2,6,6,6,6,1,1,1,1
nvbench2:test:614,4,1,2,4,7,11,7,7,1,1,1,1
nvbench2:test:615,2,1,2,2,5,5,5,5,1,1,1,1
nvbench2:test:616,4,1,4,4,9,9,9,9,1,1,1,0
nvbench2:test:617,3,3,3,3,10,10,8,8,1,1,1,0
nvbench2:test:618,2,2,2,2,6,6,4,4,1,1,1,1
nvbench2:test:619,2,1,2,2,5,5,5,5,1,1,1,1
nvbench2:test:620,2,2,2,2,6,6,4,4,1,1,1,1
nvbench2:test:621,2,2,2,2,6,6,4,4,1,1,1,1
nvbench2:test:622,4,2,2,4,8,8,6,6,1,1,1,1
nvbench2:test:623,2,1,1,2,4,6,3,3,1,1,1,1
nvbench2:test:624,3,2,2,3,7,7,5,5,1,1,1,1
nvbench2:test:625,2,1,2,2,5,10,6,6,1,1,1,1
nvbench2:test:626,2,2,2,2,6,6,4,4,1,1,1,1
nvbench2:test:627,4,1,2,4,7,11,7,7,1,1,1,1
nvbench2:test:628,2,2,2,2,6,6,4,4,1,1,1,1
nvbench2:test:629,2,2,2,2,6,6,4,4,1,1,1,1
nvbench2:test:630,2,2,2,2,6,6,4,4,1,1,1,1
nvbench2:test:631,2,1,2,2,5,10,6,6,1,1,1,1
nvbench2:test:632,2,1,1,2,4,4,3,3,1,1,1,1
nvbench2:test:633,2,1,1,2,4,6,3,3,1,1,1,1
nvbench2:test:634,2,2,2,2,6,6,4,4,1,1,1,1
nvbench2:test:635,2,1,1,1,3,4,3,3,0,1,1,1
nvbench2:test:636,2,1,2,2,5,10,6,6,1,1,1,1
nvbench2:test:637,2,2,2,2,6,6,4,4,1,1,1,1
nvbench2:test:638,2,1,2,2,5,5,3,3,1,1,1,1
nvbench2:test:639,3,1,3,3,7,7,6,6,1,1,1,1
nvbench2:test:640,2,1,2,2,5,5,3,3,1,1,1,1
nvbench2:test:641,4,2,2,4,8,12,6,6,1,1,1,1
nvbench2:test:642,2,1,2,2,5,5,5,5,1,1,1,1
nvbench2:test:643,4,1,4,4,9,9,9,9,1,1,1,0
nvbench2:test:644,2,2,2,2,6,12,8,8,1,1,1,1
nvbench2:test:645,2,2,2,2,6,6,4,4,1,1,1,1
nvbench2:test:646,2,2,2,2,6,6,2,2,1,1,1,1
nvbench2:test:647,4,3,4,4,11,11,9,9,1,1,1,0
nvbench2:test:648,4,2,4,4,10,20,12,12,1,1,1,1
nvbench2:test:649,4,4,4,4,12,12,12,12,1,1,1,0
nvbench2:test:650,2,1,1,2,4,6,3,3,1,1,1,1
nvbench2:test:651,3,1,3,3,7,7,7,7,1,1,1,1
nvbench2:test:652,2,2,2,2,6,6,4,4,1,1,1,1
nvbench2:test:653,2,1,1,2,4,6,3,3,1,1,1,1
nvbench2:test:654,2,2,2,2,6,6,4,4,1,1,1,1
nvbench2:test:655,2,1,1,2,4,6,3,3,1,1,1,1
nvbench2:test:656,2,2,2,2,6,6,4,4,1,1,1,1
nvbench2:test:657,2,1,1,2,4,4,3,3,1,1,1,1
nvbench2:test:658,3,1,3,3,7,7,6,6,1,1,1,1
nvbench2:test:659,2,1,2,2,5,10,6,6,1,1,1,1
nvbench2:test:660,3,1,3,3,7,7,7,7,1,1,1,1
nvbench2:test:661,2,1,1,2,4,4,3,3,1,1,1,1
nvbench2:test:662,2,1,1,1,3,3,2,2,0,0,0,0
nvbench2:test:663,2,1,2,2,5,5,2,2,1,1,1,1
nvbench2:test:664,2,1,2,2,5,5,4,4,1,1,1,1
nvbench2:test:665,5,1,5,5,11,11,6,6,1,1,1,1
nvbench2:test:666,2,1,1,2,4,6,4,4,1,1,1,1
nvbench2:test:667,2,1,2,2,5,5,2,2,1,1,1,1
nvbench2:test:668,2,1,1,2,4,6,4,4,1,1,1,1
nvbench2:test:669,2,1,2,2,5,5,2,2,1,1,1,1
nvbench2:test:670,2,1,2,2,5,5,2,2,1,1,1,1
nvbench2:test:671,2,1,1,2,4,6,4,4,1,1,1,1
nvbench2:test:672,2,1,2,2,5,5,2,2,1,1,1,1
nvbench2:test:673,2,1,1,2,4,6,4,4,1,1,1,1
nvbench2:test:674,4,1,2,2,5,5,2,2,0,0,0,0
nvbench2:test:675,2,1,2,2,5,5,2,2,1,1,1,1
nvbench2:test:676,2,1,2,2,5,5,2,2,0,0,0,0
nvbench2:test:677,2,1,1,2,4,6,4,4,1,1,1,1
nvbench2:test:678,2,1,1,2,4,6,4,4,1,1,1,1
nvbench2:test:679,2,1,1,1,3,4,4,4,0,1,1,1
nvbench2:test:680,4,1,4,4,9,9,9,9,1,1,1,0
nvbench2:test:681,5,2,5,5,12,12,12,12,1,1,1,0
nvbench2:test:682,4,1,4,4,9,9,5,5,1,1,1,1
nvbench2:test:683,2,1,2,2,5,10,10,10,1,1,1,1
nvbench2:test:684,2,1,2,2,5,10,6,6,1,1,1,1
nvbench2:test:685,3,1,1,1,3,3,1,1,0,0,0,0
nvbench2:test:686,4,1,4,4,9,9,5,5,1,1,1,1
nvbench2:test:687,2,1,2,2,5,5,3,3,1,1,1,1
nvbench2:test:688,2,1,2,2,5,5,3,3,1,1,1,1
nvbench2:test:689,2,1,2,2,5,10,10,10,1,1,1,1
nvbench2:test:690,4,1,2,2,5,5,5,5,0,0,0,0
nvbench2:test:691,4,1,2,2,5,5,5,5,0,0,0,0
nvbench2:test:692,2,1,1,2,4,6,3,3,1,1,1,1
nvbench2:test:693,4,1,4,4,9,9,9,9,1,1,1,0
nvbench2:test:694,2,1,2,2,5,5,5,5,1,1,1,1
nvbench2:test:695,2,1,2,2,5,5,5,5,1,1,1,1
nvbench2:test:696,2,2,2,2,6,6,2,2,1,1,1,1
nvbench2:test:697,4,1,4,4,9,9,8,8,1,1,1,1
nvbench2:test:698,2,1,2,2,5,5,3,3,1,1,1,1
nvbench2:test:699,4,1,4,4,9,9,5,5,1,1,1,1
nvbench2:test:700,2,1,2,2,5,5,3,3,1,1,1,1
nvbench2:test:701,2,1,2,2,5,10,6,6,1,1,1,1
nvbench2:test:702,2,1,2,2,5,5,3,3,1,1,1,1
nvbench2:test:703,4,1,2,4,7,11,7,7,1,1,1,1
nvbench2:test:704,4,1,4,4,9,9,5,5,1,1,1,1
nvbench2:test:705,2,1,2,2,5,10,6,6,1,1,1,1
nvbench2:test:706,3,1,3,3,7,7,6,6,1,1,1,1
nvbench2:test:707,4,1,2,4,7,11,7,7,1,1,1,1
nvbench2:test:708,2,1,2,2,5,10,6,6,1,1,1,1
nvbench2:test:709,2,1,2,2,5,10,6,6,1,1,1,1
nvbench2:test:710,4,1,2,4,7,11,7,7,1,1,1,1
nvbench2:test:711,2,1,2,2,5,5,3,3,1,1,1,1
nvbench2:test:712,2,1,2,2,5,5,3,3,1,1,1,1
nvbench2:test:713,4,3,4,4,11,11,6,6,1,1,1,1
nvbench2:test:714,3,1,3,3,7,7,4,4,1,1,1,1
nvbench2:test:715,2,1,2,2,5,5,3,3,1,1,1,1
nvbench2:test:716,4,4,4,4,12,12,8,8,1,1,1,1
nvbench2:test:717,2,1,2,2,5,5,5,5,1,1,1,1
nvbench2:test:718,2,1,2,2,5,5,5,5,1,1,1,1
nvbench2:test:719,3,2,3,3,8,8,5,5,1,1,1,1
nvbench2:test:720,5,5,5,5,15,15,10,10,1,1,1,0
nvbench2:test:721,3,2,3,3,8,8,4,4,1,1,1,1
nvbench2:test:722,3,1,3,3,7,7,7,7,1,1,1,1
nvbench2:test:723,3,1,3,3,7,7,4,4,1,1,1,1
nvbench2:test:724,2,2,2,2,6,6,4,4,1,1,1,1
nvbench2:test:725,4,1,4,4,9,9,5,5,1,1,1,1
nvbench2:test:726,3,1,3,3,7,7,4,4,1,1,1,1
nvbench2:test:727,2,2,2,2,6,6,4,4,1,1,1,1
nvbench2:test:728,3,1,3,3,7,7,7,7,1,1,1,1
nvbench2:test:729,4,1,4,4,9,9,9,9,1,1,1,0
nvbench2:test:730,3,1,3,3,7,7,4,4,1,1,1,1
nvbench2:test:731,2,2,2,2,6,6,4,4,1,1,1,1
nvbench2:test:732,2,1,2,2,5,5,3,3,1,1,1,1
nvbench2:test:733,4,1,4,4,9,9,5,5,1,1,1,1
nvbench2:test:734,4,2,4,4,10,10,10,10,1,1,1,0
nvbench2:test:735,2,1,2,2,5,5,5,5,1,1,1,1
nvbench2:test:736,3,1,2,3,6,6,5,5,1,1,1,1
nvbench2:test:737,5,1,1,1,3,3,3,3,0,1,1,1
nvbench2:test:738,3,1,3,3,7,7,4,4,1,1,1,1
nvbench2:test:739,3,1,3,3,7,7,7,7,1,1,1,1
nvbench2:test:740,3,1,3,3,7,7,4,4,1,1,1,1
nvbench2:test:741,2,1,2,2,5,5,3,3,1,1,1,1
nvbench2:test:742,4,2,4,4,10,10,10,10,1,1,1,0
nvbench2:test:743,2,2,2,2,6,6,4,4,1,1,1,1
nvbench2:test:744,2,1,2,2,5,5,4,4,1,1,1,1
nvbench2:test:745,3,1,3,3,7,7,7,7,1,1,1,1
nvbench2:test:746,3,1,2,3,6,8,5,5,1,1,1,1
nvbench2:test:747,5,2,4,2,8,8,4,4,0,1,1,1
nvbench2:test:748,4,4,4,4,12,12,4,4,1,1,1,1
nvbench2:test:749,2,1,2,2,5,5,3,3,1,1,1,1
nvbench2:test:750,2,2,2,2,6,6,4,4,1,1,1,1
